date,open,high,low,close,adjcp,tic,zopen,zhigh,zlow,zclose,zadjcp,zd_5,zd_10,zd_15,zd_20,zd_25,zd_30
2010-01-04,101.0,101.5,99.0,100.5,100.5,2308,-1.0288009551756472,-1.0337157387344535,-1.037295128625783,-1.0325613115429861,-1.0325613115429861,0.0,0.0,0.0,0.0,0.0,0.0
2010-01-05,100.5,101.5,99.0,99.8,99.8,2308,-1.0349582487421753,-1.0337157387344535,-1.037295128625783,-1.0411681992880988,-1.0411681992880988,0.0,0.0,0.0,0.0,0.0,0.0
2010-01-06,99.8,99.8,99.0,99.4,99.4,2308,-1.043578459735315,-1.0543608559944406,-1.037295128625783,-1.0460864208567344,-1.0460864208567344,0.0,0.0,0.0,0.0,0.0,0.0
2010-01-07,99.0,99.4,97.6,97.6,97.6,2308,-1.0534301294417603,-1.059218530643849,-1.0547168819608377,-1.0682184179155954,-1.0682184179155954,0.0,0.0,0.0,0.0,0.0,0.0
2010-01-08,97.8,98.4,97.2,97.5,97.5,2308,-1.0682076340014284,-1.071362717267371,-1.059694525770853,-1.0694479733077542,-1.0694479733077542,-0.01475343573160881,0.0,0.0,0.0,0.0,0.0
2010-01-11,97.5,99.2,97.0,98.8,98.8,2308,-1.0719020101413455,-1.0616473679685536,-1.0621833476758609,-1.053463753209688,-1.053463753209688,0.0018251875887243217,0.0,0.0,0.0,0.0,0.0
2010-01-12,99.0,99.0,97.7,98.0,98.0,2308,-1.0534301294417603,-1.064076205293258,-1.0534724710083336,-1.0633001963469595,-1.0633001963469595,-0.0026460411154080087,0.0,0.0,0.0,0.0,0.0
2010-01-13,97.2,97.5,96.3,96.3,96.3,2308,-1.0755963862812623,-1.0822924852285407,-1.070894224343388,-1.0842026380136613,-1.0842026380136613,-0.0137238836542401,0.0,0.0,0.0,0.0,0.0
2010-01-14,97.5,98.2,97.0,98.2,98.2,2308,-1.0719020101413455,-1.0737915545920753,-1.0621833476758609,-1.0608410855626416,-1.0608410855626416,0.004500818330605687,0.0,0.0,0.0,0.0,0.0
2010-01-15,98.3,98.7,97.7,98.1,98.1,2308,-1.0620503404349,-1.0677194612803145,-1.0534724710083336,-1.0620706409548006,-1.0620706409548006,0.0022476501838986397,-0.003251371672424379,0.0,0.0,0.0,0.0
2010-01-18,97.7,98.8,97.3,98.6,98.6,2308,-1.069439092714734,-1.0665050426179623,-1.0584501148183492,-1.055922863994006,-1.055922863994006,0.007767784137367037,0.003766670060063164,0.0,0.0,0.0,0.0
2010-01-19,98.9,98.9,96.5,98.1,98.1,2308,-1.054661588155066,-1.0652906239556101,-1.0684054024383804,-1.0620706409548006,-1.0620706409548006,0.002452483139178366,0.0004079135223331842,0.0,0.0,0.0,0.0
2010-01-20,98.5,99.0,98.0,98.9,98.9,2308,-1.0595874230082887,-1.064076205293258,-1.049739238150822,-1.052234197817529,-1.052234197817529,0.005285627159991972,0.009080706050403172,0.0,0.0,0.0,0.0
2010-01-21,98.9,98.9,97.1,97.3,97.3,2308,-1.054661588155066,-1.0652906239556101,-1.060938936723357,-1.0719070840920721,-1.0719070840920721,-0.009164969450101748,-0.006940191875893109,0.0,0.0,0.0,0.0
2010-01-22,96.3,97.1,94.0,94.6,94.6,2308,-1.0866795147010133,-1.0871501598779494,-1.0995156762509777,-1.1051050796803632,-1.1051050796803632,-0.0297435897435898,-0.03163066844098683,-0.03580892845009175,0.0,0.0,0.0
2010-01-25,94.2,95.1,93.3,94.5,94.5,2308,-1.1125401476804324,-1.111438533124993,-1.108226552918505,-1.106334635072522,-1.106334635072522,-0.022548613984277956,-0.02837754472547801,-0.03288531077300953,0.0,0.0,0.0
2010-01-26,94.7,95.3,92.0,92.0,92.0,2308,-1.106382854113904,-1.1090096958002886,-1.1244038953010556,-1.1370735198764954,-1.1370735198764954,-0.03624554787345493,-0.0482102213945789,-0.05343302009740046,0.0,0.0,0.0
2010-01-27,92.4,94.5,92.0,93.5,93.5,2308,-1.1347064045199342,-1.118725045099106,-1.1244038953010556,-1.1186301889941115,-1.1186301889941115,-0.009324009324009275,-0.029881718198796384,-0.03409090909090906,0.0,0.0,0.0
2010-01-28,93.9,97.2,93.7,94.6,94.6,2308,-1.1162345238203493,-1.0859357412155972,-1.1032489091084894,-1.1051050796803632,-1.1051050796803632,0.008098891730605188,-0.014788585711310162,-0.020703933747412008,0.0,0.0,0.0
2010-01-29,94.6,97.2,92.8,97.0,97.0,2308,-1.1076143128272098,-1.0859357412155972,-1.1144486076810245,-1.0755957502685487,-1.0755957502685487,0.02841391009329948,0.011364821186529074,0.004487400759406322,-0.0016981423352029235,0.0,0.0
2010-02-01,97.0,97.0,94.5,95.0,95.0,2308,-1.0780593037078736,-1.0883645785403016,-1.093293621488458,-1.1001868581117273,-1.1001868581117273,0.006142766363058807,-0.005756148613291441,-0.013636049006714189,-0.019506657033749618,0.0,0.0
2010-02-02,95.2,95.8,93.3,93.7,93.7,2308,-1.1002255605473756,-1.1029376024885278,-1.108226552918505,-1.1161710782097936,-1.1161710782097936,-0.011186154495567625,-0.014824939543686222,-0.024229380727575685,-0.02987006263912621,0.0,0.0
2010-02-03,93.7,95.5,93.4,95.5,95.5,2308,-1.1186974412469606,-1.1065808584755843,-1.1069821419660009,-1.0940390811509328,-1.0940390811509328,0.003572929802438035,0.007702859554711298,-0.004931925534870755,-0.009233322958813161,0.0,0.0
2010-02-04,95.6,96.0,94.9,95.2,95.2,2308,-1.095299725694153,-1.1005087651638232,-1.0883159776784426,-1.0977277473274096,-1.0977277473274096,-0.000839630562552459,0.006768189509306417,-0.005986356675483826,-0.011114573595097198,0.0,0.0
2010-02-05,93.1,94.0,90.3,90.5,90.5,2308,-1.1260861935267947,-1.1247971384108668,-1.1455588814936217,-1.1555168507588793,-1.1555168507588793,-0.0370291551393914,-0.0387679235262879,-0.050034989503149045,-0.05650542118432028,-0.06244820155809705,0.0
2010-02-06,91.5,92.4,90.5,91.4,91.4,2308,-1.1457895329396854,-1.1442278370085017,-1.1430700595886139,-1.144450852229449,-1.144450852229449,-0.019944241904353413,-0.026001705029837997,-0.03572935715290466,-0.043432757718471916,-0.04954036853708244,0.0
2010-02-08,93.5,94.9,92.0,92.3,92.3,2308,-1.121160358673572,-1.1138673704496973,-1.1244038953010556,-1.1333848537000186,-1.1333848537000186,-0.007313400731340146,-0.016725258335996668,-0.022245762711864497,-0.031123707552616568,-0.03717766836351491,0.0
2010-02-09,92.3,94.6,92.3,93.7,93.7,2308,-1.13593786323324,-1.1175106264367538,-1.1206706624435439,-1.1161710782097936,-1.1161710782097936,0.011660548477650752,-0.002023644690595504,-0.0037567337680747587,-0.015083828244074086,-0.020243422978794667,0.0
2010-02-10,94.8,96.0,94.1,95.6,95.6,2308,-1.1051513954005985,-1.1005087651638232,-1.0982712652984739,-1.092809525758774,-1.092809525758774,0.031283710895361284,0.01712948185977231,0.01767085373642732,0.006262828272196038,0.00046046297459093256,0.0
2010-02-22,97.7,98.3,95.0,95.7,95.7,2308,-1.069439092714734,-1.0725771359297231,-1.0870715667259387,-1.091579970366615,-1.091579970366615,0.02090889694900798,0.01960366503302795,0.01794071762870531,0.008589344996574927,0.002262159105190484,-0.0037822270030188044
2010-02-23,95.3,95.7,94.1,94.5,94.5,2308,-1.09899410183407,-1.1041520211508797,-1.0982712652984739,-1.106334635072522,-1.106334635072522,0.001483679525222558,0.00735529261272783,0.005176570699191733,-0.0019011406844105685,-0.008519388954171685,-0.014221634966445249
2010-02-24,93.5,94.3,93.5,93.8,93.8,2308,-1.121160358673572,-1.1211538824238103,-1.105737731013497,-1.1149415228176347,-1.1149415228176347,-0.009085146841326849,-0.00021317416329136668,-0.003541076487252225,-0.007039644312708477,-0.014125956444967567,-0.01947803059340043
2010-02-25,95.0,95.4,94.0,94.2,94.2,2308,-1.102688477973987,-1.1077952771379362,-1.0995156762509777,-1.1100233012489988,-1.1100233012489988,-0.005909666525960345,0.005443483829651032,0.00021235931195593793,-0.0003183699458769705,-0.009046917736166626,-0.013509267986176627
2010-02-26,94.2,94.8,93.0,93.5,93.5,2308,-1.1125401476804324,-1.1150817891120495,-1.1119597857760166,-1.1186301889941115,-1.1186301889941115,-0.0089039643841425,-0.0002138579982892454,-0.006446585434967289,-0.005742237345810359,-0.014461590353318302,-0.019436481856952997
2010-03-01,96.5,96.5,94.5,94.5,94.5,2308,-1.084216597274402,-1.0944366718520624,-1.093293621488458,-1.106334635072522,-1.106334635072522,0.004250797024442143,0.006175468483815995,0.0059612518628912314,0.004944967299409831,-0.0024068913098556776,-0.007908734602463574
2010-03-02,96.7,96.7,95.0,96.2,96.2,2308,-1.0817536798477907,-1.092007834527358,-1.0870715667259387,-1.0854321934058202,-1.0854321934058202,0.018636171113934827,0.01906779661016946,0.023186556051903923,0.02209944751381229,0.016569447966861234,0.01085814360770576
2010-03-03,97.0,97.0,95.0,96.0,96.0,2308,-1.0780593037078736,-1.0883645785403016,-1.0870715667259387,-1.0878913041901381,-1.0878913041901381,0.011804384485666152,0.012978790756568425,0.019396856859691364,0.01781170483460567,0.015357278842492834,0.009463722397476402
2010-03-04,97.8,97.8,96.4,97.8,97.8,2308,-1.0682076340014284,-1.0786492292414842,-1.0696498133908843,-1.0657593071312774,-1.0657593071312774,0.023012552301255262,0.02752679134271911,0.03682239027493105,0.03453747289363728,0.034876830610344606,0.027850761954808106
2010-03-05,98.0,98.0,96.1,96.7,96.7,2308,-1.065744716574817,-1.0762203919167797,-1.073383046248396,-1.0792844164450255,-1.0792844164450255,0.0047797173732336655,0.014796935670059781,0.024075120022592565,0.021766694843617946,0.02349703640982217,0.016824395373291362
2010-03-08,97.0,97.3,95.4,95.8,95.8,2308,-1.0780593037078736,-1.084721322553245,-1.0820939229159232,-1.090350414974456,-1.090350414974456,-0.007253886010362724,0.005246589716684156,0.010761764085250163,0.01289913300909282,0.01345633039945827,0.008173431087101307
2010-03-09,95.9,96.4,95.2,95.7,95.7,2308,-1.091605349554236,-1.0956510905144146,-1.0845827448209309,-1.091579970366615,-1.091579970366615,-0.007261410788381772,0.002934395304967524,0.006661991584852805,0.011467526290757365,0.011884621891388884,0.008146639511201705
2010-03-10,96.0,96.4,95.5,95.5,95.5,2308,-1.0903738908409304,-1.0956510905144146,-1.0808495119634194,-1.0940390811509328,-1.0940390811509328,-0.008307372793354072,-0.0009415210796108736,0.002308984047019449,0.008394488147405118,0.008277376578402718,0.006959088991986618
2010-03-11,95.7,96.2,94.8,94.8,94.8,2308,-1.0940682669808472,-1.098079927839119,-1.0895603886309466,-1.1026459688960453,-1.1026459688960453,-0.009404388714733602,-0.00888656560376381,-0.005802978396140757,0.001373191084820909,0.00033766672294426666,0.0010207314068494317
2010-03-12,96.0,97.1,95.5,97.0,97.0,2308,-1.0903738908409304,-1.0871501598779494,-1.0808495119634194,-1.0755957502685487,-1.0755957502685487,0.012949039264828684,0.010416666666666666,0.016274359153454026,0.023638666103841383,0.022516444594366778,0.024359335398479204
2010-03-15,96.8,97.0,95.5,95.5,95.5,2308,-1.0805222211344852,-1.0883645785403016,-1.0808495119634194,-1.0940390811509328,-1.0940390811509328,-0.0020898641588297058,-0.0062434963579603995,0.0006985679357317102,0.005157351857699286,0.007341462385553331,0.008199317310060772
2010-03-16,95.4,96.5,95.3,96.1,96.1,2308,-1.0977626431207643,-1.0944366718520624,-1.083338333868427,-1.0866617487979793,-1.0866617487979793,0.0033409897682187637,0.00010406910188355609,0.0058614193008162865,0.008976849178434455,0.013200067476383217,0.0139626490345724
2010-03-17,97.0,98.0,96.5,98.0,98.0,2308,-1.0780593037078736,-1.0762203919167797,-1.0684054024383804,-1.0633001963469595,-1.0633001963469595,0.017864561695056073,0.017758853463495775,0.022750991442287694,0.025855752119752946,0.031361818564512776,0.03183237988277815
2010-03-18,98.5,99.5,98.4,98.7,98.7,2308,-1.0595874230082887,-1.0580041119814971,-1.0447615943408064,-1.0546933086018468,-1.0546933086018468,0.016896764887698337,0.02407138410458609,0.026841448189762928,0.030486531634996886,0.03733131542439155,0.03730951129795057
2010-03-19,99.0,101.0,98.7,100.5,100.5,2308,-1.0534301294417603,-1.0397878320462144,-1.0410283614832947,-1.0325613115429861,-1.0325613115429861,0.028027823240589143,0.03865233567589923,0.0405162893429044,0.046602447279354274,0.053901006711409405,0.054048384841281126
2010-03-22,100.0,102.0,99.2,100.0,100.0,2308,-1.0411155423087037,-1.0276436454226925,-1.0348063067207753,-1.0387090885037809,-1.0387090885037809,0.013581998783701636,0.029018316526034243,0.031424052808911355,0.03906899418121353,0.044495508669312775,0.04770552490046807
2010-03-23,101.0,102.5,100.0,102.5,102.5,2308,-1.0288009551756472,-1.0215715521109316,-1.024851019100744,-1.0079702036998075,-1.0079702036998075,0.025615369221532798,0.04741467402411624,0.052649596056415005,0.060637417218542884,0.0656658072028612,0.07109268870389086
2010-03-24,103.0,103.5,100.5,101.0,101.0,2308,-1.0041717809095339,-1.00942736548741,-1.0186289643382247,-1.0264135345821914,-1.0264135345821914,0.004575293415555935,0.026318463570775365,0.03370633187772914,0.041237113402061855,0.04628516968466435,0.05274129664373569
2010-03-25,102.0,102.0,99.6,100.0,100.0,2308,-1.0164863680425904,-1.0276436454226925,-1.0298286629107598,-1.0387090885037809,-1.0387090885037809,-0.007936507936507908,0.01081572829273231,0.021937593677612697,0.02785486689279467,0.03322863283187313,0.04069101883650756
2010-03-26,100.0,100.5,98.8,100.0,100.0,2308,-1.0411155423087037,-1.0458599253579752,-1.0397839505307909,-1.0387090885037809,-1.0387090885037809,-0.006951340615690197,0.007759750075582085,0.01964516348310783,0.024432720381088877,0.03135313531353142,0.03896103896103896
2010-03-29,101.0,101.5,100.0,101.0,101.0,2308,-1.0288009551756472,-1.0337157387344535,-1.024851019100744,-1.0264135345821914,-1.0264135345821914,0.0009910802775024213,0.012226899178192011,0.026214184108920784,0.031243618541964342,0.03939406413370125,0.04554865424430648
2010-03-30,101.5,101.5,100.0,101.5,101.5,2308,-1.0226436616091188,-1.0337157387344535,-1.024851019100744,-1.020265757621397,-1.020265757621397,0.00794438927507445,0.011762360446571042,0.027258619526347696,0.03355226312305878,0.04153839839100292,0.047075410061552206
2010-03-31,101.5,101.5,100.0,100.5,100.5,2308,-1.0226436616091188,-1.0337157387344535,-1.024851019100744,-1.0325613115429861,-1.0325613115429861,-0.000994035785288214,-0.0006960326140995644,0.01371797458139989,0.021030173727522024,0.0284486287351617,0.033844254706306004
2010-04-01,101.0,101.5,100.0,100.0,100.0,2308,-1.0288009551756472,-1.0337157387344535,-1.024851019100744,-1.0387090885037809,-1.0387090885037809,-0.005964214711729566,-0.006951340615690197,0.005159820411445297,0.014816318246397338,0.02090819993466204,0.026483268322726322
2010-04-02,101.0,101.0,99.0,99.4,99.4,2308,-1.0288009551756472,-1.0397878320462144,-1.037295128625783,-1.0460864208567344,-1.0460864208567344,-0.010748407643311945,-0.01183020180932496,-0.0024754131263799058,0.0073473524195592456,0.0123436672505807,0.01899945325314385
2010-04-06,100.0,100.5,99.6,99.7,99.7,2308,-1.0411155423087037,-1.0458599253579752,-1.0298286629107598,-1.0423977546802576,-1.0423977546802576,-0.005188585112751906,-0.008552108194112961,-0.002268330108746342,0.008394861939921236,0.013252571242733465,0.02067977067977064
2010-04-07,100.0,101.0,99.7,99.7,99.7,2308,-1.0411155423087037,-1.0397878320462144,-1.0285842519582558,-1.0423977546802576,-1.0423977546802576,-0.001602243140396521,-0.005783805345033888,-0.004658901830282881,0.006359140002018728,0.011812941463018607,0.018871780896580034
2010-04-08,99.5,101.0,99.0,99.7,99.7,2308,-1.0472728358752321,-1.0397878320462144,-1.037295128625783,-1.0423977546802576,-1.0423977546802576,0.0,-0.004493260109835275,-0.005783805345033888,0.004230459307010492,0.010295488630375799,0.01682814890362066
2010-04-09,100.0,101.5,99.9,101.5,101.5,2308,-1.0411155423087037,-1.0337157387344535,-1.0260954300532479,-1.020265757621397,-1.020265757621397,0.015,0.011964107676969121,0.010285335102853331,0.018922852983988263,0.026995305164319316,0.0326234400434076
2010-04-12,102.0,103.0,101.5,102.5,102.5,2308,-1.0164863680425904,-1.0154994587991708,-1.0061848548131858,-1.0079702036998075,-1.0079702036998075,0.018684158219041895,0.019393336648433644,0.018886679920477194,0.026128741615777204,0.03468464830816449,0.039624044898235324
2010-04-13,102.0,104.5,101.5,103.5,103.5,2308,-1.0164863680425904,-0.9972831788638881,-1.0061848548131858,-0.9956746497782182,-0.9956746497782182,0.020911422371276432,0.026785714285714315,0.026446280991735585,0.03200717918037684,0.04154087670571202,0.04658217608197387
2010-04-14,104.5,104.5,102.5,103.5,103.5,2308,-0.9856999002099488,-0.9972831788638881,-0.9937407452881468,-0.9956746497782182,-0.9956746497782182,0.013315057763853529,0.024752475247524754,0.02576808721506436,0.028213788992648554,0.03828096785843267,0.04401331495242254
2010-04-15,104.0,105.0,101.5,103.0,103.0,2308,-0.9918571937764771,-0.9912110855521272,-1.0061848548131858,-1.0018224267390128,-1.0018224267390128,0.0019455252918288216,0.01728395061728395,0.01946552292972618,0.020711525121395336,0.03016482637221961,0.036530139881251984
2010-04-16,103.0,103.0,101.5,102.5,102.5,2308,-1.0041717809095339,-1.0154994587991708,-1.0061848548131858,-1.0079702036998075,-1.0079702036998075,-0.0048543689320388345,0.009852216748768473,0.012845849802371512,0.013847675568743875,0.022015714114784958,0.02987474043807365
2010-04-19,100.5,103.0,100.5,100.5,100.5,2308,-1.0349582487421753,-1.0154994587991708,-1.0186289643382247,-1.0325613115429861,-1.0325613115429861,-0.02046783625730989,-0.010924121641570568,-0.007243990780375379,-0.0059347181008901516,0.000677075035845269,0.00849611988225847
2010-04-20,102.0,104.0,100.5,104.0,104.0,2308,-1.0164863680425904,-1.003355272175649,-1.0186289643382247,-0.9895268728174235,-0.9895268728174235,0.012658227848101238,0.01920815366522926,0.02530397633913897,0.02665350444225077,0.03203270749811465,0.04076322636600178
2010-04-21,104.0,104.0,102.5,103.0,103.0,2308,-0.9918571937764771,-1.003355272175649,-0.9937407452881468,-1.0018224267390128,-1.0018224267390128,0.0038986354775829017,0.006154146722672614,0.014445173998686821,0.016530964717493185,0.01931755205446929,0.028251971648198045
2010-04-22,102.5,103.0,100.0,102.0,102.0,2308,-1.010329074476062,-1.0154994587991708,-1.024851019100744,-1.0141179806606022,-1.0141179806606022,-0.0039062500000000555,-0.005847953216374214,0.00360774024270246,0.006165228113440197,0.00782546834242354,0.016071191393279283
2010-04-23,103.5,103.5,100.0,101.0,101.0,2308,-0.9980144873430055,-1.00942736548741,-1.024851019100744,-1.0264135345821914,-1.0264135345821914,-0.010773751224289857,-0.015114578254509967,-0.006882989183874168,-0.004190288390436255,-0.0029615004935833874,0.004042680098084835
2010-04-26,101.0,103.0,101.0,103.0,103.0,2308,-1.0288009551756472,-1.0154994587991708,-1.0124069095757051,-1.0018224267390128,-1.0018224267390128,0.0038986354775829017,0.0038986354775829017,0.010398273494212164,0.014029042579374817,0.015779092702169567,0.02189298234010197
2010-04-27,103.5,104.5,102.0,104.5,104.5,2308,-0.9980144873430055,-0.9972831788638881,-0.9999628000506663,-0.9833790958566289,-0.9833790958566289,0.01752677702044788,0.01752677702044788,0.021904948171327935,0.02702702702702703,0.028745816105532604,0.033698232656291356
2010-04-28,101.0,105.0,101.0,104.5,104.5,2308,-1.0288009551756472,-0.9912110855521272,-1.0124069095757051,-0.9833790958566289,-0.9833790958566289,0.014563106796116505,0.016536964980544775,0.018717098849678315,0.025515210991167755,0.027936258115286283,0.030843088254636455
2010-04-29,104.5,105.0,103.5,104.5,104.5,2308,-0.9856999002099488,-0.9912110855521272,-0.9812966357631079,-0.9833790958566289,-0.9833790958566289,0.00966183574879227,0.015055852355512357,0.015549076773566513,0.023506366307541684,0.026522593320235786,0.028644551629097462
2010-04-30,104.5,105.0,103.5,104.5,104.5,2308,-0.9856999002099488,-0.9912110855521272,-0.9812966357631079,-0.9833790958566289,-0.9833790958566289,0.002879078694817631,0.01308773630634992,0.013579049466537398,0.021255802589787414,0.024710727593645773,0.02669068282299003
2010-05-03,103.0,103.5,102.0,103.0,103.0,2308,-1.0041717809095339,-1.00942736548741,-0.9999628000506663,-1.0018224267390128,-1.0018224267390128,-0.01151631477927066,-0.0038684719535783912,-0.001292824822236651,0.004829032730110771,0.008814887365328166,0.011125654450261846
2010-05-04,103.0,103.5,100.5,101.0,101.0,2308,-1.0041717809095339,-1.00942736548741,-1.0186289643382247,-1.0264135345821914,-1.0264135345821914,-0.024154589371980676,-0.02036857419980596,-0.019100032372936244,-0.015306619869357583,-0.010773751224289857,-0.008832188420019682
2010-05-05,99.0,99.0,98.0,98.0,98.0,2308,-1.0534301294417603,-1.064076205293258,-1.049739238150822,-1.0633001963469595,-1.0633001963469595,-0.04109589041095893,-0.04483430799220268,-0.04483430799220268,-0.043762501829535894,-0.03883876029815608,-0.036855036855036855
2010-05-06,98.0,98.2,96.3,97.0,97.0,2308,-1.065744716574817,-1.0737915545920753,-1.070894224343388,-1.0755957502685487,-1.0755957502685487,-0.03674280039721949,-0.0499510284035259,-0.050880626223092,-0.05227161700048847,-0.04733844038499306,-0.04543217976053791
2010-05-07,96.0,99.1,95.5,98.5,98.5,2308,-1.0903738908409304,-1.0628617866309058,-1.0808495119634194,-1.0571524193861648,-1.0571524193861648,-0.010050251256281407,-0.03289150711831119,-0.033682145192936594,-0.036203522504892394,-0.03203616352201263,-0.030193633081719688
2010-05-10,97.0,98.7,96.4,97.2,97.2,2308,-1.0780593037078736,-1.0677194612803145,-1.0696498133908843,-1.073136639484231,-1.073136639484231,-0.011592434411226362,-0.04018959217932254,-0.04437307465425708,-0.04645116986314808,-0.0439845778582108,-0.04211287037645365
2010-05-11,98.0,102.0,97.7,100.0,100.0,2308,-1.065744716574817,-1.0276436454226925,-1.0534724710083336,-1.0387090885037809,-1.0387090885037809,0.01895251681271652,-0.008133306883554924,-0.014260366695143646,-0.017295597484276778,-0.016561110892569113,-0.014195583596214627
2010-05-12,101.0,101.0,99.1,99.5,99.5,2308,-1.0288009551756472,-1.0397878320462144,-1.0360507176732792,-1.0448568654645756,-1.0448568654645756,0.010767980495733465,-0.008173843700159562,-0.016927940982742768,-0.020283576211106758,-0.021401313977733212,-0.018479547547021066
2010-05-13,100.0,101.5,100.0,100.5,100.5,2308,-1.0411155423087037,-1.0337157387344535,-1.024851019100744,-1.0325613115429861,-1.0325613115429861,0.013717974581400035,0.00580464371497196,-0.006065800751631797,-0.00921772563710753,-0.011877138474849691,-0.008615020386689619
2010-05-14,100.5,102.0,100.0,101.5,101.5,2308,-1.0349582487421753,-1.0276436454226925,-1.024851019100744,-1.020265757621397,-1.020265757621397,0.017645879286144025,0.018871712507528563,0.0034932770893750784,0.0011342900823592729,-0.0020450702009675993,0.0007559075820815766
2010-05-17,100.5,101.5,100.0,100.5,100.5,2308,-1.0349582487421753,-1.0337157387344535,-1.024851019100744,-1.0325613115429861,-1.0325613115429861,0.0009960159362549235,0.011371641340444756,-0.00475341651812244,-0.008729101938156581,-0.011099303341598912,-0.009461856889414625
2010-05-18,101.0,101.5,100.0,101.0,101.0,2308,-1.0288009551756472,-1.0337157387344535,-1.024851019100744,-1.0264135345821914,-1.0264135345821914,0.003976143141153138,0.016403341048606173,0.002514557967178371,-0.0023213315552921363,-0.005200535812780767,-0.0049587862467570555
2010-05-19,99.8,100.5,99.5,100.0,100.0,2308,-1.043578459735315,-1.0458599253579752,-1.0310730738632636,-1.0387090885037809,-1.0387090885037809,-0.006951340615690197,0.004318569850356458,-0.004446804274241778,-0.010733541079289784,-0.013689983035467758,-0.014907729690681047
2010-05-20,99.9,100.5,99.7,100.0,100.0,2308,-1.0423470010220093,-1.0458599253579752,-1.0285842519582558,-1.0387090885037809,-1.0387090885037809,-0.005964214711729566,0.001301692199859772,-0.0014645187058981031,-0.00975392385007674,-0.012521230793538084,-0.01500476081032282
2010-05-21,97.1,98.5,97.0,98.0,98.0,2308,-1.076827844994568,-1.0701482986050188,-1.0621833476758609,-1.0633001963469595,-1.0633001963469595,-0.019019019019019076,-0.018232819074333873,-0.017182590091595958,-0.028115237764665124,-0.030547641658752848,-0.03359410952600105
2010-05-24,98.1,99.9,98.0,99.2,99.2,2308,-1.0645132578615115,-1.0531464373320882,-1.049739238150822,-1.0485455316410521,-1.0485455316410521,-0.004415897230028221,-0.008198360327934487,-0.002614116227629106,-0.014357394803517247,-0.018171740765667667,-0.020698278982526547
2010-05-25,98.7,98.9,98.0,98.6,98.6,2308,-1.0571245055816774,-1.0652906239556101,-1.049739238150822,-1.055922863994006,-1.055922863994006,-0.0056474384832594015,-0.012815378454144986,-0.007049345417925507,-0.017438963627304436,-0.022019440587185073,-0.025049439683586146
2010-05-26,98.6,100.5,98.6,100.5,100.5,2308,-1.0583559642949831,-1.0458599253579752,-1.0422727724357987,-1.0325613115429861,-1.0325613115429861,0.01249244408623811,0.005201040208041711,0.010388739946380678,0.0034947578632051352,-0.0021842732327243732,-0.005278785879247755
2010-05-27,100.5,101.0,99.4,99.7,99.7,2308,-1.0349582487421753,-1.0397878320462144,-1.0323174848157675,-1.0423977546802576,-1.0423977546802576,0.005040322580645161,-0.00200200200200203,0.0005352244597577519,-0.0021018917025322167,-0.009222085304289177,-0.012121412293159921
2010-05-28,101.5,101.5,99.5,100.0,100.0,2308,-1.0226436616091188,-1.0337157387344535,-1.0310730738632636,-1.0387090885037809,-1.0387090885037809,0.004016064257028169,0.002506265664160401,0.00253976741077393,0.0031599538546420998,-0.005845627709070744,-0.008330027766759255
2010-05-31,100.0,101.0,99.8,100.5,100.5,2308,-1.0411155423087037,-1.0397878320462144,-1.027339841005752,-1.0325613115429861,-1.0325613115429861,0.00640897256158637,0.007518796992481203,0.005335111703901281,0.009441542788268358,0.00011941724384987504,-0.0033716779055930524
2010-06-01,100.0,100.5,98.7,100.5,100.5,2308,-1.0411155423087037,-1.0458599253579752,-1.0410283614832947,-1.0325613115429861,-1.0325613115429861,0.0025937749401437065,0.00802407221664992,0.005,0.009695082131913432,0.0017143768439516667,-0.002217294900221829
2010-06-02,100.0,100.5,96.5,98.3,98.3,2308,-1.0411155423087037,-1.0458599253579752,-1.0684054024383804,-1.0596115301704827,-1.0596115301704827,-0.015030060120240482,-0.01235808299005329,-0.016212970376301088,-0.012556504269211451,-0.017785771382893698,-0.022538945972820676
2010-06-03,99.2,101.0,98.9,100.0,100.0,2308,-1.050967212015149,-1.0397878320462144,-1.0385395395782868,-1.0387090885037809,-1.0387090885037809,0.0014019627478469915,0.004722194313272369,0.001134619235133115,0.003009027081243703,0.001001001001000944,-0.004975124378109453
2010-06-04,100.0,101.0,99.9,100.0,100.0,2308,-1.0411155423087037,-1.0397878320462144,-1.0260954300532479,-1.0387090885037809,-1.0387090885037809,0.0014019627478469915,0.0027073097362880806,0.0021378941742384245,0.0022550739163116444,0.002807862013638198,-0.004644990046449919
2010-06-07,97.6,98.1,97.2,97.2,97.2,2308,-1.0706705514280397,-1.0750059732544277,-1.059694525770853,-1.073136639484231,-1.073136639484231,-0.020161290322580645,-0.02341002712749923,-0.023769668563776297,-0.025808068153345052,-0.022997748472177656,-0.03064955787514132
2010-06-08,97.2,97.3,92.4,92.9,92.9,2308,-1.0755963862812623,-1.084721322553245,-1.1194262514910398,-1.126007521347065,-1.126007521347065,-0.048935298935298945,-0.06123686337914311,-0.06186885687356926,-0.06558036612351623,-0.06316808519220694,-0.06994593873056142
2010-06-09,93.5,94.4,92.9,93.0,93.0,2308,-1.121160358673572,-1.1199394637614581,-1.1132041967285204,-1.1247779659549062,-1.1247779659549062,-0.037466363071827824,-0.05304958761836874,-0.056412337662337546,-0.06150663504717694,-0.06026433854735067,-0.06535794445747221
2010-06-10,94.6,94.6,93.5,94.3,94.3,2308,-1.1076143128272098,-1.1175106264367538,-1.105737731013497,-1.10879374585684,-1.10879374585684,-0.012358609132802605,-0.03450394184498827,-0.03951925035648804,-0.04540162980209546,-0.04608723800275159,-0.04904366533328862
2010-06-11,95.2,96.8,95.0,96.6,96.6,2308,-1.1002255605473756,-1.0907934158650059,-1.0870715667259387,-1.0805139718371846,-1.0805139718371846,0.018987341772151868,-0.00750025685811162,-0.015156664174539503,-0.01968743657398009,-0.022069244786394077,-0.023255813953488486
2010-06-14,97.7,99.0,97.7,98.5,98.5,2308,-1.069439092714734,-1.064076205293258,-1.0534724710083336,-1.0571524193861648,-1.0571524193861648,0.0361876709446665,0.014104807989292747,0.004691962464300222,0.000609508329947199,-0.003359235875020172,-0.002531645569620253
2010-06-15,98.5,101.0,98.4,101.0,101.0,2308,-1.0595874230082887,-1.0397878320462144,-1.0447615943408064,-1.0264135345821914,-1.0264135345821914,0.04468349193214737,0.03930849969129458,0.028513238289205673,0.026005688744412864,0.021522776923699475,0.02278481012658228
2010-06-17,101.5,103.0,100.0,103.0,103.0,2308,-1.0226436616091188,-1.0154994587991708,-1.024851019100744,-1.0018224267390128,-1.0018224267390128,0.043777867855695256,0.054787506400409566,0.04710267705862427,0.04473070291104571,0.040277946107542664,0.04128053917438917
2010-06-18,103.5,104.5,102.5,104.5,104.5,2308,-0.9980144873430055,-0.9972831788638881,-0.9937407452881468,-0.9833790958566289,-0.9833790958566289,0.037529785544082615,0.06523955147808365,0.05890697831520637,0.05753175125234026,0.05372484168918665,0.053781512605041965
2010-06-21,105.0,106.0,104.5,105.0,105.0,2308,-0.9795426066434204,-0.9790668989286054,-0.968852526238069,-0.9772313188958341,-0.9772313188958341,0.025390624999999944,0.06490872210953352,0.06039184003231675,0.05884132506428688,0.057274045432576304,0.05651517692436686
2010-06-22,105.0,107.5,104.5,107.0,107.0,2308,-0.9795426066434204,-0.9608506189933227,-0.968852526238069,-0.9526402110526555,-0.9526402110526555,0.02785782901056682,0.07451295440851578,0.0758814854538142,0.07478278338606793,0.07459928493954136,0.07311202487212924
2010-06-23,107.0,107.5,106.0,107.0,107.0,2308,-0.9549134323773071,-0.9608506189933227,-0.9501863619505105,-0.9526402110526555,-0.9526402110526555,0.01614434947768284,0.05951084265768879,0.07121404258159243,0.07026756689172299,0.07201538893119082,0.07060667711703304
2010-06-24,107.0,107.0,105.5,106.0,106.0,2308,-0.9549134323773071,-0.9669227123050836,-0.95640841671303,-0.9649357649742448,-0.9649357649742448,0.0009442870632671795,0.036269430051813406,0.05577689243027883,0.057356608478802994,0.05944908647503306,0.058306709265175755
2010-06-25,105.0,106.0,103.5,104.0,104.0,2308,-0.9795426066434204,-0.9790668989286054,-0.9812966357631079,-0.9895268728174235,-0.9895268728174235,-0.01701323251417767,0.007166376137904408,0.03311258278145691,0.03518638331757325,0.03779986428771017,0.037130605325266866
2010-06-28,105.0,106.0,103.5,105.0,105.0,2308,-0.9795426066434204,-0.9790668989286054,-0.9812966357631079,-0.9772313188958341,-0.9772313188958341,-0.007561436672967837,0.00864553314121043,0.039603960396039604,0.04254579754753509,0.044859292281972794,0.04588618102131618
2010-06-29,106.0,107.0,106.0,106.0,106.0,2308,-0.9672280195103637,-0.9669227123050836,-0.9501863619505105,-0.9649357649742448,-0.9649357649742448,0.0037878787878788418,0.010968049594659092,0.04344402152513461,0.049608872165561,0.05196300265968009,0.05392238093659908
2010-06-30,104.0,104.5,103.0,103.5,103.5,2308,-0.9918571937764771,-0.9972831788638881,-0.9875186905256274,-0.9956746497782182,-0.9956746497782182,-0.013346043851286994,-0.015223596574690718,0.011796141814389958,0.02333399248566343,0.025158478605388335,0.028213788992648554
2010-07-01,103.5,106.0,103.0,105.0,105.0,2308,-0.9980144873430055,-0.9790668989286054,-0.9875186905256274,-0.9772313188958341,-0.9772313188958341,0.0028653295128939554,-0.0028490028490028223,0.01849456802897051,0.03473762010347382,0.03816491991299189,0.041391166358106454
2010-07-02,106.0,108.0,104.5,107.5,107.5,2308,-0.9672280195103637,-0.9547785256815619,-0.968852526238069,-0.9464924340918609,-0.9464924340918609,0.0199240986717267,0.017992424242424296,0.033918953577840374,0.05547373588610708,0.059614398927571824,0.063549121129176
2010-07-05,108.0,111.0,105.5,111.0,111.0,2308,-0.9425988452442504,-0.9183459658109965,-0.95640841671303,-0.9034579953662982,-0.9034579953662982,0.0412757973733584,0.04519774011299432,0.05781448538754761,0.08398437499999994,0.08938876457425514,0.09348832627327366
2010-07-06,109.0,112.0,109.0,111.0,111.0,2308,-0.9302842581111938,-0.9062017791874747,-0.9128540333753938,-0.9034579953662982,-0.9034579953662982,0.03159851301115247,0.0412757973733584,0.049479987393633795,0.0767290716849356,0.08491672531081415,0.08926760655523205
2010-07-07,110.0,111.5,110.0,111.5,111.5,2308,-0.9179696709781371,-0.9122738724992356,-0.9004099238503549,-0.8973102184055035,-0.8973102184055035,0.021062271062271036,0.04156936011209718,0.0472761427676894,0.07190924822149576,0.08513702896293994,0.08957654723127041
2010-07-08,112.0,114.5,112.0,114.5,114.5,2308,-0.8933404967120238,-0.8758413126286703,-0.875521704800277,-0.8604235566407356,-0.8604235566407356,0.030603060306030657,0.06116774791473581,0.06776499844575691,0.08949046101146582,0.10735009671179878,0.11381322957198446
2010-07-09,114.5,119.0,113.0,119.0,119.0,2308,-0.8625540288793822,-0.8211924728228222,-0.8630775952752381,-0.8050935639935836,-0.8050935639935836,0.049382716049382665,0.08775137111517362,0.09981515711645099,0.11915734035549705,0.14247311827956993,0.1503882963297136
2010-07-12,118.0,118.5,114.0,114.0,114.0,2308,-0.8194529739136839,-0.8272645661345831,-0.8506334857501993,-0.8665713336015303,-0.8665713336015303,0.0,0.033544877606527676,0.04779411764705885,0.0634328358208955,0.08861726508785334,0.09710326243864886
2010-07-13,113.5,115.0,112.5,115.0,115.0,2308,-0.8748686160124388,-0.8697692193169093,-0.8692996500377576,-0.854275779679941,-0.854275779679941,0.0017421602787456693,0.03417266187050357,0.05182926829268297,0.0645683869474658,0.09075043630017464,0.10160291206335018
2010-07-14,113.0,114.0,112.0,112.5,112.5,2308,-0.8810259095789671,-0.8819134059404311,-0.875521704800277,-0.8850146644839142,-0.8850146644839142,-0.021739130434782608,0.003568242640499605,0.025524156791248833,0.035911602209944805,0.05916246139941272,0.07354157389146904
2010-07-15,111.0,113.0,109.5,111.0,111.0,2308,-0.9056550838450804,-0.8940575925639529,-0.9066319786128744,-0.9034579953662982,-0.9034579953662982,-0.02887139107611546,-0.015084294587400203,0.008785216601030009,0.01834862385321101,0.03800403979950646,0.054965943291620446
2010-07-16,111.0,111.5,108.0,108.0,108.0,2308,-0.9056550838450804,-0.9122738724992356,-0.9252981429004328,-0.9403446571310662,-0.9403446571310662,-0.03657448706512038,-0.04212860310421286,-0.020852221214868516,-0.010762537210899906,0.004800714524952601,0.023858429451730123
2010-07-19,107.0,112.5,107.0,112.0,112.0,2308,-0.9549134323773071,-0.9001296858757138,-0.9377422524254717,-0.8911624414447089,-0.8911624414447089,0.0026857654431512727,-0.007532122286220597,0.011134517002708405,0.02259758046108189,0.03607770582793715,0.05776798362978114
2010-07-20,112.0,116.5,111.5,115.5,115.5,2308,-0.8933404967120238,-0.8515529393816267,-0.8817437595627965,-0.8481280027191462,-0.8481280027191462,0.033094812164579636,0.019417475728155366,0.036804308797127414,0.050477489768076374,0.061776061776061764,0.08457493426818588
2010-07-21,115.0,115.5,112.0,113.0,113.0,2308,-0.8563967353128539,-0.8636971260051485,-0.875521704800277,-0.8788668875231196,-0.8788668875231196,0.009830205540661253,-0.003966505068312057,0.00862838440940198,0.024943310657596373,0.03423027640490568,0.054465146660860435
2010-07-22,111.5,113.5,107.5,108.0,108.0,2308,-0.8994977902785521,-0.8879854992521921,-0.9315201976629522,-0.9403446571310662,-0.9403446571310662,-0.029649595687331512,-0.04255319148936168,-0.03771903771903773,-0.021295876755777023,-0.013338205737255563,0.003127031796650111
2010-07-23,110.0,111.0,108.5,108.5,108.5,2308,-0.9179696709781371,-0.9183459658109965,-0.9190760881379133,-0.9341968801702716,-0.9341968801702716,-0.026032315978456063,-0.029082774049217,-0.033837934105075664,-0.01876554374858696,-0.010217113665389568,0.0033599457476649586
2010-07-26,109.0,112.0,109.0,111.0,111.0,2308,-0.9302842581111938,-0.9062017791874747,-0.9128540333753938,-0.9034579953662982,-0.9034579953662982,-0.0017985611510791622,-0.004037685060565301,-0.011576135351736395,0.0011273957158962795,0.01037684325505189,0.021942611631118675
2010-07-27,111.0,113.0,111.0,112.0,112.0,2308,-0.9056550838450804,-0.8940575925639529,-0.887965814325316,-0.8911624414447089,-0.8911624414447089,0.013574660633484163,0.007647323436797069,-0.0032631266686442605,0.0074207330784799,0.0176267490459749,0.02689486552567241
2010-07-28,113.0,114.0,112.0,113.5,113.5,2308,-0.8810259095789671,-0.8819134059404311,-0.875521704800277,-0.8727191105623249,-0.8727191105623249,0.026220614828209816,0.020224719101123594,0.008888888888888889,0.01634206402507278,0.02882523567802762,0.036687471456842737
2010-07-29,106.0,113.0,106.0,112.5,112.5,2308,-0.9672280195103637,-0.8940575925639529,-0.9501863619505105,-0.8850146644839142,-0.8850146644839142,0.008968609865470852,0.009874326750448782,0.0011865915158707206,0.004016064257028138,0.017362995116657638,0.024590163934426257
2010-07-30,112.0,112.5,110.0,110.5,110.5,2308,-0.8933404967120238,-0.9001296858757138,-0.9004099238503549,-0.9096057723270928,-0.9096057723270928,-0.012511170688114437,-0.010300044782803454,-0.011627906976744162,-0.015151515151515176,-0.003067484662576718,0.004545454545454545
2010-08-02,112.0,114.0,112.0,113.5,113.5,2308,-0.8933404967120238,-0.8819134059404311,-0.875521704800277,-0.8727191105623249,-0.8727191105623249,0.009786476868327352,0.015205724508050114,0.015508499850879818,0.010460716670376116,0.02086706242129873,0.02916729635786612
2010-08-03,113.5,114.0,112.0,112.5,112.5,2308,-0.8748686160124388,-0.8819134059404311,-0.875521704800277,-0.8850146644839142,-0.8850146644839142,0.0,0.008968609865470852,0.00806451612903231,0.0008896797153024405,0.009511844938980638,0.018406759203379586
2010-08-04,112.5,113.0,112.0,113.0,113.0,2308,-0.8871832031454955,-0.8940575925639529,-0.875521704800277,-0.8788668875231196,-0.8788668875231196,0.005338078291814896,0.013452914798206279,0.01224246043595097,0.004667703934207653,0.010552673940261196,0.021084337349397547
2010-08-05,113.0,114.0,110.5,113.0,113.0,2308,-0.8810259095789671,-0.8819134059404311,-0.8941878690878354,-0.8788668875231196,-0.8788668875231196,0.0044444444444444444,0.008928571428571428,0.011034894124664489,0.005338078291814896,0.00766898519707508,0.018935978358881823
2010-08-06,113.0,113.0,109.0,109.5,109.5,2308,-0.8810259095789671,-0.8940575925639529,-0.9128540333753938,-0.9219013262486822,-0.9219013262486822,-0.024933214603739956,-0.02319357716324705,-0.021156138259833077,-0.021666294393567095,-0.024238103724826224,-0.01425356339084767
2010-08-09,109.0,111.5,109.0,110.5,110.5,2308,-0.9302842581111938,-0.9122738724992356,-0.9128540333753938,-0.9096057723270928,-0.9096057723270928,-0.010743061772605218,-0.013833110218652363,-0.01133313450641216,-0.011185682326621925,-0.015151515151515176,-0.006890353505092862
2010-08-10,111.0,112.0,110.5,111.5,111.5,2308,-0.9056550838450804,-0.9062017791874747,-0.8941878690878354,-0.8973102184055035,-0.8973102184055035,0.0,-0.004464285714285714,0.0,-0.0006721935917544507,-0.006415968633042228,0.0004486316733961163
2010-08-11,111.0,112.0,108.5,111.5,111.5,2308,-0.9056550838450804,-0.9062017791874747,-0.9190760881379133,-0.8973102184055035,-0.8973102184055035,0.0026978417266186796,-0.002683363148479402,0.0008976660682225702,-0.0002241649854293269,-0.006415968633042228,-0.001939430105922738
2010-08-12,109.5,111.0,109.5,110.0,110.0,2308,-0.9241269645446655,-0.9183459658109965,-0.9066319786128744,-0.9157535492878875,-0.9157535492878875,-0.0054249547920433485,-0.013895114298520818,-0.013747758517632979,-0.013231666292890732,-0.018207782934666246,-0.01683301057649343
2010-08-13,109.0,110.5,108.0,110.0,110.0,2308,-0.9302842581111938,-0.9244180591227574,-0.9252981429004328,-0.9157535492878875,-0.9157535492878875,-0.006323396567299032,-0.013452914798206279,-0.014631233203941534,-0.014116065426842956,-0.01504297994269347,-0.01756475141411136
2010-08-16,110.0,111.0,108.5,110.0,110.0,2308,-0.9179696709781371,-0.9183459658109965,-0.9190760881379133,-0.9157535492878875,-0.9157535492878875,-0.0054249547920433485,-0.01034637876743145,-0.014042426053181921,-0.013231666292890732,-0.013629842180774714,-0.017272185824895803
2010-08-17,111.0,111.0,108.5,109.0,109.0,2308,-0.9056550838450804,-0.9183459658109965,-0.9190760881379133,-0.9280491032094769,-0.9280491032094769,-0.009990917347865525,-0.016245487364620913,-0.021251122418437535,-0.01934322986954571,-0.02048885693745508,-0.02562574493444571
2010-08-18,110.0,113.5,109.5,113.5,113.5,2308,-0.9179696709781371,-0.8879854992521921,-0.9066319786128744,-0.8727191105623249,-0.8727191105623249,0.027149321266968326,0.023906179521876462,0.019155941334929722,0.0209129750393524,0.019583183614804232,0.013996426444312057
2010-08-19,114.0,118.5,113.5,118.0,118.0,2308,-0.8687113224459104,-0.8272645661345831,-0.8568555405127186,-0.8173891179151729,-0.8173891179151729,0.052631578947368474,0.05972159856308941,0.056085918854415266,0.05663756436086862,0.05734767025089611,0.05310129406514951
2010-08-20,118.0,118.0,116.0,116.5,116.5,2308,-0.8194529739136839,-0.8333366594463439,-0.8257452667001214,-0.8358324487975569,-0.8358324487975569,0.027336860670193953,0.039714413208389136,0.03894173602853739,0.039482489404416655,0.040736108629623034,0.04048824054778206
2010-08-23,117.0,120.0,116.0,117.5,117.5,2308,-0.8317675610467405,-0.8090482861993004,-0.8257452667001214,-0.8235368948759676,-0.8235368948759676,0.022628372497824144,0.04212860310421286,0.04537366548042699,0.04537366548042699,0.047610556348074214,0.048327137546468446
2010-08-24,118.0,120.0,116.5,117.5,117.5,2308,-0.8194529739136839,-0.8090482861993004,-0.8195232119376019,-0.8235368948759676,-0.8235368948759676,0.0077186963979417305,0.03661226290251439,0.04228267297457125,0.042822276458841825,0.046863863150392066,0.04754829123328376
2010-08-25,116.5,116.5,112.0,112.0,112.0,2308,-0.8379248546132688,-0.8515529393816267,-0.875521704800277,-0.8911624414447089,-0.8911624414447089,-0.03697334479793635,-0.012345679012345729,-0.005917159763313651,-0.005328596802841868,-0.0017825311942959254,-0.0013374944271066043
2010-08-26,112.0,114.5,111.5,112.5,112.5,2308,-0.8933404967120238,-0.8758413126286703,-0.8817437595627965,-0.8850146644839142,-0.8850146644839142,-0.023437500000000024,-0.010118785745710564,-0.0011837821840781884,-0.0008880994671402692,0.0010678056593700351,0.002673796791443825
2010-08-27,114.5,120.0,113.5,118.0,118.0,2308,-0.8625540288793822,-0.8090482861993004,-0.8568555405127186,-0.8173891179151729,-0.8173891179151729,0.021645021645021644,0.03101791175185668,0.04240282685512365,0.04447886700597482,0.04647037956722237,0.04857819905213272
2010-08-30,120.0,121.0,116.5,117.0,117.0,2308,-0.7948237996475706,-0.7969040995757786,-0.8195232119376019,-0.8296846718367622,-0.8296846718367622,0.013864818024263382,0.01606600086843243,0.029627456732179466,0.034025629695094955,0.035398230088495575,0.038154392191659246
2010-08-31,116.0,121.5,115.5,121.5,121.5,2308,-0.8440821481797972,-0.7908320062640177,-0.8319673214626409,-0.7743546791896103,-0.7743546791896103,0.045611015490533535,0.04381443298969067,0.062992125984252,0.06954225352112682,0.0716175692361969,0.07617360496014167
2010-09-01,121.5,123.0,120.0,121.5,121.5,2308,-0.7763519189479855,-0.772615726328735,-0.7759688285999656,-0.7743546791896103,-0.7743546791896103,0.028789161727349754,0.03668941979522182,0.056828066106117694,0.06555579916684932,0.06860158311345643,0.07347960536003531
2010-09-02,122.0,123.0,121.0,122.5,122.5,2308,-0.7701946253814572,-0.772615726328735,-0.7635247190749267,-0.762059125268021,-0.762059125268021,0.019983347210657833,0.04122396940076493,0.05785837651122628,0.06986899563318777,0.07361963190184054,0.07771260997067445
2010-09-03,122.5,123.0,121.0,122.0,122.0,2308,-0.7640373318149288,-0.772615726328735,-0.7635247190749267,-0.7682069022288156,-0.7682069022288156,0.009098428453267115,0.032148900169204714,0.04631217838765014,0.05971769815418024,0.06494413407821227,0.06908134949612975
2010-09-06,122.0,123.0,120.5,121.0,121.0,2308,-0.7701946253814572,-0.772615726328735,-0.7697467738374462,-0.7805024561504049,-0.7805024561504049,-0.0057518488085456275,0.020666385491353884,0.03125000000000004,0.046260268050151265,0.053456381682047714,0.05723023154215812
2010-09-07,121.0,122.5,120.5,121.0,121.0,2308,-0.7825092125145139,-0.7786878196404959,-0.7697467738374462,-0.7805024561504049,-0.7805024561504049,-0.004934210526315743,0.017661900756938555,0.024266365688487525,0.04198062432723358,0.050347222222222196,0.054466230936819175
2010-09-08,121.0,126.0,121.0,123.5,123.5,2308,-0.7825092125145139,-0.7361831664581696,-0.7635247190749267,-0.7497635713464317,-0.7497635713464317,0.012295081967213115,0.02873802582257395,0.03956228956228959,0.05804240736774475,0.0681542985642622,0.07313540912382337
2010-09-09,124.5,124.5,121.0,121.5,121.5,2308,-0.7394081575488155,-0.7543994463934524,-0.7635247190749267,-0.7743546791896103,-0.7743546791896103,-0.002463054187192095,0.004547333608929286,0.020722486698403826,0.0358056265984655,0.04777509486029671,0.05301170013000139
2010-09-10,123.0,123.5,121.0,122.0,122.0,2308,-0.7578800382484006,-0.7665436330169741,-0.7635247190749267,-0.7682069022288156,-0.7682069022288156,0.0016420361247947688,0.005356407086938655,0.021775544388609666,0.03477523324851564,0.04756998110939384,0.05384393895767349
2010-09-13,122.5,125.0,121.5,125.0,125.0,2308,-0.7640373318149288,-0.7483273530816914,-0.7573026643124073,-0.7313202404640476,-0.7313202404640476,0.01957585644371946,0.0233319688907081,0.042535446205170926,0.05351875263379683,0.06801093643198901,0.07619457597933701
2010-09-14,125.0,125.0,123.0,124.0,124.0,2308,-0.7332508639822872,-0.7483273530816914,-0.7386365000248489,-0.743615794385637,-0.743615794385637,0.0064935064935064705,0.013071895424836555,0.030470914127423865,0.038525963149078676,0.05496001361238722,0.06407322654462244
2010-09-15,123.5,126.0,122.0,126.0,126.0,2308,-0.7517227446818722,-0.7361831664581696,-0.7510806095498879,-0.7190246865424583,-0.7190246865424583,0.01859337105901372,0.02564102564102569,0.03903243540406818,0.049781295563424234,0.06671181848967148,0.07722998005129665
2010-09-16,126.0,127.5,124.5,126.0,126.0,2308,-0.7209362768492306,-0.717966886522887,-0.7199703357372905,-0.7190246865424583,-0.7190246865424583,0.011235955056179822,0.022727272727272704,0.031377899045020426,0.04629437409175838,0.06096328730212188,0.0732538330494037
2010-09-17,126.5,127.5,125.0,126.0,126.0,2308,-0.7147789832827022,-0.717966886522887,-0.713748280974771,-0.7190246865424583,-0.7190246865424583,0.004784688995215266,0.019417475728155387,0.026894865525672346,0.04218362282878407,0.05527638190954769,0.06824925816023736
2010-09-20,126.0,127.5,125.5,127.5,127.5,2308,-0.7209362768492306,-0.717966886522887,-0.7075262262122516,-0.7005813556600743,-0.7005813556600743,0.012708498808578191,0.026156941649899398,0.03322528363046997,0.05024711696869847,0.06161532056619489,0.07579805934467727
2010-09-21,128.0,128.5,127.0,128.5,128.5,2308,-0.6963071025831172,-0.7058226998993652,-0.6888600619246932,-0.688285801738485,-0.688285801738485,0.013406940063091505,0.028,0.03740581270182998,0.05371053710537103,0.06303772336201195,0.07907627711686499
2010-09-23,128.0,130.0,127.0,130.0,130.0,2308,-0.6963071025831172,-0.6876064199640826,-0.6888600619246932,-0.669842470856101,-0.669842470856101,0.01880877742946713,0.03461997612415435,0.0447361371551031,0.05820105820105825,0.06960671383906528,0.08604845446950707
2010-09-24,129.5,130.0,128.0,130.0,130.0,2308,-0.6778352218835323,-0.6876064199640826,-0.6764159523996542,-0.669842470856101,-0.669842470856101,0.012461059190031107,0.02766798418972332,0.0405549626467449,0.05071731662962219,0.06539911489919689,0.0800332317917475
2010-09-27,130.0,130.0,127.5,128.5,128.5,2308,-0.6716779283170039,-0.6876064199640826,-0.6826380071621737,-0.688285801738485,-0.688285801738485,-0.00310318076027933,0.010617381046008605,0.024993352831693752,0.03420523138832998,0.04897959183673469,0.062129769940763184
2010-09-28,128.5,131.0,128.5,130.5,130.5,2308,-0.6901498090165888,-0.6754622333405608,-0.6701938976371348,-0.6636946938953063,-0.6636946938953063,0.007722007722007722,0.021926389976507418,0.03571428571428571,0.04462677606563941,0.06080312144366773,0.07260273972602735
2010-09-29,130.5,131.5,129.0,129.5,129.5,2308,-0.6655206347504756,-0.6693901400287998,-0.6639718428746154,-0.6759902478168957,-0.6759902478168957,-0.001542020046260514,0.009746588693957114,0.023176191730313437,0.03331338519848392,0.048582995951417005,0.058438904781364986
2010-09-30,128.5,130.5,128.0,130.5,130.5,2308,-0.6901498090165888,-0.6815343266523216,-0.6764159523996542,-0.6636946938953063,-0.6636946938953063,0.005392912172573101,0.013986013986014076,0.027289425347677792,0.03756708407871194,0.050386349001931785,0.061694915254237245
2010-10-01,131.0,131.5,130.0,131.0,131.0,2308,-0.6593633411839472,-0.6693901400287998,-0.6515277333495765,-0.6575469169345117,-0.6575469169345117,0.007692307692307693,0.01393188854489173,0.026109660574412493,0.038034865293185394,0.04816770683309326,0.062018646128901546
2010-10-04,131.0,132.0,130.5,131.5,131.5,2308,-0.6593633411839472,-0.663318046717039,-0.645305678587057,-0.651399139973717,-0.651399139973717,0.006891271056661606,0.01348747591522158,0.024941543257989,0.03808959936846262,0.047641810070108384,0.06176826806620917
2010-10-05,132.0,132.0,130.0,131.5,131.5,2308,-0.6470487540508906,-0.663318046717039,-0.6515277333495765,-0.651399139973717,-0.651399139973717,0.005351681957186457,0.010372646945831688,0.02149145520455733,0.03380503144654086,0.04282315622521813,0.05778254457702108
2010-10-06,132.5,133.0,127.5,128.5,128.5,2308,-0.6408914604843623,-0.6511738600935172,-0.6826380071621737,-0.688285801738485,-0.688285801738485,-0.016079632465543604,-0.01267767960046105,-0.004133298889175909,0.007250636880266488,0.016774806140212095,0.0306108808982756
2010-10-07,130.0,130.0,127.0,129.0,129.0,2308,-0.6716779283170039,-0.6876064199640826,-0.6888600619246932,-0.6821380247776904,-0.6821380247776904,-0.009976976208749128,-0.008073817762399163,-0.0018055197317512516,0.008994915917090385,0.018313861698768495,0.029940119760479042
2010-10-08,129.0,129.5,128.0,128.5,128.5,2308,-0.6839925154500606,-0.6936785132758434,-0.6764159523996542,-0.688285801738485,-0.688285801738485,-0.010015408320493153,-0.010777521170130913,-0.006955177743431264,0.0023400936037442388,0.012448786637251798,0.021597985954683995
2010-10-11,128.0,128.5,127.0,128.5,128.5,2308,-0.6963071025831172,-0.7058226998993652,-0.6888600619246932,-0.688285801738485,-0.688285801738485,-0.005417956656346662,-0.010777521170130913,-0.008232570105479776,-0.00019451468585882656,0.01037899040729669,0.018763213530655336
2010-10-12,129.0,129.0,126.0,128.5,128.5,2308,-0.6839925154500606,-0.6997506065876044,-0.7013041714497321,-0.688285801738485,-0.688285801738485,-0.0007776049766718066,-0.009252120277563522,-0.00874260735407554,-0.0015540015540014657,0.008001255098839002,0.015676458964563305
2010-10-13,129.0,129.0,126.5,127.0,127.0,2308,-0.6839925154500606,-0.6997506065876044,-0.6950821166872126,-0.706729132620869,-0.706729132620869,-0.010132501948558154,-0.018926226342216985,-0.01955738548636128,-0.014357780364765187,-0.005637331663012832,0.002367797947908423
2010-10-14,128.0,130.0,127.5,129.0,129.0,2308,-0.6963071025831172,-0.6876064199640826,-0.6826380071621737,-0.6821380247776904,-0.6821380247776904,0.005455962587685024,-0.0023201856148492754,-0.0036045314109165952,0.0,0.008285133656401456,0.016148089799133493
2010-10-15,129.0,131.0,129.0,130.0,130.0,2308,-0.6839925154500606,-0.6754622333405608,-0.6639718428746154,-0.669842470856101,-0.669842470856101,0.010886469673405955,0.006191950464396374,0.004119464469618935,0.006191950464396374,0.013408169628936692,0.02201257861635218
2010-10-18,130.0,130.0,127.0,128.0,128.0,2308,-0.6716779283170039,-0.6876064199640826,-0.6888600619246932,-0.6944335786992797,-0.6944335786992797,-0.0038910505836575876,-0.00659681800543263,-0.011073911923770309,-0.010054137664346569,-0.00404606286959236,0.004709576138147522
2010-10-19,128.0,128.0,123.0,123.5,123.5,2308,-0.6963071025831172,-0.7118947932111261,-0.7386365000248489,-0.7497635713464317,-0.7497635713464317,-0.03137254901960784,-0.035532994923857954,-0.04238821400878781,-0.043377226955848135,-0.03861124085318393,-0.031245914498627278
2010-10-20,123.0,127.5,122.0,127.5,127.5,2308,-0.7578800382484006,-0.717966886522887,-0.7510806095498879,-0.7005813556600743,-0.7005813556600743,-0.000783699059561084,-0.0035169988276670798,-0.01034928848641663,-0.012010848508330191,-0.008553654743390314,-0.0015661707126076964
2010-10-21,127.0,127.0,124.0,125.5,125.5,2308,-0.7086216897161739,-0.7240389798346479,-0.72619239049981,-0.7251724635032529,-0.7251724635032529,-0.011032308904649374,-0.016457680250783657,-0.023346303501945526,-0.02581020764603135,-0.02395395862498065,-0.01774067310200886
2010-10-22,125.0,126.5,124.5,126.0,126.0,2308,-0.7332508639822872,-0.7301110731464088,-0.7199703357372905,-0.7190246865424583,-0.7190246865424583,-0.0007930214115780676,-0.010600706713780874,-0.016905071521456365,-0.02040816326530612,-0.020065328978068224,-0.014983713355048896
2010-10-25,127.5,131.0,126.5,130.0,130.0,2308,-0.7024643961496455,-0.6754622333405608,-0.6950821166872126,-0.669842470856101,-0.669842470856101,0.02766798418972332,0.0196078431372549,0.015096304008329025,0.01010101010101019,0.00978716793537355,0.0141724093095826
2010-10-26,130.0,130.0,126.5,127.5,127.5,2308,-0.6716779283170039,-0.6876064199640826,-0.6950821166872126,-0.7005813556600743,-0.7005813556600743,0.0015710919088766917,0.0007849293563578832,-0.002347417840375565,-0.008168028004667533,-0.009631816063383633,-0.00597713097713108
2010-10-27,125.5,126.5,124.5,125.5,125.5,2308,-0.7270935704157588,-0.7301110731464088,-0.7199703357372905,-0.7251724635032529,-0.7251724635032529,-0.011032308904649374,-0.0137524557956778,-0.016457680250783657,-0.02220490845344756,-0.02425750272119425,-0.021950902714638235
2010-10-28,127.0,128.5,125.0,127.0,127.0,2308,-0.7086216897161739,-0.7058226998993652,-0.713748280974771,-0.706729132620869,-0.706729132620869,-0.0015723270440251794,-0.0003935458480912803,-0.0036610878661088014,-0.009167154281256184,-0.011673151750972763,-0.010518114530580401
2010-10-29,127.5,127.5,125.5,126.5,126.5,2308,-0.7024643961496455,-0.717966886522887,-0.7075262262122516,-0.7128769095816636,-0.7128769095816636,-0.006284367635506655,-0.001578531965272319,-0.00654450261780101,-0.011332551778038318,-0.014490495481458502,-0.014541677486367236
2010-11-01,129.0,129.5,128.0,129.0,129.0,2308,-0.6839925154500606,-0.6936785132758434,-0.6764159523996542,-0.6821380247776904,-0.6821380247776904,0.014948859166011061,0.01735015772870665,0.012823868097356765,0.009192255036182258,0.004829412681103011,0.004151530877010883
2010-11-02,128.0,129.0,127.5,128.5,128.5,2308,-0.6963071025831172,-0.6997506065876044,-0.6826380071621737,-0.688285801738485,-0.688285801738485,0.009426551453260039,0.009426551453260039,0.00889819419000267,0.006461719208928944,0.0015588464536242293,0.0
2010-11-03,127.5,131.0,127.5,130.0,130.0,2308,-0.7024643961496455,-0.6754622333405608,-0.6826380071621737,-0.669842470856101,-0.669842470856101,0.01404056162246499,0.019208153665229346,0.01907499346746802,0.01761252446183953,0.013092269326683345,0.011279657720731143
2010-11-04,130.0,130.0,128.5,130.0,130.0,2308,-0.6716779283170039,-0.6876064199640826,-0.6701938976371348,-0.669842470856101,-0.669842470856101,0.009316770186335315,0.015625,0.018542700443980098,0.01721439749608766,0.013250194855806613,0.011279657720731143
2010-11-05,131.0,131.5,129.5,131.0,131.0,2308,-0.6593633411839472,-0.6693901400287998,-0.657749788112096,-0.6575469169345117,-0.6575469169345117,0.010023130300693997,0.019455252918287938,0.025841816758026603,0.024037521985538424,0.021044427123928202,0.018794556059624035
2010-11-08,132.0,132.0,130.5,131.5,131.5,2308,-0.6470487540508906,-0.663318046717039,-0.645305678587057,-0.651399139973717,-0.651399139973717,0.00998463901689717,0.02215312864360664,0.027879103699843637,0.026742143275424648,0.024941543257989,0.021888356430514153
2010-11-09,131.0,131.5,128.0,129.5,129.5,2308,-0.6593633411839472,-0.6693901400287998,-0.6764159523996542,-0.6759902478168957,-0.6759902478168957,-0.006901840490797589,0.0050446255335662065,0.009090909090909016,0.010731707317073172,0.00998284199032913,0.0066070734551107214
2010-11-10,130.0,131.0,129.0,131.0,131.0,2308,-0.6716779283170039,-0.6754622333405608,-0.6639718428746154,-0.6575469169345117,-0.6575469169345117,0.003062787136294071,0.012364760432766572,0.018926626912107884,0.02084550944866559,0.02088528678304245,0.017871017871017962
2010-11-11,130.0,131.0,129.5,130.0,130.0,2308,-0.6716779283170039,-0.6754622333405608,-0.657749788112096,-0.669842470856101,-0.669842470856101,-0.004594180704440998,0.00231303006939099,0.008794619762027877,0.012658227848101266,0.012776565908382565,0.010231835254500683
2010-11-12,130.0,130.5,128.5,130.0,130.0,2308,-0.6716779283170039,-0.6815343266523216,-0.6701938976371348,-0.669842470856101,-0.669842470856101,-0.0030674846625767306,-0.00038446751249528155,0.006711409395973213,0.012658227848101266,0.012303379535897933,0.0104935872522347
2010-11-15,129.5,130.0,128.5,130.0,130.0,2308,-0.6778352218835323,-0.6876064199640826,-0.6701938976371348,-0.669842470856101,-0.669842470856101,-0.0007686395080706711,-0.0011525163273146805,0.006711409395973213,0.011870013621327152,0.011830635118306431,0.010886469673405955
2010-11-16,129.5,131.0,129.0,131.0,131.0,2308,-0.6778352218835323,-0.6754622333405608,-0.6639718428746154,-0.6575469169345117,-0.6575469169345117,0.004601226993864987,0.004601226993864987,0.012625611955681466,0.016686069072565042,0.018820967491056054,0.018794556059624035
2010-11-17,130.0,131.0,128.5,130.0,130.0,2308,-0.6716779283170039,-0.6754622333405608,-0.6701938976371348,-0.669842470856101,-0.669842470856101,-0.0015360983102917715,-0.0030674846625767306,0.002570694087403672,0.007947276603993067,0.01010101010101019,0.010624514122829809
2010-11-18,130.0,131.0,129.5,131.0,131.0,2308,-0.6716779283170039,-0.6754622333405608,-0.657749788112096,-0.6575469169345117,-0.6575469169345117,0.004601226993864987,0.0038314176245210726,0.008209338122113875,0.013539651837524178,0.01723870166174871,0.017871017871017962
2010-11-19,131.0,133.0,130.0,132.5,132.5,2308,-0.6593633411839472,-0.6511738600935172,-0.6515277333495765,-0.6391035860521277,-0.6391035860521277,0.012223071046600415,0.014159969383849936,0.016624040920716038,0.022573798958132444,0.028088144009931756,0.02846054333764546
2010-11-22,133.0,136.0,132.0,135.0,135.0,2308,-0.6347341669178339,-0.6147413002229518,-0.6266395142994986,-0.6083647012481543,-0.6083647012481543,0.023502653525397984,0.030534351145038167,0.03263640999490067,0.03986135181975746,0.045215236915453726,0.046106160402944504
2010-11-23,135.0,135.0,130.5,131.5,131.5,2308,-0.6101049926517206,-0.6268854868464736,-0.645305678587057,-0.651399139973717,-0.651399139973717,-0.003787878787878788,0.0022865853658537456,0.004327902240325836,0.011343972313016683,0.01560086499845544,0.018195896244676688
2010-11-24,131.0,133.0,130.0,132.0,132.0,2308,-0.6593633411839472,-0.6511738600935172,-0.6515277333495765,-0.6452513630129223,-0.6452513630129223,-0.0030211480362538194,0.005331302361005244,0.007121057985757913,0.01265822784810131,0.01804720037019901,0.020750096661941
2010-11-25,131.5,133.5,131.5,133.0,133.0,2308,-0.653206047617419,-0.6451017667817562,-0.6328615690620181,-0.632955809091333,-0.632955809091333,0.0015060240963854564,0.010638297872340469,0.013204672422549414,0.017986988136241822,0.023391812865497012,0.02742371572035544
2010-11-26,134.5,138.0,134.0,136.5,136.5,2308,-0.616262286218249,-0.5904529269759082,-0.6017512952494207,-0.5899213703657704,-0.5899213703657704,0.021706586826347348,0.03213610586011342,0.036971385160800264,0.040792985131528736,0.04693971468016571,0.052699228791773856
2010-11-29,138.0,138.0,135.5,136.5,136.5,2308,-0.5731612312525506,-0.5904529269759082,-0.5830851309618623,-0.5899213703657704,-0.5899213703657704,0.019417475728155296,0.027088036117381444,0.034352109118464244,0.037825508458467924,0.04485609308022056,0.050404001539053576
2010-11-30,137.5,138.0,135.0,135.5,135.5,2308,-0.579318524819079,-0.5904529269759082,-0.5893071857243818,-0.6022169242873597,-0.6022169242873597,0.005939123979213151,0.016122984626921678,0.023671619239486217,0.027488151658767772,0.034667073915699384,0.03950901419255854
2010-12-01,137.0,141.0,136.5,141.0,141.0,2308,-0.5854758183856072,-0.5540203671053429,-0.5706410214368235,-0.5345913777186184,-0.5345913777186184,0.03296703296703297,0.04871699516548912,0.05988474066649964,0.06475363413252776,0.07159142726858175,0.0779816513761467
2010-12-02,141.0,143.5,139.5,142.5,142.5,2308,-0.5362174698533806,-0.5236599005465383,-0.5333086928617067,-0.5161480468362344,-0.5161480468362344,0.029624277456647356,0.050884955752212434,0.0644920318725099,0.07102593010146552,0.07791225416036318,0.08475006343567616
2010-12-03,142.5,143.0,138.0,140.5,140.5,2308,-0.5177455891537956,-0.5297319938582993,-0.5519748571492651,-0.540739154679413,-0.540739154679413,0.009339080459770197,0.030058651026392918,0.044092147634381997,0.05223740872495783,0.058300692979813266,0.06560485400075848
2010-12-06,139.0,139.5,137.0,138.0,138.0,2308,-0.5608466441194939,-0.5722366470406255,-0.564418966674304,-0.5714780394833864,-0.5714780394833864,-0.010752688172043012,0.009509875640087867,0.021465581051073324,0.031004856182293657,0.03665865384615381,0.04453134855556951
2010-12-07,139.0,139.0,137.0,139.0,139.0,2308,-0.5608466441194939,-0.5783087403523864,-0.564418966674304,-0.5591824855617971,-0.5591824855617971,-0.00855920114122674,0.011276827937431877,0.02482182354386833,0.03480364786897459,0.04088662573011838,0.04905660377358491
2010-12-08,140.0,141.0,138.5,140.5,140.5,2308,-0.5485320569864373,-0.5540203671053429,-0.5457528023867456,-0.540739154679413,-0.540739154679413,0.0028551034975018252,0.01590744757772949,0.030562347188263988,0.04228486646884264,0.04882054344580466,0.05639097744360902
2010-12-09,141.0,142.0,138.0,139.0,139.0,2308,-0.5362174698533806,-0.5418761804818211,-0.5519748571492651,-0.5591824855617971,-0.5591824855617971,-0.002869440459110514,0.0007199424046075905,0.015586945932781239,0.027726432532347505,0.034842167957117386,0.041979010494752576
2010-12-10,138.0,138.5,137.0,138.0,138.0,2308,-0.5731612312525506,-0.5843808336641473,-0.564418966674304,-0.5714780394833864,-0.5714780394833864,-0.006479481641468723,-0.00755124056094938,0.005586592178771047,0.01732399557685215,0.025260029717682063,0.031518624641833824
2010-12-13,138.0,138.0,135.5,136.5,136.5,2308,-0.5731612312525506,-0.5904529269759082,-0.5830851309618623,-0.5899213703657704,-0.5899213703657704,-0.01515151515151511,-0.018338727076591236,-0.006067961165048612,0.003861003861003903,0.012611275964391606,0.018403382243223094
2010-12-14,138.0,138.0,135.0,136.5,136.5,2308,-0.5731612312525506,-0.5904529269759082,-0.5893071857243818,-0.5899213703657704,-0.5899213703657704,-0.011585807385952168,-0.0190441969098096,-0.008474576271186373,0.001834862385321101,0.010512289013917585,0.0163812360387192
2010-12-15,136.5,138.5,135.0,138.5,138.5,2308,-0.5916331119521356,-0.5843808336641473,-0.5893071857243818,-0.5653302625225918,-0.5653302625225918,0.005809731299927462,-0.002879769618430566,0.0028964518464880936,0.013352844338759747,0.023046240212734558,0.029102167182662467
2010-12-16,138.5,138.5,137.0,137.5,137.5,2308,-0.5670039376860223,-0.5843808336641473,-0.564418966674304,-0.5776258164441811,-0.5776258164441811,0.0007278020378456646,-0.006502890173410446,-0.006502890173410446,0.0036496350364963502,0.013413915094339571,0.019777503090234787
2010-12-17,137.5,138.0,135.5,135.5,135.5,2308,-0.579318524819079,-0.5904529269759082,-0.5830851309618623,-0.6022169242873597,-0.6022169242873597,-0.010226442658875132,-0.017403915881073283,-0.02048192771084344,-0.012030623405031029,-0.002943340691685104,0.0038276330411162857
2010-12-20,136.5,137.0,134.5,135.0,135.0,2308,-0.5916331119521356,-0.60259711359943,-0.5955292404869013,-0.6083647012481543,-0.6083647012481543,-0.011713030746705669,-0.018895348837209263,-0.023390402700747433,-0.015676266861101025,-0.008082292432035227,-0.0007401924500369676
2010-12-21,135.0,136.0,134.5,135.5,135.5,2308,-0.6101049926517206,-0.6147413002229518,-0.5955292404869013,-0.6022169242873597,-0.6022169242873597,-0.006598240469208252,-0.012750455373406194,-0.01977333011815761,-0.013469239170003599,-0.0057235104197241055,0.0014781966001477355
2010-12-22,135.5,137.0,135.5,136.5,136.5,2308,-0.6039476990851923,-0.60259711359943,-0.5830851309618623,-0.5899213703657704,-0.5899213703657704,0.003676470588235294,-0.0025575447570332067,-0.010391493475108775,-0.007813919680174369,-0.00029295444558365347,0.00750399803173832
2010-12-23,137.0,139.5,136.5,139.5,139.5,2308,-0.5854758183856072,-0.5722366470406255,-0.5706410214368235,-0.5530347086010023,-0.5530347086010023,0.022727272727272686,0.018991964937910843,0.012826718296224686,0.01160261058738212,0.019140853302162513,0.02724594992636221
2010-12-24,140.0,140.0,138.0,138.5,138.5,2308,-0.5485320569864373,-0.5661645537288647,-0.5519748571492651,-0.5653302625225918,-0.5653302625225918,0.010948905109489052,0.011317999269806582,0.006540697674418647,0.0036231884057971015,0.010064177362893782,0.01775872627066741
2010-12-27,138.0,139.5,137.5,139.5,139.5,2308,-0.5731612312525506,-0.5722366470406255,-0.5581969119117846,-0.5530347086010023,-0.5530347086010023,0.01160261058738212,0.01639344262295082,0.013071895424836685,0.009771986970683998,0.0160233066278222,0.022727272727272686
2010-12-28,140.0,140.5,138.5,140.5,140.5,2308,-0.5485320569864373,-0.5600924604171037,-0.5457528023867456,-0.540739154679413,-0.540739154679413,0.01151907847372206,0.02070468579731198,0.01959361393323649,0.015173410404624235,0.02063053900915301,0.027672802633182968
2010-12-29,141.0,142.0,139.5,142.0,142.0,2308,-0.5362174698533806,-0.5418761804818211,-0.5333086928617067,-0.5222958237970291,-0.5222958237970291,0.014285714285714285,0.028985507246376812,0.029731689630166744,0.025641025641025727,0.028538316673909877,0.03561444025768804
2010-12-30,142.0,143.0,141.0,143.0,143.0,2308,-0.5239028827203239,-0.5297319938582993,-0.5146425285741483,-0.5100002698754398,-0.5100002698754398,0.01634683724235971,0.03211836881992052,0.0349819059107359,0.032677378588192856,0.03278925321392454,0.03987395467216085
2010-12-31,142.0,142.5,141.0,142.5,142.5,2308,-0.5239028827203239,-0.5358040871700601,-0.5146425285741483,-0.5161480468362344,-0.5161480468362344,0.007067137809187279,0.02333931777378815,0.02912855079441501,0.028324012267725143,0.027397260273972688,0.033732317736670334
2011-01-03,142.5,143.0,138.5,139.5,139.5,2308,-0.5177455891537956,-0.5297319938582993,-0.5457528023867456,-0.5530347086010023,-0.5530347086010023,-0.014134275618374558,-0.0014316392269147363,0.0060096153846154535,0.006130544536602916,0.004898429621092111,0.010869565217391304
2011-01-04,139.5,140.0,134.0,135.5,135.5,2308,-0.5546893505529656,-0.5661645537288647,-0.6017512952494207,-0.6022169242873597,-0.6022169242873597,-0.03558718861209965,-0.03006442376521109,-0.022366522366522326,-0.021484022386712362,-0.023915862267684725,-0.019063706563706508
2011-01-05,136.0,137.5,134.5,134.5,134.5,2308,-0.5977904055186639,-0.5965250202876691,-0.5955292404869013,-0.614512478208949,-0.614512478208949,-0.03237410071942446,-0.035842293906810034,-0.027710843373494044,-0.0265967070743623,-0.02930138568129332,-0.026890148317858447
2011-01-06,135.0,137.5,135.0,137.5,137.5,2308,-0.6101049926517206,-0.5965250202876691,-0.5893071857243818,-0.5776258164441811,-0.5776258164441811,-0.0029006526468455815,-0.012921751615219032,-0.006024096385542237,-0.004344677769732038,-0.006215669268574831,-0.006263550951577987
2011-01-07,138.0,140.5,135.0,140.5,140.5,2308,-0.5731612312525506,-0.5600924604171037,-0.5893071857243818,-0.540739154679413,-0.540739154679413,0.02181818181818182,0.007168458781362007,0.013221153846153915,0.016458672454331746,0.015466897947383536,0.01444043321299639
2011-01-10,139.0,139.0,136.5,138.0,138.0,2308,-0.5608466441194939,-0.5783087403523864,-0.5706410214368235,-0.5714780394833864,-0.5714780394833864,0.005830903790087547,-0.00968783638320771,-0.006240998559769617,-0.0021691973969632057,-0.002601908065915103,-0.003969686033922853
2011-01-11,137.0,139.0,136.0,139.0,139.0,2308,-0.5854758183856072,-0.5783087403523864,-0.5768630761993429,-0.5591824855617971,-0.5591824855617971,0.007976794778825194,-0.0014367816091953207,-0.0007189072609632949,0.004153873938956031,0.004625614339404353,0.0024038461538462225
2011-01-12,138.0,138.5,136.0,137.0,137.0,2308,-0.5731612312525506,-0.5843808336641473,-0.5768630761993429,-0.5837735934049757,-0.5837735934049757,-0.010115606936416225,-0.012256669069935031,-0.01533301389554379,-0.009757860498735052,-0.008826508464766306,-0.011068334937439833
2011-01-13,138.0,138.5,136.5,137.0,137.0,2308,-0.5731612312525506,-0.5843808336641473,-0.5706410214368235,-0.5837735934049757,-0.5837735934049757,-0.009399855386840284,-0.007965242577842103,-0.014152074838090683,-0.00957889029459598,-0.0082524974663384,-0.009757860498735052
2011-01-14,137.0,139.0,137.0,139.0,139.0,2308,-0.5854758183856072,-0.5783087403523864,-0.564418966674304,-0.5591824855617971,-0.5591824855617971,0.007246376811594203,0.009074410163339383,0.0,0.0036101083032490976,0.005934288609060596,0.005061460592913873
2011-01-17,140.0,140.0,136.5,138.0,138.0,2308,-0.5485320569864373,-0.5661645537288647,-0.5706410214368235,-0.5714780394833864,-0.5714780394833864,0.0,0.002906976744186088,-0.006479481641468723,-0.004688063469167008,-0.0017361111111111767,-0.0021691973969632057
2011-01-18,138.0,140.0,138.0,140.0,140.0,2308,-0.5731612312525506,-0.5661645537288647,-0.5519748571492651,-0.5468869316402077,-0.5468869316402077,0.013024602026049287,0.014125316914161452,0.008161305808929374,0.008100810081008101,0.01170689405983527,0.012048192771084269
2011-01-19,141.0,141.5,139.0,141.5,141.5,2308,-0.5362174698533806,-0.5479482737935819,-0.5395307476242261,-0.5284436007578237,-0.5284436007578237,0.017253774263120098,0.01981981981981982,0.01920768307322922,0.017070979335130278,0.021660649819494584,0.02264514574801247
2011-01-20,138.5,140.0,137.5,138.0,138.0,2308,-0.5670039376860223,-0.5661645537288647,-0.5581969119117846,-0.5714780394833864,-0.5714780394833864,-0.009332376166547102,-0.005763688760806998,-0.0036101083032490976,-0.00755124056094938,-0.0037539705457696375,-0.0024096385542169358
2011-01-21,136.5,138.5,136.5,137.0,137.0,2308,-0.5916331119521356,-0.5843808336641473,-0.5706410214368235,-0.5837735934049757,-0.5837735934049757,-0.013678905687545036,-0.010473094980137152,-0.00820463320463315,-0.014211189062781035,-0.011401356617116555,-0.009399855386840284
2011-01-24,137.0,137.5,134.0,134.5,134.5,2308,-0.5854758183856072,-0.5965250202876691,-0.6017512952494207,-0.614512478208949,-0.614512478208949,-0.026772793053545504,-0.02606806661839243,-0.023947750362844782,-0.03045593800684804,-0.02930138568129332,-0.02700747528333726
2011-01-25,136.0,136.5,135.0,135.0,135.0,2308,-0.5977904055186639,-0.6086692069111909,-0.5893071857243818,-0.6083647012481543,-0.6083647012481543,-0.016034985422740445,-0.019607843137254822,-0.020082264698766124,-0.024918743228602304,-0.025552187093980022,-0.023037028102762057
2011-01-26,135.0,136.5,134.5,135.5,135.5,2308,-0.6101049926517206,-0.6086692069111909,-0.5955292404869013,-0.6022169242873597,-0.6022169242873597,-0.003676470588235294,-0.014903671392221093,-0.016928657799274553,-0.019004524886877826,-0.021660649819494584,-0.018708509354254745
2011-01-27,135.5,138.5,135.0,138.0,138.0,2308,-0.6039476990851923,-0.5843808336641473,-0.5893071857243818,-0.5714780394833864,-0.5714780394833864,0.014705882352941176,0.002542680711950558,0.0009671179883945291,0.0009066183136899365,-0.0031782721756717547,-0.0007241129616219719
2011-01-28,138.5,138.5,134.5,134.5,134.5,2308,-0.5670039376860223,-0.5843808336641473,-0.5955292404869013,-0.614512478208949,-0.614512478208949,-0.007380073800738007,-0.019679300291545108,-0.021580989330746862,-0.021640298236042875,-0.02733584032398034,-0.02583293095123126
2011-02-08,135.5,135.5,126.0,126.5,126.5,2308,-0.6039476990851923,-0.6208133935347127,-0.7013041714497321,-0.7128769095816636,-0.7128769095816636,-0.055265123226288314,-0.07019478133039332,-0.07461594732991945,-0.0754613557463913,-0.08173635307781643,-0.08189185919922583
2011-02-09,126.5,128.0,121.5,123.0,123.0,2308,-0.7147789832827022,-0.7118947932111261,-0.7573026643124073,-0.7559113483072263,-0.7559113483072263,-0.06463878326996197,-0.08448083364346852,-0.09314327844679278,-0.09691629955947129,-0.102582810447979,-0.10458626546954627
2011-02-10,121.5,126.5,121.5,123.5,123.5,2308,-0.7763519189479855,-0.7301110731464088,-0.7573026643124073,-0.7497635713464317,-0.7497635713464317,-0.043377226955848135,-0.06827612221803102,-0.08337456704601673,-0.08956874308883159,-0.0940434272300469,-0.09810126582278483
2011-02-11,126.5,126.5,120.5,120.5,120.5,2308,-0.7147789832827022,-0.7301110731464088,-0.7697467738374462,-0.7866502331111996,-0.7866502331111996,-0.04060509554140123,-0.07874617737003066,-0.09827887253679217,-0.10608308605341253,-0.11017574952001173,-0.11592076302274402
2011-02-14,122.0,124.0,120.5,123.0,123.0,2308,-0.7701946253814572,-0.7604715397052132,-0.7697467738374462,-0.7559113483072263,-0.7559113483072263,-0.0024330900243308773,-0.0494590417310665,-0.07216494845360823,-0.08157550868023156,-0.08645276292335106,-0.09414508408002945
2011-02-15,123.5,128.5,121.5,126.0,126.0,2308,-0.7517227446818722,-0.7058226998993652,-0.7573026643124073,-0.7190246865424583,-0.7190246865424583,0.022727272727272704,-0.01983663943990674,-0.04376422969896291,-0.05494093380836294,-0.06040268456375835,-0.06896551724137938
2011-02-16,124.0,124.5,122.5,124.0,124.0,2308,-0.7455654511153439,-0.7543994463934524,-0.7448585547873684,-0.743615794385637,-0.743615794385637,0.004862236628849224,-0.027069438995684605,-0.05126243305279257,-0.06468036960211193,-0.07213409158934442,-0.08000494620996661
2011-02-17,124.0,125.5,123.0,124.0,124.0,2308,-0.7455654511153439,-0.7422552597699306,-0.7386365000248489,-0.743615794385637,-0.743615794385637,0.004048582995951417,-0.018210609659540754,-0.04271744724652598,-0.06007201061209028,-0.06920882750337787,-0.07589119364054157
2011-02-18,126.5,126.5,124.5,125.5,125.5,2308,-0.7147789832827022,-0.7301110731464088,-0.7199703357372905,-0.7251724635032529,-0.7251724635032529,0.008032128514056224,0.003598560575769715,-0.024864024864024777,-0.04453749524172055,-0.05454271508211548,-0.06062874251497002
2011-02-21,127.0,127.0,125.0,127.0,127.0,2308,-0.7086216897161739,-0.7240389798346479,-0.713748280974771,-0.706729132620869,-0.706729132620869,0.013567438148443758,0.021721641190667763,-0.008070814891955205,-0.028680688336520075,-0.03933434190620264,-0.045710707576706394
2011-02-22,125.5,130.0,125.0,127.5,127.5,2308,-0.7270935704157588,-0.6876064199640826,-0.713748280974771,-0.7005813556600743,-0.7005813556600743,0.015127388535031892,0.02491961414790992,-0.000522602560752518,-0.020925321558840426,-0.03247837304598574,-0.03906544403969353
2011-02-23,127.0,127.5,125.5,126.5,126.5,2308,-0.7086216897161739,-0.717966886522887,-0.7075262262122516,-0.7128769095816636,-0.7128769095816636,0.0031720856463124955,0.014028056112224449,-0.003937007874015748,-0.023543033577769285,-0.03641072516758075,-0.04444164673297237
2011-02-24,128.5,129.5,123.0,123.0,123.0,2308,-0.6901498090165888,-0.6936785132758434,-0.7386365000248489,-0.7559113483072263,-0.7559113483072263,-0.023034154090548098,-0.013632718524458723,-0.02509907529722593,-0.043731778425655975,-0.05905752753977967,-0.06818181818181818
2011-02-25,124.0,125.0,122.5,123.5,123.5,2308,-0.7455654511153439,-0.7483273530816914,-0.7448585547873684,-0.7497635713464317,-0.7497635713464317,-0.01593625498007968,-0.012,-0.013578274760383409,-0.0344018764659891,-0.051313565831925076,-0.061074505828687266
2011-03-01,125.5,128.0,125.0,127.5,127.5,2308,-0.7270935704157588,-0.7118947932111261,-0.713748280974771,-0.7005813556600743,-0.7005813556600743,0.015127388535031892,0.016341171781586266,0.022180652057723134,0.0005885815185403401,-0.017113783533765022,-0.027459954233409568
2011-03-02,127.5,128.0,126.5,127.0,127.0,2308,-0.7024643961496455,-0.7118947932111261,-0.6950821166872126,-0.706729132620869,-0.706729132620869,0.01195219123505976,0.011549183592194368,0.017900080149612616,-0.0003935458480912803,-0.017636138613861395,-0.028556858745537893
2011-03-03,128.5,130.0,126.5,129.5,129.5,2308,-0.6901498090165888,-0.6876064199640826,-0.6950821166872126,-0.6759902478168957,-0.6759902478168957,0.026962727993655875,0.026962727993655875,0.03434504792332266,0.021494774206270908,0.00496663045165285,-0.007028753993610151
2011-03-04,130.0,133.0,128.0,132.0,132.0,2308,-0.6716779283170039,-0.6511738600935172,-0.6764159523996542,-0.6452513630129223,-0.6452513630129223,0.03205629397967157,0.04018912529550823,0.04956268221574345,0.042654028436019,0.027397260273972684,0.013435700575815739
2011-03-07,130.0,133.0,130.0,130.5,130.5,2308,-0.6716779283170039,-0.6511738600935172,-0.6515277333495765,-0.6636946938953063,-0.6636946938953063,0.009280742459396663,0.024332810047095716,0.032164513577642995,0.03386809269162215,0.018099547511312163,0.0035888233786208813
2011-03-08,129.0,135.0,129.0,133.5,133.5,2308,-0.6839925154500606,-0.6268854868464736,-0.6639718428746154,-0.6268080321305384,-0.6268080321305384,0.022988505747126436,0.0425614994142912,0.050078657577346565,0.05805428967703589,0.04264292408622312,0.028109356950327347
2011-03-09,134.0,135.5,129.5,129.5,129.5,2308,-0.6224195797847772,-0.6208133935347127,-0.657749788112096,-0.6759902478168957,-0.6759902478168957,-0.011450381679389313,0.009746588693957114,0.016749542004710863,0.025133584009499284,0.012984981226533139,-0.0005145356315924586
2011-03-10,128.5,129.5,126.5,126.5,126.5,2308,-0.6901498090165888,-0.6936785132758434,-0.6950821166872126,-0.7128769095816636,-0.7128769095816636,-0.029907975460122742,-0.01364522417153996,-0.008102456874019849,0.0,-0.00784313725490196,-0.02026590938427784
2011-03-11,125.0,126.0,123.0,123.5,123.5,2308,-0.7332508639822872,-0.7361831664581696,-0.7386365000248489,-0.7497635713464317,-0.7497635713464317,-0.04040404040404032,-0.03741231488698372,-0.03137254901960784,-0.023715415019762844,-0.02771217131160444,-0.03903514459862544
2011-03-14,123.0,125.0,121.5,124.0,124.0,2308,-0.7578800382484006,-0.7483273530816914,-0.7573026643124073,-0.743615794385637,-0.743615794385637,-0.026687598116169588,-0.03389170237631472,-0.026687598116169588,-0.02111703177422536,-0.01945279139648896,-0.0316282702069505
2011-03-15,123.5,125.5,120.0,121.5,121.5,2308,-0.7517227446818722,-0.7422552597699306,-0.7759688285999656,-0.7743546791896103,-0.7743546791896103,-0.028,-0.04892367906066536,-0.043558121228024126,-0.04028436018957342,-0.035254883277751295,-0.047307893361212744
2011-03-16,124.0,125.0,119.5,120.5,120.5,2308,-0.7455654511153439,-0.7483273530816914,-0.7821908833624851,-0.7866502331111996,-0.7866502331111996,-0.021915584415584437,-0.05192761605035401,-0.04793257835132997,-0.04611122105679796,-0.041368337311058094,-0.0516789087093389
2011-03-17,118.5,119.5,117.0,118.0,118.0,2308,-0.8132956803471555,-0.8151203795110613,-0.8133011571750824,-0.8173891179151729,-0.8173891179151729,-0.02880658436213992,-0.06312028582770943,-0.06349206349206349,-0.06367784169807582,-0.05976095617529881,-0.06719367588932806
2011-03-18,118.0,120.0,117.5,118.5,118.5,2308,-0.8194529739136839,-0.8090482861993004,-0.807079102412563,-0.8112413409543783,-0.8112413409543783,-0.016597510373443983,-0.04895666131621183,-0.057279236276849665,-0.05765407554671968,-0.054269752593774916,-0.059025939650608816
2011-03-21,118.5,120.5,118.0,119.5,119.5,2308,-0.8132956803471555,-0.8029761928875395,-0.8008570476500435,-0.798945787032789,-0.798945787032789,-0.0008361204013377451,-0.032388663967611336,-0.04730268402870053,-0.047429254683140715,-0.0459843525467029,-0.04641574677483705
2011-03-22,120.0,123.0,120.0,122.0,122.0,2308,-0.7948237996475706,-0.772615726328735,-0.7759688285999656,-0.7682069022288156,-0.7682069022288156,0.019214703425229716,-0.0028606456885982372,-0.024520255863539415,-0.025559105431309927,-0.02571474205398498,-0.023218574859887955
2011-03-23,122.0,123.0,121.0,122.5,122.5,2308,-0.7701946253814572,-0.772615726328735,-0.7635247190749267,-0.762059125268021,-0.762059125268021,0.019983347210657833,0.00698725852856551,-0.018167245524979954,-0.019607843137254926,-0.020626798848736794,-0.018167245524979954
2011-03-24,122.5,124.0,122.0,123.5,123.5,2308,-0.7640373318149288,-0.7604715397052132,-0.7510806095498879,-0.7497635713464317,-0.7497635713464317,0.018976897689768953,0.017717346518335442,-0.0069686411149825255,-0.010416666666666644,-0.012474012474012492,-0.010284493121410429
2011-03-25,124.0,124.5,123.5,124.5,124.5,2308,-0.7455654511153439,-0.7543994463934524,-0.7324144452623295,-0.7374680174248422,-0.7374680174248422,0.017156862745097992,0.025113215314944398,0.005113024757804144,-0.003003003003003003,-0.004637032299328416,-0.0025370543463746524
2011-03-28,123.0,124.5,120.0,120.0,120.0,2308,-0.7578800382484006,-0.7543994463934524,-0.7759688285999656,-0.7927980100719942,-0.7927980100719942,-0.02040816326530612,-0.008674101610904561,-0.025710419485791648,-0.0376904570970329,-0.038923594425756845,-0.03846153846153844
2011-03-29,120.0,121.0,119.0,120.0,120.0,2308,-0.7948237996475706,-0.7969040995757786,-0.7884129381250046,-0.7927980100719942,-0.7927980100719942,-0.017199017199017154,-0.007444168734491362,-0.01853871319520174,-0.03478785441383473,-0.03676352544549685,-0.0376904570970329
2011-03-30,120.0,121.0,117.5,117.5,117.5,2308,-0.7948237996475706,-0.7969040995757786,-0.807079102412563,-0.8235368948759676,-0.8235368948759676,-0.029727497935590375,-0.02570480928689879,-0.032656421514818894,-0.0512716996366572,-0.053792881301336824,-0.05559276624246487
2011-03-31,117.5,118.5,116.5,116.5,116.5,2308,-0.8256102674802122,-0.8272645661345831,-0.8195232119376019,-0.8358324487975569,-0.8358324487975569,-0.026733500417710967,-0.03279369032793693,-0.035596026490066206,-0.05438311688311691,-0.05881402488285669,-0.061744966442953055
2011-04-01,117.5,119.0,117.5,118.5,118.5,2308,-0.8256102674802122,-0.8211924728228222,-0.807079102412563,-0.8112413409543783,-0.8112413409543783,0.0,-0.016189290161892925,-0.016325401217487562,-0.032850438685982496,-0.04126213592233005,-0.04422637451270333
2011-04-06,121.0,126.5,120.0,126.5,126.5,2308,-0.7825092125145139,-0.7301110731464088,-0.7759688285999656,-0.7128769095816636,-0.7128769095816636,0.055926544240400694,0.04416013206768464,0.04863221884498475,0.0341303903535663,0.02247009376010347,0.0200241902970031
2011-04-07,129.5,130.0,127.0,129.5,129.5,2308,-0.6778352218835323,-0.6876064199640826,-0.6888600619246932,-0.6759902478168957,-0.6759902478168957,0.06409202958093671,0.06234618539786706,0.06877579092159555,0.06038894575230297,0.04604200323101779,0.04351329572925065
2011-04-08,131.0,132.5,129.0,130.5,130.5,2308,-0.6593633411839472,-0.657245953405278,-0.6639718428746154,-0.6636946938953063,-0.6636946938953063,0.04987932421560742,0.06356968215158922,0.07113543091655271,0.0681399631675875,0.0529288365338067,0.050724637681159396
2011-04-11,132.0,132.0,126.5,130.0,130.0,2308,-0.6470487540508906,-0.663318046717039,-0.6950821166872126,-0.669842470856101,-0.669842470856101,0.023622047244094488,0.05391163356303207,0.060070671378091814,0.06252554147936254,0.04872539528880289,0.04571658399249232
2011-04-12,126.0,127.0,122.5,123.5,123.5,2308,-0.7209362768492306,-0.7240389798346479,-0.7448585547873684,-0.7497635713464317,-0.7497635713464317,-0.03515625,0.002028397565922921,0.004337218758471115,0.009399264405394408,-0.0009707167125061038,-0.00670241286863267
2011-04-13,124.5,126.5,124.0,126.5,126.5,2308,-0.7394081575488155,-0.7301110731464088,-0.72619239049981,-0.7128769095816636,-0.7128769095816636,-0.01171875,0.020984665052461614,0.024844720496894377,0.03286384976525827,0.024623359792645443,0.01660862577015802
2011-04-14,125.5,126.0,124.5,125.5,125.5,2308,-0.7270935704157588,-0.7361831664581696,-0.7199703357372905,-0.7251724635032529,-0.7251724635032529,-0.013364779874213858,0.008437123342707891,0.01482479784366573,0.023028326879967417,0.01916517784635374,0.009112838381131118
2011-04-15,127.0,127.0,125.0,125.0,125.0,2308,-0.7086216897161739,-0.7240389798346479,-0.713748280974771,-0.7313202404640476,-0.7313202404640476,-0.008723235527359194,-0.0015974440894568917,0.009421265141319015,0.01708706265256301,0.016590761223162057,0.005631536604987955
2011-04-18,127.0,127.0,124.0,126.0,126.0,2308,-0.7086216897161739,-0.7240389798346479,-0.72619239049981,-0.7190246865424583,-0.7190246865424583,0.0055865921787709725,-0.0011890606420927917,0.016129032258064516,0.021897810218978124,0.024890190336749652,0.014628908871292413
2011-04-19,123.0,127.0,123.0,126.0,126.0,2308,-0.7578800382484006,-0.7240389798346479,-0.7386365000248489,-0.7190246865424583,-0.7190246865424583,0.0015898251192369066,-0.007092198581560328,0.015310233682514149,0.018799272286234105,0.024057217165149494,0.016265627100416714
2011-04-20,128.0,130.5,127.5,130.0,130.0,2308,-0.6963071025831172,-0.6815343266523216,-0.6826380071621737,-0.669842470856101,-0.669842470856101,0.02766798418972332,0.021611001964636542,0.041944963932674335,0.046698872785829286,0.054510058403633994,0.04866899704221563
2011-04-21,131.0,132.5,130.5,132.5,132.5,2308,-0.6593633411839472,-0.657245953405278,-0.645305678587057,-0.6391035860521277,-0.6391035860521277,0.03596559812353396,0.03880831046648375,0.05493630573248413,0.06233714171176594,0.07096669899773683,0.06912318450779986
2011-04-22,132.5,132.5,131.0,132.0,132.0,2308,-0.6408914604843623,-0.657245953405278,-0.6390836238245375,-0.6452513630129223,-0.6452513630129223,0.0208816705336426,0.033672670321064975,0.04292862786410327,0.05431309904153352,0.06297310355934928,0.06437306813600323
2011-04-25,133.0,133.5,131.5,132.5,132.5,2308,-0.6347341669178339,-0.6451017667817562,-0.6328615690620181,-0.6391035860521277,-0.6391035860521277,0.014548238897396676,0.035560765924189115,0.038130060067902795,0.05451651412654193,0.062039115100993865,0.06668455655440761
2011-04-26,130.5,133.0,130.5,133.0,133.0,2308,-0.6655206347504756,-0.6511738600935172,-0.645305678587057,-0.632955809091333,-0.632955809091333,0.007575757575757576,0.03180760279286264,0.03421461897356148,0.054927622446956155,0.06111377054411996,0.06798715203426126
2011-04-27,134.0,135.5,134.0,134.0,134.0,2308,-0.6224195797847772,-0.6208133935347127,-0.6017512952494207,-0.6206602551697437,-0.6206602551697437,0.009036144578313166,0.03355187042036247,0.037955073586367204,0.05699073161112202,0.0641677255400254,0.07314468766684469
2011-04-28,134.0,134.5,129.5,132.5,132.5,2308,-0.6224195797847772,-0.6329575801582344,-0.657749788112096,-0.6391035860521277,-0.6391035860521277,-0.0022590361445783986,0.016494054468738056,0.02474864655839125,0.040031397174254274,0.04875732151337658,0.058025019962736214
2011-04-29,132.5,133.0,126.5,128.0,128.0,2308,-0.6408914604843623,-0.6511738600935172,-0.6950821166872126,-0.6944335786992797,-0.6944335786992797,-0.030303030303030304,-0.02028319938767704,-0.008776458440887912,0.0005862810240375442,0.011378002528444987,0.020055784300703938
2011-05-03,127.0,130.0,127.0,129.5,129.5,2308,-0.7086216897161739,-0.6876064199640826,-0.6888600619246932,-0.6759902478168957,-0.6759902478168957,-0.014459665144596694,-0.011450381679389313,0.0030983733539891997,0.007194244604316636,0.02129337539432179,0.02886652542372887
2011-05-04,132.0,132.5,128.0,132.0,132.0,2308,-0.6470487540508906,-0.657245953405278,-0.6764159523996542,-0.6452513630129223,-0.6452513630129223,0.006097560975609843,0.0030395136778115935,0.017994858611825267,0.02127659574468085,0.038552321007081086,0.04499274310595069
2011-05-05,132.0,133.0,130.0,130.5,130.5,2308,-0.6470487540508906,-0.6511738600935172,-0.6515277333495765,-0.6636946938953063,-0.6636946938953063,0.0,-0.00873528294720855,0.004361210877372982,0.008111239860950262,0.023368883312421613,0.030127614787527925
2011-05-06,129.0,131.0,128.0,131.0,131.0,2308,-0.6839925154500606,-0.6754622333405608,-0.6764159523996542,-0.6575469169345117,-0.6575469169345117,0.006144393241167522,-0.0038022813688212928,0.005372217958557088,0.011387762980119624,0.023757424195061008,0.0316314476965481
2011-05-09,132.0,134.5,131.0,133.5,133.5,2308,-0.6470487540508906,-0.6329575801582344,-0.6390836238245375,-0.6268080321305384,-0.6268080321305384,0.016755521706016668,0.014052411697683207,0.02012226184411609,0.029496818970503092,0.03810264385692073,0.048292108362779786
2011-05-10,133.5,133.5,131.5,133.5,133.5,2308,-0.6285768733513056,-0.6451017667817562,-0.6328615690620181,-0.6268080321305384,-0.6268080321305384,0.010598031794095426,0.013282732447817837,0.01623953311342293,0.028109356950327347,0.03264232673267326,0.045555410520819704
2011-05-11,131.0,131.5,124.5,124.5,124.5,2308,-0.6593633411839472,-0.6693901400287998,-0.7199703357372905,-0.7374680174248422,-0.7374680174248422,-0.046707503828483876,-0.048892284186401874,-0.051549009649568406,-0.04157043879907626,-0.03875849289684998,-0.024931471087325442
2011-05-12,120.0,121.0,116.5,119.5,119.5,2308,-0.7948237996475706,-0.7969040995757786,-0.8195232119376019,-0.798945787032789,-0.798945787032789,-0.06931464174454832,-0.07686365392043251,-0.08475874393668621,-0.07757622539560023,-0.07536366450015482,-0.06396866840731073
2011-05-13,121.0,123.0,120.0,122.0,122.0,2308,-0.7825092125145139,-0.772615726328735,-0.7759688285999656,-0.7682069022288156,-0.7682069022288156,-0.036334913112164254,-0.04984423676012465,-0.0605749486652978,-0.057004830917874394,-0.05382348379091048,-0.04488517745302715
2011-05-16,121.5,122.5,121.0,122.5,122.5,2308,-0.7763519189479855,-0.7786878196404959,-0.7635247190749267,-0.762059125268021,-0.762059125268021,-0.015273311897106154,-0.04184591317950719,-0.052102140830538976,-0.05222437137330754,-0.04758202456849638,-0.04222048475371388
2011-05-17,122.0,122.0,117.5,117.5,117.5,2308,-0.7701946253814572,-0.7847599129522568,-0.807079102412563,-0.8235368948759676,-0.8235368948759676,-0.03052805280528055,-0.07224634820371105,-0.08370158565115665,-0.08790995536580624,-0.08289103965032785,-0.08155289213131842
2011-05-18,117.5,119.0,117.5,118.5,118.5,2308,-0.8256102674802122,-0.8211924728228222,-0.807079102412563,-0.8112413409543783,-0.8112413409543783,-0.0125,-0.054269752593774916,-0.06888423258250392,-0.07746204748929536,-0.07363977485928706,-0.07373632100052113
2011-05-19,117.5,117.5,114.5,114.5,114.5,2308,-0.8256102674802122,-0.8394087527581049,-0.8444114309876798,-0.8604235566407356,-0.8604235566407356,-0.037815126050420166,-0.074373484236055,-0.09102937284996032,-0.10319169766986487,-0.1015379786566227,-0.10219550444328279
2011-05-20,114.5,116.0,114.0,115.5,115.5,2308,-0.8625540288793822,-0.8576250326933875,-0.8506334857501993,-0.8481280027191462,-0.8481280027191462,-0.018691588785046752,-0.05444126074498572,-0.07476635514018688,-0.08929627439384981,-0.09083753148614614,-0.09102833158447007
2011-05-23,114.0,114.0,108.0,108.5,108.5,2308,-0.8687113224459104,-0.8819134059404311,-0.9252981429004328,-0.9341968801702716,-0.9341968801702716,-0.05570060922541345,-0.09318846636021734,-0.12169454937938477,-0.13649025069637888,-0.141478081974996,-0.14116094986807384
2011-05-24,107.0,109.5,106.5,109.5,109.5,2308,-0.9549134323773071,-0.9365622457462792,-0.9439643071879912,-0.9219013262486822,-0.9219013262486822,-0.033539276257722836,-0.06609808102345416,-0.10392798690671033,-0.12048192771084337,-0.12901686286986955,-0.12853163549542385
2011-05-25,109.5,109.5,107.0,107.0,107.0,2308,-0.9241269645446655,-0.9365622457462792,-0.9377422524254717,-0.9526402110526555,-0.9526402110526555,-0.036036036036036036,-0.0735930735930736,-0.11227876106194688,-0.13149350649350652,-0.14372599231754157,-0.14468425259792161
2011-05-26,108.5,111.0,107.5,110.0,110.0,2308,-0.9364415516777221,-0.9183459658109965,-0.9315201976629522,-0.9157535492878875,-0.9157535492878875,-0.0009082652134422736,-0.039720646006110846,-0.07692307692307696,-0.09836065573770492,-0.11404639175257729,-0.11682055399437975
2011-05-27,110.0,112.0,109.5,111.5,111.5,2308,-0.9179696709781371,-0.9062017791874747,-0.9066319786128744,-0.8973102184055035,-0.8973102184055035,0.020128087831656018,-0.01762114537444934,-0.054015837104072345,-0.07813145928069452,-0.09584819980538431,-0.10141034251175282
2011-05-30,111.5,112.0,110.0,111.5,111.5,2308,-0.8994977902785521,-0.9062017791874747,-0.9004099238503549,-0.8973102184055035,-0.8973102184055035,0.014558689717925333,-0.00800711743772247,-0.04209621993127152,-0.07180020811654526,-0.08979591836734693,-0.09813966028579137
2011-05-31,112.0,115.0,112.0,114.0,114.0,2308,-0.8933404967120238,-0.8697692193169093,-0.875521704800277,-0.8665713336015303,-0.8665713336015303,0.028880866425992805,0.017402945113788513,-0.009556907037358769,-0.0448261416003351,-0.06373193166885681,-0.0749256153638085
2011-06-01,114.0,116.5,114.0,115.0,115.0,2308,-0.8687113224459104,-0.8515529393816267,-0.8506334857501993,-0.854275779679941,-0.854275779679941,0.02313167259786472,0.029543419874664252,0.004659289458357584,-0.029535864978902954,-0.04990085922009258,-0.06402604449267493
2011-06-02,114.0,115.0,112.5,113.0,113.0,2308,-0.8687113224459104,-0.8697692193169093,-0.8692996500377576,-0.8788668875231196,-0.8788668875231196,0.0,0.012998655311519523,-0.009061677871967244,-0.039319872476089264,-0.059900166389351105,-0.07604251839738346
2011-06-03,113.0,115.0,113.0,114.5,114.5,2308,-0.8810259095789671,-0.8697692193169093,-0.8630775952752381,-0.8604235566407356,-0.8604235566407356,0.007922535211267656,0.02736653207716462,0.008514386376981814,-0.019691780821917783,-0.041680616002678306,-0.059161873459326234
2011-06-07,115.0,115.0,111.0,112.5,112.5,2308,-0.8563967353128539,-0.8697692193169093,-0.887965814325316,-0.8850146644839142,-0.8850146644839142,-0.011423550087873437,0.005811354492624102,-0.003248670998227939,-0.028077753779697623,-0.05350832912670368,-0.07063197026022303
2011-06-08,111.5,112.0,106.5,107.0,107.0,2308,-0.8994977902785521,-0.9062017791874747,-0.9439643071879912,-0.9526402110526555,-0.9526402110526555,-0.048042704626334566,-0.04121863799283149,-0.04606240713224372,-0.06488966571990384,-0.09291285181417425,-0.10981697171381034
2011-06-09,107.0,109.0,104.0,104.5,104.5,2308,-0.9549134323773071,-0.9426343390580401,-0.9750745810005884,-0.9833790958566289,-0.9833790958566289,-0.0525838621940163,-0.061517736865738616,-0.06053341324543003,-0.07868635662331935,-0.10576758514461748,-0.12368972746331237
2011-06-10,106.0,107.0,105.0,105.0,105.0,2308,-0.9672280195103637,-0.9669227123050836,-0.9626304714755495,-0.9772313188958341,-0.9772313188958341,-0.034038638454461846,-0.05277401894451957,-0.050632911392405014,-0.06832298136645965,-0.09357734806629837,-0.1123009722417923
2011-06-13,105.0,106.0,102.5,104.5,104.5,2308,-0.9795426066434204,-0.9790668989286054,-0.9937407452881468,-0.9833790958566289,-0.9833790958566289,-0.020618556701030955,-0.051293690422151664,-0.04884708737864072,-0.06550413592667116,-0.08956264157518733,-0.1095014912654452
2011-06-14,106.0,106.0,104.5,106.0,106.0,2308,-0.9672280195103637,-0.9790668989286054,-0.968852526238069,-0.9649357649742448,-0.9649357649742448,0.005692599620493305,-0.032846715328467106,-0.03372835004557888,-0.04504504504504504,-0.06755805770584102,-0.091039016721452
2011-06-15,108.0,109.0,106.5,107.0,107.0,2308,-0.9425988452442504,-0.9426343390580401,-0.9439643071879912,-0.9526402110526555,-0.9526402110526555,0.015180265654648901,-0.017447199265381134,-0.02312842361533778,-0.031455080334917354,-0.04990232640738771,-0.07652474108170305
2011-06-16,106.0,108.5,105.5,108.0,108.0,2308,-0.9672280195103637,-0.9487064323698009,-0.95640841671303,-0.9403446571310662,-0.9403446571310662,0.01790763430725736,-0.0018484288354898599,-0.01459854014598535,-0.01773533424283768,-0.03536977491961409,-0.06141367323290843
2011-06-17,109.0,109.0,107.0,108.5,108.5,2308,-0.9302842581111938,-0.9426343390580401,-0.9377422524254717,-0.9341968801702716,-0.9341968801702716,0.01591760299625471,0.0069605568445475635,-0.0091324200913242,-0.010487916096671279,-0.02708034433285506,-0.051020408163265266
2011-06-20,108.5,109.0,106.5,107.0,107.0,2308,-0.9364415516777221,-0.9426343390580401,-0.9439643071879912,-0.9526402110526555,-0.9526402110526555,-0.0027958993476234592,0.0,-0.020146520146520172,-0.02037079423208967,-0.035340786152181766,-0.0575455079271873
2011-06-21,107.5,109.0,107.5,108.5,108.5,2308,-0.9487561388107788,-0.9426343390580401,-0.9315201976629522,-0.9341968801702716,-0.9341968801702716,0.00649350649350652,0.017823639774859342,-0.0045871559633027525,-0.006637674525062892,-0.01685393258426966,-0.03726708074534164
2011-06-22,108.5,108.5,105.0,105.5,105.5,2308,-0.9364415516777221,-0.9487064323698009,-0.9626304714755495,-0.9710835419350395,-0.9710835419350395,-0.018604651162790697,-0.008924377642085512,-0.027051952044266865,-0.03233203393717043,-0.03986166727338911,-0.05606919176856546
2011-06-23,103.0,103.5,101.0,101.5,101.5,2308,-1.0041717809095339,-1.00942736548741,-1.0124069095757051,-1.020265757621397,-1.020265757621397,-0.04425612052730699,-0.043805934997644895,-0.05610663360198386,-0.06666666666666667,-0.07051282051282054,-0.08558558558558559
2011-06-24,101.5,103.0,99.8,100.0,100.0,2308,-1.0226436616091188,-1.0154994587991708,-1.027339841005752,-1.0387090885037809,-1.0387090885037809,-0.0430622009569378,-0.053478466635116,-0.06250000000000004,-0.07621247113163972,-0.07935923402688275,-0.09379247847757131
2011-06-27,99.8,103.5,99.5,102.5,102.5,2308,-1.043578459735315,-1.00942736548741,-1.0310730738632636,-1.0079702036998075,-1.0079702036998075,-0.010617760617760564,-0.027975343764817476,-0.031801007556675004,-0.049165120593692,-0.0518038852913968,-0.06563354603463994
2011-06-28,103.5,104.5,103.0,103.0,103.0,2308,-0.9980144873430055,-0.9972831788638881,-0.9875186905256274,-1.0018224267390128,-1.0018224267390128,0.004878048780487805,-0.0204469805040419,-0.021222679759265135,-0.04074505238649592,-0.04523544679273263,-0.05547913801008709
2011-06-29,103.5,104.0,102.0,103.5,103.5,2308,-0.9980144873430055,-1.003355272175649,-0.9999628000506663,-0.9956746497782182,-0.9956746497782182,0.013712047012732672,-0.01240458015267173,-0.014285714285714285,-0.031352363125877344,-0.038461538461538464,-0.046815042210283916
2011-06-30,103.5,105.5,103.0,105.5,105.5,2308,-0.9980144873430055,-0.9851389922403663,-0.9875186905256274,-0.9710835419350395,-0.9710835419350395,0.02526724975704562,0.00908656145384986,0.004124365482233539,-0.008225616921269096,-0.019334448782301526,-0.024503005085529408
2011-07-01,106.5,108.5,104.5,105.0,105.0,2308,-0.9610707259438355,-0.9487064323698009,-0.968852526238069,-0.9772313188958341,-0.9772313188958341,0.010587102983638057,0.007677543186180395,-0.0006345177664974259,-0.009200283085633351,-0.022164276401564497,-0.026275115919629013
2011-07-04,107.0,107.0,105.0,105.0,105.0,2308,-0.9549134323773071,-0.9669227123050836,-0.9626304714755495,-0.9772313188958341,-0.9772313188958341,0.0057471264367815545,0.009615384615384616,-0.0009514747859181191,-0.004739336492890996,-0.0197908887229276,-0.023104357264692208
2011-07-05,105.0,107.5,105.0,106.5,106.5,2308,-0.9795426066434204,-0.9608506189933227,-0.9626304714755495,-0.9587879880134502,-0.9587879880134502,0.013320647002854479,0.026011560693641647,0.012999365884590932,0.012357414448669174,-0.0039281705948372775,-0.008533747090768082
2011-07-06,108.0,109.5,106.5,109.5,109.5,2308,-0.9425988452442504,-0.9365622457462792,-0.9439643071879912,-0.9219013262486822,-0.9219013262486822,0.030103480714957696,0.050863723608445266,0.03988603988603991,0.039639211962971724,0.025857223159078183,0.019394879751745493
2011-07-07,109.0,109.0,107.0,108.0,108.0,2308,-0.9302842581111938,-0.9426343390580401,-0.9377422524254717,-0.9403446571310662,-0.9403446571310662,0.011235955056179803,0.030042918454935678,0.025641025641025668,0.023696682464454975,0.014465526958482118,0.005118659841786851
2011-07-08,109.0,109.0,106.5,108.0,108.0,2308,-0.9302842581111938,-0.9426343390580401,-0.9439643071879912,-0.9403446571310662,-0.9403446571310662,0.005586592178770896,0.02224325603407472,0.02596580113996201,0.02224325603407472,0.01637492941840763,0.005742666459723669
2011-07-11,109.0,109.0,105.0,106.5,106.5,2308,-0.9302842581111938,-0.9426343390580401,-0.9626304714755495,-0.9587879880134502,-0.9587879880134502,-0.011142061281337073,0.00424328147100427,0.012036743744060809,0.0070921985815602835,0.0052860109495941315,-0.0066842841598010435
2011-07-12,106.0,106.0,104.0,105.5,105.5,2308,-0.9672280195103637,-0.9790668989286054,-0.9750745810005884,-0.9710835419350395,-0.9710835419350395,-0.018604651162790697,-0.00752587017873939,0.004443033957473836,-0.0021281626862141812,-0.0015142911224682624,-0.014172247313502561
2011-07-13,106.5,106.5,100.5,103.0,103.0,2308,-0.9610707259438355,-0.9729948056168445,-1.0186289643382247,-1.0018224267390128,-1.0018224267390128,-0.03013182674199626,-0.03058823529411765,-0.017800381436745012,-0.0239279791518598,-0.023696682464454975,-0.03422409751523681
2011-07-14,106.0,106.0,100.5,101.0,101.0,2308,-0.9672280195103637,-0.9790668989286054,-1.0186289643382247,-1.0264135345821914,-1.0264135345821914,-0.0362595419847328,-0.04536862003780716,-0.03656597774244829,-0.039695745186593745,-0.04138192862566439,-0.04881494270915088
2011-07-15,102.5,103.5,100.5,101.5,101.5,2308,-1.010329074476062,-1.00942736548741,-1.0186289643382247,-1.020265757621397,-1.020265757621397,-0.01932367149758454,-0.037458511142721695,-0.03271918678526052,-0.03171953255425712,-0.03535449534309066,-0.04064272211720224
2011-07-18,103.0,104.5,100.5,104.0,104.0,2308,-1.0041717809095339,-0.9972831788638881,-1.0186289643382247,-0.9895268728174235,-0.9895268728174235,0.009708737864077669,-0.01281442809682007,-0.009838146620120579,-0.006448531167900618,-0.011406844106463905,-0.013750592697961146
2011-07-19,103.0,103.5,102.0,102.5,102.5,2308,-1.0041717809095339,-1.00942736548741,-0.9999628000506663,-1.0079702036998075,-1.0079702036998075,0.0009765624999999445,-0.02334444973797049,-0.023809523809523808,-0.017964071856287425,-0.024367028364743977,-0.024892976058347806
2011-07-20,103.0,104.5,103.0,104.5,104.5,2308,-1.0041717809095339,-0.9972831788638881,-0.9875186905256274,-0.9833790958566289,-0.9833790958566289,0.01752677702044788,0.0004786979415988239,-0.0053934010152283905,0.0016774502755810895,-0.004382621951219453,-0.005077753094255774
2011-07-21,105.0,107.5,104.5,107.0,107.0,2308,-0.9795426066434204,-0.9608506189933227,-0.968852526238069,-0.9526402110526555,-0.9526402110526555,0.029836381135707354,0.025395304264494545,0.01743264659270994,0.022944550669216118,0.01982462828821958,0.017916600602505217
2011-07-22,109.0,109.5,107.5,109.5,109.5,2308,-0.9302842581111938,-0.9365622457462792,-0.9315201976629522,-0.9219013262486822,-0.9219013262486822,0.037914691943127965,0.04784688995215311,0.038242730720606806,0.04211277658815129,0.04325457317073177,0.04021532615579482
2011-07-25,109.5,109.5,107.0,108.0,108.0,2308,-0.9241269645446655,-0.9365622457462792,-0.9377422524254717,-0.9403446571310662,-0.9403446571310662,0.01599247412982129,0.03201146679407543,0.022082018927444748,0.025154247745609926,0.02857142857142857,0.02482998576625013
2011-07-26,104.0,104.0,100.5,102.5,102.5,2308,-0.9918571937764771,-1.003355272175649,-1.0186289643382247,-1.0079702036998075,-1.0079702036998075,-0.0357478833490122,-0.017728797316722514,-0.027514231499051287,-0.026821742226441993,-0.02157311951126389,-0.026282457251424942
2011-07-27,101.5,102.5,100.5,101.5,101.5,2308,-1.0226436616091188,-1.0215715521109316,-1.0186289643382247,-1.020265757621397,-1.020265757621397,-0.03973509933774837,-0.02591170825335895,-0.03210425937698659,-0.035400332620574904,-0.029636711281070694,-0.0340999206978588
2011-07-28,101.0,103.0,100.5,103.0,103.0,2308,-1.0288009551756472,-1.0154994587991708,-1.0186289643382247,-1.0018224267390128,-1.0018224267390128,-0.01811248808388947,-0.013409961685823809,-0.014668367346938757,-0.019980970504281582,-0.015860882858780782,-0.01826846703733126
2011-07-29,103.5,103.5,101.5,102.0,102.0,2308,-0.9980144873430055,-1.00942736548741,-1.0061848548131858,-1.0141179806606022,-1.0141179806606022,-0.013539651837524232,-0.023456199138343733,-0.020486555697823365,-0.02810862315388283,-0.02616001527592128,-0.02578796561604587
2011-08-01,101.5,106.5,101.5,106.0,106.0,2308,-1.0226436616091188,-0.9729948056168445,-1.0061848548131858,-0.9649357649742448,-0.9649357649742448,0.02912621359223301,0.012900143334925888,0.018251681075888624,0.009523809523809525,0.010678871090770448,0.012738853503184667
2011-08-02,106.0,106.0,104.0,104.5,104.5,2308,-0.9672280195103637,-0.9790668989286054,-0.9750745810005884,-0.9833790958566289,-0.9833790958566289,0.01063829787234037,-0.0033381020505483484,0.0044857417494393,-0.003813155386082037,-0.004192872117400398,-0.00031887755102039003
2011-08-03,104.0,104.0,101.5,104.0,104.0,2308,-0.9918571937764771,-1.003355272175649,-1.0061848548131858,-0.9895268728174235,-0.9895268728174235,0.0009624639076034101,-0.007633587786259515,-0.0009606147934677648,-0.005973715651135006,-0.009146341463414575,-0.004625937151060785
2011-08-04,102.5,104.0,101.0,101.0,101.0,2308,-1.010329074476062,-1.003355272175649,-1.0124069095757051,-1.0264135345821914,-1.0264135345821914,-0.024154589371980676,-0.030710172744721716,-0.02977905859750235,-0.03140733637017507,-0.036075586944073305,-0.03318442884492663
2011-08-05,94.0,97.1,94.0,95.6,95.6,2308,-1.1150030651070437,-1.0871501598779494,-1.0995156762509777,-1.092809525758774,-1.092809525758774,-0.06476227744081398,-0.07012936484777765,-0.07816919516585243,-0.07770971009599158,-0.08432627102409884,-0.08358895705521484
2011-08-08,95.6,95.6,89.0,89.0,89.0,2308,-1.095299725694153,-1.1053664398132321,-1.1617362238761724,-1.1739601816412635,-1.1739601816412635,-0.09937259664035628,-0.11802596373005646,-0.13345449824743605,-0.13407277680482585,-0.1422844146332062,-0.1431597188793686
2011-08-09,82.8,90.3,82.8,90.0,90.0,2308,-1.2529264409972782,-1.1697306289178975,-1.2388897029314136,-1.161664627719674,-1.161664627719674,-0.06171809841534614,-0.09692956050571941,-0.11654996400759102,-0.11769030929856375,-0.1270949720670392,-0.12990235570880745
2011-08-10,90.1,91.0,85.2,86.1,86.1,2308,-1.1630299549259648,-1.1612296982814323,-1.2090238400713202,-1.2096172880138725,-1.2096172880138725,-0.06757634827810276,-0.12250305748063593,-0.1445320262303769,-0.14887307236061686,-0.15727037820061088,-0.1629127912629226
2011-08-11,85.0,88.3,83.3,87.1,87.1,2308,-1.2258343493045536,-1.194019002164941,-1.232667648168894,-1.1973217340922833,-1.1973217340922833,-0.027467619472978943,-0.09768983735626237,-0.12303664921465968,-0.13303140397153246,-0.14044921643705852,-0.14811071626511926
2011-08-12,87.1,88.0,82.2,82.3,82.3,2308,-1.1999737163251347,-1.1976622581519976,-1.2463561686464368,-1.256340392915912,-1.256340392915912,-0.05293440736478705,-0.12965313028764797,-0.15595514836592367,-0.1729058841264258,-0.17949433721486696,-0.18905603363331813
2011-08-15,82.9,84.3,82.5,84.3,84.3,2308,-1.2516949822839725,-1.2425957486590282,-1.2426229357889254,-1.2317492850727332,-1.2317492850727332,-0.019311307584923346,-0.08756358913302295,-0.12120369726874695,-0.1443361753958587,-0.15204796008690755,-0.16366281953768316
2011-08-16,84.8,85.2,81.7,81.8,81.8,2308,-1.228297266731165,-1.2316659806978585,-1.2525782234089564,-1.2624881698767065,-1.2624881698767065,-0.02988614800759009,-0.09232134931202834,-0.13481878437455921,-0.16089654818690044,-0.16927326644188992,-0.18178180848226205
2011-08-17,82.0,82.2,79.6,79.9,79.9,2308,-1.2627781107037237,-1.268098540568424,-1.2787108534115383,-1.2858497223277263,-1.2858497223277263,-0.038276360134809735,-0.0890434386044921,-0.1418444794500929,-0.1699132512596747,-0.1808824735503978,-0.19282058189655177
2011-08-18,78.1,78.1,75.0,75.5,75.5,2308,-1.3108050005226446,-1.3178897057248633,-1.3359537572267173,-1.3399501595827192,-1.3399501595827192,-0.06513125309559177,-0.11343353687177075,-0.17281425754145052,-0.20257710181664548,-0.21781111433425895,-0.22883115998774314
2011-08-19,70.4,71.4,70.3,70.7,70.7,2308,-1.4056273214471808,-1.3992557561024592,-1.3944410719944003,-1.398968818406348,-1.398968818406348,-0.09867414584395727,-0.1447925486875529,-0.2072806099566452,-0.23765365538063396,-0.25806993241825127,-0.26857024622387754
2011-08-22,70.5,71.4,68.8,70.5,70.5,2308,-1.4043958627338753,-1.3992557561024592,-1.4131072362819586,-1.401427929190666,-1.401427929190666,-0.06844608879492592,-0.127691165553081,-0.18797512093987553,-0.2241236999944973,-0.24961682561307913,-0.2614707730986801
2011-08-23,71.5,75.4,71.5,75.4,75.4,2308,-1.3920812756008185,-1.350679009608372,-1.3795081405643534,-1.341179714974878,-1.341179714974878,0.013440860215053762,-0.04989919354838702,-0.11168708765315713,-0.15763601832197505,-0.18809493043890255,-0.20175036171789537
2011-08-24,76.6,77.6,75.5,76.2,76.2,2308,-1.3292768812222298,-1.3239617990366244,-1.3297317024641977,-1.3313432718376068,-1.3313432718376068,0.034482758620689745,-0.02768916677299989,-0.08222257909105493,-0.1364949855515892,-0.16935554199005842,-0.18557839609533647
2011-08-25,77.0,78.0,75.8,76.5,76.5,2308,-1.324351046369007,-1.3191041243872155,-1.3259984696066862,-1.32765460566113,-1.32765460566113,0.035743298131600335,-0.010477299185098982,-0.0601195839135064,-0.11988034974689357,-0.15484555216757265,-0.17517251293847041
2011-08-26,76.1,80.2,76.1,80.1,80.1,2308,-1.335434174788758,-1.2923869138154676,-1.3222652367491745,-1.2833906115434084,-1.2833906115434084,0.057565355162397476,0.039045271760280074,-0.0032354405176705466,-0.06670550538887281,-0.10342511752854275,-0.12966316551973928
2011-08-29,82.5,83.8,81.3,83.0,83.0,2308,-1.2566208171371953,-1.248667841970789,-1.257555867218972,-1.2477335051707994,-1.2477335051707994,0.06083844580777084,0.07848232848232857,0.038019009504752274,-0.019781517567168554,-0.06044826805524115,-0.09124087591240872
2011-08-30,83.8,84.4,82.8,83.0,83.0,2308,-1.2406118538642217,-1.241381329996676,-1.2388897029314136,-1.2477335051707994,-1.2477335051707994,0.040621865596790305,0.07680332122470163,0.04411271385441119,-0.007177033492822899,-0.052078574691640046,-0.08472707222936963
2011-08-31,83.5,85.1,83.2,85.0,85.0,2308,-1.2443062300041385,-1.2328803993602109,-1.233912059121398,-1.2231423973276208,-1.2231423973276208,0.0426889106967614,0.09550199768011337,0.07025938050868777,0.028433151845129997,-0.02186421173762952,-0.055905220288781914
2011-09-01,87.2,87.2,85.3,86.0,86.0,2308,-1.198742257611829,-1.207377607450815,-1.2077794291188164,-1.2108468434060313,-1.2108468434060313,0.030927835051546372,0.09359104781281789,0.08385145353722068,0.05006105006104999,-0.002551612154952434,-0.037313432835820844
2011-09-02,88.0,88.0,85.7,86.0,86.0,2308,-1.1888905879053837,-1.1976622581519976,-1.2028017853088007,-1.2108468434060313,-1.2108468434060313,0.016548463356974064,0.07272046900336801,0.08049250355976212,0.05625153524932447,0.004907688712315982,-0.028797289666854853
2011-09-05,84.0,84.0,81.7,83.0,83.0,2308,-1.2381489364376104,-1.2462390046460847,-1.2525782234089564,-1.2477335051707994,-1.2477335051707994,-0.018912529550827357,0.019405551461557514,0.043937615294314836,0.02317554240631158,-0.019607843137254864,-0.05377161314839447
2011-09-06,81.5,81.9,79.2,79.4,79.4,2308,-1.2689354042702519,-1.2717417965554805,-1.2836884972215536,-1.2919974992885208,-1.2919974992885208,-0.053409632808774324,-0.029577120508433166,0.0006721559401782264,-0.014766100012408459,-0.050875011953715216,-0.08679650360374175
2011-09-07,80.0,81.0,79.5,80.0,80.0,2308,-1.287407284969837,-1.2826715645166502,-1.279955264364042,-1.2846201669355675,-1.2846201669355675,-0.034749034749034693,-0.026763990267639936,0.00814920608250032,-0.003549853646384712,-0.03260133501015766,-0.07224863736518618
2011-09-08,80.0,80.0,78.1,79.8,79.8,2308,-1.287407284969837,-1.2948157511401719,-1.2973770176990966,-1.2870792777198852,-1.2870792777198852,-0.02253797158255761,-0.03307888040712473,0.0020090406830737895,-0.0015015015015015583,-0.025021991985143214,-0.06619339236260108
2011-09-09,78.5,80.3,78.4,79.0,79.0,2308,-1.305879165669422,-1.2911724951531154,-1.2936437848415847,-1.2969157208571567,-1.2969157208571567,-0.015453639082751682,-0.04149478281970397,-0.014880704963006178,-0.009466491129082759,-0.026901852581789485,-0.06718620852520972
2011-09-13,77.0,77.0,76.2,76.5,76.5,2308,-1.324351046369007,-1.3312483110107374,-1.3210208257966705,-1.32765460566113,-1.32765460566113,-0.0309095515581454,-0.06444906444906456,-0.05078997435685334,-0.03609903609903621,-0.051856625848991096,-0.0860942975469896
2011-09-14,76.0,76.7,71.8,73.0,73.0,2308,-1.3366656335020637,-1.3348915669977939,-1.3757749077068417,-1.3706890443866926,-1.3706890443866926,-0.06000515065670869,-0.09619908381824946,-0.09241607956900129,-0.07507127019322138,-0.08754562271886394,-0.11682864862685018
2011-09-15,74.1,75.5,73.4,73.5,73.5,2308,-1.3600633490548713,-1.34946459094602,-1.3558643324667794,-1.3645412674258979,-1.3645412674258979,-0.03745416448402304,-0.07686510926902794,-0.08415019106163828,-0.064944978054831,-0.07547169811320754,-0.09970602645761897
2011-09-16,74.6,78.6,74.5,78.6,78.6,2308,-1.353906055488343,-1.3118176124131025,-1.3421758119892366,-1.3018339424257925,-1.3018339424257925,0.032580136626379264,-0.003549695740365306,-0.022306990629405637,-0.002031488065007755,-0.007074279939363344,-0.028350090654359863
2011-09-19,79.0,79.4,76.5,77.5,77.5,2308,-1.2997218721028936,-1.302102263114285,-1.3172875929391588,-1.3153590517395406,-1.3153590517395406,0.022157742020574946,-0.006792259387415111,-0.03390675641984541,-0.02022756005056883,-0.018589808530037527,-0.03474903474903465
2011-09-20,77.9,79.5,77.0,79.0,79.0,2308,-1.313267917949256,-1.3008878444519327,-1.3110655381766394,-1.2969157208571567,-1.2969157208571567,0.03511530398322841,0.017647816565760532,-0.011923622112899188,-0.006601697579377625,0.0030981766468586493,-0.011964814274398593
2011-09-21,78.3,80.1,77.7,79.9,79.9,2308,-1.3083420830960333,-1.2936013324778197,-1.3023546615091122,-1.2858497223277263,-1.2858497223277263,0.02831402831402835,0.028578784757981632,0.0019227553920751156,0.0018808777429467798,0.015505846466700543,0.003516704345641992
2011-09-22,78.5,78.6,77.5,78.2,78.2,2308,-1.305879165669422,-1.3118176124131025,-1.3048434834141198,-1.3067521639944282,-1.3067521639944282,-0.005595116988809737,0.009032258064516166,-0.013788464772153855,-0.020663744520976725,-0.005240930137892332,-0.014575545007770642
2011-09-23,76.3,79.2,74.8,77.1,77.1,2308,-1.3329712573621466,-1.3045311004389892,-1.338442579131725,-1.3202772733081765,-1.3202772733081765,-0.015828440132754775,-0.0016832836980447425,-0.020330368487928952,-0.034802203304957625,-0.02003152168386811,-0.02433880288522376
2011-09-26,76.1,78.6,76.0,76.0,76.0,2308,-1.335434174788758,-1.3118176124131025,-1.3235096477016783,-1.3338023826219247,-1.3338023826219247,-0.02614044079959003,-0.012088911997920093,-0.026057240495514715,-0.04612488233448381,-0.03660886319845864,-0.03569615970224986
2011-09-27,77.0,78.6,76.3,76.7,76.7,2308,-1.324351046369007,-1.3118176124131025,-1.3197764148441666,-1.325195494876812,-1.325195494876812,-0.011343129672596153,-0.003248862897985705,-0.011767737502147133,-0.033518145161290105,-0.030782450465022326,-0.023676171079429726
2011-09-28,75.6,75.8,73.0,74.2,74.2,2308,-1.3415914683552863,-1.3458213349589634,-1.3608419762767952,-1.3559343796807855,-1.3559343796807855,-0.029304029304029238,-0.03723887375113539,-0.03968938740293351,-0.05980739989863134,-0.06180457212219289,-0.05244338498212143
2011-09-29,72.9,73.3,71.4,71.6,71.6,2308,-1.3748408536145391,-1.3761818015177678,-1.3807525515168573,-1.3879028198769179,-1.3879028198769179,-0.046858359957401625,-0.06867845993756505,-0.06657396141143772,-0.0849840255591055,-0.09256818412247814,-0.08240420351146986
2011-09-30,72.0,72.5,70.5,72.5,72.5,2308,-1.3859239820342901,-1.3858971508165854,-1.3919522500893924,-1.3768368213474873,-1.3768368213474873,-0.022911051212938044,-0.04942965779467676,-0.04880608764103926,-0.06542056074766359,-0.07929493040739612,-0.06967791607853192
2011-10-03,71.8,73.3,71.5,72.0,72.0,2308,-1.3883868994609017,-1.3761818015177678,-1.3795081405643534,-1.382984598308282,-1.382984598308282,-0.019073569482288905,-0.049128367670364485,-0.04954677461937883,-0.06341463414634146,-0.08186687069625098,-0.07660738714090283
2011-10-04,71.1,72.5,71.1,71.6,71.6,2308,-1.3970071104540414,-1.3858971508165854,-1.384485784374369,-1.3879028198769179,-1.3879028198769179,-0.01077645758496824,-0.04507868765003996,-0.05073360438394929,-0.06166044164864686,-0.08162741778256637,-0.08216895269837214
2011-10-05,71.0,71.6,69.0,69.0,69.0,2308,-1.398238569167347,-1.396826918777755,-1.4106184143769507,-1.4198712600730499,-1.4198712600730499,-0.0328006728343146,-0.06617945594803086,-0.08195848855774361,-0.08952959028831559,-0.10857320035140298,-0.11307253952611508
2011-10-06,69.5,70.2,69.1,69.8,69.8,2308,-1.4167104498669318,-1.4138287800506855,-1.4093740034244469,-1.4100348169357786,-1.4100348169357786,-0.016624401239785754,-0.04449007529089665,-0.06825665213135192,-0.07273331119229502,-0.09109849471326627,-0.10032223415682061
2011-10-07,70.0,70.2,68.7,69.2,69.2,2308,-1.4105531563004035,-1.4138287800506855,-1.4143516472344624,-1.4174121492887322,-1.4174121492887322,-0.0159271899886233,-0.0423470799889289,-0.06847348110921644,-0.07418556425178927,-0.09095685986022796,-0.10524954745280579
2011-10-11,70.5,73.0,70.5,72.0,72.0,2308,-1.4043958627338753,-1.3798250575048243,-1.3919522500893924,-1.382984598308282,-1.382984598308282,0.023890784982935252,0.0019482326746451512,-0.025974025974025997,-0.03219302372471282,-0.04716531681753207,-0.06578435188789421
2011-10-12,71.1,72.0,70.8,71.3,71.3,2308,-1.3970071104540414,-1.3919692441283462,-1.3882190172318807,-1.3915914860533944,-1.3915914860533944,0.014802163393111186,-0.0002804262478969466,-0.028698574153119643,-0.03824104673905723,-0.05054863108554374,-0.07016171100678155
2011-10-13,72.4,72.8,71.8,72.4,72.4,2308,-1.3809981471810675,-1.3822538948295289,-1.3757749077068417,-1.3780663767396462,-1.3780663767396462,0.020580772483789027,0.01771155468091095,-0.0069495245062179125,-0.023007894204169547,-0.0322925577416595,-0.051445541095292105
2011-10-14,72.0,72.1,70.6,70.7,70.7,2308,-1.3859239820342901,-1.390754825465994,-1.3907078391368886,-1.398968818406348,-1.398968818406348,-0.005905511811023645,-0.004926108374384157,-0.023570573612006217,-0.04414249983100115,-0.050292837569179516,-0.06789716545814097
2011-10-17,71.1,71.8,70.8,71.6,71.6,2308,-1.3970071104540414,-1.3943980814530506,-1.3882190172318807,-1.3879028198769179,-1.3879028198769179,0.0,0.009019165727170044,-0.006107717934481009,-0.027372138830401422,-0.03394678611905669,-0.050019901817699663
2011-10-18,71.0,71.0,69.0,69.6,69.6,2308,-1.398238569167347,-1.404113430751868,-1.4106184143769507,-1.4124939277200965,-1.4124939277200965,-0.021372328458942776,-0.015837104072398255,-0.02811394526159005,-0.049440043703906096,-0.056143205858421495,-0.06980888314696855
2011-10-19,70.5,70.9,69.8,70.9,70.9,2308,-1.4043958627338753,-1.40532784941422,-1.4006631267569196,-1.39650970762203,-1.39650970762203,-0.001970720720720529,0.003538570417551309,-0.004586297266941239,-0.026299526196525334,-0.03558409053811414,-0.04729911314162872
2011-10-20,71.5,71.6,70.5,70.7,70.7,2308,-1.3920812756008185,-1.396826918777755,-1.3919522500893924,-1.398968818406348,-1.398968818406348,0.0,-0.0016944365998306204,-0.004131843365574078,-0.02287333287264185,-0.037099585966441535,-0.046270066100094515
2011-10-21,70.7,71.0,70.0,70.1,70.1,2308,-1.4019329453072638,-1.404113430751868,-1.3981743048519117,-1.4063461507593018,-1.4063461507593018,-0.006800793425899745,-0.01058574453069866,-0.011190520970472314,-0.025712300208478228,-0.043499617945639155,-0.050135501355013594
2011-10-24,71.6,73.5,71.2,73.2,73.2,2308,-1.390849816887513,-1.3737529641930635,-1.3832413734218652,-1.3682299336023747,-1.3682299336023747,0.03244005641748938,0.027368421052631618,0.031857908091344665,0.020137969479478886,0.0017516969564265396,-0.005164446860559873
2011-10-25,73.8,74.3,72.8,73.4,73.4,2308,-1.3637577251947883,-1.3640376148942461,-1.3633307981818028,-1.365770822818057,-1.365770822818057,0.024281328495674145,0.028155203810057504,0.03331769122477721,0.024781849912740045,0.006748230646842657,9.083477155066056e-05
2011-10-26,73.2,74.8,72.5,74.7,74.7,2308,-1.3711464774746223,-1.3579655215824853,-1.3670640310393145,-1.3497866027199907,-1.3497866027199907,0.031483015741507886,0.04140526976160621,0.048568220101066935,0.04439007340090873,0.02700175978882532,0.018636363636363742
2011-10-27,74.8,74.9,73.5,73.9,73.9,2308,-1.3514431380617316,-1.356751102920133,-1.3546199215142756,-1.3596230458572622,-1.3596230458572622,0.011497399397755513,0.028102392877017397,0.03260363297624606,0.03342189903509999,0.019366585742661813,0.0073151892407652686
2011-10-28,75.5,75.5,74.1,74.1,74.1,2308,-1.3428229270685919,-1.34946459094602,-1.3471534557992524,-1.3571639350729445,-1.3571639350729445,0.003249390739236324,0.026031570202160004,0.03126739654852462,0.03441055350038394,0.024442846872753225,0.009766068589597833
2011-10-31,74.2,74.4,70.5,71.3,71.3,2308,-1.3588318903415655,-1.3628231962318937,-1.3919522500893924,-1.3915914860533944,-1.3915914860533944,-0.029667936853565686,-0.012328577365286059,-0.009630521344569064,-0.003842123646524704,-0.011095700416088728,-0.025157232704402562
2011-11-01,70.8,71.5,70.0,71.1,71.1,2308,-1.4007014865939582,-1.398041337440107,-1.3981743048519117,-1.3940505968377124,-1.3940505968377124,-0.026294165981922784,-0.01714127730163131,-0.011584800741427379,-0.006011463721515543,-0.01118157543391191,-0.025047993418045734
2011-11-02,70.0,71.6,70.0,71.6,71.6,2308,-1.4105531563004035,-1.396826918777755,-1.3981743048519117,-1.3879028198769179,-1.3879028198769179,-0.011049723756906233,-0.011186300234774234,-0.004910590197350211,0.0009786103732698612,-0.0013947001394701327,-0.014859658778206004
2011-11-03,71.6,71.6,70.7,71.4,71.4,2308,-1.390849816887513,-1.396826918777755,-1.3894634281843845,-1.3903619306612356,-1.3903619306612356,-0.006954102920723226,-0.014900662251655412,-0.006769915607901297,-0.003489183531053733,-0.002626138458959635,-0.013766748008656056
2011-11-04,72.4,73.0,71.4,71.4,71.4,2308,-1.3809981471810675,-1.3798250575048243,-1.3807525515168573,-1.3903619306612356,-1.3903619306612356,0.0005605381165920158,-0.0166643712987191,-0.007414272474513412,-0.004600585529067312,-0.0025146689019278096,-0.010669253152279285
2011-11-07,71.6,73.8,71.6,73.3,73.3,2308,-1.390849816887513,-1.370109708206007,-1.3782637296118496,-1.3670003782102158,-1.3670003782102158,0.021460423634336766,0.009363811622142558,0.0173961321365781,0.018975463960519842,0.023571468468971717,0.017443205478184343
2011-11-08,74.3,74.7,73.3,74.0,74.0,2308,-1.35760043162826,-1.3591799402448372,-1.3571087434192834,-1.3583934904651034,-1.3583934904651034,0.022947193807022346,0.01816180517336259,0.022947193807022547,0.027278406330256175,0.03219327121575639,0.02811096188579622
2011-11-09,74.0,74.3,72.4,72.4,72.4,2308,-1.361294807768177,-1.3640376148942461,-1.3683084419918183,-1.3780663767396462,-1.3780663767396462,-0.0013793103448275078,-0.0006901311249136944,-0.0005521811154057432,0.0043001803301429085,0.009425018125035082,0.007888631090487385
2011-11-10,71.6,71.8,70.0,70.7,70.7,2308,-1.390849816887513,-1.3943980814530506,-1.3981743048519117,-1.398968818406348,-1.398968818406348,-0.02294085129906021,-0.019825315402745135,-0.024019878520154542,-0.018123741406846645,-0.015210608424336955,-0.014176156170113861
2011-11-11,70.7,71.5,70.7,71.4,71.4,2308,-1.4019329453072638,-1.398041337440107,-1.3894634281843845,-1.3903619306612356,-1.3903619306612356,-0.013266998341625121,-0.006401335930976812,-0.015534516040077192,-0.008883953359244676,-0.006346025384101579,-0.0043229675080184386
2011-11-14,72.0,73.0,72.0,72.7,72.7,2308,-1.3859239820342901,-1.3798250575048243,-1.3732860858018339,-1.3743777105631694,-1.3743777105631694,0.006367663344407641,0.009722222222222262,0.002850836858561662,0.008391705388723268,0.009778321017834234,0.013711364164536383
2011-11-15,72.6,73.5,71.6,72.2,72.2,2308,-1.3785352297544564,-1.3737529641930635,-1.3782637296118496,-1.380525487523964,-1.380525487523964,0.004451864218141251,0.0012480931909583056,-0.0029460504511140432,-0.0003461405330564996,0.002722070996055746,0.00664590788678709
2011-11-16,72.2,72.5,70.4,70.5,70.5,2308,-1.3834610646076788,-1.3858971508165854,-1.3931966610418962,-1.401427929190666,-1.401427929190666,-0.013986013986013986,-0.020833333333333332,-0.02264325323475055,-0.02361332317706547,-0.020452398154838108,-0.01655351994792152
2011-11-17,70.1,70.7,70.0,70.6,70.6,2308,-1.409321697587098,-1.4077566867389244,-1.3981743048519117,-1.400198373798507,-1.400198373798507,-0.012311135982093028,-0.01835372636262524,-0.018262723648836746,-0.022160664819944716,-0.018080667593880547,-0.015890716476163934
2011-11-18,70.2,70.7,70.1,70.6,70.6,2308,-1.4080902388737921,-1.4077566867389244,-1.396929893899408,-1.400198373798507,-1.400198373798507,-0.010095344924284898,-0.0172605790645881,-0.01506696428571446,-0.02249913464866736,-0.01802603760988103,-0.016256386437529094
2011-11-21,70.2,70.5,69.0,70.0,70.0,2308,-1.4080902388737921,-1.410185524063629,-1.4106184143769507,-1.4075757061514607,-1.4075757061514607,-0.011020062164453252,-0.021115927842259893,-0.022255331036409354,-0.028654686741136443,-0.025503953669673597,-0.02497910669514332
2011-11-22,70.0,70.0,66.6,66.9,66.9,2308,-1.4105531563004035,-1.4162576173753898,-1.4404842772370443,-1.4456919233083874,-1.4456919233083874,-0.040447504302925895,-0.055084745762711745,-0.06188651023651482,-0.06746584889880108,-0.06725782164965699,-0.06594685158467886
2011-11-23,66.5,66.5,63.9,64.2,64.2,2308,-1.453654211266102,-1.4587622705577161,-1.4740833729546492,-1.4788899188966786,-1.4788899188966786,-0.06222611744084144,-0.08259502715061429,-0.09347641909065223,-0.0985045285403356,-0.1015450067174205,-0.10067239447142325
2011-11-24,64.0,65.8,63.8,65.8,65.8,2308,-1.4844406790987434,-1.4672632011941813,-1.4753277839071532,-1.4592170326221359,-1.4592170326221359,-0.025185185185185227,-0.05310116563534319,-0.06596006435128242,-0.07075271854257881,-0.07662082514734785,-0.07540983606557387
2011-11-25,70.0,70.4,66.9,67.0,67.0,2308,-1.4105531563004035,-1.411399942725981,-1.4367510443795324,-1.4444623679162285,-1.4444623679162285,0.003294399520814598,-0.029688631426502493,-0.04494915898508034,-0.04903839330068836,-0.05814215024741354,-0.056913620794820104
2011-11-28,67.9,68.5,67.6,67.6,67.6,2308,-1.4364137892798226,-1.4344738973106725,-1.4280401677120054,-1.4370850355632752,-1.4370850355632752,0.01960784313725486,-0.013714619200466849,-0.031148480794955077,-0.0379962999857692,-0.04670577617328517,-0.04667888873219578
2011-11-29,68.1,68.7,67.9,68.0,68.0,2308,-1.4339508718532112,-1.432045059985968,-1.4243069348544934,-1.4321668139946393,-1.4321668139946393,0.022248947684906855,-0.0017615971814445763,-0.01979627138189488,-0.030164729373172574,-0.0381351137263777,-0.04031613115679525
2011-11-30,67.4,67.4,64.5,65.0,65.0,2308,-1.4425710828463507,-1.4478325025965464,-1.4666169072396258,-1.4690534757594074,-1.4690534757594074,-0.025194961007798333,-0.03803463075329298,-0.056329849012775976,-0.06856774378448086,-0.07549638732434422,-0.08010189640532121
2011-12-01,68.0,68.0,66.2,66.4,66.4,2308,-1.4351823305665168,-1.4405459906224334,-1.4454619210470596,-1.451839700269182,-1.451839700269182,-0.005988023952095681,-0.011169024571854057,-0.03197589658858948,-0.045085208887610424,-0.051536967203748,-0.058378633892696666
2011-12-02,66.4,66.8,63.8,63.9,63.9,2308,-1.4548856699794075,-1.4551190145706596,-1.4753277839071532,-1.4825785850731554,-1.4825785850731554,-0.034451495920217505,-0.03880866425992767,-0.06158214215782262,-0.07605552342394445,-0.08189655172413787,-0.0911676859621676
2011-12-05,64.0,65.1,63.0,64.2,64.2,2308,-1.4844406790987434,-1.4757641318306467,-1.4852830715271843,-1.4788899188966786,-1.4788899188966786,-0.019847328244274764,-0.025796661608497765,-0.049264488103465315,-0.0655701913980059,-0.07380691326677803,-0.08298814455077849
2011-12-06,64.2,65.1,64.0,64.4,64.4,2308,-1.4819777616721321,-1.4757641318306467,-1.4728389620021454,-1.4764308081123607,-1.4764308081123607,-0.005866008027168809,-0.01904036557501904,-0.03890160183066365,-0.056064492488090714,-0.06731549067315484,-0.07617271553579116
2011-12-07,65.0,65.4,64.7,65.1,65.1,2308,-1.472126091965687,-1.47212087584359,-1.4641280853346181,-1.4678239203672483,-1.4678239203672483,0.004629629629629586,-0.009735320961362955,-0.0232069620886268,-0.04067197170645434,-0.05361400244228648,-0.06182447038478195
2011-12-08,65.1,65.1,64.2,65.0,65.0,2308,-1.4708946332523813,-1.4757641318306467,-1.4703501400971375,-1.4690534757594074,-1.4690534757594074,0.0074395536267822335,-0.010051781906792517,-0.019213358817020527,-0.03810580836108032,-0.05153796766474051,-0.05924353531455037
2011-12-09,64.0,64.3,63.4,64.3,64.3,2308,-1.4844406790987434,-1.485479481129464,-1.4803054277171686,-1.4776603635045198,-1.4776603635045198,-0.00464396284829717,-0.016669215476372585,-0.023587770803806352,-0.04343945254388577,-0.05784784902121685,-0.06495395055744065
2011-12-12,64.5,65.3,64.5,65.0,65.0,2308,-1.4782833855322153,-1.4733352945059421,-1.4666169072396258,-1.4690534757594074,-1.4690534757594074,0.0037059913526869847,-0.0019960079840318666,-0.007936507936507877,-0.027455674422084353,-0.042935390776841935,-0.0518792239996109
2011-12-13,64.5,64.5,63.8,64.2,64.2,2308,-1.4782833855322153,-1.4830506438047597,-1.4753277839071532,-1.4788899188966786,-1.4788899188966786,-0.00803461063040785,-0.00849420849420845,-0.017447199265381092,-0.03364190562203636,-0.04922694153189974,-0.060396136208410556
2011-12-14,64.0,65.9,64.0,65.1,65.1,2308,-1.4844406790987434,-1.4660487825318291,-1.4728389620021454,-1.4678239203672483,-1.4678239203672483,0.005871446229913403,0.0052501544163064155,-0.004587155963302926,-0.016096123328043496,-0.03171108995716333,-0.04419321685508743
2011-12-15,64.6,64.7,63.9,64.0,64.0,2308,-1.4770519268189095,-1.4806218064800551,-1.4740833729546492,-1.4813490296809966,-1.4813490296809966,-0.008059516429014417,-0.008059516429014417,-0.01960784313725492,-0.027872712083238518,-0.044262588853712426,-0.056928139888992535
2011-12-16,64.9,64.9,64.2,64.4,64.4,2308,-1.4733575506789924,-1.4781929691553508,-1.4703501400971375,-1.4764308081123607,-1.4764308081123607,-0.0021691973969631324,-0.002632801610655129,-0.010853983207044799,-0.01716901945822205,-0.03425109471537388,-0.04775986988023052
2011-12-19,64.0,64.1,63.2,63.5,63.5,2308,-1.4844406790987434,-1.4879083184541684,-1.4827942496221764,-1.4874968066417913,-1.4874968066417913,-0.011519302615193166,-0.015503875968992248,-0.02056555269922872,-0.026073619631901884,-0.042463357259183133,-0.05651032638304187
2011-12-20,63.7,64.7,63.7,64.3,64.3,2308,-1.4881350552386605,-1.4806218064800551,-1.476572194859657,-1.4776603635045198,-1.4776603635045198,0.0006224712107066022,-0.002946193208249306,-0.004438480594549883,-0.011833410173659293,-0.025757575757575802,-0.04001194386384005
2011-12-21,66.5,68.5,65.8,68.3,68.3,2308,-1.453654211266102,-1.4344738973106725,-1.4504395648570754,-1.4284781478181625,-1.4284781478181625,0.052388289676425136,0.05384971455022388,0.053903919349861225,0.04634239754883173,0.03623012501517183,0.02179225053607934
2011-12-22,68.3,69.2,68.0,68.7,68.7,2308,-1.4314879544266,-1.4259729666742071,-1.4230625239019896,-1.4235599262495267,-1.4235599262495267,0.04343863912515187,0.054004295796256686,0.05757389162561591,0.050137572607765225,0.04350203536059306,0.028802475914740656
2011-12-23,69.5,71.5,69.5,70.7,70.7,2308,-1.4167104498669318,-1.398041337440107,-1.4043963596144313,-1.398968818406348,-1.398968818406348,0.05365126676602099,0.07414159829838947,0.08081940481043612,0.07766176358509282,0.0738153098420413,0.059123139918106554
2011-12-26,71.0,71.8,70.7,71.6,71.6,2308,-1.398238569167347,-1.3943980814530506,-1.3894634281843845,-1.3879028198769179,-1.3879028198769179,0.04190919674039574,0.0770156438026475,0.08638478656686215,0.08806321708076874,0.08642874484098056,0.0731951036722457
2011-12-27,70.7,71.7,70.3,71.4,71.4,2308,-1.4019329453072638,-1.3956125001154027,-1.3944410719944003,-1.3903619306612356,-1.3903619306612356,0.017964071856287293,0.06250000000000004,0.0757332261952592,0.08222811671087552,0.08044307245324137,0.07062528115159707
2011-12-28,71.0,71.1,69.5,69.7,69.7,2308,-1.398238569167347,-1.402899012089516,-1.4043963596144313,-1.4112643723279374,-1.4112643723279374,-0.010224368077250764,0.030150753768844313,0.04529094181163783,0.05271107083522118,0.051218629343629356,0.04555227761388084
2011-12-29,69.5,72.0,69.2,71.9,71.9,2308,-1.4167104498669318,-1.3919692441283462,-1.408129592471943,-1.3842141537004409,-1.3842141537004409,0.011820996341120228,0.05040175310445585,0.07089663389931494,0.08144694291945562,0.0804231532127187,0.07785328802718383
2011-12-30,72.2,72.6,71.8,72.0,72.0,2308,-1.3834610646076788,-1.3846827321542332,-1.3757749077068417,-1.382984598308282,-1.382984598308282,0.009534492428491203,0.040312093628088304,0.06424911312573903,0.07639407983256091,0.07868400551327373,0.07859782283032041
2012-01-02,72.0,72.5,70.3,71.5,71.5,2308,-1.3859239820342901,-1.3858971508165854,-1.3944410719944003,-1.3891323752690767,-1.3891323752690767,0.002805049088359086,0.021282673903727966,0.050132184470772445,0.06311798379302638,0.06869544421858167,0.07030587296043098
2012-01-03,72.0,72.5,71.0,72.2,72.2,2308,-1.3859239820342901,-1.3858971508165854,-1.3857301953268728,-1.380525487523964,-1.380525487523964,0.010355443604813809,0.01977401129943511,0.052171378606820355,0.06733683199053872,0.07645515267175572,0.07793371155568825
2012-01-04,72.4,73.2,72.2,72.2,72.2,2308,-1.3809981471810675,-1.37739622018012,-1.3707972638968262,-1.380525487523964,-1.380525487523964,0.003335186214563575,0.014187385868801668,0.04496333461983794,0.061764705882352985,0.07185273159144898,0.07365916526221891
2012-01-05,72.2,73.0,71.6,72.9,72.9,2308,-1.3834610646076788,-1.3798250575048243,-1.3782637296118496,-1.3719185997788514,-1.3719185997788514,0.010254988913525626,0.01801424382069552,0.04611116425906424,0.06586738796695657,0.07808340727595386,0.08026673252654984
2012-01-06,72.6,74.0,72.5,74.0,74.0,2308,-1.3785352297544564,-1.3676808708813026,-1.3670640310393145,-1.3583934904651034,-1.3583934904651034,0.01984564498346193,0.028634973589102063,0.05223243909375294,0.07433217189314757,0.08785134658355873,0.09278857986709325
2012-01-09,74.1,74.4,72.9,74.2,74.2,2308,-1.3600633490548713,-1.3628231962318937,-1.362086387229299,-1.3559343796807855,-1.3559343796807855,0.015047879616963182,0.027700831024930747,0.04448198198198214,0.07008941447937697,0.08441482520752946,0.0921937098277808
2012-01-10,74.5,75.9,74.5,75.6,75.6,2308,-1.3551375142016486,-1.3446069162966112,-1.3421758119892366,-1.3387206041905604,-1.3387206041905604,0.024667931688804462,0.041035527402919166,0.053022564769244926,0.08139035903304245,0.09768846555929833,0.10866695996480417
2012-01-11,75.7,75.8,75.0,75.6,75.6,2308,-1.3403600096419805,-1.3458213349589634,-1.3359537572267173,-1.3387206041905604,-1.3387206041905604,0.01531023368251411,0.032645813413467915,0.04593248478140555,0.0733300205863561,0.09103504012007148,0.10295190390507208
2012-01-12,75.6,77.0,75.5,76.7,76.7,2308,-1.3415914683552863,-1.3312483110107374,-1.3297317024641977,-1.325195494876812,-1.325195494876812,0.01967561818665254,0.04084679060930934,0.05337850210584147,0.07921767271703968,0.0994839449541284,0.11342301364560145
2012-01-13,77.5,78.6,77.2,77.9,77.9,2308,-1.3181937528024785,-1.3118176124131025,-1.3085767162716315,-1.310440830170905,-1.310440830170905,0.025000000000000074,0.04873451803984928,0.0628524649808987,0.08578995051919995,0.10804506144742836,0.12323368259156035
2012-01-16,78.4,78.5,76.0,77.7,77.7,2308,-1.3071106243827275,-1.3130320310754546,-1.3235096477016783,-1.3128999409552227,-1.3128999409552227,0.013037809647979138,0.03738317757009342,0.05427408412483039,0.07238975916085832,0.09727164887307244,0.11312735781481319
2012-01-17,77.7,78.3,76.8,78.3,78.3,2308,-1.3157308353758672,-1.315460868400159,-1.3135543600816473,-1.3055226086022693,-1.3055226086022693,0.013723459347488379,0.036948748510131,0.05582524271844641,0.07033012097600978,0.09700739744451906,0.11432637571157493
2012-01-18,78.3,79.9,77.9,79.9,79.9,2308,-1.3083420830960333,-1.296030169802524,-1.2998658396041043,-1.2858497223277263,-1.2858497223277263,0.02304737516005118,0.04745673833245942,0.06761090326028885,0.08361022580863912,0.11021565140062252,0.12916902204635386
2012-01-30,80.9,82.0,77.0,77.9,77.9,2308,-1.2763241565500858,-1.2705273778931283,-1.3110655381766394,-1.310440830170905,-1.310440830170905,-0.005616543272912914,0.014587132065642154,0.035353535353535304,0.04993597951344447,0.07412718548342624,0.09425481106897025
2012-01-31,77.9,77.9,74.8,76.5,76.5,2308,-1.313267917949256,-1.3203185430495676,-1.338442579131725,-1.32765460566113,-1.32765460566113,-0.019984627209838613,-0.006880436193690784,0.012708498808578153,0.027052426663086535,0.04783037475345174,0.06848549746263796
2012-02-01,76.3,77.2,75.4,76.5,76.5,2308,-1.3329712573621466,-1.3288194736860328,-1.3309761134167015,-1.32765460566113,-1.32765460566113,-0.01696222050886671,-0.009836914315299056,0.00825937966786729,0.023685266961059954,0.040419976063540336,0.06279522089469292
2012-02-02,77.2,81.0,77.2,81.0,81.0,2308,-1.3218881289423956,-1.2826715645166502,-1.3085767162716315,-1.272324613013978,-1.272324613013978,0.03369065849923431,0.04113110539845762,0.05937745226262087,0.07698444355803738,0.09170305676855899,0.11662531017369718
2012-02-03,81.0,81.1,78.5,79.8,79.8,2308,-1.2750926978367803,-1.281457145854298,-1.2923993738890809,-1.2870792777198852,-1.2870792777198852,0.01863671176921105,0.020199437484019412,0.03681247293200513,0.05395232120451685,0.06890270038576927,0.09270162946734213
2012-02-04,81.0,81.1,78.6,79.0,79.0,2308,-1.2750926978367803,-1.281457145854298,-1.291154962936577,-1.2969157208571567,-1.2969157208571567,0.005600814663951091,0.007010834926704871,0.021023608478373423,0.038517155251741715,0.0523791762135664,0.07439140486876103
2012-02-06,80.3,80.3,78.5,80.0,80.0,2308,-1.28371290882992,-1.2911724951531154,-1.2923993738890809,-1.2846201669355675,-1.2846201669355675,0.009336361342417296,0.017035341978133785,0.02863020744042526,0.04616189355302735,0.06044538706256631,0.08035111411208647
2012-02-07,80.2,80.6,79.2,79.6,79.6,2308,-1.2849443675432255,-1.2875292391660589,-1.2836884972215536,-1.289538388504203,-1.289538388504203,-0.0035052578868302597,0.009511731135066584,0.01877133105802032,0.03544715447154464,0.05068637803590271,0.06721487307829821
2012-02-08,80.8,82.5,79.8,82.2,82.2,2308,-1.2775556152633916,-1.2644552845813675,-1.2762220315065305,-1.257569948308071,-1.257569948308071,0.025961058412381405,0.03735487127713286,0.04615645681316833,0.062358642972536384,0.07885342293154131,0.09332742185768121
2012-02-09,82.2,84.0,81.9,84.0,84.0,2308,-1.2603151932771122,-1.2462390046460847,-1.2500894015039485,-1.23543795124921,-1.23543795124921,0.03754940711462441,0.0546139359698681,0.061499578770008334,0.07740652857051236,0.0942629357511332,0.10954561465304669
2012-02-10,83.1,83.7,79.5,79.9,79.9,2308,-1.2492320648573614,-1.2498822606331412,-1.279955264364042,-1.2858497223277263,-1.2858497223277263,-0.01528222824747344,0.0006261740763933798,0.006973617879348114,0.020238779288769815,0.03653157594312701,0.05021030494216624
2012-02-13,80.0,80.6,78.7,78.9,78.9,2308,-1.287407284969837,-1.2875292391660589,-1.2899105519840732,-1.2981452762493155,-1.2981452762493155,-0.02496292634700934,-0.014858284430016203,-0.006464069845533763,0.004327902240325909,0.019906928645294808,0.03335370645245806
2012-02-14,79.0,79.9,76.6,78.6,78.6,2308,-1.2997218721028936,-1.296030169802524,-1.316043181986655,-1.3018339424257925,-1.3018339424257925,-0.026263627353815718,-0.021170610211706138,-0.010989010989011186,-0.0022848438690023713,0.012312606254185812,0.026288300835654435
2012-02-15,78.7,78.9,77.7,78.1,78.1,2308,-1.3034162482428107,-1.3081743564260457,-1.3023546615091122,-1.3079817193865872,-1.3079817193865872,-0.022528160200250454,-0.02387201599800021,-0.017115529826327705,-0.010202141816108064,0.0028248587570621326,0.01679468819164161
2012-02-16,78.6,79.5,77.7,77.9,77.9,2308,-1.3046477069561164,-1.3008878444519327,-1.3023546615091122,-1.310440830170905,-1.310440830170905,-0.009913573970513307,-0.0240541217739915,-0.017984704597024906,-0.014173626929891046,-0.002662979464331418,0.01059459459459473
2012-02-17,79.0,79.7,78.2,79.1,79.1,2308,-1.2997218721028936,-1.2984590071272284,-1.2961326067465926,-1.2956861654649978,-1.2956861654649978,0.007386653082017117,-0.009144431917825428,-0.003861976324406078,-0.0005054334091486031,0.009495124814946979,0.02297710910893637
2012-02-20,79.7,79.9,78.6,78.8,78.8,2308,-1.2911016611097539,-1.296030169802524,-1.291154962936577,-1.2993748316414746,-1.2993748316414746,0.0038216560509553776,-0.011416384393426304,-0.009552538964303556,-0.00486203195049574,0.0032082293629372527,0.016118633139909737
2012-02-21,78.8,79.5,78.5,78.7,78.7,2308,-1.302184789529505,-1.3008878444519327,-1.2923993738890809,-1.3006043870336335,-1.3006043870336335,0.0022924095771776946,-0.01155488570710861,-0.012629642020742647,-0.006752066637218358,-0.00035565491311865914,0.011698161717444356
2012-02-22,79.0,80.0,78.8,79.5,79.5,2308,-1.2997218721028936,-1.2948157511401719,-1.2886661410315694,-1.290767943896362,-1.290767943896362,0.008883248730964504,0.0018903591682420378,-0.0013399212796246748,0.0025852828047165433,0.007808934638202926,0.018795386586928687
2012-02-23,79.5,81.1,79.5,80.8,80.8,2308,-1.2935645785363652,-1.281457145854298,-1.279955264364042,-1.274783723798296,-1.274783723798296,0.017888636936256006,0.022396558269011716,0.014141076060580685,0.018401814973531556,0.0215951044353411,0.031664964249233964
2012-02-24,81.1,81.3,79.6,80.4,80.4,2308,-1.2738612391234747,-1.2790283085295937,-1.2787108534115383,-1.2797019453669316,-1.2797019453669316,0.009542943244600767,0.016691957511380973,0.007939824488090346,0.011766186371358487,0.014639071176173787,0.023291332569683246
2012-02-29,81.0,81.3,80.4,80.8,80.8,2308,-1.2750926978367803,-1.2790283085295937,-1.268755565791507,-1.274783723798296,-1.274783723798296,0.009495252373813158,0.019301122745048582,0.01227762465547487,0.014056224899598272,0.01819648167750376,0.02542408731333809
2012-03-01,80.7,81.0,79.1,79.1,79.1,2308,-1.2787870739766973,-1.2826715645166502,-1.2849329081740577,-1.2956861654649978,-1.2956861654649978,-0.012730903644533153,-0.002773575390821973,-0.00860628342246008,-0.008896128304723819,-0.003928877247771088,0.001773049645389898
2012-03-02,79.1,80.0,78.7,79.0,79.0,2308,-1.298490413389588,-1.2948157511401719,-1.2899105519840732,-1.2969157208571567,-1.2969157208571567,-0.012746813296675782,-0.005163077698022876,-0.007205093833780215,-0.008907288922343595,-0.005538771399798562,-0.0009274091560575435
2012-03-03,79.1,79.6,78.9,79.5,79.5,2308,-1.298490413389588,-1.2996734257895808,-1.2874217300790654,-1.290767943896362,-1.290767943896362,-0.0032597793380139285,-0.0008797285409072915,0.0028593053569925925,-0.002446828533785148,0.0009568896051572273,0.00374563360127941
2012-03-05,80.0,80.0,78.8,79.1,79.1,2308,-1.287407284969837,-1.2948157511401719,-1.2886661410315694,-1.2956861654649978,-1.2956861654649978,-0.005031446540880575,-0.005906748774663982,-0.0015147689977279039,-0.007528230865746656,-0.004680893899738272,-0.0023123817532058498
2012-03-06,79.9,80.5,77.6,78.6,78.6,2308,-1.2886387436831426,-1.288743657828411,-1.303599072461616,-1.3018339424257925,-1.3018339424257925,-0.0058183657981279256,-0.011942174732872443,-0.0075757575757576835,-0.012934823558960381,-0.01201669264417521,-0.00891055817081368
2012-03-07,78.0,80.3,78.0,80.2,80.2,2308,-1.3120364592359504,-1.2911724951531154,-1.2986214286516005,-1.2821610561512495,-1.2821610561512495,0.011604439959636751,0.006273525721455458,0.011264290517821266,0.006778809942254661,0.006223025193214833,0.010202796321954755
2012-03-08,80.8,81.1,79.9,80.5,80.5,2308,-1.2775556152633916,-1.281457145854298,-1.2749776205540264,-1.2784723899747727,-1.2784723899747727,0.011560693641618519,0.00877192982456144,0.013003355704697963,0.011624253848570494,0.010240449776617491,0.013045849238642498
2012-03-09,81.1,85.2,80.5,84.3,84.3,2308,-1.2738612391234747,-1.2316659806978585,-1.2675111548390032,-1.2317492850727332,-1.2317492850727332,0.046684877079712014,0.051777916406737255,0.05515687583444592,0.059178288729739834,0.05554442552338967,0.058912196960181046
2012-03-12,85.8,85.8,84.1,84.3,84.3,2308,-1.2159826795981084,-1.2243794687237455,-1.222712360548863,-1.2317492850727332,-1.2317492850727332,0.03334150527089972,0.046684877079712014,0.05059820538384849,0.05625861420874571,0.05274988760677362,0.05608218148411084
2012-03-13,85.0,85.6,84.6,85.0,85.0,2308,-1.2258343493045536,-1.22680830604845,-1.2164903057863437,-1.2231423973276208,-1.2231423973276208,0.02582669563118514,0.04990118577075089,0.05389320548851028,0.06097484865505842,0.05884697792615463,0.061085219707057416
2012-03-14,86.5,89.7,86.2,86.8,86.8,2308,-1.2073624686049687,-1.1770171408920105,-1.1965797305462813,-1.20101040026876,-1.20101040026876,0.03112378237110941,0.062033525021412066,0.06905328844732722,0.07792610990375648,0.07740429968720526,0.07893101305158476
2012-03-15,87.8,88.0,86.1,86.5,86.5,2308,-1.191353505331995,-1.1976622581519976,-1.1978241414987851,-1.2046990664452368,-1.2046990664452368,0.013117826188803052,0.048739088263821666,0.05927014450159183,0.06862684538884437,0.07139318271898547,0.07275733774286887
2012-03-16,87.0,87.4,86.2,87.1,87.1,2308,-1.2012051750384403,-1.2049487701261106,-1.1965797305462813,-1.1973217340922833,-1.1973217340922833,0.013497789155224536,0.04637193656895723,0.06115984405458085,0.06995884773662543,0.0771704180064308,0.07694844001153997
2012-03-19,88.2,89.6,87.1,88.3,88.3,2308,-1.1864276704787724,-1.1782315595543629,-1.1853800319737464,-1.182567069386376,-1.182567069386376,0.017984782107447573,0.049192015209125486,0.06892099104188536,0.07860502046051429,0.08749199467954086,0.08761701428806039
2012-03-20,88.5,89.2,86.6,87.5,87.5,2308,-1.1827332943388553,-1.1830892342037713,-1.1916020867362658,-1.1924035125236474,-1.1924035125236474,0.0029802842732692012,0.028806584362139953,0.05353989404398787,0.06318347509113005,0.07309296051017897,0.07445458638614874
2012-03-21,88.7,91.4,88.5,91.2,91.2,2308,-1.180270376912244,-1.1563720236320234,-1.1679582786386917,-1.146909963013767,-1.146909963013767,0.0349523377212893,0.0586186883343006,0.08752683043167206,0.09978896593307213,0.11159865438057635,0.1145964883692508
2012-03-22,91.0,91.4,90.2,90.6,90.6,2308,-1.1519468265062136,-1.1563720236320234,-1.1468032924461256,-1.1542872953667205,-1.1542872953667205,0.018664268045873584,0.03946764570904082,0.07050019692792459,0.0852898897939627,0.09759643341732892,0.10348747513296258
2012-03-23,90.0,90.3,89.2,90.0,90.0,2308,-1.1642614136392704,-1.1697306289178975,-1.1592474019711645,-1.161664627719674,-1.161664627719674,0.005361930294906051,0.025874843269121286,0.054687500000000236,0.07219442458899217,0.08397167220696644,0.09351585597991179
2012-03-26,90.0,90.0,86.2,87.0,87.0,2308,-1.1642614136392704,-1.173373884904954,-1.1965797305462813,-1.1985512894844421,-1.1985512894844421,-0.025319291956083408,-0.011363636363636364,0.01327742837176817,0.03239587041651821,0.04386638510270693,0.05403440755997103
2012-03-27,88.0,89.5,86.5,89.5,89.5,2308,-1.1888905879053837,-1.1794459782167148,-1.1928464976887696,-1.1678124046804688,-1.1678124046804688,-0.0017845192951148404,0.011871113623516078,0.03364644287034195,0.05660822855793639,0.06837606837606848,0.07970082033134937
2012-03-28,90.6,90.7,88.8,89.0,89.0,2308,-1.1568726613594364,-1.1648729542684888,-1.16422504578118,-1.1739601816412635,-1.1739601816412635,-0.0024658148397220226,0.0037216645990752035,0.02095442031202204,0.044600938967136114,0.05720802052646587,0.06919750120134557
2012-03-29,89.0,89.0,86.5,87.0,87.0,2308,-1.176576000772327,-1.1855180715284759,-1.1928464976887696,-1.1985512894844421,-1.1985512894844421,-0.01694915254237288,-0.01938683498647429,-0.0069248915607638874,0.016355140186915956,0.02978078689455998,0.04145884042935244
2012-03-30,86.0,86.5,85.2,86.5,86.5,2308,-1.213519762171497,-1.2158785380872803,-1.2090238400713202,-1.2046990664452368,-1.2046990664452368,-0.014806378132118419,-0.024362734040153357,-0.014282458406138385,0.006399069226294324,0.021106808952686882,0.03193223843798477
2012-04-02,86.5,86.5,84.3,84.4,84.4,2308,-1.2073624686049687,-1.2158785380872803,-1.2202235386438554,-1.2305197296805743,-1.2305197296805743,-0.03299725022914752,-0.04384275518296126,-0.03828623518687328,-0.021052021110015633,-0.005561315863888916,0.00476190476190483
2012-04-03,85.5,85.5,83.4,84.0,84.0,2308,-1.2196770557380252,-1.228022724710802,-1.2314232372163902,-1.23543795124921,-1.23543795124921,-0.02529589231840326,-0.044585987261146515,-0.04211646647407642,-0.02873330635370295,-0.011764705882352941,-0.0020592428322510634
2012-04-05,82.5,86.5,80.6,86.5,86.5,2308,-1.2566208171371953,-1.2158785380872803,-1.2662667438864994,-1.2046990664452368,-1.2046990664452368,0.009570494864612599,-0.010863350485992027,-0.01338301269865408,-0.0034562211981566493,0.014115550553367022,0.024476904855902048
2012-04-06,85.9,85.9,84.2,84.6,84.6,2308,-1.2147512208848026,-1.2231650500613933,-1.2214679495963592,-1.2280606188962566,-1.2280606188962566,-0.0070422535211268605,-0.02590673575129534,-0.03365823941516896,-0.027642089535084204,-0.010757717492984117,-3.939955084508454e-05
2012-04-09,83.0,84.4,82.9,83.3,83.3,2308,-1.250463523570667,-1.241381329996676,-1.2376452919789096,-1.2440448389943226,-1.2440448389943226,-0.014900662251655523,-0.033418426549083266,-0.045746143271727574,-0.04203323558162269,-0.02768699224950992,-0.016374084861843868
2012-04-10,84.6,85.0,83.8,83.9,83.9,2308,-1.2307601841577764,-1.234094818022563,-1.2264455934063747,-1.2366675066413688,-1.2366675066413688,-0.006630357565711606,-0.02294165599161522,-0.035632183908045914,-0.034911140507275513,-0.02287338116090544,-0.010652097008765243
2012-04-11,83.5,85.3,83.1,83.7,83.7,2308,-1.2443062300041385,-1.2304515620355065,-1.235156470073902,-1.2391266174256867,-1.2391266174256867,-0.008293838862559275,-0.018642279282447993,-0.03512142637565324,-0.036491308852308064,-0.02751312915369253,-0.014134275618374591
2012-04-12,85.5,85.5,83.8,84.3,84.3,2308,-1.2196770557380252,-1.228022724710802,-1.2264455934063747,-1.2317492850727332,-1.2317492850727332,0.0040495474035253595,-0.006130629568498116,-0.023024028432357235,-0.028186062597267938,-0.022404675758419014,-0.009090196693049052
2012-04-13,85.1,89.0,84.7,89.0,89.0,2308,-1.224602890591248,-1.1855180715284759,-1.2152458948338396,-1.1739601816412635,-1.1739601816412635,0.04903347477604899,0.046812514702422835,0.032722209329310664,0.024519396799815765,0.02804601949822127,0.04207321832799938
2012-04-16,88.4,89.9,87.2,89.1,89.1,2308,-1.1839647530521609,-1.1745883035673061,-1.1841356210212424,-1.1727306262491046,-1.1727306262491046,0.03604651162790691,0.044793621013133125,0.03460287970274007,0.02449120386340112,0.02692360887003808,0.03934987168520088
2012-04-17,89.0,89.5,86.4,86.4,86.4,2308,-1.176576000772327,-1.1794459782167148,-1.1940909086412734,-1.2059286218373957,-1.2059286218373957,-0.001156069364161784,0.010762751520823772,0.003717472118959194,-0.00546762589928051,-0.005158437730287321,0.0050017447946959035
2012-04-18,88.7,88.8,87.0,87.0,87.0,2308,-1.180270376912244,-1.1879469088531802,-1.18662444292625,-1.1985512894844421,-1.1985512894844421,-0.001835704451583256,0.014222429470739087,0.012648405369752373,0.001727115716753088,0.0008282716731088111,0.008695652173913044
2012-04-19,87.0,90.8,86.8,90.0,90.0,2308,-1.2012051750384403,-1.1636585356061366,-1.189113264831258,-1.161664627719674,-1.161664627719674,0.01925254813137036,0.04493207941483809,0.04675505931611998,0.03698582786035267,0.03381731299393514,0.039541061871944096
2012-04-20,90.4,93.0,90.0,90.3,90.3,2308,-1.1593355787860475,-1.1369413250343887,-1.1492921143511334,-1.1579759615431973,-1.1579759615431973,0.01964769647696471,0.041522491349480904,0.04756380510440829,0.04062229904926524,0.035455462801577825,0.03908557400943571
2012-04-23,90.3,91.3,88.8,89.5,89.5,2308,-1.1605670374993533,-1.1575864422943758,-1.16422504578118,-1.1678124046804688,-1.1678124046804688,0.00970216606498178,0.02496564360971132,0.03587962962962956,0.03170028818443804,0.025153486667277535,0.02782988171343259
2012-04-24,89.5,92.1,89.5,91.0,91.0,2308,-1.1704187072057988,-1.1478710929955585,-1.1555141691136528,-1.1493690737980848,-1.1493690737980848,0.016078606520768174,0.03373849823923661,0.047904191616766595,0.04657849338700399,0.04104699583581194,0.04238258877434139
2012-04-25,92.5,92.9,91.0,92.0,92.0,2308,-1.1334749458066287,-1.1381557436967409,-1.1368480048260945,-1.1370735198764954,-1.1370735198764954,0.015901060070671352,0.03533648435741617,0.05295284602472165,0.05656043640539761,0.05032423052333531,0.051028179741051054
2012-04-26,92.0,92.1,89.0,89.0,89.0,2308,-1.139632239373157,-1.1478710929955585,-1.1617362238761724,-1.1739601816412635,-1.1739601816412635,-0.015050907481186359,-0.00369416769282434,0.016678090015992783,0.02210737869652595,0.0170963613091974,0.0159044212769197
2012-04-27,89.2,90.2,84.2,85.1,85.1,2308,-1.1741130833457156,-1.1709450475802496,-1.2214679495963592,-1.221912841935462,-1.221912841935462,-0.04724585759068517,-0.04317517427479203,-0.028242996345919723,-0.02161416417567252,-0.025021768021630513,-0.028095020557332047
2012-04-30,85.1,86.8,84.9,86.8,86.8,2308,-1.224602890591248,-1.2122352821002238,-1.2127570729288317,-1.20101040026876,-1.20101040026876,-0.02230232034241951,-0.02153083079697904,-0.011464581277047992,-0.0022415081326513865,-0.004084629859103317,-0.008566533409480298
2012-05-02,88.1,92.8,88.0,92.8,92.8,2308,-1.1876591291920782,-1.139370162359093,-1.1741803334012113,-1.127237076739224,-1.127237076739224,0.041059008301548086,0.03861219921656411,0.0497737556561085,0.06160269976548654,0.061930699867258736,0.05815279361459515
2012-05-03,93.0,96.0,92.5,96.0,96.0,2308,-1.1273176522401003,-1.1005087651638232,-1.118181840538536,-1.0878913041901381,-1.0878913041901381,0.06737825216811211,0.06371191135734072,0.07599193006052456,0.0907231721865591,0.095290251916758,0.09111574161773062
2012-05-04,96.0,96.4,94.6,95.5,95.5,2308,-1.0903738908409304,-1.0956510905144146,-1.0920492105359545,-1.0940390811509328,-1.0940390811509328,0.046690048224463016,0.05176211453744497,0.06150426083734714,0.07952297518792739,0.08636301588023859,0.08366744836977098
2012-05-07,95.0,95.0,92.8,93.6,93.6,2308,-1.102688477973987,-1.1126529517873451,-1.1144486076810245,-1.1174006336019526,-1.1174006336019526,0.007101355713363424,0.02710413694721825,0.03685104497452168,0.052690772085699854,0.06156149344463075,0.06090373280943011
2012-05-08,94.5,95.8,93.2,94.5,94.5,2308,-1.1088457715405153,-1.1029376024885278,-1.1094709638710087,-1.106334635072522,-1.106334635072522,0.0002116850127012091,0.031321619556913725,0.04266274365575572,0.056160938809723455,0.06789314288297242,0.06928676498321562
2012-05-09,93.1,94.0,92.4,93.5,93.5,2308,-1.1260861935267947,-1.1247971384108668,-1.1194262514910398,-1.1186301889941115,-1.1186301889941115,-0.011836820968082758,0.01763169351327824,0.026269574125567074,0.03940859318548165,0.052264337804987744,0.05538415230641884
2012-05-10,92.7,94.0,92.7,93.0,93.0,2308,-1.1310120283800174,-1.1247971384108668,-1.1156930186335283,-1.1247779659549062,-1.1247779659549062,-0.010848755583918273,0.011089367253750928,0.01631939385108544,0.028533510285335247,0.04241391678622659,0.04835982414609392
2012-05-11,92.9,93.9,91.6,93.9,93.9,2308,-1.128549110953406,-1.126011557073219,-1.129381539111071,-1.1137119674254756,-1.1137119674254756,0.0021344717182497632,0.01546447496485354,0.023247366509262696,0.033003300330033,0.04902136026454576,0.05655989798214709
2012-05-14,94.5,95.3,94.2,94.9,94.9,2308,-1.1088457715405153,-1.1090096958002886,-1.0970268543459698,-1.1014164135038864,-1.1014164135038864,0.010004257130693887,0.015516318887105434,0.030700166533922248,0.040627227369921734,0.055335616743027595,0.06465726786582404
2012-05-15,94.9,95.7,94.2,95.2,95.2,2308,-1.1039199366872927,-1.1041520211508797,-1.0970268543459698,-1.0977277473274096,-1.0977277473274096,0.01168969181721582,0.009651076466221348,0.029708681857513575,0.04043715846994539,0.05309734513274333,0.06455941553600707
2012-05-16,95.5,95.7,90.4,90.6,90.6,2308,-1.0965311844074588,-1.1041520211508797,-1.1443144705411177,-1.1542872953667205,-1.1542872953667205,-0.031223267750214025,-0.03688742425853102,-0.019763416041546616,-0.012103369316323187,-0.000749988970750563,0.010784678319077586
2012-05-17,91.2,92.0,89.4,90.0,90.0,2308,-1.1494839090796023,-1.1490855116579104,-1.1567585800661566,-1.161664627719674,-1.161664627719674,-0.03142488161859666,-0.037124210976783985,-0.024848309737070244,-0.020248203788373453,-0.010118785745710533,0.0018552875695733366
2012-05-18,88.0,90.1,87.9,88.2,88.2,2308,-1.1888905879053837,-1.1721594662426018,-1.1754247443537151,-1.1837966247785348,-1.1837966247785348,-0.03900631945957723,-0.04895406512831579,-0.04379878577623597,-0.038901601830663546,-0.031578022750230625,-0.018800756480142372
2012-05-21,91.8,91.8,88.8,90.1,90.1,2308,-1.1420951567997684,-1.151514348982615,-1.16422504578118,-1.1604350723275152,-1.1604350723275152,-0.007927769213829696,-0.024786232276220437,-0.026717557251908355,-0.018090671316477885,-0.01119402985074638,0.00029605506624236737
2012-05-22,91.8,91.9,90.4,91.0,91.0,2308,-1.1420951567997684,-1.1502999303202626,-1.1443144705411177,-1.1493690737980848,-1.1493690737980848,0.011335852411647147,-0.011299435028248503,-0.01995979322228595,-0.009092393967441693,-0.0021492170709239856,0.0074172478689252305
2012-05-23,90.5,90.5,87.9,88.0,88.0,2308,-1.158104120072742,-1.1673017915931931,-1.1754247443537151,-1.1862557355628527,-1.1862557355628527,-0.016320143080706548,-0.038146245491310474,-0.04899135446685877,-0.04019196160767849,-0.035722112645189624,-0.0272660280029477
2012-05-24,88.0,88.2,82.8,83.3,83.3,2308,-1.1888905879053837,-1.1952334208272932,-1.2388897029314136,-1.2440448389943226,-1.2440448389943226,-0.054698138901498036,-0.07976137870083973,-0.09147095179233626,-0.08712328767123291,-0.08574062692071309,-0.07908313679245287
2012-05-25,84.0,84.0,82.6,82.7,82.7,2308,-1.2381489364376104,-1.2462390046460847,-1.2413785248364215,-1.2514221713472762,-1.2514221713472762,-0.04964376005515981,-0.07494407158836691,-0.08954128440366965,-0.09055919063067025,-0.08940761946707763,-0.0851769911504425
2012-05-28,82.7,83.0,81.6,82.5,82.5,2308,-1.254157899710584,-1.2583831912696066,-1.2538226343614605,-1.253881282131594,-1.253881282131594,-0.03508771929824561,-0.0642014519056261,-0.08428296581323058,-0.0914597213809813,-0.08847836655323282,-0.08519682128996492
2012-05-29,83.5,87.5,83.5,85.5,85.5,2308,-1.2443062300041385,-1.2037343514637584,-1.2301788262638864,-1.216994620366826,-1.216994620366826,0.013033175355450169,-0.01938295676109643,-0.04462157330154937,-0.05774741018294036,-0.0536591844866516,-0.050668048410377725
2012-05-30,85.8,85.8,83.5,83.6,83.6,2308,-1.2159826795981084,-1.2243794687237455,-1.2301788262638864,-1.2403561728178458,-1.2403561728178458,0.0009578544061302479,-0.033414267545380974,-0.058911819887429655,-0.07399202481169702,-0.07164749255985443,-0.07080137823719038
2012-05-31,82.5,84.6,82.2,83.2,83.2,2308,-1.2566208171371953,-1.2389524926719717,-1.2463561686464368,-1.2452743943864815,-1.2452743943864815,-0.003592814371257451,-0.03041603542710639,-0.0564753912451802,-0.07184292726461398,-0.07246376811594203,-0.07394353133231919
2012-06-01,82.6,83.5,81.3,82.5,82.5,2308,-1.2553893584238898,-1.2523110979578456,-1.257555867218972,-1.253881282131594,-1.253881282131594,-0.011502516175413298,-0.03214453308305954,-0.056280027453671944,-0.07292954264524099,-0.07759391771019676,-0.07917255748195551
2012-06-04,79.2,79.7,76.8,76.8,76.8,2308,-1.2972589546762823,-1.2984590071272284,-1.3135543600816473,-1.3239659394846532,-1.3239659394846532,-0.06705539358600579,-0.08473364318913121,-0.10918651407361592,-0.12875779920589914,-0.13812452305068015,-0.13846614067232563
2012-06-05,78.1,79.2,77.2,79.0,79.0,2308,-1.3108050005226446,-1.3045311004389892,-1.3085767162716315,-1.2969157208571567,-1.2969157208571567,-0.024932115527030316,-0.044855519284246255,-0.0720438527799531,-0.09585121602288985,-0.11032028469750896,-0.11029356558300175
2012-06-06,79.3,82.3,78.1,80.4,80.4,2308,-1.2960274959629767,-1.2668841219060718,-1.2973770176990966,-1.2797019453669316,-1.2797019453669316,0.00024881811395864665,-0.018913971934106127,-0.04799494790022096,-0.07287822878228775,-0.08946772366930908,-0.09090909090909083
2012-06-07,82.4,84.7,81.9,84.5,84.5,2308,-1.2578522758505009,-1.2377380740096195,-1.2500894015039485,-1.2292901742884155,-1.2292901742884155,0.0478670634920633,0.02960887047642265,0.004915563307698499,-0.02080074164204185,-0.03802367941712208,-0.0418414786256945
2012-06-08,84.8,84.8,82.0,82.5,82.5,2308,-1.228297266731165,-1.2365236553472674,-1.2488449905514447,-1.253881282131594,-1.253881282131594,0.023065476190476004,0.005484460694698389,-0.014415418923223918,-0.03762029746281709,-0.05519926706367377,-0.06221582297665955
2012-06-11,84.5,85.5,83.2,85.5,85.5,2308,-1.231991642871082,-1.228022724710802,-1.233912059121398,-1.216994620366826,-1.216994620366826,0.03787327021121619,0.03825136612021865,0.025179856115107844,0.002873731745938541,-0.017196192928410285,-0.028261857857251077
2012-06-12,84.5,86.0,84.3,85.5,85.5,2308,-1.231991642871082,-1.2219506313990411,-1.2202235386438554,-1.216994620366826,-1.216994620366826,0.021749521988527643,0.03825136612021865,0.02970694500200725,0.008611537100389166,-0.013112332055958052,-0.02778304211044985
2012-06-13,86.5,90.0,85.7,89.5,89.5,2308,-1.2073624686049687,-1.173373884904954,-1.2028017853088007,-1.1678124046804688,-1.1678124046804688,0.04678362573099415,0.07909332047263085,0.07658380112269438,0.05648350351177473,0.03496924002035265,0.01897533206831125
2012-06-14,88.0,88.6,87.0,88.0,88.0,2308,-1.1888905879053837,-1.1903757461778846,-1.18662444292625,-1.1862557355628527,-1.1862557355628527,0.02088167053364266,0.05490290098297786,0.05456579052488608,0.040004727294214865,0.019982382122490823,0.004948610582413443
2012-06-15,87.2,90.0,87.2,89.4,89.4,2308,-1.198742257611829,-1.173373884904954,-1.1841356210212424,-1.1690419600726276,-1.1690419600726276,0.020781000228362725,0.06289382950897641,0.06563890654799738,0.05580159433126671,0.03837576658613643,0.023312602541111938
2012-06-18,91.3,92.0,89.6,90.0,90.0,2308,-1.1482524503662968,-1.1490855116579104,-1.154269758161149,-1.161664627719674,-1.161664627719674,0.01717902350813755,0.053494088727613166,0.06643494746820429,0.06295027754812818,0.04772991850989516,0.03159744775149973
2012-06-19,91.0,91.0,87.6,88.8,88.8,2308,-1.1519468265062136,-1.1612296982814323,-1.1791579772112268,-1.1764192924255814,-1.1764192924255814,-0.003814224814897952,0.027658835782895505,0.049479987393633795,0.0501419110690635,0.036850217178086106,0.020064328381069113
2012-06-20,89.4,89.4,87.5,88.0,88.0,2308,-1.1716501659191043,-1.180660396879067,-1.1804023881637307,-1.1862557355628527,-1.1862557355628527,-0.009455200360198148,0.009521624412068353,0.036432160804020106,0.040681173131504406,0.02875847556698613,0.013007942903188786
2012-06-21,87.7,89.8,87.7,88.7,88.7,2308,-1.1925849640453006,-1.1758027222296583,-1.1779135662587228,-1.1776488478177403,-1.1776488478177403,-0.0031467745560798716,0.012672679529626663,0.040184504729888146,0.04562065307084763,0.03757252479880221,0.022753478361134716
2012-06-22,88.4,88.4,85.7,86.2,86.2,2308,-1.1839647530521609,-1.1928045835025889,-1.2028017853088007,-1.2083877326217134,-1.2083877326217134,-0.024224586823635957,-0.020009095043201513,0.007951356407857723,0.014057996588436062,0.009273136005994605,-0.003122470220885974
2012-06-25,86.0,86.5,85.1,86.0,86.0,2308,-1.213519762171497,-1.2158785380872803,-1.210268251023824,-1.2108468434060313,-1.2108468434060313,-0.01759195796207455,-0.02283831382797415,-0.001547987616099148,0.009626672927917438,0.008868659377786123,-0.0020114497911188248
2012-06-26,85.5,87.1,85.2,86.5,86.5,2308,-1.2196770557380252,-1.2085920261131673,-1.2090238400713202,-1.2046990664452368,-1.2046990664452368,-0.006660542030316931,-0.01827261377823175,-0.0015390534821085797,0.014900856505925266,0.01688140694065653,0.0071802833300988935
2012-06-27,88.0,89.5,87.0,89.4,89.4,2308,-1.1888905879053837,-1.1794459782167148,-1.18662444292625,-1.1690419600726276,-1.1690419600726276,0.023351648351648425,0.014755959137344057,0.024837600305693597,0.04536950420954157,0.05028195488721805,0.04143206616704873
2012-06-28,90.2,90.2,88.6,89.0,89.0,2308,-1.161798496212659,-1.1709450475802496,-1.166713867686188,-1.1739601816412635,-1.1739601816412635,0.018073667353008444,0.009070294784580466,0.01675552170601678,0.03717515441090779,0.042789520551155286,0.03717515441090796
2012-06-29,89.0,90.9,87.9,90.9,90.9,2308,-1.176576000772327,-1.1624441169437842,-1.1754247443537151,-1.1505986291902437,-1.1505986291902437,0.028746038931643514,0.028862478777589264,0.031860148327531465,0.05415748579380745,0.06097390167608203,0.05820721769499418
2012-07-02,91.0,91.0,89.4,89.7,89.7,2308,-1.1519468265062136,-1.1612296982814323,-1.1567585800661566,-1.1653532938961508,-1.1653532938961508,0.00673400673400683,0.01562500000000011,0.015012070006034854,0.03251798561151083,0.043460053045460766,0.04439959636730557
2012-07-03,90.5,90.6,89.6,89.7,89.7,2308,-1.158104120072742,-1.166087372930841,-1.154269758161149,-1.1653532938961508,-1.1653532938961508,-0.000445732114998797,0.014591109602986159,0.011806286659647907,0.026198375471914042,0.041424789857428104,0.04492680464411916
2012-07-04,90.8,90.8,90.0,90.2,90.2,2308,-1.1544097439328251,-1.1636585356061366,-1.1492921143511334,-1.1592055169353561,-1.1592055169353561,0.0033370411568409025,0.01771409229380563,0.016910935738444193,0.026166097838452754,0.044029816195194416,0.049854510184287076
2012-07-05,91.8,93.0,90.7,93.0,93.0,2308,-1.1420951567997684,-1.1369413250343887,-1.140581237683606,-1.1247779659549062,-1.1247779659549062,0.025358324145534697,0.04423983831125081,0.04455260202171474,0.052929521652986096,0.07157671567497814,0.0783858998144713
2012-07-06,93.7,94.1,92.6,94.1,94.1,2308,-1.1186974412469606,-1.1235827197485149,-1.1169374295860321,-1.111252856641158,-1.111252856641158,0.030216772498357684,0.04730105731775181,0.053201014773914306,0.058433158989932996,0.07848530692706165,0.08635419071807866
2012-07-09,92.0,94.0,92.0,94.0,94.0,2308,-1.139632239373157,-1.1247971384108668,-1.1244038953010556,-1.1124824120333168,-1.1124824120333168,0.01952277657266808,0.03695532266960832,0.048951048951048994,0.05227807007724171,0.06891062087787131,0.0804183747749127
2012-07-10,94.5,95.5,94.1,94.6,94.6,2308,-1.1088457715405153,-1.1065808584755843,-1.0982712652984739,-1.1051050796803632,-1.1051050796803632,0.015239321742863295,0.03433194839273984,0.051111111111111045,0.05362811159993315,0.06815410324736916,0.08353695784972498
2012-07-11,94.6,95.5,93.5,95.5,95.5,2308,-1.1076143128272098,-1.1065808584755843,-1.105737731013497,-1.0940390811509328,-1.0940390811509328,0.013370118845500904,0.03725426306071459,0.055248618784530384,0.060109896209135726,0.0710120222501345,0.0888981794686633
2012-07-12,95.0,95.0,93.1,93.1,93.1,2308,-1.102688477973987,-1.1126529517873451,-1.1107153748235128,-1.1235484105627473,-1.1235484105627473,-0.012306386590282312,0.0067041522491348435,0.025405683236654736,0.03055125083019693,0.040084011082312916,0.057553956834532335
2012-07-13,93.2,94.4,93.0,93.7,93.7,2308,-1.124854734813489,-1.1199394637614581,-1.1119597857760166,-1.1161710782097936,-1.1161710782097936,-0.005096623486939794,0.010133678309616343,0.026361910325690237,0.034730274418861416,0.041574032903512775,0.05987482090340099
2012-07-16,94.5,94.5,92.7,92.9,92.9,2308,-1.1088457715405153,-1.118725045099106,-1.1156930186335283,-1.126007521347065,-1.126007521347065,-0.011281396338867477,-0.0019338203695746326,0.012497275303349657,0.024255788313120207,0.029294451338415236,0.044485252782670744
2012-07-17,92.5,94.0,92.5,93.0,93.0,2308,-1.1334749458066287,-1.1247971384108668,-1.118181840538536,-1.1247779659549062,-1.1247779659549062,-0.00683468603161058,-0.00438925168611494,0.00882267862308359,0.022989770102299016,0.026988824594725944,0.04015210826529475
2012-07-18,93.0,93.0,91.9,92.3,92.3,2308,-1.1273176522401003,-1.1369413250343887,-1.1256483062535594,-1.1333848537000186,-1.1333848537000186,-0.007526881720430138,-0.014099551377910632,-0.0008659883091579616,0.01289437585733879,0.01799973529801022,0.027763343478583533
2012-07-19,89.4,92.3,89.4,92.2,92.2,2308,-1.1716501659191043,-1.145442255670854,-1.1567585800661566,-1.1346144090921775,-1.1346144090921775,-0.006679594914889081,-0.014325422279238715,-0.004247966016271843,0.009857612267250885,0.015016072922629842,0.023724046041674416
2012-07-20,93.0,98.5,92.5,98.1,98.1,2308,-1.1273176522401003,-1.0701482986050188,-1.118181840538536,-1.0620706409548006,-1.0620706409548006,0.04695837780149404,0.04428358526719163,0.054007592579328176,0.06752271614342438,0.0758466397613616,0.08298068077276909
2012-07-23,98.2,100.0,97.0,98.0,98.0,2308,-1.0632817991482058,-1.051932018669736,-1.0621833476758609,-1.0633001963469595,-1.0633001963469595,0.03462837837837839,0.0387958448166207,0.046710338934776593,0.05951673063408828,0.07099143206854357,0.07692307692307693
2012-07-24,98.0,98.2,95.7,97.4,97.4,2308,-1.065744716574817,-1.0737915545920753,-1.0783606900584115,-1.070677528699913,-1.070677528699913,0.018828451882845307,0.029380680617205675,0.03462927554705763,0.046861564918314856,0.060447696193711424,0.06568437944491043
2012-07-25,96.8,98.5,96.3,97.4,97.4,2308,-1.0805222211344852,-1.0701482986050188,-1.070894224343388,-1.070677528699913,-1.070677528699913,0.008072862761333068,0.027317793481700277,0.029380680617205522,0.042380136986301456,0.056124219292158405,0.06262273619899622
2012-07-26,97.9,98.2,95.2,95.2,95.2,2308,-1.0669761752881226,-1.0737915545920753,-1.0845827448209309,-1.0977277473274096,-1.0977277473274096,-0.02077761777412051,0.0018943380340980067,0.0045726345409778804,0.015466666666666696,0.029367241901301938,0.03590859630032641
2012-07-27,97.8,99.7,97.0,98.6,98.6,2308,-1.0682076340014284,-1.0555752746567926,-1.0621833476758609,-1.055922863994006,-1.055922863994006,0.013152486642005618,0.03235263323212233,0.03716690042075734,0.047431879747171495,0.060443106044310496,0.06933699660183626
2012-07-30,98.6,99.0,97.6,98.6,98.6,2308,-1.0583559642949831,-1.064076205293258,-1.0547168819608377,-1.055922863994006,-1.055922863994006,0.01190476190476187,0.0262281432139883,0.03383195861876144,0.04250370057094503,0.05472594240725685,0.06602277641631817
2012-07-31,98.2,101.5,98.1,101.5,101.5,2308,-1.0632817991482058,-1.0337157387344535,-1.048494827198318,-1.020265757621397,-1.020265757621397,0.03297374313047028,0.04714742597750962,0.05913043478260875,0.06651255647788167,0.07882317928659492,0.09237668161434973
2012-08-01,101.5,102.0,99.0,100.0,100.0,2308,-1.0226436616091188,-1.0276436454226925,-1.037295128625783,-1.0387090885037809,-1.0387090885037809,0.012350678274954433,0.02354145342886384,0.0402219140083217,0.04536901526238766,0.05811148262580935,0.07161993213073768
2012-08-03,98.0,99.7,97.8,99.0,99.0,2308,-1.065744716574817,-1.0555752746567926,-1.0522280600558298,-1.05100464242537,-1.05100464242537,-0.00542495479204332,0.006302093921528812,0.025623316527384445,0.03167986661108787,0.04311543810848384,0.05701473414477887
2012-08-06,101.0,102.0,96.9,97.0,97.0,2308,-1.0288009551756472,-1.0276436454226925,-1.0634277586283647,-1.0755957502685487,-1.0755957502685487,-0.022374521265873804,-0.012923577897629084,0.0026185226019845333,0.009312730867280537,0.019421557087607184,0.031695383960859434
2012-08-07,98.7,99.2,97.0,97.8,97.8,2308,-1.0571245055816774,-1.0616473679685536,-1.0621833476758609,-1.0657593071312774,-1.0657593071312774,-0.012719563900666314,-0.004580152671755754,0.0074857496051096125,0.015629056544991905,0.024341195693158624,0.035870639740149736
2012-08-08,99.2,99.5,98.1,99.0,99.0,2308,-1.050967212015149,-1.0580041119814971,-1.048494827198318,-1.05100464242537,-1.05100464242537,0.0044642857142856915,0.005995325678284762,0.015662403392380866,0.02574729316686525,0.03288540188632002,0.04397342613097139
2012-08-09,99.8,101.5,99.4,100.5,100.5,2308,-1.043578459735315,-1.0337157387344535,-1.0323174848157675,-1.0325613115429861,-1.0325613115429861,0.018649908777620145,0.01803079416531606,0.025300958987961683,0.03859866687335296,0.04404737170164133,0.055672268907562994
2012-08-10,101.0,105.0,101.0,105.0,105.0,2308,-1.0288009551756472,-0.9912110855521272,-1.0124069095757051,-0.9772313188958341,-0.9772313188958341,0.05147206088523934,0.053159478435305885,0.06196480345222858,0.07847165160230074,0.08538350217076707,0.0967966573816156
2012-08-13,106.0,106.0,103.0,103.5,103.5,2308,-0.9672280195103637,-0.9790668989286054,-0.9875186905256274,-0.9956746497782182,-0.9956746497782182,0.023131672597864802,0.03303722926439752,0.04299630500503862,0.05774144098109357,0.06573582107994579,0.07640574083061773
2012-08-14,105.0,107.0,102.5,103.5,103.5,2308,-0.9795426066434204,-0.9669227123050836,-0.9937407452881468,-0.9956746497782182,-0.9956746497782182,0.011730205278592403,0.028009535160905916,0.03915662650602415,0.05204309819068906,0.061582013621071845,0.07128070659674322
2012-08-15,104.5,105.5,102.5,104.5,104.5,2308,-0.9856999002099488,-0.9851389922403663,-0.9937407452881468,-0.9833790958566289,-0.9833790958566289,0.01063829787234037,0.03485838779956438,0.044234228232629506,0.056035571724521116,0.06750296244841258,0.07613620760675559
2012-08-16,105.0,105.0,103.0,103.0,103.0,2308,-0.9795426066434204,-0.9912110855521272,-0.9875186905256274,-1.0018224267390128,-1.0018224267390128,-0.008662175168431239,0.01698262243285939,0.025419791597531112,0.03527992763091773,0.048965292488186485,0.05604921394395081
2012-08-17,103.5,104.0,101.0,101.5,101.5,2308,-0.9980144873430055,-1.003355272175649,-1.0124069095757051,-1.020265757621397,-1.020265757621397,-0.01647286821705429,-0.0002954791687186165,0.006278916060806411,0.015456955630033388,0.030164014290354098,0.03765547793491229
2012-08-20,108.0,108.0,103.0,104.0,104.0,2308,-0.9425988452442504,-0.9547785256815619,-0.9875186905256274,-0.9895268728174235,-0.9895268728174235,0.006776379477250754,0.017313900029345696,0.027397260273972678,0.03740648379052369,0.051142106327066936,0.059638636054883905
2012-08-21,106.0,107.0,102.5,103.5,103.5,2308,-0.9672280195103637,-0.9669227123050836,-0.9937407452881468,-0.9956746497782182,-0.9956746497782182,0.0019361084220716636,0.006809338521400806,0.019168909604148947,0.029594628201939758,0.04162473330381235,0.0511527133619961
2012-08-22,104.0,105.0,102.0,104.0,104.0,2308,-0.9918571937764771,-0.9912110855521272,-0.9999628000506663,-0.9895268728174235,-0.9895268728174235,0.007751937984496096,0.006776379477250754,0.022414471097129386,0.031183382083188695,0.042042403110095765,0.05288023487328327
2012-08-23,103.5,104.5,102.0,102.0,102.0,2308,-0.9980144873430055,-0.9972831788638881,-0.9999628000506663,-1.0141179806606022,-1.0141179806606022,-0.009708737864077669,-0.014016433059449036,0.001439979054850197,0.00905178809912442,0.018045352922389082,0.030372415650885665
2012-08-24,101.5,102.5,100.0,100.5,100.5,2308,-1.0226436616091188,-1.0215715521109316,-1.024851019100744,-1.0325613115429861,-1.0325613115429861,-0.0223735408560311,-0.024271844660194174,-0.014254887857189561,-0.008386778490379816,-0.00023874895547332885,0.012696493349455917
2012-08-27,102.0,102.5,100.5,102.5,102.5,2308,-1.0164863680425904,-1.0215715521109316,-1.0186289643382247,-1.0079702036998075,-1.0079702036998075,0.0,-0.0038872691933916972,0.0017591868647381433,0.009404697424787023,0.017874875868917547,0.029805760214333576
2012-08-28,102.5,103.0,101.0,101.5,101.5,2308,-1.010329074476062,-1.0154994587991708,-1.0124069095757051,-1.020265757621397,-1.020265757621397,-0.005876591576885351,-0.011684518013631965,-0.010399740006499802,-0.001868423640475934,0.006545021816739355,0.016830294530154347
2012-08-29,102.0,105.5,101.5,104.5,104.5,2308,-1.0164863680425904,-0.9851389922403663,-1.0061848548131858,-0.9833790958566289,-0.9833790958566289,0.022504892367906038,0.01752677702044788,0.015220207253885972,0.02611940298507459,0.03338475534986754,0.04287947839393234
2012-08-30,103.0,104.5,102.0,102.0,102.0,2308,-1.0041717809095339,-0.9972831788638881,-0.9999628000506663,-1.0141179806606022,-1.0141179806606022,-0.001956947162426642,-0.005847953216374214,-0.010029116790682609,0.0005885815185403401,0.00683065503217917,0.014656144306651736
2012-08-31,102.5,103.5,101.0,102.0,102.0,2308,-1.010329074476062,-1.00942736548741,-1.0124069095757051,-1.0141179806606022,-1.0141179806606022,-0.004878048780487805,-0.006332196785192456,-0.00810372771474874,-0.0008815750808110824,0.0041346721795629225,0.01136964569011114
2012-09-03,103.0,105.0,101.5,103.0,103.0,2308,-1.0041717809095339,-0.9912110855521272,-1.0061848548131858,-1.0018224267390128,-1.0018224267390128,0.0038986354775829017,0.004388103364212607,0.0019455252918288216,0.005957613048149228,0.012225323322457782,0.019633723807952492
2012-09-04,104.0,105.0,103.0,105.0,105.0,2308,-0.9918571937764771,-0.9912110855521272,-0.9875186905256274,-0.9772313188958341,-0.9772313188958341,0.016456921587608933,0.02239532619279452,0.020408163265306065,0.021897810218978103,0.029290671685684177,0.037037037037037035
2012-09-05,104.0,104.5,103.0,103.0,103.0,2308,-0.9918571937764771,-0.9972831788638881,-0.9875186905256274,-1.0018224267390128,-1.0018224267390128,0.0,0.0038986354775829017,0.0019455252918288216,0.00048567265662940415,0.009091621600439019,0.01541191548092405
2012-09-06,104.0,107.0,103.5,107.0,107.0,2308,-0.9918571937764771,-0.9669227123050836,-0.9812966357631079,-0.9526402110526555,-0.9526402110526555,0.028846153846153848,0.03782735208535408,0.0381630012936611,0.036068748487049086,0.04541191183367214,0.051528155403413434
2012-09-07,109.0,112.0,107.5,111.5,111.5,2308,-0.9302842581111938,-0.9062017791874747,-0.9315201976629522,-0.8973102184055035,-0.8973102184055035,0.052880075542965005,0.07005758157389633,0.07487146529562981,0.07625482625482631,0.08408198187687173,0.08993157380254158
2012-09-10,112.0,113.0,112.0,112.0,112.0,2308,-0.8933404967120238,-0.8940575925639529,-0.875521704800277,-0.8911624414447089,-0.8911624414447089,0.03992571959145773,0.06514503090822629,0.07416879795396421,0.07666426339822152,0.08262769206975232,0.09005969374513378
2012-09-11,112.0,112.5,110.0,112.5,112.5,2308,-0.8933404967120238,-0.9001296858757138,-0.9004099238503549,-0.8850146644839142,-0.8850146644839142,0.030219780219780192,0.058823529411764705,0.07279084551811832,0.07681263460157939,0.0813148788927335,0.09001065788198824
2012-09-12,112.5,113.0,111.5,112.5,112.5,2308,-0.8871832031454955,-0.8940575925639529,-0.8817437595627965,-0.8850146644839142,-0.8850146644839142,0.012601260126012653,0.050910789350770695,0.06702497628833382,0.07270560190703218,0.07573149741824442,0.08615196472822077
2012-09-13,112.5,113.0,111.5,112.5,112.5,2308,-0.8871832031454955,-0.8940575925639529,-0.8817437595627965,-0.8850146644839142,-0.8850146644839142,0.002673796791443825,0.040703052728954726,0.05998743718592958,0.06786900806834367,0.07081667618503709,0.08180011539201239
2012-09-14,113.5,114.0,113.0,114.0,114.0,2308,-0.8748686160124388,-0.8819134059404311,-0.8630775952752381,-0.8665713336015303,-0.8665713336015303,0.011535048802129522,0.043000914913083284,0.06508875739644972,0.07572540693559808,0.08138873079112122,0.0909786908255711
2012-09-17,113.0,113.5,111.5,113.5,113.5,2308,-0.8810259095789671,-0.8879854992521921,-0.8817437595627965,-0.8727191105623249,-0.8727191105623249,0.004424778761061947,0.028545536927956555,0.053201360965047954,0.06622827618600279,0.07257607257607264,0.08050645765239754
2012-09-18,112.5,113.5,112.0,112.5,112.5,2308,-0.8871832031454955,-0.8879854992521921,-0.875521704800277,-0.8850146644839142,-0.8850146644839142,-0.004424778761061947,0.012601260126012653,0.03686635944700461,0.05238540692235729,0.05952156715012236,0.06601389766266584
2012-09-19,111.0,114.5,111.0,114.5,114.5,2308,-0.9056550838450804,-0.8758413126286703,-0.887965814325316,-0.8604235566407356,-0.8604235566407356,0.009700176366842983,0.0200445434298441,0.04885496183206103,0.0658599022573889,0.07431037718145996,0.0796793965110797
2012-09-20,113.0,114.0,111.5,113.0,113.0,2308,-0.8810259095789671,-0.8819134059404311,-0.8817437595627965,-0.8788668875231196,-0.8788668875231196,-0.004405286343612335,0.0013291980505095763,0.028207461328480385,0.0465385505904145,0.056272200411291794,0.06136505948653724
2012-09-21,113.0,113.5,112.0,113.0,113.0,2308,-0.8810259095789671,-0.8879854992521921,-0.875521704800277,-0.8788668875231196,-0.8788668875231196,-0.002647837599293885,0.0,0.021391985537812533,0.04051565377532234,0.051749813849590494,0.058713304184884435
2012-09-24,112.5,112.5,111.0,112.0,112.0,2308,-0.8871832031454955,-0.9001296858757138,-0.887965814325316,-0.8911624414447089,-0.8911624414447089,-0.008849557522123894,-0.008849557522123894,0.006892418339826183,0.026816410726564262,0.039346696362286514,0.04656595545865131
2012-09-25,112.0,113.0,110.5,110.5,110.5,2308,-0.8933404967120238,-0.8940575925639529,-0.8941878690878354,-0.9096057723270928,-0.9096057723270928,-0.018650088809946664,-0.02039007092198579,-0.009856630824372709,0.00890207715133526,0.022769344687152845,0.030303030303030304
2012-09-26,111.0,114.0,110.0,114.0,114.0,2308,-0.9056550838450804,-0.8819134059404311,-0.9004099238503549,-0.8665713336015303,-0.8665713336015303,0.013333333333333334,0.009296148738379788,0.014836795252225561,0.03636363636363636,0.0512725931390631,0.05980787108769759
2012-09-27,112.0,113.0,111.0,111.0,111.0,2308,-0.8933404967120238,-0.8940575925639529,-0.887965814325316,-0.9034579953662982,-0.9034579953662982,-0.009812667261373724,-0.015957446808510613,-0.014209591474245066,0.004979628791308258,0.020220588235294143,0.029366306027820758
2012-09-28,111.5,113.5,110.5,113.5,113.5,2308,-0.8994977902785521,-0.8879854992521921,-0.8941878690878354,-0.8727191105623249,-0.8727191105623249,0.011586452762923326,0.0066518847006651885,0.006800709639266698,0.02229227651429853,0.038236370289059705,0.04866030181706189
2012-10-01,112.5,112.5,110.5,112.0,112.0,2308,-0.8871832031454955,-0.9001296858757138,-0.8941878690878354,-0.8911624414447089,-0.8911624414447089,-0.0017825311942959254,-0.005328596802841868,-0.0065050266114725095,0.004709576138147618,0.020966271649954394,0.03225806451612903
2012-10-02,112.0,113.0,111.5,112.5,112.5,2308,-0.8933404967120238,-0.8940575925639529,-0.8817437595627965,-0.8850146644839142,-0.8850146644839142,-0.0008880994671402692,-0.0008880994671402692,-0.0020697811945594407,0.005811354492624102,0.021427274378064277,0.034007352941176495
2012-10-03,112.5,113.0,112.0,112.0,112.0,2308,-0.8871832031454955,-0.8940575925639529,-0.875521704800277,-0.8911624414447089,-0.8911624414447089,-0.0017825311942959254,-0.0031152647975077378,-0.006211180124223627,-0.0026714158504006873,0.014125316914161556,0.02689486552567241
2012-10-04,113.0,113.0,111.5,112.5,112.5,2308,-0.8810259095789671,-0.8940575925639529,-0.8817437595627965,-0.8850146644839142,-0.8850146644839142,0.0,0.001780943900267167,-0.0017746228926353402,-0.0006662225183211445,0.014793433158939207,0.028179741051028134
2012-10-05,113.0,114.0,111.5,112.0,112.0,2308,-0.8810259095789671,-0.8819134059404311,-0.8817437595627965,-0.8911624414447089,-0.8911624414447089,-0.0017825311942959254,-0.0017825311942959254,-0.005034053893988714,-0.005328596802841868,0.006651087542692746,0.020036429872495473
2012-10-08,113.0,114.0,111.0,112.5,112.5,2308,-0.8810259095789671,-0.8819134059404311,-0.887965814325316,-0.8850146644839142,-0.8850146644839142,0.001780943900267167,0.0022271714922048997,0.0,-0.0011098779134295228,0.007703332139018268,0.0214891041162227
2012-10-09,113.0,113.5,107.5,108.0,108.0,2308,-0.8810259095789671,-0.8879854992521921,-0.9315201976629522,-0.9403446571310662,-0.9403446571310662,-0.030520646319569168,-0.03571428571428571,-0.03743315508021393,-0.039145907473309656,-0.033643521832498254,-0.021295876755777023
2012-10-11,103.0,103.5,100.5,100.5,100.5,2308,-1.0041717809095339,-1.00942736548741,-1.0186289643382247,-1.0325613115429861,-1.0325613115429861,-0.07882676443629692,-0.0917306823316765,-0.09676452965847812,-0.10107334525939175,-0.09994626544868347,-0.08815968546801756
2012-10-12,96.6,101.5,96.6,100.5,100.5,2308,-1.0829851385610965,-1.0337157387344535,-1.0671609914858766,-1.0325613115429861,-1.0325613115429861,-0.05810684161199628,-0.08302919708029192,-0.08994868699064296,-0.09622302158273384,-0.09784560143626575,-0.0877458396369138
2012-10-15,100.5,102.5,99.5,101.0,101.0,2308,-1.0349582487421753,-1.0215715521109316,-1.0310730738632636,-1.0264135345821914,-1.0264135345821914,-0.03349282296650718,-0.06783571758191043,-0.07874733961690489,-0.08638625056535502,-0.08992611281311952,-0.08292978208232452
2012-10-16,102.5,105.5,101.5,105.0,105.0,2308,-1.010329074476062,-0.9851389922403663,-1.0061848548131858,-0.9772313188958341,-0.9772313188958341,0.019417475728155338,-0.024616813748258297,-0.03816793893129775,-0.046538024971623154,-0.051490514905149075,-0.047186932849364815
2012-10-17,105.0,105.5,103.5,105.5,105.5,2308,-0.9795426066434204,-0.9851389922403663,-0.9812966357631079,-0.9710835419350395,-0.9710835419350395,0.02926829268292683,-0.013557737260402084,-0.030627871362940234,-0.0389432930995218,-0.04455714544466584,-0.04279449569030699
2012-10-18,106.0,106.0,102.0,102.5,102.5,2308,-0.9672280195103637,-0.9790668989286054,-0.9999628000506663,-1.0079702036998075,-1.0079702036998075,-0.0038872691933916972,-0.0330188679245283,-0.05151141270820478,-0.06114037096404852,-0.0683512088711143,-0.06987295825771327
2012-10-19,102.5,103.0,100.0,101.0,101.0,2308,-1.010329074476062,-1.0154994587991708,-1.024851019100744,-1.0264135345821914,-1.0264135345821914,-0.019417475728155338,-0.03671912255603237,-0.059590316573556845,-0.06976744186046514,-0.07813070463672875,-0.08181818181818182
2012-10-22,99.0,101.5,98.7,101.0,101.0,2308,-1.0534301294417603,-1.0337157387344535,-1.0410283614832947,-1.0264135345821914,-1.0264135345821914,-0.019417475728155338,-0.02650602409638554,-0.05223647169221141,-0.06459828664042598,-0.07373440939104921,-0.07888736890104885
2012-10-23,100.0,103.0,100.0,101.5,101.5,2308,-1.0411155423087037,-1.0154994587991708,-1.024851019100744,-1.020265757621397,-1.020265757621397,-0.00782013685239489,-0.01120311738918661,-0.041246851385390366,-0.055374592833876246,-0.06503316138540902,-0.07136322049405304
2012-10-24,100.0,100.5,98.3,99.5,99.5,2308,-1.0411155423087037,-1.0458599253579752,-1.0460060052933102,-1.0448568654645756,-1.0448568654645756,-0.015825914935707164,-0.02259332023575636,-0.05238095238095238,-0.06922357343311511,-0.07904479822288046,-0.0860379669320269
2012-10-25,100.0,101.0,99.6,100.0,100.0,2308,-1.0411155423087037,-1.0397878320462144,-1.0298286629107598,-1.0387090885037809,-1.0387090885037809,-0.005964214711729566,-0.0171990171990172,-0.040307101727447246,-0.05838041431261773,-0.06942117997394374,-0.07791609036422317
2012-10-26,102.0,102.0,99.5,100.0,100.0,2308,-1.0164863680425904,-1.0276436454226925,-1.0310730738632636,-1.0387090885037809,-1.0387090885037809,-0.003984063745019977,-0.016715830875122937,-0.03257013866494673,-0.053478466635116,-0.0648962034785861,-0.07435976550447392
2012-10-29,98.0,101.0,98.0,100.5,100.5,2308,-1.065744716574817,-1.0397878320462144,-1.049739238150822,-1.0325613115429861,-1.0325613115429861,0.001994017946161544,-0.011313330054107286,-0.02046783625730989,-0.04285714285714286,-0.05580608793686582,-0.06584043377226952
2012-10-30,100.5,103.5,100.5,103.0,103.0,2308,-1.0349582487421753,-1.00942736548741,-1.0186289643382247,-1.0018224267390128,-1.0018224267390128,0.023856858846918547,0.015278462296697852,0.010134030728996385,-0.014825442372070752,-0.029034690799396665,-0.039477774323904265
2012-10-31,105.0,105.5,99.8,99.8,99.8,2308,-0.9795426066434204,-0.9851389922403663,-1.027339841005752,-1.0411681992880988,-1.0411681992880988,-0.008543612159745672,-0.010705789056304644,-0.015973180832183045,-0.03959967280950773,-0.0553893915874759,-0.06563055893642922
2012-11-01,99.8,101.5,99.8,100.5,100.5,2308,-1.043578459735315,-1.0337157387344535,-1.027339841005752,-1.0325613115429861,-1.0325613115429861,-0.00258038904327119,-0.0017878426698449805,-0.009071189114573079,-0.02748209792916576,-0.043877007382601495,-0.05494781055073191
2012-11-02,101.5,104.5,101.0,104.5,104.5,2308,-1.0226436616091188,-0.9972831788638881,-1.0124069095757051,-0.9833790958566289,-0.9833790958566289,0.027936258115286283,0.03434623379194297,0.027666688520291083,0.01515445890810197,-0.003357112882920725,-0.014708655478031324
2012-11-05,104.0,104.0,102.0,103.5,103.5,2308,-0.9918571937764771,-1.003355272175649,-0.9999628000506663,-0.9956746497782182,-0.9956746497782182,0.012125953451985085,0.02191943127962084,0.0161670375703627,0.009608349997561466,-0.0091142342894345,-0.02121489140371345
2012-11-06,104.5,106.5,102.5,106.5,106.5,2308,-0.9856999002099488,-0.9729948056168445,-0.9937407452881468,-0.9587879880134502,-0.9587879880134502,0.034382284382284446,0.04637453330713302,0.04459556659909763,0.04192144010174628,0.021759152659451858,0.00890488821523302
2012-11-07,107.5,108.0,105.5,108.0,108.0,2308,-0.9487561388107788,-0.9547785256815619,-0.95640841671303,-0.9403446571310662,-0.9403446571310662,0.03250478011472281,0.05232388190587552,0.05757931844888377,0.05659638996233426,0.03794256717794942,0.02392314255917574
2012-11-08,106.0,107.5,105.0,107.5,107.5,2308,-0.9672280195103637,-0.9608506189933227,-0.9626304714755495,-0.9464924340918609,-0.9464924340918609,0.014150943396226415,0.03985296962662028,0.049258198854763145,0.04811582898649654,0.034927603203943176,0.021280638419152526
2012-11-09,106.5,107.0,104.5,107.0,107.0,2308,-0.9610707259438355,-0.9669227123050836,-0.968852526238069,-0.9526402110526555,-0.9526402110526555,0.004694835680751174,0.028055342044581107,0.04031630801140792,0.03994557294197701,0.03230038976575463,0.017819772972287276
2012-11-12,105.5,107.5,105.0,107.0,107.0,2308,-0.9733853130768921,-0.9608506189933227,-0.9626304714755495,-0.9526402110526555,-0.9526402110526555,-0.0018656716417910712,0.02167478277475423,0.03628615702479342,0.036922182382013925,0.03429609867378095,0.01992183776570383
2012-11-13,107.0,107.0,104.0,104.5,104.5,2308,-0.9549134323773071,-0.9669227123050836,-0.9750745810005884,-0.9833790958566289,-0.9833790958566289,-0.021535580524344542,-0.003623188405797058,0.010117283155045755,0.012940435225124879,0.013264554163596119,-0.0015287597936175308
2012-11-14,104.5,105.0,102.5,105.0,105.0,2308,-0.9856999002099488,-0.9912110855521272,-0.9937407452881468,-0.9772313188958341,-0.9772313188958341,-0.011299435028248614,-0.003795066413662293,0.011365825467154757,0.018033740546829685,0.01929872247893449,0.005650799731826349
2012-11-15,104.0,106.0,102.5,105.0,105.0,2308,-0.9918571937764771,-0.9790668989286054,-0.9937407452881468,-0.9772313188958341,-0.9772313188958341,-0.006622516556291418,-0.008030231459612605,0.008129040517186175,0.016801433205829795,0.01752073804170859,0.007903241288836176
2012-11-16,103.5,105.0,101.0,101.0,101.0,2308,-0.9980144873430055,-0.9912110855521272,-1.0124069095757051,-1.0264135345821914,-1.0264135345821914,-0.03349282296650718,-0.04265402843601896,-0.030896181155248503,-0.021933859487725624,-0.02143161647870406,-0.02691245423598179
2012-11-19,100.0,101.0,99.9,100.0,100.0,2308,-1.0411155423087037,-1.0397878320462144,-1.0260954300532479,-1.0387090885037809,-1.0387090885037809,-0.030067895247332634,-0.04897765097479796,-0.040184284617353475,-0.03114857336627418,-0.030744775714341206,-0.03281965310464902
2012-11-20,103.0,103.5,101.0,101.5,101.5,2308,-1.0041717809095339,-1.00942736548741,-1.0124069095757051,-1.020265757621397,-1.020265757621397,-0.00975609756097561,-0.030100334448160588,-0.02485108563376666,-0.016615801966768293,-0.014869166860781219,-0.014818170053060737
2012-11-21,102.5,103.5,101.5,102.0,102.0,2308,-1.010329074476062,-1.00942736548741,-1.0061848548131858,-1.0141179806606022,-1.0141179806606022,0.0009813542688910139,-0.019702066314271956,-0.021426287176207235,-0.012966905360944352,-0.008669284298099074,-0.008039419087136943
2012-11-22,103.0,104.5,102.0,104.0,104.0,2308,-1.0041717809095339,-0.9972831788638881,-0.9999628000506663,-0.9895268728174235,-0.9895268728174235,0.022615535889872144,0.0028929604628736465,-0.004467134652201677,0.004442727448329226,0.010179501126738552,0.010264546838066163
2012-11-23,104.0,106.0,104.0,105.5,105.5,2308,-0.9918571937764771,-0.9790668989286054,-0.9750745810005884,-0.9710835419350395,-0.9710835419350395,0.02826510721247569,0.01883148237566396,0.009247448979591856,0.01623079516447543,0.02296086568669273,0.023179129085442736
2012-11-26,105.5,107.0,105.0,106.5,106.5,2308,-0.9733853130768921,-0.9669227123050836,-0.9626304714755495,-0.9587879880134502,-0.9587879880134502,0.02502406159769003,0.028985507246376812,0.016868236791852315,0.022907362051577774,0.03045901385556154,0.031044275203304474
2012-11-27,106.5,107.5,106.0,107.5,107.5,2308,-0.9610707259438355,-0.9608506189933227,-0.9501863619505105,-0.9464924340918609,-0.9464924340918609,0.02283539486203621,0.03564547206165706,0.025763358778625983,0.030285604753689965,0.03772492084330823,0.03988649921000858
2012-11-28,105.0,106.5,103.5,104.0,104.0,2308,-0.9795426066434204,-0.9729948056168445,-0.9812966357631079,-0.9895268728174235,-0.9895268728174235,-0.014218009478672985,0.0028929604628736465,-0.005102040816326513,-0.005260640841702508,0.002197124465173596,0.006516549454803523
2012-11-29,105.0,107.0,105.0,107.0,107.0,2308,-0.9795426066434204,-0.9669227123050836,-0.9626304714755495,-0.9526402110526555,-0.9526402110526555,0.008482563619227198,0.029836381135707354,0.023923444976076555,0.02026221692491061,0.028331987852227666,0.03404954418065257
2012-11-30,107.0,108.0,104.0,104.0,104.0,2308,-0.9549134323773071,-0.9547785256815619,-0.9750745810005884,-0.9895268728174235,-0.9895268728174235,-0.01701323251417767,-0.0019193857965451328,-0.002876318312559896,-0.008106819265617494,-0.0020343146662572765,0.004087149615421736
2012-12-03,104.0,106.5,104.0,106.5,106.5,2308,-0.9918571937764771,-0.9729948056168445,-0.9750745810005884,-0.9587879880134502,-0.9587879880134502,0.006616257088846908,0.01573676680972824,0.02141943734015346,0.014285714285714285,0.019607092252900735,0.026407093292212747
2012-12-04,106.5,108.0,106.0,107.5,107.5,2308,-0.9610707259438355,-0.9547785256815619,-0.9501863619505105,-0.9464924340918609,-0.9464924340918609,0.01606805293005674,0.019440493124703622,0.029036375239310765,0.023322227510709215,0.02741035247343064,0.034051558291650554
2012-12-05,107.5,108.0,106.5,108.0,108.0,2308,-0.9487561388107788,-0.9547785256815619,-0.9439643071879912,-0.9403446571310662,-0.9403446571310662,0.01313320825515953,0.018387553041018415,0.031847133757961735,0.028081865778200883,0.028963414634146402,0.036037476417356766
2012-12-06,108.0,108.0,106.0,107.0,107.0,2308,-0.9425988452442504,-0.9547785256815619,-0.9501863619505105,-0.9526402110526555,-0.9526402110526555,0.0037523452157599032,0.006111894687353133,0.02099236641221377,0.018805046417519584,0.016916935943736944,0.024152123281115333
2012-12-07,107.0,107.5,106.5,107.5,107.5,2308,-0.9549134323773071,-0.9608506189933227,-0.9439643071879912,-0.9464924340918609,-0.9464924340918609,0.0018639328984156836,0.008916001877053053,0.021539436173582505,0.023322227510709215,0.020505031327131162,0.026481634731682406
2012-12-10,107.5,108.0,105.0,106.0,106.0,2308,-0.9487561388107788,-0.9547785256815619,-0.9626304714755495,-0.9649357649742448,-0.9649357649742448,-0.011194029850746294,-0.004694835680751174,0.0034711265383401075,0.009523809523809525,0.005311077389984847,0.010389857973500992
2012-12-11,106.0,107.0,106.0,107.0,107.0,2308,-0.9672280195103637,-0.9669227123050836,-0.9501863619505105,-0.9526402110526555,-0.9526402110526555,-0.0009337068160597043,0.005166744950681044,0.009433962264150943,0.0178359096313912,0.014602692964157086,0.018627233205343794
2012-12-12,107.5,108.0,105.5,107.0,107.0,2308,-0.9487561388107788,-0.9547785256815619,-0.95640841671303,-0.9526402110526555,-0.9526402110526555,0.0009354536950420422,0.00234192037470726,0.006269592476489073,0.01686861487289148,0.014987668374122541,0.016305208168434403
2012-12-13,107.5,108.0,106.5,108.0,108.0,2308,-0.9487561388107788,-0.9547785256815619,-0.9439643071879912,-0.9403446571310662,-0.9403446571310662,0.008403361344537869,0.010762751520823639,0.01313320825515953,0.02491103202846975,0.024279210925644938,0.02337334175615921
2012-12-14,108.0,108.0,105.5,106.0,106.0,2308,-0.9425988452442504,-0.9547785256815619,-0.95640841671303,-0.9649357649742448,-0.9649357649742448,-0.007490636704119823,-0.009808500700607167,-0.005939356048765301,0.0035502958579881655,0.005692599620493305,0.003946329913180787
2012-12-17,107.0,108.0,106.0,107.0,107.0,2308,-0.9549134323773071,-0.9547785256815619,-0.9501863619505105,-0.9526402110526555,-0.9526402110526555,0.0,-0.0009337068160597043,0.0031249999999999555,0.0096720924746403,0.015180265654648901,0.012298959318826842
2012-12-18,106.0,107.0,106.0,107.0,107.0,2308,-0.9672280195103637,-0.9669227123050836,-0.9501863619505105,-0.9526402110526555,-0.9526402110526555,0.0,-0.0004670714619336493,0.003438574554548234,0.007058823529411765,0.014218009478672985,0.012139366230490287
2012-12-19,105.5,107.0,104.5,107.0,107.0,2308,-0.9733853130768921,-0.9669227123050836,-0.968852526238069,-0.9526402110526555,-0.9526402110526555,0.0,0.0004675081813931478,0.0015600624024961444,0.004694835680751174,0.01344951695396857,0.012458602744046645
2012-12-20,106.5,106.5,103.5,103.5,103.5,2308,-0.9610707259438355,-0.9729948056168445,-0.9812966357631079,-0.9956746497782182,-0.9956746497782182,-0.024505183788878365,-0.029080675422138786,-0.029080675422138786,-0.02794083118102836,-0.01914329037149352,-0.019422074846044503
2012-12-21,103.0,106.0,102.5,106.0,106.0,2308,-1.0041717809095339,-0.9790668989286054,-0.9937407452881468,-0.9649357649742448,-0.9649357649742448,-0.0009425070688029625,-0.004227336777829994,-0.006870705808869466,-0.004694835680751174,0.0026485054861899466,0.004580634970778717
2012-12-22,105.5,106.0,104.0,104.5,104.5,2308,-0.9733853130768921,-0.9790668989286054,-0.9750745810005884,-0.9833790958566289,-0.9833790958566289,-0.010416666666666614,-0.016933207902163662,-0.01969981238273916,-0.017857142857142908,-0.013220018885741319,-0.008852355358836583
2012-12-24,104.0,105.0,103.5,104.0,104.0,2308,-0.9918571937764771,-0.9912110855521272,-0.9812966357631079,-0.9895268728174235,-0.9895268728174235,-0.009523809523809525,-0.018867924528301886,-0.022250078345346227,-0.02094610496587427,-0.018867924528301886,-0.013438735177865656
2012-12-25,104.0,106.0,104.0,105.0,105.0,2308,-0.9918571937764771,-0.9790668989286054,-0.9750745810005884,-0.9772313188958341,-0.9772313188958341,0.0038240917782027314,-0.007561436672967837,-0.010989010989011033,-0.011997177134791866,-0.010554089709762576,-0.003952569169960519
2012-12-26,104.5,105.5,104.5,105.0,105.0,2308,-0.9856999002099488,-0.9851389922403663,-0.968852526238069,-0.9772313188958341,-0.9772313188958341,0.0009532888465204415,-0.004739336492890996,-0.009745363093366849,-0.011066635271956648,-0.010926902788244128,-0.003952569169960519
2012-12-27,105.5,105.5,104.5,105.0,105.0,2308,-0.9733853130768921,-0.9851389922403663,-0.968852526238069,-0.9772313188958341,-0.9772313188958341,0.0028653295128939554,-0.003795066413662293,-0.008186397984886587,-0.011532125205930754,-0.01074053137365744,-0.005210800568450944
2012-12-28,105.5,106.5,105.5,106.5,106.5,2308,-0.9733853130768921,-0.9729948056168445,-0.95640841671303,-0.9587879880134502,-0.9587879880134502,0.013320647002854479,0.010915994304698678,0.005665722379603345,0.0025888444339845205,0.0033917467495760264,0.006933501418216208
2013-01-02,106.5,107.5,105.5,107.5,107.5,2308,-0.9610707259438355,-0.9608506189933227,-0.95640841671303,-0.9464924340918609,-0.9464924340918609,0.01606805293005674,0.0199240986717267,0.014789175582127088,0.012002824193928037,0.012813265498398337,0.014469959106637289
2013-01-03,106.5,107.0,105.0,106.5,106.5,2308,-0.9610707259438355,-0.9669227123050836,-0.9626304714755495,-0.9587879880134502,-0.9587879880134502,0.0037700282752121178,0.010915994304698678,0.005665722379603345,0.003297220913801171,0.0024472891566265542,0.003612376315376221
2013-01-04,105.0,106.0,104.0,105.5,105.5,2308,-0.9795426066434204,-0.9790668989286054,-0.9750745810005884,-0.9710835419350395,-0.9710835419350395,-0.006591337099811702,-0.000473709142586425,-0.002206809583858773,-0.005420692905962789,-0.006404219250329693,-0.006279434850863467
2013-01-07,105.5,106.0,103.5,104.5,104.5,2308,-0.9733853130768921,-0.9790668989286054,-0.9812966357631079,-0.9833790958566289,-0.9833790958566289,-0.015080113100848204,-0.008538899430740092,-0.010728936573051498,-0.013452914798206251,-0.016007532956685524,-0.015389447236180966
2013-01-08,103.5,104.5,103.0,104.0,104.0,2308,-0.9980144873430055,-0.9972831788638881,-0.9875186905256274,-0.9895268728174235,-0.9895268728174235,-0.015151515151515098,-0.01281442809682007,-0.013594688586784734,-0.017245452397826627,-0.019792648444863285,-0.019330504479019305
2013-01-09,104.5,105.5,103.5,104.0,104.0,2308,-0.9856999002099488,-0.9851389922403663,-0.9812966357631079,-0.9895268728174235,-0.9895268728174235,-0.008579599618684515,-0.01281442809682007,-0.011719987329743437,-0.015850484977525406,-0.018497546243865553,-0.018250471994965423
2013-01-10,105.0,105.0,103.0,104.0,104.0,2308,-0.9795426066434204,-0.9912110855521272,-0.9875186905256274,-0.9895268728174235,-0.9895268728174235,-0.0038314176245211272,-0.011876484560570071,-0.009838146620120579,-0.014451551764984654,-0.01701323251417767,-0.018250471994965423
2013-01-11,104.5,104.5,103.0,103.5,103.5,2308,-0.9856999002099488,-0.9972831788638881,-0.9875186905256274,-0.9956746497782182,-0.9956746497782182,-0.004807692307692308,-0.015223596574690718,-0.014598540145985384,-0.017094017094017068,-0.020442930153321943,-0.02189321152937467
2013-01-14,103.0,103.5,102.0,102.0,102.0,2308,-1.0041717809095339,-1.00942736548741,-0.9999628000506663,-1.0141179806606022,-1.0141179806606022,-0.014492753623188406,-0.026717557251908372,-0.026407890550429518,-0.029495718363463316,-0.032625189681335334,-0.03546099290780142
2013-01-15,103.0,105.0,102.5,105.0,105.0,2308,-1.0041717809095339,-0.9912110855521272,-0.9937407452881468,-0.9772313188958341,-0.9772313188958341,0.012536162005785893,0.003344481605351116,0.0019083969465649127,0.0,-0.003795066413662293,-0.006622516556291418
2013-01-16,106.0,106.0,104.0,106.0,106.0,2308,-0.9672280195103637,-0.9790668989286054,-0.9750745810005884,-0.9649357649742448,-0.9649357649742448,0.018251681075888624,0.014354066985645933,0.010165184243964386,0.010004764173415885,0.006074411541381934,0.0033128253667770403
2013-01-17,107.0,107.5,106.0,106.5,106.5,2308,-0.9549134323773071,-0.9608506189933227,-0.9501863619505105,-0.9587879880134502,-0.9587879880134502,0.01816443594646277,0.019138755980861243,0.013963821009203447,0.015010721944245917,0.011011961268274128,0.008522727272727328
2013-01-18,107.5,107.5,105.0,107.0,107.0,2308,-0.9487561388107788,-0.9608506189933227,-0.9626304714755495,-0.9526402110526555,-0.9526402110526555,0.01614434947768284,0.02245580506450066,0.01743264659270994,0.018078020932445347,0.01614434947768284,0.013257575757575812
2013-01-21,107.0,107.0,105.0,105.0,105.0,2308,-0.9549134323773071,-0.9669227123050836,-0.9626304714755495,-0.9772313188958341,-0.9772313188958341,-0.008498583569405152,0.0028653295128939554,-0.0015847860538827708,-0.00047596382674914,-0.002470074102223115,-0.004896540830832403
2013-01-22,106.5,107.0,104.5,107.0,107.0,2308,-0.9610707259438355,-0.9669227123050836,-0.968852526238069,-0.9526402110526555,-0.9526402110526555,0.006585136406397017,0.01904761904761905,0.01711026615969579,0.01735203232707395,0.016530495914877395,0.013737565135007132
2013-01-23,107.0,107.5,105.5,106.5,106.5,2308,-0.9549134323773071,-0.9608506189933227,-0.95640841671303,-0.9587879880134502,-0.9587879880134502,0.0009398496240600969,0.011876484560570071,0.012999365884590932,0.011396011396011423,0.011972633979475534,0.009159823120657
2013-01-24,106.5,106.5,105.0,105.5,105.5,2308,-0.9610707259438355,-0.9729948056168445,-0.9626304714755495,-0.9710835419350395,-0.9710835419350395,-0.006591337099811702,0.0009487666034155058,0.004124365482233539,0.001661523854735316,0.0030424034987639585,0.00015800284405118395
2013-01-25,105.5,106.0,104.0,106.0,106.0,2308,-0.9733853130768921,-0.9790668989286054,-0.9750745810005884,-0.9649357649742448,-0.9649357649742448,0.0,0.0033128253667770403,0.008563273073263614,0.005931198102016607,0.006838905775075977,0.005533596837944619
2013-01-28,106.0,106.0,105.0,106.0,106.0,2308,-0.9672280195103637,-0.9790668989286054,-0.9626304714755495,-0.9649357649742448,-0.9649357649742448,-0.0018832391713747914,-0.0004714757190004447,0.007604562737642559,0.0054541142992649075,0.006838905775075977,0.005533596837944619
2013-01-29,106.5,107.0,105.0,106.5,106.5,2308,-0.9610707259438355,-0.9669227123050836,-0.9626304714755495,-0.9587879880134502,-0.9587879880134502,0.0037700282752121178,0.00282485875706212,0.010756089844985828,0.010196822385582194,0.010820045558086565,0.010436432637571103
2013-01-30,105.5,106.5,105.0,106.5,106.5,2308,-0.9733853130768921,-0.9729948056168445,-0.9626304714755495,-0.9587879880134502,-0.9587879880134502,0.0037700282752121178,0.002352941176470588,0.009159823120657,0.010676156583629894,0.009861558884885324,0.010596235963941103
2013-01-31,105.0,107.0,105.0,107.0,107.0,2308,-0.9795426066434204,-0.9669227123050836,-0.9626304714755495,-0.9526402110526555,-0.9526402110526555,0.005639097744360848,0.006585136406397017,0.011979823455233282,0.015180265654648901,0.013833617585749419,0.015340819231377447
2013-02-01,107.0,107.0,105.5,106.0,106.0,2308,-0.9549134323773071,-0.9669227123050836,-0.95640841671303,-0.9649357649742448,-0.9649357649742448,-0.0037593984962406546,-0.0018832391713747914,0.0009442870632671795,0.0054541142992649075,0.003978026141314659,0.005056890012642207
2013-02-04,107.0,107.0,105.5,106.0,106.0,2308,-0.9549134323773071,-0.9669227123050836,-0.95640841671303,-0.9649357649742448,-0.9649357649742448,-0.0037593984962406546,-0.0028222013170272546,-0.0015698587127159001,0.004739336492890996,0.0035978034463169423,0.005056890012642207
2013-02-05,106.5,107.0,105.0,105.0,105.0,2308,-0.9610707259438355,-0.9669227123050836,-0.9626304714755495,-0.9772313188958341,-0.9772313188958341,-0.010367577756833123,-0.010367577756833123,-0.010989010989011033,-0.005210800568450944,-0.00530503978779843,-0.004582082477484603
2013-02-06,106.5,108.0,106.0,108.0,108.0,2308,-0.9610707259438355,-0.9547785256815619,-0.9501863619505105,-0.9403446571310662,-0.9403446571310662,0.015037593984962351,0.01647058823529412,0.01599247412982129,0.02127659574468085,0.022921007766622484,0.022565882909894336
2013-02-18,110.0,110.5,108.0,110.0,110.0,2308,-0.9179696709781371,-0.9244180591227574,-0.9252981429004328,-0.9157535492878875,-0.9157535492878875,0.028037383177570093,0.030927835051546365,0.03254067584480603,0.03724658180103727,0.04048429814604617,0.03986135181975738
2013-02-19,110.0,110.5,109.5,110.0,110.0,2308,-0.9179696709781371,-0.9244180591227574,-0.9066319786128744,-0.9157535492878875,-0.9157535492878875,0.02040816326530615,0.027077497665733013,0.03060587133041848,0.03407755581668625,0.038715769593956506,0.03822557810287869
2013-02-20,111.0,113.5,111.0,112.5,112.5,2308,-0.9056550838450804,-0.8879854992521921,-0.887965814325316,-0.8850146644839142,-0.8850146644839142,0.03116406966086165,0.04408352668213457,0.04911408144233757,0.05238540692235729,0.059122575786104324,0.05932203389830506
2013-02-21,113.0,115.0,113.0,114.0,114.0,2308,-0.8810259095789671,-0.8697692193169093,-0.8630775952752381,-0.8665713336015303,-0.8665713336015303,0.027953110910730335,0.05069124423963134,0.05849582172701947,0.06194690265486731,0.0692177827799662,0.07092531705025831
2013-02-22,114.5,114.5,112.5,113.0,113.0,2308,-0.8625540288793822,-0.8758413126286703,-0.8692996500377576,-0.8788668875231196,-0.8788668875231196,0.009830205540661253,0.03527256069628946,0.045006165228113376,0.049210770659238595,0.056272200411291794,0.059706158174429445
2013-02-23,113.0,114.0,112.0,114.0,114.0,2308,-0.8810259095789671,-0.8819134059404311,-0.875521704800277,-0.8665713336015303,-0.8665713336015303,0.011535048802129522,0.03777878925807925,0.04875804967801285,0.054823039555863956,0.06165021419258712,0.06658350226103221
2013-02-25,113.0,114.5,111.5,111.5,111.5,2308,-0.8810259095789671,-0.8758413126286703,-0.8817437595627965,-0.8973102184055035,-0.8973102184055035,-0.01327433628318584,0.009963768115941978,0.0223105134474328,0.02954755309325949,0.03528319405756729,0.041245136186770476
2013-02-26,111.0,113.0,111.0,111.5,111.5,2308,-0.9056550838450804,-0.8940575925639529,-0.887965814325316,-0.8973102184055035,-0.8973102184055035,-0.011524822695035436,0.004957187922487581,0.018885166006701152,0.026467203682393557,0.03164322723908218,0.038981208262152546
2013-02-27,112.0,113.0,110.5,110.5,110.5,2308,-0.8933404967120238,-0.8940575925639529,-0.8941878690878354,-0.9096057723270928,-0.9096057723270928,-0.014272970561998166,-0.008968609865470852,0.007292616226071077,0.015625000000000028,0.02031394275161591,0.02758834469931806
2013-03-01,110.5,112.0,109.5,111.5,111.5,2308,-0.9118123774116088,-0.9062017791874747,-0.9066319786128744,-0.8973102184055035,-0.8973102184055035,-0.002683363148479402,-0.0031291908806436687,0.0133292941532869,0.022466758367721256,0.02746037596756362,0.034482758620689676
2013-03-04,112.5,112.5,110.0,112.0,112.0,2308,-0.8871832031454955,-0.9001296858757138,-0.9004099238503549,-0.8911624414447089,-0.8911624414447089,0.005385996409335676,-0.00044622936189198716,0.014799154334038117,0.024,0.029979768254552192,0.036557149467838994
2013-03-05,113.0,113.0,111.5,112.0,112.0,2308,-0.8810259095789671,-0.8940575925639529,-0.8817437595627965,-0.8911624414447089,-0.8911624414447089,0.004484304932735426,-0.0022271714922048997,0.011134517002708405,0.021198997036699366,0.028088856251147442,0.033846153846153894
2013-03-06,113.0,115.0,113.0,114.0,114.0,2308,-0.8810259095789671,-0.8697692193169093,-0.8630775952752381,-0.8665713336015303,-0.8665713336015303,0.017857142857142856,0.014234875444839807,0.02425876010781674,0.035657506245741516,0.043000914913083284,0.04843654199877375
2013-03-07,113.5,114.5,112.0,112.0,112.0,2308,-0.8748686160124388,-0.8758413126286703,-0.875521704800277,-0.8911624414447089,-0.8911624414447089,-0.0026714158504006873,-0.0017825311942959254,0.002087682672233829,0.014952424105120125,0.0228310502283105,0.02783725910064238
2013-03-08,111.0,113.5,111.0,112.0,112.0,2308,-0.9056550838450804,-0.8879854992521921,-0.887965814325316,-0.8911624414447089,-0.8911624414447089,-0.003558718861210015,-0.0008920606601248378,-0.00029753049687591287,0.012429378531073447,0.02078016769959899,0.025954198473282397
2013-03-11,113.0,113.5,111.5,112.0,112.0,2308,-0.8810259095789671,-0.8879854992521921,-0.8817437595627965,-0.8911624414447089,-0.8911624414447089,-0.003558718861210015,0.0008936550491509768,-0.001485884101040161,0.010146561443066516,0.018366975813784287,0.024234110653863793
2013-03-12,112.5,113.5,111.5,111.5,111.5,2308,-0.8871832031454955,-0.8879854992521921,-0.8817437595627965,-0.8973102184055035,-0.8973102184055035,-0.007123775601068541,-0.0035746201966041615,-0.0068289786223277825,0.0031488978857399396,0.011796733212341171,0.0182648401826484
2013-03-13,114.0,119.0,114.0,119.0,119.0,2308,-0.8687113224459104,-0.8211924728228222,-0.8506334857501993,-0.8050935639935836,-0.8050935639935836,0.050308914386584316,0.05636928539724806,0.055900621118012396,0.0644007155635063,0.07478323699421967,0.08214610488026673
2013-03-14,122.0,126.5,121.0,124.0,124.0,2308,-0.7701946253814572,-0.7301110731464088,-0.7635247190749267,-0.743615794385637,-0.743615794385637,0.07173725151253238,0.08771929824561403,0.09379594236989128,0.09977827050997783,0.1129061209836654,0.12183353437876962
2013-03-15,125.0,126.0,120.5,120.5,120.5,2308,-0.7332508639822872,-0.7361831664581696,-0.7697467738374462,-0.7866502331111996,-0.7866502331111996,0.026405451448040837,0.048738033072236675,0.058255269320843156,0.06284454244762955,0.07608501518128233,0.08558558558558559
2013-03-18,121.0,122.0,118.0,119.0,119.0,2308,-0.7825092125145139,-0.7847599129522568,-0.8008570476500435,-0.8050935639935836,-0.8050935639935836,0.0016835016835017075,0.029411764705882405,0.04203152364273202,0.04546452888205576,0.05815401031477865,0.06774338268281738
2013-03-19,119.0,122.0,119.0,121.0,121.0,2308,-0.8071383867806272,-0.7847599129522568,-0.7884129381250046,-0.7805024561504049,-0.7805024561504049,0.0024855012427505976,0.03862660944206009,0.05370101596516695,0.05792349726775956,0.07022819741730053,0.0808396605627512
2013-03-20,121.5,122.0,118.5,118.5,118.5,2308,-0.7763519189479855,-0.7847599129522568,-0.794634992887524,-0.8112413409543783,-0.8112413409543783,-0.017412935323383037,0.013253527148353973,0.02775368603642674,0.03335513407455856,0.043501232828460704,0.05458320973005049
2013-03-21,119.5,120.5,119.0,119.0,119.0,2308,-0.8009810932140988,-0.8029761928875395,-0.7884129381250046,-0.8050935639935836,-0.8050935639935836,-0.005016722408026708,0.011474713132171646,0.027042577675489128,0.03545790733086798,0.04276200490711528,0.055120437416876035
2013-03-22,120.5,121.5,120.0,121.0,121.0,2308,-0.7886665060810422,-0.7908320062640177,-0.7759688285999656,-0.7805024561504049,-0.7805024561504049,0.010860484544695048,0.020666385491353884,0.03862660944206009,0.049208757858226725,0.05547801814375436,0.06827545615067687
2013-03-25,122.0,122.5,121.0,121.5,121.5,2308,-0.7701946253814572,-0.7786878196404959,-0.7635247190749267,-0.7743546791896103,-0.7743546791896103,0.010815307820299477,0.016736401673640166,0.03727945361411491,0.050129645635263585,0.055603822762814996,0.06813186813186813
2013-03-26,123.0,124.0,121.0,121.5,121.5,2308,-0.7578800382484006,-0.7604715397052132,-0.7635247190749267,-0.7743546791896103,-0.7743546791896103,0.009975062344139675,0.008298755186721992,0.031701103877724325,0.045611015490533535,0.05140186915887848,0.0633022170361727
2013-03-27,122.0,123.0,121.0,122.5,122.5,2308,-0.7701946253814572,-0.772615726328735,-0.7635247190749267,-0.762059125268021,-0.762059125268021,0.011560693641618545,0.013653289201489498,0.035211267605633846,0.04925053533190578,0.05639875819248022,0.06691827551168533
2013-03-28,124.0,125.0,123.5,125.0,125.0,2308,-0.7455654511153439,-0.7483273530816914,-0.7324144452623295,-0.7313202404640476,-0.7313202404640476,0.02207686017988555,0.03348491112029762,0.04865771812080535,0.06405618216641844,0.07388316151202744,0.08240727377687977
2013-03-29,125.0,129.0,125.0,127.5,127.5,2308,-0.7332508639822872,-0.6997506065876044,-0.713748280974771,-0.7005813556600743,-0.7005813556600743,0.031553398058252476,0.04808877928483349,0.06043803714998613,0.07799619530754592,0.08992990254744397,0.09787600459242245
2013-04-01,129.0,130.0,127.0,130.0,130.0,2308,-0.6839925154500606,-0.6876064199640826,-0.6888600619246932,-0.669842470856101,-0.669842470856101,0.03750997605746211,0.059063136456211814,0.07054625308811416,0.09083280889448293,0.10525420846794759,0.11301369863013701
2013-04-02,130.0,130.5,129.0,130.5,130.5,2308,-0.6716779283170039,-0.6815343266523216,-0.6639718428746154,-0.6636946938953063,-0.6636946938953063,0.026750590086546074,0.05497170573969278,0.06356968215158922,0.08659450457951712,0.10238215914850486,0.11079585756844941
2013-04-03,131.0,132.0,129.0,130.5,130.5,2308,-0.6593633411839472,-0.663318046717039,-0.6639718428746154,-0.6636946938953063,-0.6636946938953063,0.013986013986014076,0.04483586869495592,0.056965442764578815,0.07918131072979122,0.09535000839348665,0.10515172900494006
2013-04-08,129.0,129.0,127.0,128.0,128.0,2308,-0.6839925154500606,-0.6997506065876044,-0.6888600619246932,-0.6944335786992797,-0.6944335786992797,-0.010054137664346569,0.017488076311605746,0.03448275862068965,0.051550626411994295,0.06809078771695591,0.07971320118093633
2013-04-09,130.0,130.0,128.0,128.5,128.5,2308,-0.6716779283170039,-0.6876064199640826,-0.6764159523996542,-0.688285801738485,-0.688285801738485,-0.007722007722007722,0.015408929276965648,0.03406652360515022,0.04855161158710733,0.06621307666777301,0.07922732362821952
2013-04-10,130.0,130.0,128.0,129.0,129.0,2308,-0.6716779283170039,-0.6876064199640826,-0.6764159523996542,-0.6821380247776904,-0.6821380247776904,-0.0023201856148492754,0.013354281225451712,0.0325506937033084,0.045380875202593145,0.06435643564356433,0.07889601338165601
2013-04-11,131.0,131.5,130.5,130.5,130.5,2308,-0.6593633411839472,-0.6693901400287998,-0.645305678587057,-0.6636946938953063,-0.6636946938953063,0.009280742459396663,0.01794071762870524,0.039288558534642984,0.04945717732207484,0.07019845825815978,0.08569051580698833
2013-04-12,130.0,131.5,130.0,131.5,131.5,2308,-0.6716779283170039,-0.6693901400287998,-0.6515277333495765,-0.651399139973717,-0.651399139973717,0.015444015444015444,0.018590240123934978,0.0400738201950962,0.052210442088417734,0.07224396607958251,0.08797573083287374
2013-04-15,132.5,136.0,131.5,135.0,135.0,2308,-0.6408914604843623,-0.6147413002229518,-0.6328615690620181,-0.6083647012481543,-0.6083647012481543,0.03132161955691363,0.03766333589546507,0.058823529411764705,0.07548297151961755,0.0925865976044027,0.10943706341597038
2013-04-16,133.0,135.0,131.5,135.0,135.0,2308,-0.6347341669178339,-0.6268854868464736,-0.6328615690620181,-0.6083647012481543,-0.6083647012481543,0.02118003025718617,0.0317157050057318,0.05112899039709314,0.06930693069306931,0.08451156812339328,0.10234077299945561
2013-04-17,134.5,135.5,133.5,135.0,135.0,2308,-0.616262286218249,-0.6208133935347127,-0.6079733500119402,-0.6083647012481543,-0.6083647012481543,0.011994002998500706,0.027788351732013748,0.04381443298969064,0.06257378984651714,0.07655502392344493,0.09548282391127941
2013-04-18,135.0,136.0,133.5,135.0,135.0,2308,-0.6101049926517206,-0.6147413002229518,-0.6079733500119402,-0.6083647012481543,-0.6083647012481543,0.005212211466865142,0.024279210925644827,0.03660097261325836,0.05675146771037182,0.068545195504195,0.08870967741935484
2013-04-19,135.0,136.0,134.5,135.0,135.0,2308,-0.6101049926517206,-0.6147413002229518,-0.5955292404869013,-0.6083647012481543,-0.6083647012481543,0.0,0.020793950850661626,0.030010172939979683,0.04997083414349611,0.06315955268546225,0.08259823576583798
2013-04-22,136.5,136.5,134.5,135.5,135.5,2308,-0.5916331119521356,-0.6086692069111909,-0.5955292404869013,-0.6022169242873597,-0.6022169242873597,0.002960769800148081,0.018796992481203006,0.02833291171262322,0.04714064914992267,0.0632454488386692,0.0798246779120733
2013-04-23,135.0,136.0,133.5,135.0,135.0,2308,-0.6101049926517206,-0.6147413002229518,-0.6079733500119402,-0.6083647012481543,-0.6083647012481543,-0.0007401924500369676,0.010101010101010059,0.02066532258064506,0.03766333589546507,0.054522730823308774,0.06930693069306931
2013-04-24,135.0,136.0,135.0,135.5,135.5,2308,-0.6101049926517206,-0.6147413002229518,-0.5893071857243818,-0.6022169242873597,-0.6022169242873597,0.0022189349112426877,0.008935219657483161,0.021613470721286814,0.03593272171253813,0.05299968915138322,0.06664917344528996
2013-04-25,136.0,141.0,135.5,139.0,139.0,2308,-0.5977904055186639,-0.5540203671053429,-0.5830851309618623,-0.5591824855617971,-0.5591824855617971,0.022058823529411766,0.02848686644469104,0.04354354354354363,0.05562939054490213,0.07418856259659964,0.08636186010160217
2013-04-26,140.0,144.5,140.0,142.0,142.0,2308,-0.5485320569864373,-0.5115157139230166,-0.5270866380991872,-0.5222958237970291,-0.5222958237970291,0.03347889374090243,0.042584434654919325,0.05996516546404577,0.07048624199019973,0.08945833972686816,0.10319823902628511
2013-04-29,142.0,143.0,139.5,141.5,141.5,2308,-0.5239028827203239,-0.5297319938582993,-0.5333086928617067,-0.5284436007578237,-0.5284436007578237,0.020923520923520966,0.03397880891487034,0.04918437963420656,0.060123618655178915,0.07817738494361468,0.09435421500386688
2013-04-30,142.0,143.0,141.5,141.5,141.5,2308,-0.5239028827203239,-0.5297319938582993,-0.5084204738116288,-0.5284436007578237,-0.5284436007578237,0.011436740528949208,0.02909090909090909,0.0424852652259333,0.05459288242966266,0.07148265939724366,0.08846153846153847
2013-05-02,145.5,150.0,145.5,147.5,147.5,2308,-0.48080182775462565,-0.44472268749364674,-0.4586440357114731,-0.4546702772282878,-0.4546702772282878,0.03654251581166541,0.06306306306306306,0.07690435629106837,0.09218807848944827,0.10818933132982725,0.12638411607483782
2013-05-03,148.0,148.5,144.5,146.0,146.0,2308,-0.450015359921984,-0.4629389674289294,-0.47108814523651205,-0.47311360811067177,-0.47311360811067177,0.016005567153792703,0.043975688237397254,0.057971014492753624,0.07491257132339417,0.08890214797136028,0.10787909447325157
2013-05-06,147.0,148.5,145.5,145.5,145.5,2308,-0.46232994705504066,-0.4629389674289294,-0.4586440357114731,-0.47926138507146643,-0.47926138507146643,0.007617728531855916,0.032647267565649354,0.0472648752399232,0.06534870950027466,0.07777777777777778,0.09659590503705562
2013-05-07,145.5,147.0,144.0,144.0,144.0,2308,-0.48080182775462565,-0.4811552473642121,-0.4773101999990315,-0.4977047159538504,-0.4977047159538504,-0.006211180124223641,0.015873015873015872,0.0320114667940755,0.048225659690627844,0.06069534472598711,0.07851703907127688
2013-05-08,145.5,149.5,145.5,149.0,149.0,2308,-0.48080182775462565,-0.45079478080540764,-0.4586440357114731,-0.4362269463459038,-0.4362269463459038,0.017759562841530015,0.04086622424030733,0.06074988134788798,0.0765895953757225,0.09061630800761232,0.10821866865005587
2013-05-09,148.5,148.5,146.0,147.0,147.0,2308,-0.44385806635545566,-0.4629389674289294,-0.4524219809489537,-0.46081805418908245,-0.46081805418908245,0.004784688995215233,0.018711018711018632,0.04058518168947607,0.05527638190954765,0.07064821558630727,0.08647450110864736
2013-05-10,147.0,148.0,144.0,145.0,145.0,2308,-0.46232994705504066,-0.4690110607406903,-0.4773101999990315,-0.4854091620322611,-0.4854091620322611,-0.0075290896646132395,0.0006901311249136944,0.02160638797557536,0.03552936975540078,0.05163910646939371,0.06552357624004891
2013-05-13,146.0,146.5,144.5,146.0,146.0,2308,-0.4746445341880973,-0.487227340675973,-0.47108814523651205,-0.47311360811067177,-0.47311360811067177,-0.0013679890560874737,0.004817618719889804,0.02336448598130848,0.037300177619893425,0.05415162454873646,0.06673161227471987
2013-05-14,146.0,148.0,144.5,145.0,145.0,2308,-0.4746445341880973,-0.4690110607406903,-0.47108814523651205,-0.4854091620322611,-0.4854091620322611,-0.009562841530054683,-0.004462753175420568,0.011863224005582613,0.02654867256637168,0.041816352924270675,0.054289869122636954
2013-05-15,147.0,148.0,145.5,146.0,146.0,2308,-0.46232994705504066,-0.4690110607406903,-0.4586440357114731,-0.47311360811067177,-0.47311360811067177,0.001371742112482775,-0.0006844626967829864,0.013654246702152293,0.0296191819464033,0.04375178724621107,0.05682229460731085
2013-05-16,148.5,149.0,146.5,148.5,148.5,2308,-0.44385806635545566,-0.45686687411716853,-0.4461999261864342,-0.44237472330669847,-0.44237472330669847,0.016427104722792647,0.01573187414500692,0.02484472049689437,0.04228812072293389,0.05573723873169347,0.07014172471775151
2013-05-17,148.5,149.0,147.0,147.0,147.0,2308,-0.44385806635545566,-0.45686687411716853,-0.43997787142391476,-0.46081805418908245,-0.46081805418908245,0.0034129692832764505,0.004784688995215233,0.010772404308961698,0.027433164424253097,0.04019247098782909,0.055150137576265135
2013-05-20,149.0,149.0,146.0,147.0,147.0,2308,-0.43770077278892733,-0.45686687411716853,-0.4524219809489537,-0.46081805418908245,-0.46081805418908245,0.0020449897750512026,0.0037555479685900403,0.008461010747770318,0.023142509135200894,0.03564886571790899,0.05100095328884646
2013-05-21,148.0,148.5,145.5,146.5,146.5,2308,-0.450015359921984,-0.4629389674289294,-0.4586440357114731,-0.4669658311498771,-0.4669658311498771,-0.003401360544217687,-0.0013633265167006725,0.0027378507871321403,0.01577396429190505,0.028792134831460633,0.04282833076284267
2013-05-22,148.0,148.0,146.0,146.5,146.5,2308,-0.450015359921984,-0.4690110607406903,-0.4524219809489537,-0.4669658311498771,-0.4669658311498771,-0.004078857919782422,0.0003414134516900742,0.00045526974732526434,0.011740331491712627,0.025479490410191697,0.03839338452451263
2013-05-23,145.0,146.0,143.0,144.0,144.0,2308,-0.486959121321154,-0.4932994339877339,-0.48975430952407045,-0.4977047159538504,-0.4977047159538504,-0.015047879616962988,-0.014710913445090698,-0.015047879616962988,-0.008435186779135784,0.005446166736489325,0.01706886403766915
2013-05-24,144.5,145.5,140.0,142.0,142.0,2308,-0.4931164148876823,-0.4993715272994948,-0.5270866380991872,-0.5222958237970291,-0.5222958237970291,-0.022038567493112872,-0.026396983201919744,-0.026952946550936527,-0.023215821152192607,-0.010452961672473868,0.00023479690068089765
2013-05-27,144.0,144.0,142.0,143.5,143.5,2308,-0.49927370845421065,-0.5175878072347775,-0.5021984190491093,-0.5038524929146451,-0.5038524929146451,-0.006920415224913495,-0.014423076923076884,-0.015775034293552887,-0.013406668958404873,-0.0023637374860956857,0.007960664949660447
2013-05-28,142.5,144.0,137.0,141.0,141.0,2308,-0.5177455891537956,-0.5175878072347775,-0.564418966674304,-0.5345913777186184,-0.5345913777186184,-0.016736401673640208,-0.02892561983471067,-0.03159340659340656,-0.030428055698813898,-0.02124114952103292,-0.010989010989010962
2013-05-29,143.0,143.5,140.0,142.0,142.0,2308,-0.5115882955872674,-0.5236599005465383,-0.5270866380991872,-0.5222958237970291,-0.5222958237970291,-0.0035087719298245615,-0.01933701657458571,-0.021589343132751442,-0.02371949123410099,-0.016211722322294606,-0.005602240896358622
2013-05-30,142.0,142.0,139.5,141.0,141.0,2308,-0.5239028827203239,-0.5418761804818211,-0.5333086928617067,-0.5345913777186184,-0.5345913777186184,-0.006342494714587778,-0.021173203748698445,-0.025794564716720318,-0.028423772609819122,-0.024626452684006657,-0.013986013986013986
2013-05-31,143.0,146.0,142.5,144.0,144.0,2308,-0.5115882955872674,-0.4932994339877339,-0.4959763642865899,-0.4977047159538504,-0.4977047159538504,0.011946591707659793,0.0017391304347826088,-0.004608294930875511,-0.0070677469401827665,-0.005250069079856251,0.004884856943475147
2013-06-03,140.0,143.5,139.0,140.5,140.5,2308,-0.5485320569864373,-0.5236599005465383,-0.5395307476242261,-0.540739154679413,-0.540739154679413,-0.008468595624558848,-0.01816911250873511,-0.02633402633402641,-0.02952857882921779,-0.029025570145127775,-0.02079219421535593
2013-06-04,143.0,143.0,141.0,142.5,142.5,2308,-0.5115882955872674,-0.5297319938582993,-0.5146425285741483,-0.5161480468362344,-0.5161480468362344,0.0035211267605633804,-0.0014015416958653723,-0.01133209990749301,-0.015203870076019274,-0.015476025977615096,-0.00846573118404269
2013-06-05,141.0,141.5,139.5,139.5,139.5,2308,-0.5362174698533806,-0.5479482737935819,-0.5333086928617067,-0.5530347086010023,-0.5530347086010023,-0.014134275618374558,-0.017605633802816902,-0.02922755741127341,-0.032761310452418056,-0.03566984653670674,-0.03035217794253944
2013-06-06,136.5,139.5,136.5,139.0,139.0,2308,-0.5916331119521356,-0.5722366470406255,-0.5706410214368235,-0.5591824855617971,-0.5591824855617971,-0.014883061658398259,-0.0176678445229682,-0.028424976700838746,-0.03354771423605068,-0.03686252771618621,-0.03461048732492178
2013-06-07,141.0,143.0,141.0,141.5,141.5,2308,-0.5362174698533806,-0.5297319938582993,-0.5146425285741483,-0.5284436007578237,-0.5284436007578237,0.006401137980085389,0.0003534817956876025,-0.008409250175192633,-0.014966933518969758,-0.018315526571388834,-0.017815826006478457
2013-06-10,144.0,145.0,142.5,143.5,143.5,2308,-0.49927370845421065,-0.5054436206112557,-0.4959763642865899,-0.5038524929146451,-0.5038524929146451,0.016288951841359856,0.014492753623188488,0.007253158633598489,-0.00017418568193698438,-0.003887269193391658,-0.004278940673065856
2013-06-11,144.0,145.0,142.5,144.0,144.0,2308,-0.49927370845421065,-0.5054436206112557,-0.4959763642865899,-0.4977047159538504,-0.4977047159538504,0.0176678445229682,0.015873015873015872,0.011946591707659793,0.0036591740721380428,-0.00041649312786340605,-0.001386962552011017
2013-06-13,141.0,141.5,137.0,137.0,137.0,2308,-0.5362174698533806,-0.5479482737935819,-0.564418966674304,-0.5837735934049757,-0.5837735934049757,-0.028368794326241134,-0.03008849557522124,-0.03294117647058817,-0.04212550253452198,-0.04582810976459125,-0.048941339812565154
2013-06-14,137.0,137.0,131.0,133.5,133.5,2308,-0.5854758183856072,-0.60259711359943,-0.6390836238245375,-0.6268080321305384,-0.6268080321305384,-0.045746962115797034,-0.0498220640569395,-0.05296760463466542,-0.06167633104902481,-0.06669463087248317,-0.07022634939059785
2013-06-17,133.0,135.5,132.0,134.5,134.5,2308,-0.6347341669178339,-0.6208133935347127,-0.6266395142994986,-0.614512478208949,-0.614512478208949,-0.02888086642599278,-0.03618774632748127,-0.04247745609871857,-0.05047652665019418,-0.05693451128873934,-0.060754189944134
2013-06-18,137.0,140.0,135.5,138.5,138.5,2308,-0.5854758183856072,-0.5661645537288647,-0.5830851309618623,-0.5653302625225918,-0.5653302625225918,0.007272727272727273,-0.006099748833871506,-0.011655566127497567,-0.019295450522216283,-0.02684092186621693,-0.03124271391932853
2013-06-19,139.0,140.0,136.5,138.5,138.5,2308,-0.5608466441194939,-0.5661645537288647,-0.5706410214368235,-0.5653302625225918,-0.5653302625225918,0.01539589442815245,-0.003238575026988044,-0.010478685401286034,-0.016509852654003117,-0.02505983387301142,-0.029998832730243948
2013-06-20,135.5,137.0,133.5,134.0,134.0,2308,-0.6039476990851923,-0.60259711359943,-0.6079733500119402,-0.6206602551697437,-0.6206602551697437,-0.013254786450662822,-0.03179190751445091,-0.03896724838632563,-0.04422253922967182,-0.05353863540048038,-0.05821717230877356
2013-06-21,131.5,139.0,131.0,135.0,135.0,2308,-0.653206047617419,-0.5783087403523864,-0.6390836238245375,-0.6083647012481543,-0.6083647012481543,-0.008082292432035227,-0.021739130434782608,-0.029009829777031874,-0.03398926654740608,-0.04282473057288707,-0.04851403735463404
2013-06-24,133.5,138.5,133.0,136.5,136.5,2308,-0.6285768733513056,-0.5843808336641473,-0.6141954047744597,-0.5899213703657704,-0.5899213703657704,0.0,-0.007272727272727273,-0.014677574590952825,-0.021329987452948517,-0.029298819513582736,-0.03601694915254233
2013-06-25,135.0,136.5,132.5,132.5,132.5,2308,-0.6101049926517206,-0.6086692069111909,-0.6204174595369791,-0.6391035860521277,-0.6391035860521277,-0.02069475240206956,-0.028592375366568955,-0.03985507246376811,-0.04624797552636322,-0.05384175949728644,-0.06128232376904007
2013-06-26,134.5,135.5,132.5,132.5,132.5,2308,-0.616262286218249,-0.6208133935347127,-0.6204174595369791,-0.6391035860521277,-0.6391035860521277,-0.01193139448173001,-0.02033271719038817,-0.03519417475728162,-0.04332129963898917,-0.050043016919988456,-0.058503079109426724
2013-06-27,133.0,135.5,132.0,135.5,135.5,2308,-0.6347341669178339,-0.6208133935347127,-0.6266395142994986,-0.6022169242873597,-0.6022169242873597,0.008184523809523767,0.002960769800148081,-0.011429961089494137,-0.019359507870454214,-0.025460299194476354,-0.03478570580553242
2013-06-28,138.0,139.0,135.5,136.5,136.5,2308,-0.5731612312525506,-0.5783087403523864,-0.5830851309618623,-0.5899213703657704,-0.5899213703657704,0.013363028953229484,0.008124076809453429,-0.0029218407596786388,-0.010511054729974547,-0.01614530776992943,-0.02488391475175607
2013-07-01,139.0,142.5,137.0,142.0,142.0,2308,-0.5608466441194939,-0.5358040871700601,-0.564418966674304,-0.5222958237970291,-0.5222958237970291,0.04565537555228268,0.04296731546088868,0.03700097370983444,0.030105186797243423,0.023497188986593563,0.015615687209440962
2013-07-02,144.5,146.0,142.5,145.5,145.5,2308,-0.4931164148876823,-0.4932994339877339,-0.4959763642865899,-0.47926138507146643,-0.47926138507146643,0.051300578034682034,0.06320789185239317,0.061527237354085634,0.05358435916002901,0.048119867454257365,0.04102074886715945
2013-07-03,146.5,146.5,143.5,145.5,145.5,2308,-0.468487240621569,-0.487227340675973,-0.483532254761551,-0.47926138507146643,-0.47926138507146643,0.031914893617021274,0.05779716466739359,0.06075334143377893,0.05244122965641953,0.046762589928057555,0.04126908396946575
2013-07-04,145.5,146.0,143.0,144.5,144.5,2308,-0.48080182775462565,-0.4932994339877339,-0.48975430952407045,-0.49155693899305575,-0.49155693899305575,0.011904761904761824,0.04256854256854261,0.049636803874092084,0.04332129963898917,0.038820992092020175,0.03460620525059673
2013-07-05,146.0,149.0,146.0,148.0,148.0,2308,-0.4746445341880973,-0.45686687411716853,-0.4524219809489537,-0.44852250026749313,-0.44852250026749313,0.019986216402481088,0.05789849892780553,0.06756431834575626,0.06513134220942794,0.06184531496627927,0.058655221745350414
2013-07-08,144.0,145.0,143.0,144.0,144.0,2308,-0.49927370845421065,-0.5054436206112557,-0.48975430952407045,-0.4977047159538504,-0.4977047159538504,-0.010309278350515464,0.023817987913259824,0.03398755385351833,0.03541254718676981,0.033146792940163615,0.02955195424213531
2013-07-09,146.0,149.0,144.5,146.0,146.0,2308,-0.4746445341880973,-0.45686687411716853,-0.47108814523651205,-0.47311360811067177,-0.47311360811067177,0.0027472527472527865,0.028169014084507043,0.04459813975673732,0.048850574712643764,0.045845272206303765,0.04322972490175071
2013-07-10,145.0,147.5,144.5,147.0,147.0,2308,-0.486959121321154,-0.4750831540524512,-0.47108814523651205,-0.46081805418908245,-0.46081805418908245,0.007539410555174738,0.024747298710352122,0.047505938242280214,0.05489773950484396,0.05165259693804549,0.04887620406707095
2013-07-11,148.0,148.5,145.0,145.0,145.0,2308,-0.450015359921984,-0.4629389674289294,-0.4648660904739926,-0.4854091620322611,-0.4854091620322611,-0.00684931506849315,0.0041551246537395725,0.027882797731569025,0.03756708407871199,0.03571428571428571,0.0338680926916221
2013-07-12,145.0,146.0,143.0,145.0,145.0,2308,-0.486959121321154,-0.4932994339877339,-0.48975430952407045,-0.4854091620322611,-0.4854091620322611,-0.002751031636863863,-0.0017211703958691911,0.023047977422389558,0.0333155175485481,0.03394181403308607,0.032886145078950546
2013-07-15,145.0,145.5,143.5,145.0,145.0,2308,-0.486959121321154,-0.4993715272994948,-0.483532254761551,-0.4854091620322611,-0.4854091620322611,-0.004120879120879082,-0.0037787701820680957,0.01897399859451854,0.029463968761093404,0.03291067103576011,0.032640949554896215
2013-07-16,145.0,149.0,144.5,149.0,149.0,2308,-0.486959121321154,-0.45686687411716853,-0.47108814523651205,-0.4362269463459038,-0.4362269463459038,0.019151846785225798,0.021247429746401605,0.03905160390516035,0.053934571175950484,0.05974395448079663,0.058990760483297884
2013-07-17,149.0,149.0,145.5,148.0,148.0,2308,-0.43770077278892733,-0.45686687411716853,-0.4586440357114731,-0.44852250026749313,-0.44852250026749313,0.01092896174863384,0.012658227848101226,0.02469420724671126,0.0433556573845612,0.05143506678033539,0.05051461019756305
2013-07-18,146.0,148.0,145.0,147.0,147.0,2308,-0.4746445341880973,-0.4690110607406903,-0.4648660904739926,-0.46081805418908245,-0.46081805418908245,0.0013623978201634103,0.004098360655737666,0.012396694214876111,0.031578947368421054,0.0413714933408898,0.041568256967406764
2013-07-19,147.0,149.0,147.0,147.0,147.0,2308,-0.46232994705504066,-0.45686687411716853,-0.43997787142391476,-0.46081805418908245,-0.46081805418908245,-0.0013586956521738358,0.004784688995215233,0.007539410555174738,0.027253668763102767,0.03740296400846868,0.03960396039603956
2013-07-22,148.5,149.0,145.5,145.5,145.5,2308,-0.44385806635545566,-0.45686687411716853,-0.4586440357114731,-0.47926138507146643,-0.47926138507146643,-0.01221995926680252,-0.006486855582109858,-0.004333941605839365,0.013584117032392814,0.023638666103841383,0.028026377767310425
2013-07-23,145.5,149.0,143.0,147.0,147.0,2308,-0.48080182775462565,-0.45686687411716853,-0.48975430952407045,-0.46081805418908245,-0.46081805418908245,0.0006807351940094915,0.003070624360286514,0.005242762708001003,0.01888754115404605,0.03172375070185297,0.03776914931168369
2013-07-24,147.0,147.0,144.0,145.5,145.5,2308,-0.46232994705504066,-0.4811552473642121,-0.4773101999990315,-0.47926138507146643,-0.47926138507146643,-0.006147540983606596,-0.006147540983606596,-0.005014816503305129,0.003967569432464989,0.019193051274866976,0.026817219477770018
2013-07-25,144.0,145.0,143.0,143.0,143.0,2308,-0.49927370845421065,-0.5054436206112557,-0.48975430952407045,-0.5100002698754398,-0.5100002698754398,-0.017857142857142818,-0.021887824897400744,-0.021441605839416008,-0.015829318651066834,-0.0008384572386808591,0.007751937984496084
2013-07-26,143.0,145.0,139.0,140.0,140.0,2308,-0.5115882955872674,-0.5054436206112557,-0.5395307476242261,-0.5468869316402077,-0.5468869316402077,-0.029126213592232934,-0.03912148249828407,-0.03846153846153842,-0.03763533253136274,-0.023164945576332637,-0.014893866541573876
2013-07-29,141.5,141.5,130.5,131.5,131.5,2308,-0.5300601762868523,-0.5479482737935819,-0.645305678587057,-0.651399139973717,-0.651399139973717,-0.07001414427157004,-0.08901974367855903,-0.09164172231176615,-0.09279061745429451,-0.08119060927892681,-0.07405234127449839
2013-07-30,131.5,140.0,131.0,139.0,139.0,2308,-0.653206047617419,-0.5661645537288647,-0.6390836238245375,-0.5591824855617971,-0.5591824855617971,-0.005722460658083056,-0.030345308685036584,-0.0367290367290368,-0.03889369057908384,-0.03054819361138231,-0.02135648908706875
2013-07-31,139.0,145.5,137.0,145.5,145.5,2308,-0.5608466441194939,-0.4993715272994948,-0.564418966674304,-0.47926138507146643,-0.47926138507146643,0.04077253218884112,0.016771488469601716,0.009015256588072201,0.006050129645635264,0.011118832522585088,0.02272727272727263
2013-08-01,146.0,146.0,141.0,141.5,141.5,2308,-0.4746445341880973,-0.4932994339877339,-0.5146425285741483,-0.5284436007578237,-0.5284436007578237,0.014336917562724014,-0.007365836548579525,-0.017133595739754585,-0.020591797888908078,-0.018315526571388834,-0.007133668576774738
2013-08-02,141.5,145.0,141.5,143.0,143.0,2308,-0.5300601762868523,-0.5054436206112557,-0.5084204738116288,-0.5100002698754398,-0.5100002698754398,0.02069950035688798,0.005979599015124828,-0.005793742757821618,-0.008493673080256505,-0.009695290858725801,0.0015174506828528206
2013-08-05,142.5,144.0,138.5,142.5,142.5,2308,-0.5177455891537956,-0.5175878072347775,-0.5457528023867456,-0.5161480468362344,-0.5161480468362344,0.0014054813773716698,0.004582305252026829,-0.008120649651972092,-0.011446409989594212,-0.01329455754050677,-0.0033803473598320558
2013-08-06,142.5,142.5,139.0,139.5,139.5,2308,-0.5177455891537956,-0.5358040871700601,-0.5395307476242261,-0.5530347086010023,-0.5530347086010023,-0.020365168539325882,-0.011339475549255807,-0.02470286646469353,-0.030071267164957338,-0.03245942571785273,-0.025951355754684057
2013-08-07,138.0,141.5,136.5,138.0,138.0,2308,-0.5731612312525506,-0.5479482737935819,-0.5706410214368235,-0.5714780394833864,-0.5714780394833864,-0.020581973030518137,-0.016743854649091516,-0.03067197377663316,-0.037489102005231034,-0.04086738949124267,-0.03765690376569041
2013-08-08,137.0,139.0,135.0,135.0,135.0,2308,-0.5854758183856072,-0.5783087403523864,-0.5893071857243818,-0.6083647012481543,-0.6083647012481543,-0.032951289398280764,-0.03260480114654254,-0.04638568401224391,-0.05511811023622047,-0.059233449477351915,-0.05846797628734157
2013-08-09,137.0,137.5,134.0,135.0,135.0,2308,-0.5854758183856072,-0.5965250202876691,-0.6017512952494207,-0.6083647012481543,-0.6083647012481543,-0.021739130434782608,-0.02912621359223309,-0.04096613781671806,-0.05179982440737489,-0.05581200167855637,-0.05813953488372099
2013-08-12,135.5,137.0,134.0,136.0,136.0,2308,-0.6039476990851923,-0.60259711359943,-0.6017512952494207,-0.596069147326565,-0.596069147326565,-0.005120702267739493,-0.025089605734767026,-0.029495718363463316,-0.0417474017967237,-0.04668442450581801,-0.04983698183511872
2013-08-13,138.5,140.0,137.5,140.0,140.0,2308,-0.5670039376860223,-0.5661645537288647,-0.5581969119117846,-0.5468869316402077,-0.5468869316402077,0.02339181286549699,0.0028653295128940235,0.0023866348448688033,-0.010425870295105102,-0.016991995506249035,-0.0206365862189576
2013-08-14,140.0,140.5,137.0,139.0,139.0,2308,-0.5485320569864373,-0.5600924604171037,-0.564418966674304,-0.5591824855617971,-0.5591824855617971,0.014598540145985401,0.0003598416696654291,-0.0016758439071102712,-0.014359156177982666,-0.021815622800844436,-0.026156001868285757
2013-08-15,138.0,139.0,135.5,136.0,136.0,2308,-0.5731612312525506,-0.5783087403523864,-0.5830851309618623,-0.596069147326565,-0.596069147326565,-0.008746355685131112,-0.017341040462427786,-0.019937545039634973,-0.0318562021712048,-0.04049668406942295,-0.0452790452790452
2013-08-16,134.5,139.5,134.0,138.0,138.0,2308,-0.616262286218249,-0.5722366470406255,-0.6017512952494207,-0.5714780394833864,-0.5714780394833864,0.0014513788098692933,0.0007251631617113438,-0.004568405866794848,-0.01446170326727374,-0.02445921108440554,-0.02896681130526568
2013-08-19,137.5,137.5,133.0,133.0,133.0,2308,-0.579318524819079,-0.5965250202876691,-0.6141954047744597,-0.632955809091333,-0.632955809091333,-0.030612244897959103,-0.028842643300474546,-0.04132628543969236,-0.04591104734576761,-0.05660377358490559,-0.06172839506172839
2013-08-20,131.0,132.5,127.5,128.0,128.0,2308,-0.6593633411839472,-0.657245953405278,-0.6826380071621737,-0.6944335786992797,-0.6944335786992797,-0.05044510385756685,-0.05743740795287195,-0.07246376811594203,-0.07547851209823034,-0.08662765805622939,-0.09316330145235568
2013-08-22,125.0,126.0,121.5,124.5,124.5,2308,-0.7332508639822872,-0.7361831664581696,-0.7573026643124073,-0.7374680174248422,-0.7374680174248422,-0.056103108415466306,-0.07400520639642982,-0.0885797950219619,-0.09388646288209611,-0.105603448275862,-0.11324786324786329
2013-08-23,125.5,131.0,125.5,128.5,128.5,2308,-0.7270935704157588,-0.6754622333405608,-0.7075262262122516,-0.688285801738485,-0.688285801738485,-0.014570552147239306,-0.039611360239163014,-0.05329076620825138,-0.05981342601060919,-0.0719341326014734,-0.08115838398283871
2013-08-26,130.0,130.5,129.0,129.0,129.0,2308,-0.6716779283170039,-0.6815343266523216,-0.6639718428746154,-0.6821380247776904,-0.6821380247776904,0.003110419906687447,-0.03153153153153145,-0.04302670623145409,-0.05234159779614325,-0.0634528822419051,-0.07405192008613468
2013-08-27,129.0,131.5,129.0,130.0,130.0,2308,-0.6839925154500606,-0.6693901400287998,-0.6639718428746154,-0.669842470856101,-0.669842470856101,0.015625,-0.01960784313725486,-0.02960935556108486,-0.044468945240720405,-0.0519253208868145,-0.06351302677392241
2013-08-28,129.0,133.5,128.5,131.5,131.5,2308,-0.6839925154500606,-0.6451017667817562,-0.6701938976371348,-0.651399139973717,-0.651399139973717,0.021756021756021846,-0.0018975332068311196,-0.014489133150137425,-0.030772065597936327,-0.03663003663003663,-0.0487099107788762
2013-08-29,133.5,140.0,133.5,138.5,138.5,2308,-0.6285768733513056,-0.5661645537288647,-0.6079733500119402,-0.5653302625225918,-0.5653302625225918,0.053231939163498096,0.051632498101746485,0.0377122877122877,0.023462035839645384,0.01673763030392014,0.004229607250755356
2013-08-30,136.5,137.5,133.5,135.5,135.5,2308,-0.5916331119521356,-0.5965250202876691,-0.6079733500119402,-0.6022169242873597,-0.6022169242873597,0.01956358164033103,0.029244208127611044,0.0149812734082397,0.0035178670616552066,-0.003090052972336577,-0.014784294716432366
2013-09-02,133.0,136.0,133.0,135.0,135.0,2308,-0.6347341669178339,-0.6147413002229518,-0.6141954047744597,-0.6083647012481543,-0.6083647012481543,0.006711409395973197,0.027788351732013748,0.011235955056179775,0.002785515320334262,-0.0053050397877984,-0.015556635877491438
2013-09-03,137.0,139.0,136.0,138.5,138.5,2308,-0.5854758183856072,-0.5783087403523864,-0.5768630761993429,-0.5653302625225918,-0.5653302625225918,0.019882179675994024,0.05003790750568608,0.03615960099750631,0.030314301655197978,0.01838235294117647,0.011687363038714349
2013-09-04,138.5,139.0,136.5,137.0,137.0,2308,-0.5670039376860223,-0.5783087403523864,-0.5706410214368235,-0.5837735934049757,-0.5837735934049757,0.0007304601899196079,0.0316265060240963,0.02647352647352646,0.02010424422933722,0.007945850500294383,0.0031730534537466716
2013-09-05,139.0,140.0,137.5,139.5,139.5,2308,-0.5608466441194939,-0.5661645537288647,-0.5581969119117846,-0.5530347086010023,-0.5530347086010023,0.01750547045951864,0.038719285182427315,0.0449438202247191,0.03813953488372093,0.02815448113207542,0.02297726717184057
2013-09-06,138.0,139.0,136.5,136.5,136.5,2308,-0.5731612312525506,-0.5783087403523864,-0.5706410214368235,-0.5899213703657704,-0.5899213703657704,-0.005826656955571823,0.010362694300518177,0.022216674987518736,0.015247303830420316,0.007528786536758269,0.002570694087403557
2013-09-09,138.0,139.5,136.0,138.0,138.0,2308,-0.5731612312525506,-0.5722366470406255,-0.5768630761993429,-0.5714780394833864,-0.5714780394833864,0.0007251631617113438,0.014705882352941176,0.03344982526210685,0.025260029717682063,0.020106445890005906,0.01408450704225345
2013-09-10,138.0,138.5,134.0,136.5,136.5,2308,-0.5731612312525506,-0.5843808336641473,-0.6017512952494207,-0.5899213703657704,-0.5899213703657704,-0.007272727272727273,-0.0010976948408342895,0.02043359082980304,0.013927576601671309,0.010811611374407643,0.001834862385321101
2013-09-11,134.5,137.0,134.0,137.0,137.0,2308,-0.616262286218249,-0.60259711359943,-0.6017512952494207,-0.5837735934049757,-0.5837735934049757,-0.0036363636363636364,-0.0014577259475217832,0.01959811461175881,0.018776724298196733,0.015266044167778289,0.005996818014930825
2013-09-12,137.0,137.0,135.5,136.5,136.5,2308,-0.5854758183856072,-0.60259711359943,-0.5830851309618623,-0.5899213703657704,-0.5899213703657704,-0.0029218407596786388,-0.0036496350364963502,0.009864364981504387,0.016002977298102017,0.012010676156583664,0.004538206795044825
2013-09-13,136.0,137.5,135.0,136.0,136.0,2308,-0.5977904055186639,-0.5965250202876691,-0.5893071857243818,-0.596069147326565,-0.596069147326565,-0.005847953216374352,-0.0076614374315943905,0.002457002457002527,0.01228135467063644,0.008004743551734455,0.0022107590272661118
2013-09-14,136.5,137.0,134.5,134.5,134.5,2308,-0.5916331119521356,-0.60259711359943,-0.5955292404869013,-0.614512478208949,-0.614512478208949,-0.011756061719323986,-0.01824817518248175,-0.011271747120803711,0.002422209800633416,-0.0029651593773165727,-0.006769230769230699
2013-09-16,133.5,137.0,133.5,135.0,135.0,2308,-0.6285768733513056,-0.60259711359943,-0.6079733500119402,-0.6083647012481543,-0.6083647012481543,-0.005891016200294634,-0.01207464324917677,-0.01002199951112203,0.005399366970768902,0.0010381135992880493,-0.0012330456226879694
2013-09-17,134.5,135.5,132.5,135.0,135.0,2308,-0.616262286218249,-0.6208133935347127,-0.6204174595369791,-0.6083647012481543,-0.6083647012481543,-0.002954209748892213,-0.010626603151337405,-0.011713030746705669,0.002785515320334262,0.002524877469181668,-0.00012344155042597158
2013-09-18,135.0,136.5,134.5,135.5,135.5,2308,-0.6101049926517206,-0.6086692069111909,-0.5955292404869013,-0.6022169242873597,-0.6022169242873597,0.0022189349112426877,-0.004042631385520113,-0.006598240469208252,0.002404290734233317,0.007285162057686513,0.004199604743082975
2013-09-23,137.0,144.5,136.5,144.0,144.0,2308,-0.5854758183856072,-0.5115157139230166,-0.5706410214368235,-0.4977047159538504,-0.4977047159538504,0.052631578947368335,0.052631578947368335,0.0513506935994159,0.05921294593600597,0.06793236428359535,0.06482622627557319
2013-09-24,143.5,145.0,141.5,145.0,145.0,2308,-0.505431002020739,-0.5054436206112557,-0.5084204738116288,-0.4854091620322611,-0.4854091620322611,0.04391648668106547,0.05454545454545454,0.05352385565512236,0.0603290676416819,0.07312018946121962,0.06958446029014018
2013-09-25,145.0,145.0,141.0,141.5,141.5,2308,-0.486959121321154,-0.5054436206112557,-0.5146425285741483,-0.5284436007578237,-0.5284436007578237,0.009272467902995803,0.025362318840579712,0.02660217654171698,0.03040233023848543,0.04458880850435547,0.0423572744014733
2013-09-26,141.5,145.0,141.0,142.5,142.5,2308,-0.5300601762868523,-0.5054436206112557,-0.5146425285741483,-0.5161480468362344,-0.5161480468362344,0.005645730416372699,0.028509563334536185,0.03111432706222874,0.033544877606527655,0.047486033519553134,0.04907975460122692
2013-09-27,142.5,145.5,142.5,145.0,145.0,2308,-0.5177455891537956,-0.4993715272994948,-0.4959763642865899,-0.4854091620322611,-0.4854091620322611,0.009749303621169957,0.040172166427546584,0.04642771229251867,0.04920405209840819,0.059476837644307945,0.0659152168586131
2013-09-30,144.0,147.0,143.0,143.5,143.5,2308,-0.49927370845421065,-0.4811552473642121,-0.48975430952407045,-0.5038524929146451,-0.5038524929146451,0.0,0.023902961113093073,0.03212658834811797,0.035353535353535394,0.04394005528881123,0.05295340589458238
2013-10-01,145.0,148.0,142.5,145.0,145.0,2308,-0.486959121321154,-0.4690110607406903,-0.4959763642865899,-0.4854091620322611,-0.4854091620322611,0.010452961672473868,0.02691218130311623,0.03942652329749104,0.04241552839683685,0.049963794351918944,0.062141374679526205
2013-10-02,146.0,147.0,143.0,143.5,143.5,2308,-0.4746445341880973,-0.4811552473642121,-0.48975430952407045,-0.5038524929146451,-0.5038524929146451,-0.0027797081306463215,0.010207673354452577,0.025244105739461762,0.029781126659490533,0.035054818234275927,0.048465660009741784
2013-10-03,143.0,149.0,143.0,148.5,148.5,2308,-0.5115882955872674,-0.45686687411716853,-0.48975430952407045,-0.44237472330669847,-0.44237472330669847,0.0234321157822192,0.03556485355648532,0.055187115111321745,0.061282830087546813,0.0658914728682171,0.07960741548527799
2013-10-04,147.0,148.0,146.0,148.0,148.0,2308,-0.46232994705504066,-0.4690110607406903,-0.4524219809489537,-0.44852250026749313,-0.44852250026749313,0.015785861358956838,0.023159350155547834,0.045936395759717315,0.05450659066619171,0.05941302791696501,0.06987951807228908
2013-10-07,147.5,148.5,146.5,148.0,148.0,2308,-0.4561726534885123,-0.4629389674289294,-0.4461999261864342,-0.44852250026749313,-0.44852250026749313,0.009549795361528007,0.020337814546707952,0.04005621925509479,0.05020400922476486,0.055634807417974406,0.06487588439860904
2013-10-08,146.0,146.5,144.5,146.0,146.0,2308,-0.4746445341880973,-0.487227340675973,-0.47108814523651205,-0.47311360811067177,-0.47311360811067177,-0.005449591280654028,0.0058560110230795335,0.020503261882572253,0.03307978064744392,0.038111490329920464,0.046219992834109554
2013-10-09,146.0,147.0,145.5,147.0,147.0,2308,-0.4746445341880973,-0.4811552473642121,-0.4586440357114731,-0.46081805418908245,-0.46081805418908245,-0.003389830508474576,0.008922443376801726,0.02177942539388317,0.036305956996827676,0.0427010923535254,0.04912572855953366
2013-10-11,148.0,151.5,148.0,148.0,148.0,2308,-0.450015359921984,-0.42650640755836405,-0.4275337618988758,-0.44852250026749313,-0.44852250026749313,0.004070556309362241,0.011965811965811967,0.022570244127130448,0.03932584269662917,0.046528072408428885,0.05213270142180102
2013-10-14,149.0,149.0,147.0,147.0,147.0,2308,-0.43770077278892733,-0.45686687411716853,-0.43997787142391476,-0.46081805418908245,-0.46081805418908245,-0.0013586956521738358,0.0037555479685900403,0.010309278350515464,0.028511457057897416,0.03725656223539374,0.04292302234835056
2013-10-15,149.0,149.5,145.5,147.0,147.0,2308,-0.43770077278892733,-0.45079478080540764,-0.4586440357114731,-0.46081805418908245,-0.46081805418908245,0.0,0.0013623978201634103,0.008922443376801726,0.02456874019864092,0.03419164204305624,0.04009433962264144
2013-10-16,148.0,149.0,145.5,146.0,146.0,2308,-0.450015359921984,-0.45686687411716853,-0.4586440357114731,-0.47311360811067177,-0.47311360811067177,-0.006802721088435374,-0.006126616746085811,0.001600731763091608,0.013536966331134943,0.024849080443633244,0.030345800988002904
2013-10-17,147.0,148.0,144.5,146.0,146.0,2308,-0.46232994705504066,-0.4690110607406903,-0.47108814523651205,-0.47311360811067177,-0.47311360811067177,-0.005449591280654028,-0.007815154604145468,-0.00045641259698765094,0.009681881051175697,0.022122654718566205,0.028531172948221287
2013-10-18,147.0,148.0,146.5,147.5,147.5,2308,-0.46232994705504066,-0.4690110607406903,-0.4461999261864342,-0.4546702772282878,-0.4546702772282878,0.005453306066803078,0.0030601836110165834,0.007513661202185753,0.015665346875537996,0.029596537763506976,0.03654251581166541
2013-10-21,148.0,148.0,146.5,147.5,147.5,2308,-0.450015359921984,-0.4690110607406903,-0.4461999261864342,-0.4546702772282878,-0.4546702772282878,0.004768392370572129,0.003401360544217687,0.006367978166932025,0.011486370649751493,0.026443980514961808,0.03460369417816229
2013-10-22,148.5,148.5,145.5,147.5,147.5,2308,-0.44385806635545566,-0.4629389674289294,-0.4586440357114731,-0.4546702772282878,-0.4546702772282878,0.004084411164057143,0.0037427696495407376,0.004540295119182682,0.010273972602739725,0.023168701442841312,0.03194962686567161
2013-10-23,148.5,148.5,147.0,148.0,148.0,2308,-0.44385806635545566,-0.4629389674289294,-0.43997787142391476,-0.44852250026749313,-0.44852250026749313,0.004752206381534206,0.0057764186204552785,0.00657447290863751,0.012658227848101226,0.022805805114029108,0.03303862261516975
2013-10-24,148.0,149.5,147.0,149.5,149.5,2308,-0.450015359921984,-0.45079478080540764,-0.43997787142391476,-0.43007916938510915,-0.43007916938510915,0.010135135135135136,0.01424694708276794,0.014017635089305876,0.02012964858410091,0.029047356828193826,0.04036186499652061
2013-10-25,149.5,150.0,149.0,150.0,150.0,2308,-0.431543479222399,-0.44472268749364674,-0.4150896523738369,-0.42393139242431443,-0.42393139242431443,0.010101010101010102,0.016260162601626056,0.01671938544961592,0.02092904543134244,0.028242391006306586,0.040703052728954726
2013-10-28,151.0,158.0,150.5,155.0,155.0,2308,-0.41307159852281405,-0.34756919450547247,-0.39642348808627853,-0.36245362281636784,-0.36245362281636784,0.03333333333333333,0.04447439353099727,0.0472972972972973,0.0513820586739019,0.05686622119187238,0.07081174438687392
2013-10-29,155.0,157.0,153.0,155.5,155.5,2308,-0.3638132499905874,-0.35971338112899426,-0.3653132142736812,-0.3563058458555732,-0.3563058458555732,0.025725593667546214,0.04187604690117253,0.04713804713804714,0.050498226650903526,0.05696030451332242,0.06946354883081152
2013-10-30,154.0,155.5,150.5,152.5,152.5,2308,-0.37612783712364406,-0.37792966106427694,-0.39642348808627853,-0.39319250762034114,-0.39319250762034114,0.0,0.017344896597731783,0.023948075201432384,0.027628032345013438,0.034459367792701215,0.04452054794520548
2013-10-31,150.5,153.0,150.5,152.5,152.5,2308,-0.4192288920893424,-0.4082901276230814,-0.39642348808627853,-0.39319250762034114,-0.39319250762034114,-0.003919007184846468,0.012952507472600388,0.021433355659745402,0.02452133019818613,0.03138103611524405,0.04036384309266622
2013-11-01,154.0,154.0,148.0,149.5,149.5,2308,-0.37612783712364406,-0.39614594099955963,-0.4275337618988758,-0.43007916938510915,-0.43007916938510915,-0.02287581699346405,-0.008291873963515755,0.0006693440428379807,0.004029550033579545,0.009180504927771121,0.01654578422484137
2013-11-04,149.0,152.5,149.0,151.0,151.0,2308,-0.43770077278892733,-0.41436222093484226,-0.4150896523738369,-0.4116358385027251,-0.4116358385027251,-0.007884362680683238,-0.0006618133686300087,0.008908685968819663,0.01308285810130821,0.017657366221862817,0.023150762281196998
2013-11-05,150.5,151.0,147.0,147.0,147.0,2308,-0.4192288920893424,-0.43257850087012495,-0.43997787142391476,-0.46081805418908245,-0.46081805418908245,-0.023255813953488372,-0.02681231380337644,-0.017817371937639135,-0.013422818791946308,-0.010234311877188325,-0.0046270172666742155
2013-11-06,148.0,148.5,145.0,145.0,145.0,2308,-0.450015359921984,-0.4629389674289294,-0.4648660904739926,-0.4854091620322611,-0.4854091620322611,-0.026845637583892617,-0.03814262023217247,-0.03074866310160424,-0.026518966096005295,-0.02370051171559393,-0.018169506827671846
2013-11-07,146.0,146.5,144.5,145.0,145.0,2308,-0.4746445341880973,-0.487227340675973,-0.47108814523651205,-0.4854091620322611,-0.4854091620322611,-0.01694915254237288,-0.03526280771789761,-0.030316540347748538,-0.025864964729593515,-0.024094763763629103,-0.018944519621109684
2013-11-08,145.0,147.5,145.0,145.0,145.0,2308,-0.486959121321154,-0.4750831540524512,-0.4648660904739926,-0.4854091620322611,-0.4854091620322611,-0.01091405184174621,-0.03204272363150875,-0.02923454586029909,-0.024882313382649554,-0.02317434653732146,-0.019497351515834503
2013-11-11,146.0,146.0,144.5,145.5,145.5,2308,-0.4746445341880973,-0.4932994339877339,-0.47108814523651205,-0.47926138507146643,-0.47926138507146643,0.0,-0.02250587840107487,-0.025016752289479475,-0.021026072329688814,-0.01914520695699072,-0.016227180527383405
2013-11-12,147.0,147.0,145.0,146.0,146.0,2308,-0.46232994705504066,-0.4811552473642121,-0.4648660904739926,-0.47311360811067177,-0.47311360811067177,0.004817618719889804,-0.01284651791751187,-0.021010281627179207,-0.017331314151102062,-0.01524349116417099,-0.013402410181326638
2013-11-13,147.0,147.0,145.0,145.0,145.0,2308,-0.46232994705504066,-0.4811552473642121,-0.4648660904739926,-0.4854091620322611,-0.4854091620322611,-0.0020646937370957423,-0.014610941216445841,-0.026410026857654458,-0.02373337821915506,-0.02172446363513695,-0.0201599279198107
2013-11-14,146.0,146.0,140.5,143.0,143.0,2308,-0.4746445341880973,-0.4932994339877339,-0.5208645833366677,-0.5100002698754398,-0.5100002698754398,-0.013112491373360978,-0.021887824897400744,-0.037037037037037035,-0.03622577927548441,-0.03417533432392275,-0.03356611849515658
2013-11-15,144.0,145.5,142.0,144.0,144.0,2308,-0.49927370845421065,-0.4993715272994948,-0.5021984190491093,-0.4977047159538504,-0.4977047159538504,-0.004837595024187897,-0.01132852729145215,-0.027683997299122177,-0.028340080971659843,-0.02636916835699801,-0.0258202728605254
2013-11-18,147.0,149.0,146.0,147.5,147.5,2308,-0.46232994705504066,-0.45686687411716853,-0.4524219809489537,-0.4546702772282878,-0.4546702772282878,0.016540317022742976,0.015141087405368124,-0.0006775067750677122,-0.0047233468286099105,-0.002839372633856054,-0.0020297699594046775
2013-11-19,148.0,148.5,146.5,147.5,147.5,2308,-0.450015359921984,-0.4629389674289294,-0.4461999261864342,-0.4546702772282878,-0.4546702772282878,0.014442916093535036,0.01479188166494672,0.0029465095194923198,-0.0047233468286099105,-0.0029741787211031347,-0.0019172211570993444
2013-11-20,147.5,148.0,145.5,145.5,145.5,2308,-0.4561726534885123,-0.4690110607406903,-0.4586440357114731,-0.47926138507146643,-0.47926138507146643,0.0,0.0006877579092159169,-0.007503410641200507,-0.017389836231639297,-0.01636019469983767,-0.01533949921046704
2013-11-21,147.5,147.5,143.5,145.0,145.0,2308,-0.4561726534885123,-0.4750831540524512,-0.483532254761551,-0.4854091620322611,-0.4854091620322611,-0.006168608636052129,-0.002751031636863863,-0.0075290896646132395,-0.019276293540750722,-0.01947525020286716,-0.018280297901150905
2013-11-22,147.0,152.0,146.0,152.0,152.0,2308,-0.46232994705504066,-0.42043431424660316,-0.4524219809489537,-0.3993402845811358,-0.3993402845811358,0.030508474576271188,0.040383299110198535,0.039197812215132084,0.02737411287597169,0.026610833445900296,0.028184892897406923
2013-11-25,153.0,154.5,150.0,150.0,150.0,2308,-0.3884424242567007,-0.39007384768779874,-0.402645542848798,-0.42393139242431443,-0.42393139242431443,0.013513513513513514,0.02354145342886379,0.025991792065663554,0.015572105619499062,0.012419006479481664,0.013970256872465048
2013-11-26,151.5,156.0,150.0,155.0,155.0,2308,-0.4069143049562857,-0.37185756775251605,-0.402645542848798,-0.36245362281636784,-0.36245362281636784,0.03678929765886288,0.05120379789759248,0.05633802816901418,0.0496021669206026,0.044052269971709496,0.045883940620782805
2013-11-27,156.0,161.0,155.0,157.5,157.5,2308,-0.35149866285753073,-0.3111366346349071,-0.34042499522360337,-0.3317147380123945,-0.3317147380123945,0.03686635944700457,0.059179556153328934,0.06731420826744977,0.06472874767618718,0.05818328406342379,0.060011217049915806
2013-11-28,159.0,160.5,157.0,158.0,158.0,2308,-0.31455490145836074,-0.317208727946668,-0.31553677617352555,-0.3255669610515998,-0.3255669610515998,0.022653721682847898,0.05193075898801606,0.0644509319559847,0.0661268556005399,0.05912320686419086,0.06052131110862522
2013-11-29,158.0,161.0,156.5,158.0,158.0,2308,-0.3268694885914174,-0.3111366346349071,-0.32175883093604496,-0.3255669610515998,-0.3255669610515998,0.014771997430957043,0.04221635883905017,0.05827193569993294,0.06307821698906645,0.056856187290969896,0.05803571428571422
2013-12-02,160.0,164.0,158.0,162.0,162.0,2308,-0.30224031432530407,-0.2747040747643417,-0.3030926666484866,-0.27638474536524255,-0.27638474536524255,0.02466793168880459,0.058477621692257356,0.07712765957446804,0.08597285067873295,0.0815863266123648,0.0813216153075982
2013-12-03,162.0,162.0,159.0,161.0,161.0,2308,-0.27761114005919074,-0.2989924480113853,-0.29064855712344767,-0.28868029928683187,-0.28868029928683187,0.01067168863779026,0.04274611398963727,0.06340819022457063,0.07422852376980818,0.07333333333333333,0.07142857142857133
2013-12-04,159.0,160.0,158.0,159.5,159.5,2308,-0.31455490145836074,-0.3232808212584289,-0.3030926666484866,-0.30712363016921584,-0.30712363016921584,-0.0012523481527864035,0.023748395378690553,0.046816889083351514,0.059096945551128856,0.061352142667021554,0.05874543644208426
2013-12-05,157.0,159.0,152.5,152.5,152.5,2308,-0.33918407572447407,-0.3354250078819507,-0.37153526903620065,-0.39319250762034114,-0.39319250762034114,-0.03846153846153843,-0.02587032896838078,-0.0032679738562091504,0.010101010101010138,0.014772424807026875,0.011608623548922056
2013-12-06,152.5,156.0,152.5,154.0,154.0,2308,-0.39459971782322906,-0.37185756775251605,-0.37153526903620065,-0.37474917673795716,-0.37474917673795716,-0.024081115335868257,-0.017543859649122806,0.0021691973969631853,0.017005118045236838,0.023527847933005396,0.02065613608748486
2013-12-09,158.0,158.0,155.5,158.0,158.0,2308,-0.3268694885914174,-0.34756919450547247,-0.3342029404610839,-0.3255669610515998,-0.3255669610515998,0.006369426751592357,0.0028562361155188105,0.023537033038220637,0.0391318645182505,0.04816239883242663,0.046473120653493856
2013-12-10,160.0,162.5,158.0,162.0,162.0,2308,-0.30224031432530407,-0.2929203546996244,-0.3030926666484866,-0.27638474536524255,-0.27638474536524255,0.030534351145038243,0.023696682464454975,0.042918454935622255,0.05986261040235529,0.07043742566406763,0.07142857142857151
2013-12-11,162.0,163.0,159.0,161.5,161.5,2308,-0.27761114005919074,-0.2868482613878635,-0.29064855712344767,-0.2825325223260372,-0.2825325223260372,0.02474619289340105,0.01796407185628739,0.03260869565217388,0.05091914755165113,0.0625,0.066006600660066
2013-12-12,160.0,162.0,157.5,161.5,161.5,2308,-0.30224031432530407,-0.2989924480113853,-0.3093147214110061,-0.2825325223260372,-0.2825325223260372,0.013174404015056426,0.015723270440251572,0.025396825396825397,0.04463130659767145,0.05790645879732742,0.06389986824769425
2013-12-13,159.5,161.0,159.0,159.0,159.0,2308,-0.3083976078918324,-0.3111366346349071,-0.29064855712344767,-0.3132714071300105,-0.3132714071300105,-0.00872817955112223,-0.0006285355122564068,0.00654146444397551,0.02349533311876412,0.03772353478658139,0.045250356086337186
2013-12-16,157.0,158.5,153.5,155.0,155.0,2308,-0.33918407572447407,-0.34149710119371157,-0.3590911595111618,-0.36245362281636784,-0.36245362281636784,-0.030037546933667152,-0.0214646464646465,-0.020846493998736646,-0.004655642960346729,0.00911458333333337,0.0180623973727422
2013-12-17,157.0,159.0,156.0,157.5,157.5,2308,-0.33918407572447407,-0.3354250078819507,-0.32798088569856443,-0.3317147380123945,-0.3317147380123945,-0.008810572687224705,-0.0034799114204366426,-0.006100126209507795,0.008161305808929466,0.0223289627417889,0.0321100917431193
2013-12-18,159.0,160.0,156.0,157.5,157.5,2308,-0.31455490145836074,-0.3232808212584289,-0.32798088569856443,-0.3317147380123945,-0.3317147380123945,-0.003795066413662203,-0.0022172949002216935,-0.006100126209507795,0.004304160688665783,0.019021739130434766,0.02929964056203019
2013-12-19,159.5,163.0,159.0,163.0,163.0,2308,-0.3083976078918324,-0.2868482613878635,-0.29064855712344767,-0.2640891914436532,-0.2640891914436532,0.029040404040404002,0.025802391441157924,0.02644836272040295,0.033444285940719645,0.04917610710607612,0.061082781816209124
2013-12-20,164.0,168.0,164.0,166.0,166.0,2308,-0.25298196579307747,-0.22612732827025459,-0.22842800949825307,-0.22720252967888524,-0.22720252967888524,0.03879849812265324,0.03685196752029985,0.041841004184100354,0.04781442322865702,0.06246799795186886,0.07571011988335676
2013-12-23,167.0,167.5,164.0,165.5,165.5,2308,-0.21603820439390745,-0.23219942158201548,-0.22842800949825307,-0.2333503066396799,-0.2333503066396799,0.022235948116121028,0.028908921355300005,0.03718404010862756,0.039572864321608114,0.054408766564729816,0.06785675879126797
2013-12-24,166.5,167.5,166.5,167.0,167.0,2308,-0.22219549796043578,-0.23219942158201548,-0.19731773568565575,-0.2149069757572959,-0.2149069757572959,0.019536019536019467,0.035017043693833315,0.04396749322775577,0.04505632040050055,0.058704196779510526,0.07269029011883094
2013-12-25,167.5,168.0,164.0,166.5,166.5,2308,-0.20988091082737914,-0.22612732827025459,-0.22842800949825307,-0.22105475271809055,-0.22105475271809055,0.005434782608695687,0.02873030583873961,0.03781425306461664,0.0390015600624025,0.04994324631101013,0.06457800511508947
2013-12-26,164.5,166.5,164.5,165.5,165.5,2308,-0.2468246722265491,-0.24434360820553727,-0.2222059547357336,-0.2333503066396799,-0.2333503066396799,-0.003612281757977088,0.020030816640986132,0.026038437693738304,0.030350194552529183,0.038268506900878255,0.053133948456888284
2013-12-27,165.5,167.0,164.5,165.5,165.5,2308,-0.23451008509349244,-0.23827151489377638,-0.2222059547357336,-0.2333503066396799,-0.2333503066396799,-0.0030120481927710845,0.015960712093308745,0.021184697655285915,0.027950310559006212,0.03476303613855197,0.04835304054054049
2013-12-30,165.5,167.0,164.0,166.0,166.0,2308,-0.23451008509349244,-0.23827151489377638,-0.22842800949825307,-0.22720252967888524,-0.22720252967888524,-0.0006020469596628195,0.012195121951219513,0.020910209102091057,0.029776674937965333,0.03375264665587238,0.04742875170890744
2013-12-31,166.0,171.5,166.0,170.0,170.0,2308,-0.2283527915269641,-0.18362267508792832,-0.20353979044817522,-0.1780203139925279,-0.1780203139925279,0.0197960407918417,0.028744326777609682,0.042092357989374794,0.05165480977420349,0.054721429457749056,0.06761565836298941
2014-01-02,170.0,170.0,167.0,168.0,168.0,2308,-0.17909444299473748,-0.201838955023211,-0.19109568092313628,-0.20261142183570657,-0.20261142183570657,0.005988023952095809,0.010222489476848999,0.027104136947218284,0.036557149467839035,0.03960396039603964,0.05010938639441617
2014-01-03,169.0,169.0,165.0,166.0,166.0,2308,-0.19140903012779414,-0.2139831416467328,-0.21598389997321413,-0.22720252967888524,-0.22720252967888524,-0.006582884500299188,-0.0036014405762304583,0.01301871440195276,0.019969278033794162,0.025197628458498104,0.03308785395705837
2014-01-06,167.5,167.5,163.0,164.5,164.5,2308,-0.20988091082737914,-0.23219942158201548,-0.24087211902329198,-0.24564586056126922,-0.24564586056126922,-0.014379868184541676,-0.011715229798738293,0.0016237061091943167,0.007502679528402966,0.014305093106424917,0.02110490378646807
2014-01-07,166.0,166.0,164.0,164.5,164.5,2308,-0.2283527915269641,-0.25041570151729814,-0.22842800949825307,-0.24564586056126922,-0.24564586056126922,-0.012605042016806688,-0.011121130147279798,-0.0022240194096239843,0.0055012224938875654,0.013680059157012564,0.018050541516245428
2014-01-08,164.5,166.5,164.5,165.0,165.0,2308,-0.2468246722265491,-0.24434360820553727,-0.2222059547357336,-0.23949808360047456,-0.23949808360047456,-0.0036231884057970672,-0.006921456515197145,-0.002217294900221775,0.007633587786259542,0.01575966510711649,0.019042717447246584
2014-01-09,164.0,166.0,163.0,165.0,165.0,2308,-0.25298196579307747,-0.25041570151729814,-0.24087211902329198,-0.23949808360047456,-0.23949808360047456,0.0,-0.006024096385542169,-0.005225080385852136,0.006557877077931911,0.014385835485060885,0.01747173689619739
2014-01-10,164.0,165.0,160.5,161.5,161.5,2308,-0.25298196579307747,-0.26255988814081993,-0.27198239283588926,-0.2825325223260372,-0.2825325223260372,-0.015843997562461878,-0.02475845410628016,-0.025738990548964485,-0.014793350617660584,-0.009324009324009386,-0.004826948752182385
2014-01-13,164.0,167.0,163.5,165.5,165.5,2308,-0.25298196579307747,-0.23827151489377638,-0.2346500642607725,-0.2333503066396799,-0.2333503066396799,0.007303712720632918,-0.0006038647342994826,-0.0014078841512469031,0.0076103500761035,0.012356251529239115,0.018252666119770316
2014-01-14,165.0,166.0,163.5,165.0,165.0,2308,-0.24066737866002078,-0.25041570151729814,-0.2346500642607725,-0.23949808360047456,-0.23949808360047456,0.0036496350364963156,-0.0030211480362537764,-0.004224502112250988,0.0015174506828528073,0.007572056668295122,0.01455216232834602
2014-01-15,163.0,167.0,163.0,166.0,166.0,2308,-0.2652965529261341,-0.23827151489377638,-0.24087211902329198,-0.22720252967888524,-0.22720252967888524,0.008505467800729074,0.005451241671714147,0.0022137250955927205,0.0049947025881639994,0.012689116642264596,0.019656019656019586
2014-01-16,168.0,173.0,167.5,169.0,169.0,2308,-0.2037236172608508,-0.16540639515264563,-0.18487362616061684,-0.19031586791411725,-0.19031586791411725,0.021765417170495734,0.023002421307506123,0.019300361881785213,0.0196078431372549,0.02910729509194983,0.03606825380606923
2014-01-17,169.0,169.5,166.0,167.0,167.0,2308,-0.19140903012779414,-0.2079110483349719,-0.20353979044817522,-0.2149069757572959,-0.2149069757572959,0.003003003003003003,0.01028433151845123,0.006630500301386343,0.006327206990057315,0.01556798832400877,0.020782396088019597
2014-01-20,168.5,172.0,167.0,171.0,171.0,2308,-0.19756632369432248,-0.17755058177616742,-0.19109568092313628,-0.1657247600709386,-0.1657247600709386,0.020286396181384284,0.030430852666465873,0.028468323977546027,0.02888086642599285,0.036866359447004685,0.04162436548223356
2014-01-21,171.0,173.0,170.0,172.0,172.0,2308,-0.16677985586168081,-0.16540639515264563,-0.15376335234801952,-0.15342920614934927,-0.15342920614934927,0.01775147928994083,0.03179364127174572,0.032000000000000056,0.032877946254316136,0.038647342995169115,0.044745899979753034
2014-01-22,172.0,174.5,170.0,172.0,172.0,2308,-0.15446526872862415,-0.14719011521736297,-0.15376335234801952,-0.15342920614934927,-0.15342920614934927,0.010575793184488903,0.027479091995220993,0.0311750599520383,0.03132963573677106,0.03502226501384037,0.0426348757324712
2014-01-23,171.0,171.0,168.0,168.0,168.0,2308,-0.16677985586168081,-0.1896947683996892,-0.17865157139809737,-0.20261142183570657,-0.20261142183570657,-0.011764705882352941,0.0017889087656530196,0.007194244604316478,0.006892418339826225,0.00840336134453785,0.017051760669962644
2014-01-24,168.0,170.5,167.5,170.0,170.0,2308,-0.2037236172608508,-0.1957668617114501,-0.18487362616061684,-0.1780203139925279,-0.1780203139925279,-0.0035169988276670242,0.008602788490062229,0.017557861133280152,0.017507107586413356,0.01869606903163953,0.02739726027397259
2014-01-27,166.0,167.0,163.5,166.5,166.5,2308,-0.2283527915269641,-0.23827151489377638,-0.2346500642607725,-0.22105475271809055,-0.22105475271809055,-0.018856806128461925,-0.012748295286095498,-0.00418660287081333,-0.0037397157816005983,-0.002396644697423641,0.00472694357839685
2014-02-05,160.0,161.0,156.0,158.5,158.5,2308,-0.30224031432530407,-0.3111366346349071,-0.32798088569856443,-0.31941918409080516,-0.31941918409080516,-0.05089820359281437,-0.05654761904761905,-0.04976019184652285,-0.049475262368815595,-0.04873364542071783,-0.04422110552763824
2014-02-06,159.5,160.5,156.0,156.5,156.5,2308,-0.3083976078918324,-0.317208727946668,-0.32798088569856443,-0.34401029193398386,-0.34401029193398386,-0.045149481391092164,-0.0631547440885963,-0.05855223581311402,-0.05765467409303019,-0.05836341756919368,-0.05609167671893855
2014-02-07,158.0,159.0,155.5,156.0,156.0,2308,-0.3268694885914174,-0.3354250078819507,-0.3342029404610839,-0.3501580688947785,-0.3501580688947785,-0.034055727554179564,-0.058823529411764705,-0.05816059569329841,-0.05725940474391899,-0.05899384726746291,-0.058823529411764705
2014-02-10,158.0,159.0,156.0,156.5,156.5,2308,-0.3268694885914174,-0.3354250078819507,-0.32798088569856443,-0.34401029193398386,-0.34401029193398386,-0.014483627204030297,-0.04978749241044316,-0.053236539624924445,-0.051515151515151514,-0.053923346632813375,-0.054571083366894875
2014-02-11,156.5,159.0,156.0,158.0,158.0,2308,-0.3453413692910024,-0.3354250078819507,-0.32798088569856443,-0.3255669610515998,-0.3255669610515998,0.005728835136855542,-0.03304773561811509,-0.04126213592233016,-0.04053438591164421,-0.04312015503875972,-0.04396934247680524
2014-02-12,160.0,168.0,159.0,166.5,166.5,2308,-0.30224031432530407,-0.22612732827025459,-0.29064855712344767,-0.22105475271809055,-0.22105475271809055,0.04914933837429119,0.02241326373963774,0.009702850212249814,0.01046882111970866,0.008235436599249205,0.007259528130671437
2014-02-13,166.5,167.5,163.5,164.0,164.0,2308,-0.22219549796043578,-0.23219942158201548,-0.2346500642607725,-0.2517936375220639,-0.2517936375220639,0.023720349563046264,0.012033323048441768,-0.004653044709690551,-0.00440127485202607,-0.005457853244390574,-0.007263922518159738
2014-02-14,166.0,170.0,164.0,164.0,164.0,2308,-0.2283527915269641,-0.201838955023211,-0.22842800949825307,-0.2517936375220639,-0.2517936375220639,0.013597033374536393,0.014537581193937483,-0.002635313196837647,-0.0040989828449977915,-0.0044919266723322145,-0.006762894922781917
2014-02-17,164.0,165.5,162.5,164.0,164.0,2308,-0.25298196579307747,-0.25648779482905903,-0.24709417378581144,-0.2517936375220639,-0.2517936375220639,0.004286589099816219,0.0183172927662216,-0.0014207428455448757,-0.004854368932038904,-0.004008259443702153,-0.0064620355411954536
2014-02-18,165.0,167.5,164.0,167.5,167.5,2308,-0.24066737866002078,-0.23219942158201548,-0.22842800949825307,-0.20875919879650123,-0.20875919879650123,0.013922518159806364,0.0394042817251008,0.021341463414634148,0.01576713159490597,0.01650685762835295,0.014331853048042032
2014-02-19,169.0,169.0,165.5,168.5,168.5,2308,-0.19140903012779414,-0.2139831416467328,-0.2097618452106947,-0.1964636448749119,-0.1964636448749119,0.017512077294686026,0.03916127042861544,0.028902910645226865,0.020748144782674612,0.021583606159815704,0.019872894179360424
2014-02-20,165.0,167.5,163.0,165.5,165.5,2308,-0.24066737866002078,-0.23219942158201548,-0.24087211902329198,-0.2333503066396799,-0.2333503066396799,-0.0024110910186859896,0.015026065624041634,0.01326530612244892,0.002726446531354066,0.0032735208535402036,0.0026252019386106855
2014-02-21,166.0,168.0,165.0,165.5,165.5,2308,-0.2283527915269641,-0.22612732827025459,-0.21598389997321413,-0.2333503066396799,-0.2333503066396799,-0.0042117930204572124,0.009146341463414634,0.014300306435137954,0.0037907505686125853,0.0031518971996606273,0.0031316294575210422
2014-02-24,166.0,166.5,162.0,162.5,162.5,2308,-0.2283527915269641,-0.24434360820553727,-0.2533162285483309,-0.2702369684044479,-0.2702369684044479,-0.020494273658830654,-0.012758201701093526,-0.001024590163934368,-0.0130580018220468,-0.015270876257423403,-0.014355034371209103
2014-02-25,163.0,164.5,161.0,163.5,163.5,2308,-0.2652965529261341,-0.2686319814525808,-0.26576033807336985,-0.25794141448285857,-0.25794141448285857,-0.009691096305269499,-0.009990917347865612,0.006360279031596213,-0.00471769898036832,-0.008730447435431053,-0.008088978766430796
2014-02-26,163.0,166.0,163.0,165.5,165.5,2308,-0.2652965529261341,-0.25041570151729814,-0.24087211902329198,-0.2333503066396799,-0.2333503066396799,0.0060790273556231,0.002726446531354066,0.01575286415711945,0.00945410186032334,0.0032735208535402036,0.003841488071168575
2014-02-27,167.0,168.5,166.5,168.5,168.5,2308,-0.21603820439390745,-0.2200552349584937,-0.19731773568565575,-0.1964636448749119,-0.1964636448749119,0.020593579648697794,0.01812688821752266,0.02911237785016295,0.02885055716684472,0.02084090633708953,0.021315284372158887
2014-03-03,168.0,168.5,165.0,167.0,167.0,2308,-0.2037236172608508,-0.2200552349584937,-0.21598389997321413,-0.2149069757572959,-0.2149069757572959,0.009673518742442528,0.007237635705669412,0.015403323875151994,0.020003053901359022,0.012243908352527642,0.011814601635867849
2014-03-04,166.5,166.5,163.0,163.0,163.0,2308,-0.22219549796043578,-0.24434360820553727,-0.24087211902329198,-0.2640891914436532,-0.2640891914436532,-0.015105740181268883,-0.016294508147254007,-0.011522134627046729,-0.0022953328232593728,-0.011042349229462402,-0.012719563900666229
2014-03-05,165.0,172.0,165.0,169.5,169.5,2308,-0.24066737866002078,-0.17755058177616742,-0.21598389997321413,-0.1841680909533226,-0.1841680909533226,0.016796640671865697,0.021699819168173564,0.023138832997987985,0.03653875554196603,0.028769118718135527,0.02582206980028251
2014-03-06,169.0,172.0,167.5,171.5,171.5,2308,-0.19140903012779414,-0.17755058177616742,-0.18487362616061684,-0.15957698311014393,-0.15957698311014393,0.021441334127456784,0.031889290012033764,0.03313253012048193,0.044617024516521935,0.041034357168872104,0.036566938652160846
2014-03-07,173.0,173.0,169.0,169.5,169.5,2308,-0.14215068159556749,-0.16540639515264563,-0.16620746187305843,-0.1841680909533226,-0.1841680909533226,0.00832837596668653,0.01740696278511408,0.018833901021839263,0.02836341574397095,0.029518950437317868,0.023756794845983514
2014-03-10,168.0,170.0,166.0,166.5,166.5,2308,-0.2037236172608508,-0.201838955023211,-0.20353979044817522,-0.22105475271809055,-0.22105475271809055,-0.008928571428571428,-0.0011997600479903337,-0.00020016012810247062,0.006954944058058698,0.011666059059423911,0.006143619699869151
2014-03-11,167.0,170.0,166.0,170.0,170.0,2308,-0.21603820439390745,-0.201838955023211,-0.20353979044817522,-0.1780203139925279,-0.1780203139925279,0.00354191263282169,0.015228426395939154,0.018370607028753972,0.023942177382924222,0.03293231255316555,0.026673376950176086
2014-03-12,171.0,175.0,170.0,175.0,175.0,2308,-0.16677985586168081,-0.14111802190560208,-0.15376335234801952,-0.11654254438458128,-0.11654254438458128,0.026392961876832845,0.037959667852906324,0.045192116265180146,0.04868913857677903,0.061120543293718244,0.05601931006738408
2014-03-13,180.0,187.0,180.0,187.0,187.0,2308,-0.05594857166417087,0.00461221757665939,-0.02932225709763029,0.031004102674490643,0.031004102674490643,0.07718894009216594,0.0951683748169839,0.10869565217391311,0.11375818939845142,0.12609900036131516,0.1250376015241151
2014-03-14,185.5,186.0,181.0,181.5,181.5,2308,0.011781657567640765,-0.007531969046862398,-0.016878147572591366,-0.036621443894250656,-0.036621443894250656,0.03125,0.05492589363557099,0.06932443047918312,0.07539623759443041,0.08643601101400693,0.08987189751801443
2014-03-17,182.0,182.5,178.5,179.0,179.0,2308,-0.03131939739805755,-0.05003662222918866,-0.047988421385188676,-0.06736032869822398,-0.06736032869822398,0.0028011204481792717,0.03318903318903319,0.04903301426059782,0.05589146143636628,0.06560304798190267,0.07249850209706407
2014-03-18,181.0,182.0,177.0,179.0,179.0,2308,-0.04363398453111421,-0.056108715540949546,-0.06665458567274705,-0.06736032869822398,-0.06736032869822398,-0.0072102052135330635,0.023734629682585107,0.04231366459627337,0.05124064014094843,0.0599242065371862,0.07057416267942591
2014-03-19,179.0,181.0,177.5,179.0,179.0,2308,-0.06826315879722752,-0.06825290216447134,-0.0604325309102276,-0.06736032869822398,-0.06736032869822398,-0.011595803423522885,0.018202502844141003,0.03607949064248497,0.0477026631548142,0.05467829366014613,0.06791289649000691
2014-03-20,176.0,177.5,175.0,176.0,176.0,2308,-0.10520692019639752,-0.1107575553467976,-0.0915428047228249,-0.10424699046299196,-0.10424699046299196,-0.01621017328116269,-0.0014184397163120568,0.01460415065334357,0.027887282815009524,0.03468547912992361,0.046373365041617196
2014-03-21,176.0,177.0,172.5,173.0,173.0,2308,-0.10520692019639752,-0.1168296486585585,-0.1226530785354222,-0.14113365222775995,-0.14113365222775995,-0.023702031602708742,-0.020385050962627375,-0.004412046806061845,0.008158508158508193,0.014900856505925096,0.025185185185185185
2014-03-24,173.0,177.0,173.0,176.5,176.5,2308,-0.14215068159556749,-0.1168296486585585,-0.11643102377290275,-0.09809921350219729,-0.09809921350219729,-0.0011318619128465684,-0.006193693693693662,0.012041284403669692,0.02526866105140862,0.03240524099204487,0.04170765296084987
2014-03-25,177.0,181.0,176.0,180.5,180.5,2308,-0.09289233306334085,-0.06825290216447134,-0.07909869519778598,-0.04891699781583998,-0.04891699781583998,0.01977401129943503,0.010355443604813849,0.028099487374216844,0.04305114128864483,0.05174222118634189,0.06030937928333668
2014-03-26,181.0,184.0,179.5,184.0,184.0,2308,-0.04363398453111421,-0.03182034229390597,-0.03554431186014975,-0.005882559090277339,-0.005882559090277339,0.033707865168539325,0.024784182678919457,0.04229607250755288,0.057015654172052344,0.06802879034130485,0.07539450613676216
2014-03-27,183.5,183.5,176.5,181.0,181.0,2308,-0.012847516698472557,-0.037892435605666866,-0.07287664043526652,-0.04276922085504532,-0.04276922085504532,0.0111731843575419,0.011455713886560555,0.02163687676387588,0.035173005433228516,0.047574950804491256,0.05488101019912573
2014-03-28,179.0,180.5,178.0,180.0,180.0,2308,-0.06826315879722752,-0.07432499547623223,-0.05421047614770814,-0.05506477477663465,-0.05506477477663465,-0.0022172949002217607,0.00671140939597309,0.011994002998500706,0.026079521162890057,0.03830179972311944,0.04580226590490941
2014-03-31,182.5,188.0,181.0,188.0,188.0,2308,-0.02516210383152922,0.016756404200181176,-0.016878147572591366,0.04329965659607997,0.04329965659607997,0.0290093048713739,0.04618809126321654,0.04852203011712208,0.06530670066581672,0.07884769884081264,0.08722891566265066
2014-04-01,184.0,186.0,182.5,186.0,186.0,2308,-0.006690223131944226,-0.007531969046862398,0.0017880167149670182,0.018708548752901316,0.018708548752901316,0.011969532100108751,0.03104212860310418,0.031232674182221358,0.047149894440534836,0.06164383561643842,0.07112006910452055
2014-04-02,188.0,191.0,186.5,190.5,190.5,2308,0.04256812540028242,0.05318896407074654,0.05156445481512271,0.07403854140005328,0.07403854140005328,0.029173419773095656,0.049297714128339234,0.05016538037486215,0.0661816146634951,0.08066712049012933,0.09221213569039662
2014-04-03,190.5,190.5,185.0,185.0,185.0,2308,0.07335459323292406,0.04711687075898565,0.03289829052756433,0.006412994831311988,0.006412994831311988,-0.004841312533620256,0.013976431899150515,0.02059580728208893,0.03150264845274606,0.0448435558567717,0.057344256048771185
2014-04-07,185.0,191.0,179.0,184.0,184.0,2308,0.0056243640011124345,0.05318896407074654,-0.041766366622669214,-0.005882559090277339,-0.005882559090277339,-0.014461703267273642,0.002451648052301763,0.014146610325188293,0.02179647369151749,0.035569563259792845,0.047935453251067815
2014-04-08,185.0,186.5,183.5,184.0,184.0,2308,0.0056243640011124345,-0.0014598757351015038,0.014232126240005942,-0.005882559090277339,-0.005882559090277339,-0.010220548682087174,-0.0016277807921867137,0.01228681459746921,0.016855484940591386,0.03162143978470501,0.04426787741203185
2014-04-09,184.0,186.0,184.0,185.0,185.0,2308,-0.006690223131944226,-0.007531969046862398,0.020454181002525402,0.006412994831311988,0.006412994831311988,-0.003769520732363967,0.0013531799729364006,0.015553522415370592,0.01816180517336275,0.03213568399910729,0.04549307714043522
2014-04-10,184.0,185.0,182.5,185.0,185.0,2308,-0.006690223131944226,-0.019676155670384186,0.0017880167149670182,0.006412994831311988,0.006412994831311988,0.002166847237269803,0.0008114687584528304,0.013328464487858337,0.015367727771679536,0.028577782719893172,0.0412757973733584
2014-04-11,182.5,184.0,180.0,184.0,184.0,2308,-0.02516210383152922,-0.03182034229390597,-0.02932225709763029,-0.005882559090277339,-0.005882559090277339,-0.0021691973969631545,-0.006211180124223633,0.004915346805024608,0.010711343037626962,0.02018185850521172,0.032065064971487346
2014-04-14,184.0,184.0,179.0,180.0,180.0,2308,-0.006690223131944226,-0.03182034229390597,-0.041766366622669214,-0.05506477477663465,-0.05506477477663465,-0.01960784313725487,-0.027815284904131814,-0.01942981659705827,-0.010853139167468029,-0.004314636574842356,0.007462686567164233
2014-04-15,183.0,183.0,180.0,183.0,183.0,2308,-0.019004810265000886,-0.04396452891742776,-0.02932225709763029,-0.018178113011866667,-0.018178113011866667,-0.0021810250817884715,-0.008935824532900111,-0.005434782608695652,0.0045286125977768,0.008597883597883611,0.021205357142857206
2014-04-16,183.0,183.0,181.0,181.0,181.0,2308,-0.019004810265000886,-0.04396452891742776,-0.016878147572591366,-0.04276922085504532,-0.04276922085504532,-0.008762322015334032,-0.01710562041813742,-0.016482521282376372,-0.0069949252503086305,-0.0048383549593138085,0.006674082313681805
2014-04-17,183.0,185.0,181.5,183.0,183.0,2308,-0.019004810265000886,-0.019676155670384186,-0.010656092810071904,-0.018178113011866667,-0.018178113011866667,0.004390779363337055,-0.0021810250817884715,-0.005254575104185551,0.00287710645293879,0.004390779363337055,0.015256588072122053
2014-04-18,184.5,184.5,182.5,184.5,184.5,2308,-0.0005329295654158958,-0.02574824898214508,0.0017880167149670182,0.00026521787051732445,0.00026521787051732445,0.012068019747668616,0.006272157076629429,0.0016286644951140684,0.008747949699289197,0.013179571663920954,0.021123512591089362
2014-04-21,184.5,186.0,183.0,184.5,184.5,2308,-0.0005329295654158958,-0.007531969046862398,0.00801007147748648,0.00026521787051732445,0.00026521787051732445,0.007096069868995696,0.00599781897491818,0.0,0.005586592178770981,0.012512347711557464,0.018305583662956468
2014-04-22,184.5,186.5,184.0,185.5,185.5,2308,-0.0005329295654158958,-0.0014598757351015038,0.020454181002525402,0.012560771792106651,0.012560771792106651,0.009798584648884112,0.01062380822664118,0.006329113924050581,0.008563273073263496,0.016549758877685283,0.02025850215418464
2014-04-23,184.5,185.5,182.5,184.5,184.5,2308,-0.0005329295654158958,-0.013604062358623291,0.0017880167149670182,0.00026521787051732445,0.00026521787051732445,0.00054229934924075,0.005449591280653951,0.0014474398407816895,0.002036659877800407,0.009852216748768535,0.012068019747668616
2014-04-24,185.0,185.5,183.5,184.0,184.0,2308,0.0056243640011124345,-0.013604062358623291,0.014232126240005942,-0.005882559090277339,-0.005882559090277339,-0.003250270855904628,0.0032715376226826296,0.001088139281828012,-0.0006788866259334691,0.0060142154182613134,0.007667031763417337
2014-04-25,184.0,186.0,181.5,183.0,183.0,2308,-0.006690223131944226,-0.007531969046862398,-0.010656092810071904,-0.018178113011866667,-0.018178113011866667,-0.007053716766142221,-0.0016366612111293581,-0.003629764065335702,-0.006649477541050316,-0.0009826400262037713,0.002922908293752273
2014-04-28,181.5,190.0,179.5,189.0,189.0,2308,-0.037476690964585876,0.041044777447224755,-0.03554431186014975,0.055595210517669295,0.055595210517669295,0.020518358531317556,0.026058631921824168,0.02717391304347826,0.023419520779748144,0.028179741051028218,0.03438839733649547
2014-04-29,189.5,189.5,184.5,186.0,186.0,2308,0.06104000609986741,0.03497268413546386,0.026676235765044864,0.018708548752901316,0.018708548752901316,0.003777657852131617,0.008130081300813009,0.010137581462708224,0.007720438845997624,0.0097719869706841,0.01667122164525833
2014-04-30,185.0,186.0,184.0,185.0,185.0,2308,0.0056243640011124345,-0.007531969046862398,0.020454181002525402,0.006412994831311988,0.006412994831311988,-0.0021574973031284017,0.0005408328826392337,0.004706734250543126,0.0025741769407938994,0.0033626206746935924,0.010101010101010069
2014-05-02,186.0,187.0,185.0,185.0,185.0,2308,0.017938951134169094,0.00461221757665939,0.03289829052756433,0.006412994831311988,0.006412994831311988,-0.0032327586206896248,-0.000540248514316555,0.004706734250543126,0.004070556309362279,0.003144995119835227,0.008999181892555254
2014-05-05,187.0,188.5,185.0,188.5,188.5,2308,0.030253538267225755,0.022828497511942072,0.03289829052756433,0.049447433556874636,0.049447433556874636,0.009641135511515863,0.016172506738544475,0.02204952105548525,0.022095702860241227,0.020463404071026425,0.025757300925086084
2014-05-06,189.0,189.5,186.5,189.5,189.5,2308,0.054882712533339074,0.03497268413546386,0.05156445481512271,0.06174298747846396,0.06174298747846396,0.014453961456102723,0.01881720430107527,0.023955331412103768,0.02598808879263677,0.0237709346299298,0.028121891671941426
2014-05-07,189.0,189.0,185.0,186.0,186.0,2308,0.054882712533339074,0.028900590823702967,0.03289829052756433,0.018708548752901316,0.018708548752901316,-0.004282655246252738,-0.0002687449610320417,0.003958258366318748,0.0064935064935064315,0.005296724678413089,0.007402058133237088
2014-05-08,188.0,188.0,184.5,184.5,184.5,2308,0.04256812540028242,0.016756404200181176,0.026676235765044864,0.00026521787051732445,0.00026521787051732445,-0.011783610069630362,-0.008331093791991461,-0.005390835579514825,-0.0014882965769179037,-0.00248702422145333,-0.0014432617716038964
2014-05-09,184.0,184.5,180.0,180.0,180.0,2308,-0.006690223131944226,-0.02574824898214508,-0.02932225709763029,-0.05506477477663465,-0.05506477477663465,-0.030694668820678454,-0.03043361163479669,-0.028602266594711337,-0.024522422435984313,-0.024601712365882693,-0.025094782451706044
2014-05-12,180.0,184.0,178.0,178.5,178.5,2308,-0.05594857166417087,-0.03182034229390597,-0.05421047614770814,-0.07350810565901864,-0.07350810565901864,-0.028307022318998308,-0.03617710583153342,-0.034613304488912956,-0.031207598371777476,-0.03136531365313654,-0.03278244378217291
2014-05-13,180.0,182.5,179.5,182.5,182.5,2308,-0.05594857166417087,-0.05003662222918866,-0.03554431186014975,-0.02432588997266133,-0.02432588997266133,0.0010970927043334538,-0.011108100785694994,-0.01226772505863258,-0.010169491525423728,-0.009336662685919003,-0.01155443220797974
2014-05-14,184.0,185.5,183.5,185.5,185.5,2308,-0.006690223131944226,-0.013604062358623291,0.014232126240005942,0.012560771792106651,0.012560771792106651,0.018111964873765155,0.005420054200542005,0.003968969871910446,0.005420054200542005,0.006620360321250265,0.005147656461663444
2014-05-15,186.0,188.5,186.0,188.5,188.5,2308,0.017938951134169094,0.022828497511942072,0.045342400052603246,0.049447433556874636,0.049447433556874636,0.030054644808743168,0.019745739789018155,0.01873536299765809,0.0196078431372549,0.022123413946426706,0.020942408376963394
2014-05-16,187.5,189.5,186.5,189.5,189.5,2308,0.036410831833754084,0.03497268413546386,0.05156445481512271,0.06174298747846396,0.06174298747846396,0.024878312601406133,0.02266594711279001,0.022114347357065772,0.023218142548596176,0.026543878656554745,0.026543878656554745
2014-05-19,189.5,190.0,187.5,189.5,189.5,2308,0.06104000609986741,0.041044777447224755,0.06400856434016164,0.06174298747846396,0.06174298747846396,0.012827365045430281,0.022114347357065772,0.01973094170403582,0.021838770558101978,0.025321934855535154,0.02571041948579161
2014-05-20,189.5,189.5,187.5,189.0,189.0,2308,0.06104000609986741,0.03497268413546386,0.06400856434016164,0.055595210517669295,0.055595210517669295,0.003184713375796148,0.019692473698408448,0.017040358744394565,0.017907634307257243,0.020628577600172768,0.02208201892744485
2014-05-21,189.0,189.0,186.0,186.5,186.5,2308,0.054882712533339074,0.028900590823702967,0.045342400052603246,0.02485632571369598,0.02485632571369598,-0.011134676564156917,0.00593311758360299,0.0034074605451936465,0.004172836182527962,0.006367364558601376,0.008108108108108109
2014-05-22,186.5,191.0,186.5,190.0,190.0,2308,0.024096244700697426,0.05318896407074654,0.05156445481512271,0.06789076443925862,0.06789076443925862,0.005823186871360478,0.021780048400107617,0.020408163265306183,0.021505376344086023,0.02326583369237394,0.026102610261026154
2014-05-23,189.0,191.0,187.0,189.0,189.0,2308,0.054882712533339074,0.05318896407074654,0.05778650957764217,0.055595210517669295,0.055595210517669295,0.0010593220338982448,0.011506556061011537,0.013585984983911323,0.01476510067114094,0.01656626506024103,0.019967620075553093
2014-05-26,189.0,195.0,189.0,194.0,194.0,2308,0.054882712533339074,0.10176571056483369,0.08267472862772002,0.11707298012561593,0.11707298012561593,0.022667369530838227,0.029723991507430967,0.038358608385370155,0.03854389721627403,0.041331186258722424,0.04507092835338485
2014-05-27,194.0,195.0,191.5,191.5,191.5,2308,0.11645564819862238,0.10176571056483369,0.11378500244031732,0.08633409532164261,0.08633409532164261,0.006834910620399639,0.01162176439513993,0.024246746300588328,0.02447505684097894,0.026369385786257835,0.029477645372278396
2014-05-28,191.0,194.5,191.0,194.5,194.5,2308,0.0795118867994524,0.0956936172530728,0.10756294767779787,0.1232207570864106,0.1232207570864106,0.014077163712200148,0.022607781282860208,0.03714895129754711,0.03816386442487326,0.04044078313897508,0.043454935622317566
2014-05-29,196.0,197.0,194.5,196.5,196.5,2308,0.1410848224647357,0.12605408381187727,0.1511173310154341,0.14781186492958925,0.14781186492958925,0.017607457276022816,0.028795811518324606,0.04336283185840703,0.04562990554742577,0.048447337530679827,0.05127061970575128
2014-05-30,197.5,198.5,195.0,195.0,195.0,2308,0.1595567031643207,0.14427036374715996,0.15733938577795356,0.12936853404720525,0.12936853404720525,0.003602676273803338,0.018010963194988194,0.029929577464788682,0.034894520366193386,0.03800702650910245,0.041017884153394454
2014-06-03,197.0,200.0,195.0,200.0,200.0,2308,0.15339940959779236,0.16248664368244264,0.15733938577795356,0.1908463036551519,0.1908463036551519,0.023017902813299233,0.03842159916926275,0.04840118818801321,0.0582010582010582,0.06078285774901882,0.06477373558118894
2014-06-04,197.0,197.5,194.0,194.5,194.5,2308,0.15339940959779236,0.13212617712363817,0.14489527625291462,0.1232207570864106,0.1232207570864106,-0.008159102498725111,0.0069893864871860955,0.01531233687141119,0.02774108322324967,0.030408984954439548,0.033658104517271976
2014-06-05,196.5,196.5,190.0,192.0,192.0,2308,0.14724211603126403,0.11998199050011638,0.09511883815275894,0.09248187228243727,0.09248187228243727,-0.018404907975460093,-0.008776458440887912,0.0,0.01292534951200205,0.015873015873015872,0.019198442891267847
2014-06-06,190.0,193.0,190.0,192.0,192.0,2308,0.06719729966639573,0.07747733731779012,0.09511883815275894,0.09248187228243727,0.09248187228243727,-0.013867488443759573,-0.009798865394533294,-0.001213802670365806,0.01092536527576669,0.014370245139475903,0.017847676267891896
2014-06-09,190.0,196.5,190.0,194.0,194.0,2308,0.06719729966639573,0.11998199050011638,0.09511883815275894,0.11707298012561593,0.11707298012561593,-0.002570694087403599,-0.002057613168724309,0.007617728531855965,0.017704918032786884,0.022990930183505662,0.026636091021344142
2014-06-10,194.0,197.0,192.5,197.0,197.0,2308,0.11645564819862238,0.12605408381187727,0.12622911196535624,0.1539596418903839,0.1539596418903839,0.015987622485817404,0.011813045711350854,0.020549127957174937,0.028452101279039355,0.03695125802716081,0.039943691712123856
2014-06-11,197.0,197.0,196.0,196.5,196.5,2308,0.15339940959779236,0.12605408381187727,0.16978349530299247,0.14781186492958925,0.14781186492958925,0.011322696860524901,0.006659836065573829,0.015328970031002422,0.022106631989596878,0.03279722485020503,0.03593708812933835
2014-06-12,196.0,196.5,194.0,194.0,194.0,2308,0.1410848224647357,0.11998199050011638,0.14489527625291462,0.11707298012561593,0.11707298012561593,-0.0035952747817154015,-0.005892902895208843,-0.000171791788352507,0.006876865187491831,0.01794521985517886,0.021321400368518092
2014-06-13,194.0,194.5,191.0,193.0,193.0,2308,0.11645564819862238,0.0956936172530728,0.10756294767779787,0.10477742620402661,0.10477742620402661,-0.00974858902001029,-0.009240246406570899,-0.006349751158400481,0.0005184033177812043,0.010894615545778403,0.014632436694996923
2014-06-16,191.0,192.5,189.0,190.5,190.5,2308,0.0795118867994524,0.07140524400602923,0.08267472862772002,0.07403854140005328,0.07403854140005328,-0.019052523171987586,-0.01980962181631075,-0.019725557461406567,-0.012697590049235496,-0.004390090937598011,0.0005252100840335836
2014-06-17,190.5,193.0,189.0,192.0,192.0,2308,0.07335459323292406,0.07747733731779012,0.08267472862772002,0.09248187228243727,0.09248187228243727,-0.006211180124223544,-0.00800826659777841,-0.011328527291452053,-0.0055677845396865915,0.0006253908692933321,0.007785845507829516
2014-06-18,194.0,200.0,194.0,198.0,198.0,2308,0.11645564819862238,0.16248664368244264,0.14489527625291462,0.16625519581197323,0.16625519581197323,0.023255813953488372,0.02114492006188754,0.01729748244562429,0.023123627438315433,0.02857142857142857,0.03773584905660371
2014-06-19,199.5,206.0,199.5,201.0,201.0,2308,0.18418587743043402,0.23535176342357336,0.2133378786406287,0.20314185757674122,0.20314185757674122,0.03129810159055923,0.031827515400410615,0.030416951469583068,0.03474903474903475,0.04080364540182268,0.050705697856769406
2014-06-20,203.0,205.0,200.5,205.0,205.0,2308,0.22728693239613232,0.22320757680005157,0.22578198816566764,0.2523240732630985,0.2523240732630985,0.03902686264571712,0.04538500764915862,0.04787868461407399,0.05128205128205128,0.05790071214779646,0.06780102439447876
2014-06-23,206.0,206.0,204.0,205.0,205.0,2308,0.2642306937953023,0.23535176342357336,0.26933637150330386,0.2523240732630985,0.2523240732630985,0.023976023976024035,0.03955375253549702,0.044319918492103864,0.046986721144024454,0.05452674897119338,0.06318610078658486
2014-06-24,205.5,210.0,204.0,205.0,205.0,2308,0.258073400228774,0.2839285099176605,0.26933637150330386,0.2523240732630985,0.2523240732630985,0.01084812623274156,0.03535353535353535,0.04254958467536875,0.044053985230455846,0.05117423853963691,0.058337635518843634
2014-06-25,206.0,207.0,203.5,205.0,205.0,2308,0.2642306937953023,0.24749595004709515,0.2631143167407844,0.2523240732630985,0.2523240732630985,0.00391772771792366,0.03092783505154642,0.0388513513513513,0.04047709681512495,0.04773586834304407,0.054255592697351564
2014-06-26,204.5,209.0,204.0,209.0,209.0,2308,0.24575881309571732,0.2717843232941387,0.26933637150330386,0.30150628894945586,0.30150628894945586,0.015549076773566513,0.04317444472173699,0.05307356399059455,0.056890012642225034,0.06328856328856328,0.07051391497353601
2014-06-27,207.0,210.0,206.0,209.0,209.0,2308,0.27654528092835895,0.2839285099176605,0.2942245905533817,0.30150628894945586,0.30150628894945586,0.011616650532429844,0.0349096310968062,0.04709418837675354,0.05356017643352237,0.05919318872896821,0.06678009357720124
2014-06-30,211.0,217.5,209.0,217.5,217.5,2308,0.3258036294605856,0.37500990959407393,0.3315569191284985,0.40601849728296513,0.40601849728296513,0.04017216642754666,0.06279012948937207,0.08119304059652035,0.09022556390977443,0.09593872820719536,0.10490220980441964
2014-07-01,217.5,219.0,213.5,217.5,217.5,2308,0.40584844582545393,0.3932261895293566,0.38755541199117366,0.40601849728296513,0.40601849728296513,0.027882797731569025,0.04971042471042477,0.07389730085582621,0.08546475358702432,0.09077231695085253,0.09968821100530885
2014-07-02,217.0,217.0,212.0,214.0,214.0,2308,0.3996911522589256,0.36893781628231304,0.36888924770361525,0.36298405855740246,0.36298405855740246,0.0028116213683223724,0.024904214559386916,0.05056455571919495,0.06282592500620812,0.0683974038941587,0.0774523789544348
2014-07-03,208.0,211.0,206.0,208.5,208.5,2308,0.2888598680614156,0.2960726965411823,0.2942245905533817,0.2953585119886612,0.2953585119886612,-0.022503516174402303,-0.005010737294201915,0.01872964169381112,0.03128477803882769,0.03803644329383643,0.045899172310007556
2014-07-04,208.5,212.0,206.0,211.0,211.0,2308,0.29501716162794395,0.3082168831647041,0.2942245905533817,0.3260973967926345,0.3260973967926345,-0.012634534394010242,0.004044729954794168,0.024935233160621725,0.03876923076923077,0.047458300238284366,0.054736315921019685
2014-07-07,209.0,210.5,205.0,207.5,207.5,2308,0.3011744551944723,0.2900006032294214,0.2817804810283428,0.2830629580670718,0.2830629580670718,-0.019839395370807693,-0.013783269961977212,0.0024154589371980675,0.018155053974484733,0.027532930573437666,0.03405315614617945
2014-07-08,208.5,210.5,205.5,209.5,209.5,2308,0.29501716162794395,0.2900006032294214,0.28800253579086227,0.3076540659102505,0.3076540659102505,-0.0028557829604949755,-0.006402655916528311,0.006405124099279469,0.024825730708083592,0.0354883353103994,0.041338745754287115
2014-07-09,209.5,209.5,206.5,206.5,206.5,2308,0.3073317487610006,0.2778564166058996,0.30044664531590115,0.2707674041454825,0.2707674041454825,-0.010067114093959705,-0.02132701421800948,-0.01069945704247838,0.007685738684884658,0.018244575936883573,0.023882323774894618
2014-07-10,206.5,209.5,206.5,208.0,208.0,2308,0.2703879873618306,0.2778564166058996,0.30044664531590115,0.2892107350278665,0.2892107350278665,-0.002398081534772182,-0.013750592697961146,-0.005736137667303961,0.011550151975683891,0.022414471097129386,0.029023746701847004
2014-07-11,205.5,208.0,205.0,208.0,208.0,2308,0.258073400228774,0.2596401366706169,0.2817804810283428,0.2892107350278665,0.2892107350278665,0.00048100048100045364,-0.01328273244781789,-0.00668576886341932,0.007874015748031496,0.01920815366522926,0.027075960826269375
2014-07-14,205.5,207.0,205.0,205.0,205.0,2308,0.258073400228774,0.24749595004709515,0.2817804810283428,0.2523240732630985,0.2523240732630985,-0.011571841851494723,-0.02171319494154145,-0.021012416427889234,-0.01014002897151132,0.0023469587326422343,0.010598964752280038
2014-07-15,206.5,207.5,205.0,206.0,206.0,2308,0.2703879873618306,0.253568043358856,0.2817804810283428,0.26461962718468784,0.26461962718468784,-0.0033865505563618224,-0.01151631477927066,-0.016549968173138137,-0.008662175168431239,0.005466614603670463,0.014528441270622942
2014-07-16,207.5,208.5,205.0,206.5,206.5,2308,0.2827025744948873,0.2657122299823778,0.2817804810283428,0.2707674041454825,0.2707674041454825,-0.0009675858732461957,-0.005538165181796319,-0.014633370446954015,-0.008284307840076813,0.005943102104442707,0.014991398377979904
2014-07-17,206.0,207.0,203.5,205.0,205.0,2308,0.2642306937953023,0.24749595004709515,0.2631143167407844,0.2523240732630985,0.2523240732630985,-0.005337214944201816,-0.011095031355523451,-0.020544672718585816,-0.016432769581384246,-0.0034999027804783144,0.005476988473800413
2014-07-18,202.0,204.5,200.0,200.0,200.0,2308,0.21497234526307568,0.21713548348829068,0.21955993340314817,0.1908463036551519,0.1908463036551519,-0.022004889975550123,-0.030067895247332634,-0.04168663152850977,-0.03926984508226257,-0.02912621359223301,-0.020328190056331158
2014-07-21,204.5,205.5,202.0,204.0,204.0,2308,0.24575881309571732,0.22927967011181247,0.24444815245322601,0.2400285193415092,0.2400285193415092,-0.0014684287812041672,-0.008987126548457588,-0.018286814244465887,-0.01981981981981982,-0.012297859978696582,-0.0023636808215827866
2014-07-22,203.0,208.0,203.0,208.0,208.0,2308,0.22728693239613232,0.2596401366706169,0.2568922619782649,0.2892107350278665,0.2892107350278665,0.016121152906692776,0.011181332036947066,0.004022526146419998,-0.001320369703517012,0.003957910995269781,0.015377105198926072
2014-07-24,210.0,213.0,208.5,209.0,209.0,2308,0.31348904232752894,0.32036106978822587,0.325334864365979,0.30150628894945586,0.30150628894945586,0.018518518518518576,0.014809419762078231,0.010475423045930654,0.002518287564456197,0.006646758501107771,0.01818772328678136
2014-07-25,208.0,208.5,203.5,205.5,205.5,2308,0.2888598680614156,0.2657122299823778,0.2631143167407844,0.2584718502238932,0.2584718502238932,0.0009741841207987755,-0.0009722897423431631,-0.005484755605742826,-0.013442150744119113,-0.0110683349374399,-0.0007293946024799693
2014-07-28,203.0,205.0,200.5,203.0,203.0,2308,0.22728693239613232,0.22320757680005157,0.22578198816566764,0.22773296541991989,0.22773296541991989,-0.01408450704225355,-0.010721247563352772,-0.015041242115477896,-0.02403846153846154,-0.02272289620643173,-0.01448337244113595
2014-07-29,203.0,207.5,201.5,206.0,206.0,2308,0.22728693239613232,0.253568043358856,0.23822609769070655,0.26461962718468784,0.26461962718468784,-0.00145419292292783,0.003409644422795853,0.0,-0.006869952995058509,-0.008471313053523253,-0.002421307506053269
2014-07-30,209.5,209.5,205.0,205.0,205.0,2308,0.3073317487610006,0.2778564166058996,0.2817804810283428,0.2523240732630985,0.2523240732630985,-0.003403014098201209,-0.0009746588693956562,-0.003403014098201209,-0.008704061895551311,-0.01328455910666149,-0.009342783505154658
2014-07-31,206.0,208.0,203.5,206.0,206.0,2308,0.2642306937953023,0.2596401366706169,0.2631143167407844,0.26461962718468784,0.26461962718468784,0.004388103364212607,0.004143309773336555,0.001620745542949803,-0.0019379844961240585,-0.008662175168431239,-0.0057915057915057366
2014-08-01,206.0,207.0,200.0,201.5,201.5,2308,0.2642306937953023,0.24749595004709515,0.21955993340314817,0.20928963453753588,0.20928963453753588,-0.01370533529123843,-0.016113281250000056,-0.018190677277895015,-0.02208201892744485,-0.02891566265060241,-0.02758787098849836
2014-08-04,205.0,205.5,202.0,204.5,204.5,2308,0.2519161066622457,0.22927967011181247,0.24444815245322601,0.24617629630230387,0.24617629630230387,-0.0004887585532746546,-0.0036540803897685747,-0.0024390243902439024,-0.005954550978247633,-0.013602160910669464,-0.013030888030887977
2014-08-05,206.5,206.5,202.0,202.0,202.0,2308,0.2703879873618306,0.24142385673533426,0.24444815245322601,0.21543741149833054,0.21543741149833054,-0.008832188420019682,-0.01487442087295787,-0.013671875000000056,-0.016792406911657284,-0.022738268021286836,-0.024625784645098958
2014-08-06,205.0,205.0,201.0,201.5,201.5,2308,0.2519161066622457,0.22320757680005157,0.2320040429281871,0.20928963453753588,0.20928963453753588,-0.00787789266371243,-0.014187866927592982,-0.014669926650366748,-0.01731285052426243,-0.022129476851402517,-0.02649166599565176
2014-08-07,204.0,208.5,202.5,208.0,208.0,2308,0.23960151952918898,0.2657122299823778,0.25067020721574546,0.2892107350278665,0.2892107350278665,0.022113022113022112,0.01811062163485065,0.016617790811339225,0.014015843997562462,0.010591779224565187,0.004426559356136775
2014-08-08,208.0,208.0,204.0,208.0,208.0,2308,0.2888598680614156,0.2596401366706169,0.26933637150330386,0.2892107350278665,0.2892107350278665,0.015624999999999944,0.016866291860180828,0.015624999999999944,0.014015843997562462,0.010689990281826961,0.0045882637044191675
2014-08-11,205.5,208.0,203.0,207.5,207.5,2308,0.258073400228774,0.2596401366706169,0.2568922619782649,0.2830629580670718,0.2830629580670718,0.010223953261927918,0.012195121951219513,0.010716025328787085,0.011701608971233573,0.008946805406982415,0.0024154589371980675
2014-08-12,205.5,206.5,204.0,206.0,206.0,2308,0.258073400228774,0.24142385673533426,0.26933637150330386,0.26461962718468784,0.26461962718468784,-0.0009699321047526122,0.004878048780487805,0.0027583968846340884,0.004143309773336555,0.0019455252918288216,-0.0029845930467048845
2014-08-13,208.0,208.0,206.0,207.5,207.5,2308,0.2888598680614156,0.2596401366706169,0.2942245905533817,0.2830629580670718,0.2830629580670718,0.00048216007714558493,0.010962241169305725,0.010223953261927918,0.011085394079668685,0.009634098871156042,0.0058980366809404635
2014-08-14,208.0,208.0,206.5,207.5,207.5,2308,0.2888598680614156,0.2596401366706169,0.30044664531590115,0.2830629580670718,0.2830629580670718,0.0009647853352628491,0.010223953261927918,0.010716025328787085,0.010839118255998023,0.009437633780891214,0.006955677774183131
2014-08-15,208.0,208.0,205.5,207.5,207.5,2308,0.2888598680614156,0.2596401366706169,0.28800253579086227,0.2830629580670718,0.2830629580670718,0.0014478764478765029,0.007281553398058253,0.010060035696900841,0.010223953261927918,0.009535856767539205,0.0071185892250445
2014-08-18,208.0,208.0,205.0,207.5,207.5,2308,0.2888598680614156,0.2596401366706169,0.2817804810283428,0.2830629580670718,0.2830629580670718,0.0014478764478765029,0.005816771691711045,0.008587167854828322,0.00838294253432144,0.009634098871156042,0.007689194658033231
2014-08-19,208.0,208.0,207.0,207.5,207.5,2308,0.2888598680614156,0.2596401366706169,0.3066687000784206,0.2830629580670718,0.2830629580670718,0.0,0.003142373700749363,0.008097165991902787,0.007526098567613554,0.009143079466977897,0.007689194658033231
2014-08-20,208.0,208.5,207.5,207.5,207.5,2308,0.2888598680614156,0.2657122299823778,0.3128907548409401,0.2830629580670718,0.2830629580670718,0.0,0.00024102193299595744,0.007281553398058253,0.007648415685322271,0.008848697005056364,0.008015545299975738
2014-08-21,207.5,208.0,206.5,207.5,207.5,2308,0.2827025744948873,0.2596401366706169,0.30044664531590115,0.2830629580670718,0.2830629580670718,0.0,0.00048216007714558493,0.0067928190198932835,0.008015545299975738,0.008652537429515852,0.007852343560268798
2014-08-22,209.0,209.5,206.5,207.5,207.5,2308,0.3011744551944723,0.2778564166058996,0.30044664531590115,0.2830629580670718,0.2830629580670718,0.0,0.0007234145165179922,0.004842615012106538,0.007526098567613554,0.008162472062967675,0.00793393782383416
2014-08-25,207.5,207.5,206.0,207.0,207.0,2308,0.2827025744948873,0.253568043358856,0.2942245905533817,0.27691518110627716,0.27691518110627716,-0.0019286403085824768,-0.0014471780028944108,0.0016129032258064976,0.004123211253941278,0.004366812227074263,0.005668016194331937
2014-08-26,207.5,208.5,207.0,207.0,207.0,2308,0.2827025744948873,0.2657122299823778,0.3066687000784206,0.27691518110627716,0.27691518110627716,-0.0014471780028944108,-0.0019286403085824768,0.0,0.003879728419010725,0.003782368344486476,0.005342399222923721
2014-08-27,209.0,210.0,208.0,209.0,209.0,2308,0.3011744551944723,0.2839285099176605,0.31911280960345956,0.30150628894945586,0.30150628894945586,0.0067437379576108175,0.00698626836906764,0.007228915662650603,0.012596899224806174,0.013284204402210847,0.014563106796116505
2014-08-28,209.5,210.0,209.0,210.0,210.0,2308,0.3073317487610006,0.2839285099176605,0.3315569191284985,0.3138018428710452,0.3138018428710452,0.009130225852955337,0.010587102983638057,0.011398298282228323,0.016456921587608933,0.017935046049442502,0.018840462521225804
2014-08-29,210.0,212.0,208.5,210.0,210.0,2308,0.31348904232752894,0.3082168831647041,0.325334864365979,0.3138018428710452,0.3138018428710452,0.006711409395973182,0.009372746935832678,0.010749237927161816,0.01437024513947588,0.017047655947307297,0.0180172901349277
2014-09-01,213.0,218.0,210.5,218.0,218.0,2308,0.35043280372669894,0.3810820029058348,0.35022308341605685,0.4121662742437598,0.4121662742437598,0.0341555977229601,0.04256336681013872,0.045730732331307956,0.049590755897929766,0.05273324319103722,0.05373398856038029
2014-09-02,217.0,217.5,213.0,215.0,215.0,2308,0.3996911522589256,0.37500990959407393,0.3813333572286542,0.3752796124789918,0.3752796124789918,0.012241054613935943,0.024541339051703626,0.028380102040816344,0.03191744660427168,0.03644427304280757,0.03739445114595899
2014-09-03,216.5,225.0,215.5,217.0,217.0,2308,0.39353385869239726,0.4660913092704873,0.4124436310412515,0.39987072032217047,0.39987072032217047,0.014018691588785047,0.029411764705882297,0.03481163567000482,0.03765690376569038,0.043670642554828845,0.04553119730185492
2014-09-04,214.5,215.0,208.0,209.5,209.5,2308,0.36890468442628394,0.34464944303526945,0.31911280960345956,0.3076540659102505,0.3076540659102505,-0.020570359981299698,-0.0071090047393364926,-0.0015885623510723246,0.0014340344168260583,0.006921080457560308,0.009314276537658601
2014-09-05,212.0,212.0,204.0,207.0,207.0,2308,0.3381182165936423,0.3082168831647041,0.26933637150330386,0.27691518110627716,0.27691518110627716,-0.029535864978903006,-0.018724816307181744,-0.013346043851286994,-0.010279703562036842,-0.006145573266756295,-0.0029702175483664168
2014-09-09,210.5,210.5,204.5,205.0,205.0,2308,0.3196463358940573,0.2900006032294214,0.27555842626582333,0.2523240732630985,0.2523240732630985,-0.02705268153773132,-0.027283511269276393,-0.022102083002067067,-0.01925606984810432,-0.015842534805568943,-0.012920311371479032
2014-09-10,206.0,206.5,202.0,205.0,205.0,2308,0.2642306937953023,0.24142385673533426,0.24444815245322601,0.2523240732630985,0.2523240732630985,-0.017728797316722514,-0.026359534552362913,-0.021323997453851058,-0.01902141404474217,-0.01640917378370592,-0.012761858897182787
2014-09-11,203.0,203.0,199.0,200.0,200.0,2308,0.22728693239613232,0.198919203553008,0.20711582387810926,0.1908463036551519,0.1908463036551519,-0.025815879201169074,-0.04602909611256859,-0.04290955495294306,-0.04122722914669221,-0.04012286427337307,-0.03606715398827209
2014-09-12,198.0,199.0,190.5,193.0,193.0,2308,0.16571399673084902,0.15034245705892085,0.1013408929152784,0.10477742620402661,0.10477742620402661,-0.04455445544554455,-0.0718922817985092,-0.07211538461538461,-0.07155742633794347,-0.07104351174432033,-0.06785800531272644
2014-09-15,193.0,202.5,191.0,201.5,201.5,2308,0.10414106106556573,0.1928471102412471,0.10756294767779787,0.20928963453753588,0.20928963453753588,0.002986560477849648,-0.027040077257363567,-0.029383429672446986,-0.029266530169818086,-0.02891566265060241,-0.026805119536343933
2014-09-16,201.0,201.0,197.0,197.0,197.0,2308,0.20265775813001902,0.1746308303059644,0.1822276048280314,0.1539596418903839,0.1539596418903839,-0.011540391369794336,-0.03902439024390244,-0.048002577319587646,-0.04853900024148761,-0.04867683986864985,-0.047388781431334674
2014-09-17,197.0,199.5,195.0,196.5,196.5,2308,0.15339940959779236,0.15641455037068175,0.15733938577795356,0.14781186492958925,0.14781186492958925,-0.005566801619433169,-0.032734432685208,-0.04719573298852427,-0.048426150121065374,-0.049346879535558726,-0.04896345890134714
2014-09-18,199.0,199.0,192.0,193.0,193.0,2308,0.1780285838639057,0.15034245705892085,0.12000705720283679,0.10477742620402661,0.10477742620402661,-0.01630988786952084,-0.038605230386052306,-0.059301380991064134,-0.062082371522293796,-0.06365224141276928,-0.06462035541195481
2014-09-19,194.5,198.0,191.0,192.0,192.0,2308,0.12261294176515071,0.13819827043539906,0.10756294767779787,0.09248187228243727,0.09248187228243727,-0.02040816326530612,-0.035175879396984924,-0.0586697172740644,-0.06341463414634146,-0.06569343065693431,-0.06705539358600589
2014-09-22,192.0,193.5,190.0,191.5,191.5,2308,0.09182647393250906,0.08354943062955102,0.09511883815275894,0.08633409532164261,0.08633409532164261,-0.01288659793814433,-0.03013421119270696,-0.05540940480105223,-0.062193927522037167,-0.06521526896417072,-0.06699147381242387
2014-09-23,192.5,194.5,190.0,190.0,190.0,2308,0.0979837674990374,0.0956936172530728,0.09511883815275894,0.06789076443925862,0.06789076443925862,-0.013499480789200387,-0.030364889002296447,-0.05409890474610027,-0.0656503565281534,-0.06935736677115986,-0.07166123778501625
2014-09-24,190.0,192.0,188.0,188.0,188.0,2308,0.06719729966639573,0.06533315069426833,0.0702306191026811,0.04329965659607997,0.04329965659607997,-0.015191199580932454,-0.032175032175032175,-0.05559276624246482,-0.07114624505928856,-0.07562198839610579,-0.07873244037896111
2014-09-25,190.0,191.0,186.0,189.0,189.0,2308,0.06719729966639573,0.05318896407074654,0.045342400052603246,0.055595210517669295,0.055595210517669295,-0.005786428195686451,-0.02148589179394256,-0.04158215010141982,-0.061569016881827233,-0.06731148835373069,-0.07102482182354382
2014-09-26,187.0,191.0,182.0,191.0,191.0,2308,0.030253538267225755,0.05318896407074654,-0.004434038047552443,0.08018631836084796,0.08018631836084796,0.005792522380200075,-0.010106245141228239,-0.025344446334410624,-0.047143926166126164,-0.05436181800178231,-0.05864958107442092
2014-09-29,190.0,190.0,185.5,187.5,187.5,2308,0.06719729966639573,0.041044777447224755,0.039120345290083784,0.0371518796352853,0.0371518796352853,-0.008461131676361684,-0.02114330462020366,-0.03681506849315064,-0.05932522262636392,-0.06799880703847304,-0.07285313993736602
2014-09-30,186.0,194.0,186.0,192.0,192.0,2308,0.017938951134169094,0.0896215239413119,0.045342400052603246,0.09248187228243727,0.09248187228243727,0.013192612137203167,0.004972520282648461,-0.009287925696594486,-0.030425451331902567,-0.042775949745737424,-0.04816987523754442
2014-10-01,193.5,195.0,191.0,191.5,191.5,2308,0.11029835463209405,0.10176571056483369,0.10756294767779787,0.08633409532164261,0.08633409532164261,0.006834910620399639,0.0049855680923641486,-0.007257646448937303,-0.027178054356108684,-0.042308461692338505,-0.04813188633915999
2014-10-02,190.5,193.0,189.0,191.0,191.0,2308,0.07335459323292406,0.07747733731779012,0.08267472862772002,0.08018631836084796,0.08018631836084796,0.002098635886673692,0.003414762280010537,-0.006760270410816492,-0.023267706468933832,-0.041357157197349975,-0.048014620368831994
2014-10-03,192.0,193.0,189.5,190.5,190.5,2308,0.09182647393250906,0.07747733731779012,0.08889678339023947,0.07403854140005328,0.07403854140005328,0.0,0.0015772870662461166,-0.008501040943788996,-0.021068859198355574,-0.0401088380530082,-0.04781739420193267
2014-10-06,190.5,194.5,190.0,194.5,194.5,2308,0.07335459323292406,0.0956936172530728,0.09511883815275894,0.1232207570864106,0.1232207570864106,0.013548723293381939,0.02099737532808399,0.014782608695652224,0.0027065343472097215,-0.01688232915487264,-0.025713808649190144
2014-10-07,194.0,198.5,191.5,198.0,198.0,2308,0.11645564819862238,0.14427036374715996,0.11378500244031732,0.16625519581197323,0.16625519581197323,0.025375453133091693,0.03502352326189225,0.03268428372739924,0.022595222724338282,0.00487210718635814,-0.006688963210702389
2014-10-08,196.5,197.0,190.0,190.0,190.0,2308,0.14724211603126403,0.12605408381187727,0.09511883815275894,0.06789076443925862,0.06789076443925862,-0.014522821576763543,-0.007832898172323759,-0.006795608991113493,-0.014906027219701879,-0.03081003876759841,-0.04410531611604903
2014-10-09,192.0,193.5,189.5,189.5,189.5,2308,0.09182647393250906,0.08354943062955102,0.08889678339023947,0.06174298747846396,0.06174298747846396,-0.015584415584415584,-0.0107021665361525,-0.008199581297976254,-0.014816740317130202,-0.02790602236585615,-0.04349289139395982
2014-10-13,180.0,186.0,178.0,184.5,184.5,2308,-0.05594857166417087,-0.007531969046862398,-0.05421047614770814,0.00026521787051732445,0.00026521787051732445,-0.035546262415054944,-0.03352540597171297,-0.03183487843274443,-0.03868698710433769,-0.048674847891100326,-0.06471781007096998
2014-10-14,182.0,188.5,182.0,188.5,188.5,2308,-0.03131939739805755,0.022828497511942072,-0.004434038047552443,0.049447433556874636,0.049447433556874636,-0.008416622830089397,-0.013089005235602094,-0.009805638241989182,-0.014507907463076751,-0.024327122153209053,-0.04095649961841776
2014-10-15,187.5,187.5,184.5,185.5,185.5,2308,0.036410831833754084,0.010684310888420284,0.026676235765044864,0.012560771792106651,0.012560771792106651,-0.011194029850746239,-0.02547938008930914,-0.024026657313223412,-0.02726796014682742,-0.03596299760939605,-0.050989085948158264
2014-10-16,182.5,190.5,182.5,187.0,187.0,2308,-0.02516210383152922,0.04711687075898565,0.0017880167149670182,0.031004102674490643,0.031004102674490643,0.0,-0.015271195365982126,-0.015789473684210527,-0.016953607569982886,-0.024517475221700516,-0.03872515421521589
2014-10-17,188.0,189.0,185.0,185.0,185.0,2308,0.04256812540028242,0.028900590823702967,0.03289829052756433,0.006412994831311988,0.006412994831311988,-0.005910800644814585,-0.02271526677231913,-0.024947294448348492,-0.0254181482944817,-0.031920460491889034,-0.043762922122674026
2014-10-20,186.0,188.5,184.0,185.0,185.0,2308,0.017938951134169094,0.022828497511942072,0.020454181002525402,0.006412994831311988,0.006412994831311988,-0.006444683136412399,-0.019867549668874173,-0.02288732394366202,-0.023617891542419816,-0.030296676800503203,-0.039709317415001326
2014-10-21,185.5,186.0,183.0,184.5,184.5,2308,0.011781657567640765,-0.007531969046862398,0.00801007147748648,0.00026521787051732445,0.00026521787051732445,-0.004854368932038866,-0.017310252996005325,-0.02449770884737395,-0.024454725710508923,-0.029458179905312964,-0.038561750911933326
2014-10-22,188.0,188.0,184.5,185.5,185.5,2308,0.04256812540028242,0.016756404200181176,0.026676235765044864,0.012560771792106651,0.012560771792106651,0.000539374325782062,-0.005361930294906166,-0.01695813460519337,-0.01799894123875069,-0.021830837376080926,-0.030065359477124184
2014-10-23,184.5,186.0,184.0,185.5,185.5,2308,-0.0005329295654158958,-0.007531969046862398,0.020454181002525402,0.012560771792106651,0.012560771792106651,0.0021609940572663733,-0.002956194571351848,-0.014869888475836491,-0.017348695537014996,-0.0195560253699788,-0.02675760755508916
2014-10-24,186.0,186.0,184.0,185.0,185.0,2308,0.017938951134169094,-0.007531969046862398,0.020454181002525402,0.006412994831311988,0.006412994831311988,-0.000540248514316555,-0.0032327586206896248,-0.015433741351782894,-0.018957974280790078,-0.02054214315967808,-0.02682798527091002
2014-10-27,185.0,186.5,183.0,183.5,183.5,2308,0.0056243640011124345,-0.0014598757351015038,0.00801007147748648,-0.012030336051072003,-0.012030336051072003,-0.007034632034632096,-0.01078167115902965,-0.020985239196158655,-0.02497343251859718,-0.026731728015275232,-0.03310793009572318
2014-10-28,184.5,186.0,183.0,183.5,183.5,2308,-0.0005329295654158958,-0.007531969046862398,0.00801007147748648,-0.012030336051072003,-0.012030336051072003,-0.005958829902491844,-0.008108108108108109,-0.01713979646491692,-0.023936170212765957,-0.025077037509297625,-0.030041406043520413
2014-10-29,186.0,189.5,185.5,189.0,189.0,2308,0.017938951134169094,0.03497268413546386,0.039120345290083784,0.055595210517669295,0.055595210517669295,0.019967620075553093,0.019692473698408448,0.015583019881784017,0.006121905775885045,0.004357530024444644,0.0004411116012351627
2014-10-30,185.0,185.0,176.0,177.5,177.5,2308,0.0056243640011124345,-0.019676155670384186,-0.07909869519778598,-0.08580365958060797,-0.08580365958060797,-0.03375068045726722,-0.03741865509761391,-0.041921554516013024,-0.05156291744589904,-0.05464422667234763,-0.05727184208196866
2014-10-31,178.0,182.0,178.0,182.0,182.0,2308,-0.08057774593028419,-0.056108715540949546,-0.05421047614770814,-0.030473666933455993,-0.030473666933455993,-0.0060076460950300075,-0.011406844106463847,-0.014973840880389751,-0.025174076057846755,-0.029229784510347717,-0.03148558758314851
2014-11-03,184.0,184.0,179.0,179.0,179.0,2308,-0.006690223131944226,-0.03182034229390597,-0.041766366622669214,-0.06736032869822398,-0.06736032869822398,-0.017563117453347907,-0.02452316076294278,-0.0292841648590022,-0.038280725319006045,-0.0427807486631016,-0.04524846653035819
2014-11-04,178.0,180.5,174.0,174.0,174.0,2308,-0.08057774593028419,-0.07432499547623223,-0.10398691424786383,-0.1288380983061706,-0.1288380983061706,-0.03494176372712152,-0.04631405864620438,-0.05142649463928768,-0.059967585089140976,-0.06682398369623516,-0.06902086677367579
2014-11-05,174.0,175.5,169.0,170.0,170.0,2308,-0.12983609446251082,-0.13504592859384118,-0.16620746187305843,-0.1780203139925279,-0.1780203139925279,-0.036827195467422094,-0.06025428413488118,-0.06798245614035091,-0.0745781164942841,-0.08395301217803648,-0.08716663683551094
2014-11-06,170.0,171.5,168.0,170.0,170.0,2308,-0.17909444299473748,-0.18362267508792832,-0.17865157139809737,-0.1780203139925279,-0.1780203139925279,-0.02857142857142857,-0.05213270142180092,-0.062155204119161526,-0.06951286261631083,-0.07968817669987006,-0.08421619680373492
2014-11-07,171.0,175.0,170.5,172.5,172.5,2308,-0.16677985586168081,-0.14111802190560208,-0.14754129758550005,-0.1472814291885546,-0.1472814291885546,-0.003466204506065825,-0.031443009545199296,-0.04396822464437467,-0.051416002199615035,-0.062398086748559574,-0.06798739306618645
2014-11-10,174.0,176.5,173.5,175.0,175.0,2308,-0.12983609446251082,-0.12290174197031938,-0.1102089690103833,-0.11654254438458128,-0.11654254438458128,0.015670342426001092,-0.012693935119887164,-0.026515853884665378,-0.03514817367332874,-0.045593368237347366,-0.05174749390409109
2014-11-11,174.5,176.5,173.0,176.0,176.0,2308,-0.1236788008959825,-0.12290174197031938,-0.11643102377290275,-0.10424699046299196,-0.10424699046299196,0.01910828025477714,-0.0028328611898017,-0.017857142857142794,-0.02627939142461964,-0.036250136896287394,-0.044343891402714886
2014-11-12,178.0,178.5,174.0,176.0,176.0,2308,-0.08057774593028419,-0.09861336872327581,-0.10398691424786383,-0.10424699046299196,-0.10424699046299196,0.012075905692926936,0.004566210045662165,-0.01437371663244351,-0.023713770628206936,-0.031583580939804165,-0.0415683427119259
2014-11-13,178.0,180.0,174.5,176.0,176.0,2308,-0.08057774593028419,-0.08039708878799312,-0.09776485948534437,-0.10424699046299196,-0.10424699046299196,0.005139920045688211,0.00542702085118531,-0.010865492693892864,-0.02072610933370424,-0.028590352135997386,-0.03886411213252029
2014-11-14,178.0,178.0,168.0,170.0,170.0,2308,-0.08057774593028419,-0.1046854620350367,-0.17865157139809737,-0.1780203139925279,-0.1780203139925279,-0.026345933562428377,-0.022145527753810724,-0.03918613413715149,-0.05014666852912415,-0.057649667405765,-0.06806761078117857
2014-11-17,170.0,173.0,169.5,170.0,170.0,2308,-0.17909444299473748,-0.16540639515264563,-0.159985407110539,-0.1780203139925279,-0.1780203139925279,-0.02073732718894006,-0.017056952876553854,-0.03427381177807232,-0.04614953008837141,-0.0546101657212768,-0.0645634629493763
2014-11-18,172.5,173.0,165.5,170.0,170.0,2308,-0.14830797516209582,-0.16540639515264563,-0.2097618452106947,-0.1780203139925279,-0.1780203139925279,-0.01392111368909516,-0.014778325123152775,-0.029311001141987016,-0.04225352112676056,-0.05070359615814168,-0.06034085674804233
2014-11-19,171.0,172.0,166.0,171.0,171.0,2308,-0.16677985586168081,-0.17755058177616742,-0.20353979044817522,-0.1657247600709386,-0.1657247600709386,-0.0023337222870478745,-0.00955690703735885,-0.016864699118436202,-0.032668646584641525,-0.04201680672268908,-0.05008795481899831
2014-11-20,170.0,171.5,169.5,170.5,170.5,2308,-0.17909444299473748,-0.18362267508792832,-0.159985407110539,-0.17187253703173325,-0.17187253703173325,0.0011743981209629396,-0.012738853503184648,-0.017102229054573415,-0.031387586990484335,-0.04127305443094919,-0.04943319085671812
2014-11-21,172.0,176.5,170.5,175.5,175.5,2308,-0.15446526872862415,-0.12290174197031938,-0.14754129758550005,-0.11039476742378662,-0.11039476742378662,0.023920653442240338,0.014450867052023121,0.014255442111346573,-0.0002848191398462624,-0.011044742477178,-0.019005030743432117
2014-11-24,178.0,184.0,177.5,183.0,183.0,2308,-0.08057774593028419,-0.03182034229390597,-0.0604325309102276,-0.018178113011866667,-0.018178113011866667,0.05172413793103448,0.052934407364787044,0.05597230236583951,0.042586526135878044,0.0316833915886797,0.023203802068772747
2014-11-25,181.5,181.5,179.0,180.0,180.0,2308,-0.037476690964585876,-0.06218080885271044,-0.041766366622669214,-0.05506477477663465,-0.05506477477663465,0.022727272727272728,0.03329506314580948,0.03626943005181354,0.0265183917878529,0.015801354401805936,0.008026880716819137
2014-11-26,181.0,182.0,179.5,181.0,181.0,2308,-0.04363398453111421,-0.056108715540949546,-0.03554431186014975,-0.04276922085504532,-0.04276922085504532,0.016853932584269662,0.0360618202633086,0.03764570991782914,0.034581308945413045,0.022483335216359673,0.014479215319944005
2014-11-27,181.5,189.5,181.5,188.0,188.0,2308,-0.037476690964585876,0.03497268413546386,-0.010656092810071904,0.04329965659607997,0.04329965659607997,0.03581267217630854,0.06878908470721998,0.07041184285443162,0.07137768912950566,0.06142728093947603,0.053516391145979336
2014-11-28,187.0,189.0,185.5,187.0,187.0,2308,0.030253538267225755,0.028900590823702967,0.039120345290083784,0.031004102674490643,0.031004102674490643,0.017410228509249122,0.05292792792792796,0.058890147225368096,0.06416275430359941,0.05530474040632061,0.047521239846886304
2014-12-01,183.5,186.0,182.5,184.5,184.5,2308,-0.012847516698472557,-0.007531969046862398,0.0017880167149670182,0.00026521787051732445,0.00026521787051732445,0.0021727322107550555,0.030438425020943804,0.04100056422794817,0.048295454545454544,0.040961408259986405,0.03361344537815126
2014-12-02,184.5,184.5,179.0,180.0,180.0,2308,-0.0005329295654158958,-0.02574824898214508,-0.041766366622669214,-0.05506477477663465,-0.05506477477663465,-0.02227050516023897,-0.00027770063871153215,0.014084507042253521,0.020986954055587002,0.01637492941840771,0.00925147182506311
2014-12-03,180.0,187.5,180.0,184.0,184.0,2308,-0.05594857166417087,0.010684310888420284,-0.02932225709763029,-0.005882559090277339,-0.005882559090277339,-0.003789929615592792,0.014612627515853354,0.033514323160456855,0.03954802259887006,0.04013566986998301,0.03196859226023549
2014-12-04,189.0,189.0,183.5,183.5,183.5,2308,0.054882712533339074,0.028900590823702967,0.014232126240005942,-0.012030336051072003,-0.012030336051072003,-0.0016322089227421728,0.004653709280043768,0.027819268110530256,0.032784578584494094,0.03590380490007911,0.029549279970076756
2014-12-05,186.0,187.0,185.0,185.0,185.0,2308,0.017938951134169094,0.00461221757665939,0.03289829052756433,0.006412994831311988,0.006412994831311988,0.008724100327153731,0.007625272331154715,0.030449313033791323,0.03757711721817156,0.04366467336116445,0.03796521413876948
2014-12-08,187.0,187.0,185.5,185.5,185.5,2308,0.030253538267225755,0.00461221757665939,0.039120345290083784,0.012560771792106651,0.012560771792106651,0.010348583877995674,0.008974707642099568,0.027321395606424242,0.03732699566615413,0.04495268138801256,0.040381379697139584
2014-12-09,180.0,183.0,179.5,183.0,183.0,2308,-0.05594857166417087,-0.04396452891742776,-0.03554431186014975,-0.018178113011866667,-0.018178113011866667,-0.006514657980455965,-0.006244909041542251,0.008634943964725314,0.0213478442863122,0.028783449516528024,0.026456015705337958
2014-12-10,185.0,189.0,183.0,184.5,184.5,2308,0.0056243640011124345,0.028900590823702967,0.00801007147748648,0.00026521787051732445,0.00026521787051732445,0.0010851871947910397,0.0,0.011882998171846383,0.027282850779510055,0.03384511935447715,0.0357410179640719
2014-12-11,184.0,185.0,180.5,181.5,181.5,2308,-0.006690223131944226,-0.019676155670384186,-0.023100202335110828,-0.036621443894250656,-0.036621443894250656,-0.013050570962479639,-0.012782159369050826,-0.008557902403495974,0.009034051424600417,0.014419852448021533,0.018137621540762826
2014-12-12,181.5,183.5,180.0,180.5,180.5,2308,-0.037476690964585876,-0.037892435605666866,-0.02932225709763029,-0.04891699781583998,-0.04891699781583998,-0.01366120218579235,-0.014737991266375485,-0.015812431842966223,0.0005543237250554008,0.00702968087480468,0.012812120078556054
2014-12-15,178.0,180.0,176.5,176.5,176.5,2308,-0.08057774593028419,-0.08039708878799312,-0.07287664043526652,-0.09809921350219729,-0.09809921350219729,-0.025938189845474552,-0.03234649122807021,-0.035343414100929144,-0.023378060589293093,-0.015616285554935924,-0.009169161676646664
2014-12-16,179.5,186.0,178.5,183.5,183.5,2308,-0.0621058652306992,-0.007531969046862398,-0.047988421385188676,-0.012030336051072003,-0.012030336051072003,0.012134583563154928,0.004103967168262654,0.0016375545851529006,0.011576626240352779,0.021714922048997807,0.028299243485570252
2014-12-17,183.5,183.5,177.0,177.0,177.0,2308,-0.012847516698472557,-0.037892435605666866,-0.06665458567274705,-0.09195143654140263,-0.09195143654140263,-0.015572858731924422,-0.02773963196923928,-0.032434402332361535,-0.025866813428728614,-0.014696058784235062,-0.00942076298852721
2014-12-18,180.5,182.5,179.0,182.0,182.0,2308,-0.04979127809764254,-0.05003662222918866,-0.041766366622669214,-0.030473666933455993,-0.030473666933455993,0.01167315175097273,0.0005497526113248725,-0.002921840759678587,-0.0015087093677136508,0.011785634867689597,0.01628664495114001
2014-12-19,186.0,187.0,183.0,185.0,185.0,2308,0.017938951134169094,0.00461221757665939,0.00801007147748648,0.006412994831311988,0.006412994831311988,0.023230088495575157,0.017042330951071986,0.014254385964912249,0.012311901504787962,0.02504432624113481,0.03064066852367688
2014-12-22,185.0,188.0,184.0,186.0,186.0,2308,0.0056243640011124345,0.016756404200181176,0.020454181002525402,0.018708548752901316,0.018708548752901316,0.018062397372742265,0.022258862324814572,0.019178082191780823,0.01694915254237285,0.026943462897526475,0.03409933283914006
2014-12-23,188.5,189.0,186.0,186.0,186.0,2308,0.04872541896681075,0.028900590823702967,0.045342400052603246,0.018708548752901316,0.018708548752901316,0.015283842794759889,0.0205761316872428,0.01694915254237285,0.015283842794759889,0.023327464788732447,0.032186459489456226
2014-12-24,188.5,191.0,187.0,191.0,191.0,2308,0.04872541896681075,0.05318896407074654,0.05778650957764217,0.08018631836084796,0.08018631836084796,0.026881720430107527,0.04428649535265169,0.041628794764588216,0.039738704409363154,0.0462313759859772,0.057000553403431166
2014-12-25,190.0,190.0,184.0,184.5,184.5,2308,0.06719729966639573,0.041044777447224755,0.020454181002525402,0.00026521787051732445,0.00026521787051732445,-0.010723860589812333,0.007096069868995696,0.0058150099945484075,0.005312627707396781,0.0075360419397116395,0.01943088682199105
2014-12-26,186.0,186.0,183.5,186.0,186.0,2308,0.017938951134169094,-0.007531969046862398,0.014232126240005942,0.018708548752901316,0.018708548752901316,-0.0037493304767005284,0.012244897959183673,0.013623978201634877,0.013762092928191883,0.01340307289964045,0.024699292994215333
2014-12-27,186.0,187.0,185.0,186.5,186.5,2308,0.017938951134169094,0.00461221757665939,0.03289829052756433,0.02485632571369598,0.02485632571369598,-0.0016059957173448144,0.009472259810554804,0.01597966224804796,0.015933542148985493,0.015352787456445955,0.024350054924935943
2014-12-29,186.0,190.0,186.0,190.0,190.0,2308,0.017938951134169094,0.041044777447224755,0.045342400052603246,0.06789076443925862,0.06789076443925862,0.012793176972281481,0.024811218985976238,0.03242166274225685,0.03218796686133376,0.03215993046501514,0.03976650857351339
2014-12-30,191.0,191.5,188.5,189.5,189.5,2308,0.0795118867994524,0.059261057382507434,0.07645267386520056,0.06174298747846396,0.06174298747846396,0.01174586225306988,0.015269220466113015,0.027843066353281463,0.027935991320857098,0.02754581932545284,0.03354240523588768
2014-12-31,187.5,190.0,187.5,188.5,188.5,2308,0.036410831833754084,0.041044777447224755,0.06400856434016164,0.049447433556874636,0.049447433556874636,0.002126528442317946,0.006406833956219907,0.019837691614066674,0.021126760563380313,0.022012578616352214,0.024734982332155542
2015-01-05,188.0,190.0,186.5,190.0,190.0,2308,0.04256812540028242,0.041044777447224755,0.05156445481512271,0.06789076443925862,0.06789076443925862,0.005823186871360478,0.011714589989350311,0.024442846872753405,0.02786042737354615,0.02947550931946249,0.030182541116934733
2015-01-06,187.0,188.0,181.0,181.0,181.0,2308,0.030253538267225755,0.016756404200181176,-0.016878147572591366,-0.04276922085504532,-0.04276922085504532,-0.036208732694355754,-0.03363587827015489,-0.0256594293917101,-0.01963439404197698,-0.018544626396269318,-0.018260712348580767
2015-01-07,181.0,182.5,180.0,180.0,180.0,2308,-0.04363398453111421,-0.05003662222918866,-0.02932225709763029,-0.05506477477663465,-0.05506477477663465,-0.031216361679225032,-0.035886448848419863,-0.02982393100970175,-0.02425802954329852,-0.023967031775295456,-0.023684686313505735
2015-01-08,181.0,182.0,180.5,181.5,181.5,2308,-0.04363398453111421,-0.056108715540949546,-0.023100202335110828,-0.036621443894250656,-0.036621443894250656,-0.014657980456025997,-0.02288021534320323,-0.023318385650224264,-0.01532619015326184,-0.01529947916666663,-0.015637711289885163
2015-01-09,183.0,184.0,182.0,183.0,183.0,2308,-0.019004810265000886,-0.03182034229390597,-0.004434038047552443,-0.018178113011866667,-0.018178113011866667,-0.0005461496450026997,-0.014008620689655141,-0.015599784830554091,-0.0075921908893709636,-0.007053716766142221,-0.006604541753370136
2015-01-12,183.0,183.5,178.0,178.5,178.5,2308,-0.019004810265000886,-0.037892435605666866,-0.05421047614770814,-0.07350810565901864,-0.07350810565901864,-0.012721238938053159,-0.03435217744116849,-0.0375629043853343,-0.031470428648942,-0.030102151706150795,-0.029539688292859752
2015-01-13,178.0,179.0,177.0,177.5,177.5,2308,-0.08057774593028419,-0.09254127541151491,-0.06665458567274705,-0.08580365958060797,-0.08580365958060797,-0.014436424208772872,-0.03506387605327529,-0.0400216333153056,-0.03715758068890694,-0.033855867624646194,-0.03375068045726722
2015-01-14,180.0,185.0,178.0,183.5,183.5,2308,-0.05594857166417087,-0.019676155670384186,-0.05421047614770814,-0.012030336051072003,-0.012030336051072003,0.014933628318584007,0.0010911074740861354,-0.006676290147960954,-0.004610794684024921,-0.0013061935343420545,-0.001722730981956639
2015-01-15,185.0,185.0,180.0,180.5,180.5,2308,0.0056243640011124345,-0.019676155670384186,-0.02932225709763029,-0.04891699781583998,-0.04891699781583998,-0.000553709856035406,-0.010416666666666697,-0.019199420394855993,-0.021812762498306493,-0.016777426734938514,-0.017419706042460473
2015-01-16,182.5,182.5,178.0,179.0,179.0,2308,-0.02516210383152922,-0.05003662222918866,-0.05421047614770814,-0.06736032869822398,-0.06736032869822398,-0.004449388209121309,-0.013502342243042099,-0.02540834845735022,-0.029152542372881354,-0.0244168301722258,-0.02478888586216296
2015-01-19,182.0,183.5,180.0,181.0,181.0,2308,-0.03131939739805755,-0.037892435605666866,-0.02932225709763029,-0.04276922085504532,-0.04276922085504532,0.0038824181919023216,0.0024923843810578158,-0.012727272727272778,-0.017239038957513296,-0.013623978201634877,-0.013175829168559694
2015-01-20,182.5,183.5,181.0,183.5,183.5,2308,-0.02516210383152922,-0.037892435605666866,-0.016878147572591366,-0.012030336051072003,-0.012030336051072003,0.011019283746556474,0.014933628318584007,0.0020021842009465287,-0.0029883183917414364,-0.0015235607791925189,0.0008181074447777785
2015-01-21,184.5,185.0,182.0,185.0,185.0,2308,-0.0005329295654158958,-0.019676155670384186,-0.004434038047552443,0.006412994831311988,0.006412994831311988,0.01760176017601754,0.02040816326530606,0.012035010940918973,0.005434782608695652,0.006309834638816343,0.00863243980009092
2015-01-22,185.0,187.0,184.5,187.0,187.0,2308,0.0056243640011124345,0.00461221757665939,0.026676235765044864,0.031004102674490643,0.031004102674490643,0.02129983615510653,0.02832004399230138,0.02390947253148389,0.017410228509249122,0.014980460269214018,0.01907356948228883
2015-01-23,189.0,196.0,188.5,196.0,196.0,2308,0.054882712533339074,0.11390989718835548,0.07645267386520056,0.1416640879687946,0.1416640879687946,0.05093833780160858,0.07016107016107012,0.07025846377866768,0.06305084745762712,0.06060606060606054,0.06531388712745727
2015-01-26,195.5,199.0,193.5,196.5,196.5,2308,0.13492752889820736,0.15034245705892085,0.13867322149039518,0.14781186492958925,0.14781186492958925,0.036392405063291174,0.06244931062449317,0.07045578354821139,0.06273661438615465,0.06067148871855776,0.06494444946255977
2015-01-27,198.5,201.0,198.0,200.5,200.5,2308,0.17187129029737735,0.1746308303059644,0.19467171435307032,0.19699408061594656,0.19699408061594656,0.038860103626943004,0.07076101468624833,0.08456545257843487,0.08028017241379314,0.07888506241928539,0.08193182840183472
2015-01-28,199.0,199.5,197.5,199.0,199.0,2308,0.1780285838639057,0.15641455037068175,0.18844965959055085,0.17855074973356258,0.17855074973356258,0.01634320735444325,0.0540254237288135,0.06912607449856738,0.06960494490728292,0.06782571367246182,0.07085201793721968
2015-01-29,198.0,199.0,192.5,194.5,194.5,2308,0.16571399673084902,0.15034245705892085,0.12622911196535624,0.1232207570864106,0.1232207570864106,-0.014191586416624487,0.022607781282860208,0.040106951871657755,0.04401502952227584,0.04289544235924933,0.04336164506034874
2015-01-30,196.0,197.0,193.0,193.5,193.5,2308,0.1410848224647357,0.12605408381187727,0.1324511667278757,0.11092520316482127,0.11092520316482127,-0.016768292682926886,0.009653013305504797,0.03090037293553549,0.03725542749932988,0.03553462485283092,0.035867237687366105
2015-02-02,197.0,198.0,192.0,195.0,195.0,2308,0.15339940959779236,0.13819827043539906,0.12000705720283679,0.12936853404720525,0.12936853404720525,-0.007633587786259542,0.010101010101010041,0.0328389830508474,0.04389721627408987,0.04155538938147634,0.04203776273601714
2015-02-03,195.0,196.0,192.0,193.0,193.0,2308,0.12877023533167906,0.11390989718835548,0.12000705720283679,0.10477742620402661,0.10477742620402661,-0.010256410256410256,-0.005154639175257732,0.01668129938542576,0.029882604055496233,0.029443140601664235,0.03006582458637249
2015-02-04,196.0,202.0,196.0,199.0,199.0,2308,0.1410848224647357,0.1867750169294862,0.16978349530299247,0.17855074973356258,0.17855074973356258,0.020512820512820513,0.01842374616171952,0.042612644079636705,0.05654366870188482,0.05941226575809198,0.059637912673056376
2015-02-05,200.0,200.5,194.5,196.5,196.5,2308,0.19034317099696235,0.1685587369942035,0.1511173310154341,0.14781186492958925,0.14781186492958925,0.005629477993858722,0.0007639419404125576,0.023792983674887094,0.03913273400317296,0.04454603444609821,0.04530543487897871
2015-02-06,199.0,200.0,196.0,197.0,197.0,2308,0.1780285838639057,0.16248664368244264,0.16978349530299247,0.1539596418903839,0.1539596418903839,0.004589495155532921,0.002799694578773283,0.02002071108042807,0.03793466807165431,0.045314655629841834,0.04564755838641186
2015-02-09,195.5,198.0,195.0,196.0,196.0,2308,0.13492752889820736,0.13819827043539906,0.15733938577795356,0.1416640879687946,0.1416640879687946,-0.0015282730514519173,-0.002036659877800436,0.009615384615384654,0.02792710108823909,0.03868574456809757,0.03850229600847764
2015-02-10,196.0,197.0,193.5,193.5,193.5,2308,0.1410848224647357,0.12605408381187727,0.13867322149039518,0.11092520316482127,0.11092520316482127,-0.014765784114052981,-0.011241696474195139,-0.006673511293634555,0.010575793184488867,0.02272727272727279,0.0239901217145881
2015-02-11,196.5,201.5,195.5,200.0,200.0,2308,0.14724211603126403,0.1807029236177253,0.16356144054047303,0.1908463036551519,0.1908463036551519,0.017293997965412033,0.021450459652706786,0.021450459652706786,0.0400416016640665,0.05263157894736842,0.05652403592181716
2015-02-12,201.5,203.0,199.5,202.0,202.0,2308,0.20881505169654735,0.198919203553008,0.2133378786406287,0.21543741149833054,0.21543741149833054,0.02175012645422363,0.02772831340625789,0.026422764227642215,0.04460245636716225,0.05858924641022957,0.06474567337257313
2015-02-13,202.0,205.0,201.5,205.0,205.0,2308,0.21497234526307568,0.22320757680005157,0.23822609769070655,0.2523240732630985,0.2523240732630985,0.028600100351229243,0.0369246332827517,0.03850050658561294,0.05303711313728002,0.06937923839332297,0.07743517869656615
2015-02-24,209.0,210.0,203.0,203.0,203.0,2308,0.3011744551944723,0.2839285099176605,0.2568922619782649,0.22773296541991989,0.22773296541991989,0.011459890383657257,0.022670025188916875,0.02611625947767476,0.036904609883795146,0.05356030724517331,0.0644992134242266
2015-02-25,204.0,210.0,204.0,210.0,210.0,2308,0.23960151952918898,0.2839285099176605,0.26933637150330386,0.3138018428710452,0.3138018428710452,0.029411764705882353,0.04895104895104901,0.058112193483372515,0.06544901065449013,0.08258583359109192,0.09565217391304354
2015-02-26,210.0,210.0,202.5,203.0,203.0,2308,0.31348904232752894,0.2839285099176605,0.25067020721574546,0.22773296541991989,0.22773296541991989,-0.00782013685239489,0.011964107676969121,0.021469305602147,0.025252525252525252,0.04230848223454513,0.0549107916161441
2015-03-02,208.0,210.0,205.0,208.0,208.0,2308,0.2888598680614156,0.2839285099176605,0.2817804810283428,0.2892107350278665,0.2892107350278665,0.010689990281826961,0.030978934324659233,0.04191016864251131,0.04496357699070579,0.06198304911671595,0.07595482369169758
2015-03-03,210.0,210.0,206.0,210.0,210.0,2308,0.31348904232752894,0.2839285099176605,0.2942245905533817,0.3138018428710452,0.3138018428710452,0.01547388781431329,0.03422802265451853,0.04616406509465301,0.05131414267834793,0.06544901065449013,0.08126662661975456
2015-03-04,210.0,211.0,207.5,209.0,209.0,2308,0.31348904232752894,0.2960726965411823,0.3128907548409401,0.30150628894945586,0.30150628894945586,0.004807692307692308,0.02275507707364818,0.03636363636363641,0.043044291952588895,0.05438401775804662,0.07051391497353601
2015-03-05,210.5,210.5,207.5,207.5,207.5,2308,0.3196463358940573,0.2900006032294214,0.3128907548409401,0.2830629580670718,0.2830629580670718,0.0,0.00850546780072904,0.024017108076986385,0.03375264665587249,0.041771262174917126,0.057414642432478416
2015-03-06,209.0,212.0,207.5,212.0,212.0,2308,0.3011744551944723,0.3082168831647041,0.3128907548409401,0.3383929507142238,0.3383929507142238,0.012900143334925888,0.024402029475718828,0.04176904176904177,0.05276225946617008,0.05862378907420358,0.07514157721240806
2015-03-09,213.0,214.0,207.5,208.0,208.0,2308,0.35043280372669894,0.33250525641174766,0.3128907548409401,0.2892107350278665,0.2892107350278665,-0.006211180124223657,0.0021681522524692296,0.018276762402088708,0.029448156396931394,0.0343112879164595,0.04997476022211007
2015-03-10,208.0,208.0,205.0,207.0,207.0,2308,0.2888598680614156,0.2596401366706169,0.2817804810283428,0.27691518110627716,0.27691518110627716,-0.008145663632007612,-0.0036101083032490976,0.010084580351333748,0.02108768035516096,0.027091396248883636,0.04002679618154414
2015-03-11,205.5,207.0,203.5,203.5,203.5,2308,0.258073400228774,0.24749595004709515,0.2631143167407844,0.23388074238071455,0.23388074238071455,-0.01974951830443157,-0.020692974013474547,-0.0094110011358105,0.0017228648781688128,0.008324249331087141,0.018603487111036966
2015-03-12,203.5,205.0,199.0,201.0,201.0,2308,0.23344422596266065,0.22320757680005157,0.20711582387810926,0.20314185757674122,0.20314185757674122,-0.025690741638390746,-0.02851619139681008,-0.02395597280673359,-0.01252763448784088,-0.00416171224732463,0.003160871735152183
2015-03-13,203.5,204.5,201.0,201.0,201.0,2308,0.23344422596266065,0.21713548348829068,0.2320040429281871,0.20314185757674122,0.20314185757674122,-0.0151886330230279,-0.027576197387518087,-0.024271844660194174,-0.013012521482936438,-0.004556259904912775,0.0004977600796415844
2015-03-16,203.5,204.0,200.0,200.0,200.0,2308,0.23344422596266065,0.21106339017652978,0.21955993340314817,0.1908463036551519,0.1908463036551519,-0.012345679012345678,-0.0286546867411365,-0.028497409326424906,-0.018766098368698584,-0.010586722073810164,-0.0066225165562914376
2015-03-17,203.0,203.5,194.0,194.5,194.5,2308,0.22728693239613232,0.20499129686476888,0.14489527625291462,0.1232207570864106,0.1232207570864106,-0.0275,-0.04820161487643746,-0.05199025182778225,-0.0451644575355915,-0.03798595311108916,-0.03370042229030387
2015-03-18,197.5,202.0,195.5,202.0,202.0,2308,0.1595567031643207,0.1867750169294862,0.16356144054047303,0.21543741149833054,0.21543741149833054,0.011517275913870863,-0.008102136017677416,-0.015114578254509967,-0.00980392156862745,-0.002272053739010214,0.0026472534745201758
2015-03-19,203.0,204.0,199.5,203.0,203.0,2308,0.22728693239613232,0.21106339017652978,0.2133378786406287,0.22773296541991989,0.22773296541991989,0.014492753623188435,-0.000984251968503881,-0.007981755986316954,-0.007213595794106831,0.0006901311249136663,0.00719424460431649
2015-03-20,200.0,204.0,200.0,203.0,203.0,2308,0.19034317099696235,0.21106339017652978,0.21955993340314817,0.22773296541991989,0.22773296541991989,0.012468827930174564,0.003460207612456691,-0.007981755986316954,-0.00794135613927917,-9.851246182647144e-05,0.006528386083794709
2015-03-23,203.0,206.5,203.0,206.0,206.0,2308,0.22728693239613232,0.24142385673533426,0.2568922619782649,0.26461962718468784,0.26461962718468784,0.021318790282597977,0.019297377535873357,0.007334963325183374,0.005736604418406012,0.012782694198623374,0.01946552292972618
2015-03-24,207.5,207.5,201.5,205.5,205.5,2308,0.2827025744948873,0.253568043358856,0.23822609769070655,0.2584718502238932,0.2584718502238932,0.007846983815595853,0.01757860856647691,0.006366307541625913,0.0031730534537466716,0.008638460783351285,0.014981890023049052
2015-03-25,204.0,205.0,199.0,200.5,200.5,2308,0.23960151952918898,0.22320757680005157,0.20711582387810926,0.19699408061594656,0.19699408061594656,-0.015225933202357536,-0.0057029506570791255,-0.015387133737109147,-0.020637440468921697,-0.016771282856021908,-0.010609425117197166
2015-03-26,198.5,203.0,195.5,196.0,196.0,2308,0.17187129029737735,0.198919203553008,0.16356144054047303,0.1416640879687946,0.1416640879687946,-0.030662710187932686,-0.025602783992045765,-0.033848176141965204,-0.039333415022668815,-0.03930987158121758,-0.03329223181257707
2015-03-27,195.0,198.0,193.0,193.0,193.0,2308,0.12877023533167906,0.13819827043539906,0.1324511667278757,0.10477742620402661,0.10477742620402661,-0.03596403596403591,-0.03668579985026201,-0.04265873015873013,-0.05171354870409043,-0.05271424364385986,-0.047148852135275296
2015-03-30,195.0,199.0,195.0,198.0,198.0,2308,0.12877023533167906,0.15034245705892085,0.15733938577795356,0.16625519581197323,0.16625519581197323,-0.003021148036253748,-0.010741943542343271,-0.01459854014598542,-0.024750646472109374,-0.027409372236958503,-0.022704837117472825
2015-03-31,200.5,200.5,196.5,197.5,197.5,2308,0.19650046456349068,0.1685587369942035,0.17600555006551194,0.16010741885117857,0.16010741885117857,0.0025380710659898475,-0.014716887004240403,-0.013979031452820825,-0.024209486166007932,-0.028433687524596622,-0.02525294069260512
2015-04-01,200.0,200.0,195.0,195.0,195.0,2308,0.19034317099696235,0.16248664368244264,0.15733938577795356,0.12936853404720525,0.12936853404720525,-0.00459418070444107,-0.023779724655819776,-0.023698264352469894,-0.03321764997521066,-0.039219550650374496,-0.03743315508021395
2015-04-02,198.0,198.5,195.5,197.5,197.5,2308,0.16571399673084902,0.14427036374715996,0.16356144054047303,0.16010741885117857,0.16010741885117857,0.0066258919469929225,-0.008534136546184682,-0.010025062656641603,-0.018389662027832945,-0.024498666403240183,-0.025733782783852677
2015-04-07,197.5,197.5,193.0,195.5,195.5,2308,0.1595567031643207,0.13212617712363817,0.1324511667278757,0.13551631100799993,0.13551631100799993,-0.00610066090493131,-0.014865205341395762,-0.01824573150318041,-0.024329382407985028,-0.03294420261179262,-0.034885634359058726
2015-04-08,197.5,197.5,192.0,193.0,193.0,2308,0.1595567031643207,0.13212617712363817,0.12000705720283679,0.10477742620402661,0.10477742620402661,-0.013796627491057685,-0.021049961957900105,-0.02852348993288586,-0.03318722604884158,-0.042468743798372705,-0.04581410678971661
2015-04-09,195.5,197.0,191.0,192.0,192.0,2308,0.13492752889820736,0.12605408381187727,0.10756294767779787,0.09248187228243727,0.09248187228243727,-0.013360739979444987,-0.019407558733401487,-0.0327455919395466,-0.034569453174104335,-0.044015136427006586,-0.04872006606110657
2015-04-10,193.0,194.0,191.5,193.5,193.5,2308,0.10414106106556573,0.0896215239413119,0.11378500244031732,0.11092520316482127,0.11092520316482127,-0.004117344312918226,-0.008200922603792897,-0.022398113843044815,-0.024574669187145556,-0.03356308061132753,-0.0397816557770243
2015-04-13,193.5,194.5,192.5,193.0,193.0,2308,0.11029835463209405,0.0956936172530728,0.12622911196535624,0.10477742620402661,0.10477742620402661,-0.002068252326783897,-0.009240246406570899,-0.021628928692125782,-0.025129435534789718,-0.033259867761971484,-0.039562080119432644
2015-04-14,193.0,196.0,193.0,195.5,195.5,2308,0.10414106106556573,0.11390989718835548,0.1324511667278757,0.13551631100799993,0.13551631100799993,0.010858324715615276,0.00230710074339907,-0.006437404709469828,-0.011127971674253863,-0.017489194893959142,-0.025909317389137963
2015-04-15,195.0,195.5,190.0,190.5,190.5,2308,0.12877023533167906,0.10783780387659458,0.09511883815275894,0.07403854140005328,0.07403854140005328,-0.01244167962674964,-0.019557385486361354,-0.02673705722070838,-0.0340981112942071,-0.03923744200121042,-0.04805530107437332
2015-04-16,193.0,195.0,192.5,195.0,195.0,2308,0.10414106106556573,0.10176571056483369,0.12622911196535624,0.12936853404720525,0.12936853404720525,0.007751937984496124,0.004895645452202981,-0.00017091095539223093,-0.011406844106463879,-0.014155712841253849,-0.02312766135092264
2015-04-17,192.5,194.5,192.0,192.0,192.0,2308,0.0979837674990374,0.0956936172530728,0.12000705720283679,0.09248187228243727,0.09248187228243727,-0.006211180124223544,-0.00903225806451613,-0.012684264655467957,-0.0241423125794155,-0.027059896625114033,-0.035418236623963886
2015-04-20,191.5,194.0,190.5,190.5,190.5,2308,0.08566918036598073,0.0896215239413119,0.1013408929152784,0.07403854140005328,0.07403854140005328,-0.01141670991177991,-0.013209013209013267,-0.018547140649149894,-0.028680688336520075,-0.03260207190737349,-0.040221681081534906
2015-04-21,190.5,192.0,190.0,190.0,190.0,2308,0.07335459323292406,0.06533315069426833,0.09511883815275894,0.06789076443925862,0.06789076443925862,-0.008350730688935253,-0.012987012987012988,-0.02011346054667357,-0.02800869676429208,-0.032980456026058584,-0.039190897597977246
2015-04-22,193.0,194.5,190.5,190.5,190.5,2308,0.10414106106556573,0.0956936172530728,0.1013408929152784,0.07403854140005328,0.07403854140005328,-0.005741127348642977,-0.009102730819245773,-0.014994829369183069,-0.0215716486902927,-0.028556858745537962,-0.03381234150464915
2015-04-23,193.0,194.5,192.0,194.0,194.0,2308,0.10414106106556573,0.0956936172530728,0.12000705720283679,0.11707298012561593,0.11707298012561593,0.013584117032392864,0.00805404001039237,0.004314063848145002,-0.000643915003219575,-0.01060791513667897,-0.013893595391392682
2015-04-24,195.0,198.5,194.5,196.5,196.5,2308,0.12877023533167906,0.14427036374715996,0.1511173310154341,0.14781186492958925,0.14781186492958925,0.021840873634945336,0.019455252918287938,0.016729906864435942,0.013278329250999038,0.003267640151128287,0.0
2015-04-27,198.5,200.5,196.0,197.0,197.0,2308,0.17187129029737735,0.1685587369942035,0.16978349530299247,0.1539596418903839,0.1539596418903839,0.01756198347107441,0.01993269479679003,0.019492841124719752,0.01559479314344635,0.007054493405582228,0.0032252588694618523
2015-04-28,196.0,197.0,192.0,194.5,194.5,2308,0.1410848224647357,0.12605408381187727,0.12000705720283679,0.1232207570864106,0.1232207570864106,0.0,0.007511007511007452,0.006902502157031974,0.0023189899510434866,-0.0039942646456370395,-0.008411929645679356
2015-04-29,196.0,196.0,190.0,190.5,190.5,2308,0.1410848224647357,0.11390989718835548,0.09511883815275894,0.07403854140005328,0.07403854140005328,-0.02056555269922879,-0.013209013209013267,-0.012953367875647668,-0.016393442622950876,-0.021370594883386402,-0.027234042553191538
2015-04-30,189.0,189.0,185.0,185.0,185.0,2308,0.054882712533339074,0.028900590823702967,0.03289829052756433,0.006412994831311988,0.006412994831311988,-0.03995848469122983,-0.036709190315022185,-0.03912742382271467,-0.041699041699041754,-0.045604622368964114,-0.05378910578808292
2015-05-04,189.0,190.5,185.5,188.5,188.5,2308,0.054882712533339074,0.04711687075898565,0.039120345290083784,0.049447433556874636,0.049447433556874636,-0.013605442176870718,-0.016692749087115225,-0.019250780437044687,-0.02192242833052274,-0.025134464211832918,-0.03366370471633628
2015-05-05,187.0,189.0,184.5,186.0,186.0,2308,0.030253538267225755,0.028900590823702967,0.026676235765044864,0.018708548752901316,0.018708548752901316,-0.015352038115405005,-0.027450980392156862,-0.029902642559109807,-0.03200624512099925,-0.03606965174129357,-0.043701799485861184
2015-05-06,183.0,187.0,183.0,186.0,186.0,2308,-0.019004810265000886,0.00461221757665939,0.00801007147748648,0.018708548752901316,0.018708548752901316,-0.00641025641025635,-0.025412627718103195,-0.026687598116169515,-0.029607408373549034,-0.03466888104629441,-0.04090752836026128
2015-05-07,186.0,186.0,184.0,184.5,184.5,2308,0.017938951134169094,-0.007531969046862398,0.020454181002525402,0.00026521787051732445,0.00026521787051732445,-0.008064516129032258,-0.030223390275952694,-0.03251179863660193,-0.03529411764705882,-0.03976267305090032,-0.04511343051841629
2015-05-08,183.0,185.0,182.5,184.0,184.0,2308,-0.019004810265000886,-0.019676155670384186,0.0017880167149670182,-0.005882559090277339,-0.005882559090277339,-0.009687836383207811,-0.02774108322324967,-0.031409019126162493,-0.035892061828661226,-0.03966597077244256,-0.04415584415584416
2015-05-11,184.0,184.5,177.0,178.0,178.0,2308,-0.006690223131944226,-0.02574824898214508,-0.06665458567274705,-0.0796558826198133,-0.0796558826198133,-0.031028851388132765,-0.050160085378868756,-0.058367131017457226,-0.06352755491253446,-0.06767232348627691,-0.07170795306388526
2015-05-12,171.0,179.0,171.0,177.0,177.0,2308,-0.16677985586168081,-0.09254127541151491,-0.14131924282298058,-0.09195143654140263,-0.09195143654140263,-0.026937877954920315,-0.045307443365695824,-0.05917788802267891,-0.06485272751287811,-0.06891109942135715,-0.07386413185663211
2015-05-13,178.0,178.0,172.0,173.0,173.0,2308,-0.08057774593028419,-0.1046854620350367,-0.12887513329794167,-0.14113365222775995,-0.14113365222775995,-0.03513664249860575,-0.05593451568894952,-0.0748663101604278,-0.08052086101514752,-0.0856236786469344,-0.09162509845103696
2015-05-14,173.0,174.0,170.0,173.0,173.0,2308,-0.14215068159556749,-0.15326220852912384,-0.15376335234801952,-0.14113365222775995,-0.14113365222775995,-0.022598870056497175,-0.046831955922865015,-0.0690582959641256,-0.07622480309704982,-0.08174097664543527,-0.08763294365825793
2015-05-15,175.0,179.0,173.5,177.5,177.5,2308,-0.11752150732945417,-0.09254127541151491,-0.1102089690103833,-0.08580365958060797,-0.08580365958060797,0.010244735344337003,-0.017980636237897647,-0.03915553951641999,-0.047746781115879856,-0.05494622510914702,-0.06059804181000259
2015-05-18,177.5,178.0,171.0,173.0,173.0,2308,-0.08673503949681252,-0.1046854620350367,-0.14131924282298058,-0.14113365222775995,-0.14113365222775995,-0.009730967372638745,-0.034598214285714225,-0.05550500454959049,-0.06713399838231324,-0.0748663101604278,-0.08084654210572922
2015-05-19,175.0,176.5,172.5,174.0,174.0,2308,-0.11752150732945417,-0.12290174197031938,-0.1226530785354222,-0.1288380983061706,-0.1288380983061706,-0.0005743825387707887,-0.02247191011235955,-0.04202605982749124,-0.05754908598510494,-0.06572164948453613,-0.07166992708518587
2015-05-20,175.0,175.0,171.0,172.0,172.0,2308,-0.11752150732945417,-0.14111802190560208,-0.14131924282298058,-0.15342920614934927,-0.15342920614934927,-0.010925819436457767,-0.026047565118912767,-0.04515173945225755,-0.06381820655871544,-0.07177549919050194,-0.07848915081703726
2015-05-21,171.0,172.0,170.0,170.0,170.0,2308,-0.16677985586168081,-0.17755058177616742,-0.15376335234801952,-0.1780203139925279,-0.1780203139925279,-0.019042123485285695,-0.029403368541250387,-0.04903971657654305,-0.06951286261631083,-0.07849089332176924,-0.08544786156191156
2015-05-22,172.0,172.0,169.5,170.5,170.5,2308,-0.15446526872862415,-0.17755058177616742,-0.159985407110539,-0.17187253703173325,-0.17187253703173325,-0.00814426992437467,-0.018987341772151962,-0.04105736782902143,-0.06073543589037326,-0.07084468664850137,-0.07920792079207917
2015-05-25,172.0,172.0,168.0,171.0,171.0,2308,-0.15446526872862415,-0.17755058177616742,-0.17865157139809737,-0.1657247600709386,-0.1657247600709386,-0.0029154518950437317,-0.01213171577123047,-0.031892809964144134,-0.05131761442441054,-0.06383444651264643,-0.07275192046995024
2015-05-26,172.5,174.0,172.0,173.0,173.0,2308,-0.14830797516209582,-0.15326220852912384,-0.12887513329794167,-0.14113365222775995,-0.14113365222775995,0.009924109748978333,0.0017371163867979814,-0.015740565143182325,-0.03378944428930473,-0.04924159155858435,-0.058503401360544216
2015-05-27,171.5,174.0,171.0,172.0,172.0,2308,-0.16062256229515248,-0.15326220852912384,-0.14131924282298058,-0.15342920614934927,-0.15342920614934927,0.004086398131932216,-0.0034762456546928986,-0.01620591039084848,-0.03330054798370106,-0.050982123151622205,-0.05993805793404993
2015-05-28,174.0,177.5,173.5,176.0,176.0,2308,-0.12983609446251082,-0.1107575553467976,-0.1102089690103833,-0.10424699046299196,-0.10424699046299196,0.020289855072463767,0.017929438982070528,0.009946442234123871,-0.006772009029345309,-0.025794309753127402,-0.03552835875422406
2015-05-29,177.0,177.5,175.0,175.5,175.5,2308,-0.09289233306334085,-0.1107575553467976,-0.0915428047228249,-0.11039476742378662,-0.11039476742378662,0.011527377521613832,0.01621308627678061,0.010362694300518201,-0.006931673504031656,-0.02456647398843924,-0.0348304307974336
2015-06-01,175.5,176.0,171.5,171.5,171.5,2308,-0.11136421376292584,-0.12897383528208028,-0.13509718806046114,-0.15957698311014393,-0.15957698311014393,-0.012096774193548356,-0.0060851926977688285,-0.01019622931896891,-0.024875621890547265,-0.04147104851330197,-0.05327077008004419
2015-06-02,172.5,173.5,170.0,170.0,170.0,2308,-0.14830797516209582,-0.15933430184088473,-0.15376335234801952,-0.1780203139925279,-0.1780203139925279,-0.017341040462427744,-0.012489108335753736,-0.01620370370370377,-0.028987576752820158,-0.044084570400359895,-0.05799778352419654
2015-06-03,170.5,172.0,169.5,170.0,170.0,2308,-0.17293714942820915,-0.17755058177616742,-0.159985407110539,-0.1780203139925279,-0.1780203139925279,-0.015063731170336004,-0.011340505961035119,-0.015063731170336004,-0.024530196528475143,-0.03878774171661208,-0.05450500556173532
2015-06-04,169.0,170.0,165.0,167.0,167.0,2308,-0.19140903012779414,-0.201838955023211,-0.21598389997321413,-0.2149069757572959,-0.2149069757572959,-0.022248243559719036,-0.027090008738712527,-0.03019744483159111,-0.03690888119953867,-0.050704865848112714,-0.0671259659249605
2015-06-05,166.0,172.0,166.0,172.0,172.0,2308,-0.2283527915269641,-0.17755058177616742,-0.20353979044817522,-0.15342920614934927,-0.15342920614934927,0.011169900058788982,0.0011641443538998174,0.0009699321047526121,-0.004629629629629695,-0.019384264538198435,-0.03524352622230531
2015-06-08,170.5,171.5,170.0,170.0,170.0,2308,-0.17293714942820915,-0.18362267508792832,-0.15376335234801952,-0.1780203139925279,-0.1780203139925279,0.001177856301531146,-0.009900990099009835,-0.009516410953583177,-0.01392111368909516,-0.026680407649146896,-0.041713641488162374
2015-06-09,170.0,170.5,165.0,167.0,167.0,2308,-0.17909444299473748,-0.1957668617114501,-0.21598389997321413,-0.2149069757572959,-0.2149069757572959,-0.013002364066193787,-0.02396259497369956,-0.02434274586173315,-0.02850494473531126,-0.03967797584818865,-0.053287981859410465
2015-06-10,169.0,169.5,159.0,162.5,162.5,2308,-0.19140903012779414,-0.2079110483349719,-0.29064855712344767,-0.2702369684044479,-0.2702369684044479,-0.03100775193798443,-0.04496032912136354,-0.04710711493354182,-0.051787016776075855,-0.060476410730804855,-0.07319391634980994
2015-06-11,162.5,163.0,157.0,158.5,158.5,2308,-0.2714538464926624,-0.2868482613878635,-0.31553677617352555,-0.31941918409080516,-0.31941918409080516,-0.045180722891566265,-0.05878859857482188,-0.06636559984292173,-0.0711983592147671,-0.07805956258724982,-0.09047436878347367
2015-06-12,158.0,160.5,150.5,160.0,160.0,2308,-0.3268694885914174,-0.317208727946668,-0.39642348808627853,-0.3009758532084212,-0.3009758532084212,-0.02200488997555009,-0.041054839676355974,-0.05362776025236591,-0.05757620379914596,-0.06410856340664488,-0.0774553142417836
2015-06-15,161.0,162.0,158.5,160.5,160.5,2308,-0.2899257271922474,-0.2989924480113853,-0.29687061188596714,-0.2948280762476265,-0.2948280762476265,-0.007421150278293065,-0.03167420814479638,-0.04672342110473178,-0.051138043156961306,-0.05732409256431335,-0.06956521739130435
2015-06-16,163.0,164.0,161.0,164.0,164.0,2308,-0.2652965529261341,-0.2747040747643417,-0.26576033807336985,-0.2517936375220639,-0.2517936375220639,0.018001241464928652,-0.0069633666363911936,-0.022451818001192208,-0.027571894455973942,-0.033816425120773,-0.04521637880846117
2015-06-17,165.0,165.0,162.0,163.0,163.0,2308,-0.24066737866002078,-0.26255988814081993,-0.2533162285483309,-0.2640891914436532,-0.2640891914436532,0.011166253101737043,-0.008817269686834836,-0.024925224327018887,-0.030915576694411348,-0.03743947088697297,-0.04678362573099415
2015-06-18,161.5,162.0,160.0,160.0,160.0,2308,-0.2837684336257191,-0.2989924480113853,-0.27820444759840873,-0.3009758532084212,-0.3009758532084212,-0.009287925696594427,-0.022900763358778626,-0.03672486453943404,-0.04591532498509236,-0.05224499466887806,-0.05983743022230929
2015-06-22,160.0,167.0,160.0,166.0,166.0,2308,-0.30224031432530407,-0.23827151489377638,-0.27820444759840873,-0.22720252967888524,-0.22720252967888524,0.020282728948985935,0.017468587189702692,0.003223207091055589,-0.0088072846693536,-0.014017581373247882,-0.021130221130221186
2015-06-23,164.5,167.0,162.0,163.0,163.0,2308,-0.2468246722265491,-0.23827151489377638,-0.2533162285483309,-0.2640891914436532,-0.2640891914436532,-0.0012254901960783617,0.0033856571252693837,-0.011522134627046729,-0.02439024390243896,-0.029530840676351557,-0.03597831444061119
2015-06-24,163.0,165.0,162.0,165.0,165.0,2308,-0.2652965529261341,-0.26255988814081993,-0.2533162285483309,-0.23949808360047456,-0.23949808360047456,0.009791921664626647,0.01694915254237288,0.0026331780433461846,-0.010049497525123812,-0.015513126491646744,-0.02183578697757141
2015-06-25,165.0,168.0,164.5,166.0,166.0,2308,-0.24066737866002078,-0.22612732827025459,-0.2222059547357336,-0.22720252967888524,-0.22720252967888524,0.012195121951219513,0.020910209102091057,0.010346926354229997,-0.002253944402704733,-0.008126195028680769,-0.014544375185514923
2015-06-26,166.0,167.0,165.5,166.0,166.0,2308,-0.2283527915269641,-0.23827151489377638,-0.2097618452106947,-0.22720252967888524,-0.22720252967888524,0.004842615012106606,0.016222834404652622,0.010757052973411894,0.0007535795026375283,-0.007177033492822899,-0.013177449717626088
2015-06-29,162.5,164.0,157.5,158.0,158.0,2308,-0.2714538464926624,-0.2747040747643417,-0.3093147214110061,-0.3255669610515998,-0.3255669610515998,-0.03422982885085571,-0.03156604351823479,-0.032455603184323396,-0.04242424242424243,-0.05218956208758242,-0.057091704794111776
2015-06-30,154.0,159.0,153.5,158.0,158.0,2308,-0.37612783712364406,-0.3354250078819507,-0.3590911595111618,-0.3255669610515998,-0.3255669610515998,-0.028290282902828996,-0.030079803560466578,-0.027692307692307693,-0.03849079567929402,-0.04922373330123966,-0.054269752593774916
2015-07-01,157.0,158.0,155.5,157.0,157.0,2308,-0.33918407572447407,-0.34756919450547247,-0.3342029404610839,-0.33786251497318914,-0.33786251497318914,-0.024844720496894408,-0.032059186189888955,-0.029866117404737443,-0.04078203757446165,-0.051588739881599566,-0.057057057057057055
2015-07-02,157.5,161.0,156.5,160.5,160.5,2308,-0.33302678215794573,-0.3111366346349071,-0.32175883093604496,-0.2948280762476265,-0.2948280762476265,0.0037523452157598143,-0.008953380673047167,-0.007421150278293065,-0.016544117647058754,-0.027744124061061377,-0.03381157820808673
2015-07-03,159.5,159.5,156.0,157.0,157.0,2308,-0.3083976078918324,-0.3293529145701898,-0.32798088569856443,-0.33786251497318914,-0.33786251497318914,-0.006957621758380736,-0.02876585214970619,-0.02846534653465343,-0.03503380454824824,-0.044547224926971725,-0.05240921436475206
2015-07-06,155.5,157.5,154.5,155.5,155.5,2308,-0.35765595642405906,-0.35364128781723336,-0.34664704998612283,-0.3563058458555732,-0.3563058458555732,-0.013324873096446664,-0.03175591531755912,-0.0359578425294483,-0.039382239382239385,-0.04904598825831708,-0.05862173342750481
2015-07-07,155.5,157.5,155.0,156.0,156.0,2308,-0.35765595642405906,-0.35364128781723336,-0.34042499522360337,-0.3501580688947785,-0.3501580688947785,-0.0076335877862594706,-0.02439024390243906,-0.031055900621118012,-0.03210795718939048,-0.04235727440147333,-0.05272745673514829
2015-07-08,156.5,157.5,154.5,154.5,154.5,2308,-0.3453413692910024,-0.35364128781723336,-0.34664704998612283,-0.3686013997771625,-0.3686013997771625,-0.014039566049776572,-0.02738432483474973,-0.03658283101226361,-0.03768296480847095,-0.04794182893763865,-0.058309630231613147
2015-07-09,153.5,154.5,151.5,153.0,153.0,2308,-0.3822851306901724,-0.39007384768779874,-0.3839793785612396,-0.3870447306595465,-0.3870447306595465,-0.01417525773195869,-0.028879720723579885,-0.041953663118346834,-0.04419803217241911,-0.05321782178217818,-0.06383846624515604
2015-07-13,153.5,155.0,153.0,153.5,153.5,2308,-0.3822851306901724,-0.38400175437603784,-0.3653132142736812,-0.3808969536987518,-0.3808969536987518,-0.006472491909385114,-0.017914267434421056,-0.036207618250314016,-0.039574534647270385,-0.04693902893331679,-0.056449134310009245
2015-07-14,154.0,155.0,153.0,153.0,153.0,2308,-0.37612783712364406,-0.38400175437603784,-0.3653132142736812,-0.3870447306595465,-0.3870447306595465,-0.006493506493506494,-0.017971758664955144,-0.03409090909090912,-0.04060197523122743,-0.045539613225202814,-0.05516673528200908
2015-07-15,156.0,159.0,154.5,158.0,158.0,2308,-0.35149866285753073,-0.3354250078819507,-0.34664704998612283,-0.3255669610515998,-0.3255669610515998,0.023316062176165765,0.014120667522464624,-0.00042176296921127927,-0.008471917163476589,-0.01138781128769862,-0.021570853545257427
2015-07-16,160.0,162.5,159.5,160.0,160.0,2308,-0.30224031432530407,-0.2929203546996244,-0.2844265023609282,-0.3009758532084212,-0.3009758532084212,0.028938906752411574,0.024983984625240267,0.014370245139475993,0.005340873389883722,0.0028832894571894697,-0.00713620850139625
2015-07-17,162.0,162.0,160.0,161.5,161.5,2308,-0.27761114005919074,-0.2989924480113853,-0.27820444759840873,-0.2825325223260372,-0.2825325223260372,0.0273536895674301,0.033930857874519924,0.025831039593478697,0.015244381581015317,0.012539184952978056,0.003937007874015701
2015-07-20,163.5,166.0,160.0,161.0,161.0,2308,-0.25913925935960574,-0.25041570151729814,-0.27820444759840873,-0.28868029928683187,-0.28868029928683187,0.014492753623188479,0.02809706257982124,0.02482495225970723,0.01178318931657502,0.00877192982456144,0.002074688796680557
2015-07-21,162.0,162.0,159.0,162.0,162.0,2308,-0.27761114005919074,-0.2989924480113853,-0.29064855712344767,-0.27638474536524255,-0.27638474536524255,0.009345794392523364,0.030206677265500796,0.029442914636729458,0.01934874941009903,0.014529058116232422,0.010395010395010335
2015-07-22,160.0,161.0,159.5,160.5,160.5,2308,-0.30224031432530407,-0.3111366346349071,-0.2844265023609282,-0.2948280762476265,-0.2948280762476265,-0.003105590062111801,0.01775523145212436,0.018831993228946266,0.010705289672544008,0.005135270541082122,0.003020518695969087
2015-07-23,160.5,162.0,159.0,161.0,161.0,2308,-0.29608302075877574,-0.2989924480113853,-0.29064855712344767,-0.28868029928683187,-0.28868029928683187,-0.0012406947890818154,0.016735080517840263,0.02027883396704682,0.015132408575031562,0.009024818250188003,0.007404317447074797
2015-07-24,162.0,162.0,157.0,158.0,158.0,2308,-0.27761114005919074,-0.2989924480113853,-0.31553677617352555,-0.3255669610515998,-0.3255669610515998,-0.01557632398753894,-0.005350960025180953,0.002326073165574165,-0.0012642225031604846,-0.008534136546184824,-0.010438413361169043
2015-07-27,157.5,160.5,156.5,158.5,158.5,2308,-0.33302678215794573,-0.317208727946668,-0.32175883093604496,-0.31941918409080516,-0.31941918409080516,-0.009375,-0.005334170065892653,0.004860524091293407,0.004276888959290425,-0.0050219711236661095,-0.007306889352818312
2015-07-28,160.0,165.0,156.5,162.5,162.5,2308,-0.30224031432530407,-0.26255988814081993,-0.32175883093604496,-0.2702369684044479,-0.2702369684044479,0.014990630855715214,0.013724266999376098,0.027180783817952033,0.028155646947168544,0.02098517215380751,0.017214397496087636
2015-07-29,161.0,164.5,157.0,157.0,157.0,2308,-0.2899257271922474,-0.2686319814525808,-0.31553677617352555,-0.33786251497318914,-0.33786251497318914,-0.015056461731493134,-0.019975031210986198,-0.008003369839932686,-0.006329113924050633,-0.012081550465643014,-0.01649613698058045
2015-07-30,155.0,162.0,153.5,158.0,158.0,2308,-0.3638132499905874,-0.2989924480113853,-0.3590911595111618,-0.3255669610515998,-0.3255669610515998,-0.0050377833753149324,-0.0125,-0.0031545741324921135,-0.0003163555836761238,-0.004034291477559168,-0.008990173531256557
2015-07-31,156.5,158.0,154.0,155.5,155.5,2308,-0.3453413692910024,-0.34756919450547247,-0.3528691047486423,-0.3563058458555732,-0.3563058458555732,-0.017687934301958377,-0.02446675031367632,-0.019957983193277254,-0.014575411913815027,-0.017191252686133224,-0.023138938331064833
2015-08-03,154.0,155.0,151.5,152.0,152.0,2308,-0.37612783712364406,-0.38400175437603784,-0.3839793785612396,-0.3993402845811358,-0.3993402845811358,-0.03184713375796178,-0.04100946372239748,-0.041412655034685705,-0.03522691209139962,-0.035900038056577425,-0.04352385946512842
2015-08-04,154.0,154.0,139.5,154.0,154.0,2308,-0.37612783712364406,-0.39614594099955963,-0.5333086928617067,-0.37474917673795716,-0.37474917673795716,-0.008370895041854547,-0.023462270133164164,-0.029207816768228572,-0.022066994761073152,-0.022222222222222223,-0.028493323520134662
2015-08-05,154.0,156.5,151.5,155.5,155.5,2308,-0.37612783712364406,-0.36578547444075515,-0.3839793785612396,-0.3563058458555732,-0.3563058458555732,0.0032258064516129032,-0.010814249363867613,-0.01872107698779976,-0.01238488409018729,-0.012071156289707787,-0.01748104465037919
2015-08-06,155.5,156.5,150.0,156.0,156.0,2308,-0.35765595642405906,-0.36578547444075515,-0.402645542848798,-0.3501580688947785,-0.3501580688947785,0.009055627425614526,-0.004467134652201587,-0.013906447534766048,-0.009681003015394417,-0.008642602948652857,-0.012449883941759877
2015-08-07,153.0,157.0,152.5,154.0,154.0,2308,-0.3884424242567007,-0.35971338112899426,-0.37153526903620065,-0.37474917673795716,-0.37474917673795716,-0.0019442644199611882,-0.014715291106845881,-0.023462270133164164,-0.02268760907504356,-0.01973265436028004,-0.022635921303152083
2015-08-10,153.0,156.5,152.5,155.5,155.5,2308,-0.3884424242567007,-0.36578547444075515,-0.37153526903620065,-0.3563058458555732,-0.3563058458555732,0.0032258064516129032,-0.003205128205128205,-0.011652542372881415,-0.013794196924052711,-0.009806418746816047,-0.010919113749602471
2015-08-11,162.0,162.5,159.0,160.5,160.5,2308,-0.27761114005919074,-0.2929203546996244,-0.29064855712344767,-0.2948280762476265,-0.2948280762476265,0.026871401151631405,0.030166880616174507,0.0207759168963325,0.01550142360012647,0.020732638005596483,0.020343293070565725
2015-08-12,160.0,160.5,156.0,157.0,157.0,2308,-0.30224031432530407,-0.317208727946668,-0.32798088569856443,-0.33786251497318914,-0.33786251497318914,0.0025542784163474185,0.007702182284980671,0.0,-0.006329113924050633,-0.0017802644964394782,-0.001695633743111572
2015-08-13,155.5,162.5,155.5,162.0,162.0,2308,-0.35765595642405906,-0.2929203546996244,-0.3342029404610839,-0.27638474536524255,-0.27638474536524255,0.026615969581748975,0.03713188220230481,0.031409168081494084,0.02466793168880459,0.02804924482802378,0.029006987084480178
2015-08-14,159.5,164.0,159.0,163.0,163.0,2308,-0.3083976078918324,-0.2747040747643417,-0.29064855712344767,-0.2640891914436532,-0.2640891914436532,0.021303258145363446,0.03854730805989176,0.03557814485387544,0.030504188398925165,0.031776174199265796,0.0348111310972383
2015-08-17,162.0,162.0,159.0,159.0,159.0,2308,-0.27761114005919074,-0.2989924480113853,-0.29064855712344767,-0.3132714071300105,-0.3132714071300105,-0.00810979413599508,0.008563273073263522,0.009951302138471287,0.005851652696504896,0.0050568900126422974,0.00898995240613426
2015-08-18,160.0,160.5,156.0,156.0,156.0,2308,-0.30224031432530407,-0.317208727946668,-0.32798088569856443,-0.3501580688947785,-0.3501580688947785,-0.021329987452948593,-0.011719987329743392,-0.006369426751592357,-0.01125019806686741,-0.01465386558868111,-0.010152284263959355
2015-08-19,154.0,156.0,151.0,153.0,153.0,2308,-0.37612783712364406,-0.37185756775251605,-0.39020143332375906,-0.3870447306595465,-0.3870447306595465,-0.035308953341740196,-0.029187817258883215,-0.023819651212250024,-0.027954256670902195,-0.032380470528712395,-0.02857142857142857
2015-08-20,150.5,151.5,148.0,150.0,150.0,2308,-0.4192288920893424,-0.42650640755836405,-0.4275337618988758,-0.42393139242431443,-0.42393139242431443,-0.03969270166453258,-0.044585987261146494,-0.03969270166453258,-0.04367229837424287,-0.04894750190210499,-0.046711153479504254
2015-08-21,147.0,147.0,141.5,142.5,142.5,2308,-0.46232994705504066,-0.4811552473642121,-0.5084204738116288,-0.5161480468362344,-0.5161480468362344,-0.06311637080867846,-0.08565928777670834,-0.08261802575107302,-0.08697741470446894,-0.09212538226299699,-0.09235668789808917
2015-08-24,136.0,144.5,128.5,140.0,140.0,2308,-0.5977904055186639,-0.5115157139230166,-0.6701938976371348,-0.5468869316402077,-0.5468869316402077,-0.05596763317599468,-0.09267660401814654,-0.09404659188955995,-0.09764743796326139,-0.10325390725083272,-0.10571702331523482
2015-08-25,140.0,147.0,139.0,145.0,145.0,2308,-0.5485320569864373,-0.4811552473642121,-0.5395307476242261,-0.4854091620322611,-0.4854091620322611,-0.0075290896646132395,-0.05073649754500818,-0.0580337808575141,-0.060119915734889035,-0.0671641791044776,-0.07219793110803027
2015-08-26,145.0,145.5,142.0,144.0,144.0,2308,-0.486959121321154,-0.4993715272994948,-0.5021984190491093,-0.4977047159538504,-0.4977047159538504,-0.0020790020790021576,-0.04919115219544397,-0.05984766050054401,-0.06265256305939788,-0.06964724124563898,-0.07583698791314576
2015-08-27,145.0,146.5,143.0,146.5,146.5,2308,-0.486959121321154,-0.487227340675973,-0.48975430952407045,-0.4669658311498771,-0.4669658311498771,0.02019498607242344,-0.02268178785857242,-0.039554195804195794,-0.0427964717412611,-0.04993514915693897,-0.05706929843381253
2015-08-28,151.5,151.5,148.5,149.0,149.0,2308,-0.4069143049562857,-0.42650640755836405,-0.42131170713635635,-0.4362269463459038,-0.4362269463459038,0.028295376121463038,0.003367003367003367,-0.021024967148488758,-0.024390243902438987,-0.03146125845033804,-0.03839948370442071
2015-08-31,151.5,163.0,149.0,163.0,163.0,2308,-0.4069143049562857,-0.2868482613878635,-0.4150896523738369,-0.2640891914436532,-0.2640891914436532,0.0903010033444816,0.09469442578912017,0.06745252128356262,0.06344805088892509,0.05830411634852609,0.05149983872701851
2015-09-01,157.0,159.5,155.5,156.0,156.0,2308,-0.33918407572447407,-0.3293529145701898,-0.3342029404610839,-0.3501580688947785,-0.3501580688947785,0.028345418589321107,0.0476830087306917,0.02362204724409445,0.017114914425427872,0.014568158168574461,0.007643449241037811
2015-09-02,153.5,157.5,152.0,156.5,156.5,2308,-0.3822851306901724,-0.35364128781723336,-0.3777573237987201,-0.34401029193398386,-0.34401029193398386,0.014915693904020828,0.048576214405360134,0.02712754320717562,0.020042365976861584,0.01795238714713146,0.011744424092231415
2015-09-03,158.5,158.5,156.0,158.5,158.5,2308,-0.32071219502488907,-0.34149710119371157,-0.32798088569856443,-0.31941918409080516,-0.31941918409080516,0.0121328224776501,0.055962691538974055,0.04184925503943914,0.0322370563334418,0.030827263267429822,0.0252263906856404
2015-09-04,158.5,160.0,155.5,155.5,155.5,2308,-0.32071219502488907,-0.3232808212584289,-0.3342029404610839,-0.3563058458555732,-0.3563058458555732,-0.015199493350221695,0.027080581241743687,0.025500109914266923,0.012205044751830757,0.011316337148803389,0.006363930536080164
2015-09-07,154.5,161.5,154.5,159.0,159.0,2308,-0.3699705435571157,-0.3050645413231462,-0.34664704998612283,-0.3132714071300105,-0.3132714071300105,0.012094207511139439,0.0371819960861056,0.048582105957353315,0.0338101430429128,0.032199428719813086,0.028904227782571193
2015-09-08,160.0,161.5,158.5,159.0,159.0,2308,-0.30224031432530407,-0.3050645413231462,-0.29687061188596714,-0.3132714071300105,-0.3132714071300105,0.008243500317057777,0.027795733678086694,0.0472008781558726,0.03431452268661575,0.030860995850622346,0.029681597409606107
2015-09-09,163.0,174.0,163.0,173.0,173.0,2308,-0.2652965529261341,-0.15326220852912384,-0.24087211902329198,-0.14113365222775995,-0.14113365222775995,0.07453416149068323,0.09771573604060918,0.12948857453754087,0.1195599417569972,0.11656124951594167,0.11648919006131019
2015-09-10,172.0,172.0,168.0,169.5,169.5,2308,-0.15446526872862415,-0.17755058177616742,-0.17865157139809737,-0.1841680909533226,-0.1841680909533226,0.03860294117647066,0.060037523452157564,0.09732412602503236,0.09425435765009679,0.09017236943658355,0.09120171673819735
2015-09-11,171.0,171.5,168.5,170.5,170.5,2308,-0.16677985586168081,-0.18362267508792832,-0.1724295166355779,-0.17187253703173325,-0.17187253703173325,0.025872442839951937,0.052144399876581225,0.09061833688699354,0.09805184350346156,0.0919687459971821,0.09411764705882346
2015-09-14,171.0,171.0,168.5,171.0,171.0,2308,-0.16677985586168081,-0.1896947683996892,-0.1724295166355779,-0.1657247600709386,-0.1657247600709386,0.014234875444839892,0.05004605465151984,0.0795454545454545,0.09703287890938252,0.09083949987241649,0.09288453344695355
2015-09-15,159.0,162.5,157.0,158.0,158.0,2308,-0.31455490145836074,-0.2929203546996244,-0.31553677617352555,-0.3255669610515998,-0.3255669610515998,-0.0617577197149644,-0.03097209444955542,-0.007953118459606612,0.012982849815675625,0.008553555470445572,0.008939974457215873
2015-09-16,159.5,161.5,159.0,160.0,160.0,2308,-0.3083976078918324,-0.3050645413231462,-0.29064855712344767,-0.3009758532084212,-0.3009758532084212,-0.03498190591073589,-0.020807833537331736,-0.002079002079002138,0.023508715816408197,0.020538333971169786,0.02073365231259968
2015-09-17,164.5,165.5,162.0,162.0,162.0,2308,-0.2468246722265491,-0.25648779482905903,-0.2533162285483309,-0.27638474536524255,-0.27638474536524255,-0.01399878271454663,-0.010687022900763359,0.003924808923776032,0.03234028994742704,0.033295063145809406,0.03217585218222371
2015-09-18,161.0,162.0,160.0,160.0,160.0,2308,-0.2899257271922474,-0.2989924480113853,-0.27820444759840873,-0.3009758532084212,-0.3009758532084212,-0.013563501849568366,-0.025578562728379956,-0.012954966070326925,0.013941698352344668,0.021320056172603113,0.018135539293668432
2015-09-21,158.0,159.0,157.0,158.0,158.0,2308,-0.3268694885914174,-0.3354250078819507,-0.31553677617352555,-0.3255669610515998,-0.3255669610515998,-0.010025062656641569,-0.03717245581962215,-0.023284566247681927,-0.004410838059231183,0.008811135231771136,0.004875980496078101
2015-09-22,160.0,163.0,159.5,162.0,162.0,2308,-0.30224031432530407,-0.2868482613878635,-0.2844265023609282,-0.27638474536524255,-0.27638474536524255,0.009975062344139616,-0.014598540145985436,-0.0010277492291880198,0.015355687872140323,0.032768073441285135,0.029988343753311445
2015-09-23,160.5,161.0,157.0,157.0,157.0,2308,-0.29608302075877574,-0.3111366346349071,-0.31553677617352555,-0.33786251497318914,-0.33786251497318914,-0.017521902377972534,-0.03562653562653569,-0.032059186189888955,-0.019975031210986198,-0.00012737230926003202,-0.0018014199427784133
2015-09-24,157.5,158.0,152.5,153.5,153.5,2308,-0.33302678215794573,-0.34756919450547247,-0.37153526903620065,-0.3808969536987518,-0.3808969536987518,-0.029095509171410464,-0.047766749379652536,-0.051688632619439914,-0.04391155403301159,-0.023288368541613622,-0.022292993630573247
2015-09-25,154.0,155.5,151.0,153.0,153.0,2308,-0.37612783712364406,-0.37792966106427694,-0.39020143332375906,-0.3870447306595465,-0.3870447306595465,-0.023611997447351558,-0.040451552210724294,-0.053803339517625164,-0.04821150855365474,-0.02906460210686643,-0.023404255319148876
2015-09-30,149.5,158.0,149.0,154.0,154.0,2308,-0.431543479222399,-0.34756919450547247,-0.4150896523738369,-0.37474917673795716,-0.37474917673795716,-0.012187299550994263,-0.02377179080824089,-0.0456517248502376,-0.03930131004366819,-0.026179334766662368,-0.01597444089456869
2015-10-01,153.5,159.0,153.5,158.5,158.5,2308,-0.3822851306901724,-0.3354250078819507,-0.3590911595111618,-0.31941918409080516,-0.31941918409080516,0.021262886597938218,0.004435994930291436,-0.017561983471074436,-0.011999376655758212,-0.001134358457272541,0.012240553485896692
2015-10-02,157.5,159.5,155.0,159.0,159.0,2308,-0.33302678215794573,-0.3293529145701898,-0.34042499522360337,-0.3132714071300105,-0.3132714071300105,0.02185089974293063,0.008243500317057777,-0.00872817955112223,-0.009654313298038064,-0.0017579105976896104,0.014138407568831734
2015-10-05,160.0,161.0,158.0,159.5,159.5,2308,-0.30224031432530407,-0.3111366346349071,-0.3030926666484866,-0.30712363016921584,-0.30712363016921584,0.017219387755101966,0.013020006351222684,-0.0014607679465775466,-0.006849315068493116,-0.0018773466833542638,0.015276893698281386
2015-10-06,161.5,162.5,160.5,162.0,162.0,2308,-0.2837684336257191,-0.2929203546996244,-0.27198239283588926,-0.27638474536524255,-0.27638474536524255,0.02143757881462803,0.027592768791626986,0.017801047120418908,0.0066801304955724,0.010479041916167707,0.02694136291600634
2015-10-07,163.0,164.0,162.0,164.0,164.0,2308,-0.2652965529261341,-0.2747040747643417,-0.2533162285483309,-0.2517936375220639,-0.2517936375220639,0.021170610211706138,0.036334913112164295,0.03339634530560814,0.01752753218551257,0.02269892741331994,0.03437401450646476
2015-10-08,165.0,168.0,164.5,167.5,167.5,2308,-0.24066737866002078,-0.22612732827025459,-0.2222059547357336,-0.20875919879650123,-0.20875919879650123,0.03140394088669947,0.05478589420654904,0.05125523012552295,0.03650990099009905,0.0415371222484766,0.051475204017576826
2015-10-12,169.0,169.0,166.0,167.0,167.0,2308,-0.19140903012779414,-0.2139831416467328,-0.20353979044817522,-0.2149069757572959,-0.2149069757572959,0.018292682926829267,0.04505632040050055,0.04505632040050055,0.0353378797272163,0.035723145621433826,0.04331528529779261
2015-10-13,167.0,167.0,161.5,163.0,163.0,2308,-0.21603820439390745,-0.23827151489377638,-0.2595382833108504,-0.2640891914436532,-0.2640891914436532,-0.01032179720704304,0.013996889580093312,0.019599666388657167,0.01257959310451937,0.009788130343204143,0.014838642731140349
2015-10-14,161.0,165.0,161.0,164.0,164.0,2308,-0.2899257271922474,-0.26255988814081993,-0.26576033807336985,-0.2517936375220639,-0.2517936375220639,-0.00666262870987277,0.013283904850169946,0.02414654454621154,0.020852785558667875,0.013847675568743875,0.017895934622943987
2015-10-15,163.0,164.0,160.0,160.0,160.0,2308,-0.2652965529261341,-0.2747040747643417,-0.27820444759840873,-0.3009758532084212,-0.3009758532084212,-0.026171637248934943,-0.015081563558017782,-0.0016638935108153905,-0.0006246096189880969,-0.011124845488257177,-0.006314046164993353
2015-10-16,160.0,164.5,160.0,164.5,164.5,2308,-0.30224031432530407,-0.2686319814525808,-0.27820444759840873,-0.24564586056126922,-0.24564586056126922,0.004886988393402635,0.008892977614228694,0.02534801579056719,0.025401277855695736,0.01530675225280823,0.019838809671419644
2015-10-19,165.5,166.0,163.5,164.5,164.5,2308,-0.23451008509349244,-0.25041570151729814,-0.2346500642607725,-0.24564586056126922,-0.24564586056126922,0.007965686274509875,0.0055012224938875654,0.022162386081193017,0.0239651416122004,0.017441860465116237,0.01815556014029299
2015-10-20,164.0,165.5,163.0,164.0,164.0,2308,-0.25298196579307747,-0.25648779482905903,-0.24087211902329198,-0.2517936375220639,-0.2517936375220639,0.003671970624234971,-0.00030478512648589675,0.014642194266859193,0.02021772939346812,0.01573145051405916,0.013910355486862442
2015-10-21,165.0,166.0,164.0,164.5,164.5,2308,-0.24066737866002078,-0.25041570151729814,-0.22842800949825307,-0.24564586056126922,-0.24564586056126922,0.0061162079510703364,0.001217285453438762,0.012931034482758586,0.021897810218978138,0.020344870363478484,0.015118790496760189
2015-10-22,164.5,166.0,163.0,163.0,163.0,2308,-0.2468246722265491,-0.25041570151729814,-0.24087211902329198,-0.2640891914436532,-0.2640891914436532,-0.0067032297379646215,-0.007308160779537081,0.0,0.01100945883082652,0.013051584835301394,0.005035453704655202
2015-10-23,167.5,170.0,166.5,168.0,168.0,2308,-0.20988091082737914,-0.201838955023211,-0.19731773568565575,-0.20261142183570657,-0.20261142183570657,0.01941747572815527,0.0228310502283105,0.026685679364432724,0.040086673889490755,0.041537507749534956,0.03395220022566425
2015-10-26,169.0,169.5,168.0,169.0,169.0,2308,-0.19140903012779414,-0.2079110483349719,-0.17865157139809737,-0.19031586791411725,-0.19031586791411725,0.01991550995775505,0.027667984189723393,0.028606208155812468,0.04240555127216654,0.04540393418285292,0.04096088697259012
2015-10-27,170.0,171.5,165.5,165.5,165.5,2308,-0.17909444299473748,-0.18362267508792832,-0.2097618452106947,-0.2333503066396799,-0.2333503066396799,-0.0030120481927710845,0.0048573163327262385,0.0048573163327262385,0.01705331080043021,0.022867737948083982,0.020240419192438085
2015-10-28,167.5,170.5,167.5,170.0,170.0,2308,-0.20988091082737914,-0.1957668617114501,-0.18487362616061684,-0.1780203139925279,-0.1780203139925279,0.017354877318970712,0.028433151845129997,0.02884809360500311,0.039278618370778,0.04808877928483361,0.04808877928483361
2015-10-29,172.0,172.5,166.0,167.0,167.0,2308,-0.15446526872862415,-0.17147848846440653,-0.20353979044817522,-0.2149069757572959,-0.2149069757572959,-0.0053603335318642385,0.006024096385542169,0.0094700785815031,0.01689754909423051,0.027312992125984238,0.030440148087206936
2015-10-30,169.0,169.0,165.0,166.0,166.0,2308,-0.19140903012779414,-0.2139831416467328,-0.21598389997321413,-0.22720252967888524,-0.22720252967888524,-0.008955223880597015,-0.0009027986758953096,0.004032258064516072,0.008505467800729074,0.020157325467059988,0.022587268993839775
2015-11-02,167.5,167.5,165.0,166.0,166.0,2308,-0.20988091082737914,-0.23219942158201548,-0.21598389997321413,-0.22720252967888524,-0.22720252967888524,-0.00539245056920315,-0.0018039687312087272,0.004437273093989431,0.006365565322825168,0.017905322541084054,0.021328958162428233
2015-11-03,168.0,168.5,166.5,166.5,166.5,2308,-0.2037236172608508,-0.2200552349584937,-0.19731773568565575,-0.22105475271809055,-0.22105475271809055,-0.003590664272890451,-0.00030021014710304033,0.006042296072507553,0.007259528130671437,0.01772616136919319,0.02346071099272613
2015-11-04,168.5,170.5,168.0,170.0,170.0,2308,-0.19756632369432248,-0.1957668617114501,-0.17865157139809737,-0.1780203139925279,-0.1780203139925279,0.017354877318970712,0.017354877318970712,0.024713682941531007,0.025950512975256558,0.03481860238616995,0.04283815560781098
2015-11-05,170.0,171.0,169.5,170.0,170.0,2308,-0.17909444299473748,-0.1896947683996892,-0.159985407110539,-0.1780203139925279,-0.1780203139925279,0.013714967203339364,0.013110846245530324,0.020612367420452294,0.024096385542168676,0.0308028134853263,0.04028556858745544
2015-11-06,172.0,172.0,167.0,167.0,167.0,2308,-0.15446526872862415,-0.17755058177616742,-0.19109568092313628,-0.2149069757572959,-0.2149069757572959,-0.0053603335318642385,-0.004174120453190153,0.0015993602558977205,0.006175628859768072,0.010528863608858824,0.02088639836984202
2015-11-09,168.0,170.0,166.5,170.0,170.0,2308,-0.2037236172608508,-0.201838955023211,-0.19731773568565575,-0.1780203139925279,-0.1780203139925279,0.00770598695909906,0.013110846245530324,0.017354877318970712,0.023325808878856283,0.025950512975256558,0.03648003251702055
2015-11-10,167.0,167.0,162.5,164.5,164.5,2308,-0.21603820439390745,-0.23827151489377638,-0.24709417378581144,-0.24564586056126922,-0.24564586056126922,-0.022578728461081467,-0.019081693500298084,-0.0157558835261268,-0.010228640192539043,-0.008438818565400878,0.000709723207948946
2015-11-11,163.0,163.0,158.5,158.5,158.5,2308,-0.2652965529261341,-0.2868482613878635,-0.29687061188596714,-0.31941918409080516,-0.31941918409080516,-0.045180722891566265,-0.04833383368357857,-0.049380247900839586,-0.044749133644719066,-0.043798262548262495,-0.03686449260684624
2015-11-12,159.0,160.5,156.5,159.0,159.0,2308,-0.31455490145836074,-0.317208727946668,-0.32175883093604496,-0.3132714071300105,-0.3132714071300105,-0.02930402930402937,-0.04072398190045249,-0.04485382458950742,-0.04144687264506405,-0.03962309736651366,-0.03480372318899223
2015-11-13,158.0,162.5,157.5,159.5,159.5,2308,-0.3268694885914174,-0.2929203546996244,-0.3093147214110061,-0.30712363016921584,-0.30712363016921584,-0.01725200246457185,-0.033918837068443335,-0.03857745629897532,-0.0369811320754717,-0.03473735173081584,-0.03196439409265636
2015-11-16,158.0,161.5,157.5,160.0,160.0,2308,-0.3268694885914174,-0.3050645413231462,-0.3093147214110061,-0.3009758532084212,-0.3009758532084212,-0.0018714909544604575,-0.02735562310030395,-0.03206291591046589,-0.03264812575574368,-0.030067895247332735,-0.029126213592233077
2015-11-17,163.0,164.0,159.5,160.5,160.5,2308,-0.2652965529261341,-0.2747040747643417,-0.2844265023609282,-0.2948280762476265,-0.2948280762476265,0.006269592476489028,-0.020744356314826146,-0.02707617700545566,-0.02859736722650927,-0.026446682033240406,-0.026289180990899955
2015-11-18,160.0,160.5,157.0,157.0,157.0,2308,-0.30224031432530407,-0.317208727946668,-0.31553677617352555,-0.33786251497318914,-0.33786251497318914,-0.013819095477386864,-0.034440344403444,-0.04326630103595366,-0.04761904761904759,-0.046056628995017695,-0.04655870445344124
2015-11-19,158.0,160.5,157.5,159.0,159.0,2308,-0.3268694885914174,-0.317208727946668,-0.3093147214110061,-0.3132714071300105,-0.3132714071300105,-0.0012562814070351046,-0.015479876160990712,-0.02791929896066841,-0.034315214090495025,-0.033669624407438876,-0.03343465045592705
2015-11-20,157.5,159.0,155.5,159.0,159.0,2308,-0.33302678215794573,-0.3354250078819507,-0.3342029404610839,-0.3132714071300105,-0.3132714071300105,-0.0006285355122564068,-0.01057871810827622,-0.025137952176578753,-0.03166869671132758,-0.03237585199610512,-0.03176697452552523
2015-11-23,159.5,159.5,157.0,158.5,158.5,2308,-0.3083976078918324,-0.3293529145701898,-0.31553677617352555,-0.31941918409080516,-0.31941918409080516,-0.0018891687657431446,-0.00658100908806024,-0.025215252152521492,-0.03161753474873995,-0.034007801072647566,-0.033143554290361955
2015-11-24,159.5,162.0,159.0,160.5,160.5,2308,-0.3083976078918324,-0.2989924480113853,-0.29064855712344767,-0.2948280762476265,-0.2948280762476265,0.010705289672544008,0.008482563619227107,-0.010480887792848266,-0.017898118402937195,-0.020983286568256664,-0.020445529447665513
2015-11-25,159.0,159.5,158.0,158.5,158.5,2308,-0.31455490145836074,-0.3293529145701898,-0.3030926666484866,-0.31941918409080516,-0.31941918409080516,-0.0037712130735386195,-0.0040841972981464384,-0.018170555440842475,-0.026711697881485995,-0.03176542455711661,-0.03156822810590626
2015-11-26,159.5,162.0,159.0,161.0,161.0,2308,-0.3083976078918324,-0.2989924480113853,-0.29064855712344767,-0.28868029928683187,-0.28868029928683187,0.009404388714733543,0.01035456542202702,0.0010362694300517544,-0.009535527529990841,-0.016012712382349373,-0.01649358582773359
2015-11-27,160.0,161.0,157.0,158.5,158.5,2308,-0.30224031432530407,-0.3111366346349071,-0.31553677617352555,-0.31941918409080516,-0.31941918409080516,-0.005646173149309947,-0.004709576138147566,-0.011023294509151496,-0.022660706027439564,-0.029037000735113998,-0.03058103975535168
2015-11-30,155.0,156.5,152.0,156.5,156.5,2308,-0.3638132499905874,-0.36578547444075515,-0.3777573237987201,-0.34401029193398386,-0.34401029193398386,-0.015723270440251572,-0.015103838892385183,-0.017987868646726673,-0.032158317872603516,-0.0383433697923068,-0.0412497447416785
2015-12-01,158.0,158.0,155.5,156.0,156.0,2308,-0.3268694885914174,-0.34756919450547247,-0.3342029404610839,-0.3501580688947785,-0.3501580688947785,-0.013282732447817802,-0.015462290943515233,-0.017632241813602085,-0.03210795718939048,-0.0391722099039173,-0.04274902843117203
2015-12-02,156.5,158.5,156.0,157.5,157.5,2308,-0.3453413692910024,-0.34149710119371157,-0.32798088569856443,-0.3317147380123945,-0.3317147380123945,-0.002533248891703646,-0.006309148264984227,-0.007769844603107855,-0.018997197134849025,-0.026936859013962765,-0.03215895124948784
2015-12-03,157.5,161.0,156.0,160.0,160.0,2308,-0.33302678215794573,-0.3111366346349071,-0.32798088569856443,-0.3009758532084212,-0.3009758532084212,0.014584654407102165,0.008827238335435092,0.00755667506297222,-0.00031240237425811537,-0.009778437925485904,-0.01619184259069477
2015-12-04,159.5,160.5,157.5,160.0,160.0,2308,-0.3083976078918324,-0.317208727946668,-0.3093147214110061,-0.3009758532084212,-0.3009758532084212,0.012658227848101266,0.008191556395715258,0.007345225603357757,0.0018785222291797833,-0.008305441923887463,-0.01457606241018276
2015-12-07,162.0,164.0,161.0,161.5,161.5,2308,-0.27761114005919074,-0.2747040747643417,-0.26576033807336985,-0.2825325223260372,-0.2825325223260372,0.015723270440251572,0.015723270440251572,0.01614932885906038,0.01396954952126821,0.002109704641350232,-0.003803844967615961
2015-12-08,160.0,160.5,157.0,157.5,157.5,2308,-0.30224031432530407,-0.317208727946668,-0.31553677617352555,-0.3317147380123945,-0.3317147380123945,-0.011299435028248659,-0.007561436672967793,-0.007769844603107855,-0.008966493629070387,-0.020522388059701562,-0.02687673772011118
2015-12-09,156.0,158.5,155.5,155.5,155.5,2308,-0.35149866285753073,-0.34149710119371157,-0.3342029404610839,-0.3563058458555732,-0.3563058458555732,-0.021397105097545662,-0.018308080808080843,-0.019752048749737294,-0.020626672964887453,-0.029459493196854317,-0.03635612476761004
2015-12-10,153.5,159.5,153.0,159.0,159.0,2308,-0.3822851306901724,-0.3293529145701898,-0.3653132142736812,-0.3132714071300105,-0.3132714071300105,0.0018903591682420378,0.0050568900126422974,0.0023114099600756942,0.0014170996693433746,-0.004881712354487427,-0.013035381750465515
2015-12-11,157.5,160.5,155.0,155.0,155.0,2308,-0.33302678215794573,-0.317208727946668,-0.34042499522360337,-0.36245362281636784,-0.36245362281636784,-0.017121116043119777,-0.018055115616091192,-0.02125868238265633,-0.02239041311889001,-0.02699309478970503,-0.035669846536706684
2015-12-14,153.5,155.0,153.5,154.5,154.5,2308,-0.3822851306901724,-0.38400175437603784,-0.3590911595111618,-0.3686013997771625,-0.3686013997771625,-0.011516314779270705,-0.019980970504281673,-0.0227703984819734,-0.023850892434054687,-0.026342324174439165,-0.036482694106641685
2015-12-15,154.5,156.5,153.5,155.0,155.0,2308,-0.3699705435571157,-0.36578547444075515,-0.3590911595111618,-0.36245362281636784,-0.36245362281636784,-0.0051347881899872355,-0.016185337987940408,-0.01732882502113263,-0.0189873417721519,-0.020846493998736646,-0.031048135028130874
2015-12-16,157.5,158.0,156.0,157.5,157.5,2308,-0.33302678215794573,-0.34756919450547247,-0.32798088569856443,-0.3317147380123945,-0.3317147380123945,0.00832266325224079,-0.0003173595683910591,-0.0010570824524312296,-0.0033222591362126602,-0.004802224188044932,-0.012848636790974687
2015-12-17,159.0,159.0,155.5,158.5,158.5,2308,-0.31455490145836074,-0.3354250078819507,-0.3342029404610839,-0.31941918409080516,-0.31941918409080516,0.01537475976937864,0.006988564167725504,0.006349206349206349,0.0031645569620253164,0.001643073811931186,-0.004188481675392611
2015-12-18,156.0,158.0,156.0,158.0,158.0,2308,-0.35149866285753073,-0.34756919450547247,-0.32798088569856443,-0.3255669610515998,-0.3255669610515998,0.008296107211231725,0.0050890585241731,0.0033869602032176,0.00031655587211149966,-0.0011379441143002074,-0.005455308434746166
2015-12-21,156.0,157.0,155.0,156.0,156.0,2308,-0.35149866285753073,-0.35971338112899426,-0.34042499522360337,-0.3501580688947785,-0.3501580688947785,-0.006369426751592357,-0.004149377593361032,-0.009104382807537606,-0.011563440519562736,-0.012783192001012593,-0.015151515151515187
2015-12-22,155.5,157.5,155.5,157.5,157.5,2308,-0.35765595642405906,-0.35364128781723336,-0.3342029404610839,-0.3317147380123945,-0.3317147380123945,0.0,0.005426109160548958,-0.00021159542953870994,-0.0011098779134295948,-0.002533248891703646,-0.004214963119072649
2015-12-23,156.5,157.0,155.0,155.0,155.0,2308,-0.3453413692910024,-0.35971338112899426,-0.34042499522360337,-0.36245362281636784,-0.36245362281636784,-0.012738853503184714,-0.010217113665389492,-0.015039186613005767,-0.015873015873015872,-0.01786845773666198,-0.019297690604239234
2015-12-24,155.5,156.5,155.5,156.5,156.5,2308,-0.35765595642405906,-0.36578547444075515,-0.3342029404610839,-0.34401029193398386,-0.34401029193398386,-0.0006385696040868092,0.0009593859929645391,-0.0040305473058972795,-0.004927674455571488,-0.007735226984529539,-0.009284659210803979
2015-12-25,156.5,156.5,154.5,155.5,155.5,2308,-0.3453413692910024,-0.36578547444075515,-0.34664704998612283,-0.3563058458555732,-0.3563058458555732,-0.0038436899423446146,-0.005754475703324844,-0.008501594048884226,-0.010342084327764518,-0.013199644624952484,-0.01478352692713839
2015-12-28,155.0,157.0,154.5,157.0,157.0,2308,-0.3638132499905874,-0.35971338112899426,-0.34664704998612283,-0.33786251497318914,-0.33786251497318914,0.004478566858605173,0.002234280242578961,0.002981260647359467,-0.0009545020680878503,-0.0033011681056374443,-0.004649196956889181
2015-12-29,154.5,155.5,152.0,154.0,154.0,2308,-0.3699705435571157,-0.37792966106427694,-0.3777573237987201,-0.37474917673795716,-0.37474917673795716,-0.01028277634961436,-0.016288725646758297,-0.014715291106845881,-0.01942056669850373,-0.020730001271779163,-0.022325679822241117
2015-12-30,154.0,156.0,153.5,154.0,154.0,2308,-0.37612783712364406,-0.37185756775251605,-0.3590911595111618,-0.37474917673795716,-0.37474917673795716,-0.009009009009009045,-0.014084507042253449,-0.014084507042253449,-0.018326693227091632,-0.01960784313725498,-0.02170460561143456
2015-12-31,154.0,155.5,154.0,155.5,155.5,2308,-0.37612783712364406,-0.37792966106427694,-0.3528691047486423,-0.3563058458555732,-0.3563058458555732,0.0019329896907217228,-0.0025657472738935577,-0.002992092327420401,-0.007341206511331029,-0.00867015172765532,-0.011443102352193332
2016-01-04,155.0,155.0,149.0,149.0,149.0,2308,-0.3638132499905874,-0.38400175437603784,-0.4150896523738369,-0.4362269463459038,-0.4362269463459038,-0.03183885640025994,-0.03870967741935484,-0.042211270623526864,-0.045483664317745,-0.047801635991819975,-0.05075387555744321
2016-01-05,149.0,149.5,147.0,148.5,148.5,2308,-0.43770077278892733,-0.45079478080540764,-0.43997787142391476,-0.44237472330669847,-0.44237472330669847,-0.024310118265440137,-0.03727714748784441,-0.04296455424274967,-0.0447089096172402,-0.049052254098360636,-0.05192594168972117
2016-01-06,148.5,149.5,147.0,148.0,148.0,2308,-0.44385806635545566,-0.45079478080540764,-0.43997787142391476,-0.44852250026749313,-0.44852250026749313,-0.019867549668874173,-0.034572733202870264,-0.04330963154492559,-0.04500725923536051,-0.050308008213552385,-0.05259788754934387
2016-01-07,148.0,148.5,144.0,148.0,148.0,2308,-0.450015359921984,-0.4629389674289294,-0.4773101999990315,-0.44852250026749313,-0.44852250026749313,-0.012016021361815829,-0.03014416775884662,-0.039376893119861506,-0.04269081500646827,-0.0479866203525023,-0.050470487596236145
2016-01-08,145.0,148.0,144.0,146.0,146.0,2308,-0.486959121321154,-0.4690110607406903,-0.4773101999990315,-0.47311360811067177,-0.47311360811067177,-0.01284651791751187,-0.0366215770372815,-0.047204698716554194,-0.05164014290354004,-0.05745642349903167,-0.06028749195451624
2016-01-11,144.0,146.5,142.0,145.0,145.0,2308,-0.49927370845421065,-0.487227340675973,-0.5021984190491093,-0.4854091620322611,-0.4854091620322611,-0.014276002719238574,-0.036544850498338874,-0.048348282651498625,-0.0550667970022808,-0.060272197018794625,-0.06401291016675627
2016-01-12,145.0,147.5,144.0,147.5,147.5,2308,-0.486959121321154,-0.4750831540524512,-0.4773101999990315,-0.4546702772282878,-0.4546702772282878,0.004084411164057143,-0.013707790036777072,-0.028326745718050137,-0.03657740039190068,-0.040588005723949584,-0.046027810714670735
2016-01-13,147.0,148.0,145.0,148.0,148.0,2308,-0.46232994705504066,-0.4690110607406903,-0.4648660904739926,-0.44852250026749313,-0.44852250026749313,0.007488087134104794,-0.006377979187646786,-0.020948180815876453,-0.031096563011456628,-0.03495044340114771,-0.04114026563006151
2016-01-14,146.0,146.0,143.0,143.0,143.0,2308,-0.4746445341880973,-0.4932994339877339,-0.48975430952407045,-0.5100002698754398,-0.5100002698754398,-0.019876627827278996,-0.03280351707811968,-0.04899135446685884,-0.059365235980924226,-0.06450346722491176,-0.0706239168110919
2016-01-15,143.5,144.5,142.0,144.5,144.5,2308,-0.505431002020739,-0.5115157139230166,-0.5021984190491093,-0.49155693899305575,-0.49155693899305575,-0.007554945054945016,-0.015332197614991482,-0.03387564073991529,-0.045101602511151424,-0.05109009718938798,-0.05771111835670032
2016-01-18,140.0,142.0,139.0,140.5,140.5,2308,-0.5485320569864373,-0.5418761804818211,-0.5395307476242261,-0.540739154679413,-0.540739154679413,-0.029025570145127775,-0.03701165181631258,-0.05429661207089968,-0.0661349285476902,-0.07382992748846401,-0.07989521938441381
2016-01-19,139.0,140.0,132.5,135.5,135.5,2308,-0.5608466441194939,-0.5661645537288647,-0.6204174595369791,-0.6022169242873597,-0.6022169242873597,-0.04778636683063957,-0.06293222683264173,-0.07906660625283185,-0.09319056382800743,-0.10229230157678547,-0.10757409440175637
2016-01-20,136.5,137.5,130.5,130.5,130.5,2308,-0.5916331119521356,-0.5965250202876691,-0.645305678587057,-0.6636946938953063,-0.6636946938953063,-0.059798270893371835,-0.08645432271613578,-0.10350354934737804,-0.11868985311497546,-0.1297679381168312,-0.13537985865724383
2016-01-21,131.0,132.5,124.0,127.5,127.5,2308,-0.6593633411839472,-0.657245953405278,-0.72619239049981,-0.7005813556600743,-0.7005813556600743,-0.06042741341193802,-0.09446022727272735,-0.11335187760778867,-0.1308793456032719,-0.14291476203280445,-0.15
2016-01-22,131.5,134.5,130.0,133.5,133.5,2308,-0.653206047617419,-0.6329575801582344,-0.6515277333495765,-0.6268080321305384,-0.6268080321305384,0.0,-0.04335363668935873,-0.06206088992974245,-0.08278941944349028,-0.09650785056848939,-0.10492792490781096
2016-01-25,136.0,139.5,135.5,139.5,139.5,2308,-0.5977904055186639,-0.5722366470406255,-0.5830851309618623,-0.5530347086010023,-0.5530347086010023,0.04651162790697665,0.0035971223021582736,-0.015525758645024621,-0.03626943005181347,-0.051149503468915856,-0.0614487553263063
2016-01-26,137.5,138.0,135.5,136.5,136.5,2308,-0.579318524819079,-0.5904529269759082,-0.5830851309618623,-0.5899213703657704,-0.5899213703657704,0.02247191011235955,-0.010152284263959432,-0.031227821149751638,-0.05026961210645326,-0.06660284463894973,-0.0779103805449223
2016-01-27,137.0,137.0,134.5,135.0,135.0,2308,-0.5854758183856072,-0.60259711359943,-0.5955292404869013,-0.6083647012481543,-0.6083647012481543,0.0044642857142856715,-0.011713030746705669,-0.035943822899309676,-0.054456312379618316,-0.07114352552635203,-0.08391766568649632
2016-01-28,134.0,137.5,134.0,135.0,135.0,2308,-0.6224195797847772,-0.5965250202876691,-0.6017512952494207,-0.6083647012481543,-0.6083647012481543,-0.006622516556291432,-0.005891016200294634,-0.029940119760478976,-0.04812268640930717,-0.06600249066002485,-0.07923155621234516
2016-01-29,135.0,140.0,134.5,139.5,139.5,2308,-0.6101049926517206,-0.5661645537288647,-0.5955292404869013,-0.5530347086010023,-0.5530347086010023,0.01750547045951864,0.031042128603104128,0.005526189332051994,-0.010813685516752389,-0.03030724315306557,-0.044411462495718604
2016-01-30,140.0,142.0,139.0,141.5,141.5,2308,-0.5485320569864373,-0.5418761804818211,-0.5395307476242261,-0.5284436007578237,-0.5284436007578237,0.02909090909090909,0.04505169867060557,0.021660649819494584,0.006043370067543507,-0.012561060711793519,-0.027045610818244352
2016-02-01,141.5,142.0,138.0,138.0,138.0,2308,-0.5300601762868523,-0.5418761804818211,-0.5519748571492651,-0.5714780394833864,-0.5714780394833864,0.0014513788098692933,0.01732399557685215,0.0009671179883945291,-0.015165031222123104,-0.03185070857303208,-0.047180667433832056
2016-02-02,136.5,137.5,135.5,136.0,136.0,2308,-0.5916331119521356,-0.5965250202876691,-0.5830851309618623,-0.596069147326565,-0.596069147326565,-0.014492753623188406,-0.0014684287812040283,-0.0077821011673151474,-0.02526428955384344,-0.04103793541108443,-0.05632011102116346
2016-02-03,134.5,135.5,132.5,132.5,132.5,2308,-0.616262286218249,-0.6208133935347127,-0.6204174595369791,-0.6391035860521277,-0.6391035860521277,-0.03636363636363636,-0.030724213606437373,-0.028354925446101253,-0.04504504504504504,-0.060017026106696986,-0.07579632643571267
2016-02-15,128.5,135.0,128.0,134.5,134.5,2308,-0.6901498090165888,-0.6268854868464736,-0.6764159523996542,-0.614512478208949,-0.614512478208949,-0.014652014652014652,-0.016812865497076106,-0.008843036109064029,-0.0265967070743623,-0.04010847844704542,-0.0570226688478616
2016-02-16,135.5,143.0,135.0,141.0,141.0,2308,-0.6039476990851923,-0.5297319938582993,-0.5893071857243818,-0.5345913777186184,-0.5345913777186184,0.033724340175953035,0.02957283680175255,0.038801571709233894,0.021924261641601783,0.008583690987124382,-0.00809004572634545
2016-02-17,142.0,142.0,137.0,139.0,139.0,2308,-0.5239028827203239,-0.5418761804818211,-0.564418966674304,-0.5591824855617971,-0.5591824855617971,0.017569546120058607,0.013119533527696877,0.022309389556263777,0.010541621228644046,-0.0030124802754266785,-0.018014835747085914
2016-02-18,140.0,141.5,139.0,139.5,139.5,2308,-0.5485320569864373,-0.5479482737935819,-0.5395307476242261,-0.5530347086010023,-0.5530347086010023,0.0160233066278222,0.013439883763167413,0.02147913107151577,0.01731996353691887,0.0030198446937013766,-0.011105860113421524
2016-02-19,140.0,141.5,139.5,141.0,141.0,2308,-0.5485320569864373,-0.5479482737935819,-0.5333086928617067,-0.5345913777186184,-0.5345913777186184,0.014388489208633094,0.019891500904159132,0.02570320077594567,0.029009304871373796,0.015850144092218937,0.0026072529035316965
2016-02-22,140.0,140.5,139.0,139.5,139.5,2308,-0.5485320569864373,-0.5600924604171037,-0.5395307476242261,-0.5530347086010023,-0.5530347086010023,-0.0035714285714285713,0.009041591320072333,0.011847195357833601,0.019923231584719387,0.006929406669553977,-0.004282655246252636
2016-02-23,139.0,140.0,136.0,136.5,136.5,2308,-0.5608466441194939,-0.5661645537288647,-0.5768630761993429,-0.5899213703657704,-0.5899213703657704,-0.01869158878504669,-0.009074410163339383,-0.008474576271186373,-0.0005491488193299553,-0.012301013024601945,-0.022789643240663432
2016-02-24,136.5,138.0,133.0,133.0,133.0,2308,-0.5916331119521356,-0.5904529269759082,-0.6141954047744597,-0.632955809091333,-0.632955809091333,-0.035532994923857905,-0.030965391621129327,-0.03225806451612906,-0.025283986808354628,-0.033570701932858625,-0.04431137724550892
2016-02-25,133.5,134.5,130.5,130.5,130.5,2308,-0.6285768733513056,-0.6329575801582344,-0.645305678587057,-0.6636946938953063,-0.6636946938953063,-0.04114621601763405,-0.04535479151426473,-0.048371414681575055,-0.04360571637962616,-0.04688869412795785,-0.05832832230908004
2016-02-26,133.5,135.0,132.5,134.5,134.5,2308,-0.6285768733513056,-0.6268854868464736,-0.6204174595369791,-0.614512478208949,-0.614512478208949,-0.002225519287833912,-0.017531044558071626,-0.01896425966447844,-0.016812865497076106,-0.015229169717381844,-0.02630308880308875
2016-03-01,135.0,136.0,133.5,134.5,134.5,2308,-0.6101049926517206,-0.6147413002229518,-0.6079733500119402,-0.614512478208949,-0.614512478208949,0.0052316890881912445,-0.017531044558071626,-0.016573239093346428,-0.017172086225794626,-0.012336613305918686,-0.023593466424682397
2016-03-02,136.5,137.5,135.5,137.0,137.0,2308,-0.5916331119521356,-0.5965250202876691,-0.5830851309618623,-0.5837735934049757,-0.5837735934049757,0.023151605675877478,0.003663003663003663,0.003908158280410343,0.002011336624611488,0.00705674801528968,-0.0035155776457751493
2016-03-03,139.5,141.0,138.0,141.0,141.0,2308,-0.5546893505529656,-0.5540203671053429,-0.5519748571492651,-0.5345913777186184,-0.5345913777186184,0.04059040590405904,0.03145574250182891,0.0317073170731708,0.02957283680175255,0.03478643769264648,0.02719766877124808
2016-03-04,141.0,141.5,139.0,141.0,141.0,2308,-0.5362174698533806,-0.5479482737935819,-0.5395307476242261,-0.5345913777186184,-0.5345913777186184,0.02470930232558144,0.030325173547679985,0.029197080291970802,0.0273224043715847,0.03160667251975412,0.028946728289953795
2016-03-07,141.0,143.0,140.0,140.5,140.5,2308,-0.5362174698533806,-0.5297319938582993,-0.5270866380991872,-0.540739154679413,-0.540739154679413,0.012247838616714614,0.02704678362573091,0.02157052835676201,0.02163243046718774,0.02405247813411087,0.025921869295363355
2016-03-08,140.5,141.0,139.0,141.0,141.0,2308,-0.542374763419909,-0.5540203671053429,-0.5395307476242261,-0.5345913777186184,-0.5345913777186184,0.006423982869379056,0.02957283680175255,0.021985986953370364,0.02470930232558144,0.025454545454545455,0.030450669914738052
2016-03-09,140.5,142.0,139.0,139.0,139.0,2308,-0.542374763419909,-0.5418761804818211,-0.5395307476242261,-0.5591824855617971,-0.5591824855617971,-0.010676156583629894,0.013119533527696877,0.008464328899637174,0.01109292598654305,0.011056153622345143,0.016205678079688084
2016-03-10,140.0,143.0,139.5,142.0,142.0,2308,-0.5485320569864373,-0.5297319938582993,-0.5333086928617067,-0.5222958237970291,-0.5222958237970291,0.00923951670220335,0.02824040550325855,0.028737020043467777,0.03141456328309416,0.031227305737109745,0.0364963503649635
2016-03-11,142.5,142.5,139.5,140.5,140.5,2308,-0.5177455891537956,-0.5358040871700601,-0.5333086928617067,-0.540739154679413,-0.540739154679413,-0.0007112375533427761,0.010064701653486741,0.017378711078928355,0.01885424220449597,0.01870649651972167,0.023058252427184397
2016-03-14,141.0,143.0,140.5,142.0,142.0,2308,-0.5362174698533806,-0.5297319938582993,-0.5208645833366677,-0.5222958237970291,-0.5222958237970291,0.007806955287437858,0.015373614587057603,0.027744270205066417,0.026196928635953028,0.02749638205499285,0.030354335469827094
2016-03-15,141.5,142.5,139.0,139.0,139.0,2308,-0.5300601762868523,-0.5358040871700601,-0.5395307476242261,-0.5591824855617971,-0.5591824855617971,-0.010676156583629894,-0.009265858873841848,0.006274131274131329,0.002886002886002927,0.005934288609060596,0.007246376811594203
2016-03-16,140.5,142.0,139.5,142.0,142.0,2308,-0.542374763419909,-0.5418761804818211,-0.5333086928617067,-0.5222958237970291,-0.5222958237970291,0.006378454996456454,0.00852272727272719,0.02527075812274368,0.02416155787955279,0.02749638205499285,0.02836451418225702
2016-03-17,143.0,144.0,140.0,141.0,141.0,2308,-0.5115882955872674,-0.5175878072347775,-0.5270866380991872,-0.5345913777186184,-0.5345913777186184,0.0007097232079488595,0.0014204545454544646,0.014145288899544488,0.016216216216216217,0.01937536148062469,0.020014468290330458
2016-03-18,142.0,143.5,140.5,143.5,143.5,2308,-0.5239028827203239,-0.5236599005465383,-0.5208645833366677,-0.5038524929146451,-0.5038524929146451,0.014134275618374558,0.01736972704714632,0.02573266619013577,0.03274559193954668,0.03520415524455342,0.0359764167970159
2016-03-21,145.0,145.5,143.5,145.5,145.5,2308,-0.486959121321154,-0.4993715272994948,-0.483532254761551,-0.47926138507146643,-0.47926138507146643,0.0232067510548524,0.02790533380430935,0.034605356719601854,0.04544638045626002,0.045709357481673235,0.0477676428228516
2016-03-22,145.5,146.0,143.5,146.0,146.0,2308,-0.48080182775462565,-0.4932994339877339,-0.483532254761551,-0.47311360811067177,-0.47311360811067177,0.01671309192200561,0.0278071101724744,0.03253182461103249,0.04659498207885305,0.045845272206303765,0.04973037747153977
2016-03-23,146.0,146.5,144.0,145.0,145.0,2308,-0.4746445341880973,-0.487227340675973,-0.4773101999990315,-0.4854091620322611,-0.4854091620322611,0.005547850208044462,0.016473887136347665,0.02160638797557536,0.036269430051813385,0.03749284487693195,0.041666666666666755
2016-03-24,144.0,144.5,142.5,143.0,143.0,2308,-0.49927370845421065,-0.5115157139230166,-0.4959763642865899,-0.5100002698754398,-0.5100002698754398,-0.011065006915629283,0.0017513134851138354,0.006569685593618047,0.0183371906711767,0.022012578616352294,0.02607031810571628
2016-03-25,143.0,143.0,139.5,140.0,140.0,2308,-0.5115882955872674,-0.5297319938582993,-0.5333086928617067,-0.5468869316402077,-0.5468869316402077,-0.02710215427380129,-0.018920812894183524,-0.014084507042253521,-0.00638750887154014,0.00042875518079178417,0.0035842293906810036
2016-03-28,139.5,140.0,138.0,139.0,139.0,2308,-0.5546893505529656,-0.5661645537288647,-0.5519748571492651,-0.5591824855617971,-0.5591824855617971,-0.025245441795231378,-0.02387640449438206,-0.02043692741367164,-0.015057573073516387,-0.006149006149006246,-0.005129428605511167
2016-03-29,138.5,139.0,136.5,137.0,137.0,2308,-0.5670039376860223,-0.5783087403523864,-0.5706410214368235,-0.5837735934049757,-0.5837735934049757,-0.026988636363636444,-0.03656821378340358,-0.03271357966580367,-0.03008849557522124,-0.019748139668002224,-0.020028612303290495
2016-03-30,138.0,142.0,138.0,142.0,142.0,2308,-0.5731612312525506,-0.5418761804818211,-0.5519748571492651,-0.5222958237970291,-0.5222958237970291,0.012838801711840311,-0.0014064697609000609,0.001175088131609804,0.0035335689045936395,0.014430632947564012,0.015494636471990396
2016-03-31,142.5,143.0,140.0,142.0,142.0,2308,-0.5177455891537956,-0.5297319938582993,-0.5270866380991872,-0.5222958237970291,-0.5222958237970291,0.014285714285714285,-0.0021082220660577043,0.001175088131609804,0.003179088661250361,0.011828416702294403,0.014768937589328224
2016-04-01,139.0,140.5,138.5,140.0,140.0,2308,-0.5608466441194939,-0.5600924604171037,-0.5457528023867456,-0.5468869316402077,-0.5468869316402077,0.0,-0.013737231419513834,-0.012693935119887244,-0.01060070671378092,-0.005116543490619662,0.0003572704537335575
2016-04-06,140.5,141.0,138.0,140.0,140.0,2308,-0.542374763419909,-0.5540203671053429,-0.5519748571492651,-0.5468869316402077,-0.5468869316402077,-0.001426533523537722,-0.009900990099009941,-0.011764705882352875,-0.010425870295105102,-0.0066695047537959256,0.000595592614651646
2016-04-07,140.0,140.5,137.0,137.5,137.5,2308,-0.5485320569864373,-0.5600924604171037,-0.564418966674304,-0.5776258164441811,-0.5776258164441811,-0.019957234497505427,-0.021700462468872368,-0.02872615964210028,-0.02689313517339003,-0.025237487593931678,-0.016803718269574504
2016-04-08,137.5,140.0,137.0,140.0,140.0,2308,-0.579318524819079,-0.5661645537288647,-0.564418966674304,-0.5468869316402077,-0.5468869316402077,0.0007147962830592875,-0.00035701535166020255,-0.0101343389111478,-0.00955076052352313,-0.008358124380223876,0.0002381519409383051
2016-04-11,140.0,140.0,139.0,140.0,140.0,2308,-0.5485320569864373,-0.5661645537288647,-0.5395307476242261,-0.5468869316402077,-0.5468869316402077,0.0035842293906810036,0.0017889087656529517,-0.009667531242631509,-0.008849557522123894,-0.008077086580699918,-0.001426533523537722
2016-04-12,139.5,140.0,137.5,138.0,138.0,2308,-0.5546893505529656,-0.5661645537288647,-0.5581969119117846,-0.5714780394833864,-0.5714780394833864,-0.007907979870596653,-0.011107130060910148,-0.02127659574468085,-0.022143489813994686,-0.02141540207062835,-0.017443930224279022
2016-04-13,139.0,141.0,138.0,141.0,141.0,2308,-0.5608466441194939,-0.5540203671053429,-0.5519748571492651,-0.5345913777186184,-0.5345913777186184,0.012203876525484483,0.008944543828264758,0.0021321961620469894,-0.0005316321105793985,-0.00028360748723760666,0.002369668246445565
2016-04-14,142.0,144.5,142.0,143.0,143.0,2308,-0.5239028827203239,-0.5115157139230166,-0.5021984190491093,-0.5100002698754398,-0.5100002698754398,0.018518518518518476,0.018881368008550094,0.017793594306049824,0.012210228278180812,0.013321995464852575,0.014544164597375037
2016-04-15,144.5,150.0,143.5,150.0,150.0,2308,-0.4931164148876823,-0.44472268749364674,-0.483532254761551,-0.42393139242431443,-0.42393139242431443,0.05337078651685389,0.06269925611052068,0.06508875739644963,0.05876124933827413,0.05962136196665723,0.0609454202522693
2016-04-18,150.5,154.5,150.0,151.0,151.0,2308,-0.4192288920893424,-0.39007384768779874,-0.402645542848798,-0.4116358385027251,-0.4116358385027251,0.04426002766251733,0.06300598380851805,0.06814430558830459,0.06207139089150686,0.06397970687711396,0.06550629189697753
2016-04-19,155.0,155.0,146.0,147.0,147.0,2308,-0.3638132499905874,-0.38400175437603784,-0.4524219809489537,-0.46081805418908245,-0.46081805418908245,0.004098360655737666,0.0297723292469352,0.036427732079905926,0.032665964172813526,0.03390068926712613,0.035819142689371766
2016-04-20,148.5,151.0,145.5,146.5,146.5,2308,-0.44385806635545566,-0.43257850087012495,-0.4586440357114731,-0.4669658311498771,-0.4669658311498771,-0.006779661016949152,0.021617852161785175,0.02927400468384068,0.028792134831460633,0.029081202584995688,0.030843203940424477
2016-04-21,148.5,150.0,148.0,149.5,149.5,2308,-0.44385806635545566,-0.44472268749364674,-0.4275337618988758,-0.43007916938510915,-0.43007916938510915,0.00470430107526874,0.03388658367911484,0.04423748544819565,0.04857092758197448,0.0470654153242751,0.04985955056179771
2016-04-22,150.5,152.0,149.0,150.0,150.0,2308,-0.4192288920893424,-0.42043431424660316,-0.4150896523738369,-0.42393139242431443,-0.42393139242431443,0.008064516129032182,0.03021978021978026,0.04384133611691031,0.05023630316821293,0.048218029350104864,0.0506654214335745
2016-04-25,151.5,151.5,150.0,151.0,151.0,2308,-0.4069143049562857,-0.42650640755836405,-0.402645542848798,-0.4116358385027251,-0.4116358385027251,0.014784946236559062,0.0293115201090662,0.04643104643104635,0.05428521556990753,0.05226480836236934,0.05545200372786582
2016-04-26,151.5,152.5,150.5,152.0,152.0,2308,-0.4069143049562857,-0.41436222093484226,-0.39642348808627853,-0.3993402845811358,-0.3993402845811358,0.014686248331108067,0.026333558406482147,0.04755341144038598,0.056839909612376234,0.05672969966629586,0.0596026490066226
2016-04-27,152.0,154.0,150.0,152.5,152.5,2308,-0.4007570113897574,-0.39614594099955963,-0.402645542848798,-0.39319250762034114,-0.39319250762034114,0.009933774834437087,0.021775544388609715,0.04499771585198718,0.05536332179930796,0.058145989453233383,0.06050069541029199
2016-04-28,153.5,153.5,148.5,149.5,149.5,2308,-0.3822851306901724,-0.4022180343113205,-0.42131170713635635,-0.43007916938510915,-0.43007916938510915,-0.009933774834437087,-0.002668445630420318,0.018855065879145934,0.030146425495262703,0.03632330514349098,0.037114117238987124
2016-04-29,148.0,151.5,148.0,150.0,150.0,2308,-0.450015359921984,-0.42650640755836405,-0.4275337618988758,-0.42393139242431443,-0.42393139242431443,-0.006622516556291391,0.0006671114076050322,0.01763907734056984,0.030750730115100457,0.038349716184410854,0.03866128101557999
2016-05-03,149.0,149.0,146.0,146.0,146.0,2308,-0.43770077278892733,-0.45686687411716853,-0.4524219809489537,-0.47311360811067177,-0.47311360811067177,-0.02666666666666667,-0.022757697456492674,-0.01217861975642768,0.001887116143420866,0.00982155208189229,0.009798270893371692
2016-05-04,144.0,145.5,141.0,141.0,141.0,2308,-0.49927370845421065,-0.4993715272994948,-0.5146425285741483,-0.5345913777186184,-0.5345913777186184,-0.04600811907983769,-0.05241935483870975,-0.0472972972972973,-0.03275595952666785,-0.025031116028211897,-0.02422145328719723
2016-05-05,141.0,144.0,141.0,142.0,142.0,2308,-0.5362174698533806,-0.5175878072347775,-0.5146425285741483,-0.5222958237970291,-0.5222958237970291,-0.025394646533973844,-0.04280417930569595,-0.04097253489419178,-0.026563838903170524,-0.018930496061904164,-0.01650698372388313
2016-05-06,141.0,143.0,140.0,140.5,140.5,2308,-0.5362174698533806,-0.5297319938582993,-0.5270866380991872,-0.540739154679413,-0.540739154679413,-0.023627519110493437,-0.04713462190573068,-0.05003380662609875,-0.0378359869885294,-0.03023191606847043,-0.025658807212205193
2016-05-09,141.5,142.5,140.0,141.0,141.0,2308,-0.5300601762868523,-0.5358040871700601,-0.5270866380991872,-0.5345913777186184,-0.5345913777186184,-0.0077410274454609036,-0.03787103377686804,-0.04276985743380863,-0.03474242683552962,-0.02651201325600665,-0.021286441462285952
2016-05-10,141.0,142.0,140.5,141.0,141.0,2308,-0.5362174698533806,-0.5418761804818211,-0.5208645833366677,-0.5345913777186184,-0.5345913777186184,-0.0007087172218284501,-0.03126073514256277,-0.038417822232325476,-0.03507271171941831,-0.02624309392265201,-0.020833333333333332
2016-05-11,141.0,142.0,140.0,141.0,141.0,2308,-0.5362174698533806,-0.5418761804818211,-0.5270866380991872,-0.5345913777186184,-0.5345913777186184,-0.0007087172218284501,-0.023883696780892964,-0.03578755413722353,-0.036062211587762814,-0.02651201325600665,-0.021059939828743334
2016-05-12,139.5,141.0,139.0,139.5,139.5,2308,-0.5546893505529656,-0.5540203671053429,-0.5395307476242261,-0.5530347086010023,-0.5530347086010023,-0.007823613086770941,-0.02549772965420891,-0.04299108163732,-0.04582763337893289,-0.0367352575611103,-0.03158625477264846
2016-05-13,140.0,141.0,139.0,140.5,140.5,2308,-0.5485320569864373,-0.5540203671053429,-0.5395307476242261,-0.540739154679413,-0.540739154679413,-0.0007112375533427761,-0.012302284710017574,-0.032146957520091786,-0.038165326031148306,-0.030633365530564356,-0.02543352601156063
2016-05-16,139.5,141.0,139.0,140.0,140.0,2308,-0.5546893505529656,-0.5540203671053429,-0.5395307476242261,-0.5468869316402077,-0.5468869316402077,-0.0028490028490028895,-0.008849557522123894,-0.031141868512110725,-0.03829641078481875,-0.03408306885607836,-0.028452463566967345
2016-05-17,140.5,142.0,139.0,140.5,140.5,2308,-0.542374763419909,-0.5418761804818211,-0.5395307476242261,-0.540739154679413,-0.540739154679413,0.0014255167498217292,-0.0014214641080311915,-0.022948539638386726,-0.03136849362288874,-0.030767108167770472,-0.024644220756681785
2016-05-18,141.5,141.5,139.5,140.0,140.0,2308,-0.5300601762868523,-0.5479482737935819,-0.5333086928617067,-0.5468869316402077,-0.5468869316402077,-0.0007137758743754056,-0.004267425320056859,-0.02097902097902098,-0.0324809951624049,-0.034749034749034693,-0.028115237764665124
2016-05-19,139.5,140.0,136.0,138.0,138.0,2308,-0.5546893505529656,-0.5661645537288647,-0.5768630761993429,-0.5714780394833864,-0.5714780394833864,-0.012875536480686775,-0.015691868758915754,-0.02839708988500351,-0.043493328712528194,-0.047750483025117224,-0.04155573561754824
2016-05-20,139.0,139.0,137.5,138.0,138.0,2308,-0.5608466441194939,-0.5783087403523864,-0.5581969119117846,-0.5714780394833864,-0.5714780394833864,-0.009332376166547102,-0.013933547695605493,-0.023124115148655117,-0.039665970772442515,-0.046434494195688215,-0.041666666666666664
2016-05-23,138.0,141.5,137.5,141.5,141.5,2308,-0.5731612312525506,-0.5479482737935819,-0.5581969119117846,-0.5284436007578237,-0.5284436007578237,0.013610315186246459,0.010714285714285714,0.00568585643212517,-0.012388762868609357,-0.019947361130350432,-0.017702186740715106
2016-05-24,141.5,142.0,140.0,141.0,141.0,2308,-0.5300601762868523,-0.5418761804818211,-0.5270866380991872,-0.5345913777186184,-0.5345913777186184,0.009305654974946396,0.007142857142857143,0.00451199240085485,-0.012432148485379131,-0.020697319072093278,-0.02139965297860041
2016-05-25,142.5,144.5,142.0,142.0,142.0,2308,-0.5177455891537956,-0.5115157139230166,-0.5021984190491093,-0.5222958237970291,-0.5222958237970291,0.013561741613133517,0.013561741613133517,0.01115594588179442,-0.001932876471621899,-0.012380025038252895,-0.015370391771639907
2016-05-26,142.5,144.0,142.0,143.5,143.5,2308,-0.5177455891537956,-0.5175878072347775,-0.5021984190491093,-0.5038524929146451,-0.5038524929146451,0.016288951841359856,0.021352313167259787,0.02111005692599622,0.011810329631588306,-0.0011137407768341682,-0.005544005544005622
2016-05-27,144.0,144.5,143.0,143.0,143.0,2308,-0.49927370845421065,-0.5115157139230166,-0.48975430952407045,-0.5100002698754398,-0.5100002698754398,0.005625879043600643,0.015985790408525755,0.01634683724235971,0.01060070671378092,-0.0027894002789400673,-0.009009009009009087
2016-05-30,144.0,149.5,143.0,148.0,148.0,2308,-0.49927370845421065,-0.45079478080540764,-0.48975430952407045,-0.44852250026749313,-0.44852250026749313,0.0313588850174216,0.04556693747792291,0.048406139315230294,0.046676096181046636,0.03265420039073407,0.0261150912872661
2016-05-31,149.5,152.0,148.0,150.0,150.0,2308,-0.431543479222399,-0.42043431424660316,-0.4275337618988758,-0.42393139242431443,-0.42393139242431443,0.03234686854783199,0.05263157894736842,0.0580766517752174,0.05932203389830513,0.04690117252931322,0.040221914008321855
2016-06-01,148.0,152.0,148.0,151.5,151.5,2308,-0.450015359921984,-0.42043431424660316,-0.4275337618988758,-0.40548806154193046,-0.40548806154193046,0.02921195652173921,0.054646710755308,0.0634066448291998,0.06596306068601583,0.05751779980455123,0.04953238656044341
2016-06-02,151.0,152.0,148.0,148.0,148.0,2308,-0.41307159852281405,-0.42043431424660316,-0.4275337618988758,-0.44852250026749313,-0.44852250026749313,-0.0006752194463200157,0.023159350155547834,0.03472384059659754,0.03914340881165517,0.034386357282638995,0.024930747922437633
2016-06-03,150.0,152.0,150.0,151.5,151.5,2308,-0.4253861856558707,-0.42043431424660316,-0.402645542848798,-0.40548806154193046,-0.40548806154193046,0.01134846461949258,0.03767123287671233,0.053790864827266305,0.05962580870781609,0.058256496227996675,0.0486848177203507
2016-06-04,151.0,152.0,151.0,151.0,151.0,2308,-0.41307159852281405,-0.42043431424660316,-0.39020143332375906,-0.4116358385027251,-0.4116358385027251,0.003989361702127622,0.027560394692072214,0.04498269896193772,0.05244816170064475,0.05446927374301684,0.04498269896193772
2016-06-06,152.0,152.5,151.0,151.5,151.5,2308,-0.4007570113897574,-0.41436222093484226,-0.39020143332375906,-0.40548806154193046,-0.40548806154193046,0.005308560053085676,0.02364864864864865,0.04314895570346578,0.052083333333333336,0.056338028169014176,0.048321992849728886
2016-06-07,152.0,154.0,152.0,153.0,153.0,2308,-0.4007570113897574,-0.39614594099955963,-0.3777573237987201,-0.3870447306595465,-0.3870447306595465,0.013245033112582781,0.026156941649899436,0.04722792607802879,0.058091286307053985,0.06323835997220288,0.05845728121757169
2016-06-08,154.0,155.0,152.5,152.5,152.5,2308,-0.37612783712364406,-0.38400175437603784,-0.37153526903620065,-0.39319250762034114,-0.39319250762034114,0.003949967083607599,0.016666666666666666,0.03694469628286494,0.04991394148020654,0.05667960088691801,0.05499827049463845
2016-06-13,150.0,152.0,149.0,150.0,150.0,2308,-0.4253861856558707,-0.42043431424660316,-0.4150896523738369,-0.42393139242431443,-0.42393139242431443,-0.010554089709762496,-0.004644990046449826,0.014427412082957567,0.029336078229541984,0.03662750518313761,0.03758358312197374
2016-06-14,150.0,152.0,150.0,152.0,152.0,2308,-0.4253861856558707,-0.42043431424660316,-0.402645542848798,-0.3993402845811358,-0.3993402845811358,0.0013175230566534165,0.005956320317670454,0.023109715054969737,0.0387835298137708,0.047264709935235044,0.05093339479142665
2016-06-15,150.5,152.5,150.0,150.5,150.5,2308,-0.4192288920893424,-0.41436222093484226,-0.402645542848798,-0.4177836154635198,-0.4177836154635198,-0.007255936675461704,-0.004300363876943471,0.008713136729222597,0.02502979737783083,0.03422210005497519,0.039484286865431116
2016-06-16,150.5,151.5,147.0,149.0,149.0,2308,-0.4192288920893424,-0.42650640755836405,-0.43997787142391476,-0.4362269463459038,-0.4362269463459038,-0.011936339522546493,-0.012591119946984796,-0.004454342984409737,0.011712782210151039,0.02166758091058692,0.027231988969320844
2016-06-17,151.0,152.5,151.0,152.0,152.0,2308,-0.41307159852281405,-0.41436222093484226,-0.39020143332375906,-0.3993402845811358,-0.3993402845811358,0.008626410086264177,0.004626569729015126,0.011759485245174263,0.02720054063186353,0.038677053437201014,0.045511865183996386
2016-06-20,152.5,152.5,151.0,152.0,152.0,2308,-0.39459971782322906,-0.41436222093484226,-0.39020143332375906,-0.3993402845811358,-0.3993402845811358,0.005956320317670454,0.0042946812025107745,0.007734806629834191,0.02236421725239609,0.0354223433242506,0.042762405671163864
2016-06-21,152.0,152.5,151.0,152.0,152.0,2308,-0.4007570113897574,-0.41436222093484226,-0.39020143332375906,-0.3993402845811358,-0.3993402845811358,0.005956320317670454,0.00363156157147581,0.005956320317670454,0.01876675603217166,0.0320478001086366,0.04014598540145991
2016-06-22,152.0,154.5,152.0,154.5,154.5,2308,-0.4007570113897574,-0.39007384768779874,-0.3777573237987201,-0.3686013997771625,-0.3686013997771625,0.017116524028966386,0.018121911037891267,0.020475561426684243,0.030859049207673062,0.045048701298701276,0.05400795906765201
2016-06-23,153.5,155.5,153.5,155.0,155.0,2308,-0.3822851306901724,-0.37792966106427694,-0.3590911595111618,-0.36245362281636784,-0.36245362281636784,0.012410189418680639,0.02007239223428767,0.022202681908111723,0.029729280850357045,0.0441929399083805,0.0540632437946276
2016-06-24,154.0,154.5,148.0,152.5,152.5,2308,-0.37612783712364406,-0.39007384768779874,-0.4275337618988758,-0.39319250762034114,-0.39319250762034114,-0.00456919060052212,0.0036196117143798053,0.0037297060114084876,0.010101010101010138,0.02335257012481539,0.0340151429540062
2016-06-27,152.0,155.0,151.0,154.5,154.5,2308,-0.4007570113897574,-0.38400175437603784,-0.39020143332375906,-0.3686013997771625,-0.3686013997771625,0.0052049446974626636,0.01377952755905508,0.015556529360210392,0.019465522929726087,0.03220203099946548,0.04427171341669491
2016-06-28,153.0,155.0,152.0,154.0,154.0,2308,-0.3884424242567007,-0.38400175437603784,-0.3777573237987201,-0.37474917673795716,-0.37474917673795716,-0.0006489292667098917,0.009174311926605542,0.010940919037199062,0.014158709252551898,0.025436143294712964,0.037619314991577835
2016-06-29,155.0,157.0,154.5,156.5,156.5,2308,-0.3638132499905874,-0.35971338112899426,-0.34664704998612283,-0.34401029193398386,-0.34401029193398386,0.012944983818770227,0.021540469973890416,0.025109170305676918,0.028421225562674474,0.03779840848806358,0.05068815038603566
2016-06-30,157.5,157.5,153.5,156.0,156.0,2308,-0.33302678215794573,-0.35364128781723336,-0.3590911595111618,-0.3501580688947785,-0.3501580688947785,0.00840336134453789,0.013645224171539924,0.020497165285651934,0.02362204724409445,0.030655391120507306,0.043594603634741984
2016-07-01,156.0,159.0,155.5,157.5,157.5,2308,-0.35149866285753073,-0.3354250078819507,-0.3342029404610839,-0.3317147380123945,-0.3317147380123945,0.011560693641618571,0.019747491097442612,0.02806788511749355,0.03025347506132461,0.0367298578199053,0.04906749555950272
2016-07-04,158.0,161.0,157.5,160.0,160.0,2308,-0.3268694885914174,-0.3111366346349071,-0.3093147214110061,-0.3009758532084212,-0.3009758532084212,0.020408163265306048,0.030595813204508857,0.039861351819757314,0.04370515329419431,0.048492791612057703,0.06053910737958457
2016-07-05,160.5,161.5,159.0,159.0,159.0,2308,-0.29608302075877574,-0.3050645413231462,-0.29064855712344767,-0.3132714071300105,-0.3132714071300105,0.007604562737642513,0.019557550496954228,0.030237580993520453,0.03448275862068973,0.03894406691061166,0.049851436117530616
2016-07-06,158.0,159.0,157.0,158.0,158.0,2308,-0.3268694885914174,-0.3354250078819507,-0.31553677617352555,-0.3255669610515998,-0.3255669610515998,-0.0006325110689436705,0.010876519513755525,0.0204520990312163,0.025807498782665115,0.03025560772039636,0.03935971932902085
2016-07-07,155.0,161.0,154.5,159.0,159.0,2308,-0.3638132499905874,-0.3111366346349071,-0.34664704998612283,-0.3132714071300105,-0.3132714071300105,0.0018903591682420378,0.014677728142948383,0.022508038585209004,0.030293212376478286,0.0347520499804764,0.0420535226652102
2016-07-11,165.0,165.0,161.0,162.0,162.0,2308,-0.24066737866002078,-0.26255988814081993,-0.26576033807336985,-0.27638474536524255,-0.27638474536524255,0.015037593984962442,0.027592768791626986,0.03735325506937039,0.04651162790697667,0.05044741278692777,0.05744125326370765
2016-07-12,162.0,162.5,160.0,161.5,161.5,2308,-0.27761114005919074,-0.2929203546996244,-0.27820444759840873,-0.2825325223260372,-0.2825325223260372,0.010006253908692897,0.01989264287969691,0.029974489795918293,0.039420756234915526,0.04449618419350663,0.0499512406544588
2016-07-13,163.0,163.0,161.5,162.5,162.5,2308,-0.2652965529261341,-0.2868482613878635,-0.2595382833108504,-0.2702369684044479,-0.2702369684044479,0.011830635118306386,0.020728643216080474,0.031746031746031744,0.04233483001924307,0.0478462728914108,0.05314322747893706
2016-07-14,161.5,165.0,160.0,165.0,165.0,2308,-0.2837684336257191,-0.26255988814081993,-0.27820444759840873,-0.23949808360047456,-0.23949808360047456,0.018518518518518517,0.03092783505154632,0.04298356510745899,0.053471667996807665,0.060275028916591665,0.06589147286821698
2016-07-15,165.0,169.5,165.0,168.5,168.5,2308,-0.24066737866002078,-0.2079110483349719,-0.21598389997321413,-0.1964636448749119,-0.1964636448749119,0.028065893837705882,0.044637321760694286,0.05908233815210563,0.06916243654822339,0.07846902201740905,0.08453121647715077
2016-07-18,168.5,170.0,167.5,170.0,170.0,2308,-0.19756632369432248,-0.201838955023211,-0.18487362616061684,-0.1780203139925279,-0.1780203139925279,0.027190332326283987,0.045832051676407186,0.06073211314475865,0.07255520504731862,0.08321651586593604,0.08904548366431779
2016-07-19,171.5,171.5,169.5,170.5,170.5,2308,-0.16062256229515248,-0.18362267508792832,-0.159985407110539,-0.17187253703173325,-0.17187253703173325,0.019127316198445838,0.042176039119804436,0.056818181818181754,0.06946840206993876,0.08075557809330636,0.08783496384517236
2016-07-20,170.0,171.0,167.5,170.5,170.5,2308,-0.17909444299473748,-0.1896947683996892,-0.18487362616061684,-0.17187253703173325,-0.17187253703173325,0.009473060982830043,0.03490136570561457,0.04966139954853271,0.06329903336451516,0.07570977917981073,0.08334215821243254
2016-07-21,170.5,172.0,169.0,170.5,170.5,2308,-0.17293714942820915,-0.17755058177616742,-0.16620746187305843,-0.17187253703173325,-0.17187253703173325,0.0029411764705882353,0.02710843373493976,0.04366455825341762,0.05802047781569962,0.07030759573132447,0.07900010547410602
2016-07-22,170.0,170.0,166.5,167.5,167.5,2308,-0.17909444299473748,-0.201838955023211,-0.19731773568565575,-0.20875919879650123,-0.20875919879650123,-0.013545347467609018,0.0038957147138148377,0.02051177904142978,0.03538865708545816,0.04661334666333422,0.056782334384858045
2016-07-25,169.0,169.5,164.5,167.5,167.5,2308,-0.19140903012779414,-0.2079110483349719,-0.2222059547357336,-0.20875919879650123,-0.20875919879650123,-0.010632014176018967,0.0005973715651134666,0.016383495145630998,0.030610675280726005,0.04257438067969627,0.05345911949685535
2016-07-26,167.5,168.0,166.5,168.0,168.0,2308,-0.20988091082737914,-0.22612732827025459,-0.19731773568565575,-0.20261142183570657,-0.20261142183570657,-0.004739336492891062,-0.00029753049687599744,0.016129032258064457,0.029411764705882425,0.041537507749534956,0.05263157894736846
2016-07-27,168.0,168.5,166.0,166.5,166.5,2308,-0.2037236172608508,-0.2200552349584937,-0.20353979044817522,-0.22105475271809055,-0.22105475271809055,-0.008928571428571428,-0.011576135351736353,0.004020100502512505,0.01632839920647039,0.028539659006671637,0.04008328995314934
2016-07-28,165.5,167.0,165.0,166.5,166.5,2308,-0.23451008509349244,-0.23827151489377638,-0.21598389997321413,-0.22105475271809055,-0.22105475271809055,-0.00418660287081333,-0.012455516014234842,0.0006009615384615042,0.013235965312642699,0.025498891352549805,0.03662965653211576
2016-07-29,167.5,169.5,166.5,168.0,168.0,2308,-0.20988091082737914,-0.2079110483349719,-0.19731773568565575,-0.20261142183570657,-0.20261142183570657,0.004184100418409974,-0.0032631266686443863,0.005988023952095809,0.018644838562983105,0.031434184675834996,0.04186046511627907
2016-08-01,170.0,171.5,168.5,171.5,171.5,2308,-0.17909444299473748,-0.18362267508792832,-0.1724295166355779,-0.15957698311014393,-0.15957698311014393,0.02022605591909581,0.016597510373444053,0.02306621594750452,0.03547169811320755,0.04803226594964565,0.059295861642989466
2016-08-02,172.0,175.0,171.5,175.0,175.0,2308,-0.15446526872862415,-0.14111802190560208,-0.13509718806046114,-0.11654254438458128,-0.11654254438458128,0.032448377581120944,0.034584688146615396,0.03837025316455697,0.051840721262208865,0.06408853216587615,0.0758196721311476
2016-08-03,172.0,173.5,171.5,172.0,172.0,2308,-0.15446526872862415,-0.15933430184088473,-0.13509718806046114,-0.15342920614934927,-0.15342920614934927,0.008206330597889834,0.015948021264028285,0.01674876847290646,0.029785960185600924,0.04128829156072159,0.05306122448979586
2016-08-04,172.5,173.0,170.0,171.0,171.0,2308,-0.14830797516209582,-0.16540639515264563,-0.15376335234801952,-0.1657247600709386,-0.1657247600709386,-0.0029154518950437317,0.009743135518157696,0.008452919205818777,0.019830028328611828,0.03161196911196917,0.043425200854266294
2016-08-05,172.0,174.0,171.0,174.0,174.0,2308,-0.15446526872862415,-0.15326220852912384,-0.14131924282298058,-0.1288380983061706,-0.1288380983061706,0.007527504342791033,0.023529411764705882,0.023930953315025476,0.03310078670031164,0.04517059106198949,0.05764360247188726
2016-08-08,175.0,175.5,174.0,175.0,175.0,2308,-0.11752150732945417,-0.13504592859384118,-0.10398691424786383,-0.11654254438458128,-0.11654254438458128,0.009227220299884627,0.024890190336749635,0.02779953014878614,0.03504361969540152,0.046775930135183594,0.058894715611133436
2016-08-09,175.5,175.5,174.0,175.0,175.0,2308,-0.11136421376292584,-0.13504592859384118,-0.10398691424786383,-0.11654254438458128,-0.11654254438458128,0.009227220299884627,0.020705745115194,0.0259917920656635,0.030927835051546393,0.04303254261532959,0.05453449834287443
2016-08-10,175.0,175.5,171.5,175.0,175.0,2308,-0.11752150732945417,-0.13504592859384118,-0.13509718806046114,-0.11654254438458128,-0.11654254438458128,0.005747126436781609,0.015670342426001092,0.024190401872805262,0.02714600146735143,0.039068994181213706,0.05010501050105007
2016-08-11,175.0,175.5,170.5,173.0,173.0,2308,-0.11752150732945417,-0.13504592859384118,-0.14754129758550005,-0.14113365222775995,-0.14113365222775995,-0.008027522935779848,0.000289100896212844,0.011498733190411238,0.013028839115795604,0.023547509170512303,0.034688995215311075
2016-08-12,174.0,175.5,172.0,174.5,174.5,2308,-0.12983609446251082,-0.13504592859384118,-0.12887513329794167,-0.12269032134537594,-0.12269032134537594,0.0,0.005184331797235056,0.01749271137026239,0.02002045886307182,0.028648903560481102,0.0398252060780614
2016-08-15,177.0,177.0,174.5,176.0,176.0,2308,-0.09289233306334085,-0.1168296486585585,-0.09776485948534437,-0.10424699046299196,-0.10424699046299196,0.007441327990841508,0.011203677104280314,0.02285935683843474,0.02698760029175784,0.03407755581668632,0.0449238076390263
2016-08-16,176.0,176.5,175.0,176.0,176.0,2308,-0.10520692019639752,-0.12290174197031938,-0.0915428047228249,-0.10424699046299196,-0.10424699046299196,0.006289308176100596,0.010623026126902062,0.019698725376593312,0.025342266239440688,0.030565640004684383,0.04162556717301242
2016-08-17,175.0,176.0,174.0,175.0,175.0,2308,-0.11752150732945417,-0.12897383528208028,-0.10398691424786383,-0.11654254438458128,-0.11654254438458128,0.0005717552887363883,0.003152765835483012,0.010587102983638168,0.01818181818181818,0.02171882297991592,0.032448377581120944
2016-08-18,174.0,175.0,172.0,173.0,173.0,2308,-0.12983609446251082,-0.14111802190560208,-0.12887513329794167,-0.14113365222775995,-0.14113365222775995,-0.010863350485992027,-0.009447466361294048,-0.0034562211981566493,0.005813953488372093,0.008158508158508193,0.01764705882352941
2016-08-19,174.5,175.0,168.0,168.5,168.5,2308,-0.1236788008959825,-0.14111802190560208,-0.17865157139809737,-0.1964636448749119,-0.1964636448749119,-0.02993667242371899,-0.03216542217116596,-0.029564215780380067,-0.020633536762569085,-0.018065268065268033,-0.010666405714844875
2016-08-22,168.5,170.0,168.0,170.0,170.0,2308,-0.19756632369432248,-0.201838955023211,-0.17865157139809737,-0.1780203139925279,-0.1780203139925279,-0.014492753623188406,-0.02073732718894006,-0.020361121782558576,-0.012632496006969718,-0.009324009324009291,-0.0034196384953591175
2016-08-23,171.5,171.5,169.5,169.5,169.5,2308,-0.16062256229515248,-0.18362267508792832,-0.159985407110539,-0.1841680909533226,-0.1841680909533226,-0.009929906542056008,-0.020514302224790587,-0.021174205967276174,-0.015965166908563134,-0.012007460946607615,-0.00790166812993851
2016-08-24,171.0,171.5,169.5,170.0,170.0,2308,-0.16677985586168081,-0.18362267508792832,-0.159985407110539,-0.1780203139925279,-0.1780203139925279,-0.001175088131609804,-0.014778325123152775,-0.017530340974764004,-0.014064085834420828,-0.008977497959659509,-0.0064289888953827845
2016-08-25,171.0,171.5,170.0,171.0,171.0,2308,-0.16677985586168081,-0.18362267508792832,-0.15376335234801952,-0.1657247600709386,-0.1657247600709386,0.007067137809187211,-0.007832898172323728,-0.011751107686380262,-0.00955690703735885,-0.0032641641408253804,-0.0017513134851139015
2016-08-26,170.0,171.0,169.5,171.0,171.0,2308,-0.17909444299473748,-0.1896947683996892,-0.159985407110539,-0.1657247600709386,-0.1657247600709386,0.004110393423370455,-0.005813953488372093,-0.010607521697203526,-0.010416666666666732,-0.004076878276062835,-0.0022367013517455552
2016-08-29,170.0,170.5,166.5,168.0,168.0,2308,-0.17909444299473748,-0.1957668617114501,-0.19731773568565575,-0.20261142183570657,-0.20261142183570657,-0.011183048852266071,-0.018691588785046665,-0.025333591181589676,-0.026792179580014484,-0.021663172606568828,-0.019359859908551394
2016-08-30,168.0,169.5,167.5,168.5,168.5,2308,-0.2037236172608508,-0.2079110483349719,-0.18487362616061684,-0.1964636448749119,-0.1964636448749119,-0.00707130229817318,-0.011440305074801928,-0.01996898022489339,-0.02205455600696466,-0.018865727262140496,-0.016058394160583942
2016-08-31,167.5,169.0,165.0,165.0,165.0,2308,-0.20988091082737914,-0.2139831416467328,-0.21598389997321413,-0.23949808360047456,-0.23949808360047456,-0.02193242442205091,-0.026261434051342514,-0.03659011288439089,-0.04041872637394585,-0.03890959925442688,-0.035463756819953215
2016-09-01,166.0,169.0,163.5,169.0,169.0,2308,-0.2283527915269641,-0.2139831416467328,-0.2346500642607725,-0.19031586791411725,-0.19031586791411725,0.004159239453357033,-0.0002957704821059531,-0.011695906432748537,-0.01658423043351757,-0.016183490511118878,-0.01179222298021643
2016-09-02,169.5,170.0,165.5,167.5,167.5,2308,-0.1852517365612658,-0.201838955023211,-0.2097618452106947,-0.20875919879650123,-0.20875919879650123,-0.0005966587112171499,-0.008582420834566373,-0.017787333854573876,-0.02346596706019534,-0.0248020493712156,-0.020563297924179005
2016-09-05,169.5,174.0,169.5,173.5,173.5,2308,-0.1852517365612658,-0.15326220852912384,-0.159985407110539,-0.13498587526696526,-0.13498587526696526,0.02845287492590404,0.02480803307737737,0.018391704167481857,0.011956838728492339,0.009660148975791413,0.013335929134624733
2016-09-06,173.5,175.5,172.0,175.0,175.0,2308,-0.13599338802903915,-0.13504592859384118,-0.12887513329794167,-0.11654254438458128,-0.11654254438458128,0.029411764705882353,0.03032087135707981,0.027598355842630585,0.020705745115194,0.018389199255121023,0.020705745115194
2016-09-07,175.0,175.5,173.0,174.5,174.5,2308,-0.11752150732945417,-0.13504592859384118,-0.11643102377290275,-0.12269032134537594,-0.12269032134537594,0.01512507271669572,0.02466236054022307,0.02486296006264675,0.017937873705702136,0.01488891473769921,0.01620887120256235
2016-09-08,174.5,175.0,172.5,174.5,174.5,2308,-0.1236788008959825,-0.14111802190560208,-0.1226530785354222,-0.12269032134537594,-0.12269032134537594,0.008670520231213872,0.02256079695282739,0.024261396986890973,0.01749271137026239,0.014063226406322567,0.014633200891559337
2016-09-09,172.0,172.0,169.0,170.0,170.0,2308,-0.15446526872862415,-0.17755058177616742,-0.16620746187305843,-0.1780203139925279,-0.1780203139925279,-0.020172910662824207,-0.0032248607446497294,-0.002737583105201419,-0.007444168734491348,-0.011167985109353115,-0.011915140947399077
2016-09-10,167.0,168.0,165.5,165.5,165.5,2308,-0.21603820439390745,-0.22612732827025459,-0.2097618452106947,-0.2333503066396799,-0.2333503066396799,-0.03723094822571266,-0.02818555490311222,-0.027424094025465175,-0.03074670571010249,-0.03521044654308029,-0.036950829211521645
2016-09-12,163.5,164.0,158.0,158.0,158.0,2308,-0.25913925935960574,-0.2747040747643417,-0.3030926666484866,-0.3255669610515998,-0.3255669610515998,-0.06231454005934718,-0.06646971935007386,-0.06729634002361279,-0.06976744186046509,-0.07526629989465067,-0.07755181473192566
2016-09-13,161.0,163.5,158.5,163.0,163.0,2308,-0.2899257271922474,-0.2807761680761026,-0.29687061188596714,-0.2640891914436532,-0.2640891914436532,-0.019253910950661784,-0.03578822833481225,-0.03512233622730863,-0.03692762186115214,-0.04331494306843524,-0.046690710595574544
2016-09-14,159.5,162.0,156.0,156.0,156.0,2308,-0.3083976078918324,-0.2989924480113853,-0.32798088569856443,-0.3501580688947785,-0.3501580688947785,-0.04,-0.07004470938897168,-0.07105994442238986,-0.07363420427553448,-0.08073070123747784,-0.08495454101085143
2016-09-19,160.5,169.5,160.0,169.5,169.5,2308,-0.29608302075877574,-0.2079110483349719,-0.27820444759840873,-0.1841680909533226,-0.1841680909533226,0.04371921182266006,0.00922893718368569,0.009930486593843041,0.006233303650935064,0.0,-0.0048923679060665914
2016-09-20,169.5,169.5,166.0,168.5,168.5,2308,-0.1852517365612658,-0.2079110483349719,-0.20353979044817522,-0.1964636448749119,-0.1964636448749119,0.03374233128834356,0.006270528515974986,0.0037728355837966187,0.0007423904974016332,-0.004137115839243432,-0.009503282061330503
2016-09-21,167.0,167.5,165.0,167.0,167.0,2308,-0.21603820439390745,-0.23219942158201548,-0.21598389997321413,-0.2149069757572959,-0.2149069757572959,0.013349514563106726,0.002100210021002066,-0.004569839062189628,-0.007429420505200594,-0.01089789149490644,-0.01677951133352955
2016-09-22,168.0,168.5,162.5,164.0,164.0,2308,-0.2037236172608508,-0.2200552349584937,-0.24709417378581144,-0.2517936375220639,-0.2517936375220639,-0.006060606060606061,-0.009661835748792237,-0.02206320810971967,-0.023518904435843934,-0.02612826603325419,-0.03235323040613622
2016-09-23,164.0,166.0,163.0,166.0,166.0,2308,-0.25298196579307747,-0.25041570151729814,-0.24087211902329198,-0.22720252967888524,-0.22720252967888524,-0.005988023952095809,0.007587253414264037,-0.008955223880597015,-0.010137149672033326,-0.012610040447299575,-0.019202363367799114
2016-09-26,165.5,168.0,163.5,166.0,166.0,2308,-0.23451008509349244,-0.22612732827025459,-0.2346500642607725,-0.22720252967888524,-0.22720252967888524,-0.0018039687312087272,0.010039549741405572,-0.008363201911589043,-0.008659301283965295,-0.012022378288299072,-0.01755770368909056
2016-09-29,169.0,171.0,166.0,169.0,169.0,2308,-0.19140903012779414,-0.1896947683996892,-0.20353979044817522,-0.19031586791411725,-0.19031586791411725,0.015624999999999965,0.02610807528840323,0.011370436864153236,0.008955223880597015,0.006072151446600847,0.0015804030027657839
2016-09-30,168.0,169.0,165.5,167.0,167.0,2308,-0.2037236172608508,-0.2139831416467328,-0.2097618452106947,-0.2149069757572959,-0.2149069757572959,0.0036057692307691963,0.00845410628019327,0.00260156093656196,-0.0025384500522622746,-0.0052418394091017124,-0.008509796160696638
2016-10-03,170.0,170.0,166.5,167.0,167.0,2308,-0.17909444299473748,-0.201838955023211,-0.19731773568565575,-0.2149069757572959,-0.2149069757572959,0.0,0.006024096385542169,0.005620232838217607,-0.00313386061781827,-0.004530281354315635,-0.006937561942517288
2016-10-04,167.0,168.0,166.0,168.0,168.0,2308,-0.21603820439390745,-0.22612732827025459,-0.20353979044817522,-0.20261142183570657,-0.20261142183570657,0.0035842293906809693,0.004784688995215379,0.014288589253370947,0.0031347962382445482,0.002147458840372308,0.0
2016-10-05,166.0,169.5,166.0,169.5,169.5,2308,-0.2283527915269641,-0.2079110483349719,-0.20353979044817522,-0.1841680909533226,-0.1841680909533226,0.00832837596668653,0.013755980861244087,0.023550724637681195,0.011487393704311571,0.011457214464733186,0.008728426899424728
2016-10-06,170.0,170.0,167.0,168.5,168.5,2308,-0.17909444299473748,-0.201838955023211,-0.19109568092313628,-0.1964636448749119,-0.1964636448749119,0.002976190476190476,0.007775119617224949,0.016284680337756263,0.007022262064843935,0.005369928400954688,0.0030757019545590634
2016-10-07,168.0,168.5,166.0,166.5,166.5,2308,-0.2037236172608508,-0.2200552349584937,-0.20353979044817522,-0.22105475271809055,-0.22105475271809055,-0.00833829660512213,-0.0038887227041579757,0.0008014425966739676,-0.002396644697423641,-0.006088825214899774,-0.008239849101558578
2016-10-11,168.0,168.5,163.0,165.0,165.0,2308,-0.2037236172608508,-0.2200552349584937,-0.24087211902329198,-0.23949808360047456,-0.23949808360047456,-0.014925373134328358,-0.013452914798206279,-0.009009009009009009,-0.008562415502478661,-0.01504297994269347,-0.016197952896750484
2016-10-12,163.0,164.5,162.5,164.0,164.0,2308,-0.2652965529261341,-0.2686319814525808,-0.24709417378581144,-0.2517936375220639,-0.2517936375220639,-0.01619676064787036,-0.0182580065848549,-0.018160047894631798,-0.011452682338758322,-0.01984221850346637,-0.020798089362125505
2016-10-13,165.0,165.0,162.0,164.5,164.5,2308,-0.24066737866002078,-0.26255988814081993,-0.2533162285483309,-0.24564586056126922,-0.24564586056126922,-0.0072420036210017425,-0.014379868184541676,-0.013197360527894353,-0.006792452830188679,-0.016148325358851606,-0.01654045436428864
2016-10-14,164.5,165.0,164.0,164.0,164.0,2308,-0.2468246722265491,-0.26255988814081993,-0.22842800949825307,-0.2517936375220639,-0.2517936375220639,-0.004854368932038904,-0.014423076923076957,-0.014423076923076957,-0.00936273029296292,-0.01690444790792467,-0.018747506980454683
2016-10-17,163.5,165.0,160.5,164.5,164.5,2308,-0.25913925935960574,-0.26255988814081993,-0.27198239283588926,-0.24564586056126922,-0.24564586056126922,0.0006082725060826905,-0.009930785434848063,-0.010427110487266815,-0.008289374529012811,-0.011418269230769265,-0.014970059880239521
2016-10-18,164.5,165.0,163.5,165.0,165.0,2308,-0.2468246722265491,-0.26255988814081993,-0.2346500642607725,-0.23949808360047456,-0.23949808360047456,0.0036496350364963156,-0.005724615848146964,-0.00781719783523759,-0.005874378671486636,-0.006143838091796231,-0.011976047904191617
2016-10-19,164.5,168.0,164.5,168.0,168.0,2308,-0.2468246722265491,-0.22612732827025459,-0.2222059547357336,-0.20261142183570657,-0.20261142183570657,0.01694915254237295,0.012353118409159454,0.009413178449829739,0.008554705087798358,0.01351351351351357,0.006188860051906556
2016-10-20,168.0,169.0,166.5,168.0,168.0,2308,-0.2037236172608508,-0.2139831416467328,-0.19731773568565575,-0.20261142183570657,-0.20261142183570657,0.012658227848101231,0.013268998793727314,0.008605163097858737,0.009009009009009009,0.014002897151134676,0.006088431979239525
2016-10-21,168.0,168.0,165.0,166.0,166.0,2308,-0.2037236172608508,-0.22612732827025459,-0.21598389997321413,-0.22720252967888524,-0.22720252967888524,-0.0018039687312087272,0.0027182120205375333,-0.0022039671408535817,-0.002253944402704733,0.0018105009052505213,-0.004398240703718434
2016-10-24,167.5,167.5,165.5,166.0,166.0,2308,-0.20988091082737914,-0.23219942158201548,-0.2097618452106947,-0.22720252967888524,-0.22720252967888524,-0.0036014405762304583,0.0030211480362537764,-0.0018039687312087272,-0.0019540057117089353,-0.00012046741356469239,-0.0026036451031444248
2016-10-25,166.0,168.5,165.5,168.0,168.0,2308,-0.2283527915269641,-0.2200552349584937,-0.2097618452106947,-0.20261142183570657,-0.20261142183570657,0.004784688995215379,0.013268998793727314,0.009817671809256617,0.008857528899564596,0.01070869931416196,0.010728968214178269
2016-10-26,168.0,168.0,166.0,166.0,166.0,2308,-0.2037236172608508,-0.22612732827025459,-0.20353979044817522,-0.22720252967888524,-0.22720252967888524,-0.004796163069544433,0.0,-0.0014036494886704638,-0.0031526797778111734,-0.0037210418917297114,0.0004017677782241636
2016-10-27,165.5,167.0,164.5,164.5,164.5,2308,-0.23451008509349244,-0.23827151489377638,-0.2222059547357336,-0.24564586056126922,-0.24564586056126922,-0.009632751354605625,-0.009036144578313253,-0.008438818565400878,-0.011715229798738293,-0.011537074870808723,-0.007541478129713424
2016-10-28,166.0,168.5,165.0,168.5,168.5,2308,-0.2283527915269641,-0.2200552349584937,-0.21598389997321413,-0.1964636448749119,-0.1964636448749119,0.011404561824729927,0.012316010814058346,0.015672091621458675,0.012468078714135427,0.012498497776709605,0.015978293638830302
2016-10-31,166.5,167.5,165.0,166.5,166.5,2308,-0.22219549796043578,-0.23219942158201548,-0.21598389997321413,-0.22105475271809055,-0.22105475271809055,-0.0011997600479903337,-0.0009000900090009342,0.0036166365280288987,0.0006009615384615042,0.0006009615384615042,0.002207062600321073
2016-11-01,165.5,166.0,164.5,165.5,165.5,2308,-0.23451008509349244,-0.25041570151729814,-0.2222059547357336,-0.2333503066396799,-0.2333503066396799,-0.0042117930204572124,-0.007198560287942344,-0.0026114905584572346,-0.004960168345107402,-0.005767151267571837,-0.00431164143186605
2016-11-02,164.0,165.5,163.5,164.5,164.5,2308,-0.25298196579307747,-0.25648779482905903,-0.2346500642607725,-0.24564586056126922,-0.24564586056126922,-0.008438818565400878,-0.011121130147279798,-0.008837115886724253,-0.009930785434848063,-0.011418269230769265,-0.012012012012012012
2016-11-03,164.0,164.5,163.5,163.5,163.5,2308,-0.25298196579307747,-0.2686319814525808,-0.2346500642607725,-0.25794141448285857,-0.25794141448285857,-0.013277006638503251,-0.014466546112115767,-0.014466546112115767,-0.01416943020801926,-0.016837041491280885,-0.016837041491280885
2016-11-04,163.5,164.0,163.0,163.5,163.5,2308,-0.25913925935960574,-0.2747040747643417,-0.24087211902329198,-0.25794141448285857,-0.25794141448285857,-0.007285974499089185,-0.012979172955025691,-0.014268488745980752,-0.012681159420289821,-0.01553468208092493,-0.015850722311396424
2016-11-07,163.5,166.0,163.5,165.0,165.0,2308,-0.25913925935960574,-0.25041570151729814,-0.2346500642607725,-0.23949808360047456,-0.23949808360047456,0.0036496350364963156,-0.003322259136212693,-0.0054249547920434335,-0.0031717263253285347,-0.006024096385542169,-0.006423123243677216
2016-11-08,165.5,167.0,165.0,166.0,166.0,2308,-0.23451008509349244,-0.23827151489377638,-0.21598389997321413,-0.22720252967888524,-0.22720252967888524,0.00911854103343465,0.003931055337163627,0.000200843542880085,0.0025668126226786134,0.00024102193299585466,-0.0008025682182985098
2016-11-09,167.5,168.0,159.5,159.5,159.5,2308,-0.20988091082737914,-0.22612732827025459,-0.2844265023609282,-0.30712363016921584,-0.30712363016921584,-0.024464831804281346,-0.031572556162720034,-0.03567110036275699,-0.035379498034472295,-0.03695205893008093,-0.038674033149171214
2016-11-10,163.5,166.0,162.5,164.5,164.5,2308,-0.25913925935960574,-0.25041570151729814,-0.24709417378581144,-0.24564586056126922,-0.24564586056126922,0.004886988393402635,-0.0012143290831814733,-0.004036326942482284,-0.005140610825521586,-0.005561600773787858,-0.008239549839228342
2016-11-11,158.0,159.5,157.0,157.0,157.0,2308,-0.3268694885914174,-0.3293529145701898,-0.31553677617352555,-0.33786251497318914,-0.33786251497318914,-0.03325123152709363,-0.04004891470498325,-0.04597933967996757,-0.048484848484848485,-0.04825412221144525,-0.051168412570507665
2016-11-14,156.5,158.0,155.0,157.0,157.0,2308,-0.3453413692910024,-0.34756919450547247,-0.34042499522360337,-0.33786251497318914,-0.33786251497318914,-0.02363184079601997,-0.034440344403444,-0.042488310632242336,-0.0463173880030372,-0.046056628995017695,-0.049253128784820306
2016-11-15,157.0,158.5,157.0,157.0,157.0,2308,-0.33918407572447407,-0.34149710119371157,-0.31553677617352555,-0.33786251497318914,-0.33786251497318914,-0.012578616352201259,-0.02936630602782071,-0.03818664488462316,-0.043994519713807245,-0.04419822233045167,-0.04733009708737871
2016-11-16,158.5,159.0,156.5,156.5,156.5,2308,-0.32071219502488907,-0.3354250078819507,-0.32175883093604496,-0.34401029193398386,-0.34401029193398386,-0.01199494949494953,-0.02764833799316551,-0.0375153751537515,-0.04369080354414913,-0.04549890217126133,-0.04815002534211855
2016-11-17,156.0,157.0,153.0,156.0,156.0,2308,-0.35149866285753073,-0.35971338112899426,-0.3653132142736812,-0.3501580688947785,-0.3501580688947785,-0.004467134652201587,-0.026217228464419408,-0.037235136803126914,-0.0432382704691813,-0.0465713237990466,-0.04858711120146372
2016-11-18,154.5,158.0,154.0,157.0,157.0,2308,-0.3699705435571157,-0.34756919450547247,-0.3528691047486423,-0.33786251497318914,-0.33786251497318914,0.0019144862795150695,-0.01598245064243191,-0.0264572137246797,-0.034440344403444,-0.038814742255418165,-0.04024452368823235
2016-11-21,157.0,157.5,154.5,155.5,155.5,2308,-0.33918407572447407,-0.35364128781723336,-0.34664704998612283,-0.3563058458555732,-0.3563058458555732,-0.005754475703324844,-0.01954602774274902,-0.031353820598006635,-0.040567638438994226,-0.04589520186525948,-0.04727866843663843
2016-11-22,155.5,159.0,155.5,158.0,158.0,2308,-0.35765595642405906,-0.3354250078819507,-0.3342029404610839,-0.3255669610515998,-0.3255669610515998,0.008939974457215873,0.0012674271229403589,-0.012705686315350956,-0.022125947702305363,-0.028887523048555557,-0.03057572348910924
2016-11-23,159.0,161.5,158.0,160.5,160.5,2308,-0.31455490145836074,-0.3050645413231462,-0.3030926666484866,-0.2948280762476265,-0.2948280762476265,0.01969504447268103,0.016466117796073428,0.004590027122887461,-0.004959702417854999,-0.011699507389162596,-0.014531313958248101
2016-11-24,159.5,160.5,158.0,158.5,158.5,2308,-0.3083976078918324,-0.317208727946668,-0.3030926666484866,-0.31941918409080516,-0.31941918409080516,0.0037998733375553787,0.007628734901462101,-0.0058540664854693945,-0.015527950310559006,-0.02172571287495377,-0.025614754098360597
2016-11-25,158.0,159.0,158.0,158.0,158.0,2308,-0.3268694885914174,-0.3354250078819507,-0.3030926666484866,-0.3255669610515998,-0.3255669610515998,-0.0006325110689436705,0.003811944091486622,-0.006705783738474411,-0.015422963078361081,-0.022881880024737098,-0.027492819039803048
2016-11-28,157.5,159.5,157.5,158.0,158.0,2308,-0.33302678215794573,-0.3293529145701898,-0.3093147214110061,-0.3255669610515998,-0.3255669610515998,-0.003783102143757846,0.0031746031746031746,-0.003783102143757846,-0.01280849734457989,-0.02094435493865408,-0.026194144838212634
2016-11-29,158.0,160.0,158.0,158.0,158.0,2308,-0.3268694885914174,-0.3232808212584289,-0.3030926666484866,-0.3255669610515998,-0.3255669610515998,-0.003783102143757846,0.002538071065989884,-0.00042176296921127927,-0.01049005793017073,-0.01851161634985706,-0.02479168809793239
2016-11-30,157.0,160.0,157.0,160.0,160.0,2308,-0.33918407572447407,-0.3232808212584289,-0.31553677617352555,-0.3009758532084212,-0.3009758532084212,0.00946372239747634,0.012978790756568607,0.01201771030993046,0.0034493571652556374,-0.00460370785118831,-0.010819165378670788
2016-12-01,159.0,159.5,158.0,158.0,158.0,2308,-0.31455490145836074,-0.3293529145701898,-0.3030926666484866,-0.3255669610515998,-0.3255669610515998,-0.002525252525252561,-0.0009484666455896661,0.0021141649048626397,-0.007381812470551351,-0.015453639082751682,-0.021166752710376813
2016-12-02,155.5,156.5,155.0,156.5,156.5,2308,-0.35765595642405906,-0.36578547444075515,-0.34042499522360337,-0.34401029193398386,-0.34401029193398386,-0.010120177103099268,-0.010120177103099268,-0.007189680693592678,-0.014638753344876366,-0.021875,-0.0285536933581626
2016-12-05,156.5,156.5,155.0,155.5,155.5,2308,-0.3453413692910024,-0.36578547444075515,-0.34042499522360337,-0.3563058458555732,-0.3563058458555732,-0.013324873096446664,-0.016445287792536335,-0.012907321201862028,-0.01799810546258285,-0.02544497367761345,-0.03265940902021773
2016-12-06,156.5,158.5,156.0,157.0,157.0,2308,-0.3453413692910024,-0.34149710119371157,-0.32798088569856443,-0.33786251497318914,-0.33786251497318914,-0.0025412960609911416,-0.006329113924050633,-0.0033855268726195394,-0.005699810006333158,-0.013942971988443655,-0.021095292528317527
2016-12-07,158.0,158.0,156.5,157.0,157.0,2308,-0.3268694885914174,-0.34756919450547247,-0.32175883093604496,-0.33786251497318914,-0.33786251497318914,0.0012755102040815601,-0.004123057405645453,-0.003596361328538161,-0.004912058310885791,-0.012081550465643014,-0.01926080166579912
2016-12-08,158.0,162.5,158.0,162.5,162.5,2308,-0.3268694885914174,-0.2929203546996244,-0.3030926666484866,-0.2702369684044479,-0.2702369684044479,0.030437539632213136,0.028155646947168544,0.028481012658227847,0.030600919613128195,0.022784491440080594,0.015519216748255306
2016-12-09,162.0,164.0,161.0,163.0,163.0,2308,-0.27761114005919074,-0.2747040747643417,-0.26576033807336985,-0.2640891914436532,-0.2640891914436532,0.025157232704402517,0.028066855881425344,0.029040404040404002,0.03180883051115686,0.026060682361827937,0.01981230448383727
2016-12-12,163.0,164.5,161.5,162.0,162.0,2308,-0.2652965529261341,-0.2686319814525808,-0.2595382833108504,-0.27638474536524255,-0.27638474536524255,0.010605115408608787,0.019188424032714764,0.019937040923399728,0.023858429451730168,0.02053672672294312,0.014507880179521947
2016-12-13,162.0,162.0,160.0,161.5,161.5,2308,-0.27761114005919074,-0.2989924480113853,-0.27820444759840873,-0.2825325223260372,-0.2825325223260372,0.0018610421836228995,0.013810420590081534,0.015297569153394827,0.019248974439886473,0.01854187689202824,0.0122218740206831
2016-12-14,162.0,164.0,161.5,163.0,163.0,2308,-0.27761114005919074,-0.2747040747643417,-0.2595382833108504,-0.2640891914436532,-0.2640891914436532,0.003694581280788142,0.021303258145363446,0.02365501360686632,0.026609982679892893,0.027095148078134918,0.0219435736677116
2016-12-15,162.5,162.5,159.5,160.0,160.0,2308,-0.2714538464926624,-0.2929203546996244,-0.2844265023609282,-0.3009758532084212,-0.3009758532084212,-0.011735639283508374,0.0012515644555693905,0.0041841004184099825,0.0064475546469571045,0.009336361342417296,0.0038690787409809114
2016-12-16,159.0,159.5,157.0,157.0,157.0,2308,-0.31455490145836074,-0.3293529145701898,-0.31553677617352555,-0.33786251497318914,-0.33786251497318914,-0.02302426882389539,-0.017829214888958365,-0.014231896190874924,-0.01242333700267334,-0.009588695432753029,-0.013612565445026118
2016-12-19,157.0,158.5,156.5,157.5,157.5,2308,-0.33918407572447407,-0.34149710119371157,-0.32175883093604496,-0.3317147380123945,-0.3317147380123945,-0.01439299123904888,-0.015932521087160333,-0.010885492987230396,-0.00990099009900983,-0.0065598587107354115,-0.008914525432616616
2016-12-20,157.0,158.5,157.0,158.5,158.5,2308,-0.33918407572447407,-0.34149710119371157,-0.31553677617352555,-0.31941918409080516,-0.31941918409080516,-0.004396984924623044,-0.010611735330836385,-0.004813729593972456,-0.0037712130735386195,-0.0006305170239596111,-0.0010504201680671672
2016-12-21,158.5,161.0,157.0,159.5,159.5,2308,-0.32071219502488907,-0.3111366346349071,-0.31553677617352555,-0.30712363016921584,-0.30712363016921584,0.006309148264984227,-0.005920847616079705,0.0016746912288047725,0.0028292989625903087,0.004914314516129039,0.005252100840336195
2016-12-22,158.5,159.0,156.0,156.0,156.0,2308,-0.32071219502488907,-0.3354250078819507,-0.32798088569856443,-0.3501580688947785,-0.3501580688947785,-0.010779961953075389,-0.023779724655819845,-0.019484600879949684,-0.018404907975460193,-0.01713709677419354,-0.015047879616963017
2016-12-23,155.5,156.0,155.0,155.0,155.0,2308,-0.35765595642405906,-0.37185756775251605,-0.34042499522360337,-0.36245362281636784,-0.36245362281636784,-0.014621741894469239,-0.025157232704402517,-0.025157232704402517,-0.023775783341206145,-0.02294503277861817,-0.02094957363933043
2016-12-26,156.0,156.0,155.0,155.5,155.5,2308,-0.35149866285753073,-0.37185756775251605,-0.34042499522360337,-0.3563058458555732,-0.3563058458555732,-0.008922880815806281,-0.01799810546258285,-0.0220125786163522,-0.01985502678852824,-0.019793242561775004,-0.01748104465037919
2016-12-27,155.5,156.0,154.5,155.0,155.0,2308,-0.35765595642405906,-0.37185756775251605,-0.34664704998612283,-0.36245362281636784,-0.36245362281636784,-0.0076824583866836665,-0.017121116043119777,-0.024339068401175036,-0.022082018927444796,-0.022205399949533244,-0.02022756005056883
2016-12-28,155.5,158.0,155.5,157.5,157.5,2308,-0.35765595642405906,-0.34756919450547247,-0.3342029404610839,-0.3317147380123945,-0.3317147380123945,0.010911424903722648,0.0022271714922048637,-0.008810572687224705,-0.0055248618784530384,-0.0056818181818182175,-0.0046345060037917855
2016-12-29,157.0,158.5,156.5,157.0,157.0,2308,-0.33918407572447407,-0.34149710119371157,-0.32175883093604496,-0.33786251497318914,-0.33786251497318914,0.00641025641025641,0.0009563277016257934,-0.009671993271656843,-0.008368861519027247,-0.008462801566249864,-0.008003369839932686
2016-12-30,158.5,159.5,157.5,159.5,159.5,2308,-0.32071219502488907,-0.3293529145701898,-0.3093147214110061,-0.30712363016921584,-0.30712363016921584,0.016571064372211564,0.015276893698281386,0.007580543272267774,0.0064678971446600775,0.0069444444444444085,0.0072623934322703235
2017-01-03,159.0,159.5,158.0,158.5,158.5,2308,-0.31455490145836074,-0.3293529145701898,-0.3030926666484866,-0.31941918409080516,-0.31941918409080516,0.006349206349206349,0.008269720101781243,0.0027414592998734953,-0.0007880220646178094,0.0005049867440980464,0.00031555695803099637
2017-01-04,159.0,159.5,156.5,157.5,157.5,2308,-0.31455490145836074,-0.3293529145701898,-0.32175883093604496,-0.3317147380123945,-0.3317147380123945,-0.0031645569620253164,0.0025461489497135945,-0.0019011406844107184,-0.007248660573589698,-0.0056818181818182175,-0.005891016200294575
2017-01-05,157.5,159.5,157.0,159.0,159.0,2308,-0.33302678215794573,-0.3293529145701898,-0.31553677617352555,-0.3132714071300105,-0.3132714071300105,0.004421983575489505,0.012416427889207186,0.009310198899703779,0.0015748031496062992,0.004041424602172179,0.0038935073134800015
2017-01-06,160.5,162.0,159.5,161.5,161.5,2308,-0.29608302075877574,-0.2989924480113853,-0.2844265023609282,-0.2825325223260372,-0.2825325223260372,0.014447236180904596,0.02474619289340105,0.024529498836963468,0.017643352236925088,0.01892744479495268,0.019034598801135852
2017-01-09,161.5,163.0,160.0,161.5,161.5,2308,-0.2837684336257191,-0.2868482613878635,-0.27820444759840873,-0.2825325223260372,-0.2825325223260372,0.01190476190476194,0.020537124802527645,0.022583368509919773,0.018124507486209612,0.017643352236925088,0.018284993694829797
2017-01-10,161.5,161.5,159.5,160.5,160.5,2308,-0.2837684336257191,-0.3050645413231462,-0.2844265023609282,-0.2948280762476265,-0.2948280762476265,0.003125,0.011023622047244094,0.014966273187183859,0.012298959318826796,0.01006922592825673,0.011448377271295008
2017-01-11,162.0,164.0,160.0,163.5,163.5,2308,-0.27761114005919074,-0.2747040747643417,-0.27820444759840873,-0.25794141448285857,-0.25794141448285857,0.01426799007444176,0.024436090225563947,0.031762726125368096,0.030570438071225933,0.027268157828600172,0.02916491817037343
2017-01-12,164.0,170.0,163.5,169.5,169.5,2308,-0.25298196579307747,-0.201838955023211,-0.2346500642607725,-0.1841680909533226,-0.1841680909533226,0.0379669320269442,0.054104477611940226,0.06514453288646842,0.06620537820412019,0.061630965802329976,0.06480996754266566
2017-01-13,169.0,170.0,167.5,169.0,169.0,2308,-0.19140903012779414,-0.201838955023211,-0.18487362616061684,-0.19031586791411725,-0.19031586791411725,0.025485436893203813,0.043209876543209874,0.05625,0.06005958914850235,0.05677838919459738,0.059229081792541445
2017-01-16,168.0,168.5,166.5,168.0,168.0,2308,-0.2037236172608508,-0.2200552349584937,-0.19731773568565575,-0.20261142183570657,-0.20261142183570657,0.011438892233594254,0.03162419404359844,0.04434314131786153,0.05016408813877172,0.049213090182363195,0.05043768236765316
2017-01-17,167.0,169.0,167.0,169.0,169.0,2308,-0.21603820439390745,-0.2139831416467328,-0.19109568092313628,-0.19031586791411725,-0.19031586791411725,0.0071513706793801465,0.031116534472239134,0.04471460951988452,0.05263157894736835,0.05361596009975059,0.05372544944404037
2017-01-18,167.5,169.0,166.5,168.0,168.0,2308,-0.20988091082737914,-0.2139831416467328,-0.19731773568565575,-0.20261142183570657,-0.20261142183570657,-0.004149377593360929,0.01849045165201583,0.03299856527977049,0.043316255239869546,0.04568654301008343,0.04510108864696734
2017-01-19,167.5,170.0,166.5,168.5,168.5,2308,-0.20988091082737914,-0.201838955023211,-0.19731773568565575,-0.1964636448749119,-0.1964636448749119,0.0,0.015672091621458675,0.031422158743113604,0.04350518656138725,0.047364495275982126,0.045717832023169265
2017-01-20,170.5,172.0,169.5,170.5,170.5,2308,-0.17293714942820915,-0.17755058177616742,-0.159985407110539,-0.17187253703173325,-0.17187253703173325,0.010071090047393297,0.022182254196642617,0.037946428571428485,0.05117139334155371,0.057036577805331605,0.056381660470879766
2017-01-23,172.5,175.0,171.0,173.5,173.5,2308,-0.14830797516209582,-0.14111802190560208,-0.14131924282298058,-0.13498587526696526,-0.13498587526696526,0.021188934667451406,0.03273809523809524,0.0502421307506054,0.06360153256704981,0.07125216102741412,0.07264296754250386
2017-01-24,172.0,174.5,172.0,174.0,174.0,2308,-0.15446526872862415,-0.14719011521736297,-0.12887513329794167,-0.1288380983061706,-0.1288380983061706,0.01813926272674075,0.027457927369353444,0.04672147583717674,0.0606522401706796,0.069979092362563,0.07308048103607767
2017-02-02,179.0,179.5,170.0,170.0,170.0,2308,-0.06826315879722752,-0.08646918209975402,-0.15376335234801952,-0.1780203139925279,-0.1780203139925279,-0.007589025102160019,0.0,0.017557861133280152,0.03155339805825236,0.042433161638459574,0.046583213626102994
2017-02-03,171.5,172.0,169.5,172.0,172.0,2308,-0.16062256229515248,-0.17755058177616742,-0.159985407110539,-0.15342920614934927,-0.15342920614934927,0.0,0.010279001468428781,0.024215958713775285,0.0391179580123848,0.05147328524269463,0.05694387546087678
2017-02-06,172.0,175.0,171.5,175.0,175.0,2308,-0.15446526872862415,-0.14111802190560208,-0.13509718806046114,-0.11654254438458128,-0.11654254438458128,0.012145748987854218,0.02429031314018148,0.0365251727541954,0.05152471083070445,0.06486552269684798,0.0720849499693691
2017-02-07,173.0,174.0,172.0,174.0,174.0,2308,-0.14215068159556749,-0.15326220852912384,-0.12887513329794167,-0.1288380983061706,-0.1288380983061706,0.005780346820809248,0.014873140857392893,0.02554027504911597,0.04098115465151058,0.053906723198061814,0.062271062271062196
2017-02-08,174.0,175.0,173.0,175.0,175.0,2308,-0.12983609446251082,-0.14111802190560208,-0.11643102377290275,-0.11654254438458128,-0.11654254438458128,0.01039260969976912,0.01714617843650095,0.02559093572963474,0.04182169965768719,0.05497950325536535,0.06458481192334994
2017-02-09,173.0,175.5,172.0,175.0,175.0,2308,-0.14215068159556749,-0.13504592859384118,-0.12887513329794167,-0.11654254438458128,-0.11654254438458128,0.004592422502870329,0.013024602026049204,0.021003500583430538,0.03642286052709509,0.0499160067194624,0.061034761519805955
2017-02-10,175.0,178.5,174.5,175.0,175.0,2308,-0.11752150732945417,-0.09861336872327581,-0.09776485948534437,-0.11654254438458128,-0.11654254438458128,0.0011441647597253354,0.009227220299884627,0.018823986027556684,0.031535514294134946,0.0455251523479508,0.0577213659715927
2017-02-13,173.0,175.0,171.5,175.0,175.0,2308,-0.14215068159556749,-0.14111802190560208,-0.13509718806046114,-0.11654254438458128,-0.11654254438458128,0.0011441647597253354,0.00661489790048896,0.01645692158760896,0.027447526787024876,0.041046995835812054,0.053687907676868984
2017-02-14,176.0,176.5,174.0,175.5,175.5,2308,-0.10520692019639752,-0.12290174197031938,-0.10398691424786383,-0.11039476742378662,-0.11039476742378662,0.0022844089091947784,0.008330939385234062,0.016409266409266467,0.026165765239000112,0.04006163328197221,0.0523685788526883
2017-02-15,175.5,176.5,175.0,175.5,175.5,2308,-0.11136421376292584,-0.12290174197031938,-0.0915428047228249,-0.11039476742378662,-0.11039476742378662,0.0017123287671233526,0.007462686567164245,0.013864818024263465,0.021685344200261938,0.035887144374926294,0.048178379454509236
2017-02-16,175.5,176.0,173.0,175.0,175.0,2308,-0.11136421376292584,-0.12897383528208028,-0.11643102377290275,-0.11654254438458128,-0.11654254438458128,-0.0011415525114154602,0.0017172295363480903,0.008258114077203785,0.015375689004931858,0.028685633670350312,0.041046995835812054
2017-02-17,173.0,174.0,172.0,173.5,173.5,2308,-0.14215068159556749,-0.15326220852912384,-0.12887513329794167,-0.13498587526696526,-0.13498587526696526,-0.008004574042309923,-0.007720903631684269,-0.002300172512938503,0.005505650536076433,0.016403046280023502,0.028859458390986407
2017-02-18,173.5,175.5,173.0,175.5,175.5,2308,-0.13599338802903915,-0.13504592859384118,-0.11643102377290275,-0.11039476742378662,-0.11039476742378662,0.002857142857142857,0.0034305317324184923,0.007269944518844538,0.015184381778741865,0.02475767838374407,0.03692762186115214
2017-02-20,175.5,176.5,173.5,174.0,174.0,2308,-0.11136421376292584,-0.12290174197031938,-0.1102089690103833,-0.1288380983061706,-0.1288380983061706,-0.004006868918145327,-0.00514579759862782,-0.0015302218821729911,0.004763967085318253,0.013041453190498424,0.02513747054202679
2017-02-21,173.0,173.0,170.0,171.0,171.0,2308,-0.14215068159556749,-0.16540639515264563,-0.15376335234801952,-0.1657247600709386,-0.1657247600709386,-0.016110471806674402,-0.02005730659025788,-0.017617770968977382,-0.013129418554321199,-0.0068532930653967174,0.004995592124595911
2017-02-22,172.0,172.5,171.0,172.0,172.0,2308,-0.15446526872862415,-0.17147848846440653,-0.14131924282298058,-0.15342920614934927,-0.15342920614934927,-0.0069284064665126365,-0.012629161882893161,-0.012629161882893161,-0.008502666090214696,-0.0030141432877348147,0.00800937683141243
2017-02-23,170.5,172.5,170.0,171.5,171.5,2308,-0.17293714942820915,-0.17147848846440653,-0.15376335234801952,-0.15957698311014393,-0.15957698311014393,-0.007523148148148214,-0.013517400057520819,-0.015311004784688942,-0.012239020878329733,-0.006373117033603676,0.002630809704764622
2017-02-24,171.5,172.0,170.0,171.0,171.0,2308,-0.16062256229515248,-0.17755058177616742,-0.15376335234801952,-0.1657247600709386,-0.1657247600709386,-0.005235602094240871,-0.01412510810031703,-0.016676250718803944,-0.015260581629714977,-0.009728978457262026,-0.00213966154444665
2017-03-01,168.0,170.0,168.0,168.5,168.5,2308,-0.2037236172608508,-0.201838955023211,-0.17865157139809737,-0.1964636448749119,-0.1964636448749119,-0.01346604215456681,-0.024602026049204053,-0.02900499423741835,-0.028258362168396802,-0.02431962941517075,-0.018065268065268033
2017-03-02,170.0,171.0,168.0,169.5,169.5,2308,-0.17909444299473748,-0.1896947683996892,-0.17865157139809737,-0.1841680909533226,-0.1841680909533226,-0.005865102639296188,-0.015393552134766226,-0.021174205967276174,-0.021221307925508942,-0.018642890226956917,-0.013961605584642267
2017-03-03,169.0,169.5,168.0,168.0,168.0,2308,-0.19140903012779414,-0.2079110483349719,-0.17865157139809737,-0.20261142183570657,-0.20261142183570657,-0.010017678255745366,-0.020122484689413758,-0.02721482339316728,-0.02932254802831136,-0.027327466419638714,-0.02353966870095909
2017-03-06,167.0,168.5,167.0,168.0,168.0,2308,-0.21603820439390745,-0.2200552349584937,-0.19109568092313628,-0.20261142183570657,-0.20261142183570657,-0.005917159763313609,-0.01696898771211238,-0.024579059415521503,-0.028199566160520606,-0.02721482339316728,-0.023255813953488372
2017-03-07,169.5,170.0,167.5,168.0,168.0,2308,-0.1852517365612658,-0.201838955023211,-0.18487362616061684,-0.20261142183570657,-0.20261142183570657,-0.0023752969121140478,-0.01263590949162507,-0.021928973413545584,-0.026228082886538214,-0.026651216685979112,-0.023066485753052927
2017-03-08,167.5,169.5,167.5,169.0,169.0,2308,-0.20988091082737914,-0.2079110483349719,-0.18487362616061684,-0.19031586791411725,-0.19031586791411725,0.002967359050445104,-0.003831417624521106,-0.01361867704280161,-0.019010303294151824,-0.01983528592970646,-0.01744186046511628
2017-03-09,168.0,168.5,166.5,167.0,167.0,2308,-0.2037236172608508,-0.2200552349584937,-0.19731773568565575,-0.2149069757572959,-0.2149069757572959,-0.005952380952380952,-0.013293943870014771,-0.022057388249072885,-0.028363636363636365,-0.029859416753804966,-0.02869329197363321
2017-03-10,165.0,165.5,160.5,161.5,161.5,2308,-0.24066737866002078,-0.25648779482905903,-0.27198239283588926,-0.2825325223260372,-0.2825325223260372,-0.031193761247750383,-0.03983353151010695,-0.049254317111460014,-0.056658878504672834,-0.059953434225844066,-0.05949723381539358
2017-03-13,159.5,162.5,158.0,162.0,162.0,2308,-0.3083976078918324,-0.2929203546996244,-0.3030926666484866,-0.27638474536524255,-0.27638474536524255,-0.021148036253776436,-0.03139013452914798,-0.04198698994677702,-0.05013192612137209,-0.0548424737456243,-0.05539358600583091
2017-03-14,162.0,165.0,162.0,164.5,164.5,2308,-0.27761114005919074,-0.26255988814081993,-0.2533162285483309,-0.24564586056126922,-0.24564586056126922,-0.001820388349514632,-0.012605042016806688,-0.0229657493565631,-0.03249522129098665,-0.03789916949350795,-0.039696438995913665
2017-03-15,165.0,165.0,162.0,164.0,164.0,2308,-0.24066737866002078,-0.26255988814081993,-0.2533162285483309,-0.2517936375220639,-0.2517936375220639,0.0012210012210011516,-0.012940114354498981,-0.02206320810971967,-0.0321628799055768,-0.03857427599953108,-0.04084218734769463
2017-03-16,164.5,167.0,164.0,166.0,166.0,2308,-0.2468246722265491,-0.23827151489377638,-0.22842800949825307,-0.22720252967888524,-0.22720252967888524,0.014669926650366783,0.0012062726176115116,-0.008165704043019363,-0.01760615475662077,-0.024791446363529545,-0.027628624426437577
2017-03-17,167.0,169.0,165.0,169.0,169.0,2308,-0.21603820439390745,-0.2139831416467328,-0.21598389997321413,-0.19031586791411725,-0.19031586791411725,0.023622047244094523,0.018685955394816118,0.010967098703888392,0.0019267822736030154,-0.0057653841628426275,-0.009862318132994846
2017-03-20,168.0,168.5,166.0,167.5,167.5,2308,-0.2037236172608508,-0.2200552349584937,-0.20353979044817522,-0.20875919879650123,-0.20875919879650123,0.007821901323706446,0.009948748869460391,0.003594967046135376,-0.005196733481811433,-0.012847713342762888,-0.017787333854573876
2017-03-21,169.0,169.5,168.0,169.0,169.0,2308,-0.19140903012779414,-0.2079110483349719,-0.17865157139809737,-0.19031586791411725,-0.19031586791411725,0.011370436864153236,0.018379029828261593,0.013391964821107254,0.005653079440642598,-0.002596789423984878,-0.007827788649706513
2017-03-22,166.0,167.0,165.5,167.0,167.0,2308,-0.2283527915269641,-0.23827151489377638,-0.2097618452106947,-0.2149069757572959,-0.2149069757572959,-0.004174120453190153,0.007541478129713424,0.002000000000000057,-0.004174120453190153,-0.01241868716735656,-0.018224573780129302
2017-03-23,168.0,168.5,167.0,168.0,168.0,2308,-0.2037236172608508,-0.2200552349584937,-0.19109568092313628,-0.20261142183570657,-0.20261142183570657,-0.0005948839976204302,0.012963521254145348,0.008605163097858737,0.0026857654431512302,-0.004739336492891062,-0.010989010989011033
2017-03-24,168.0,168.5,166.0,166.5,166.5,2308,-0.2037236172608508,-0.2200552349584937,-0.20353979044817522,-0.22105475271809055,-0.22105475271809055,-0.006563245823388988,0.0009017132551848854,0.00020024028834600383,-0.0046330892243312246,-0.011634809450314662,-0.018181818181818236
2017-03-27,165.0,166.0,164.5,166.0,166.0,2308,-0.24066737866002078,-0.25041570151729814,-0.2222059547357336,-0.22720252967888524,-0.22720252967888524,-0.007770472205618717,-0.004497751124437781,-0.0020040080160321208,-0.005988023952095809,-0.012844909609895318,-0.019395490794525932
2017-03-28,166.5,166.5,163.5,166.0,166.0,2308,-0.22219549796043578,-0.24434360820553727,-0.2346500642607725,-0.22720252967888524,-0.22720252967888524,-0.004199160167966339,-0.00539245056920315,-0.0012033694344162976,-0.004497751124437781,-0.010609131004887359,-0.017654601045467917
2017-03-29,166.0,166.5,163.5,164.0,164.0,2308,-0.2283527915269641,-0.24434360820553727,-0.2346500642607725,-0.2517936375220639,-0.2517936375220639,-0.012642986152919894,-0.017375674056321185,-0.011254019292604547,-0.015162888455186943,-0.020193571513920393,-0.02728351126927636
2017-03-30,163.5,165.0,163.0,163.5,163.5,2308,-0.25913925935960574,-0.26255988814081993,-0.24087211902329198,-0.25794141448285857,-0.25794141448285857,-0.010290556900726324,-0.018901890189018937,-0.012879855101630061,-0.016393442622950786,-0.021426861383768328,-0.027942925089179484
2017-03-31,163.5,164.0,162.5,162.5,162.5,2308,-0.25913925935960574,-0.2747040747643417,-0.24709417378581144,-0.2702369684044479,-0.2702369684044479,-0.01155717761557181,-0.02108433734939759,-0.019312009656004762,-0.020789394395902314,-0.025194961007798375,-0.0314890235422668
2017-04-05,159.0,165.5,159.0,165.5,165.5,2308,-0.31455490145836074,-0.25648779482905903,-0.29064855712344767,-0.2333503066396799,-0.2333503066396799,0.007303712720632918,-0.0018094089264174388,-0.0026114905584572346,-0.0019598974822854737,-0.005767151267571837,-0.012038603124067335
2017-04-06,165.5,167.0,165.0,166.5,166.5,2308,-0.23451008509349244,-0.23827151489377638,-0.21598389997321413,-0.22105475271809055,-0.22105475271809055,0.012773722627737192,0.005738447598912646,0.002609393817743901,0.004524886877828055,0.0013230695212893846,-0.00428585667297918
2017-04-07,165.5,166.5,164.0,164.0,164.0,2308,-0.23451008509349244,-0.24434360820553727,-0.22842800949825307,-0.2517936375220639,-0.2517936375220639,-0.0024330900243309346,-0.007564296520423601,-0.012444801284624626,-0.00906344410876133,-0.012642986152919894,-0.0172775391990412
2017-04-10,164.5,165.5,163.5,165.5,165.5,2308,-0.2468246722265491,-0.25648779482905903,-0.2346500642607725,-0.2333503066396799,-0.2333503066396799,0.004247572815533911,0.0030303030303030303,-0.0032122063842601775,0.00045337766359370487,-0.0026515608051102674,-0.007198560287942344
2017-04-11,163.5,165.5,163.5,165.0,165.0,2308,-0.25913925935960574,-0.25648779482905903,-0.2346500642607725,-0.23949808360047456,-0.23949808360047456,-0.0018148820326679453,0.0009099181073703712,-0.004624974864267122,-0.0036231884057970672,-0.004945121215776102,-0.00881057268722468
2017-04-12,165.0,167.5,164.0,167.5,167.5,2308,-0.24066737866002078,-0.23219942158201548,-0.22842800949825307,-0.20875919879650123,-0.20875919879650123,0.010863005431502785,0.015151515151515152,0.01045646491051671,0.009796533534287867,0.010253317249698362,0.007014028056112167
2017-04-13,167.5,168.0,165.5,166.0,166.0,2308,-0.20988091082737914,-0.22612732827025459,-0.2097618452106947,-0.22720252967888524,-0.22720252967888524,0.002415458937198102,0.006060606060606061,0.0026172740084558313,0.0003012955709551755,0.0016895969104513706,-0.0010030090270811867
2017-04-14,165.0,166.5,165.0,165.5,165.5,2308,-0.24066737866002078,-0.24434360820553727,-0.21598389997321413,-0.2333503066396799,-0.2333503066396799,-0.0024110910186859896,0.0021192854980320577,0.00020145044319096357,-0.003162174371329653,-0.00048315013890574043,-0.00341228422320351
2017-04-17,165.5,166.5,165.0,165.5,165.5,2308,-0.23451008509349244,-0.24434360820553727,-0.21598389997321413,-0.2333503066396799,-0.2333503066396799,-0.0024110910186859896,0.0009071666162685558,0.0012099213551118489,-0.0030120481927710845,-0.00012083131947807051,-0.0026114905584572346
2017-04-18,167.0,167.0,165.0,165.5,165.5,2308,-0.21603820439390745,-0.23827151489377638,-0.21598389997321413,-0.2333503066396799,-0.2333503066396799,-0.0030120481927710845,-0.000905523694536708,0.0016138793625177321,-0.0019598974822854737,-0.001086431675519114,-0.0021103406692794353
2017-04-19,164.0,165.5,163.5,165.5,165.5,2308,-0.25298196579307747,-0.25648779482905903,-0.2346500642607725,-0.2333503066396799,-0.2333503066396799,-0.0006038647342994826,-0.000905523694536708,0.0018159806295400206,-0.0013576708402473635,-0.0019298034012784537,-0.0016086869093103553
2017-04-20,164.5,166.5,164.5,166.0,166.0,2308,-0.2468246722265491,-0.24434360820553727,-0.2222059547357336,-0.22720252967888524,-0.22720252967888524,0.002415458937198102,0.002415458937198102,0.004842615012106606,0.0025668126226786134,0.0007234145165179922,0.0018105009052505213
2017-04-21,166.0,168.0,166.0,168.0,168.0,2308,-0.2283527915269641,-0.22612732827025459,-0.20353979044817522,-0.20261142183570657,-0.20261142183570657,0.011438892233594254,0.012048192771084338,0.01531023368251409,0.014339622641509434,0.011804384485666152,0.014084507042253579
2017-04-24,169.0,169.5,167.5,169.0,169.0,2308,-0.19140903012779414,-0.2079110483349719,-0.18487362616061684,-0.19031586791411725,-0.19031586791411725,0.013189448441246933,0.01593026750826574,0.019095477386934616,0.020069413007393924,0.017091959557053463,0.019710378117457846
2017-04-25,169.5,171.0,169.0,171.0,171.0,2308,-0.1852517365612658,-0.1896947683996892,-0.16620746187305843,-0.1657247600709386,-0.1657247600709386,0.018463371054198895,0.02425876010781678,0.027644230769230733,0.030741410488245895,0.028633301251203024,0.02981029810298096
2017-04-26,171.5,174.0,171.0,173.0,173.0,2308,-0.16062256229515248,-0.15326220852912384,-0.14131924282298058,-0.14113365222775995,-0.14113365222775995,0.02125147579693031,0.03283582089552239,0.03654883163570997,0.0406015037593985,0.03928871801033276,0.03955933900851283
2017-04-27,173.0,173.0,170.5,171.0,171.0,2308,-0.14215068159556749,-0.16540639515264563,-0.14754129758550005,-0.1657247600709386,-0.1657247600709386,0.003521126760563347,0.017857142857142856,0.022727272727272797,0.02702702702702703,0.026780353068331982,0.026205241048209687
2017-04-28,170.0,172.0,168.5,170.0,170.0,2308,-0.17909444299473748,-0.17755058177616742,-0.1724295166355779,-0.1780203139925279,-0.1780203139925279,-0.004683840749414586,0.009201543484713633,0.014319809069212444,0.019184652278177387,0.020040801632065303,0.018981018981018925
2017-05-02,171.5,175.0,170.5,174.0,174.0,2308,-0.16062256229515248,-0.14111802190560208,-0.14754129758550005,-0.1288380983061706,-0.1288380983061706,0.012805587892898653,0.027761370348493727,0.03468780971258678,0.03989242492155991,0.04254044337926899,0.04129263913824061
2017-05-03,173.0,176.5,173.0,176.0,176.0,2308,-0.14215068159556749,-0.12290174197031938,-0.11643102377290275,-0.10424699046299196,-0.10424699046299196,0.01851851851851845,0.033167009098914034,0.042036708111308434,0.047619047619047616,0.05212816834050693,0.051792828685258904
2017-05-04,174.5,175.5,173.5,175.5,175.5,2308,-0.1236788008959825,-0.13504592859384118,-0.1102089690103833,-0.11039476742378662,-0.11039476742378662,0.012694748990190356,0.024219433907207506,0.03580562659846545,0.04154302670623145,0.04676130263628775,0.04713603818615755
2017-05-05,175.5,175.5,171.5,172.0,172.0,2308,-0.11136421376292584,-0.13504592859384118,-0.13509718806046114,-0.15342920614934927,-0.15342920614934927,-0.008645533141210375,0.0002907822041291734,0.01275760549558385,0.019108280254777035,0.024419297200714677,0.02564102564102571
2017-05-08,173.5,173.5,169.5,170.0,170.0,2308,-0.13599338802903915,-0.15933430184088473,-0.159985407110539,-0.1780203139925279,-0.1780203139925279,-0.020172910662824207,-0.012489108335753736,-0.000783699059561084,0.005470944846961475,0.011062210063042784,0.013110846245530324
2017-05-09,169.0,170.5,169.0,170.0,170.0,2308,-0.19140903012779414,-0.1957668617114501,-0.16620746187305843,-0.1780203139925279,-0.1780203139925279,-0.015634047481181173,-0.013062409288824383,-0.0025425386270291634,0.004134672179562838,0.009501187648456023,0.012708498808578191
2017-05-10,170.5,170.5,169.0,170.0,170.0,2308,-0.17293714942820915,-0.1957668617114501,-0.16620746187305843,-0.1780203139925279,-0.1780203139925279,-0.008746355685131196,-0.012489108335753736,-0.004295197188598126,0.0026540843409023213,0.00770598695909906,0.012005159241988372
2017-05-11,170.0,171.5,169.0,171.5,171.5,2308,-0.17909444299473748,-0.18362267508792832,-0.16620746187305843,-0.15957698311014393,-0.15957698311014393,0.004686584651435333,-0.0029069767441860465,0.0021425788858590237,0.010309278350515464,0.015153308867053406,0.019821605550049613
2017-05-12,171.0,172.0,169.5,170.0,170.0,2308,-0.16677985586168081,-0.17755058177616742,-0.159985407110539,-0.1780203139925279,-0.1780203139925279,-0.0017615971814445763,-0.011052937754508468,-0.008168028004667477,0.00029420417769939025,0.005441211260941492,0.010101010101010032
2017-05-15,170.5,170.5,168.5,169.0,169.0,2308,-0.17293714942820915,-0.1957668617114501,-0.1724295166355779,-0.19031586791411725,-0.19031586791411725,-0.006466784244561989,-0.016298020954598435,-0.014385692068429249,-0.006612784717119765,-0.001654064272211727,0.003165809259992074
2017-05-16,168.5,170.0,168.5,169.0,169.0,2308,-0.19756632369432248,-0.201838955023211,-0.1724295166355779,-0.19031586791411725,-0.19031586791411725,-0.005297233666862894,-0.013426736719206137,-0.014385692068429249,-0.0076335877862596085,-0.0024790461574783823,0.002075303883782949
2017-05-17,169.0,169.0,166.0,167.0,167.0,2308,-0.19140903012779414,-0.2139831416467328,-0.20353979044817522,-0.2149069757572959,-0.2149069757572959,-0.01358535144713533,-0.01995305164319252,-0.02453271028037377,-0.019809244314013204,-0.014749262536873156,-0.010663507109004806
2017-05-18,166.0,167.0,165.0,167.0,167.0,2308,-0.2283527915269641,-0.23827151489377638,-0.21598389997321413,-0.2149069757572959,-0.2149069757572959,-0.008313539192399083,-0.015039811265113601,-0.022248243559719036,-0.020240539747726542,-0.01463299504366291,-0.01095647023985783
2017-05-19,167.0,167.5,166.0,166.0,166.0,2308,-0.21603820439390745,-0.23219942158201548,-0.20353979044817522,-0.22720252967888524,-0.22720252967888524,-0.009546539379474906,-0.017460787215152346,-0.026202581149784916,-0.026107362863009614,-0.020533396270946365,-0.016781836130306076
2017-05-22,167.5,167.5,166.0,167.0,167.0,2308,-0.20988091082737914,-0.23219942158201548,-0.20353979044817522,-0.2149069757572959,-0.2149069757572959,-0.0011961722488037598,-0.009783575452119808,-0.019185591229444087,-0.01995305164319252,-0.014981715229444333,-0.011444356748224173
2017-05-23,166.5,167.5,166.0,167.0,167.0,2308,-0.22219549796043578,-0.23219942158201548,-0.20353979044817522,-0.2149069757572959,-0.2149069757572959,0.001199040767386023,-0.008019008019007986,-0.01648998822143705,-0.01937756899588967,-0.01533018867924525,-0.011736857678271942
2017-05-24,166.5,167.0,165.5,166.5,166.5,2308,-0.22219549796043578,-0.23827151489377638,-0.2097618452106947,-0.22105475271809055,-0.22105475271809055,-0.0011997600479903337,-0.008928571428571428,-0.0157635467980295,-0.021020138174334787,-0.018509785427965025,-0.014987182015381571
2017-05-25,166.0,167.5,165.5,167.5,167.5,2308,-0.2283527915269641,-0.23219942158201548,-0.2097618452106947,-0.20875919879650123,-0.20875919879650123,0.00419664268585125,-0.0005966587112171499,-0.00672069578968171,-0.013545347467609018,-0.013080367664388397,-0.009071189114573051
2017-05-26,167.5,168.0,166.5,167.5,167.5,2308,-0.20988091082737914,-0.22612732827025459,-0.19731773568565575,-0.20875919879650123,-0.20875919879650123,0.002393776181927024,0.0008963250672244141,-0.004950495049505006,-0.012527634487840826,-0.013429143597596897,-0.009364218827008434
2017-05-31,167.5,167.5,166.0,166.0,166.0,2308,-0.20988091082737914,-0.23219942158201548,-0.20353979044817522,-0.22720252967888524,-0.22720252967888524,-0.00539245056920315,-0.006285543250523863,-0.012296707655692164,-0.020215434558064106,-0.02180318208603411,-0.018332347723240654
2017-06-01,167.0,167.5,166.0,167.0,167.0,2308,-0.21603820439390745,-0.23219942158201548,-0.20353979044817522,-0.2149069757572959,-0.2149069757572959,0.0005991611743558677,0.0008990110878034503,-0.0051628276409849535,-0.01227266006210255,-0.015446291710883176,-0.012710611882944166
2017-06-02,168.0,169.0,167.5,169.0,169.0,2308,-0.2037236172608508,-0.2139831416467328,-0.18487362616061684,-0.19031586791411725,-0.19031586791411725,0.009557945041815976,0.011673151750972693,0.0071513706793801465,0.0016298710920136653,-0.0031850890645274983,-0.0015754233950374945
2017-06-03,169.5,169.5,168.5,169.0,169.0,2308,-0.1852517365612658,-0.2079110483349719,-0.1724295166355779,-0.19031586791411725,-0.19031586791411725,0.0077519379844961924,0.01046337817638266,0.008152714257307661,0.0035629453681709877,-0.002243476207344406,-0.0022631112860375426
2017-06-05,168.5,169.5,168.5,169.5,169.5,2308,-0.19756632369432248,-0.2079110483349719,-0.1724295166355779,-0.1841680909533226,-0.1841680909533226,0.00832837596668653,0.011336515513126526,0.011336515513126526,0.0072797504085573865,0.001063075832742776,0.0
2017-06-06,169.0,169.0,164.0,166.0,166.0,2308,-0.19140903012779414,-0.2139831416467328,-0.22842800949825307,-0.22720252967888524,-0.22720252967888524,-0.012492563950029711,-0.008955223880597015,-0.008363201911589043,-0.012345679012345612,-0.018680539134547154,-0.020263623844186528
2017-06-07,165.0,167.5,165.0,167.5,167.5,2308,-0.24066737866002078,-0.23219942158201548,-0.21598389997321413,-0.20875919879650123,-0.20875919879650123,-0.004161712247324546,-0.0002984183825724343,0.0011954572624028011,-0.0026793688597796287,-0.00828892835997635,-0.011118764144445493
2017-06-08,167.5,168.0,165.5,166.5,166.5,2308,-0.20988091082737914,-0.22612732827025459,-0.2097618452106947,-0.22105475271809055,-0.22105475271809055,-0.007155635062611739,-0.0062667860340197635,-0.004583499402152331,-0.007599463567277638,-0.011986707809162177,-0.016151270435296357
2017-06-09,165.5,166.5,165.0,165.5,165.5,2308,-0.23451008509349244,-0.24434360820553727,-0.21598389997321413,-0.2333503066396799,-0.2333503066396799,-0.008982035928143712,-0.011054675829100654,-0.009970089730807522,-0.011792804896253138,-0.0155841065905306,-0.020613472729065906
2017-06-12,162.5,165.0,162.0,165.0,165.0,2308,-0.2714538464926624,-0.26255988814081993,-0.2533162285483309,-0.23949808360047456,-0.23949808360047456,-0.006622516556291357,-0.012567324955116662,-0.012567324955116662,-0.013305426820152455,-0.016920877025738818,-0.022415325367828566
2017-06-13,164.0,165.0,163.5,164.5,164.5,2308,-0.25298196579307747,-0.26255988814081993,-0.2346500642607725,-0.24564586056126922,-0.24564586056126922,-0.007840772014475339,-0.0146750524109014,-0.014576677316293953,-0.014970059880239521,-0.01861353060493977,-0.024317912218268057
2017-06-14,165.0,165.0,163.0,164.0,164.0,2308,-0.24066737866002078,-0.26255988814081993,-0.24087211902329198,-0.2517936375220639,-0.2517936375220639,-0.00666262870987277,-0.015901590159015936,-0.01639344262295074,-0.01649175412293853,-0.020193571513920393,-0.02535657686212369
2017-06-15,163.5,164.0,163.0,164.0,164.0,2308,-0.25913925935960574,-0.2747040747643417,-0.24087211902329198,-0.2517936375220639,-0.2517936375220639,-0.003645200486026697,-0.012940114354498981,-0.015409245547328374,-0.015606242496998766,-0.018786645925571298,-0.023034154090548098
2017-06-16,163.5,164.0,162.0,163.5,163.5,2308,-0.25913925935960574,-0.2747040747643417,-0.2533162285483309,-0.25794141448285857,-0.25794141448285857,-0.004263093788063268,-0.012681159420289821,-0.016837041491280885,-0.017575484452456127,-0.019901690444790752,-0.02368630573248409
2017-06-19,163.5,164.0,163.0,164.0,164.0,2308,-0.25913925935960574,-0.2747040747643417,-0.24087211902329198,-0.2517936375220639,-0.2517936375220639,0.0,-0.006361708573159717,-0.012444801284624626,-0.013978656245302803,-0.015488053787969818,-0.019138755980861177
2017-06-20,164.0,165.5,164.0,165.5,165.5,2308,-0.25298196579307747,-0.25648779482905903,-0.22842800949825307,-0.2333503066396799,-0.2333503066396799,0.007917174177831983,0.0030303030303030303,-0.0032122063842601775,-0.004511278195488722,-0.005647680845950479,-0.009278659084106623
2017-06-21,165.5,166.5,164.5,165.5,165.5,2308,-0.23451008509349244,-0.24434360820553727,-0.2222059547357336,-0.2333503066396799,-0.2333503066396799,0.0060790273556231,0.004247572815533911,-0.0026114905584572346,-0.004061982849405815,-0.004810583283223159,-0.008388256440982659
2017-06-22,166.0,169.5,166.0,169.5,169.5,2308,-0.2283527915269641,-0.2079110483349719,-0.20353979044817522,-0.1841680909533226,-0.1841680909533226,0.023550724637681195,0.026650514839491254,0.021289415545290208,0.019089132722080335,0.018629807692307657,0.01567961649855193
2017-06-23,170.0,170.0,167.5,169.0,169.0,2308,-0.17909444299473748,-0.201838955023211,-0.18487362616061684,-0.19031586791411725,-0.19031586791411725,0.01379724055188969,0.021456633423995234,0.01827676240208876,0.015624999999999965,0.015136953387794392,0.013189448441246933
2017-06-26,169.0,170.0,168.0,170.0,170.0,2308,-0.19140903012779414,-0.201838955023211,-0.17865157139809737,-0.1780203139925279,-0.1780203139925279,0.01250744490768311,0.024404941247363733,0.024096385542168676,0.020867737576940364,0.020163226116178674,0.019184652278177387
2017-06-27,170.0,170.0,168.0,168.0,168.0,2308,-0.17909444299473748,-0.201838955023211,-0.17865157139809737,-0.20261142183570657,-0.20261142183570657,-0.0023752969121140478,0.010222489476848999,0.011235955056179822,0.008252063015753939,0.007919366450683904,0.007395562662402478
2017-06-28,166.5,169.5,166.0,166.5,166.5,2308,-0.22219549796043578,-0.2079110483349719,-0.20353979044817522,-0.22105475271809055,-0.22105475271809055,-0.012455516014234842,-0.00030021014710304033,0.002609393817743901,-0.0006002400960383813,-0.000960038401536041,-0.0010998900109989228
2017-06-29,168.0,168.0,166.5,167.0,167.0,2308,-0.2037236172608508,-0.22612732827025459,-0.19731773568565575,-0.2149069757572959,-0.2149069757572959,-0.0065437239738250705,0.0008990110878034503,0.005418422636965718,0.003003003003003003,0.001919846412286976,0.0018998100189980775
2017-06-30,165.0,166.5,165.0,166.5,166.5,2308,-0.24066737866002078,-0.24434360820553727,-0.21598389997321413,-0.22105475271809055,-0.22105475271809055,-0.006563245823388988,-0.0038887227041579757,0.0020060180541625447,0.0007513148009015778,-0.0008401344215073594,-0.0009999999999999432
2017-07-03,162.0,163.0,161.5,163.0,163.0,2308,-0.27761114005919074,-0.2868482613878635,-0.2595382833108504,-0.2640891914436532,-0.2640891914436532,-0.019253910950661784,-0.02424423825202042,-0.01826942381047981,-0.018367961457392418,-0.020785774360206705,-0.021412847708625154
2017-07-04,163.0,163.0,161.5,161.5,161.5,2308,-0.2652965529261341,-0.2868482613878635,-0.2595382833108504,-0.2825325223260372,-0.2825325223260372,-0.020618556701030962,-0.030903090309030937,-0.026130653266331714,-0.02608171264887676,-0.028746692326196782,-0.029349894821195988
2017-07-05,162.0,162.0,160.5,162.0,162.0,2308,-0.27761114005919074,-0.2989924480113853,-0.27198239283588926,-0.27638474536524255,-0.27638474536524255,-0.012195121951219513,-0.02585688514732418,-0.022329511164755515,-0.021443672606463373,-0.02456647398843938,-0.025368494936328097
2017-07-06,162.0,162.0,160.5,161.0,161.0,2308,-0.27761114005919074,-0.2989924480113853,-0.27198239283588926,-0.28868029928683187,-0.28868029928683187,-0.011056511056511125,-0.026896343306134718,-0.027190332326283987,-0.02586598094085618,-0.028716216216216162,-0.03031519775145552
2017-07-07,160.0,161.0,159.5,160.0,160.0,2308,-0.30224031432530407,-0.3111366346349071,-0.2844265023609282,-0.3009758532084212,-0.3009758532084212,-0.009287925696594427,-0.027651169857186332,-0.031867688584106574,-0.030303030303030304,-0.03264812575574368,-0.03488488991655774
2017-07-10,160.0,160.5,159.5,160.0,160.0,2308,-0.30224031432530407,-0.317208727946668,-0.2844265023609282,-0.3009758532084212,-0.3009758532084212,-0.005593536357986362,-0.021705900336288664,-0.030303030303030304,-0.028831562974203338,-0.030420555084232276,-0.033427305678614565
2017-07-11,160.0,162.5,160.0,162.5,162.5,2308,-0.30224031432530407,-0.2929203546996244,-0.27820444759840873,-0.2702369684044479,-0.2702369684044479,0.008690254500310402,-0.003067484662576687,-0.013956310679611719,-0.0130580018220468,-0.014434740417273141,-0.01763224181360196
2017-07-12,162.5,162.5,161.0,161.0,161.0,2308,-0.2714538464926624,-0.2929203546996244,-0.26576033807336985,-0.28868029928683187,-0.28868029928683187,0.0006215040397762232,-0.008925823330255394,-0.02127659574468085,-0.02127659574468085,-0.021990037662495472,-0.02552204176334108
2017-07-13,162.5,163.5,161.5,162.5,162.5,2308,-0.2714538464926624,-0.2807761680761026,-0.2595382833108504,-0.2702369684044479,-0.2702369684044479,0.008064516129032329,0.0030864197530864196,-0.009347693558219863,-0.011707465409761357,-0.011917791560257861,-0.015151515151515152
2017-07-14,163.0,163.5,162.5,163.0,163.0,2308,-0.2652965529261341,-0.2807761680761026,-0.24709417378581144,-0.2640891914436532,-0.2640891914436532,0.007416563658838001,0.008351376430559816,-0.0038704420452230137,-0.008515815085158186,-0.008274519347773263,-0.010922330097087447
2017-07-17,163.0,164.0,162.5,164.0,164.0,2308,-0.2652965529261341,-0.2747040747643417,-0.24709417378581144,-0.2517936375220639,-0.2517936375220639,0.008610086100861045,0.013910355486862442,0.004696753114151603,-0.0024330900243309346,-0.001947419668938615,-0.003746076743950638
2017-07-18,163.0,164.0,162.5,163.0,163.0,2308,-0.2652965529261341,-0.2747040747643417,-0.24709417378581144,-0.2640891914436532,-0.2640891914436532,0.0018438844499078758,0.006794317479925845,0.0006138735420503027,-0.007761375741896245,-0.007670765859003963,-0.009218924121163083
2017-07-19,163.5,164.5,163.0,163.5,163.5,2308,-0.25913925935960574,-0.2686319814525808,-0.24087211902329198,-0.25794141448285857,-0.25794141448285857,0.0018382352941177169,0.008947855600123348,0.004917025199754219,-0.004111466423024281,-0.004505601558694648,-0.005373618574470196
2017-07-20,164.0,164.5,163.5,164.5,164.5,2308,-0.25298196579307747,-0.2686319814525808,-0.2346500642607725,-0.24564586056126922,-0.24564586056126922,0.0055012224938875654,0.012931034482758586,0.012100082034454483,0.003507701692847269,0.0014610982588579636,0.0011157318186428874
2017-07-21,164.5,164.5,162.5,163.0,163.0,2308,-0.2468246722265491,-0.2686319814525808,-0.24709417378581144,-0.2640891914436532,-0.2640891914436532,-0.0036674816625916523,0.0018438844499078758,0.0043130006161428746,-0.0038197097020626434,-0.007549926936190995,-0.007509640755023261
2017-07-24,162.0,162.0,160.5,161.5,161.5,2308,-0.27761114005919074,-0.2989924480113853,-0.27198239283588926,-0.2825325223260372,-0.2825325223260372,-0.009809932556713637,-0.008289837273564596,-0.004315659679408068,-0.010416666666666598,-0.016083830876081312,-0.01594394231745714
2017-07-25,161.0,162.0,160.5,161.5,161.5,2308,-0.2899257271922474,-0.2989924480113853,-0.27198239283588926,-0.2825325223260372,-0.2825325223260372,-0.007985257985258055,-0.007680491551459293,-0.004315659679408068,-0.00844205679201842,-0.015123795584827357,-0.015343969108830484
2017-07-26,161.5,162.5,161.0,162.0,162.0,2308,-0.2837684336257191,-0.2929203546996244,-0.26576033807336985,-0.27638474536524255,-0.27638474536524255,-0.003076923076923077,-0.005219527172244362,-0.0012330456226879694,-0.003996311097448544,-0.01123046875000002,-0.01189387008234211
2017-07-27,162.5,164.0,162.0,163.5,163.5,2308,-0.2714538464926624,-0.2747040747643417,-0.2533162285483309,-0.25794141448285857,-0.25794141448285857,0.007393715341959264,0.0033752684872661027,0.006980086224594492,0.006308662871210991,-0.0006112469437652465,-0.0026433509556730607
2017-07-28,163.5,163.5,161.5,162.0,162.0,2308,-0.25913925935960574,-0.2807761680761026,-0.2595382833108504,-0.27638474536524255,-0.27638474536524255,-0.0006169031462060106,-0.005219527172244362,-0.003076923076923077,-0.0015408320493066256,-0.008082292432035227,-0.011491914980168773
2017-07-31,161.5,162.0,159.0,160.5,160.5,2308,-0.2837684336257191,-0.2989924480113853,-0.29064855712344767,-0.2948280762476265,-0.2948280762476265,-0.008647313156269336,-0.012307692307692308,-0.012510254306808848,-0.010023130300693909,-0.014974837363446654,-0.019947079177691916
2017-08-01,160.5,162.0,159.5,160.5,160.5,2308,-0.29608302075877574,-0.2989924480113853,-0.2844265023609282,-0.2948280762476265,-0.2948280762476265,-0.007421150278293065,-0.01078582434514638,-0.011699507389162596,-0.009717723276260921,-0.013157894736842023,-0.018948655256723682
2017-08-02,161.5,163.0,161.0,163.0,163.0,2308,-0.2837684336257191,-0.2868482613878635,-0.26576033807336985,-0.2640891914436532,-0.2640891914436532,0.006794317479925845,0.004932182490752228,0.0028712059064807337,0.005397070161912105,0.003076923076923077,-0.003159718683110875
2017-08-03,160.5,162.5,160.5,161.5,161.5,2308,-0.29608302075877574,-0.2929203546996244,-0.27198239283588926,-0.2825325223260372,-0.2825325223260372,0.0,-0.002470660901791264,-0.0059499384489126094,-0.004008633980881934,-0.004806507271382802,-0.010719754977029096
2017-08-04,161.5,162.5,161.0,162.0,162.0,2308,-0.2837684336257191,-0.2929203546996244,-0.26576033807336985,-0.27638474536524255,-0.27638474536524255,0.0030959752321981426,0.0012360939431396083,-0.002463054187192153,-0.0015408320493066256,-0.0006169031462060106,-0.0062365811266742455
2017-08-07,162.0,162.5,161.5,162.5,162.5,2308,-0.27761114005919074,-0.2929203546996244,-0.2595382833108504,-0.2702369684044479,-0.2702369684044479,0.0037059913526868086,0.0037059913526868086,0.0012322858903264856,0.0007698229407236335,0.0025913129318854114,-0.0016383370878559078
2017-08-08,162.5,163.0,162.0,162.5,162.5,2308,-0.2714538464926624,-0.2868482613878635,-0.2533162285483309,-0.2702369684044479,-0.2702369684044479,0.0012322858903264856,0.0030864197530864196,0.001437962202136319,0.0007698229407236335,0.0023439427584505024,-0.0005125576627371161
2017-08-09,163.0,163.0,161.5,162.0,162.0,2308,-0.2652965529261341,-0.2868482613878635,-0.2595382833108504,-0.27638474536524255,-0.27638474536524255,-0.0006169031462060106,0.0,-0.0010277492291880198,-0.0026165922733570037,-0.0007401924500370377,-0.0026677611327724426
2017-08-10,162.0,162.0,160.0,160.0,160.0,2308,-0.27761114005919074,-0.2989924480113853,-0.27820444759840873,-0.3009758532084212,-0.3009758532084212,-0.011124845488257177,-0.010207237859573186,-0.011532125205930853,-0.01417128773875546,-0.01283316880552821,-0.013563501849568366
2017-08-11,159.0,159.5,158.5,159.5,159.5,2308,-0.31455490145836074,-0.3293529145701898,-0.29687061188596714,-0.30712363016921584,-0.30712363016921584,-0.01115933044017366,-0.011771995043370544,-0.013198597648999747,-0.016191210485736313,-0.015796618536344578,-0.015229471084585318
2017-08-14,160.0,160.5,157.0,158.5,158.5,2308,-0.30224031432530407,-0.317208727946668,-0.31553677617352555,-0.31941918409080516,-0.31941918409080516,-0.012461059190031152,-0.016749379652605388,-0.018170555440842475,-0.020698177324683313,-0.021604938271604937,-0.020496446595941888
2017-08-15,160.0,161.0,159.5,160.5,160.5,2308,-0.30224031432530407,-0.3111366346349071,-0.2844265023609282,-0.2948280762476265,-0.2948280762476265,0.002498438475952565,-0.0043424317617865305,-0.005370791158851524,-0.0075745864894110025,-0.008769762845849726,-0.007932419903162655
2017-08-16,160.5,161.0,159.0,160.5,160.5,2308,-0.29608302075877574,-0.3111366346349071,-0.29064855712344767,-0.2948280762476265,-0.2948280762476265,0.004380475594493045,-0.002795899347623415,-0.004754030591153451,-0.006653257001392472,-0.008647313156269336,-0.007625721352019704
2017-08-17,160.5,162.0,160.0,162.0,162.0,2308,-0.29608302075877574,-0.2989924480113853,-0.27820444759840873,-0.27638474536524255,-0.27638474536524255,0.011235955056179848,0.006211180124223602,0.005170630816959728,0.0034066274388356234,0.0007412898443291609,0.001442406758705873
2017-08-18,161.0,161.5,159.5,160.0,160.0,2308,-0.2899257271922474,-0.3050645413231462,-0.2844265023609282,-0.3009758532084212,-0.3009758532084212,-0.0018714909544604575,-0.004975124378109523,-0.00641689091285447,-0.008059516429014328,-0.010880316518298658,-0.010921079744488027
2017-08-21,159.5,161.0,159.5,160.0,160.0,2308,-0.3083976078918324,-0.3111366346349071,-0.2844265023609282,-0.3009758532084212,-0.3009758532084212,-0.003735990037359865,-0.003425724073497423,-0.006211180124223602,-0.007598077221274581,-0.009900990099009866,-0.010921079744488027
2017-08-22,160.5,162.5,160.5,162.0,162.0,2308,-0.29608302075877574,-0.2929203546996244,-0.27198239283588926,-0.27638474536524255,-0.27638474536524255,0.006836544437538808,0.009345794392523364,0.0055865921787709855,0.004651162790697674,0.00272344639762316,0.0015455950540958269
2017-08-23,163.0,163.0,160.5,162.5,162.5,2308,-0.2652965529261341,-0.2868482613878635,-0.27198239283588926,-0.2702369684044479,-0.2702369684044479,0.007439553626782322,0.01214574898785418,0.00889900662251658,0.007595721593551352,0.006067360079247088,0.004326328800988805
2017-08-24,162.0,163.0,161.0,162.0,162.0,2308,-0.27761114005919074,-0.2868482613878635,-0.26576033807336985,-0.27638474536524255,-0.27638474536524255,0.004339739615622991,0.007776049766718507,0.0055865921787709855,0.0049627791563276145,0.0035931111386446075,0.0013392397239105917
2017-08-25,162.0,162.5,159.5,161.0,161.0,2308,-0.27761114005919074,-0.2929203546996244,-0.2844265023609282,-0.28868029928683187,-0.28868029928683187,-0.0030959752321981426,0.0006215040397762232,-0.0002069964810598102,-0.0009308098045299763,-0.0021073509359117604,-0.004431619086880358
2017-08-28,161.0,163.0,160.5,162.5,162.5,2308,-0.2899257271922474,-0.2868482613878635,-0.27198239283588926,-0.2702369684044479,-0.2702369684044479,0.0030864197530864196,0.007439553626782322,0.009107845166632178,0.007751937984496124,0.006940141281447544,0.005154639175257791
2017-08-29,161.5,162.5,160.5,161.5,161.5,2308,-0.2837684336257191,-0.2929203546996244,-0.27198239283588926,-0.2825325223260372,-0.2825325223260372,-0.002470660901791264,0.0006195786864931494,0.003313315386208313,0.0012399256044636616,0.0007435865658694048,-0.0007218727441477214
2017-08-30,161.5,164.5,161.5,163.0,163.0,2308,-0.2837684336257191,-0.2686319814525808,-0.2595382833108504,-0.2640891914436532,-0.2640891914436532,0.006172839506172839,0.008351376430559816,0.012212792382529508,0.010539367637941652,0.009788130343204143,0.008663366336633699
2017-08-31,164.0,165.5,163.5,165.5,165.5,2308,-0.25298196579307747,-0.25648779482905903,-0.2346500642607725,-0.2333503066396799,-0.2333503066396799,0.01720958819913959,0.021604938271604937,0.025402726146220533,0.02476780185758514,0.02476780185758514,0.023922458238812176
2017-09-01,165.0,165.5,163.5,164.0,164.0,2308,-0.24066737866002078,-0.25648779482905903,-0.2346500642607725,-0.2517936375220639,-0.2517936375220639,0.004286589099816219,0.009852216748768438,0.01422387136672858,0.014851485148514887,0.014977101126376948,0.01443298969072171
2017-09-04,164.0,164.0,161.5,161.5,161.5,2308,-0.25298196579307747,-0.2747040747643417,-0.2595382833108504,-0.2825325223260372,-0.2825325223260372,-0.009809932556713637,-0.006459550907413173,-0.002470660901791264,-0.0003095017022594328,-0.0007424823660438346,-0.0010309278350514879
2017-09-05,162.0,163.0,161.5,162.5,162.5,2308,-0.27761114005919074,-0.2868482613878635,-0.2595382833108504,-0.2702369684044479,-0.2702369684044479,-0.0048989589712186855,-0.0006150061500614657,0.002880065830076128,0.005880532342927815,0.004947433518862161,0.004947433518862161
2017-09-06,161.5,162.0,161.0,161.0,161.0,2308,-0.2837684336257191,-0.2989924480113853,-0.26576033807336985,-0.28868029928683187,-0.28868029928683187,-0.01166359729895645,-0.008925823330255394,-0.006581653640477147,-0.0030959752321981426,-0.0038361588912263615,-0.0041237113402061275
2017-09-07,162.5,163.0,161.0,161.0,161.0,2308,-0.2714538464926624,-0.2868482613878635,-0.26576033807336985,-0.28868029928683187,-0.28868029928683187,-0.006172839506172839,-0.008315368032029532,-0.006172839506172839,-0.003404518724853057,-0.003712871287128678,-0.0036101083032491557
2017-09-08,162.5,163.0,161.5,163.0,163.0,2308,-0.2714538464926624,-0.2868482613878635,-0.2595382833108504,-0.2640891914436532,-0.2640891914436532,0.007416563658838001,0.0027683789603198316,0.004932182490752228,0.007883753284897238,0.008413758970551929,0.008559348252036665
2017-09-11,163.5,163.5,161.0,161.0,161.0,2308,-0.25913925935960574,-0.2807761680761026,-0.26576033807336985,-0.28868029928683187,-0.28868029928683187,-0.004329004329004259,-0.008620689655172448,-0.007806080525883401,-0.0052517763361136505,-0.003589553162520191,-0.003918333677046767
2017-09-12,161.5,163.5,160.5,163.0,163.0,2308,-0.2837684336257191,-0.2807761680761026,-0.27198239283588926,-0.2640891914436532,-0.2640891914436532,0.007416563658838001,0.0027683789603198316,0.004106776180698093,0.0063281370581880275,0.008663366336633699,0.007935689992785724
2017-09-13,163.0,163.0,160.0,160.0,160.0,2308,-0.2652965529261341,-0.2868482613878635,-0.27820444759840873,-0.3009758532084212,-0.3009758532084212,-0.009900990099009866,-0.01386748844375963,-0.013360739979444957,-0.012040753318925524,-0.009410599306587481,-0.010003093740332107
2017-09-14,159.0,161.5,159.0,160.5,160.5,2308,-0.31455490145836074,-0.3050645413231462,-0.29064855712344767,-0.2948280762476265,-0.2948280762476265,-0.006191950464396285,-0.0077279752704791345,-0.00966680378445082,-0.008494208494208495,-0.006438033923486394,-0.006704486848891239
2017-09-15,160.0,160.5,158.5,159.5,159.5,2308,-0.30224031432530407,-0.317208727946668,-0.29687061188596714,-0.30712363016921584,-0.30712363016921584,-0.008084577114427931,-0.01115933044017366,-0.015229471084585318,-0.01451961692925545,-0.012628451157607974,-0.01238390092879257
2017-09-18,160.5,163.0,160.0,163.0,163.0,2308,-0.29608302075877574,-0.2868482613878635,-0.27820444759840873,-0.2640891914436532,-0.2640891914436532,0.011166253101737043,0.00960049550944572,0.006172839506172839,0.006172839506172839,0.00791491466732625,0.009183778763801382
2017-09-19,163.5,163.5,161.0,162.0,162.0,2308,-0.25913925935960574,-0.2807761680761026,-0.26576033807336985,-0.27638474536524255,-0.27638474536524255,0.006211180124223602,0.0037174721189590725,-0.00020571898786256803,0.0,0.0013598714303374884,0.0030959752321981426
2017-09-20,161.5,162.0,159.5,160.0,160.0,2308,-0.2837684336257191,-0.2989924480113853,-0.2844265023609282,-0.3009758532084212,-0.3009758532084212,-0.006211180124223602,-0.008059516429014328,-0.01132852729145217,-0.011583011583011582,-0.010880316518298658,-0.008878794135866222
2017-09-21,159.5,160.5,159.5,160.0,160.0,2308,-0.3083976078918324,-0.317208727946668,-0.2844265023609282,-0.3009758532084212,-0.3009758532084212,-0.005593536357986362,-0.007444168734491245,-0.009083402146985973,-0.010972029052696682,-0.010390895596239527,-0.008878794135866222
2017-09-22,160.0,160.0,158.5,159.0,159.0,2308,-0.30224031432530407,-0.3232808212584289,-0.29687061188596714,-0.3132714071300105,-0.3132714071300105,-0.01119402985074634,-0.01119402985074634,-0.013239553165080633,-0.01654553888974802,-0.01633259094283585,-0.014971605575632364
2017-09-25,158.0,158.5,156.0,156.0,156.0,2308,-0.3268694885914174,-0.34149710119371157,-0.32798088569856443,-0.3501580688947785,-0.3501580688947785,-0.021329987452948593,-0.026824703680598947,-0.029649595687331616,-0.03315773163929343,-0.03393609115679954,-0.03305785123966948
2017-09-26,156.0,157.0,155.0,155.5,155.5,2308,-0.35149866285753073,-0.35971338112899426,-0.34042499522360337,-0.3563058458555732,-0.3563058458555732,-0.016445287792536335,-0.02538389219680358,-0.029943855271366258,-0.03446134740763745,-0.035479469048505144,-0.03516028955532569
2017-09-27,156.0,158.5,155.5,155.5,155.5,2308,-0.35149866285753073,-0.34149710119371157,-0.3342029404610839,-0.3563058458555732,-0.3563058458555732,-0.010814249363867613,-0.022627278441231895,-0.02771988328470198,-0.032207873035631,-0.03380141667702248,-0.034161490683229816
2017-09-28,156.5,156.5,153.5,155.0,155.0,2308,-0.3453413692910024,-0.36578547444075515,-0.3590911595111618,-0.36245362281636784,-0.36245362281636784,-0.0076824583866836665,-0.02239041311889001,-0.028416213957375668,-0.03215735248204812,-0.03522967757998255,-0.035869790586771796
2017-09-29,155.0,156.5,155.0,156.0,156.0,2308,-0.3638132499905874,-0.36578547444075515,-0.34042499522360337,-0.3501580688947785,-0.3501580688947785,0.0025706940874036356,-0.013906447534766048,-0.019279128248113973,-0.023474178403755867,-0.027795089118783544,-0.028844158539115955
2017-09-30,156.0,157.0,156.0,156.5,156.5,2308,-0.35149866285753073,-0.35971338112899426,-0.32798088569856443,-0.34401029193398386,-0.34401029193398386,0.005138086062941628,-0.006664550936210798,-0.014276716355238377,-0.018808777429467086,-0.023218075146673317,-0.02502336206001462
2017-10-02,157.5,157.5,154.0,154.5,154.5,2308,-0.33302678215794573,-0.35364128781723336,-0.3528691047486423,-0.3686013997771625,-0.3686013997771625,-0.006430868167202572,-0.014668367346938847,-0.023388116308470222,-0.02891263356379632,-0.03401275478304363,-0.03598169717138111
2017-10-03,155.5,157.5,155.5,156.0,156.0,2308,-0.35765595642405906,-0.35364128781723336,-0.3342029404610839,-0.3501580688947785,-0.3501580688947785,0.0025706940874036356,-0.0025575447570332843,-0.01224145208948926,-0.017941454202077396,-0.022923712889890997,-0.02530459231490166
2017-10-05,155.5,156.5,155.0,155.5,155.5,2308,-0.35765595642405906,-0.36578547444075515,-0.34042499522360337,-0.3563058458555732,-0.3563058458555732,-0.0012845215157353156,-0.002885540237255458,-0.013324873096446664,-0.01939145514740652,-0.023609192515383595,-0.02711157455683009
2017-10-06,154.5,155.0,154.5,154.5,154.5,2308,-0.3699705435571157,-0.38400175437603784,-0.34664704998612283,-0.3686013997771625,-0.3686013997771625,-0.005791505791505828,-0.006430868167202572,-0.01759220008478177,-0.023079355042681035,-0.02756797583081568,-0.03205596742194847
2017-10-11,155.5,157.0,155.0,156.0,156.0,2308,-0.35765595642405906,-0.35971338112899426,-0.34042499522360337,-0.3501580688947785,-0.3501580688947785,0.004507405022536951,0.003215434083601286,-0.005102040816326603,-0.012032932235592183,-0.016765410311357597,-0.021329987452948593
2017-10-12,153.0,154.5,151.5,152.0,152.0,2308,-0.3884424242567007,-0.39007384768779874,-0.3839793785612396,-0.3993402845811358,-0.3993402845811358,-0.018087855297157694,-0.020302932645826655,-0.026473099914602855,-0.034000635525897646,-0.039433771486349904,-0.0445259298061813
2017-10-13,152.0,152.5,149.0,149.5,149.5,2308,-0.4007570113897574,-0.41436222093484226,-0.4150896523738369,-0.43007916938510915,-0.43007916938510915,-0.026058631921824105,-0.032675509543837016,-0.03817285009650442,-0.04670811413996486,-0.05247813411078718,-0.05757512082370241
2017-10-16,149.5,149.5,146.0,146.5,146.5,2308,-0.431543479222399,-0.45079478080540764,-0.4524219809489537,-0.4669658311498771,-0.4669658311498771,-0.03427818061964396,-0.04684450227716323,-0.05198446937014667,-0.06164931945556445,-0.06806615776081418,-0.07278481012658228
2017-10-17,146.5,147.0,145.0,145.5,145.5,2308,-0.468487240621569,-0.4811552473642121,-0.4648660904739926,-0.47926138507146643,-0.47926138507146643,-0.02935290193462312,-0.046839174582378025,-0.052939900195270076,-0.0638571658356121,-0.07028753993610223,-0.07550566557238161
2017-10-18,146.5,148.0,145.5,147.0,147.0,2308,-0.468487240621569,-0.4690110607406903,-0.4586440357114731,-0.46081805418908245,-0.46081805418908245,-0.007427413909520556,-0.030982201713908957,-0.03942496188194292,-0.04931285367825384,-0.057329742208541735,-0.0630975143403442
2017-10-19,148.0,148.5,147.0,147.5,147.5,2308,-0.450015359921984,-0.4629389674289294,-0.43997787142391476,-0.4546702772282878,-0.4546702772282878,0.002038043478260947,-0.023178807947019868,-0.03278688524590164,-0.041585445094217056,-0.05034766932783926,-0.056905370843989805
2017-10-20,148.0,149.0,147.5,148.5,148.5,2308,-0.450015359921984,-0.45686687411716853,-0.4337558166613953,-0.44237472330669847,-0.44237472330669847,0.01020408163265306,-0.011647254575707155,-0.02324051743038806,-0.03146910158160762,-0.04106935296396754,-0.04797521102681902
2017-10-23,148.0,148.5,144.5,144.5,144.5,2308,-0.450015359921984,-0.4629389674289294,-0.47108814523651205,-0.49155693899305575,-0.49155693899305575,-0.014324693042291912,-0.031176667784109994,-0.04515418502202649,-0.05276958374303514,-0.06302684476721566,-0.07034098220030026
2017-10-24,145.0,145.5,144.5,144.5,144.5,2308,-0.486959121321154,-0.4993715272994948,-0.47108814523651205,-0.49155693899305575,-0.49155693899305575,-0.012978142076502771,-0.0246371920350996,-0.04029222935576708,-0.04824633624238425,-0.05936726988673353,-0.06663795887608998
2017-10-25,145.0,146.0,143.5,144.0,144.0,2308,-0.486959121321154,-0.4932994339877339,-0.483532254761551,-0.4977047159538504,-0.4977047159538504,-0.012345679012345756,-0.020074855392990736,-0.03829029385574346,-0.04777649198214577,-0.05796153342928178,-0.06645056726094004
2017-10-26,144.0,144.5,143.5,143.5,143.5,2308,-0.49927370845421065,-0.5115157139230166,-0.483532254761551,-0.5038524929146451,-0.5038524929146451,-0.010344827586206896,-0.01779603011635862,-0.03691275167785235,-0.04730290456431535,-0.056665790165658717,-0.0657552083333333
2017-10-27,144.0,148.0,144.0,145.5,145.5,2308,-0.49927370845421065,-0.4690110607406903,-0.4773101999990315,-0.47926138507146643,-0.47926138507146643,0.007617728531855916,-0.0013726835964309448,-0.018880647336480184,-0.030807660283097418,-0.039857463376006284,-0.0497442037661914
2017-10-30,147.0,147.5,145.0,145.0,145.0,2308,-0.46232994705504066,-0.4750831540524512,-0.4648660904739926,-0.4854091620322611,-0.4854091620322611,0.0034602076124567475,-0.0037787701820680957,-0.017615176151761478,-0.030910609857978277,-0.03935338545117264,-0.0498034076015727
2017-10-31,145.0,147.0,145.0,145.0,145.0,2308,-0.486959121321154,-0.4811552473642121,-0.4648660904739926,-0.4854091620322611,-0.4854091620322611,0.00276625172890737,-0.003436426116838488,-0.013381719210705387,-0.027335233942646246,-0.0357760340470807,-0.046784266462145334
2017-11-01,146.0,146.5,142.5,143.5,143.5,2308,-0.4746445341880973,-0.487227340675973,-0.4959763642865899,-0.5038524929146451,-0.5038524929146451,-0.006920415224913495,-0.011367550809507444,-0.01802007299270068,-0.03318174162034705,-0.04256738724312781,-0.052596830985915506
2017-11-02,143.0,143.0,141.0,141.5,141.5,2308,-0.5115882955872674,-0.5297319938582993,-0.5146425285741483,-0.5284436007578237,-0.5284436007578237,-0.018043025676613426,-0.021099965409892847,-0.027045610818244352,-0.04246320419556762,-0.05237074738815961,-0.06156737039902729
2017-11-03,142.0,143.0,141.5,142.0,142.0,2308,-0.5239028827203239,-0.5297319938582993,-0.5084204738116288,-0.5222958237970291,-0.5222958237970291,-0.009762900976290137,-0.01320361362056988,-0.02023919043238273,-0.034506204317525,-0.0455706412152171,-0.05448895794029522
2017-11-06,141.5,142.5,141.0,141.5,141.5,2308,-0.5300601762868523,-0.5358040871700601,-0.5146425285741483,-0.5284436007578237,-0.5284436007578237,-0.008409250175192633,-0.014623955431754836,-0.021438450899031774,-0.033304867634500426,-0.04546681057744204,-0.05393358591486514
2017-11-07,142.0,142.5,141.5,141.5,141.5,2308,-0.5239028827203239,-0.5358040871700601,-0.5084204738116288,-0.5284436007578237,-0.5284436007578237,-0.0035211267605633804,-0.012561060711793519,-0.01963048498845272,-0.028992966203465392,-0.041717459027495574,-0.050229332140060326
2017-11-08,141.5,141.5,137.0,137.0,137.0,2308,-0.5300601762868523,-0.5479482737935819,-0.564418966674304,-0.5837735934049757,-0.5837735934049757,-0.026297085998578457,-0.03927068723702661,-0.046403712296983694,-0.0537040234847177,-0.06726579520697165,-0.07650825749915736
2017-11-09,137.0,139.5,137.0,138.5,138.5,2308,-0.5854758183856072,-0.5722366470406255,-0.564418966674304,-0.5653302625225918,-0.5653302625225918,-0.011420413990007098,-0.02533427163969032,-0.0319198508853681,-0.03886190145732127,-0.05292669584245083,-0.06281718732378481
2017-11-10,138.5,139.5,137.0,137.0,137.0,2308,-0.5670039376860223,-0.5722366470406255,-0.564418966674304,-0.5837735934049757,-0.5837735934049757,-0.01509705248023001,-0.03008849557522124,-0.037245256500351445,-0.045129813556368664,-0.05828979928512504,-0.06908267270668171
2017-11-13,137.5,138.5,137.0,137.0,137.0,2308,-0.579318524819079,-0.5843808336641473,-0.564418966674304,-0.5837735934049757,-0.5837735934049757,-0.008683068017366055,-0.024563901744392942,-0.03385049365303252,-0.04195804195804196,-0.05347519690479487,-0.06527177621105297
2017-11-14,137.0,138.0,136.5,137.0,137.0,2308,-0.5854758183856072,-0.5904529269759082,-0.5706410214368235,-0.5837735934049757,-0.5837735934049757,-0.0021849963583394855,-0.018976011457214503,-0.030431705590941337,-0.03910222689812372,-0.0488753124132185,-0.06121516674280496
2017-11-15,137.5,138.0,136.5,137.0,137.0,2308,-0.579318524819079,-0.5904529269759082,-0.5706410214368235,-0.5837735934049757,-0.5837735934049757,-0.0021849963583394855,-0.014388489208633094,-0.02721893491124267,-0.03572057012141467,-0.043830262423227254,-0.05701502810599976
2017-11-16,137.0,137.5,136.5,136.5,136.5,2308,-0.5854758183856072,-0.5965250202876691,-0.5706410214368235,-0.5899213703657704,-0.5899213703657704,-0.0029218407596786388,-0.01444043321299639,-0.027546900973640518,-0.03550609432962378,-0.043179587831207046,-0.05656030411242947
2017-11-17,137.0,138.0,136.0,137.0,137.0,2308,-0.5854758183856072,-0.5904529269759082,-0.5768630761993429,-0.5837735934049757,-0.5837735934049757,0.0007304601899196079,-0.007246376811594203,-0.020028612303290495,-0.02802412202908825,-0.03629712999437251,-0.048941339812565154
2017-11-20,137.5,138.0,136.5,137.0,137.0,2308,-0.579318524819079,-0.5904529269759082,-0.5706410214368235,-0.5837735934049757,-0.5837735934049757,0.0007304601899196079,-0.00399854598327889,-0.016275730014361032,-0.025431264449581995,-0.03371420510650304,-0.04485242853822917
2017-11-21,137.0,137.0,136.0,136.5,136.5,2308,-0.5854758183856072,-0.60259711359943,-0.5768630761993429,-0.5899213703657704,-0.5899213703657704,-0.0021929824561404336,-0.004013133892739959,-0.015861571737563005,-0.026217228464419554,-0.03478998727195579,-0.04434072345390905
2017-11-22,137.0,141.5,136.0,140.0,140.0,2308,-0.5854758183856072,-0.5479482737935819,-0.5768630761993429,-0.5468869316402077,-0.5468869316402077,0.01892285298398831,0.019293775027302555,0.01107366393837264,0.00017860332202183023,-0.008077086580699918,-0.0161630358397752
2017-11-23,141.0,143.0,140.5,142.0,142.0,2308,-0.5362174698533806,-0.5297319938582993,-0.5208645833366677,-0.5222958237970291,-0.5222958237970291,0.02527075812274368,0.031227305737109745,0.02527075812274368,0.01501072194424585,0.007663922793074174,0.00023479690068089765
2017-11-24,143.5,146.5,143.5,146.5,146.5,2308,-0.505431002020739,-0.487227340675973,-0.483532254761551,-0.4669658311498771,-0.4669658311498771,0.0434472934472934,0.05661738189686256,0.05547550432276648,0.046802429439085476,0.0401874467480829,0.03265977443609017
2017-11-27,146.5,147.0,140.0,140.5,140.5,2308,-0.468487240621569,-0.4811552473642121,-0.5270866380991872,-0.540739154679413,-0.540739154679413,-0.004252303330970902,0.01079136690647482,0.012734262373858819,0.005546609411343752,-0.0012794995735001906,-0.008235294117646992
2017-11-28,140.5,142.0,140.0,141.5,141.5,2308,-0.542374763419909,-0.5418761804818211,-0.5270866380991872,-0.5284436007578237,-0.5284436007578237,-0.00422237860661502,0.01470060953746871,0.019942335415665643,0.013973486205660971,0.0066875355719977075,-0.00023551577955721695
2017-11-29,142.0,142.0,138.0,139.0,139.0,2308,-0.5239028827203239,-0.5418761804818211,-0.5519748571492651,-0.5591824855617971,-0.5591824855617971,-0.02043692741367164,-0.004654493376297928,0.0009601536245798782,-0.002332675399246285,-0.009689370190937685,-0.016045304388862765
2017-11-30,138.0,139.0,136.5,136.5,136.5,2308,-0.5731612312525506,-0.5783087403523864,-0.5706410214368235,-0.5899213703657704,-0.5899213703657704,-0.030539772727272804,-0.02255639097744365,-0.01609802979336848,-0.01851518964587445,-0.025556824671616307,-0.031227821149751638
2017-12-01,137.0,138.5,136.0,137.0,137.0,2308,-0.5854758183856072,-0.5843808336641473,-0.5768630761993429,-0.5837735934049757,-0.5837735934049757,-0.013678905687545036,-0.018976011457214503,-0.012493993272465066,-0.013146047181703502,-0.019607843137254964,-0.025026687225714717
2017-12-04,137.5,140.0,137.0,139.0,139.0,2308,-0.579318524819079,-0.5661645537288647,-0.564418966674304,-0.5591824855617971,-0.5591824855617971,0.002886002886002927,-0.0060779406506971355,0.0009601536245798782,0.0021629416005768667,-0.0035842293906810036,-0.009501187648456123
2017-12-05,139.0,142.0,138.5,141.0,141.0,2308,-0.5608466441194939,-0.5418761804818211,-0.5457528023867456,-0.5345913777186184,-0.5345913777186184,0.018050541516245487,0.004989308624376255,0.013416387158600917,0.016765819361817116,0.011913305583464881,0.005586592178770936
2017-12-06,141.0,141.0,137.5,137.5,137.5,2308,-0.5362174698533806,-0.5540203671053429,-0.5581969119117846,-0.5776258164441811,-0.5776258164441811,-0.0050651230101301644,-0.01820778293466627,-0.01197604790419155,-0.008651766402307056,-0.01150251617541333,-0.017857142857142856
2017-12-07,138.0,140.0,137.5,137.5,137.5,2308,-0.5731612312525506,-0.5661645537288647,-0.5581969119117846,-0.5776258164441811,-0.5776258164441811,-0.006502890173410446,-0.01504297994269337,-0.012449126167105484,-0.008294266137756983,-0.010364185979559506,-0.016452074391988637
2017-12-08,139.0,139.5,137.0,137.0,137.0,2308,-0.5608466441194939,-0.5722366470406255,-0.564418966674304,-0.5837735934049757,-0.5837735934049757,-0.010115606936416225,-0.011900468806346957,-0.016040220253770554,-0.011900468806346957,-0.01254144442842734,-0.01803846613307858
2017-12-11,138.5,140.5,138.0,138.0,138.0,2308,-0.5670039376860223,-0.5600924604171037,-0.5519748571492651,-0.5714780394833864,-0.5714780394833864,-0.001447178002894274,-0.0028901734104046653,-0.009332376166547102,-0.005046863734679082,-0.004329004329004288,-0.009213832715089134
2017-12-12,138.0,139.0,137.0,137.5,137.5,2308,-0.5731612312525506,-0.5783087403523864,-0.564418966674304,-0.5776258164441811,-0.5776258164441811,0.0,-0.0036231884057971015,-0.013393924898349731,-0.008830419895476622,-0.006789945102571495,-0.01102853032845839
2017-12-13,137.0,138.5,137.0,138.0,138.0,2308,-0.5854758183856072,-0.5843808336641473,-0.564418966674304,-0.5714780394833864,-0.5714780394833864,0.002906976744186088,0.0007251631617113438,-0.008858032080440413,-0.005584579355071199,-0.0034662045060657844,-0.006121714079942343
2017-12-14,138.5,139.5,138.0,138.0,138.0,2308,-0.5670039376860223,-0.5722366470406255,-0.5519748571492651,-0.5714780394833864,-0.5714780394833864,0.0021786492374728495,-0.00036218761318371147,-0.0069561045814344104,-0.006121714079942343,-0.003322259136212682,-0.005285920230658242
2017-12-15,137.5,137.5,135.0,136.0,136.0,2308,-0.579318524819079,-0.5965250202876691,-0.5893071857243818,-0.596069147326565,-0.596069147326565,-0.01090909090909091,-0.01413555636100028,-0.016393442622950914,-0.020172910662824287,-0.017483022684583065,-0.018286814244465818
2017-12-18,136.5,137.0,135.0,136.0,136.0,2308,-0.5916331119521356,-0.60259711359943,-0.5893071857243818,-0.596069147326565,-0.596069147326565,-0.008023340627279317,-0.01198692335633858,-0.014254650881855534,-0.01981981981981982,-0.017199017199017168,-0.016985905312612896
2017-12-19,136.5,137.0,136.0,136.5,136.5,2308,-0.5916331119521356,-0.60259711359943,-0.5768630761993429,-0.5899213703657704,-0.5899213703657704,-0.0029218407596786388,-0.005102040816326448,-0.008234439331557224,-0.016216216216216217,-0.013443191673894286,-0.012181883970570526
2017-12-20,138.0,138.0,136.5,137.0,137.0,2308,-0.5731612312525506,-0.5904529269759082,-0.5706410214368235,-0.5837735934049757,-0.5837735934049757,0.002194586686174187,-0.0010936930368210403,-0.0036363636363636364,-0.011544011544011504,-0.009829430471234558,-0.008563502593173348
2017-12-21,137.0,138.0,137.0,138.0,138.0,2308,-0.5854758183856072,-0.5904529269759082,-0.564418966674304,-0.5714780394833864,-0.5714780394833864,0.009509875640087867,0.005830903790087547,0.002906976744186088,-0.0028901734104046653,-0.003034243606415168,-0.0012062726176115118
2017-12-22,138.0,139.5,138.0,139.5,139.5,2308,-0.5731612312525506,-0.5722366470406255,-0.5519748571492651,-0.5530347086010023,-0.5530347086010023,0.015283842794759783,0.014914514368861488,0.012581659811275006,0.01050344078232516,0.007074790643950258,0.009041591320072333
2017-12-25,140.5,142.0,140.0,140.5,140.5,2308,-0.542374763419909,-0.5418761804818211,-0.5270866380991872,-0.540739154679413,-0.540739154679413,0.01590744757772949,0.02033405954974591,0.01910058027079298,0.01774719304599774,0.013269868743689626,0.015417971573114857
2017-12-26,141.0,141.5,139.0,139.5,139.5,2308,-0.5362174698533806,-0.5479482737935819,-0.5395307476242261,-0.5530347086010023,-0.5530347086010023,0.004319654427645747,0.01160261058738212,0.012581659811275006,0.011235955056179858,0.005188067444876775,0.007583965330444286
2017-12-27,139.5,141.0,139.5,140.0,140.0,2308,-0.5546893505529656,-0.5540203671053429,-0.5333086928617067,-0.5468869316402077,-0.5468869316402077,0.0035842293906810036,0.013758146270818289,0.01498308361527305,0.014492753623188406,0.008790892059374542,0.010465535907614497
2017-12-28,141.0,142.0,141.0,141.5,141.5,2308,-0.5362174698533806,-0.5418761804818211,-0.5146425285741483,-0.5284436007578237,-0.5284436007578237,0.009272467902995803,0.022029613578909438,0.023878437047756957,0.023508137432188065,0.01974632458921886,0.020064880451760168
2017-12-29,142.5,144.0,142.5,143.5,143.5,2308,-0.5177455891537956,-0.5175878072347775,-0.4959763642865899,-0.5038524929146451,-0.5038524929146451,0.01773049645390071,0.030890804597701233,0.03510459245010825,0.03554032112574427,0.035054818234275927,0.0328694817658349
2018-01-02,144.0,144.0,140.0,141.0,141.0,2308,-0.49927370845421065,-0.5175878072347775,-0.5270866380991872,-0.5345913777186184,-0.5345913777186184,-0.0007087172218284501,0.009305654974946396,0.01560624249699873,0.016765819361817116,0.01687581133708354,0.01390220517737299
2018-01-03,141.0,141.0,138.0,139.0,139.0,2308,-0.5362174698533806,-0.5540203671053429,-0.5519748571492651,-0.5591824855617971,-0.5591824855617971,-0.014184397163120567,-0.0067881386209359676,0.0004798464491362491,0.0030669312646582096,0.003175519630484972,-0.0010779734099892612
2018-01-04,139.5,140.0,138.5,139.0,139.0,2308,-0.5546893505529656,-0.5661645537288647,-0.5457528023867456,-0.5591824855617971,-0.5591824855617971,-0.012784090909090988,-0.008205494113449915,0.0,0.0025243418680129413,0.003175519630484972,-0.000838624655564928
2018-01-05,139.5,140.5,139.0,140.5,140.5,2308,-0.5546893505529656,-0.5600924604171037,-0.5395307476242261,-0.540739154679413,-0.540739154679413,-0.0007112375533427761,0.0007122507122506717,0.009580838323353363,0.012247838616714614,0.012831603229527113,0.010306807286673086
2018-01-08,141.0,141.5,139.5,140.5,140.5,2308,-0.5362174698533806,-0.5479482737935819,-0.5333086928617067,-0.540739154679413,-0.540739154679413,0.0035714285714285713,0.0,0.007409177820267673,0.010973196618096821,0.011810456574967494,0.011761881901104122
2018-01-09,141.0,141.0,139.0,140.0,140.0,2308,-0.5362174698533806,-0.5540203671053429,-0.5395307476242261,-0.5468869316402077,-0.5468869316402077,0.0014306151645206624,-0.0032039871840511833,0.0019083969465649806,0.006651087542692874,0.007919366450683904,0.008282319049333855
2018-01-10,141.0,141.0,138.0,138.5,138.5,2308,-0.5362174698533806,-0.5540203671053429,-0.5519748571492651,-0.5653302625225918,-0.5653302625225918,-0.008589835361488824,-0.013181332383327356,-0.009771210676835135,-0.004492362982929021,-0.0021613832853026754,-0.0018018018018018018
2018-01-11,137.0,137.0,136.0,136.5,136.5,2308,-0.5854758183856072,-0.60259711359943,-0.5768630761993429,-0.5899213703657704,-0.5899213703657704,-0.019396551724137852,-0.025,-0.02383790226460078,-0.018338727076591236,-0.0162871144422023,-0.015624999999999932
2018-01-12,136.5,137.0,136.0,136.5,136.5,2308,-0.5916331119521356,-0.60259711359943,-0.5768630761993429,-0.5899213703657704,-0.5899213703657704,-0.013728323699422005,-0.021505376344086023,-0.023139312977099143,-0.017808958445763585,-0.01600346020761245,-0.015624999999999932
2018-01-15,137.5,138.0,136.5,137.0,137.0,2308,-0.579318524819079,-0.5904529269759082,-0.5706410214368235,-0.5837735934049757,-0.5837735934049757,-0.005083514887436374,-0.013323730644580442,-0.018390255552901812,-0.014565725588922896,-0.012399077277970003,-0.012019230769230702
2018-01-16,137.5,140.0,137.0,140.0,140.0,2308,-0.579318524819079,-0.5661645537288647,-0.564418966674304,-0.5468869316402077,-0.5468869316402077,0.0167029774872913,0.009009009009009009,0.0033444816053511844,0.005566528999820476,0.008645533141210292,0.009372746935832815
2018-01-17,140.0,140.0,138.5,139.0,139.0,2308,-0.5485320569864373,-0.5661645537288647,-0.5457528023867456,-0.5591824855617971,-0.5591824855617971,0.008708272859216172,0.0018018018018018018,-0.0035842293906810036,-0.002511661284535302,0.0010082097076190865,0.0026448665544602616
2018-01-18,140.0,143.5,140.0,143.0,143.0,2308,-0.5485320569864373,-0.5236599005465383,-0.5270866380991872,-0.5100002698754398,-0.5100002698754398,0.028037383177570135,0.02766798418972328,0.02362204724409457,0.023988542785535225,0.028333093628649487,0.030135670548685344
2018-01-19,143.5,145.0,143.5,144.5,144.5,2308,-0.505431002020739,-0.5054436206112557,-0.483532254761551,-0.49155693899305575,-0.49155693899305575,0.027007818052594255,0.03547115729129336,0.03288062902072905,0.03232720128594396,0.03718059144415738,0.03919453434016532
2018-01-22,146.0,149.0,145.0,149.0,149.0,2308,-0.4746445341880973,-0.45686687411716853,-0.4648660904739926,-0.4362269463459038,-0.4362269463459038,0.0412299091544375,0.06125356125356121,0.06226235741444857,0.0608757564969741,0.06550343249427915,0.06848332735747588
2018-01-23,150.5,151.0,146.0,147.5,147.5,2308,-0.4192288920893424,-0.43257850087012495,-0.4524219809489537,-0.4546702772282878,-0.4546702772282878,0.020055325034578186,0.044987601842012004,0.04832977967306334,0.04758522727272719,0.05131860299358509,0.05533031242547092
2018-01-24,147.5,149.0,146.0,148.0,148.0,2308,-0.4561726534885123,-0.45686687411716853,-0.4524219809489537,-0.44852250026749313,-0.44852250026749313,0.01092896174863384,0.041520056298381465,0.04741684359518746,0.04797309258275805,0.05143506678033539,0.05626263827762573
2018-01-25,149.0,151.0,146.5,147.5,147.5,2308,-0.43770077278892733,-0.43257850087012495,-0.4461999261864342,-0.4546702772282878,-0.4546702772282878,0.001357773251866861,0.030027932960893938,0.0397086466165413,0.041666666666666706,0.044765547527978414,0.050320436743413216
2018-01-26,148.0,149.0,146.5,147.5,147.5,2308,-0.450015359921984,-0.45686687411716853,-0.4461999261864342,-0.4546702772282878,-0.4546702772282878,-0.002704530087897266,0.022176022176022096,0.03629976580796246,0.03946441155743477,0.04196100593387961,0.047957371225577264
2018-01-29,148.5,149.5,145.0,146.5,146.5,2308,-0.44385806635545566,-0.45079478080540764,-0.4648660904739926,-0.4669658311498771,-0.4669658311498771,-0.006105834464043457,0.008605851979345954,0.02638953759925278,0.03132699753607876,0.032853919909757445,0.038270729978738524
2018-01-30,146.0,147.0,145.0,146.0,146.0,2308,-0.4746445341880973,-0.4811552473642121,-0.4648660904739926,-0.47311360811067177,-0.47311360811067177,-0.007477906186267807,0.0010284538909839265,0.02002794597112255,0.02600140548137729,0.02773475996058002,0.032288475135517296
2018-01-31,145.5,148.0,144.5,147.0,147.0,2308,-0.48080182775462565,-0.4690110607406903,-0.47108814523651205,-0.46081805418908245,-0.46081805418908245,0.0006807351940094915,0.002386634844868696,0.022964509394572105,0.0301331464611073,0.032593425119415466,0.03679322910544259
2018-02-01,147.0,148.5,146.5,147.0,147.0,2308,-0.46232994705504066,-0.4629389674289294,-0.4461999261864342,-0.46081805418908245,-0.46081805418908245,0.0013623978201634103,-0.0003400204012241507,0.018005540166204946,0.027253668763102767,0.03056646102075164,0.034361440131347426
2018-02-02,146.0,147.0,145.0,147.0,147.0,2308,-0.4746445341880973,-0.4811552473642121,-0.4648660904739926,-0.46081805418908245,-0.46081805418908245,0.0020449897750512026,-0.0020366598778004843,0.013094417643004863,0.024925919470106247,0.02897942041159167,0.03218256290228211
2018-02-05,144.0,145.5,143.0,145.0,145.0,2308,-0.49927370845421065,-0.4993715272994948,-0.48975430952407045,-0.4854091620322611,-0.4854091620322611,-0.009562841530054683,-0.012933968686181114,-0.004348821240558428,0.009397841977027458,0.014553596417576356,0.01683029453015432
2018-02-06,141.0,141.5,136.0,138.5,138.5,2308,-0.5362174698533806,-0.5479482737935819,-0.5768630761993429,-0.5653302625225918,-0.5653302625225918,-0.04416839199447899,-0.05136986301369863,-0.04832798900595509,-0.03534737941842235,-0.03024786444475559,-0.028297474275023375
2018-02-07,139.5,140.0,137.0,137.0,137.0,2308,-0.5546893505529656,-0.5661645537288647,-0.564418966674304,-0.5837735934049757,-0.5837735934049757,-0.041287613715885275,-0.054520358868184994,-0.05777166437414034,-0.04529616724738676,-0.04021297463920421,-0.03825903825903818
2018-02-08,136.5,138.0,136.5,137.0,137.0,2308,-0.5916331119521356,-0.5904529269759082,-0.5706410214368235,-0.5837735934049757,-0.5837735934049757,-0.027679205110007137,-0.04761904761904758,-0.05517241379310345,-0.04546246298554263,-0.03967475115659608,-0.037583421145064945
2018-02-09,133.0,134.5,130.5,134.5,134.5,2308,-0.6347341669178339,-0.6329575801582344,-0.645305678587057,-0.614512478208949,-0.614512478208949,-0.028179190751445128,-0.05647141353910916,-0.06812933025404164,-0.0622276451106851,-0.05561016711136068,-0.05359446464172633
2018-02-12,136.5,136.5,135.0,135.0,135.0,2308,-0.5916331119521356,-0.6086692069111909,-0.5893071857243818,-0.6083647012481543,-0.6083647012481543,-0.01026392961876837,-0.0452616690240453,-0.05857740585774062,-0.05808477237048658,-0.050632911392404986,-0.048178613396004766
2018-02-21,137.5,138.0,135.5,137.5,137.5,2308,-0.579318524819079,-0.5904529269759082,-0.5830851309618623,-0.5776258164441811,-0.5776258164441811,0.00954478707782681,-0.021700462468872368,-0.03666510976179346,-0.03980446927374294,-0.03237156931738209,-0.029754204398447618
2018-02-22,137.0,137.5,136.5,137.5,137.5,2308,-0.5854758183856072,-0.5965250202876691,-0.5706410214368235,-0.5776258164441811,-0.5776258164441811,0.008804108584005784,-0.01504297994269337,-0.031917390283970885,-0.039301310043668124,-0.03209911305082361,-0.029411764705882287
2018-02-23,137.5,138.5,137.0,138.0,138.0,2308,-0.579318524819079,-0.5843808336641473,-0.564418966674304,-0.5714780394833864,-0.5714780394833864,0.01098901098901099,-0.005046863734679082,-0.024045261669024084,-0.03412073490813648,-0.02898958626512809,-0.02565309484584603
2018-02-26,139.0,141.0,138.5,139.5,139.5,2308,-0.5608466441194939,-0.5540203671053429,-0.5457528023867456,-0.5530347086010023,-0.5530347086010023,0.014545454545454545,0.011235955056179858,-0.009701845716990115,-0.021910604732690624,-0.01926321709786283,-0.014830508474576232
2018-02-27,140.5,141.0,139.0,139.0,139.0,2308,-0.542374763419909,-0.5540203671053429,-0.5395307476242261,-0.5591824855617971,-0.5591824855617971,0.005061460592913873,0.012013105205678965,-0.009736404654476425,-0.02198768689533861,-0.02332771219786392,-0.018014835747085914
2018-03-01,137.0,140.5,137.0,139.5,139.5,2308,-0.5854758183856072,-0.5600924604171037,-0.564418966674304,-0.5530347086010023,-0.5530347086010023,0.0057678442682048406,0.014914514368861488,-0.0030967127203430475,-0.015699417886752474,-0.019676739283204576,-0.014366462552991037
2018-03-02,137.5,139.5,136.5,138.0,138.0,2308,-0.579318524819079,-0.5722366470406255,-0.5706410214368235,-0.5714780394833864,-0.5714780394833864,-0.005763688760806998,0.003271537622682578,-0.00956937799043069,-0.022835900159320195,-0.02994517081400247,-0.024849841008126344
2018-03-05,138.0,141.0,138.0,138.5,138.5,2308,-0.5731612312525506,-0.5540203671053429,-0.5519748571492651,-0.5653302625225918,-0.5653302625225918,-0.002879769618430566,0.005809731299927462,-0.001921691088157674,-0.01616053986858466,-0.025197072072072158,-0.021777516185991826
2018-03-06,140.5,140.5,138.5,140.0,140.0,2308,-0.542374763419909,-0.5600924604171037,-0.5457528023867456,-0.5468869316402077,-0.5468869316402077,0.007194244604316547,0.012658227848101266,0.01229211858279095,-0.0028490028490028895,-0.013389711064129709,-0.011997177134791735
2018-03-07,138.5,139.0,136.5,137.0,137.0,2308,-0.5670039376860223,-0.5783087403523864,-0.5706410214368235,-0.5837735934049757,-0.5837735934049757,-0.011544011544011504,-0.010473094980137152,-0.005564964916525622,-0.02090405574414873,-0.031254419459765155,-0.03316866619618906
2018-03-08,137.0,138.0,136.0,137.0,137.0,2308,-0.5854758183856072,-0.5904529269759082,-0.5768630761993429,-0.5837735934049757,-0.5837735934049757,-0.007965242577842103,-0.010115606936416225,-0.004842615012106469,-0.017745115612116828,-0.028368794326241134,-0.032485875706214654
2018-03-09,137.5,137.5,133.5,135.5,135.5,2308,-0.579318524819079,-0.5965250202876691,-0.6079733500119402,-0.6022169242873597,-0.6022169242873597,-0.015261627906976704,-0.019536903039073725,-0.01502301914223404,-0.02447804175665951,-0.03558718861209965,-0.042290022381905906
2018-03-12,135.5,136.5,134.5,135.5,135.5,2308,-0.6039476990851923,-0.6086692069111909,-0.5955292404869013,-0.6022169242873597,-0.6022169242873597,-0.010948905109489052,-0.017760057992026016,-0.014306498545101857,-0.020422917043195293,-0.032281102699614414,-0.04059476044371008
2018-03-13,136.0,137.0,135.5,137.0,137.0,2308,-0.5977904055186639,-0.60259711359943,-0.5830851309618623,-0.5837735934049757,-0.5837735934049757,0.004398826979472099,-0.005083514887436374,-0.004601598449987835,-0.005985851623435434,-0.018624641833810848,-0.028253930724671857
2018-03-14,136.5,137.0,136.0,136.5,136.5,2308,-0.5916331119521356,-0.60259711359943,-0.5768630761993429,-0.5899213703657704,-0.5899213703657704,0.0014673514306675613,-0.006911604219716178,-0.008954501452081222,-0.006550218340611395,-0.019396551724137852,-0.028930519326535425
2018-03-15,136.0,137.0,135.5,136.5,136.5,2308,-0.5977904055186639,-0.60259711359943,-0.5830851309618623,-0.5899213703657704,-0.5899213703657704,0.002202643171806251,-0.004739336492891036,-0.008474576271186373,-0.005826656955571823,-0.016712289295490516,-0.026390870185449278
2018-03-16,136.0,137.0,135.5,136.0,136.0,2308,-0.5977904055186639,-0.60259711359943,-0.5830851309618623,-0.596069147326565,-0.596069147326565,-0.0022010271460015506,-0.006936838262139385,-0.01138841773685483,-0.009107468123861567,-0.017199017199017168,-0.027181688125894214
2018-03-19,136.0,136.5,134.0,134.5,134.5,2308,-0.5977904055186639,-0.6086692069111909,-0.6017512952494207,-0.614512478208949,-0.614512478208949,-0.011756061719323986,-0.015012815818381627,-0.020631067961165116,-0.019143117593436645,-0.02451407020597618,-0.03491987562784028
2018-03-20,133.5,134.0,131.5,132.0,132.0,2308,-0.6285768733513056,-0.6390296734699954,-0.6328615690620181,-0.6452513630129223,-0.6452513630129223,-0.022945965951147257,-0.027624309392265192,-0.03532277710109629,-0.0364963503649635,-0.03846153846153847,-0.04933381346777094
2018-03-21,132.0,134.0,131.5,132.5,132.5,2308,-0.6470487540508906,-0.6390296734699954,-0.6328615690620181,-0.6391035860521277,-0.6391035860521277,-0.013402829486224952,-0.02069475240206956,-0.028592375366568955,-0.0319634703196347,-0.031291124433396704,-0.042514753703480616
2018-03-22,132.5,133.0,130.0,130.0,130.0,2308,-0.6408914604843623,-0.6511738600935172,-0.6515277333495765,-0.669842470856101,-0.669842470856101,-0.022556390977443608,-0.034175334323922696,-0.04247483427449064,-0.047619047619047616,-0.04720023453532687,-0.0569459557490025
2018-03-23,128.0,128.5,126.5,128.0,128.0,2308,-0.6963071025831172,-0.7058226998993652,-0.6950821166872126,-0.6944335786992797,-0.6944335786992797,-0.025875190258751946,-0.04370564064251023,-0.052553663952627644,-0.058996507994853925,-0.05937683715461502,-0.06716871128385767
2018-03-26,127.0,127.5,125.5,127.0,127.0,2308,-0.7086216897161739,-0.717966886522887,-0.7075262262122516,-0.706729132620869,-0.706729132620869,-0.022324865280985415,-0.045112781954887216,-0.05459057071960304,-0.06255766746632216,-0.06397405660377363,-0.06993775173928972
2018-03-27,128.5,132.0,128.5,131.5,131.5,2308,-0.6901498090165888,-0.663318046717039,-0.6701938976371348,-0.651399139973717,-0.651399139973717,0.013097072419106228,-0.007172517931294743,-0.016944928980812457,-0.026466777716083575,-0.029949837710239024,-0.03332516540063708
2018-03-28,130.0,130.5,128.0,128.5,128.5,2308,-0.6716779283170039,-0.6815343266523216,-0.6764159523996542,-0.688285801738485,-0.688285801738485,-0.003875968992248062,-0.02392707937713639,-0.035285285285285205,-0.04496469713861026,-0.05025868440502595,-0.05154385533275917
2018-03-29,130.0,130.0,128.0,130.0,130.0,2308,-0.6716779283170039,-0.6876064199640826,-0.6764159523996542,-0.669842470856101,-0.669842470856101,0.007751937984496124,-0.007633587786259542,-0.020592667001506682,-0.03039343650941629,-0.037037037037037035,-0.03846153846153838
2018-03-30,131.5,131.5,129.0,130.0,130.0,2308,-0.653206047617419,-0.6693901400287998,-0.6639718428746154,-0.669842470856101,-0.669842470856101,0.004636785162287436,-0.0030674846625767306,-0.017879627297909904,-0.027492051617729652,-0.03489235337787668,-0.03679920968140283
2018-03-31,131.5,131.5,130.0,130.5,130.5,2308,-0.653206047617419,-0.6693901400287998,-0.6515277333495765,-0.6636946938953063,-0.6636946938953063,0.003074558032282903,0.0038461538461538464,-0.011613228982580142,-0.020821609454136226,-0.029017857142857185,-0.03153988868274583
2018-04-02,131.5,132.0,129.5,130.0,130.0,2308,-0.653206047617419,-0.663318046717039,-0.657749788112096,-0.669842470856101,-0.669842470856101,0.0015408320493065378,0.0015408320493065378,-0.011907778059285504,-0.020900018828845835,-0.029995523056260333,-0.034175334323922696
2018-04-03,128.5,129.0,127.5,128.0,128.0,2308,-0.6901498090165888,-0.6997506065876044,-0.6826380071621737,-0.6944335786992797,-0.6944335786992797,-0.013107170393215026,-0.010436799381522956,-0.022900763358778626,-0.0326846778764405,-0.04177272046713589,-0.04738278342842973
2018-04-09,128.0,128.5,126.5,127.5,127.5,2308,-0.6963071025831172,-0.7058226998993652,-0.6950821166872126,-0.7005813556600743,-0.7005813556600743,-0.013157894736842018,-0.012393493415956578,-0.022239263803681023,-0.03299203640500565,-0.042073628850488314,-0.04874409350907733
2018-04-10,127.0,128.0,127.0,127.5,127.5,2308,-0.7086216897161739,-0.7118947932111261,-0.6888600619246932,-0.7005813556600743,-0.7005813556600743,-0.009324009324009237,-0.012010848508330191,-0.017971758664955144,-0.030049448459490216,-0.03904130238167023,-0.04637247569184734
2018-04-11,128.0,128.5,126.5,126.5,126.5,2308,-0.6963071025831172,-0.7058226998993652,-0.6950821166872126,-0.7128769095816636,-0.7128769095816636,-0.010946051602814743,-0.01937984496124031,-0.021655065738592508,-0.03435114503816794,-0.04311649016641444,-0.05113139142392797
2018-04-12,126.0,126.5,122.5,123.5,123.5,2308,-0.7209362768492306,-0.7301110731464088,-0.7448585547873684,-0.7497635713464317,-0.7497635713464317,-0.024486571879936764,-0.03666146645865826,-0.040652511651993684,-0.05236907730673308,-0.061122092139273165,-0.06991339274507341
2018-04-13,123.5,124.0,120.0,120.5,120.5,2308,-0.7517227446818722,-0.7604715397052132,-0.7759688285999656,-0.7866502331111996,-0.7866502331111996,-0.03677058353317342,-0.05416012558869706,-0.05810317873892655,-0.06967766840378309,-0.0793092909535452,-0.0882723833543505
2018-04-16,121.5,122.0,121.0,121.5,121.5,2308,-0.7763519189479855,-0.7847599129522568,-0.7635247190749267,-0.7743546791896103,-0.7743546791896103,-0.019370460048426196,-0.039905175819834035,-0.046061240512954675,-0.05649388468258595,-0.0672501151543067,-0.07651380795540914
2018-04-17,121.5,122.0,119.5,120.0,120.0,2308,-0.7763519189479855,-0.7847599129522568,-0.7821908833624851,-0.7927980100719942,-0.7927980100719942,-0.019607843137254947,-0.04420549581839902,-0.053876478318002595,-0.06231685876147681,-0.07435976550447383,-0.08373631967421737
2018-04-18,121.0,121.0,117.5,120.0,120.0,2308,-0.7825092125145139,-0.7969040995757786,-0.807079102412563,-0.7927980100719942,-0.7927980100719942,-0.009083402146985916,-0.03614457831325301,-0.05038248483249797,-0.05697445972495088,-0.06991164160595265,-0.07940161104718063
2018-04-19,121.0,121.0,118.0,120.0,120.0,2308,-0.7825092125145139,-0.7969040995757786,-0.8008570476500435,-0.7927980100719942,-0.7927980100719942,-0.0033222591362126715,-0.02834008097165992,-0.04458598726114645,-0.05250690880379001,-0.06498363721365126,-0.07466906567279273
2018-04-20,119.0,119.5,118.0,119.0,119.0,2308,-0.8071383867806272,-0.8151203795110613,-0.8008570476500435,-0.8050935639935836,-0.8050935639935836,-0.009159034138218105,-0.029363784665579075,-0.047746065617498015,-0.055368128596943796,-0.06769037919147602,-0.07811491284699813
2018-04-23,118.5,118.5,113.0,114.5,114.5,2308,-0.8132956803471555,-0.8272645661345831,-0.8630775952752381,-0.8604235566407356,-0.8604235566407356,-0.03538331929233364,-0.056059356966199486,-0.07611619150080691,-0.08546325878594252,-0.09671820763647843,-0.10779220779220786
2018-04-24,114.0,114.0,107.5,111.5,111.5,2308,-0.8687113224459104,-0.8819134059404311,-0.9315201976629522,-0.8973102184055035,-0.8973102184055035,-0.04700854700854701,-0.06850459482038432,-0.091279543602282,-0.1035175879396985,-0.11353156304658929,-0.12571876633559853
2018-04-25,110.5,112.5,110.5,111.5,111.5,2308,-0.9118123774116088,-0.9001296858757138,-0.8941878690878354,-0.8973102184055035,-0.8973102184055035,-0.0329575021682567,-0.05668358714043995,-0.08180071369750208,-0.0978964401294498,-0.10699983982059906,-0.12019989479221463
2018-04-26,112.5,113.5,108.5,110.0,110.0,2308,-0.8871832031454955,-0.8879854992521921,-0.9190760881379133,-0.9157535492878875,-0.9157535492878875,-0.029126213592232986,-0.058622165169020066,-0.0840965861781848,-0.10222403591103861,-0.11276012260041945,-0.1258278145695364
2018-04-27,111.0,112.0,109.0,110.0,110.0,2308,-0.9056550838450804,-0.9062017791874747,-0.9128540333753938,-0.9157535492878875,-0.9157535492878875,-0.013452914798206279,-0.05008635578583763,-0.07485281749369223,-0.09539473684210523,-0.1062723431914202,-0.11964785914365748
2018-04-30,110.0,110.5,106.0,108.0,108.0,2308,-0.9179696709781371,-0.9244180591227574,-0.9501863619505105,-0.9403446571310662,-0.9403446571310662,-0.019963702359346667,-0.05635648754914812,-0.08163265306122444,-0.1037344398340249,-0.11620294599018005,-0.12903225806451613
2018-05-02,108.0,109.5,108.0,108.0,108.0,2308,-0.9425988452442504,-0.9365622457462792,-0.9252981429004328,-0.9403446571310662,-0.9403446571310662,-0.0136986301369863,-0.046357615894039736,-0.07136715391229577,-0.0954773869346734,-0.11037891268533777,-0.12242686890574211
2018-05-03,108.5,109.0,103.0,104.0,104.0,2308,-0.9364415516777221,-0.9426343390580401,-0.9875186905256274,-0.9895268728174235,-0.9895268728174235,-0.037037037037037035,-0.06851768920734443,-0.09407665505226478,-0.11920389582892231,-0.13678618857901728,-0.14789020893076607
2018-05-04,102.5,108.0,101.5,107.0,107.0,2308,-1.010329074476062,-0.9547785256815619,-1.0061848548131858,-0.9526402110526555,-0.9526402110526555,-0.0037243947858473527,-0.030357951971001308,-0.0589270008795075,-0.08488347231131065,-0.10460251046025104,-0.11728310188367938
2018-05-07,109.5,114.0,109.0,112.0,112.0,2308,-0.9241269645446655,-0.8819134059404311,-0.9128540333753938,-0.8911624414447089,-0.8911624414447089,0.03896103896103899,0.021431828545371585,-0.010017678255745491,-0.03552206673842842,-0.05755637832379673,-0.07079646017699114
2018-05-08,113.5,116.0,113.0,114.5,114.5,2308,-0.8748686160124388,-0.8576250326933875,-0.8630775952752381,-0.8604235566407356,-0.8604235566407356,0.049495875343721414,0.04423164614683077,0.016272189349112384,-0.008443386014288758,-0.03146675689392657,-0.04596583807804471
2018-05-09,114.5,114.5,112.5,113.0,113.0,2308,-0.8625540288793822,-0.8758413126286703,-0.8692996500377576,-0.8788668875231196,-0.8788668875231196,0.026339691189827482,0.02914389799635704,0.007130124777183575,-0.015250544662309368,-0.03862514888548584,-0.05452517082694184
2018-05-10,113.5,115.5,113.0,115.0,115.0,2308,-0.8748686160124388,-0.8636971260051485,-0.8630775952752381,-0.854275779679941,-0.854275779679941,0.02404274265360644,0.04403086699954602,0.028009535160905902,0.007225749945259495,-0.01642148477591517,-0.034559955225968886
2018-05-11,116.0,116.5,113.5,114.0,114.0,2308,-0.8440821481797972,-0.8515529393816267,-0.8568555405127186,-0.8665713336015303,-0.8665713336015303,0.002638522427440608,0.031207598371777504,0.02272727272727271,0.002638522427440608,-0.019607843137254912,-0.03824521934758154
2018-05-14,115.0,116.0,114.5,115.5,115.5,2308,-0.8563967353128539,-0.8576250326933875,-0.8444114309876798,-0.8481280027191462,-0.8481280027191462,0.009615384615384566,0.03960396039603966,0.03835780641294575,0.01806963420008812,-0.0024183796856106507,-0.022015241320914432
2018-05-15,116.0,116.5,115.0,115.0,115.0,2308,-0.8440821481797972,-0.8515529393816267,-0.8381893762251603,-0.854275779679941,-0.854275779679941,0.004366812227074236,0.02862254025044725,0.03355302576393051,0.016574585635359115,-0.0024288688410825914,-0.022108843537414918
2018-05-16,116.0,116.5,114.5,115.5,115.5,2308,-0.8440821481797972,-0.8515529393816267,-0.8444114309876798,-0.8481280027191462,-0.8481280027191462,0.004347826086956522,0.026210573078631744,0.03556485355648537,0.02302922940655442,0.006097560975609781,-0.013803899245766273
2018-05-17,115.5,115.5,113.5,113.5,113.5,2308,-0.8502394417463255,-0.8636971260051485,-0.8568555405127186,-0.8727191105623249,-0.8727191105623249,-0.010462074978204035,0.0,0.016417910447761152,0.008216744392627111,-0.006825341267063363,-0.026169026169026145
2018-05-18,113.5,115.0,113.5,114.0,114.0,2308,-0.8748686160124388,-0.8697692193169093,-0.8568555405127186,-0.8665713336015303,-0.8665713336015303,-0.006102877070619031,-0.0017513134851138603,0.018463371054198895,0.015364061456245774,0.000877963125548677,-0.017382559977014787
2018-05-21,114.5,118.0,114.0,117.5,117.5,2308,-0.8625540288793822,-0.8333366594463439,-0.8506334857501993,-0.8235368948759676,-0.8235368948759676,0.020851433536055654,0.023965141612200435,0.04506374147643044,0.04723707664884133,0.032694673932149754,0.01585014409221898
2018-05-22,118.0,118.5,114.5,114.5,114.5,2308,-0.8194529739136839,-0.8272645661345831,-0.8444114309876798,-0.8604235566407356,-0.8604235566407356,-0.004347826086956522,-0.002178649237472767,0.01447135262847023,0.020499108734402825,0.00881057268722467,-0.0063638993346832595
2018-05-23,114.5,115.0,112.0,112.5,112.5,2308,-0.8625540288793822,-0.8697692193169093,-0.875521704800277,-0.8850146644839142,-0.8850146644839142,-0.016608391608391657,-0.019180470793374045,-0.005891016200294592,0.0022271714922048997,-0.006183745583038894,-0.019465427077280658
2018-05-24,112.5,113.5,112.0,112.5,112.5,2308,-0.8871832031454955,-0.8879854992521921,-0.875521704800277,-0.8850146644839142,-0.8850146644839142,-0.014886164623467625,-0.017038007863695963,-0.010844079718640102,0.001780943900267167,-0.0035429583702391997,-0.01546091015169194
2018-05-25,113.5,115.5,112.5,115.0,115.0,2308,-0.8748686160124388,-0.8636971260051485,-0.8692996500377576,-0.854275779679941,-0.854275779679941,0.005244755244755195,0.003928415539065935,0.006417736289381572,0.021768103065304335,0.020408163265306097,0.008919432665594376
2018-05-28,115.5,116.0,113.0,113.5,113.5,2308,-0.8502394417463255,-0.8576250326933875,-0.8630775952752381,-0.8727191105623249,-0.8727191105623249,-0.0008802816901407951,-0.007433318758198464,-0.007577965607694492,0.006875138611665608,0.009068278805120875,-0.002197802197802198
2018-05-29,113.5,114.5,113.0,114.5,114.5,2308,-0.8748686160124388,-0.8758413126286703,-0.8630775952752381,-0.8604235566407356,-0.8604235566407356,0.007922535211267656,0.0017497812773403574,0.0011658408627222964,0.012826183104820902,0.01795874822190608,0.008662457788870953
2018-05-30,112.5,113.0,112.0,112.0,112.0,2308,-0.8871832031454955,-0.8940575925639529,-0.875521704800277,-0.8911624414447089,-0.8911624414447089,-0.013215859030837005,-0.017112768758227318,-0.0201224846894138,-0.011037527593818985,-0.0044444444444444444,-0.011037527593818985
2018-05-31,112.5,113.0,111.0,111.0,111.0,2308,-0.8871832031454955,-0.8940575925639529,-0.887965814325316,-0.9034579953662982,-0.9034579953662982,-0.01943462897526504,-0.023746701846965725,-0.026600409237065168,-0.022887323943661924,-0.013157894736842141,-0.01726427622841968
2018-06-01,111.5,114.5,111.5,114.5,114.5,2308,-0.8994977902785521,-0.8758413126286703,-0.8817437595627965,-0.8604235566407356,-0.8604235566407356,0.01237842617152967,0.006593406593406593,0.003798947983635334,0.004606273305549513,0.016332327356648354,0.015370972509606865
2018-06-04,114.5,114.5,113.0,114.5,114.5,2308,-0.8625540288793822,-0.8758413126286703,-0.8630775952752381,-0.8604235566407356,-0.8604235566407356,0.010591350397175665,0.009255178492728049,0.0043859649122807015,0.0035056967572305495,0.014711095356256617,0.016723397957673584
2018-06-05,114.0,114.5,112.0,112.0,112.0,2308,-0.8687113224459104,-0.8758413126286703,-0.875521704800277,-0.8911624414447089,-0.8911624414447089,-0.007092198581560258,-0.010600706713780944,-0.015817223198594,-0.017328361482781263,-0.008849557522123894,-0.004739336492890978
2018-06-06,112.5,114.0,112.0,113.0,113.0,2308,-0.8871832031454955,-0.8819134059404311,-0.875521704800277,-0.8788668875231196,-0.8788668875231196,0.0,-0.002207505518763797,-0.005573481959518979,-0.008554507567448952,-0.001766784452296845,0.0037009622501850904
2018-06-07,113.5,114.0,112.5,113.5,113.5,2308,-0.8748686160124388,-0.8819134059404311,-0.8692996500377576,-0.8727191105623249,-0.8727191105623249,0.0,0.0013233348037053876,-0.0011733646230566732,-0.0035118525021949577,-0.0007043493572811964,0.007545494895694578
2018-06-08,113.0,114.0,112.5,113.5,113.5,2308,-0.8810259095789671,-0.8819134059404311,-0.8692996500377576,-0.8727191105623249,-0.8727191105623249,0.0017652250661959652,0.0026501766784452047,-0.0008802816901407951,-0.003293084522502744,-0.002986647926914998,0.0065031037540644486
2018-06-11,114.5,117.5,114.5,116.5,116.5,2308,-0.8625540288793822,-0.8394087527581049,-0.8444114309876798,-0.8358324487975569,-0.8358324487975569,0.02462620932277922,0.02643171806167401,0.026130358191426912,0.022602589422865946,0.0217505700754254,0.031125534739637105
2018-06-12,116.5,117.0,115.0,115.0,115.0,2308,-0.8379248546132688,-0.8454808460698657,-0.8381893762251603,-0.854275779679941,-0.854275779679941,0.006124234470691188,0.01276970497578162,0.012621074258878812,0.009436032477507158,0.008418098912662169,0.01575150890622698
2018-06-13,115.5,117.5,115.5,117.0,117.0,2308,-0.8502394417463255,-0.8394087527581049,-0.8319673214626409,-0.8296846718367622,-0.8296846718367622,0.016507384882710738,0.02586584831214382,0.027517564402810363,0.02631578947368421,0.02451838879159367,0.030685655557186914
2018-06-14,115.5,116.0,114.0,114.0,114.0,2308,-0.8502394417463255,-0.8576250326933875,-0.8506334857501993,-0.8665713336015303,-0.8665713336015303,-0.01041666666666669,-0.003060778312199338,0.00029248318221700587,-0.00021925016443767316,-0.0014015416958654222,0.0013175230566535414
2018-06-15,115.0,115.0,112.5,113.5,113.5,2308,-0.8563967353128539,-0.8697692193169093,-0.8692996500377576,-0.8727191105623249,-0.8727191105623249,-0.014756944444444468,-0.006564551422319475,-0.0032201405152224244,-0.0043859649122807015,-0.005607149115121785,-0.0049678550555230525
2018-06-19,111.5,112.0,110.0,110.5,110.5,2308,-0.8994977902785521,-0.9062017791874747,-0.9004099238503549,-0.9096057723270928,-0.9096057723270928,-0.03070175438596491,-0.029424681598594595,-0.027859237536656933,-0.027716673999120155,-0.030191328769527803,-0.0308434439409443
2018-06-20,111.0,112.0,110.0,111.0,111.0,2308,-0.9056550838450804,-0.9062017791874747,-0.9004099238503549,-0.9034579953662982,-0.9034579953662982,-0.01943462897526504,-0.024175824175824177,-0.02145166029973556,-0.021810971579643044,-0.024433116540692575,-0.02546093064091313
2018-06-21,112.5,112.5,110.5,110.5,110.5,2308,-0.8871832031454955,-0.9001296858757138,-0.8941878690878354,-0.9096057723270928,-0.9096057723270928,-0.012511170688114437,-0.02643171806167401,-0.02499999999999996,-0.025358324145534728,-0.027117450255326626,-0.029140430516913132
2018-06-22,110.5,111.0,110.0,110.5,110.5,2308,-0.9118123774116088,-0.9183459658109965,-0.9004099238503549,-0.9096057723270928,-0.9096057723270928,-0.0062949640287770035,-0.02385159010600709,-0.024713150926743137,-0.02449790333259771,-0.026088489335448564,-0.027859237536656933
2018-06-25,110.5,111.0,110.0,110.0,110.0,2308,-0.9118123774116088,-0.9183459658109965,-0.9004099238503549,-0.9157535492878875,-0.9157535492878875,-0.004524886877828055,-0.025254762959680942,-0.02654867256637168,-0.026763990267639953,-0.029126213592232986,-0.031121550205519655
2018-06-26,110.0,110.5,107.5,108.0,108.0,2308,-0.9179696709781371,-0.9244180591227574,-0.9315201976629522,-0.9403446571310662,-0.9403446571310662,-0.01818181818181818,-0.03571428571428571,-0.0405685519692034,-0.04212860310421286,-0.043570669500531366,-0.046638222745328806
2018-06-27,108.5,109.0,107.0,107.5,107.5,2308,-0.9364415516777221,-0.9426343390580401,-0.9377422524254717,-0.9464924340918609,-0.9464924340918609,-0.016468435498627605,-0.033707865168539325,-0.042458432304037994,-0.04359430604982211,-0.04563210227272728,-0.04895311117664404
2018-06-28,107.0,108.5,106.5,107.0,107.0,2308,-0.9549134323773071,-0.9487064323698009,-0.9439643071879912,-0.9526402110526555,-0.9526402110526555,-0.014732965009208052,-0.02947845804988662,-0.04350417163289625,-0.04592064199732506,-0.048212061910692064,-0.050997782705099776
2018-06-29,107.5,109.5,107.0,109.5,109.5,2308,-0.9487561388107788,-0.9365622457462792,-0.9377422524254717,-0.9219013262486822,-0.9219013262486822,0.010147601476014708,-0.002732240437158444,-0.018817204301075217,-0.022975685924604083,-0.024933214603739956,-0.027675003699866748
2018-07-02,105.5,106.0,104.5,104.5,104.5,2308,-0.9733853130768921,-0.9790668989286054,-0.968852526238069,-0.9833790958566289,-0.9833790958566289,-0.026095060577819174,-0.040404040404040456,-0.05855855855855856,-0.0634102621555008,-0.06596353235609578,-0.0694568121104185
2018-07-03,104.5,105.0,104.0,104.0,104.0,2308,-0.9856999002099488,-0.9912110855521272,-0.9750745810005884,-0.9895268728174235,-0.9895268728174235,-0.023474178403755867,-0.03926096997690531,-0.055975794251134685,-0.06348491670418728,-0.06726457399103139,-0.07018328118015194
2018-07-04,104.5,104.5,101.0,101.5,101.5,2308,-0.9856999002099488,-0.9972831788638881,-1.0124069095757051,-1.020265757621397,-1.020265757621397,-0.03608736942070273,-0.05405405405405403,-0.07107992678462477,-0.08165573399683335,-0.08542079653991713,-0.08900523560209428
2018-07-05,101.5,102.0,98.3,98.9,98.9,2308,-1.0226436616091188,-1.0276436454226925,-1.0460060052933102,-1.052234197817529,-1.052234197817529,-0.046103395061728274,-0.0682117957414736,-0.08476772163612804,-0.09943543981059917,-0.10462084449916706,-0.10871459040523895
2018-07-06,99.0,100.0,98.7,99.2,99.2,2308,-1.0534301294417603,-1.051932018669736,-1.0410283614832947,-1.0485455316410521,-1.0485455316410521,-0.02381420980122025,-0.05532806399390523,-0.07353215864516532,-0.0907841070528389,-0.09805062554553383,-0.10242490047050302
2018-07-09,100.5,104.0,100.0,102.0,102.0,2308,-1.0349582487421753,-1.003355272175649,-1.024851019100744,-1.0141179806606022,-1.0141179806606022,0.008702531645569575,-0.021207177814029306,-0.040511727078891176,-0.060167695568045715,-0.06835702020386536,-0.07345727608550832
2018-07-10,103.0,103.5,101.5,102.5,102.5,2308,-1.0041717809095339,-1.00942736548741,-1.0061848548131858,-1.0079702036998075,-1.0079702036998075,0.016663360444356203,-0.01119043025274934,-0.030946678431866822,-0.04942965779467679,-0.059667535136325195,-0.06580386438206343
2018-07-11,102.0,102.5,101.0,102.5,102.5,2308,-1.0164863680425904,-1.0215715521109316,-1.0124069095757051,-1.0079702036998075,-1.0079702036998075,0.014650564244703916,-0.006397828615742503,-0.025727140231924437,-0.04388787836388227,-0.05637796435410218,-0.06238565678741304
2018-07-12,102.0,102.5,101.0,101.5,101.5,2308,-1.0164863680425904,-1.0215715521109316,-1.0124069095757051,-1.020265757621397,-1.020265757621397,-0.00039393342525119413,-0.010817659097553702,-0.029698553310815008,-0.04632152588555852,-0.061610147553714745,-0.06855097733321097
2018-07-13,102.5,105.0,102.5,105.0,105.0,2308,-1.010329074476062,-0.9912110855521272,-0.9937407452881468,-0.9772313188958341,-0.9772313188958341,0.02239532619279452,0.027799530148786254,0.007290867229470502,-0.009247027741083127,-0.026190829499925787,-0.034660292360025706
2018-07-16,105.0,105.5,104.0,104.0,104.0,2308,-0.9795426066434204,-0.9851389922403663,-0.9750745810005884,-0.9895268728174235,-0.9895268728174235,0.008729388942774061,0.01850945059249829,0.0015408320493067297,-0.014264726790199474,-0.032053907151632505,-0.040767386091127115
2018-07-17,104.0,104.5,102.0,102.0,102.0,2308,-0.9918571937764771,-0.9972831788638881,-0.9999628000506663,-1.0141179806606022,-1.0141179806606022,-0.009708737864077669,0.000883132175448959,-0.013921113689095106,-0.029311001141987043,-0.04551579577781096,-0.055584704175797015
2018-07-18,103.0,105.0,102.5,105.0,105.0,2308,-1.0041717809095339,-0.9912110855521272,-0.9937407452881468,-0.9772313188958341,-0.9772313188958341,0.014492753623188406,0.026794445530999363,0.016719385449615976,0.0020996373353693344,-0.013751127141568968,-0.025702885775262096
2018-07-19,105.0,105.0,102.5,103.0,103.0,2308,-0.9795426066434204,-0.9912110855521272,-0.9937407452881468,-1.0018224267390128,-1.0018224267390128,-0.007707129094412304,0.0032141813577481085,-6.47207300497761e-05,-0.013457209903740252,-0.02742106058316963,-0.041295647047873175
2018-07-20,103.5,104.5,103.0,103.5,103.5,2308,-0.9980144873430055,-0.9972831788638881,-0.9875186905256274,-0.9956746497782182,-0.9956746497782182,0.0,0.003879728419010725,0.008706386849457591,-0.005333717745423023,-0.018808539683743457,-0.03364352183249813
2018-07-23,104.0,104.5,103.5,104.0,104.0,2308,-0.9918571937764771,-0.9972831788638881,-0.9812966357631079,-0.9895268728174235,-0.9895268728174235,0.004830917874396135,0.006776379477250754,0.013908748212660959,0.002361331984000815,-0.010503881869386505,-0.02609564240229737
2018-07-24,104.5,104.5,103.5,104.5,104.5,2308,-0.9856999002099488,-0.9972831788638881,-0.9812966357631079,-0.9833790958566289,-0.9833790958566289,0.004807692307692308,0.00966183574879227,0.018452342277954767,0.00888202355667119,-0.0034711626487640194,-0.01773405188620131
2018-07-25,104.5,104.5,103.5,103.5,103.5,2308,-0.9856999002099488,-0.9972831788638881,-0.9812966357631079,-0.9956746497782182,-0.9956746497782182,-0.0019286403085824768,-0.0009652509652509104,0.0073973136071637646,0.0011607661056297596,-0.010175586243831462,-0.02361560957202601
2018-07-26,105.0,105.5,104.0,104.5,104.5,2308,-0.9795426066434204,-0.9851389922403663,-0.9750745810005884,-0.9833790958566289,-0.9833790958566289,0.004807692307692308,0.005774783445620734,0.013447986034783768,0.012057527480509462,0.0016870518768452316,-0.01029170349791633
2018-07-27,104.5,108.5,104.5,108.0,108.0,2308,-0.9856999002099488,-0.9487064323698009,-0.968852526238069,-0.9403446571310662,-0.9403446571310662,0.02955195424213531,0.03646833013435698,0.04146576663452263,0.046714479550300524,0.036229659195578856,0.024797570850202393
2018-07-30,108.0,108.0,104.0,104.5,104.5,2308,-0.9425988452442504,-0.9547785256815619,-0.9750745810005884,-0.9833790958566289,-0.9833790958566289,-0.004761904761904762,0.002398081534772182,0.0060975609756098205,0.012793176972281523,0.004769047344333001,-0.0055826936496859
2018-07-31,104.5,106.5,104.0,106.5,106.5,2308,-0.9856999002099488,-0.9729948056168445,-0.9750745810005884,-0.9587879880134502,-0.9587879880134502,0.010436432637571103,0.01719197707736387,0.022727272727272662,0.030927835051546466,0.024590163934426205,0.014736708378326878
2018-08-01,108.0,108.0,105.5,107.5,107.5,2308,-0.9425988452442504,-0.9547785256815619,-0.95640841671303,-0.9464924340918609,-0.9464924340918609,0.012241054613935943,0.024297284421152903,0.029036375239310765,0.03759471067998659,0.03421072885399828,0.025404597628056417
2018-08-02,107.5,108.0,106.0,106.5,106.5,2308,-0.9487561388107788,-0.9547785256815619,-0.9501863619505105,-0.9587879880134502,-0.9587879880134502,-0.0009380863039399092,0.011396011396011423,0.016221374045801554,0.024186180699139446,0.02478734459797552,0.017159593772882113
2018-08-03,107.5,108.5,107.0,108.0,108.0,2308,-0.9487561388107788,-0.9487064323698009,-0.9377422524254717,-0.9403446571310662,-0.9403446571310662,0.01313320825515953,0.02127659574468085,0.02857142857142857,0.03423509695954037,0.0398213047831781,0.03230739820302055
2018-08-06,108.0,108.0,107.0,107.0,107.0,2308,-0.9425988452442504,-0.9547785256815619,-0.9377422524254717,-0.9526402110526555,-0.9526402110526555,-0.0009337068160597043,0.008958038661008985,0.01711026615969579,0.02221160735610225,0.02920241622099959,0.023727516264829735
2018-08-07,107.0,108.0,107.0,108.0,108.0,2308,-0.9549134323773071,-0.9547785256815619,-0.9377422524254717,-0.9403446571310662,-0.9403446571310662,0.005586592178770896,0.015037593984962351,0.022727272727272783,0.029061457837065242,0.03722484729745308,0.033295063145809455
2018-08-08,108.0,109.5,107.5,109.5,109.5,2308,-0.9425988452442504,-0.9365622457462792,-0.9315201976629522,-0.9219013262486822,-0.9219013262486822,0.015769944341372938,0.02336448598130841,0.033994334277620344,0.03988603988603991,0.04840871663283671,0.04697858235594093
2018-08-09,109.0,109.5,108.0,108.0,108.0,2308,-0.9302842581111938,-0.9365622457462792,-0.9252981429004328,-0.9403446571310662,-0.9403446571310662,-0.0009250693802034627,0.006054960409874297,0.016630059617194846,0.022485207100591716,0.03045569040531264,0.03230739820302055
2018-08-10,108.0,108.0,106.0,106.0,106.0,2308,-0.9425988452442504,-0.9547785256815619,-0.9501863619505105,-0.9649357649742448,-0.9649357649742448,-0.01578458681522751,-0.010732617825478354,-0.0037593984962406546,0.00307546723444526,0.0087552341073468,0.014321712226085321
2018-08-13,106.0,107.0,105.0,105.0,105.0,2308,-0.9672280195103637,-0.9669227123050836,-0.9626304714755495,-0.9772313188958341,-0.9772313188958341,-0.02143522833178003,-0.020522388059701517,-0.013775829680651238,-0.006857413100023593,-0.0019011406844106733,0.004592422502870302
2018-08-14,106.0,107.0,105.5,106.5,106.5,2308,-0.9672280195103637,-0.9669227123050836,-0.95640841671303,-0.9587879880134502,-0.9587879880134502,-0.004672897196261682,-0.006529850746268683,-0.0009380863039399092,0.0051911278905143665,0.010820045558086565,0.01813199069500662
2018-08-15,106.5,107.0,105.5,105.5,105.5,2308,-0.9610707259438355,-0.9669227123050836,-0.95640841671303,-0.9710835419350395,-0.9710835419350395,-0.006591337099811702,-0.014018691588785047,-0.011555277951280458,-0.0044821891955649385,0.00018960940462643173,0.0072881194105852976
2018-08-16,104.5,105.0,103.0,103.0,103.0,2308,-0.9856999002099488,-0.9912110855521272,-0.9875186905256274,-1.0018224267390128,-1.0018224267390128,-0.020912547528517136,-0.03422409751523681,-0.0340731478587059,-0.028072658645907002,-0.024066704566988877,-0.017862818638357265
2018-08-17,104.0,105.5,103.5,105.0,105.0,2308,-0.9918571937764771,-0.9851389922403663,-0.9812966357631079,-0.9772313188958341,-0.9772313188958341,0.0,-0.012693935119887112,-0.013466958972752931,-0.009900990099009875,-0.005116543490619729,-0.0006345177664974259
2018-08-20,105.0,106.5,104.0,105.0,105.0,2308,-0.9795426066434204,-0.9729948056168445,-0.9750745810005884,-0.9772313188958341,-0.9772313188958341,0.0,-0.010833725859632649,-0.013775829680651238,-0.010367577756833123,-0.005493464671339252,-0.0015847860538827708
2018-08-21,105.0,106.0,105.0,105.5,105.5,2308,-0.9795426066434204,-0.9790668989286054,-0.9626304714755495,-0.9710835419350395,-0.9710835419350395,0.006679389312977127,-0.0037771482530689865,-0.008458646616541407,-0.006123410268488042,-0.0020809685962920816,0.0022165927802406675
2018-08-22,105.5,106.0,105.0,106.0,106.0,2308,-0.9733853130768921,-0.9790668989286054,-0.9626304714755495,-0.9649357649742448,-0.9649357649742448,0.010486177311725398,0.004263382283278094,-0.0028222013170272546,-0.002587626440837503,0.0022692889561270317,0.005851652696504761
2018-08-23,106.5,107.0,106.0,106.5,106.5,2308,-0.9610707259438355,-0.9669227123050836,-0.9501863619505105,-0.9587879880134502,-0.9587879880134502,0.008522727272727328,0.010436432637571103,0.001881467544684881,0.0011750881316098707,0.005665722379603345,0.009000473709142613
2018-08-24,106.0,106.5,104.0,104.5,104.5,2308,-0.9672280195103637,-0.9729948056168445,-0.9750745810005884,-0.9833790958566289,-0.9833790958566289,-0.009478672985781991,-0.007125890736342043,-0.014770584538026363,-0.016007532956685524,-0.013592599584670547,-0.009791535060012617
2018-08-27,104.5,105.5,104.5,105.5,105.5,2308,-0.9856999002099488,-0.9851389922403663,-0.968852526238069,-0.9710835419350395,-0.9710835419350395,-0.0009469696969696432,0.001899335232668593,-0.004403900597672242,-0.007058823529411765,-0.0047169811320754715,-0.0007892659826361036
2018-08-28,106.5,113.5,106.0,112.0,112.0,2308,-0.9610707259438355,-0.8879854992521921,-0.9501863619505105,-0.8911624414447089,-0.8911624414447089,0.04770813844714681,0.05810108644307989,0.05428302478820206,0.051396385824923674,0.05362182502351837,0.05743509047993701
2018-08-29,111.0,121.0,110.5,118.5,118.5,2308,-0.9056550838450804,-0.7969040995757786,-0.8941878690878354,-0.8112413409543783,-0.8112413409543783,0.083180987202925,0.10592627158189448,0.10920436817472703,0.10670091057669855,0.108512628624883,0.114070824193043
2018-08-30,122.0,124.0,119.5,121.0,121.0,2308,-0.7701946253814572,-0.7604715397052132,-0.7821908833624851,-0.7805024561504049,-0.7805024561504049,0.07747105966162068,0.1106011932078935,0.12349117920148558,0.12244897959183676,0.12495351431759016,0.13119351822997816
2018-08-31,121.5,124.5,120.0,123.0,123.0,2308,-0.7763519189479855,-0.7543994463934524,-0.7759688285999656,-0.7559113483072263,-0.7559113483072263,0.0603448275862069,0.11060948081264109,0.1301684532924962,0.1331183786273607,0.13720414201183437,0.1429456403902742
2018-09-03,124.0,124.0,119.5,121.5,121.5,2308,-0.7455654511153439,-0.7604715397052132,-0.7821908833624851,-0.7743546791896103,-0.7743546791896103,0.019295302013422794,0.08096085409252664,0.10521528198908425,0.11187371310912829,0.11631753031973535,0.12292051756007391
2018-09-04,123.0,125.0,121.5,124.0,124.0,2308,-0.7578800382484006,-0.7483273530816914,-0.7573026643124073,-0.743615794385637,-0.743615794385637,0.019736842105263205,0.08533916849015317,0.11611161116111617,0.1265046559164206,0.1320065729413912,0.13918236104731288
2018-09-05,124.5,125.0,121.5,122.0,122.0,2308,-0.7394081575488155,-0.7483273530816914,-0.7573026643124073,-0.7682069022288156,-0.7682069022288156,-0.002452984464431702,0.05308588692274498,0.08734402852049908,0.10207768744354108,0.1078823102070468,0.11449451887941532
2018-09-06,120.5,122.0,120.0,121.5,121.5,2308,-0.7886665060810422,-0.7847599129522568,-0.7759688285999656,-0.7743546791896103,-0.7743546791896103,-0.007352941176470634,0.03536429484448237,0.0711137231854246,0.09090909090909091,0.09736271676300579,0.10421084519842475
2018-09-07,119.5,122.0,118.5,120.5,120.5,2308,-0.8009810932140988,-0.7847599129522568,-0.794634992887524,-0.7866502331111996,-0.7866502331111996,-0.011484823625922933,0.01303068516183268,0.05270821199767034,0.07493309545049069,0.08343823053407662,0.0909913988229968
2018-09-10,120.0,120.0,116.5,119.5,119.5,2308,-0.7948237996475706,-0.8090482861993004,-0.8195232119376019,-0.798945787032789,-0.798945787032789,-0.01646090534979424,-0.0070627336933942195,0.03522956973722203,0.059162419676490115,0.06963838166845687,0.07706173952230731
2018-09-11,119.0,120.5,118.5,118.5,118.5,2308,-0.8071383867806272,-0.8029761928875395,-0.794634992887524,-0.8112413409543783,-0.8112413409543783,-0.015780730897010015,-0.02066115702479339,0.0189165950128977,0.04474322239365222,0.05671482075976458,0.06421194431971267
2018-09-12,118.0,119.0,116.0,116.5,116.5,2308,-0.8194529739136839,-0.8211924728228222,-0.8257452667001214,-0.8358324487975569,-0.8358324487975569,-0.023470243084660496,-0.035596026490066206,-0.004273504273504274,0.022153981136214133,0.036292474648639016,0.04343931930138822
2018-09-13,116.0,118.0,115.5,116.0,116.0,2308,-0.8440821481797972,-0.8333366594463439,-0.8319673214626409,-0.8419802257583516,-0.8419802257583516,-0.01861252115059224,-0.03574397339983373,-0.013884953244545252,0.011995637949836423,0.028916090118857596,0.03602262578148257
2018-09-14,116.0,118.0,115.5,116.5,116.5,2308,-0.8440821481797972,-0.8333366594463439,-0.8319673214626409,-0.8358324487975569,-0.8358324487975569,-0.0076660988074957895,-0.026326786460509868,-0.016324233042499327,0.011284722222222198,0.029515729939908125,0.0378619153674833
2018-09-17,116.5,121.0,116.0,120.0,120.0,2308,-0.8379248546132688,-0.7969040995757786,-0.8257452667001214,-0.7927980100719942,-0.7927980100719942,0.02127659574468085,0.0041841004184100415,0.005025125628140656,0.03492884864165586,0.05485232067510544,0.06493122319183549
2018-09-18,118.0,121.0,117.5,120.0,120.0,2308,-0.8194529739136839,-0.7969040995757786,-0.807079102412563,-0.7927980100719942,-0.7927980100719942,0.018675721561969463,0.0075566750629723406,0.0005558643690939095,0.028497964431112088,0.0498687664041995,0.061164333087693486
2018-09-19,120.0,121.0,118.5,119.5,119.5,2308,-0.7948237996475706,-0.7969040995757786,-0.794634992887524,-0.798945787032789,-0.798945787032789,0.009290540540540492,0.0054690786705932325,-0.004166666666666667,0.01832126118449089,0.04039700504962564,0.053637031594415824
2018-09-20,120.0,121.5,118.5,120.0,120.0,2308,-0.7948237996475706,-0.7908320062640177,-0.794634992887524,-0.7927980100719942,-0.7927980100719942,0.00671140939597313,0.01095197978096038,0.0005558643690939095,0.016733742851090822,0.03860135018175518,0.05432713428027533
2018-09-21,121.5,122.0,119.0,119.0,119.0,2308,-0.7763519189479855,-0.7847599129522568,-0.7884129381250046,-0.8050935639935836,-0.8050935639935836,-0.005847953216374293,0.0037958667229017534,-0.005571030640668563,0.002105263157894737,0.024978466838932005,0.04157549234135667
2018-09-25,119.5,121.5,119.0,120.0,120.0,2308,-0.8009810932140988,-0.7908320062640177,-0.7884129381250046,-0.7927980100719942,-0.7927980100719942,0.002506265664160377,0.011804384485666152,0.003624198494563734,0.004394224733207832,0.028277634961439563,0.0457516339869281
2018-09-26,120.5,121.5,119.5,119.5,119.5,2308,-0.7886665060810422,-0.7908320062640177,-0.7821908833624851,-0.798945787032789,-0.798945787032789,-0.0008361204013377451,0.006739679865206379,0.0019564002235886047,-0.0029203170629953637,0.01910284837114101,0.037476486760237265
2018-09-27,126.5,127.5,124.0,125.5,125.5,2308,-0.7147789832827022,-0.717966886522887,-0.72619239049981,-0.7251724635032529,-0.7251724635032529,0.038907284768211946,0.049331103678929816,0.0502092050209205,0.04409317803660563,0.06319891562182306,0.08329736728528275
2018-09-28,126.5,132.5,125.0,131.0,131.0,2308,-0.7147789832827022,-0.657245953405278,-0.713748280974771,-0.6575469169345117,-0.6575469169345117,0.06504065040650407,0.08175061932287371,0.09045504994450604,0.08533554266777131,0.10065535204167371,0.12173540744969318
2018-10-01,132.5,133.5,128.5,129.5,129.5,2308,-0.6408914604843623,-0.6451017667817562,-0.6701938976371348,-0.6759902478168957,-0.6759902478168957,0.035171862509992054,0.05800653594771237,0.07261181667586968,0.07002685395579421,0.07898683552741213,0.10119047619047625
2018-10-02,130.5,131.0,126.0,128.0,128.0,2308,-0.6655206347504756,-0.6754622333405608,-0.7013041714497321,-0.6944335786992797,-0.6944335786992797,0.010260457774269906,0.03896103896103894,0.055234954657873064,0.0548001648125258,0.058551108170691354,0.0813855252041679
2018-10-03,127.5,128.0,124.0,125.0,125.0,2308,-0.7024643961496455,-0.7118947932111261,-0.72619239049981,-0.7313202404640476,-0.7313202404640476,-0.02190923317683879,0.010509296685529483,0.02683461117196056,0.029654036243822027,0.029314888010540205,0.05027307099845961
2018-10-04,125.0,126.0,122.5,123.5,123.5,2308,-0.7332508639822872,-0.7361831664581696,-0.7448585547873684,-0.7497635713464317,-0.7497635713464317,-0.030612244897959228,-0.004834810636583355,0.010638297872340403,0.016670096727721802,0.015291022689904631,0.03260869565217396
2018-10-05,122.0,122.0,116.5,118.5,118.5,2308,-0.7701946253814572,-0.7847599129522568,-0.8195232119376019,-0.8112413409543783,-0.8112413409543783,-0.05124099279423543,-0.04396934247680519,-0.03159901934077903,-0.023284566247681868,-0.02501234161592896,-0.0125
2018-10-08,117.0,118.0,114.0,114.5,114.5,2308,-0.8317675610467405,-0.8333366594463439,-0.8506334857501993,-0.8604235566407356,-0.8604235566407356,-0.06070549630844959,-0.0728744939271255,-0.06326697572947915,-0.05391448047923987,-0.055280528052805304,-0.04847645429362877
2018-10-09,116.0,119.0,115.5,117.5,117.5,2308,-0.8440821481797972,-0.8211924728228222,-0.8319673214626409,-0.8235368948759676,-0.8235368948759676,-0.019198664440734533,-0.04665314401622718,-0.037411250682687025,-0.028323340913789515,-0.029246530072703288,-0.026780784097183884
2018-10-11,111.0,112.5,109.0,111.5,111.5,2308,-0.9056550838450804,-0.9001296858757138,-0.9128540333753938,-0.8973102184055035,-0.8973102184055035,-0.04782237403928262,-0.0894242547978767,-0.0823045267489712,-0.07526435828322622,-0.07499585199933637,-0.07634957890376917
2018-10-12,114.5,119.0,114.0,118.5,118.5,2308,-0.8625540288793822,-0.8211924728228222,-0.8506334857501993,-0.8112413409543783,-0.8112413409543783,0.020671834625323047,-0.026694045174537988,-0.02415591545429594,-0.018023617153511473,-0.015780730897010015,-0.018362556951539433
2018-10-15,118.0,119.5,116.5,117.0,117.0,2308,-0.8194529739136839,-0.8151203795110613,-0.8195232119376019,-0.8296846718367622,-0.8296846718367622,0.01036269430051816,-0.027835479850436183,-0.03491888919439099,-0.030855249534064978,-0.026784228913658285,-0.029716655148583238
2018-10-16,117.0,120.0,116.5,119.0,119.0,2308,-0.8317675610467405,-0.8090482861993004,-0.8195232119376019,-0.8050935639935836,-0.8050935639935836,0.019708654670094233,-0.002514668901927889,-0.018421776189166905,-0.015308233347124488,-0.009653794940079865,-0.012038190120381924
2018-10-17,122.0,122.5,117.0,117.0,117.0,2308,-0.7701946253814572,-0.7786878196404959,-0.8133011571750824,-0.8296846718367622,-0.8296846718367622,0.003430531732418574,-0.010152284263959414,-0.03332415312586063,-0.030654515327257686,-0.02548725637181411,-0.027431421446384018
2018-10-18,118.0,119.5,117.0,119.5,119.5,2308,-0.8194529739136839,-0.8151203795110613,-0.8133011571750824,-0.798945787032789,-0.798945787032789,0.01099830795262265,0.01572460688482783,-0.012668686312310643,-0.009736896623161361,-0.004995836802664399,-0.0054099042863088274
2018-10-19,117.5,120.0,116.5,118.5,118.5,2308,-0.8256102674802122,-0.8090482861993004,-0.8195232119376019,-0.8112413409543783,-0.8112413409543783,0.0025380710659898237,0.011523687580025558,-0.017141277301631154,-0.017616580310880828,-0.013979031452820825,-0.01277422938072756
2018-10-22,118.5,123.0,118.5,122.5,122.5,2308,-0.8132956803471555,-0.772615726328735,-0.794634992887524,-0.762059125268021,-0.762059125268021,0.02682313495389776,0.04210974053594218,0.020833333333333332,0.014492753623188406,0.017103952175357044,0.020266518600777376
2018-10-23,121.5,122.5,119.5,120.0,120.0,2308,-0.7763519189479855,-0.7786878196404959,-0.7821908833624851,-0.7927980100719942,-0.7927980100719942,0.0041841004184100415,0.01608806096528371,0.005305780508237978,-0.006622516556291367,-0.004810084591142795,-0.0004164931278633666
2018-10-24,121.0,123.5,118.0,123.0,123.0,2308,-0.7825092125145139,-0.7665436330169741,-0.8008570476500435,-0.7559113483072263,-0.7559113483072263,0.01905550952775474,0.03666245259165608,0.0333239988798656,0.016949152542372857,0.01905550952775474,0.023578363384188585
2018-10-25,119.5,123.0,119.0,121.5,121.5,2308,-0.8009810932140988,-0.772615726328735,-0.7884129381250046,-0.7743546791896103,-0.7743546791896103,0.0033030553261767606,0.015461763476807307,0.022727272727272752,0.0037174721189591315,0.006127856906260308,0.010254988913525507
2018-10-26,123.5,125.0,119.0,121.5,121.5,2308,-0.7517227446818722,-0.7483273530816914,-0.7884129381250046,-0.7743546791896103,-0.7743546791896103,-0.001643385373870196,0.012922050854522693,0.02387640449438198,0.005378568473314073,0.005461767626613676,0.00885690561859947
2018-10-29,123.0,123.5,119.0,119.5,119.5,2308,-0.7578800382484006,-0.7665436330169741,-0.7884129381250046,-0.798945787032789,-0.798945787032789,-0.013212221304706808,-0.005823627287853601,0.006457046603031997,-0.006443566826023743,-0.010925343486177729,-0.008710078805474883
2018-10-30,122.0,125.0,121.5,125.0,125.0,2308,-0.7701946253814572,-0.7483273530816914,-0.7573026643124073,-0.7313202404640476,-0.7313202404640476,0.0237510237510238,0.034768211920529826,0.04660898688250067,0.04123281965847566,0.032545845035519556,0.034482758620689696
2018-10-31,129.0,130.0,127.5,130.0,130.0,2308,-0.6839925154500606,-0.6876064199640826,-0.6826380071621737,-0.669842470856101,-0.669842470856101,0.05263157894736842,0.06470106470106475,0.08093126385809314,0.0819808572617561,0.07031121356825298,0.07290233837689129
2018-11-01,129.0,132.5,128.5,130.0,130.0,2308,-0.6839925154500606,-0.657245953405278,-0.6701938976371348,-0.669842470856101,-0.669842470856101,0.038338658146964834,0.05562322371092159,0.06995884773662552,0.07973421926910294,0.06662290777814248,0.06995884773662552
2018-11-02,132.0,132.0,127.0,129.0,129.0,2308,-0.6470487540508906,-0.663318046717039,-0.6888600619246932,-0.6821380247776904,-0.6821380247776904,0.018153117600631388,0.03864734299516906,0.055646481178396046,0.06898694841516473,0.05720373709227999,0.05896839512929269
2018-11-05,130.0,131.0,127.0,129.0,129.0,2308,-0.6716779283170039,-0.6754622333405608,-0.6888600619246932,-0.6821380247776904,-0.6821380247776904,0.003110419906687447,0.03323988786543857,0.04878048780487805,0.06435643564356433,0.05789732655404299,0.05636686229015974
2018-11-06,129.5,130.0,124.5,127.5,127.5,2308,-0.6778352218835323,-0.6876064199640826,-0.7199703357372905,-0.7005813556600743,-0.7005813556600743,-0.012393493415956578,0.015127388535031892,0.03183166981386569,0.04636848584324994,0.04628261939931069,0.041666666666666616
2018-11-07,128.5,130.0,126.5,130.0,130.0,2308,-0.6901498090165888,-0.6876064199640826,-0.6950821166872126,-0.669842470856101,-0.669842470856101,0.006971340046475645,0.029295328582739533,0.0447361371551031,0.06144111043070019,0.06609808102345417,0.05920695274307441
2018-11-08,131.5,131.5,130.0,130.0,130.0,2308,-0.653206047617419,-0.6693901400287998,-0.6515277333495765,-0.669842470856101,-0.669842470856101,0.006971340046475645,0.02241447109712933,0.03889184869472557,0.05348460291734193,0.06435238251187161,0.05619498984427899
2018-11-09,130.0,130.5,127.0,128.0,128.0,2308,-0.6716779283170039,-0.6815343266523216,-0.6888600619246932,-0.6944335786992797,-0.6944335786992797,-0.006982156710628438,0.0015649452269170803,0.01775775245163001,0.033299697275479316,0.046435578809679585,0.039242219215155576
2018-11-12,128.0,130.0,126.5,128.5,128.5,2308,-0.6963071025831172,-0.6876064199640826,-0.6950821166872126,-0.688285801738485,-0.688285801738485,-0.002329192546583939,-0.0015540015540014657,0.01849405548216641,0.032543190036159075,0.04709908735332465,0.044008124576845
2018-11-13,126.5,129.0,124.5,129.0,129.0,2308,-0.7147789832827022,-0.6997506065876044,-0.7199703357372905,-0.6821380247776904,-0.6821380247776904,-0.000774593338497245,-0.000774593338497245,0.01761767026032081,0.03241296518607441,0.04622871046228713,0.04821235102925247
2018-11-14,129.0,130.0,127.5,130.0,130.0,2308,-0.6839925154500606,-0.6876064199640826,-0.6826380071621737,-0.669842470856101,-0.669842470856101,0.006971340046475645,0.006971340046475645,0.021744825779407905,0.03503184713375801,0.050080775444264966,0.055766107200866215
2018-11-15,130.5,130.5,126.5,127.5,127.5,2308,-0.6655206347504756,-0.6815343266523216,-0.6950821166872126,-0.7005813556600743,-0.7005813556600743,-0.008553654743390314,-0.010477299185098909,-0.0010446591799425956,0.011904761904761904,0.02459016393442625,0.0347626132828351
2018-11-16,128.0,128.5,126.5,128.5,128.5,2308,-0.6963071025831172,-0.7058226998993652,-0.6950821166872126,-0.688285801738485,-0.688285801738485,-0.0015540015540014657,-0.002329192546583939,0.0031225604996097246,0.015810276679841896,0.02931752643383528,0.041469674456301446
2018-11-19,129.0,129.0,126.5,127.5,127.5,2308,-0.6839925154500606,-0.6997506065876044,-0.6950821166872126,-0.7005813556600743,-0.7005813556600743,-0.007782101167315175,-0.008938981733385197,-0.008810572687224611,0.005917159763313609,0.017882803768162182,0.03085837488209133
2018-11-20,126.5,127.0,125.0,125.5,125.5,2308,-0.7147789832827022,-0.7240389798346479,-0.713748280974771,-0.7251724635032529,-0.7251724635032529,-0.017996870109546145,-0.02296613468275585,-0.024611398963730498,-0.012005510726235038,-0.00015933715742507984,0.011688835147118121
2018-11-21,125.0,126.5,123.0,125.5,125.5,2308,-0.7332508639822872,-0.7301110731464088,-0.7386365000248489,-0.7251724635032529,-0.7251724635032529,-0.011032308904649374,-0.01953125,-0.022331861854063936,-0.01297679905623284,-0.002860320991577939,0.00951870223890605
2018-11-22,126.0,126.0,121.0,121.0,121.0,2308,-0.7209362768492306,-0.7361831664581696,-0.7635247190749267,-0.7805024561504049,-0.7805024561504049,-0.03662420382165601,-0.047993705743509,-0.05296112705452647,-0.048180924287118974,-0.03907242693773826,-0.02915217972719984
2018-11-23,121.0,122.0,118.0,120.0,120.0,2308,-0.7825092125145139,-0.7847599129522568,-0.8008570476500435,-0.7927980100719942,-0.7927980100719942,-0.03147699757869254,-0.04988123515439428,-0.05635648754914813,-0.05548996458087365,-0.04746785204000638,-0.03756182328565703
2018-11-26,121.5,123.5,121.0,122.0,122.0,2308,-0.7763519189479855,-0.7665436330169741,-0.7635247190749267,-0.7682069022288156,-0.7682069022288156,-0.006514657980456003,-0.029048945483485918,-0.037095501183898996,-0.04069195989777863,-0.03143855192124479,-0.022827392871445692
2018-11-27,123.0,127.0,122.0,126.5,126.5,2308,-0.7578800382484006,-0.7240389798346479,-0.7510806095498879,-0.7128769095816636,-0.7128769095816636,0.028455284552845527,0.008771929824561358,-0.0010529086601737821,-0.005893909626719057,0.002218348914593576,0.01119104716227023
2018-11-28,127.5,129.0,126.5,128.0,128.0,2308,-0.7024643961496455,-0.6997506065876044,-0.6950821166872126,-0.6944335786992797,-0.6944335786992797,0.03643724696356275,0.022364217252396144,0.011857707509881422,0.006685017695635032,0.01249802246479986,0.02019128586609988
2018-11-29,129.5,131.0,128.5,128.5,128.5,2308,-0.6778352218835323,-0.6754622333405608,-0.6701938976371348,-0.688285801738485,-0.688285801738485,0.028,0.025538707102952935,0.016613924050632865,0.011213850088530373,0.014206787687450649,0.02173336867214419
2018-11-30,129.0,130.0,127.0,130.0,130.0,2308,-0.6839925154500606,-0.6876064199640826,-0.6888600619246932,-0.669842470856101,-0.669842470856101,0.023622047244094488,0.03626943005181345,0.02739726027397262,0.02261553588987217,0.023299748110831183,0.03051922314704712
2018-12-03,131.0,131.0,128.0,130.0,130.0,2308,-0.6593633411839472,-0.6754622333405608,-0.6764159523996542,-0.669842470856101,-0.669842470856101,0.010886469673405955,0.034208432776451844,0.026585943669386627,0.02221348535482605,0.019927820492703644,0.028481012658227802
2018-12-04,130.0,130.0,128.0,130.0,130.0,2308,-0.6716779283170039,-0.6876064199640826,-0.6764159523996542,-0.669842470856101,-0.669842470856101,0.005413766434648017,0.03051922314704712,0.026045777426992874,0.021209740769835058,0.018329938900203693,0.02577590741714886
2018-12-05,128.0,129.5,127.5,129.0,129.0,2308,-0.6963071025831172,-0.6936785132758434,-0.6826380071621737,-0.6821380247776904,-0.6821380247776904,-0.003861003861003861,0.019762845849802372,0.018689128718083654,0.0137524557956778,0.010813352139163105,0.016281512605041987
2018-12-06,128.5,128.5,125.0,127.5,127.5,2308,-0.6901498090165888,-0.7058226998993652,-0.713748280974771,-0.7005813556600743,-0.7005813556600743,-0.013921113689095214,0.0027526543452614572,0.006843906291129192,0.0029498525073746312,-0.00015683814303635524,0.0028841111693759308
2018-12-07,127.5,127.5,126.5,127.5,127.5,2308,-0.7024643961496455,-0.717966886522887,-0.6950821166872126,-0.7005813556600743,-0.7005813556600743,-0.01009316770186344,-0.003127443315089958,0.007374242823281568,0.003147128245476048,0.0003138239447670348,0.0013089005235602466
2018-12-10,126.0,128.0,126.0,126.5,126.5,2308,-0.7209362768492306,-0.7118947932111261,-0.7013041714497321,-0.7128769095816636,-0.7128769095816636,-0.012490241998438676,-0.014413712504869454,0.0,-0.003937007874015748,-0.006752512562814066,-0.008361640972040734
2018-12-11,127.0,129.5,127.0,128.0,128.0,2308,-0.7086216897161739,-0.6936785132758434,-0.6888600619246932,-0.6944335786992797,-0.6944335786992797,0.002349256068911489,-0.0038910505836575876,0.010526315789473646,0.008270972823946413,0.004867326110849462,0.002610966057441216
2018-12-12,129.5,129.5,128.0,128.5,128.5,2308,-0.6778352218835323,-0.6936785132758434,-0.6764159523996542,-0.688285801738485,-0.688285801738485,0.007053291536050201,-0.00038895371450806197,0.012874408828166107,0.012807881773399015,0.009267986176563044,0.006921770928562152
2018-12-13,130.0,131.5,129.0,131.0,131.0,2308,-0.6716779283170039,-0.6693901400287998,-0.6639718428746154,-0.6575469169345117,-0.6575469169345117,0.021044427123928202,0.017080745341614818,0.027182435964453754,0.031090121999212933,0.028580402010050257,0.026243634939287067
2018-12-14,130.0,132.0,129.5,131.5,131.5,2308,-0.6716779283170039,-0.663318046717039,-0.657749788112096,-0.651399139973717,-0.651399139973717,0.018590240123934978,0.01977510663047702,0.024941543257989,0.03380503144654086,0.03137254901960784,0.029488517745302707
2018-12-17,131.5,131.5,130.0,131.0,131.0,2308,-0.653206047617419,-0.6693901400287998,-0.6515277333495765,-0.6575469169345117,-0.6575469169345117,0.007692307692307693,0.015110422316931332,0.016291698991466208,0.02845927379784102,0.026645768025078415,0.025039123630672948
2018-12-18,130.0,132.0,129.5,132.0,132.0,2308,-0.6716779283170039,-0.663318046717039,-0.657749788112096,-0.6452513630129223,-0.6452513630129223,0.009174311926605417,0.02127659574468085,0.021144920061887465,0.033672670321064975,0.03351080488568745,0.031652989449003494
2018-12-19,132.5,133.0,131.0,132.5,132.5,2308,-0.6408914604843623,-0.6511738600935172,-0.6390836238245375,-0.6391035860521277,-0.6391035860521277,0.006838905775076031,0.022376543209876587,0.022639567790069492,0.034752049980476284,0.036613988421217394,0.03488674824264516
2018-12-20,131.0,134.5,131.0,133.0,133.0,2308,-0.6593633411839472,-0.6329575801582344,-0.6390836238245375,-0.632955809091333,-0.632955809091333,0.007575757575757576,0.021897810218978058,0.024127310061601584,0.03381267003497858,0.03873789440799757,0.03798126951092618
2018-12-21,131.5,132.0,128.0,128.0,128.0,2308,-0.653206047617419,-0.663318046717039,-0.6764159523996542,-0.6944335786992797,-0.6944335786992797,-0.02513328255902522,-0.01689708141321036,-0.013360739979444914,-0.008136381247578546,-0.00015622558975168124,-0.0010405827263266839
2018-12-22,127.0,129.0,126.0,128.5,128.5,2308,-0.7086216897161739,-0.6997506065876044,-0.7013041714497321,-0.688285801738485,-0.688285801738485,-0.017584097859327304,-0.014570552147239306,-0.00874260735407554,-0.00676328502415459,0.003435889426831155,0.0028616024973986023
2018-12-24,128.0,129.0,127.5,128.0,128.0,2308,-0.6963071025831172,-0.6997506065876044,-0.6826380071621737,-0.6944335786992797,-0.6944335786992797,-0.015384615384615385,-0.018404907975460166,-0.011583011583011582,-0.011201235998454915,-0.001248439450686615,-0.0007806401249023756
2018-12-25,127.5,127.5,126.0,127.0,127.0,2308,-0.7024643961496455,-0.717966886522887,-0.7013041714497321,-0.706729132620869,-0.706729132620869,-0.014740108611326653,-0.02495201535508637,-0.01829425405823247,-0.018547140649149967,-0.009514896272032435,-0.0078125
2018-12-26,127.0,128.0,126.0,126.0,126.0,2308,-0.7086216897161739,-0.7118947932111261,-0.7013041714497321,-0.7190246865424583,-0.7190246865424583,-0.011764705882352941,-0.028901734104046242,-0.02527075812274378,-0.025333591181589676,-0.01884441675751431,-0.015240328253223938
2018-12-27,127.5,128.5,126.0,127.5,127.5,2308,-0.7024643961496455,-0.7058226998993652,-0.7013041714497321,-0.7005813556600743,-0.7005813556600743,0.0007849293563578832,-0.014302280633938883,-0.01366683857658597,-0.012775842044134771,-0.009477936606587934,-0.00325732899022805
2018-12-28,128.5,129.5,127.5,129.5,129.5,2308,-0.6901498090165888,-0.6936785132758434,-0.6826380071621737,-0.6759902478168957,-0.6759902478168957,0.014890282131661487,0.002321981424148695,0.0002574665293511697,0.002904162633107454,0.00372035343357611,0.011850501367365535
2019-01-02,129.5,130.0,126.5,127.0,127.0,2308,-0.6778352218835323,-0.6876064199640826,-0.6950821166872126,-0.706729132620869,-0.706729132620869,-0.0031397174254317556,-0.013209013209013121,-0.018547140649149967,-0.01531304516379139,-0.015809051456912526,-0.008070814891955205
2019-01-03,126.5,130.0,126.0,130.0,130.0,2308,-0.7147789832827022,-0.6876064199640826,-0.7013041714497321,-0.669842470856101,-0.669842470856101,0.015625,0.012066952121448123,0.003861003861003861,0.007556675062972248,0.006815365551424995,0.0141724093095826
2019-01-04,128.0,133.0,127.5,131.0,131.0,2308,-0.6963071025831172,-0.6511738600935172,-0.6826380071621737,-0.6575469169345117,-0.6575469169345117,0.015503875968992248,0.021442495126705652,0.011583011583011582,0.01393188854489173,0.013774957436929277,0.01932304500064832
2019-01-07,133.0,138.0,132.5,138.0,138.0,2308,-0.6347341669178339,-0.5904529269759082,-0.6204174595369791,-0.5714780394833864,-0.5714780394833864,0.05263157894736847,0.06769825918762089,0.062083119548486373,0.06378878396608215,0.06530801296896718,0.06880082612624236
2019-01-08,140.5,141.5,138.5,140.5,140.5,2308,-0.542374763419909,-0.5479482737935819,-0.5457528023867456,-0.540739154679413,-0.540739154679413,0.054013503375843874,0.0770410118819472,0.07607863160582082,0.07724746022618353,0.0811018775007694,0.08299075025693742
2019-01-09,141.0,145.0,141.0,144.5,144.5,2308,-0.5362174698533806,-0.5054436206112557,-0.5146425285741483,-0.49155693899305575,-0.49155693899305575,0.05628654970760225,0.09386828160484487,0.09969558599695581,0.10095238095238095,0.10694040140952972,0.10869565217391296
2019-01-10,144.5,145.0,142.0,145.0,145.0,2308,-0.4931164148876823,-0.5054436206112557,-0.5021984190491093,-0.4854091620322611,-0.4854091620322611,0.03719599427753926,0.08289768483943237,0.09654650869674829,0.09786106378951363,0.1053514255221832,0.1077158135981665
2019-01-11,144.0,145.0,140.5,142.0,142.0,2308,-0.49927370845421065,-0.5054436206112557,-0.5208645833366677,-0.5222958237970291,-0.5222958237970291,0.0,0.04797047970479705,0.06900878293600995,0.0706880301602262,0.07771706132361877,0.08108108108108113
2019-01-14,142.5,143.5,140.0,142.0,142.0,2308,-0.5177455891537956,-0.5236599005465383,-0.5270866380991872,-0.5222958237970291,-0.5222958237970291,-0.005602240896358622,0.036874771814530936,0.06154996262148008,0.06646639128802098,0.07299380383859752,0.0777988614800759
2019-01-15,144.0,150.0,143.5,150.0,150.0,2308,-0.49927370845421065,-0.44472268749364674,-0.483532254761551,-0.42393139242431443,-0.42393139242431443,0.03662750518313761,0.07913669064748201,0.10946745562130186,0.11856823266219244,0.1254501800720288,0.13278791692888617
2019-01-16,150.5,151.0,148.0,149.5,149.5,2308,-0.4192288920893424,-0.43257850087012495,-0.4275337618988758,-0.43007916938510915,-0.43007916938510915,0.02608098833218951,0.0584070796460177,0.09416930958770438,0.10761252083719212,0.11450723125093197,0.12349699398797598
2019-01-17,150.0,154.5,148.0,150.0,150.0,2308,-0.4253861856558707,-0.39007384768779874,-0.4275337618988758,-0.42393139242431443,-0.42393139242431443,0.022494887525562453,0.04712041884816754,0.08564535585042227,0.10415899889584104,0.1111111111111111,0.12135559431846488
2019-01-18,148.5,151.5,146.5,150.5,150.5,2308,-0.44385806635545566,-0.42650640755836405,-0.4461999261864342,-0.4177836154635198,-0.4177836154635198,0.014150943396226376,0.036501377410468404,0.07653791130185972,0.10074968001462795,0.10841066430991309,0.11868186323092172
2019-01-21,152.0,152.5,150.0,152.0,152.0,2308,-0.4007570113897574,-0.41436222093484226,-0.402645542848798,-0.3993402845811358,-0.3993402845811358,0.010638297872340387,0.03683492496589363,0.0747112891821824,0.10204821460938907,0.1127379209370425,0.12301440709272261
2019-01-22,152.0,152.0,150.5,151.5,151.5,2308,-0.4007570113897574,-0.42043431424660316,-0.39642348808627853,-0.40548806154193046,-0.40548806154193046,0.005308560053085676,0.02572782667569405,0.060181945416375046,0.08934028401941407,0.1024596128656674,0.11247093379023372
2019-01-23,150.0,151.0,148.5,149.5,149.5,2308,-0.4253861856558707,-0.43257850087012495,-0.42131170713635635,-0.43007916938510915,-0.43007916938510915,-0.007962840079628325,0.008771929824561481,0.035318559556786665,0.06671423474848373,0.08239212279177523,0.09203798392987578
2019-01-24,151.0,153.5,150.5,152.5,152.5,2308,-0.41307159852281405,-0.4022180343113205,-0.39642348808627853,-0.39319250762034114,-0.39319250762034114,0.008597883597883674,0.02383350117489098,0.045236463331048624,0.07831005833480635,0.09775410308090997,0.1074800290486566
2019-01-25,154.0,155.0,152.0,154.0,154.0,2308,-0.37612783712364406,-0.38400175437603784,-0.3777573237987201,-0.37474917673795716,-0.37474917673795716,0.01382488479262669,0.025641025641025602,0.04453990504182679,0.07824260458603194,0.1018889524899829,0.1121810303322099
2019-01-28,154.5,155.0,151.5,152.0,152.0,2308,-0.3699705435571157,-0.38400175437603784,-0.3839793785612396,-0.3993402845811358,-0.3993402845811358,0.000658327847267902,0.00562355276215676,0.024488878903617114,0.05518917042693501,0.08015918135304151,0.09234638878907649
2019-01-29,150.0,150.5,147.0,149.0,149.0,2308,-0.4253861856558707,-0.43865059418188584,-0.43997787142391476,-0.4362269463459038,-0.4362269463459038,-0.015852047556142706,-0.013571665011585642,0.0004476275738585242,0.027409067402172,0.052705948848382145,0.06618962432915922
2019-01-30,149.5,152.0,148.5,151.0,151.0,2308,-0.431543479222399,-0.42043431424660316,-0.42131170713635635,-0.4116358385027251,-0.4116358385027251,-0.00461437046802893,-0.0013227513227512477,0.010935059138585087,0.032655154727303855,0.05994665169170287,0.07562626142704505
2019-02-11,153.5,153.5,150.0,151.5,151.5,2308,-0.3822851306901724,-0.4022180343113205,-0.402645542848798,-0.40548806154193046,-0.40548806154193046,0.0,0.0009910802775025152,0.01134846461949258,0.028513238289205625,0.056190741773563875,0.07434109443328202
2019-02-12,152.5,154.0,152.0,153.0,153.0,2308,-0.39459971782322906,-0.39614594099955963,-0.3777573237987201,-0.3870447306595465,-0.3870447306595465,0.011235955056179699,0.009234828496042255,0.01638618246235608,0.030997304582210203,0.05867699972322162,0.07987295612280905
2019-02-13,155.0,155.0,153.0,153.5,153.5,2308,-0.3638132499905874,-0.38400175437603784,-0.3653132142736812,-0.3808969536987518,-0.3808969536987518,0.012532981530343046,0.011532125205930808,0.014540647719761986,0.028992793698675974,0.054547952734267637,0.07694106641721236
2019-02-14,153.5,156.5,153.5,154.5,154.5,2308,-0.3822851306901724,-0.36578547444075515,-0.3590911595111618,-0.3686013997771625,-0.3686013997771625,0.011787819253438189,0.016113120683985457,0.01912928759894463,0.030859049207673062,0.05417576419213972,0.07740585774058573
2019-02-15,155.5,156.0,154.0,155.0,155.0,2308,-0.35765595642405906,-0.37185756775251605,-0.3528691047486423,-0.36245362281636784,-0.36245362281636784,0.009771986970684038,0.0157273918741809,0.01996051765738099,0.030585106382978684,0.049566630552545995,0.07415107415107407
2019-02-18,156.0,156.0,153.5,154.0,154.0,2308,-0.35149866285753073,-0.37185756775251605,-0.3590911595111618,-0.37474917673795716,-0.37474917673795716,0.0,0.008183306055646482,0.011604992336325904,0.02088167053364273,0.036060279870828944,0.06060606060606069
2019-02-19,154.0,154.0,151.5,152.5,152.5,2308,-0.37612783712364406,-0.39614594099955963,-0.3839793785612396,-0.39319250762034114,-0.39319250762034114,-0.00909681611436001,-0.0006553079947574989,0.0008750820389411009,0.007431874483897605,0.020066889632107024,0.043924700513405524
2019-02-20,154.5,157.0,154.0,154.5,154.5,2308,-0.3699705435571157,-0.35971338112899426,-0.3528691047486423,-0.3686013997771625,-0.3686013997771625,0.0025957170668397516,0.010794896957801805,0.012893356643356656,0.01644736842105263,0.0289025039957379,0.05113958498696007
2019-02-21,156.0,156.0,153.5,155.0,155.0,2308,-0.35149866285753073,-0.37185756775251605,-0.3590911595111618,-0.36245362281636784,-0.36245362281636784,0.005188067444876858,0.010101010101010176,0.01461924503600253,0.0180623973727422,0.028260581133076758,0.048478015783539954
2019-02-22,155.5,155.5,153.0,154.0,154.0,2308,-0.35765595642405906,-0.37792966106427694,-0.3653132142736812,-0.37474917673795716,-0.37474917673795716,0.0,0.0016260162601626016,0.006097560975609781,0.010001639613051358,0.019057702488088905,0.035410129986553206
2019-02-25,155.5,156.0,153.0,154.0,154.0,2308,-0.35765595642405906,-0.37185756775251605,-0.3653132142736812,-0.37474917673795716,-0.37474917673795716,0.0,0.0,0.0054406964091404325,0.00867856558048134,0.01663585951940857,0.02987070887204638
2019-02-26,154.0,154.0,152.5,152.5,152.5,2308,-0.37612783712364406,-0.39614594099955963,-0.37153526903620065,-0.39319250762034114,-0.39319250762034114,-0.00974025974025974,-0.009418642416368878,-0.00370209059233447,-0.0018000327278678166,0.003949967083607599,0.014975041597337771
2019-02-27,154.0,155.0,153.5,153.5,153.5,2308,-0.37612783712364406,-0.38400175437603784,-0.3590911595111618,-0.3808969536987518,-0.3808969536987518,-0.0019505851755527396,-0.0029230269568040835,0.00217627856365621,0.004252535165194673,0.007482278813336744,0.018129560026530975
2019-03-04,156.0,160.5,155.0,157.0,157.0,2308,-0.35149866285753073,-0.317208727946668,-0.34042499522360337,-0.33786251497318914,-0.33786251497318914,0.018158236057068816,0.018158236057068816,0.021470396877033258,0.025306122448979593,0.02856394129979045,0.03755920255534753
2019-03-05,157.0,157.5,152.5,153.5,153.5,2308,-0.33918407572447407,-0.35364128781723336,-0.37153526903620065,-0.3808969536987518,-0.3808969536987518,-0.003893575600259535,-0.0035702693930542767,-0.0023830155979203266,0.0011413663786076073,0.004581151832460658,0.012421677476090968
2019-03-06,154.0,154.5,151.5,154.5,154.5,2308,-0.37612783712364406,-0.39007384768779874,-0.3839793785612396,-0.3686013997771625,-0.3686013997771625,0.0019455252918288677,0.0025957170668397516,0.002812635222847277,0.007006680788658879,0.009935939338475685,0.01689337428696794
2019-03-07,154.5,154.5,153.0,153.5,153.5,2308,-0.3699705435571157,-0.39007384768779874,-0.3653132142736812,-0.3808969536987518,-0.3808969536987518,-0.005829015544041487,-0.004539559014267112,-0.003893575600259535,0.0006518904823989199,0.0026126714565643744,0.007768902505744636
2019-03-08,152.0,152.0,150.0,150.5,150.5,2308,-0.4007570113897574,-0.42043431424660316,-0.402645542848798,-0.4177836154635198,-0.4177836154635198,-0.021456436931079396,-0.021456436931079396,-0.02209226770630283,-0.01842491439752153,-0.016596968112911607,-0.01376146788990822
2019-03-11,151.0,153.5,150.5,152.0,152.0,2308,-0.41307159852281405,-0.4022180343113205,-0.39642348808627853,-0.3993402845811358,-0.3993402845811358,-0.005235602094240912,-0.009771986970684038,-0.011274934952298267,-0.009610685779442869,-0.00692538873644324,-0.004366812227074174
2019-03-12,152.0,152.0,143.5,144.0,144.0,2308,-0.4007570113897574,-0.42043431424660316,-0.483532254761551,-0.4977047159538504,-0.4977047159538504,-0.04572564612326047,-0.05573770491803279,-0.058823529411764705,-0.05959183673469388,-0.057838262235017035,-0.05563449557328662
2019-03-13,147.0,148.5,145.5,148.0,148.0,2308,-0.46232994705504066,-0.4629389674289294,-0.4586440357114731,-0.44852250026749313,-0.44852250026749313,-0.010695187165775364,-0.025674786043449676,-0.03014416775884662,-0.03236351748937554,-0.030525350451984783,-0.02897758337889551
2019-03-14,148.0,150.0,147.0,150.0,150.0,2308,-0.450015359921984,-0.44472268749364674,-0.43997787142391476,-0.42393139242431443,-0.42393139242431443,0.007387508394895865,-0.01088031651829875,-0.01596326262847149,-0.018324607329843003,-0.01639344262295082,-0.01574803149606303
2019-03-15,149.5,150.0,148.5,149.0,149.0,2308,-0.431543479222399,-0.44472268749364674,-0.42131170713635635,-0.4362269463459038,-0.4362269463459038,0.002691790040376889,-0.014550264550264477,-0.020166593599298527,-0.023431099459282248,-0.022181388633678932,-0.021667760998030278
2019-03-18,150.0,152.0,149.5,151.5,151.5,2308,-0.4253861856558707,-0.42043431424660316,-0.40886759761131747,-0.40548806154193046,-0.40548806154193046,0.020202020202020204,0.005642217059409189,-0.0021953896816685583,-0.006068558307364352,-0.006427072402938024,-0.005252790544977093
2019-03-19,151.5,154.5,150.5,154.5,154.5,2308,-0.4069143049562857,-0.39007384768779874,-0.39642348808627853,-0.3686013997771625,-0.3686013997771625,0.02589641434262952,0.024875621890547265,0.017339771729587308,0.01377952755905508,0.012318175861617058,0.01333624836029732
2019-03-20,155.5,156.5,154.0,155.5,155.5,2308,-0.35765595642405906,-0.36578547444075515,-0.3528691047486423,-0.3563058458555732,-0.3563058458555732,0.022353714661407006,0.03082532316871068,0.02325071287563061,0.019839317920970687,0.01780337740541955,0.019226567620712284
2019-03-21,156.5,161.5,156.0,160.5,160.5,2308,-0.3453413692910024,-0.3050645413231462,-0.32798088569856443,-0.2948280762476265,-0.2948280762476265,0.040856031128404746,0.05905641702408438,0.05245901639344262,0.04987735077677841,0.048471387509798715,0.0505072542816625
2019-03-22,162.0,162.0,159.5,161.5,161.5,2308,-0.27761114005919074,-0.2989924480113853,-0.2844265023609282,-0.2825325223260372,-0.2825325223260372,0.030631780472240022,0.05797576154602027,0.055325637116096726,0.05400554739761792,0.052803129074315475,0.054866100587851116
2019-03-25,157.0,158.0,155.0,156.0,156.0,2308,-0.33918407572447407,-0.34756919450547247,-0.34042499522360337,-0.3501580688947785,-0.3501580688947785,-0.010152284263959355,0.01927474681476634,0.019830028328611884,0.017778502691241194,0.01655154437638467,0.017391304347826025
2019-03-26,159.0,162.0,158.5,162.0,162.0,2308,-0.31455490145836074,-0.2989924480113853,-0.29687061188596714,-0.27638474536524255,-0.27638474536524255,0.01822752985543687,0.04617371649983859,0.05514546244029528,0.054172767203513834,0.05372707167945876,0.05400130123617444
2019-03-27,160.0,163.0,160.0,162.5,162.5,2308,-0.30224031432530407,-0.2868482613878635,-0.27820444759840873,-0.2702369684044479,-0.2702369684044479,0.012461059190031152,0.0396673064619321,0.054738208567719625,0.05451005840363404,0.05464693665628236,0.054738208567719625
2019-03-28,161.0,161.5,158.5,161.5,161.5,2308,-0.2899257271922474,-0.3050645413231462,-0.29687061188596714,-0.2825325223260372,-0.2825325223260372,0.0049782202862477375,0.02572245157192767,0.04463130659767145,0.04496926560983493,0.04571354571354573,0.046323291221250444
2019-03-29,160.0,160.5,156.5,159.0,159.0,2308,-0.30224031432530407,-0.317208727946668,-0.32175883093604496,-0.3132714071300105,-0.3132714071300105,-0.00749063670411978,0.0034711265383402423,0.024704618689581157,0.026965929274987966,0.028327512611563802,0.028904227782571193
2019-04-01,159.5,160.0,155.5,156.0,156.0,2308,-0.3083976078918324,-0.3232808212584289,-0.3342029404610839,-0.3501580688947785,-0.3501580688947785,-0.026217228464419408,-0.018250471994965423,0.0036457216384301705,0.007914714908738454,0.008664166558903423,0.009164420485175141
2019-04-02,158.5,159.0,156.5,157.5,157.5,2308,-0.32071219502488907,-0.3354250078819507,-0.32175883093604496,-0.3317147380123945,-0.3317147380123945,-0.011299435028248659,-0.010678391959798925,0.007462686567164118,0.016292950475883243,0.017441860465116206,0.01831896551724144
2019-04-03,159.0,161.0,157.5,160.0,160.0,2308,-0.31455490145836074,-0.3111366346349071,-0.3093147214110061,-0.3009758532084212,-0.3009758532084212,0.00755667506297222,0.00219229564672718,0.01824352991090374,0.030595813204508857,0.031991744066047524,0.03314679294016353
2019-04-08,163.0,165.0,161.5,165.0,165.0,2308,-0.2652965529261341,-0.26255988814081993,-0.2595382833108504,-0.23949808360047456,-0.23949808360047456,0.034482758620689655,0.030605871330418526,0.04342327150084322,0.05888015401893157,0.06082036775106087,0.06257378984651714
2019-04-09,164.0,164.5,162.0,164.0,164.0,2308,-0.25298196579307747,-0.2686319814525808,-0.2533162285483309,-0.2517936375220639,-0.2517936375220639,0.021806853582554516,0.02276270657935769,0.030582320904901598,0.04792332268370607,0.05155167991792762,0.05398457583547562
2019-04-10,164.0,166.5,163.5,166.0,166.0,2308,-0.25298196579307747,-0.24434360820553727,-0.2346500642607725,-0.22720252967888524,-0.22720252967888524,0.021538461538461538,0.02881933684536725,0.03685196752029985,0.055979643765903385,0.06192425793244631,0.06432998503953835
2019-04-11,167.0,167.5,163.0,165.5,165.5,2308,-0.21603820439390745,-0.23219942158201548,-0.24087211902329198,-0.2333503066396799,-0.2333503066396799,0.008531383302864142,0.023500309214595002,0.029015544041450715,0.04564839677776019,0.05548469387755094,0.0585225455708347
2019-04-12,166.5,166.5,162.0,163.0,163.0,2308,-0.22219549796043578,-0.24434360820553727,-0.2533162285483309,-0.2640891914436532,-0.2640891914436532,-0.01032179720704304,0.0077279752704791345,0.010330578512396636,0.02499606980034582,0.03729158711976591,0.04053622725821892
2019-04-15,164.0,164.0,161.5,162.0,162.0,2308,-0.25298196579307747,-0.2747040747643417,-0.2595382833108504,-0.27638474536524255,-0.27638474536524255,-0.012797074954296127,0.0012360939431396083,0.0035102209374354505,0.014878621769772905,0.028702057404114877,0.032066256105330204
2019-04-16,162.0,162.5,161.0,162.0,162.0,2308,-0.27761114005919074,-0.2929203546996244,-0.26576033807336985,-0.27638474536524255,-0.27638474536524255,-0.010384850335980383,-0.0006169031462060106,0.0033030553261767016,0.010762751520823548,0.025705964290236815,0.030206677265500796
2019-04-17,163.0,163.5,161.0,162.0,162.0,2308,-0.2652965529261341,-0.2807761680761026,-0.26576033807336985,-0.27638474536524255,-0.27638474536524255,-0.005524861878453073,-0.00430239704978481,0.0008237232289950108,0.007462686567164108,0.023114816218264472,0.029115934356802604
2019-04-18,162.5,163.0,160.5,161.0,161.0,2308,-0.2714538464926624,-0.2868482613878635,-0.27198239283588926,-0.28868029928683187,-0.28868029928683187,-0.006172839506172839,-0.012572830420116598,-0.004944375772558784,-0.0007757951900698216,0.012451263991950633,0.021141649048625855
2019-04-19,161.5,162.0,158.5,159.0,159.0,2308,-0.2837684336257191,-0.2989924480113853,-0.29687061188596714,-0.3132714071300105,-0.3132714071300105,-0.013647642679900675,-0.024240564590365075,-0.01588611512275632,-0.01425914445133299,-0.002884735983945867,0.007498151863977213
2019-04-22,160.0,161.0,159.0,160.0,160.0,2308,-0.30224031432530407,-0.3111366346349071,-0.29064855712344767,-0.3009758532084212,-0.3009758532084212,-0.004975124378109523,-0.015081563558017782,-0.009083402146985973,-0.007905751046349439,0.0008757662955084846,0.012444631934191111
2019-04-23,160.0,160.5,158.0,160.5,160.5,2308,-0.30224031432530407,-0.317208727946668,-0.3030926666484866,-0.2948280762476265,-0.2948280762476265,0.0,-0.009870450339296696,-0.0066020218691974185,-0.004496821212591064,0.0011227544910180067,0.01347084824247522
2019-04-24,161.5,161.5,158.0,160.0,160.0,2308,-0.2837684336257191,-0.3050645413231462,-0.3030926666484866,-0.3009758532084212,-0.3009758532084212,-0.0006246096189880969,-0.009287925696594427,-0.01132852729145217,-0.00882762892984365,-0.004108054276111021,0.008615255305736548
2019-04-25,160.0,162.5,158.5,162.5,162.5,2308,-0.30224031432530407,-0.2929203546996244,-0.29687061188596714,-0.2702369684044479,-0.2702369684044479,0.013092269326683255,0.008064516129032329,0.002055498458376215,0.006503561474140672,0.009442166728786248,0.02040816326530612
2019-04-26,162.0,162.0,159.0,161.0,161.0,2308,-0.27761114005919074,-0.2989924480113853,-0.29064855712344767,-0.28868029928683187,-0.28868029928683187,0.0012437810945272925,0.0,-0.007602219026094022,-0.0023237800154918666,-0.0012406947890818154,0.008245485857426132
2019-04-29,160.0,162.0,160.0,162.0,162.0,2308,-0.30224031432530407,-0.2989924480113853,-0.27820444759840873,-0.27638474536524255,-0.27638474536524255,0.0049627791563276145,0.006211180124223602,-0.00020571898786256803,0.0037174721189590725,0.00458886270618882,0.011972930765226385
2019-04-30,160.5,162.5,160.0,162.5,162.5,2308,-0.29608302075877574,-0.2929203546996244,-0.27820444759840873,-0.2702369684044479,-0.2702369684044479,0.005569306930693105,0.009003415088481766,0.0034993824619184615,0.00572489555933784,0.007439553626782322,0.012250830564784066
2019-05-02,161.5,161.5,158.0,159.5,159.5,2308,-0.2837684336257191,-0.3050645413231462,-0.3030926666484866,-0.30712363016921584,-0.30712363016921584,-0.01238390092879257,-0.008084577114427931,-0.01238390092879257,-0.013910355486862442,-0.012016848364717529,-0.008084577114427931
2019-05-03,160.0,161.0,158.0,160.5,160.5,2308,-0.30224031432530407,-0.3111366346349071,-0.3030926666484866,-0.2948280762476265,-0.2948280762476265,-0.0037243947858472647,-0.0015552099533437014,-0.004136504653567677,-0.008647313156269336,-0.005452968149708734,-0.003105590062111801
2019-05-06,158.0,158.0,152.5,153.5,153.5,2308,-0.3268694885914174,-0.34756919450547247,-0.37153526903620065,-0.3808969536987518,-0.3808969536987518,-0.03822055137844608,-0.041822721598002426,-0.043812292358803975,-0.04997679096394857,-0.04670227300956409,-0.04618889809444907
2019-05-07,154.0,157.0,154.0,155.5,155.5,2308,-0.37612783712364406,-0.35971338112899426,-0.3528691047486423,-0.3563058458555732,-0.3563058458555732,-0.017687934301958377,-0.026604068857589983,-0.028732042473454057,-0.03476101800124143,-0.03283990546087823,-0.03275969313705171
2019-05-08,152.5,157.5,152.0,155.5,155.5,2308,-0.39459971782322906,-0.35364128781723336,-0.3777573237987201,-0.3563058458555732,-0.3563058458555732,-0.008922880815806281,-0.023547880690737835,-0.026096033402922696,-0.032207873035631,-0.03199701195219115,-0.03155490969483078
2019-05-09,154.0,154.5,150.0,151.0,151.0,2308,-0.37612783712364406,-0.39007384768779874,-0.402645542848798,-0.4116358385027251,-0.4116358385027251,-0.02706185567010302,-0.04641616671929267,-0.04991610738255036,-0.05580740972330787,-0.0588381949638494,-0.05860349127182048
2019-05-10,151.0,152.5,149.0,150.5,150.5,2308,-0.41307159852281405,-0.41436222093484226,-0.4150896523738369,-0.4177836154635198,-0.4177836154635198,-0.017624020887728388,-0.04231625835189313,-0.04887297240362326,-0.05449976441024037,-0.06031468531468529,-0.05947297156546201
2019-05-13,150.5,151.0,149.0,150.0,150.0,2308,-0.4192288920893424,-0.43257850087012495,-0.4150896523738369,-0.42393139242431443,-0.42393139242431443,-0.01639344262295082,-0.03876962512015387,-0.048424614083315665,-0.05377700678126482,-0.06109163745618422,-0.06015037593984959
2019-05-14,148.0,150.5,145.5,149.0,149.0,2308,-0.450015359921984,-0.43865059418188584,-0.4586440357114731,-0.4362269463459038,-0.4362269463459038,-0.014550264550264477,-0.03715670436187399,-0.05035054174633528,-0.056215360253365,-0.06359979889391656,-0.06397235891529685
2019-05-15,149.0,150.5,147.5,147.5,147.5,2308,-0.43770077278892733,-0.43865059418188584,-0.4337558166613953,-0.4546702772282878,-0.4546702772282878,-0.014037433155080176,-0.037520391517128875,-0.054689168980986955,-0.061406299713649415,-0.06916572005553456,-0.07115869017632248
2019-05-16,147.5,148.5,144.0,144.0,144.0,2308,-0.4561726534885123,-0.4629389674289294,-0.4773101999990315,-0.4977047159538504,-0.4977047159538504,-0.028340080971659843,-0.05075807514831898,-0.07076790707679072,-0.0784,-0.08617844904175664,-0.09090909090909094
2019-05-17,147.0,148.0,141.5,142.5,142.5,2308,-0.46232994705504066,-0.4690110607406903,-0.5084204738116288,-0.5161480468362344,-0.5161480468362344,-0.027967257844474725,-0.04936624416277522,-0.07246691256237792,-0.08256880733944948,-0.09038682497127536,-0.09753008233058902
2019-05-20,144.0,145.0,142.0,145.0,145.0,2308,-0.49927370845421065,-0.5054436206112557,-0.5021984190491093,-0.4854091620322611,-0.4854091620322611,-0.004120879120879082,-0.027172089902717283,-0.04959580511251909,-0.06224737267582862,-0.07015518789277926,-0.0787801778907243
2019-05-21,145.0,145.5,143.0,143.0,143.0,2308,-0.486959121321154,-0.4993715272994948,-0.48975430952407045,-0.5100002698754398,-0.5100002698754398,-0.009695290858725801,-0.03247631935047369,-0.054857898215466036,-0.07006990733214115,-0.07848949606908111,-0.08723404255319143
2019-05-22,143.0,144.0,139.5,140.5,140.5,2308,-0.5115882955872674,-0.5175878072347775,-0.5333086928617067,-0.540739154679413,-0.540739154679413,-0.017482517482517484,-0.03964456596035551,-0.0622914349276975,-0.08034691539846182,-0.0895541731467081,-0.09868491393135888
2019-05-23,139.0,140.0,136.0,136.5,136.5,2308,-0.5608466441194939,-0.5661645537288647,-0.5768630761993429,-0.5899213703657704,-0.5899213703657704,-0.0353356890459364,-0.057645840524680664,-0.07956844234659481,-0.09960422163588387,-0.10958904109589047,-0.118786313750807
2019-05-24,135.0,142.0,135.0,140.0,140.0,2308,-0.6101049926517206,-0.5418761804818211,-0.5893071857243818,-0.5468869316402077,-0.5468869316402077,-0.0070921985815602835,-0.026425591098748338,-0.047186932849364815,-0.06961289250706094,-0.08172635445362723,-0.0912041544952938
2019-05-27,140.0,142.0,138.0,140.0,140.0,2308,-0.5485320569864373,-0.5418761804818211,-0.5519748571492651,-0.5468869316402077,-0.5468869316402077,0.0,-0.01960784313725498,-0.041314768317735666,-0.06307512129831026,-0.07712590639419901,-0.0866586930520822
2019-05-28,141.5,141.5,138.0,138.0,138.0,2308,-0.5300601762868523,-0.5479482737935819,-0.5519748571492651,-0.5714780394833864,-0.5714780394833864,-0.007194244604316547,-0.02611150317572328,-0.047399907961343815,-0.06898296508686115,-0.08500198912611055,-0.09498305825773301
2019-05-29,137.0,139.5,137.0,138.5,138.5,2308,-0.5854758183856072,-0.5722366470406255,-0.564418966674304,-0.5653302625225918,-0.5653302625225918,-0.0007215007215006805,-0.016335227272727352,-0.03641001855287561,-0.05798333616731852,-0.07629718554088301,-0.08701384311140402
2019-05-30,138.5,144.0,138.5,142.5,142.5,2308,-0.5670039376860223,-0.5175878072347775,-0.5457528023867456,-0.5161480468362344,-0.5161480468362344,0.01931330472102996,0.013153217205830034,-0.004656577415599468,-0.025141097998973908,-0.04516215491825254,-0.05660377358490573
2019-05-31,141.0,144.0,140.0,142.5,142.5,2308,-0.5362174698533806,-0.5175878072347775,-0.5270866380991872,-0.5161480468362344,-0.5161480468362344,0.015680684248039832,0.013153217205830034,-0.000934797849964892,-0.019101703665462093,-0.04001616814874696,-0.0527365388876579
2019-06-03,144.5,149.0,142.5,148.0,148.0,2308,-0.4931164148876823,-0.45686687411716853,-0.4959763642865899,-0.44852250026749313,-0.44852250026749313,0.042988019732205736,0.05001773678609445,0.03859649122807018,0.020689655172413793,0.0005408328826393491,-0.013771657041314946
2019-06-04,150.0,151.5,149.0,149.5,149.5,2308,-0.4253861856558707,-0.42650640755836405,-0.4150896523738369,-0.43007916938510915,-0.43007916938510915,0.03675450762829412,0.05579096045197744,0.0488774555659495,0.033172080165860485,0.014109347442680862,-0.0014471780028943687
2019-06-05,151.0,152.0,146.0,146.0,146.0,2308,-0.41307159852281405,-0.42043431424660316,-0.4524219809489537,-0.47311360811067177,-0.47311360811067177,0.002059025394646612,0.027084066127330244,0.02504095483267023,0.012307158953024828,-0.0051785227582446915,-0.021666294393567032
2019-06-06,146.0,149.5,145.5,148.0,148.0,2308,-0.4746445341880973,-0.45079478080540764,-0.4586440357114731,-0.44852250026749313,-0.44852250026749313,0.008174386920980848,0.03279832519190501,0.03714085494043456,0.02724275550928344,0.011619958988379963,-0.005599104143337129
2019-06-10,152.0,152.0,150.0,151.5,151.5,2308,-0.4007570113897574,-0.42043431424660316,-0.402645542848798,-0.40548806154193046,-0.40548806154193046,0.019515477792732206,0.04880581516095543,0.057222609909281144,0.05117085862966175,0.038097848430862016,0.02043107319263582
2019-06-11,152.5,152.5,150.0,151.0,151.0,2308,-0.39459971782322906,-0.41436222093484226,-0.402645542848798,-0.4116358385027251,-0.4116358385027251,0.012064343163538951,0.03744417725867391,0.050800278357689715,0.04733830414426903,0.035381239714755874,0.019351935193519403
2019-06-12,151.0,152.0,150.5,151.5,151.5,2308,-0.41307159852281405,-0.42043431424660316,-0.39642348808627853,-0.40548806154193046,-0.40548806154193046,0.012700534759358327,0.03131381892443835,0.050138632162661644,0.049896049896049816,0.039950576606260245,0.02514943047253864
2019-06-13,151.5,152.0,150.0,150.5,150.5,2308,-0.4069143049562857,-0.42043431424660316,-0.402645542848798,-0.4177836154635198,-0.4177836154635198,0.0,0.016205266711681335,0.038408463661453514,0.041883004499827015,0.03450646136926045,0.021146669682234588
2019-06-14,150.0,150.5,148.0,148.0,148.0,2308,-0.4253861856558707,-0.43865059418188584,-0.4275337618988758,-0.44852250026749313,-0.44852250026749313,-0.016611295681063124,-0.004372687521022574,0.015785861358956838,0.023159350155547834,0.01816180517336259,0.006802721088435374
2019-06-17,149.5,153.5,148.5,153.0,153.0,2308,-0.431543479222399,-0.4022180343113205,-0.42131170713635635,-0.3870447306595465,-0.3870447306595465,0.014588859416445547,0.022044088176352783,0.04389356379349559,0.0539004649560874,0.0518355561666437,0.04258943781942078
2019-06-18,153.0,153.5,152.0,152.0,152.0,2308,-0.3884424242567007,-0.4022180343113205,-0.3777573237987201,-0.3993402845811358,-0.3993402845811358,0.006622516556291391,0.012658227848101304,0.03144085048631526,0.0444940731833018,0.04438642297650136,0.03612815269256995
2019-06-19,154.0,159.5,154.0,158.0,158.0,2308,-0.37612783712364406,-0.3293529145701898,-0.3528691047486423,-0.3255669610515998,-0.3255669610515998,0.037426132632961184,0.04670420669095735,0.06254203093476807,0.08015723807896082,0.08293351610692251,0.07641648688543205
2019-06-20,158.0,159.5,157.0,159.0,159.0,2308,-0.3268694885914174,-0.3293529145701898,-0.31553677617352555,-0.3132714071300105,-0.3132714071300105,0.032467532467532464,0.04433497536945813,0.05952909817858732,0.08016304347826095,0.08636239409674765,0.08236895847515312
2019-06-21,159.0,160.5,158.0,159.5,159.5,2308,-0.31455490145836074,-0.317208727946668,-0.3030926666484866,-0.30712363016921584,-0.30712363016921584,0.020473448496481052,0.039765319426336335,0.054894179894179974,0.07516009437141899,0.08518165736834951,0.08368248216510019
2019-06-24,159.5,159.5,158.0,158.5,158.5,2308,-0.3083976078918324,-0.3293529145701898,-0.3030926666484866,-0.31941918409080516,-0.31941918409080516,0.006988564167725504,0.028552887735236898,0.04093695271453581,0.06179869368614968,0.07370275030483671,0.07494065785011876
2019-06-25,156.5,157.0,154.0,155.0,155.0,2308,-0.3453413692910024,-0.35971338112899426,-0.3528691047486423,-0.36245362281636784,-0.36245362281636784,-0.0189873417721519,0.003236245954692557,0.014840680925360193,0.033161139810031624,0.04715578975814072,0.050016935757028286
2019-06-26,154.0,155.0,153.0,153.0,153.0,2308,-0.37612783712364406,-0.38400175437603784,-0.3653132142736812,-0.3870447306595465,-0.3870447306595465,-0.025477707006369428,-0.010669253152279377,0.00021791239921550298,0.01475708837672024,0.03085837488209145,0.03553299492385787
2019-06-27,154.0,157.0,154.0,156.0,156.0,2308,-0.37612783712364406,-0.35971338112899426,-0.3528691047486423,-0.3501580688947785,-0.3501580688947785,-0.0025575447570332843,0.005154639175257806,0.01540464308960734,0.0286844708209693,0.04669887278582936,0.053816707948660225
2019-06-28,156.0,158.0,154.5,157.5,157.5,2308,-0.35149866285753073,-0.34756919450547247,-0.34664704998612283,-0.3317147380123945,-0.3317147380123945,0.009615384615384616,0.008645533141210337,0.020959377700950646,0.03346456692913382,0.05084067253803046,0.06072510943989234
2019-07-01,160.0,161.0,158.5,160.5,160.5,2308,-0.30224031432530407,-0.3111366346349071,-0.29687061188596714,-0.2948280762476265,-0.2948280762476265,0.026214833759590755,0.022944550669216024,0.03637537666810154,0.04696673189823867,0.06502986065029868,0.07657909446618216
2019-07-02,155.5,156.5,154.0,155.0,155.0,2308,-0.35765595642405906,-0.36578547444075515,-0.3528691047486423,-0.36245362281636784,-0.36245362281636784,-0.008951406649616404,-0.013994910941475756,-0.0008594757198108666,0.008786202408070253,0.024454725710508846,0.037367540435025166
2019-07-03,155.0,155.5,152.0,152.0,152.0,2308,-0.3638132499905874,-0.37792966106427694,-0.3777573237987201,-0.3993402845811358,-0.3993402845811358,-0.026888604353393016,-0.029374201787994856,-0.020408163265306062,-0.011542838562835347,0.0009219017516132382,0.015251029722809738
2019-07-04,153.5,155.0,153.0,155.0,155.0,2308,-0.3822851306901724,-0.38400175437603784,-0.3653132142736812,-0.36245362281636784,-0.36245362281636784,-0.00641025641025641,-0.0076824583866836665,-0.0030017152658662213,0.005025125628140741,0.01626016260162595,0.03195739014647145
2019-07-05,155.0,155.5,153.0,155.0,155.0,2308,-0.3638132499905874,-0.37792966106427694,-0.3653132142736812,-0.36245362281636784,-0.36245362281636784,-0.003215434083601286,-0.004815409309791332,-0.0059854638734502166,0.002749474365194963,0.012939485034635928,0.027737871588020803
2019-07-08,154.5,155.0,153.0,154.0,154.0,2308,-0.3699705435571157,-0.38400175437603784,-0.3653132142736812,-0.37474917673795716,-0.37474917673795716,-0.0012970168612191223,-0.008370895041854547,-0.01282051282051282,-0.004524886877827981,0.0033880635913474738,0.017957474936653093
2019-07-09,153.5,154.0,151.0,151.0,151.0,2308,-0.3822851306901724,-0.39614594099955963,-0.39020143332375906,-0.4116358385027251,-0.4116358385027251,-0.015645371577575003,-0.02517753389283412,-0.03163745190252247,-0.023917259211376787,-0.016927083333333297,-0.00428618529508741
2019-07-10,151.0,152.0,150.5,151.5,151.5,2308,-0.41307159852281405,-0.42043431424660316,-0.39642348808627853,-0.40548806154193046,-0.40548806154193046,-0.01174168297455976,-0.0210016155088853,-0.02572347266881029,-0.020685197155785318,-0.014185320145757461,-0.003944773175542369
2019-07-11,153.0,154.0,152.0,152.0,152.0,2308,-0.3884424242567007,-0.39614594099955963,-0.3777573237987201,-0.3993402845811358,-0.3993402845811358,-0.004584151931892526,-0.01522513767411723,-0.01956568479896795,-0.017929252140203557,-0.012474012474012393,-0.0036053752867912904
2019-07-12,152.0,153.0,151.0,151.0,151.0,2308,-0.4007570113897574,-0.4082901276230814,-0.39020143332375906,-0.4116358385027251,-0.4116358385027251,-0.005924950625411492,-0.017566688353936166,-0.022442813983599492,-0.025334839438438027,-0.019735133731498263,-0.011995637949836484
2019-07-15,152.0,154.5,150.5,154.5,154.5,2308,-0.4007570113897574,-0.39007384768779874,-0.39642348808627853,-0.3686013997771625,-0.3686013997771625,0.01644736842105263,0.009144350097975217,0.0019455252918288677,-0.0032258064516129032,0.002205500778412062,0.008266260604742311
2019-07-16,154.0,154.5,152.0,154.5,154.5,2308,-0.37612783712364406,-0.39007384768779874,-0.3777573237987201,-0.3686013997771625,-0.3686013997771625,0.011787819253438189,0.009474028095393588,0.0021621621621622238,-0.0040290088638195,0.0012961762799740028,0.006842619745845627
2019-07-17,153.0,153.0,150.0,150.0,150.0,2308,-0.3884424242567007,-0.4082901276230814,-0.402645542848798,-0.42393139242431443,-0.42393139242431443,-0.01574803149606303,-0.018645731108930287,-0.025763152197445346,-0.03053805138148324,-0.027489626556016656,-0.022589052997393583
2019-07-18,149.5,150.0,146.0,147.5,147.5,2308,-0.431543479222399,-0.44472268749364674,-0.4524219809489537,-0.4546702772282878,-0.4546702772282878,-0.026402640264026403,-0.030243261012491744,-0.0384615384615385,-0.04313979889717811,-0.0429535426940047,-0.039192270111822906
2019-07-19,148.5,150.0,147.5,148.0,148.0,2308,-0.44385806635545566,-0.44472268749364674,-0.4337558166613953,-0.44852250026749313,-0.44852250026749313,-0.01921802518223993,-0.02245706737120215,-0.03120226925594597,-0.03630148136089851,-0.039709317415001326,-0.03593529475626976
2019-07-22,148.0,149.5,148.0,148.0,148.0,2308,-0.450015359921984,-0.45079478080540764,-0.4275337618988758,-0.44852250026749313,-0.44852250026749313,-0.010695187165775364,-0.018567639257294502,-0.025888547608600286,-0.03299575302188834,-0.03846153846153838,-0.03520208604954371
2019-07-23,149.5,150.0,147.5,149.5,149.5,2308,-0.431543479222399,-0.44472268749364674,-0.4337558166613953,-0.43007916938510915,-0.43007916938510915,0.006056527590847952,-0.00763358778625958,-0.01363536397624805,-0.021436753395516317,-0.028084774411649936,-0.025105966742745317
2019-07-24,149.5,152.0,149.5,151.5,151.5,2308,-0.431543479222399,-0.42043431424660316,-0.40886759761131747,-0.40548806154193046,-0.40548806154193046,0.017461383478844822,0.005642217059409189,-0.00021997360316760738,-0.00785854616895867,-0.013414951810367297,-0.012063906097163315
2019-07-25,151.5,152.0,149.5,149.5,149.5,2308,-0.4069143049562857,-0.42043431424660316,-0.40886759761131747,-0.43007916938510915,-0.43007916938510915,0.0013395847287340163,-0.005984042553191527,-0.011025358324145473,-0.018867924528301886,-0.02402402402402407,-0.02489401021850199
2019-07-26,149.0,151.5,148.5,150.5,150.5,2308,-0.43770077278892733,-0.42650640755836405,-0.42131170713635635,-0.4177836154635198,-0.4177836154635198,0.004672897196261606,0.0009976720984370183,-0.002430402121078265,-0.01003124486104263,-0.01518125899751337,-0.01890482398956979
2019-07-29,149.0,150.5,149.0,150.0,150.0,2308,-0.43770077278892733,-0.43865059418188584,-0.4150896523738369,-0.42393139242431443,-0.42393139242431443,-0.001331557922769565,0.0006671114076050322,-0.003984063745019883,-0.009900990099009901,-0.016264428121720815,-0.02152641878669283
2019-07-30,150.0,150.5,148.5,149.0,149.0,2308,-0.4253861856558707,-0.43865059418188584,-0.42131170713635635,-0.4362269463459038,-0.4362269463459038,-0.007328447701532274,-0.0023434884499497445,-0.009747452370403203,-0.014550264550264477,-0.021282186022070472,-0.027415143603133088
2019-07-31,149.0,153.0,148.5,151.5,151.5,2308,-0.43770077278892733,-0.4082901276230814,-0.42131170713635635,-0.40548806154193046,-0.40548806154193046,0.009327115256495707,0.013377926421404682,0.006867523260965871,0.0021498263601785255,-0.004468392692863758,-0.009696045320840964
2019-08-01,152.5,155.5,152.0,153.0,153.0,2308,-0.39459971782322906,-0.37792966106427694,-0.3777573237987201,-0.3870447306595465,-0.3870447306595465,0.014588859416445547,0.019660113295568066,0.01638618246235608,0.012742015555187896,0.006181770353807693,0.0014181302498091103
2019-08-02,150.5,152.5,148.5,152.5,152.5,2308,-0.4192288920893424,-0.41436222093484226,-0.42131170713635635,-0.39319250762034114,-0.39319250762034114,0.008597883597883674,0.013289036544850499,0.012392122150918396,0.010268300761841745,0.004214408007375124,-0.00032776138970836685
2019-08-05,151.5,153.0,148.5,148.5,148.5,2308,-0.4069143049562857,-0.4082901276230814,-0.42131170713635635,-0.44237472330669847,-0.44237472330669847,-0.015904572564612363,-0.01361673862504159,-0.01153760816507646,-0.014435042309606844,-0.019024970273483918,-0.024416949523705257
2019-08-06,145.0,149.5,145.0,148.5,148.5,2308,-0.486959121321154,-0.45079478080540764,-0.4648660904739926,-0.44237472330669847,-0.44237472330669847,-0.0152519893899205,-0.012961116650049776,-0.008898776418242554,-0.01361673862504159,-0.01733721545791427,-0.023026315789473683
2019-08-07,149.0,151.0,148.0,149.5,149.5,2308,-0.43770077278892733,-0.43257850087012495,-0.4275337618988758,-0.43007916938510915,-0.43007916938510915,-0.005984042553191527,-0.004991680532445923,-0.002002670226969368,-0.006314390162844724,-0.010064892067275925,-0.015691868758915786
2019-08-08,149.5,151.5,149.5,150.5,150.5,2308,-0.431543479222399,-0.42650640755836405,-0.40886759761131747,-0.4177836154635198,-0.4177836154635198,0.0040026684456303824,0.0009976720984370183,0.0033333333333333335,0.0008312551953449709,-0.002254044020153828,-0.007910349373763934
2019-08-12,149.0,151.0,149.0,149.0,149.0,2308,-0.43770077278892733,-0.43257850087012495,-0.4150896523738369,-0.4362269463459038,-0.4362269463459038,-0.0013404825737264655,-0.007989347536617768,-0.007107952021323831,-0.008484445183829683,-0.01062416998671975,-0.015960374243258055
2019-08-13,149.5,149.5,148.0,148.0,148.0,2308,-0.431543479222399,-0.45079478080540764,-0.4275337618988758,-0.44852250026749313,-0.44852250026749313,-0.007377598926894663,-0.013333333333333334,-0.013771657041314946,-0.013004334778259345,-0.015695663740356566,-0.019867549668874173
2019-08-14,150.0,150.5,148.5,149.0,149.0,2308,-0.4253861856558707,-0.43865059418188584,-0.42131170713635635,-0.4362269463459038,-0.4362269463459038,-0.0013404825737264655,-0.006666666666666667,-0.006887358364807808,-0.004509771170870295,-0.008517434122970463,-0.011936339522546493
2019-08-15,146.5,148.5,146.5,147.5,147.5,2308,-0.468487240621569,-0.4629389674289294,-0.4461999261864342,-0.4546702772282878,-0.4546702772282878,-0.008736559139785022,-0.014037433155080176,-0.015134653906076205,-0.013707790036777072,-0.017452704503064246,-0.02090939263192835
2019-08-16,147.5,148.0,146.0,146.5,146.5,2308,-0.4561726534885123,-0.4690110607406903,-0.4524219809489537,-0.4669658311498771,-0.4669658311498771,-0.010135135135135136,-0.016448472641826042,-0.020503677289948716,-0.020066889632107024,-0.02268178785857242,-0.02571491908667706
2019-08-19,147.5,149.0,147.0,148.0,148.0,2308,-0.4561726534885123,-0.45686687411716853,-0.43997787142391476,-0.44852250026749313,-0.44852250026749313,0.0013531799729363234,-0.003367003367003367,-0.0093708165997323,-0.010033444816053512,-0.011884096675123522,-0.014209591474245066
2019-08-20,148.0,152.0,147.5,152.0,152.0,2308,-0.450015359921984,-0.42043431424660316,-0.4337558166613953,-0.3993402845811358,-0.3993402845811358,0.02288021534320327,0.021162243869667488,0.01649576460098084,0.015364061456245902,0.015499732763228174,0.012883163038649515
2019-08-21,152.0,152.0,150.0,150.0,150.0,2308,-0.4007570113897574,-0.42043431424660316,-0.402645542848798,-0.42393139242431443,-0.42393139242431443,0.008064516129032182,0.006711409395973154,0.0026737967914438883,0.0018367006177993368,0.0033444816053511705,-0.000222172850477659
2019-08-22,151.0,151.5,149.0,149.5,149.5,2308,-0.41307159852281405,-0.42650640755836405,-0.4150896523738369,-0.43007916938510915,-0.43007916938510915,0.0020107238605898887,0.003355704697986577,0.00022301516503120945,-0.000835421888053467,0.00013379716350020226,-0.0031118026228050804
2019-08-23,149.5,149.5,148.0,148.5,148.5,2308,-0.431543479222399,-0.45079478080540764,-0.4275337618988758,-0.44237472330669847,-0.44237472330669847,-0.007352941176470551,-0.002016129032258141,-0.004469273743016697,-0.0071870299181012115,-0.006821829855537789,-0.00900900900900897
2019-08-26,145.5,146.0,145.0,145.0,145.0,2308,-0.48080182775462565,-0.4932994339877339,-0.4648660904739926,-0.4854091620322611,-0.4854091620322611,-0.026845637583892617,-0.022911051212938044,-0.024663677130044782,-0.028801071667783062,-0.02945113788487286,-0.031072502505847012
2019-08-27,146.5,146.5,145.0,145.5,145.5,2308,-0.468487240621569,-0.487227340675973,-0.4648660904739926,-0.47926138507146643,-0.47926138507146643,-0.014895057549085908,-0.017887276409044923,-0.019982038616973518,-0.023981217507965714,-0.02545210984594783,-0.02577837294944757
2019-08-28,145.5,146.0,144.0,144.5,144.5,2308,-0.48080182775462565,-0.4932994339877339,-0.4773101999990315,-0.49155693899305575,-0.49155693899305575,-0.014324693042291912,-0.021665538253215905,-0.024966261808367,-0.029224051058112155,-0.03085177733065053,-0.03030980874622534
2019-08-29,145.0,145.0,143.5,143.5,143.5,2308,-0.486959121321154,-0.5054436206112557,-0.483532254761551,-0.5038524929146451,-0.5038524929146451,-0.013067400275103202,-0.0257976917854719,-0.029093369418132686,-0.033344560458066615,-0.03548864094636377,-0.035618279569892546
2019-08-30,145.0,147.0,145.0,146.5,146.5,2308,-0.486959121321154,-0.4811552473642121,-0.4648660904739926,-0.4669658311498771,-0.4669658311498771,0.010344827586206896,-0.00543109300746783,-0.0070040668775417855,-0.010970464135021098,-0.014529799542580362,-0.015236388079767061
2019-09-02,147.5,147.5,146.0,146.0,146.0,2308,-0.4561726534885123,-0.4750831540524512,-0.4524219809489537,-0.47311360811067177,-0.47311360811067177,0.005509641873278316,-0.007477906186267807,-0.009049773755656172,-0.01217861975642768,-0.016702586206896484,-0.018157363819771278
2019-09-03,146.5,146.5,145.0,146.0,146.0,2308,-0.468487240621569,-0.487227340675973,-0.4648660904739926,-0.47311360811067177,-0.47311360811067177,0.004817618719889804,-0.0034129692832764505,-0.008152173913043402,-0.011342475029625943,-0.015641855447680646,-0.01771697690065032
2019-09-04,146.5,146.5,145.5,145.5,145.5,2308,-0.468487240621569,-0.487227340675973,-0.4586440357114731,-0.47926138507146643,-0.47926138507146643,0.0,-0.0037658336186238367,-0.009979587207983682,-0.013726487036095615,-0.018086111486030548,-0.020202020202020204
2019-09-05,146.5,147.5,146.0,147.5,147.5,2308,-0.468487240621569,-0.4750831540524512,-0.4524219809489537,-0.4546702772282878,-0.4546702772282878,0.008202323991797598,0.011312992800822803,0.0036289408029031396,0.0005087332541969722,-0.0035130387785435088,-0.005841383958661026
2019-09-06,147.5,149.0,147.0,148.5,148.5,2308,-0.4561726534885123,-0.45686687411716853,-0.43997787142391476,-0.44237472330669847,-0.44237472330669847,0.012269938650306827,0.01816935207404872,0.009517335146159114,0.007975564228746047,0.0044642857142856915,0.0011235955056179137
2019-09-09,149.5,149.5,147.0,147.5,147.5,2308,-0.431543479222399,-0.45079478080540764,-0.43997787142391476,-0.4546702772282878,-0.4546702772282878,0.003401360544217687,0.009582477754962394,0.0029465095194923198,0.001697792869269949,-0.0009482525060958166,-0.00494715538565316
2019-09-10,148.5,148.5,146.0,146.5,146.5,2308,-0.44385806635545566,-0.4629389674289294,-0.4524219809489537,-0.4669658311498771,-0.4669658311498771,-0.004078857919782422,0.002051983584131405,-0.0013633265167006725,-0.0045863767623578145,-0.007183518568717825,-0.010914819399122365
2019-09-11,146.0,146.0,144.5,146.0,146.0,2308,-0.4746445341880973,-0.4932994339877339,-0.47108814523651205,-0.47311360811067177,-0.47311360811067177,-0.008152173913043402,-0.0023915271609155743,-0.0029592533576144123,-0.0069716034687978615,-0.009900990099009955,-0.013624591825244994
2019-09-12,147.0,147.5,145.5,145.5,145.5,2308,-0.46232994705504066,-0.4750831540524512,-0.4586440357114731,-0.47926138507146643,-0.47926138507146643,-0.008855585831062747,-0.007164790174002124,-0.004561003420752501,-0.009698825931597831,-0.01221995926680252,-0.01567256736948921
2019-09-16,145.0,147.5,144.5,147.0,147.0,2308,-0.486959121321154,-0.4750831540524512,-0.47108814523651205,-0.46081805418908245,-0.46081805418908245,0.0034129692832764505,0.002728512960436601,0.006389776357827502,0.0003402517863219556,-0.0010872519706441736,-0.004177486733657046
2019-09-17,146.5,147.0,144.5,145.5,145.5,2308,-0.468487240621569,-0.4811552473642121,-0.47108814523651205,-0.47926138507146643,-0.47926138507146643,-0.004106776180698113,-0.007164790174002124,-0.004106776180698113,-0.009024348714455909,-0.010338729424568155,-0.012778468845414401
2019-09-18,146.0,147.5,145.0,146.5,146.5,2308,-0.4746445341880973,-0.4750831540524512,-0.4648660904739926,-0.4669658311498771,-0.4669658311498771,0.0027378507871321403,-0.0006821282401091018,0.002280501710376348,-0.0003411804844763655,-0.003130103429504681,-0.005543613530942388
2019-09-19,148.0,149.0,147.0,148.5,148.5,2308,-0.450015359921984,-0.45686687411716853,-0.43997787142391476,-0.44237472330669847,-0.44237472330669847,0.01296043656207371,0.010891763104152446,0.01411336216708397,0.013824884792626767,0.010616578195181723,0.008032582871365565
2019-09-20,148.5,148.5,145.5,145.5,145.5,2308,-0.44385806635545566,-0.4629389674289294,-0.4586440357114731,-0.47926138507146643,-0.47926138507146643,-0.007503410641200507,-0.008179959100204422,-0.007277689333636545,-0.005298239617159499,-0.009260520223342051,-0.01143698335409356
2019-09-23,145.5,147.0,145.5,146.0,146.0,2308,-0.48080182775462565,-0.4811552473642121,-0.4586440357114731,-0.47311360811067177,-0.47311360811067177,-0.0027322404371585085,-0.003072721065209892,-0.003639672429481334,-0.001026342798494736,-0.005720512122037615,-0.007027884833371105
2019-09-24,145.5,146.0,142.5,143.0,143.0,2308,-0.48080182775462565,-0.4932994339877339,-0.4959763642865899,-0.5100002698754398,-0.5100002698754398,-0.019876627827278996,-0.02054794520547945,-0.022779043280182296,-0.02088325915782274,-0.024822695035460904,-0.026106696935300856
2019-09-25,140.0,140.0,136.0,136.0,136.0,2308,-0.5485320569864373,-0.5661645537288647,-0.5768630761993429,-0.596069147326565,-0.596069147326565,-0.05424200278164124,-0.06174542945843387,-0.06636155606407317,-0.06577365619096678,-0.0684931506849315,-0.07124971545640794
2019-09-26,136.5,137.0,134.0,134.0,134.0,2308,-0.5916331119521356,-0.60259711359943,-0.6017512952494207,-0.6206602551697437,-0.6206602551697437,-0.048970901348474136,-0.06782608695652174,-0.075224292615597,-0.07618062736987254,-0.07815079801871225,-0.08177249885792602
2019-09-27,132.0,133.5,131.0,132.5,132.5,2308,-0.6470487540508906,-0.6451017667817562,-0.6390836238245375,-0.6391035860521277,-0.6391035860521277,-0.04193781634128713,-0.06984906984906977,-0.07922168172341908,-0.08304498269896193,-0.08418578932817256,-0.08892963557185425
2019-10-01,131.0,134.0,131.0,134.0,134.0,2308,-0.6593633411839472,-0.6390296734699954,-0.6390836238245375,-0.6206602551697437,-0.6206602551697437,-0.013980868285504088,-0.05065533120793486,-0.06250000000000003,-0.0686359687228497,-0.07009021512838302,-0.0759682795081026
2019-10-02,133.0,135.5,133.0,134.5,134.5,2308,-0.6347341669178339,-0.6208133935347127,-0.6141954047744597,-0.614512478208949,-0.614512478208949,0.0022354694485842877,-0.03962870403427355,-0.053261379633974634,-0.06140963014654578,-0.06389198218262811,-0.06963338713396354
2019-10-03,132.5,134.0,132.0,133.0,133.0,2308,-0.6408914604843623,-0.6390296734699954,-0.6266395142994986,-0.632955809091333,-0.632955809091333,-0.004491017964071814,-0.041095890410958826,-0.05785123966942143,-0.06764808973010869,-0.07109931554686413,-0.07596109309865681
2019-10-04,132.0,133.0,131.0,131.5,131.5,2308,-0.6470487540508906,-0.6511738600935172,-0.6390836238245375,-0.651399139973717,-0.651399139973717,-0.012021036814425201,-0.040145985401459854,-0.06205420827389436,-0.07361747094047193,-0.07822795457731667,-0.08245144784277239
2019-10-07,133.0,134.5,132.5,133.5,133.5,2308,-0.6347341669178339,-0.6329575801582344,-0.6204174595369791,-0.6268080321305384,-0.6268080321305384,0.001500375093773358,-0.016936671575846916,-0.04232424677187952,-0.05486725663716814,-0.06157739350485021,-0.06501692541146258
2019-10-08,134.0,134.0,131.5,131.5,131.5,2308,-0.6224195797847772,-0.6390296734699954,-0.6328615690620181,-0.651399139973717,-0.651399139973717,-0.00978915662650611,-0.021213248976553738,-0.049626596000963676,-0.06339031339031342,-0.07172102216574895,-0.07535450603539202
2019-10-09,130.0,130.0,127.0,127.0,127.0,2308,-0.6716779283170039,-0.6876064199640826,-0.6888600619246932,-0.706729132620869,-0.706729132620869,-0.032749428789032836,-0.04331450094161959,-0.07389402041808454,-0.08878923766816144,-0.09865152590489713,-0.10321289867011892
2019-10-14,127.0,134.0,127.0,133.0,133.0,2308,-0.7086216897161739,-0.6390296734699954,-0.6888600619246932,-0.632955809091333,-0.632955809091333,0.01294744859101286,0.004152510381276039,-0.02373379006606303,-0.041095890410958826,-0.05257159139478555,-0.058073654390934766
2019-10-15,133.0,134.0,132.0,133.0,133.0,2308,-0.6347341669178339,-0.6390296734699954,-0.6266395142994986,-0.632955809091333,-0.632955809091333,0.010638297872340469,0.0049112202493389176,-0.016272189349112343,-0.03658094893154662,-0.04918501572776662,-0.05550952775476385
2019-10-16,133.0,134.5,132.0,132.5,132.5,2308,-0.6347341669178339,-0.6329575801582344,-0.6266395142994986,-0.6391035860521277,-0.6391035860521277,0.008371385083713807,0.0011333585190782447,-0.013647642679900814,-0.03566229985443963,-0.048678920160827116,-0.056603773584905585
2019-10-17,132.0,134.0,131.0,134.0,134.0,2308,-0.6470487540508906,-0.6390296734699954,-0.6390836238245375,-0.6206602551697437,-0.6206602551697437,0.015921152388172814,0.012466943709860262,0.0034947578632052063,-0.02010968921389397,-0.03388608507570288,-0.043084979766722195
2019-10-18,134.5,136.5,134.0,136.5,136.5,2308,-0.616262286218249,-0.6086692069111909,-0.6017512952494207,-0.5899213703657704,-0.5899213703657704,0.02017937219730933,0.029800075443228883,0.02554470323065369,0.0014673514306675613,-0.012729639809055338,-0.02302278420613147
2019-10-21,137.0,137.5,134.5,136.0,136.0,2308,-0.5854758183856072,-0.5965250202876691,-0.5955292404869013,-0.596069147326565,-0.596069147326565,0.011904761904761862,0.02371095220173132,0.0217881292261458,0.0016571533787515691,-0.013348810214741755,-0.024273586033719905
2019-10-22,137.0,137.5,135.0,136.5,136.5,2308,-0.5854758183856072,-0.5965250202876691,-0.5893071857243818,-0.5899213703657704,-0.5899213703657704,0.010362694300518177,0.023622047244094533,0.024262131065532665,0.009802108378028397,-0.0069838498472283425,-0.01857399640503302
2019-10-23,136.5,138.0,136.0,137.5,137.5,2308,-0.5916331119521356,-0.5904529269759082,-0.5768630761993429,-0.5776258164441811,-0.5776258164441811,0.010286554004408565,0.028037383177570093,0.02919161676646711,0.02021888332405857,0.002625054688639446,-0.009009009009009009
2019-10-24,139.0,140.0,138.5,139.5,139.5,2308,-0.5608466441194939,-0.5661645537288647,-0.5457528023867456,-0.5530347086010023,-0.5530347086010023,0.01676384839650154,0.03678929765886279,0.041303806917143554,0.03756043138713285,0.019438760596316842,0.007583965330444286
2019-10-25,140.5,140.5,139.0,139.5,139.5,2308,-0.542374763419909,-0.5600924604171037,-0.5395307476242261,-0.5530347086010023,-0.5530347086010023,0.012336719883889612,0.02724594992636221,0.038719285182427315,0.03891267920312787,0.021229868228404142,0.009528404293812541
2019-10-28,140.5,141.0,139.5,140.5,140.5,2308,-0.542374763419909,-0.5540203671053429,-0.5333086928617067,-0.540739154679413,-0.540739154679413,0.012977649603460789,0.028927132918344842,0.04228486646884264,0.04460966542750929,0.030360809621589806,0.018238917743688948
2019-10-29,138.5,139.5,133.5,134.0,134.0,2308,-0.5670039376860223,-0.5722366470406255,-0.6079733500119402,-0.6206602551697437,-0.6206602551697437,-0.030390738060781398,-0.019392608854738425,-0.007162262286984454,-0.0037174721189591076,-0.013109441743997651,-0.02604482132041194
2019-10-30,134.0,135.5,133.5,135.5,135.5,2308,-0.6224195797847772,-0.6208133935347127,-0.6079733500119402,-0.6022169242873597,-0.6022169242873597,-0.016690856313497905,-0.010587805768528578,0.002960769800148081,0.006312662458224985,0.0008863938543359769,-0.012750455373406194
2019-10-31,135.5,137.0,134.0,134.0,134.0,2308,-0.6039476990851923,-0.60259711359943,-0.6017512952494207,-0.6206602551697437,-0.6206602551697437,-0.019751280175566852,-0.021540708287696157,-0.009364218827008476,-0.004827330115113299,-0.0066716085989622365,-0.020587160433670336
2019-11-01,134.0,135.0,133.0,133.5,133.5,2308,-0.6224195797847772,-0.6268854868464736,-0.6141954047744597,-0.6268080321305384,-0.6268080321305384,-0.014760147601476014,-0.02305159165751925,-0.016212232866617455,-0.008172362555720613,-0.007582515611061627,-0.021380574221136157
2019-11-04,134.0,135.0,133.5,134.5,134.5,2308,-0.6224195797847772,-0.6268854868464736,-0.6079733500119402,-0.614512478208949,-0.614512478208949,0.001489203276247123,-0.014652014652014652,-0.009572901325478727,-0.0012994245405606932,0.00029748624126128245,-0.011150594289915548
2019-11-05,135.0,141.5,134.5,141.0,141.0,2308,-0.6101049926517206,-0.5479482737935819,-0.5955292404869013,-0.5345913777186184,-0.5345913777186184,0.03905674281503325,0.02957283680175255,0.034229828850855674,0.043285238623751346,0.04645984859729843,0.038546525902283225
2019-11-06,143.0,144.0,139.5,140.5,140.5,2308,-0.5115882955872674,-0.5175878072347775,-0.5333086928617067,-0.540739154679413,-0.540739154679413,0.027798098024872066,0.023679417122040074,0.026546517291768087,0.03690036900369004,0.04027839478750184,0.03613569321533928
2019-11-07,140.0,141.5,136.5,139.5,139.5,2308,-0.5485320569864373,-0.5479482737935819,-0.5706410214368235,-0.5530347086010023,-0.5530347086010023,0.012336719883889612,0.01639344262295082,0.01651688122419247,0.02649006622516552,0.031194559432288577,0.030407484919364826
2019-11-08,141.5,141.5,138.0,139.5,139.5,2308,-0.5300601762868523,-0.5479482737935819,-0.5519748571492651,-0.5530347086010023,-0.5530347086010023,0.0035971223021582736,0.01639344262295082,0.015037593984962377,0.021790880791063866,0.029672276350752955,0.031296205027106845
2019-11-11,140.0,140.0,137.5,138.0,138.0,2308,-0.5485320569864373,-0.5661645537288647,-0.5581969119117846,-0.5714780394833864,-0.5714780394833864,-0.012168933428775869,0.0072992700729927005,0.00314998788466201,0.008956315116066491,0.017099056603773533,0.019704433497536873
2019-11-12,138.5,139.5,137.5,138.5,138.5,2308,-0.5670039376860223,-0.5722366470406255,-0.5581969119117846,-0.5653302625225918,-0.5653302625225918,-0.0050287356321838264,0.007639141506002266,0.005809731299927462,0.01058008026267777,0.018681965283906973,0.02226596137286269
2019-11-13,137.0,138.0,135.0,135.5,135.5,2308,-0.5854758183856072,-0.5904529269759082,-0.5893071857243818,-0.6022169242873597,-0.6022169242873597,-0.019536903039073725,-0.014186977082575401,-0.01502301914223404,-0.012390670553935779,-0.003969420758600353,-0.0006146281499693385
2019-11-14,135.5,136.0,134.0,134.5,134.5,2308,-0.6039476990851923,-0.6147413002229518,-0.6017512952494207,-0.614512478208949,-0.614512478208949,-0.019679300291545108,-0.02181818181818182,-0.019917415593878943,-0.019857897613408594,-0.012191539365452385,-0.008112094395280194
2019-11-15,134.0,135.0,133.0,133.5,133.5,2308,-0.6224195797847772,-0.6268854868464736,-0.6141954047744597,-0.6268080321305384,-0.6268080321305384,-0.01838235294117647,-0.02909090909090909,-0.024360535931790567,-0.026080612803209842,-0.021404486145726345,-0.015244652077698522
2019-11-18,134.0,136.5,134.0,136.5,136.5,2308,-0.6224195797847772,-0.6086692069111909,-0.6017512952494207,-0.5899213703657704,-0.5899213703657704,0.005895357406042826,-0.008714596949890985,-0.00048816206980714823,-0.004376367614879609,-0.00043936731107207286,0.00601891659501287
2019-11-19,137.0,139.5,136.0,139.5,139.5,2308,-0.5854758183856072,-0.5722366470406255,-0.5768630761993429,-0.5530347086010023,-0.5530347086010023,0.02649006622516552,0.01417666303162478,0.01874391431353454,0.01639344262295082,0.01958777956439122,0.026112541375505786
2019-11-20,139.0,139.0,136.5,137.0,137.0,2308,-0.5608466441194939,-0.5783087403523864,-0.5706410214368235,-0.5837735934049757,-0.5837735934049757,0.00587371512481653,-0.0014577259475217832,-0.000243249817562623,-0.001639642922208011,0.0,0.006859382655561027
2019-11-21,135.5,137.5,135.0,137.5,137.5,2308,-0.6039476990851923,-0.5965250202876691,-0.5893071857243818,-0.5776258164441811,-0.5776258164441811,0.005116959064327402,0.0036496350364963502,0.0016998542982029144,0.0027347310847766638,0.002625054688639446,0.009050880626222994
2019-11-22,138.5,138.5,137.0,138.5,138.5,2308,-0.5670039376860223,-0.5843808336641473,-0.564418966674304,-0.5653302625225918,-0.5653302625225918,0.005079825834542733,0.011687363038714349,0.006540697674418647,0.010395768739741101,0.009328086284798143,0.013538236370289017
2019-11-25,139.0,139.5,138.0,138.5,138.5,2308,-0.5608466441194939,-0.5722366470406255,-0.5519748571492651,-0.5653302625225918,-0.5653302625225918,0.0021707670043416166,0.011317999269806582,0.004593810444874219,0.011133418507026871,0.008593067288086271,0.01218026796589518
2019-11-26,139.5,140.5,138.5,138.5,138.5,2308,-0.5546893505529656,-0.5600924604171037,-0.5457528023867456,-0.5653302625225918,-0.5653302625225918,0.0036231884057971015,0.011317999269806582,0.005809731299927462,0.009475218658892212,0.008005822416302724,0.010825933584721956
2019-11-27,139.0,139.5,138.5,139.0,139.0,2308,-0.5608466441194939,-0.5722366470406255,-0.5457528023867456,-0.5591824855617971,-0.5591824855617971,0.004335260115606895,0.012381646030589865,0.010174418604651205,0.011828935395814377,0.011203259129928648,0.01287345154238533
2019-11-28,139.0,142.0,139.0,142.0,142.0,2308,-0.5608466441194939,-0.5418761804818211,-0.5395307476242261,-0.5222958237970291,-0.5222958237970291,0.019382627422828345,0.028612821441506616,0.030728284539075633,0.03066594084558152,0.03227682465833089,0.03272727272727273
2019-11-29,142.5,143.0,139.5,140.0,140.0,2308,-0.5177455891537956,-0.5297319938582993,-0.5333086928617067,-0.5468869316402077,-0.5468869316402077,0.0028653295128940235,0.009372746935832815,0.01596516690856305,0.013758146270818289,0.01758976595435374,0.01731863873077383
2019-12-02,141.0,141.0,139.0,140.5,140.5,2308,-0.5362174698533806,-0.5540203671053429,-0.5395307476242261,-0.540739154679413,-0.540739154679413,0.0035714285714285713,0.010064701653486741,0.018361923169847777,0.015173410404624235,0.02122401511847643,0.019840309702395257
2019-12-03,139.5,142.0,139.5,141.5,141.5,2308,-0.5546893505529656,-0.5418761804818211,-0.5333086928617067,-0.5284436007578237,-0.5284436007578237,0.006401137980085389,0.015793251974156413,0.024125452352231673,0.022214195412678262,0.026254714244270415,0.025857902368293835
2019-12-04,140.5,141.0,139.0,140.0,140.0,2308,-0.542374763419909,-0.5540203671053429,-0.5395307476242261,-0.5468869316402077,-0.5468869316402077,-0.005681818181818262,0.0028653295128940235,0.01107366393837264,0.011560693641618455,0.014051861509488612,0.014370245139475811
2019-12-05,140.5,141.5,139.5,140.5,140.5,2308,-0.542374763419909,-0.5479482737935819,-0.5333086928617067,-0.540739154679413,-0.540739154679413,0.0,0.0042887776983559275,0.011761881901104122,0.014806789454676861,0.015760555234239495,0.01774719304599774
2019-12-06,140.5,142.0,140.0,141.5,141.5,2308,-0.542374763419909,-0.5418761804818211,-0.5270866380991872,-0.5284436007578237,-0.5284436007578237,0.004971590909090828,0.009272467902995803,0.015064562410329944,0.02129195236376751,0.020628967109059534,0.024496198865693198
2019-12-09,142.0,144.0,141.5,143.0,143.0,2308,-0.5239028827203239,-0.5175878072347775,-0.5084204738116288,-0.5100002698754398,-0.5100002698754398,0.01203113941967437,0.016708140774973297,0.02264600715137061,0.030259365994236228,0.028925025183479714,0.03473227206946463
2019-12-10,143.0,143.0,141.0,142.5,142.5,2308,-0.5115882955872674,-0.5297319938582993,-0.5146425285741483,-0.5161480468362344,-0.5161480468362344,0.007067137809187279,0.010280042538106974,0.01761485360628423,0.025179856115107913,0.024884925201380956,0.02900469370562051
2019-12-11,141.5,142.5,141.0,142.5,142.5,2308,-0.5300601762868523,-0.5358040871700601,-0.5146425285741483,-0.5161480468362344,-0.5161480468362344,0.0035211267605633804,0.007779349363507739,0.014957264957264916,0.022604951560818126,0.02429557216791256,0.027273819536224906
2019-12-12,143.0,144.0,142.5,143.0,143.0,2308,-0.5115882955872674,-0.5175878072347775,-0.4959763642865899,-0.5100002698754398,-0.5100002698754398,0.0035087719298245615,0.01060070671378092,0.015865498460809754,0.023072795564299725,0.026856240126382373,0.028653638652439656
2019-12-13,144.0,146.0,143.0,145.5,145.5,2308,-0.49927370845421065,-0.4932994339877339,-0.48975430952407045,-0.47926138507146643,-0.47926138507146643,0.015352407536636347,0.024287222808870034,0.030210054283691386,0.0365093499554764,0.043010752688172046,0.04363419007770479
2019-12-16,146.0,149.0,145.5,148.5,148.5,2308,-0.4746445341880973,-0.45686687411716853,-0.4586440357114731,-0.44237472330669847,-0.44237472330669847,0.028393351800553975,0.03955197759887998,0.0465116279069767,0.053378258556481685,0.06132075471698123,0.06159895150720845
2019-12-17,148.0,149.5,147.0,149.5,149.5,2308,-0.450015359921984,-0.45079478080540764,-0.43997787142391476,-0.43007916938510915,-0.43007916938510915,0.025377229080932706,0.04072398190045245,0.04814208927319473,0.056723802792012765,0.06511826731262457,0.06658739595719389
2019-12-18,149.5,151.0,147.5,150.0,150.0,2308,-0.431543479222399,-0.43257850087012495,-0.4337558166613953,-0.42393139242431443,-0.42393139242431443,0.018329938900203586,0.03698582786035253,0.04626830969541961,0.055408970976253295,0.0642826734780758,0.06774231818721092
2019-12-19,150.0,151.0,149.5,150.5,150.5,2308,-0.4253861856558707,-0.43257850087012495,-0.40886759761131747,-0.4177836154635198,-0.4177836154635198,0.011424731182795621,0.033299004462753135,0.045622973598888346,0.05410611101383291,0.06300324904647539,0.06851260205892798
2019-12-20,150.5,150.5,146.5,146.5,146.5,2308,-0.4192288920893424,-0.43865059418188584,-0.4461999261864342,-0.4669658311498771,-0.4669658311498771,-0.016778523489932886,0.0023947998631542546,0.014777187716462657,0.02322332809498857,0.030964109781843812,0.03839338452451263
2019-12-23,147.0,148.5,146.5,148.5,148.5,2308,-0.46232994705504066,-0.4629389674289294,-0.4461999261864342,-0.44237472330669847,-0.44237472330669847,-0.003355704697986577,0.012269938650306827,0.02484472049689437,0.03358273882025396,0.041520549866741384,0.049964647654961086
2019-12-24,148.0,148.0,145.5,146.5,146.5,2308,-0.450015359921984,-0.4690110607406903,-0.4586440357114731,-0.4669658311498771,-0.4669658311498771,-0.012803234501347746,-0.004078857919782422,0.008721597429424008,0.01683151136560827,0.025479490410191697,0.033874382498235794
2019-12-25,146.5,148.0,146.0,147.0,147.0,2308,-0.468487240621569,-0.4690110607406903,-0.4524219809489537,-0.46081805418908245,-0.46081805418908245,-0.005412719891745679,-0.003727549983056668,0.008922443376801726,0.01747707215781281,0.026106380008376444,0.03460410557184744
2019-12-26,147.5,148.0,145.5,146.0,146.0,2308,-0.4561726534885123,-0.4690110607406903,-0.4586440357114731,-0.47311360811067177,-0.47311360811067177,-0.006126616746085811,-0.012512681772066245,-0.00045641259698765094,0.009158458614135051,0.01671309192200561,0.024801123069723898
2019-12-27,147.5,148.5,146.5,148.0,148.0,2308,-0.4561726534885123,-0.4629389674289294,-0.4461999261864342,-0.44852250026749313,-0.44852250026749313,0.00543478260869573,-0.0006752194463200157,0.010238907849829351,0.020161985180079348,0.027920544520072307,0.0353270374256734
2019-12-30,149.0,153.0,148.5,152.0,152.0,2308,-0.43770077278892733,-0.4082901276230814,-0.42131170713635635,-0.3993402845811358,-0.3993402845811358,0.027721433400946547,0.023913775682047906,0.0333106730115568,0.04359766563680051,0.05175754220869076,0.05947955390334571
2019-12-31,152.0,153.0,151.0,151.5,151.5,2308,-0.4007570113897574,-0.4082901276230814,-0.39020143332375906,-0.40548806154193046,-0.40548806154193046,0.017461383478844822,0.01917255297679108,0.02572782667569405,0.03660622647964416,0.04453943739658031,0.05305838739573674
2020-01-02,152.5,152.5,150.5,151.0,151.0,2308,-0.39459971782322906,-0.41436222093484226,-0.39642348808627853,-0.4116358385027251,-0.4116358385027251,0.008684034736139021,0.015126050420168067,0.01843525179856106,0.0293115201090662,0.03765805387575584,0.046189376443417945
2020-01-03,152.0,152.5,149.0,151.5,151.5,2308,-0.4007570113897574,-0.41436222093484226,-0.4150896523738369,-0.40548806154193046,-0.40548806154193046,0.004641909814323532,0.017803157541148848,0.017917133258678546,0.028862478777589132,0.03838245373543519,0.046270718232044115
2020-01-06,150.0,151.0,147.5,149.0,149.0,2308,-0.4253861856558707,-0.43257850087012495,-0.4337558166613953,-0.4362269463459038,-0.4362269463459038,-0.013245033112582781,-0.0006706908115358439,-0.0004472271914132125,0.009314140558848433,0.018733761794065426,0.02652428522218391
2020-01-07,148.0,151.0,146.5,149.0,149.0,2308,-0.450015359921984,-0.43257850087012495,-0.4461999261864342,-0.4362269463459038,-0.4362269463459038,-0.00930851063829791,-0.0010056989607777787,-0.0006706908115358439,0.007267196214297709,0.016371077762619413,0.024054982817869417
2020-01-08,148.5,149.0,147.0,148.0,148.0,2308,-0.44385806635545566,-0.45686687411716853,-0.43997787142391476,-0.44852250026749313,-0.44852250026749313,-0.011356045424181622,-0.008707300736771676,-0.006711409395973154,-0.0013495276653170624,0.007762494893095371,0.014973139787404301
2020-01-09,149.0,152.5,149.0,152.0,152.0,2308,-0.43770077278892733,-0.41436222093484226,-0.4150896523738369,-0.3993402845811358,-0.3993402845811358,0.014009339559706433,0.014686248331108067,0.019222172552525757,0.02236421725239609,0.03162752816614631,0.039316239316239315
2020-01-10,152.5,154.5,149.5,151.0,151.0,2308,-0.39459971782322906,-0.39007384768779874,-0.40886759761131747,-0.4116358385027251,-0.4116358385027251,0.008010680907877094,0.004657351962741109,0.012290502793296154,0.012912963273520118,0.021927449918787284,0.03036506311838955
2020-01-13,152.5,152.5,148.5,149.5,149.5,2308,-0.39459971782322906,-0.41436222093484226,-0.42131170713635635,-0.43007916938510915,-0.43007916938510915,-0.002668445630420318,-0.006314390162844724,0.0008926578888640421,0.001507285211857272,0.00958941112911931,0.01793009532455737
2020-01-14,150.5,151.5,149.5,151.0,151.0,2308,-0.4192288920893424,-0.42650640755836405,-0.40886759761131747,-0.4116358385027251,-0.4116358385027251,0.004657351962741109,0.004323245759893619,0.009808292465448074,0.010709504685408261,0.017520215633423143,0.025699082984263544
2020-01-15,151.0,151.0,147.5,148.5,148.5,2308,-0.41307159852281405,-0.43257850087012495,-0.4337558166613953,-0.44237472330669847,-0.44237472330669847,-0.012632978723404293,-0.010329890036654523,-0.007795100222717086,-0.005691329092735148,-0.0009418729817006618,0.0071210579857579615
2020-01-16,148.5,151.0,148.0,151.0,151.0,2308,-0.44385806635545566,-0.43257850087012495,-0.4275337618988758,-0.4116358385027251,-0.4116358385027251,0.005326231691078638,0.00633122292569136,0.007114273010226742,0.010709504685408261,0.013558866962008392,0.021535686097643503
2020-01-17,151.5,152.0,149.5,152.0,152.0,2308,-0.4069143049562857,-0.42043431424660316,-0.40886759761131747,-0.3993402845811358,-0.3993402845811358,0.010638297872340387,0.012658227848101304,0.011086474501108584,0.016892456932597465,0.017811704834605573,0.02564102564102572
2020-01-20,152.0,154.0,151.0,152.5,152.5,2308,-0.4007570113897574,-0.39614594099955963,-0.39020143332375906,-0.39319250762034114,-0.39319250762034114,0.009933774834437087,0.013625789298770433,0.012392122150918396,0.018193957603071235,0.01924876353428683,0.02647520753870319
2020-01-30,151.0,151.0,142.0,143.0,143.0,2308,-0.41307159852281405,-0.43257850087012495,-0.5021984190491093,-0.5100002698754398,-0.5100002698754398,-0.04283801874163323,-0.04571237904571234,-0.0468784714507887,-0.043478260869565216,-0.04283801874163323,-0.03746914965223242
2020-01-31,144.5,147.0,142.0,143.0,143.0,2308,-0.4931164148876823,-0.4811552473642121,-0.5021984190491093,-0.5100002698754398,-0.5100002698754398,-0.03573836817262314,-0.042517576163374586,-0.0432649420160571,-0.04235727440147322,-0.0411693710607482,-0.03757711721817168
2020-02-03,139.0,141.0,137.5,140.5,140.5,2308,-0.5608466441194939,-0.5540203671053429,-0.5581969119117846,-0.540739154679413,-0.540739154679413,-0.038987688098495135,-0.05195681511470978,-0.055568003585032576,-0.05704697986577181,-0.05552567894595316,-0.05397822915497708
2020-02-04,140.5,143.0,140.0,142.5,142.5,2308,-0.542374763419909,-0.5297319938582993,-0.5270866380991872,-0.5161480468362344,-0.5161480468362344,-0.012474012474012551,-0.03291482863929416,-0.03824521934758149,-0.042499580043675385,-0.04001616814874696,-0.04040404040404041
2020-02-05,141.5,146.0,141.5,145.5,145.5,2308,-0.5300601762868523,-0.4932994339877339,-0.5084204738116288,-0.47926138507146643,-0.47926138507146643,0.018194541637508707,-0.00986730180333439,-0.0164488508337089,-0.021519838601210418,-0.01954177897574128,-0.020202020202020204
2020-02-06,146.0,147.5,145.0,147.0,147.0,2308,-0.4746445341880973,-0.4750831540524512,-0.4648660904739926,-0.46081805418908245,-0.46081805418908245,0.022964509394572105,0.003070624360286514,-0.005412719891745679,-0.00976759851801946,-0.009033301874073097,-0.00976759851801946
2020-02-07,145.0,146.0,143.0,143.5,143.5,2308,-0.486959121321154,-0.4932994339877339,-0.48975430952407045,-0.5038524929146451,-0.5038524929146451,-0.002086230876217047,-0.01745977404998296,-0.02711864406779661,-0.030732860520094638,-0.031844555390635534,-0.03204047217537943
2020-02-10,142.0,143.0,141.5,143.0,143.0,2308,-0.5239028827203239,-0.5297319938582993,-0.5084204738116288,-0.5100002698754398,-0.5100002698754398,-0.009009009009009087,-0.01549053356282272,-0.02654867256637172,-0.03149339654588558,-0.03417533432392275,-0.03389257966445229
2020-02-11,143.0,144.0,141.5,142.5,142.5,2308,-0.5115882955872674,-0.5175878072347775,-0.5084204738116288,-0.5161480468362344,-0.5161480468362344,-0.012474012474012551,-0.012474012474012551,-0.02619589977220963,-0.03192934782608688,-0.036641427798810085,-0.03553299492385787
2020-02-12,142.5,145.0,142.0,144.0,144.0,2308,-0.5177455891537956,-0.5054436206112557,-0.5021984190491093,-0.4977047159538504,-0.4977047159538504,0.0,0.0038340885325898323,-0.013473395752454912,-0.020074855392990736,-0.025446670276123382,-0.0248306997742663
2020-02-13,144.0,146.0,143.5,145.5,145.5,2308,-0.49927370845421065,-0.4932994339877339,-0.483532254761551,-0.47926138507146643,-0.47926138507146643,0.012526096033403003,0.012526096033403003,-0.0006868131868131478,-0.00868676545733269,-0.013559322033898305,-0.01400496950530831
2020-02-14,144.0,147.0,144.0,146.5,146.5,2308,-0.49927370845421065,-0.4811552473642121,-0.4773101999990315,-0.4669658311498771,-0.4669658311498771,0.015246015246015166,0.017007983339118283,0.007103574702108145,-0.0013633265167006725,-0.00543109300746783,-0.00722837135757847
2020-02-17,145.0,145.5,144.0,144.5,144.5,2308,-0.486959121321154,-0.4993715272994948,-0.4773101999990315,-0.49155693899305575,-0.49155693899305575,-0.0006915629322267933,0.00034614053305649965,-0.0036773155596414486,-0.012472236459935,-0.017274211099020623,-0.020228274381285934
2020-02-18,143.5,144.0,142.0,142.0,142.0,2308,-0.505431002020739,-0.5175878072347775,-0.5021984190491093,-0.5222958237970291,-0.5222958237970291,-0.01730103806228374,-0.016620498614958488,-0.016393442622950873,-0.026563838903170524,-0.0317741715532524,-0.03630810994231418
2020-02-19,144.5,145.0,142.5,143.5,143.5,2308,-0.4931164148876823,-0.5054436206112557,-0.4959763642865899,-0.5038524929146451,-0.5038524929146451,-0.006232686980609458,-0.0048543689320387565,-0.0018548574078368647,-0.014253821054439215,-0.02007648183556404,-0.025135869565217316
2020-02-20,144.0,145.0,142.5,144.0,144.0,2308,-0.49927370845421065,-0.5054436206112557,-0.4959763642865899,-0.4977047159538504,-0.4977047159538504,-0.0006939625260235553,0.0006949270326615311,0.0011587485515642446,-0.008435186779135784,-0.015317286652078837,-0.019963702359346667
2020-02-21,144.5,145.0,142.5,144.5,144.5,2308,-0.4931164148876823,-0.5054436206112557,-0.4959763642865899,-0.49155693899305575,-0.49155693899305575,0.0055671537926236005,0.003472222222222222,0.003937007874015722,-0.0036200655059472897,-0.010951403148528367,-0.014996591683708172
2020-02-24,142.0,143.0,141.0,141.5,141.5,2308,-0.5239028827203239,-0.5297319938582993,-0.5146425285741483,-0.5284436007578237,-0.5284436007578237,-0.011180992313067746,-0.016336461591936007,-0.017361111111111112,-0.021099965409892847,-0.028693025809994555,-0.033359899806444215
2020-02-25,140.0,141.5,139.5,141.0,141.0,2308,-0.5485320569864373,-0.5479482737935819,-0.5333086928617067,-0.5345913777186184,-0.5345913777186184,-0.013296011196641047,-0.018789144050104307,-0.020152883947185583,-0.020833333333333332,-0.029460352422907496,-0.034467016662862345
2020-02-26,140.0,143.0,140.0,142.0,142.0,2308,-0.5485320569864373,-0.5297319938582993,-0.5270866380991872,-0.5222958237970291,-0.5222958237970291,-0.004207573632538529,-0.010452961672473868,-0.011600928074245875,-0.010280536678863875,-0.020554559249551595,-0.026063100137174288
2020-02-27,142.0,143.0,140.0,140.0,140.0,2308,-0.5239028827203239,-0.5297319938582993,-0.5270866380991872,-0.5468869316402077,-0.5468869316402077,-0.012693935119887244,-0.0206365862189576,-0.02234636871508372,-0.02319902319902312,-0.03140999031409985,-0.037800687285223365
2020-03-02,136.0,140.0,136.0,138.0,138.0,2308,-0.5977904055186639,-0.5661645537288647,-0.5768630761993429,-0.5714780394833864,-0.5714780394833864,-0.017793594306049824,-0.028852920478536204,-0.03383897316219376,-0.0354709068670277,-0.042464612822647824,-0.049368541905855275
2020-03-03,139.5,140.0,138.0,138.0,138.0,2308,-0.5546893505529656,-0.5661645537288647,-0.5519748571492651,-0.5714780394833864,-0.5714780394833864,-0.012875536480686775,-0.024390243902438945,-0.031578947368421054,-0.034627492130115345,-0.038997214484679625,-0.046302695231513404
2020-03-04,138.0,140.0,138.0,140.0,140.0,2308,-0.5731612312525506,-0.5661645537288647,-0.5519748571492651,-0.5468869316402077,-0.5468869316402077,0.0028653295128940235,-0.008849557522123894,-0.016393442622950886,-0.019779450376334596,-0.02179988820570154,-0.03002309468822177
2020-03-05,141.0,142.5,140.5,142.5,142.5,2308,-0.5362174698533806,-0.5358040871700601,-0.5208645833366677,-0.5161480468362344,-0.5161480468362344,0.020042949176807528,0.009564293304994646,0.0018748535270682912,-0.001226563868932969,-0.0015414798206277948,-0.011103400416377477
2020-03-06,141.0,141.0,138.5,138.5,138.5,2308,-0.5362174698533806,-0.5540203671053429,-0.5457528023867456,-0.5653302625225918,-0.5653302625225918,-0.006456241032998606,-0.014935988620199106,-0.02304255819421594,-0.026362038664323375,-0.028342921285253207,-0.03607470131075284
2020-03-09,135.5,137.0,133.0,133.0,133.0,2308,-0.6039476990851923,-0.60259711359943,-0.6141954047744597,-0.632955809091333,-0.632955809091333,-0.039017341040462464,-0.04625313732520609,-0.05584477046852821,-0.061562885870523866,-0.06430280005628244,-0.07101280558789284
2020-03-10,131.0,135.5,131.0,133.0,133.0,2308,-0.6593633411839472,-0.6208133935347127,-0.6390836238245375,-0.632955809091333,-0.632955809091333,-0.032023289665211105,-0.040404040404040366,-0.05067808708065664,-0.05824039653035932,-0.06232374506486184,-0.06710310965630112
2020-03-11,134.0,135.5,133.0,133.0,133.0,2308,-0.6224195797847772,-0.6208133935347127,-0.6141954047744597,-0.632955809091333,-0.632955809091333,-0.022058823529411766,-0.0348330914368651,-0.04659498207885305,-0.055062166962699825,-0.059804891842216934,-0.06294034758102399
2020-03-12,133.0,133.0,123.5,123.5,123.5,2308,-0.6347341669178339,-0.6511738600935172,-0.7324144452623295,-0.7497635713464317,-0.7497635713464317,-0.06580937972768525,-0.0915777859507171,-0.106151990349819,-0.11612095186974411,-0.1214966567079244,-0.12390636084180659
2020-03-13,114.0,121.0,111.5,120.0,120.0,2308,-0.8687113224459104,-0.7969040995757786,-0.8817437595627965,-0.7927980100719942,-0.7927980100719942,-0.06614785992217899,-0.10414333706606935,-0.1213082743470832,-0.13326110509209094,-0.13978494623655913,-0.14407988587731804
2020-03-16,122.0,122.0,116.0,118.0,118.0,2308,-0.7701946253814572,-0.7847599129522568,-0.8257452667001214,-0.8173891179151729,-0.8173891179151729,-0.05976095617529881,-0.10572186434255391,-0.12462908011869443,-0.1388432767743113,-0.14789139225880987,-0.15331260464003832
2020-03-17,114.0,119.0,113.5,115.5,115.5,2308,-0.8687113224459104,-0.8211924728228222,-0.8568555405127186,-0.8481280027191462,-0.8481280027191462,-0.05327868852459016,-0.10948342328450263,-0.1320140280561122,-0.14807302231237315,-0.15926626874363078,-0.16626564003849856
2020-03-18,116.0,119.0,115.0,115.0,115.0,2308,-0.8440821481797972,-0.8211924728228222,-0.8381893762251603,-0.854275779679941,-0.854275779679941,-0.028716216216216263,-0.09591194968553461,-0.1243654822335026,-0.14322965170422794,-0.1561491047842677,-0.1643454038997215
2020-03-19,113.5,116.0,110.0,111.0,111.0,2308,-0.8748686160124388,-0.8576250326933875,-0.9004099238503549,-0.9034579953662982,-0.9034579953662982,-0.04227782571182058,-0.10519951632406285,-0.1413099535843219,-0.16289592760180993,-0.17753408417308836,-0.18661455788959455
2020-03-20,113.0,118.5,112.0,117.5,117.5,2308,-0.8810259095789671,-0.8272645661345831,-0.875521704800277,-0.8235368948759676,-0.8235368948759676,0.018197573656845704,-0.036490364903649056,-0.08035481346204017,-0.10493239382974676,-0.12208607292289303,-0.13273465370894322
2020-03-23,112.0,117.0,108.5,112.5,112.5,2308,-0.8933404967120238,-0.8454808460698657,-0.9190760881379133,-0.8850146644839142,-0.8850146644839142,-0.015748031496062968,-0.061718098415346166,-0.10761501850872551,-0.13244650086755358,-0.1508152173913043,-0.16325771662327995
2020-03-24,114.5,119.0,114.5,115.0,115.0,2308,-0.8625540288793822,-0.8211924728228222,-0.8444114309876798,-0.854275779679941,-0.854275779679941,0.007005253940455316,-0.026248941574936447,-0.07655246252676658,-0.10401246591351769,-0.12414318354912422,-0.13868430907502194
2020-03-25,118.0,119.5,118.0,119.0,119.0,2308,-0.8194529739136839,-0.8151203795110613,-0.8008570476500435,-0.8050935639935836,-0.8050935639935836,0.034782608695652174,0.019708654670094233,-0.033567948023822465,-0.06483300589390963,-0.08728332566344528,-0.10346559517830227
2020-03-26,121.0,121.0,118.0,120.0,120.0,2308,-0.7825092125145139,-0.7969040995757786,-0.8008570476500435,-0.7927980100719942,-0.7927980100719942,0.02739726027397263,0.03137086377309846,-0.01342833653055637,-0.04875148632580266,-0.07292954264524103,-0.09044972208185956
2020-03-27,123.0,124.0,117.0,118.0,118.0,2308,-0.7578800382484006,-0.7604715397052132,-0.8133011571750824,-0.8173891179151729,-0.8173891179151729,0.009409751924721935,0.01592767972449414,-0.01884700665188469,-0.05637744902039182,-0.08099688473520253,-0.09935122757918849
2020-03-30,117.0,119.5,115.0,119.5,119.5,2308,-0.8317675610467405,-0.8151203795110613,-0.8381893762251603,-0.798945787032789,-0.798945787032789,0.010143702451394784,0.027515047291487557,0.0011170064227869867,-0.03726082578046324,-0.062009419152276334,-0.0815934417830153
2020-03-31,121.5,122.5,119.5,120.5,120.5,2308,-0.7763519189479855,-0.7786878196404959,-0.7821908833624851,-0.7866502331111996,-0.7866502331111996,0.009212730318257908,0.031678082191780844,0.016591676040494954,-0.02231237322515213,-0.047882427307206085,-0.06817888903209174
2020-04-01,121.0,121.5,119.0,120.0,120.0,2308,-0.7825092125145139,-0.7908320062640177,-0.7884129381250046,-0.7927980100719942,-0.7927980100719942,0.003344481605351218,0.023017902813299258,0.019830028328611856,-0.018404907975460124,-0.045497931912185804,-0.06675307841866501
2020-04-06,120.0,120.0,116.0,119.0,119.0,2308,-0.7948237996475706,-0.8090482861993004,-0.8257452667001214,-0.8050935639935836,-0.8050935639935836,-0.0033500837520938497,0.007620660457239676,0.013916500994035843,-0.017138137518067337,-0.046474358974358955,-0.0686146621445343
2020-04-07,121.0,122.0,120.5,121.0,121.0,2308,-0.7825092125145139,-0.7847599129522568,-0.7697467738374462,-0.7805024561504049,-0.7805024561504049,0.008333333333333333,0.021528070915998287,0.030371842179960227,0.006655574043261207,-0.024508223153821396,-0.047244094488188976
2020-04-08,123.0,127.0,122.0,125.0,125.0,2308,-0.7578800382484006,-0.7240389798346479,-0.7510806095498879,-0.7313202404640476,-0.7313202404640476,0.03220478943022301,0.04427736006683373,0.06022052586938078,0.04340567612687816,0.011981865284974125,-0.010684606252473245
2020-04-09,125.5,127.0,123.5,125.0,125.0,2308,-0.7270935704157588,-0.7240389798346479,-0.7324144452623295,-0.7313202404640476,-0.7313202404640476,0.02459016393442623,0.03562551781275888,0.054555680539932525,0.04690117252931318,0.016260162601626018,-0.006359300476947514
2020-04-10,126.5,129.0,125.5,128.0,128.0,2308,-0.7147789832827022,-0.6997506065876044,-0.7075262262122516,-0.6944335786992797,-0.6944335786992797,0.03559870550161817,0.052631578947368474,0.0720268006700167,0.07427612253462018,0.044727391446294514,0.021005051847912844
2020-04-13,127.5,127.5,125.0,125.0,125.0,2308,-0.7024643961496455,-0.717966886522887,-0.713748280974771,-0.7313202404640476,-0.7313202404640476,0.0016025641025641253,0.0237510237510238,0.038781163434903086,0.04843782763682119,0.026104087998686645,0.0016025641025641253
2020-04-14,127.0,132.0,126.5,132.0,132.0,2308,-0.7086216897161739,-0.663318046717039,-0.6950821166872126,-0.6452513630129223,-0.6452513630129223,0.03937007874015748,0.06882591093117409,0.0882110469909316,0.10160650949301062,0.08588351431391904,0.05995717344753749
2020-04-15,134.0,138.0,132.0,136.5,136.5,2308,-0.6224195797847772,-0.5904529269759082,-0.6266395142994986,-0.5899213703657704,-0.5899213703657704,0.05568445475638042,0.09025559105431308,0.11065907241659881,0.13043478260869565,0.12161051766639275,0.0965323336457357
2020-04-16,135.0,135.5,133.0,134.0,134.0,2308,-0.6101049926517206,-0.6208133935347127,-0.6141954047744597,-0.6206602551697437,-0.6206602551697437,0.022120518688024452,0.05887001185302254,0.07919463087248318,0.10129443188822686,0.10070642352554629,0.07760353839967837
2020-04-17,135.5,137.5,134.5,134.5,134.5,2308,-0.6039476990851923,-0.5965250202876691,-0.5955292404869013,-0.614512478208949,-0.614512478208949,0.01586102719033228,0.05078125,0.07428115015974439,0.09661638809620868,0.10426929392446636,0.08322147651006707
2020-04-20,132.5,133.5,130.5,131.0,131.0,2308,-0.6408914604843623,-0.6451017667817562,-0.645305678587057,-0.6575469169345117,-0.6575469169345117,-0.019461077844311336,0.01393188854489173,0.04023292747485439,0.05944197331176704,0.07289107289107294,0.05830079439881515
2020-04-21,131.0,133.5,128.0,128.5,128.5,2308,-0.6593633411839472,-0.6451017667817562,-0.6764159523996542,-0.688285801738485,-0.688285801738485,-0.03310759969902186,-0.011158137745286562,0.014740721242432166,0.03462157809983894,0.04949362953283243,0.040907249898744405
2020-04-22,126.0,131.5,125.5,131.0,131.0,2308,-0.7209362768492306,-0.6693901400287998,-0.7075262262122516,-0.6575469169345117,-0.6575469169345117,-0.006069802731411315,0.003446955189582448,0.028257456828885353,0.04695304695304695,0.06538711776187384,0.06173173037957579
2020-04-23,132.5,133.5,129.0,129.5,129.5,2308,-0.6408914604843623,-0.6451017667817562,-0.6639718428746154,-0.6759902478168957,-0.6759902478168957,-0.010695187165775444,-0.011450381679389313,0.01171875,0.029002781088597582,0.048413212435233194,0.050567874526771237
2020-04-24,129.5,131.0,129.0,131.0,131.0,2308,-0.6778352218835323,-0.6754622333405608,-0.6639718428746154,-0.6575469169345117,-0.6575469169345117,0.006144393241167522,-0.0022848438690023713,0.017607457276022892,0.03598260181890073,0.05509020618556704,0.06331168831168829
2020-04-27,133.0,135.0,131.5,133.5,133.5,2308,-0.6347341669178339,-0.6268854868464736,-0.6328615690620181,-0.6268080321305384,-0.6268080321305384,0.0214231063504209,0.010215664018161137,0.029298380878951518,0.05014749262536873,0.0674876059491444,0.08067997841338372
2020-04-28,135.0,135.5,134.0,135.0,135.0,2308,-0.6101049926517206,-0.6208133935347127,-0.6017512952494207,-0.6083647012481543,-0.6083647012481543,0.022727272727272728,0.019252548131370416,0.03342689461597352,0.05489353389333859,0.07347328244274805,0.08841709217952165
2020-04-29,136.0,138.0,135.5,138.0,138.0,2308,-0.5977904055186639,-0.5904529269759082,-0.5830851309618623,-0.5714780394833864,-0.5714780394833864,0.03448275862068961,0.04072398190045253,0.049429657794676805,0.07059736229635372,0.08849976336961665,0.10665597433841216
2020-04-30,139.0,143.0,138.5,140.0,140.0,2308,-0.5608466441194939,-0.5297319938582993,-0.5457528023867456,-0.5468869316402077,-0.5468869316402077,0.033210332103321034,0.05105105105105114,0.05660377358490566,0.07795957651588066,0.09563311942401001,0.11538972248041429
2020-05-04,142.0,142.0,135.0,136.0,136.0,2308,-0.5239028827203239,-0.5418761804818211,-0.5893071857243818,-0.596069147326565,-0.596069147326565,-0.003663003663003663,0.019872515935508105,0.02230017539463795,0.040749952171417546,0.05869531371633187,0.07751221444605835
2020-05-05,137.5,140.0,136.0,139.0,139.0,2308,-0.579318524819079,-0.5661645537288647,-0.5768630761993429,-0.5591824855617971,-0.5591824855617971,0.010174418604651205,0.036153559448378635,0.03757153520776311,0.05562939054490213,0.07568487850177992,0.09319701140385367
2020-05-06,138.5,139.0,136.5,138.5,138.5,2308,-0.5670039376860223,-0.5783087403523864,-0.5706410214368235,-0.5653302625225918,-0.5653302625225918,0.0014461315979753333,0.024787273399925966,0.03050595238095234,0.044888721237268864,0.06505690556751775,0.08330074305827145
2020-05-07,138.5,140.0,137.5,139.0,139.0,2308,-0.5670039376860223,-0.5661645537288647,-0.5581969119117846,-0.5591824855617971,-0.5591824855617971,0.0036101083032490976,0.02243471864656132,0.03294525637849891,0.043151969981238276,0.06252866534169092,0.07975142413257391
2020-05-08,140.5,141.0,138.5,140.0,140.0,2308,-0.542374763419909,-0.5540203671053429,-0.5457528023867456,-0.5468869316402077,-0.5468869316402077,0.010830324909747292,0.021897810218978103,0.03729315880464311,0.04477611940298507,0.0638297872340426,0.08052482634422437
2020-05-11,141.5,141.5,139.0,140.0,140.0,2308,-0.5300601762868523,-0.5479482737935819,-0.5395307476242261,-0.5468869316402077,-0.5468869316402077,0.005025125628140621,0.015228426395939045,0.034482758620689585,0.040118870728083254,0.057401812688821705,0.07471852610030695
2020-05-12,137.0,139.0,136.0,137.0,137.0,2308,-0.5854758183856072,-0.5783087403523864,-0.5768630761993429,-0.5837735934049757,-0.5837735934049757,-0.013678905687545036,-0.009041591320072333,0.009332023575638606,0.013313609467455707,0.02914663461538458,0.04713375796178337
2020-05-13,133.5,140.5,133.5,140.5,140.5,2308,-0.6285768733513056,-0.5600924604171037,-0.6079733500119402,-0.540739154679413,-0.540739154679413,0.008614501076812553,0.012247838616714614,0.029052734375000014,0.035944700460829496,0.04929051530993274,0.06776440785307149
2020-05-14,140.5,142.5,138.5,140.0,140.0,2308,-0.542374763419909,-0.5358040871700601,-0.5457528023867456,-0.5468869316402077,-0.5468869316402077,0.0035842293906810036,0.007194244604316547,0.02090422946037925,0.030927835051546306,0.040892193308550186,0.058467741935483764
2020-05-15,138.5,141.0,137.0,138.5,138.5,2308,-0.5670039376860223,-0.5540203671053429,-0.564418966674304,-0.5653302625225918,-0.5653302625225918,-0.0050287356321838264,-0.0025207057976232936,0.00556631171345605,0.01819518470869321,0.025622037914692003,0.0423983943803311
2020-05-18,138.5,139.0,137.0,137.0,137.0,2308,-0.5670039376860223,-0.5783087403523864,-0.564418966674304,-0.5837735934049757,-0.5837735934049757,-0.011544011544011504,-0.014033825116948461,-0.00820463320463315,0.006243114212265841,0.011816838995568643,0.026729952535598272
2020-05-19,141.0,141.5,139.0,141.0,141.0,2308,-0.5362174698533806,-0.5479482737935819,-0.5395307476242261,-0.5345913777186184,-0.5345913777186184,0.011477761836441853,0.013295005389867009,0.017071411396970482,0.031833150384193154,0.0364598647456631,0.05093167701863362
2020-05-20,142.0,142.0,139.0,141.0,141.0,2308,-0.5239028827203239,-0.5418761804818211,-0.5395307476242261,-0.5345913777186184,-0.5345913777186184,0.010752688172043012,0.011477761836441853,0.014145288899544488,0.02713531232926603,0.033724340175953035,0.04573547589616803
2020-05-21,141.0,142.0,140.0,141.5,141.5,2308,-0.5362174698533806,-0.5418761804818211,-0.5270866380991872,-0.5284436007578237,-0.5284436007578237,0.012160228898426242,0.013247404224847792,0.016036381043561417,0.026850507982583368,0.03587115666178628,0.04518035208666755
2020-05-22,141.5,141.5,137.5,138.0,138.0,2308,-0.5300601762868523,-0.5479482737935819,-0.5581969119117846,-0.5714780394833864,-0.5714780394833864,-0.012168933428775869,-0.010397992111867973,-0.008145663632007612,-0.0016277807921866111,0.009066978648727766,0.016075592097189867
2020-05-25,138.0,139.5,137.0,139.5,139.5,2308,-0.5731612312525506,-0.5722366470406255,-0.564418966674304,-0.5530347086010023,-0.5530347086010023,-0.00499286733238223,0.0007173601147775775,0.0009567089213106367,0.006130544536602916,0.018545560747663493,0.024229074889867926
2020-05-26,140.0,141.0,139.0,140.0,140.0,2308,-0.5485320569864373,-0.5540203671053429,-0.5395307476242261,-0.5468869316402077,-0.5468869316402077,0.0,0.002147458840372308,0.004064068850107551,0.0073754272351142704,0.01951645790853486,0.024140453547915226
2020-05-27,140.0,141.5,139.5,141.0,141.0,2308,-0.5485320569864373,-0.5479482737935819,-0.5333086928617067,-0.5345913777186184,-0.5345913777186184,0.007142857142857143,0.008944543828264758,0.01002865329512898,0.012385568120624623,0.02307357422725299,0.029197080291970802
2020-05-28,141.0,141.0,138.0,139.0,139.0,2308,-0.5362174698533806,-0.5540203671053429,-0.5519748571492651,-0.5591824855617971,-0.5591824855617971,-0.0035842293906810036,-0.004654493376297928,-0.0042979942693409335,-0.002332675399246285,0.006225568264080018,0.013981762917933061
2020-05-29,138.5,139.0,137.5,138.0,138.0,2308,-0.5670039376860223,-0.5783087403523864,-0.5581969119117846,-0.5714780394833864,-0.5714780394833864,-0.010752688172043012,-0.011461318051575891,-0.010516252390057376,-0.008798707128748388,-0.0034662045060657844,0.0057087331470909615
2020-06-01,140.0,144.5,139.0,144.0,144.0,2308,-0.5485320569864373,-0.5115157139230166,-0.5395307476242261,-0.4977047159538504,-0.4977047159538504,0.0256410256410256,0.02637205987170341,0.030534351145038267,0.03133393017009848,0.03597122302158273,0.047018904507998074
2020-06-02,145.0,146.0,143.5,145.0,145.0,2308,-0.486959121321154,-0.4932994339877339,-0.483532254761551,-0.4854091620322611,-0.4854091620322611,0.02545968882602542,0.030561478322672437,0.03374524714828887,0.036269430051813385,0.03972465223003006,0.050724637681159424
2020-06-03,147.0,152.0,146.5,151.5,151.5,2308,-0.46232994705504066,-0.42043431424660316,-0.4461999261864342,-0.40548806154193046,-0.40548806154193046,0.05574912891986063,0.06878306878306878,0.07446808510638298,0.07771652142984181,0.08121610048529829,0.09176074945952428
2020-06-04,152.5,154.5,151.0,152.5,152.5,2308,-0.39459971782322906,-0.39007384768779874,-0.39020143332375906,-0.39319250762034114,-0.39319250762034114,0.04309165526675795,0.06755337766888349,0.07520564042303166,0.07964601769911504,0.08386638237384515,0.09332058788385719
2020-06-05,153.5,154.0,152.5,153.5,153.5,2308,-0.3822851306901724,-0.39614594099955963,-0.37153526903620065,-0.3808969536987518,-0.3808969536987518,0.028131279303415864,0.0630193905817174,0.07467911318553085,0.08155716047208024,0.0868026054941942,0.09421409053106809
2020-06-08,154.5,155.0,152.5,155.0,155.0,2308,-0.3699705435571157,-0.38400175437603784,-0.37153526903620065,-0.36245362281636784,-0.36245362281636784,0.0231023102310231,0.062007536827680794,0.07613978245776443,0.08638514105484484,0.09154929577464789,0.0986414648552864
2020-06-09,156.5,164.5,156.0,159.0,159.0,2308,-0.3453413692910024,-0.2686319814525808,-0.32798088569856443,-0.3132714071300105,-0.3132714071300105,0.030460142579390722,0.07541427122083197,0.09478999311452845,0.10589462702138754,0.11344537815126042,0.12024424612494125
2020-06-10,159.0,163.5,159.0,160.5,160.5,2308,-0.31455490145836074,-0.2807761680761026,-0.29064855712344767,-0.2948280762476265,-0.2948280762476265,0.028187059577194144,0.07142857142857134,0.09531392174704278,0.10861681920221028,0.11706570155901999,0.12408077506711802
2020-06-11,160.5,162.0,155.0,156.5,156.5,2308,-0.29608302075877574,-0.2989924480113853,-0.34042499522360337,-0.34401029193398386,-0.34401029193398386,-0.002549394518801821,0.032662487627845516,0.060777225485765946,0.0748626373626374,0.08394514475689158,0.09135285913528587
2020-06-12,153.0,156.5,152.5,155.0,155.0,2308,-0.3884424242567007,-0.36578547444075515,-0.37153526903620065,-0.36245362281636784,-0.36245362281636784,-0.013994910941475756,0.011419249592169658,0.042600896860986615,0.05856240396107214,0.06911298110084158,0.07713690062543428
2020-06-15,156.0,157.5,152.0,153.0,153.0,2308,-0.35149866285753073,-0.35364128781723336,-0.3777573237987201,-0.3870447306595465,-0.3870447306595465,-0.024234693877551092,-0.0074602659747000045,0.022955203922442637,0.03922567498726443,0.05154639175257732,0.059067835717581896
2020-06-16,156.0,159.0,155.5,157.0,157.0,2308,-0.35149866285753073,-0.3354250078819507,-0.3342029404610839,-0.33786251497318914,-0.33786251497318914,0.003836317135549836,0.010621177985194758,0.041804910418049186,0.06063165005911159,0.07313738892686253,0.08226102941176473
2020-06-17,158.0,159.0,155.5,159.0,159.0,2308,-0.3268694885914174,-0.3354250078819507,-0.3342029404610839,-0.3132714071300105,-0.3132714071300105,0.018577834721332516,0.018577834721332516,0.046741277156023664,0.06765150243411105,0.0813384113166486,0.09090909090909091
2020-06-18,162.0,164.0,160.0,162.5,162.5,2308,-0.27761114005919074,-0.2747040747643417,-0.27820444759840873,-0.2702369684044479,-0.2702369684044479,0.033057851239669346,0.034373010821133074,0.05886185925282362,0.08351391898649779,0.09841827768014061,0.10896269335759783
2020-06-19,164.0,166.5,163.5,166.5,166.5,2308,-0.25298196579307747,-0.24434360820553727,-0.2346500642607725,-0.22105475271809055,-0.22105475271809055,0.043233082706766957,0.0511363636363636,0.07165844239433593,0.09973579920739759,0.11699986582584193,0.12945166760881863
2020-06-22,166.0,169.0,164.5,169.0,169.0,2308,-0.2283527915269641,-0.2139831416467328,-0.2222059547357336,-0.19031586791411725,-0.19031586791411725,0.03808353808353801,0.05757196495619517,0.07620462746762896,0.1054783319705642,0.1241186643607822,0.13894192968662256
2020-06-23,168.5,171.0,165.5,170.0,170.0,2308,-0.19756632369432248,-0.1896947683996892,-0.2097618452106947,-0.1780203139925279,-0.1780203139925279,0.027811366384522335,0.05655686761963949,0.07120352867044746,0.10121457489878542,0.12211221122112212,0.1372505296019624
2020-06-24,170.0,172.0,167.0,168.0,168.0,2308,-0.17909444299473748,-0.17755058177616742,-0.19109568092313628,-0.20261142183570657,-0.20261142183570657,0.004784688995215379,0.039282400247448154,0.05131414267834786,0.07882485150104354,0.10106173810460077,0.11702127659574464
2020-06-29,165.5,170.5,165.5,168.5,168.5,2308,-0.23451008509349244,-0.1957668617114501,-0.2097618452106947,-0.1964636448749119,-0.1964636448749119,0.0005938242280284698,0.034694504144918675,0.047451305428926595,0.0718829516539441,0.09657685799817782,0.11331351172778333
2020-06-30,169.5,170.5,167.0,167.5,167.5,2308,-0.1852517365612658,-0.1957668617114501,-0.19109568092313628,-0.20875919879650123,-0.20875919879650123,-0.006524317912218235,0.020719073735527154,0.035228677379480766,0.055616826847329374,0.08176181865151122,0.09968267863004708
2020-07-01,167.5,170.5,167.5,169.5,169.5,2308,-0.20988091082737914,-0.1957668617114501,-0.18487362616061684,-0.1841680909533226,-0.1841680909533226,0.0047421458209840625,0.02262443438914027,0.04136801146835953,0.059706158174429584,0.08625993335042302,0.10495436766623203
2020-07-02,163.0,167.5,163.0,165.5,165.5,2308,-0.2652965529261341,-0.23219942158201548,-0.24087211902329198,-0.2333503066396799,-0.2333503066396799,-0.013706793802145479,-0.006602641056422535,0.014093137254902032,0.02810995496195065,0.053737425187826295,0.07316545985085916
2020-07-03,165.5,171.0,165.5,169.5,169.5,2308,-0.23451008509349244,-0.1896947683996892,-0.2097618452106947,-0.1841680909533226,-0.1841680909533226,0.00832837596668653,0.011034894124664445,0.034798534798534723,0.047104247104247106,0.07142857142857151,0.09237379162191199
2020-07-06,171.0,180.5,171.0,176.5,176.5,2308,-0.16677985586168081,-0.07432499547623223,-0.14131924282298058,-0.09809921350219729,-0.09809921350219729,0.040070713022981805,0.04406980183377692,0.06883326604763833,0.08232408401042472,0.10519724483406395,0.12899786780383787
2020-07-07,179.0,180.0,172.0,175.0,175.0,2308,-0.06826315879722752,-0.08039708878799312,-0.12887513329794167,-0.11654254438458128,-0.11654254438458128,0.02219626168224306,0.030017657445556175,0.05126151381657988,0.06609808102345412,0.08574264797121227,0.11064099851914536
2020-07-08,175.0,180.0,174.5,179.5,179.5,2308,-0.11752150732945417,-0.08039708878799312,-0.09776485948534437,-0.06121255173742931,-0.06121255173742931,0.036374133949191756,0.05001462415911092,0.06697047751139298,0.0854119425547997,0.10393603936039364,0.12964128382630583
2020-07-09,182.0,184.0,180.5,180.5,180.5,2308,-0.03131939739805755,-0.03182034229390597,-0.023100202335110828,-0.04891699781583998,-0.04891699781583998,0.02440408626560733,0.04941860465116279,0.06301531213191984,0.08440973265244826,0.10047555176198018,0.12636505460218408
2020-07-10,179.0,184.0,177.0,183.5,183.5,2308,-0.06826315879722752,-0.03182034229390597,-0.06665458567274705,-0.012030336051072003,-0.012030336051072003,0.025139664804469275,0.05733218092768648,0.0703869336962862,0.09486873508353226,0.11010284331518444,0.13505154639175265
2020-07-13,185.0,188.0,183.0,186.5,186.5,2308,0.0056243640011124345,0.016756404200181176,0.00801007147748648,0.02485632571369598,0.02485632571369598,0.03038674033149171,0.06358711149130314,0.07782700828356773,0.10289769367238324,0.11904476179047165,0.14241960183767227
2020-07-14,185.0,185.5,183.5,185.0,185.0,2308,0.0056243640011124345,-0.013604062358623291,0.014232126240005942,0.006412994831311988,0.006412994831311988,0.01092896174863388,0.04460756634669682,0.06159143075745975,0.08440797186400942,0.10171510242972852,0.1224592982101325
2020-07-15,185.5,187.5,184.0,184.5,184.5,2308,0.011781657567640765,0.010684310888420284,0.020454181002525402,0.00026521787051732445,0.00026521787051732445,0.002717391304347826,0.03303471444568872,0.052481460353679336,0.07158414403949463,0.09107037256061505,0.11033099297893688
2020-07-16,185.5,186.0,182.0,185.0,185.0,2308,0.011781657567640765,-0.007531969046862398,-0.004434038047552443,0.006412994831311988,0.006412994831311988,0.0005408328826392337,0.024646912212683402,0.049347702779353304,0.06582169091170971,0.08733983778065131,0.1044776119402985
2020-07-17,185.0,189.5,183.5,184.0,184.0,2308,0.0056243640011124345,0.03497268413546386,0.014232126240005942,-0.005882559090277339,-0.005882559090277339,-0.005405405405405406,0.01098901098901099,0.037398985153166656,0.05248105248105255,0.07552022445639459,0.09144834404349969
2020-07-20,184.0,186.0,179.0,182.0,182.0,2308,-0.006690223131944226,-0.007531969046862398,-0.041766366622669214,-0.030473666933455993,-0.030473666933455993,-0.011406844106463847,-0.0030128731854287116,0.020942408376963276,0.03526734926052325,0.05752469494479957,0.07332415962256736
2020-07-21,184.5,189.5,184.0,185.5,185.5,2308,-0.0005329295654158958,0.03497268413546386,0.020454181002525402,0.012560771792106651,0.012560771792106651,0.00705754614549409,0.010348583877995674,0.03361812778603268,0.04950495049504951,0.07027463651050085,0.08712639187341283
2020-07-22,187.0,194.0,186.0,192.5,192.5,2308,0.030253538267225755,0.0896215239413119,0.045342400052603246,0.09862964924323193,0.09862964924323193,0.036060279870828785,0.04110329908058407,0.06353591160220995,0.08191653786707875,0.10062893081761003,0.11994569960244357
2020-07-23,192.5,192.5,188.0,190.0,190.0,2308,0.0979837674990374,0.07140524400602923,0.0702306191026811,0.06789076443925862,0.06789076443925862,0.017130620985010645,0.022329835889157955,0.04033582770578577,0.061897443062735716,0.07819770741119056,0.09879518072289163
2020-07-24,187.0,189.5,184.5,184.5,184.5,2308,0.030253538267225755,0.03497268413546386,0.026676235765044864,0.00026521787051732445,0.00026521787051732445,-0.012841091492776915,-0.007797795106211287,0.004719549827554952,0.02642559109874826,0.040961408259986405,0.06207425885061881
2020-07-27,187.5,190.0,186.0,188.5,188.5,2308,0.036410831833754084,0.041044777447224755,0.045342400052603246,0.049447433556874636,0.049447433556874636,0.0015940488841658415,0.01262422777330107,0.02204952105548525,0.042876901798063624,0.05732555530625981,0.07847811576237247
2020-07-28,188.5,192.0,187.0,187.0,187.0,2308,0.04872541896681075,0.06533315069426833,0.05778650957764217,0.031004102674490643,0.031004102674490643,-0.007957559681697613,0.0034880601019587104,0.00953752024473644,0.0290273765304719,0.0441094360692351,0.06340631219789597
2020-07-29,186.0,194.0,183.5,191.0,191.0,2308,0.017938951134169094,0.0896215239413119,0.014232126240005942,0.08018631836084796,0.08018631836084796,0.01487778958554735,0.0213903743315508,0.026881720430107527,0.044857768052516345,0.06122902544727198,0.07838524513032837
2020-07-30,194.5,203.5,194.5,197.5,197.5,2308,0.12261294176515071,0.20499129686476888,0.1511173310154341,0.16010741885117857,0.16010741885117857,0.041117554032683246,0.049136786188579015,0.05539722123263275,0.07104121475054227,0.0906781533024077,0.10664923421740753
2020-07-31,197.5,203.0,194.5,200.0,200.0,2308,0.1595567031643207,0.198919203553008,0.1511173310154341,0.1908463036551519,0.1908463036551519,0.0373443983402489,0.053463260468791185,0.06251106782362324,0.07570256823988161,0.09673173941653863,0.1121408711770157
2020-08-03,201.0,208.0,201.0,202.5,202.5,2308,0.20265775813001902,0.2596401366706169,0.2320040429281871,0.2215851884591252,0.2215851884591252,0.035276073619631934,0.05523710265763415,0.06973058637083987,0.08158632661236484,0.1022207707380797,0.11775528978840852
2020-08-04,203.0,207.5,202.5,207.5,207.5,2308,0.22728693239613232,0.253568043358856,0.25067020721574546,0.2830629580670718,0.2830629580670718,0.039058587881822794,0.06903657908294697,0.08752620545073368,0.09875562615832675,0.11968486941506587,0.13677867056245435
2020-08-05,208.0,209.5,201.5,204.5,204.5,2308,0.2888598680614156,0.2778564166058996,0.23822609769070655,0.24617629630230387,0.24617629630230387,0.010375494071146216,0.047107014848950274,0.06436502428868845,0.07574960547080486,0.09522279348757498,0.11312709788623786
2020-08-06,204.5,207.0,200.0,204.5,204.5,2308,0.24575881309571732,0.24749595004709515,0.21955993340314817,0.24617629630230387,0.24617629630230387,0.0034347399411186878,0.03939008894536213,0.05721178700672064,0.06900156821745942,0.08614828978117696,0.10620266858997471
2020-08-07,203.5,204.0,199.0,200.5,200.5,2308,0.23344422596266065,0.21106339017652978,0.20711582387810926,0.19699408061594656,0.19699408061594656,-0.016674840608141273,0.010839425258381677,0.030671692940370126,0.043455633619568015,0.05793583790628952,0.07824684054853462
2020-08-10,202.0,203.0,199.5,201.5,201.5,2308,0.21497234526307568,0.198919203553008,0.2133378786406287,0.20928963453753588,0.20928963453753588,-0.01080019636720662,0.009266215877786097,0.028936170212765906,0.04458268532918608,0.05763174469871924,0.07725207163859923
2020-08-11,205.0,205.0,198.5,199.5,199.5,2308,0.2519161066622457,0.22320757680005157,0.2008937691155898,0.18469852669435724,0.18469852669435724,-0.012864918357248858,-0.006968641114982606,0.013891241741487311,0.030342156229825695,0.04177545691906005,0.060512093558961595
2020-08-12,201.0,201.5,194.0,198.5,198.5,2308,0.20265775813001902,0.1807029236177253,0.14489527625291462,0.1724029727727679,0.1724029727727679,-0.011946241911398734,-0.015621125712868859,0.0067624683009298876,0.02148462627042332,0.032456049100176895,0.04980167474658435
2020-08-13,201.0,203.5,198.5,201.5,201.5,2308,0.20265775813001902,0.20499129686476888,0.2008937691155898,0.20928963453753588,0.20928963453753588,0.005991013479780273,-0.0027220984904727115,0.01801953519703602,0.0325390725083269,0.043500776799585736,0.05894718402382413
2020-08-14,204.5,204.5,200.0,201.5,201.5,2308,0.24575881309571732,0.21713548348829068,0.21955993340314817,0.20928963453753588,0.20928963453753588,0.004987531172069825,-0.0034619188921858985,0.012223710649698613,0.02793011095523527,0.0396243937674131,0.05304415991638362
2020-08-17,202.5,204.0,201.0,204.0,204.0,2308,0.22112963882960399,0.21106339017652978,0.2320040429281871,0.2400285193415092,0.2400285193415092,0.014925373134328358,0.008154188287620488,0.019490254872563745,0.03487634749524413,0.04873534855027755,0.061026352288488135
2020-08-18,203.0,203.5,199.5,201.5,201.5,2308,0.22728693239613232,0.20499129686476888,0.2133378786406287,0.20928963453753588,0.20928963453753588,0.0004965243296921267,-0.0012391573729863693,0.0021551724137931225,0.018062397372742144,0.03238036684086481,0.04323064975407711
2020-08-19,204.0,205.0,200.0,200.0,200.0,2308,0.23960151952918898,0.22320757680005157,0.21955993340314817,0.1908463036551519,0.1908463036551519,-0.008428358948934005,-0.006458022851465531,-0.008264462809917309,0.008572869389813356,0.021450459652706786,0.03181427343078241
2020-08-20,201.5,202.5,188.0,190.5,190.5,2308,0.20881505169654735,0.1928471102412471,0.0702306191026811,0.07403854140005328,0.07403854140005328,-0.045112781954887216,-0.04702351175587797,-0.05318091451292241,-0.03945543930417239,-0.028160391796755484,-0.018884120171673773
2020-08-21,195.0,197.5,188.0,191.0,191.0,2308,0.12877023533167906,0.13212617712363817,0.0702306191026811,0.08018631836084796,0.08018631836084796,-0.0324214792299899,-0.039959788891681274,-0.047856430707876346,-0.03850994210923738,-0.02699949057564957,-0.017573939134161977
2020-08-24,190.0,197.5,189.5,197.0,197.0,2308,0.06719729966639573,0.13212617712363817,0.08889678339023947,0.1539596418903839,0.1539596418903839,0.00510204081632653,-0.007556675062972292,-0.01614782753454297,-0.010423207333919321,0.0005078720162518756,0.011466712305322539
2020-08-25,200.0,200.5,195.0,195.5,195.5,2308,0.19034317099696235,0.1685587369942035,0.15733938577795356,0.13551631100799993,0.13551631100799993,0.0035934291581108243,-0.013124684502776348,-0.019722547217115177,-0.020050125313283207,-0.009123162696401477,0.001964636542239647
2020-08-26,197.0,197.5,193.5,197.0,197.0,2308,0.15339940959779236,0.13212617712363817,0.13867322149039518,0.1539596418903839,0.1539596418903839,0.014418125643666383,-0.004799191715079508,-0.009718498659517445,-0.01401401401401407,-0.002430625886165636,0.007500852369587463
2020-08-27,197.5,198.0,192.0,193.5,193.5,2308,0.1595567031643207,0.13819827043539906,0.12000705720283679,0.11092520316482127,0.11092520316482127,-0.006673511293634555,-0.018513821962972386,-0.0237134207870837,-0.03056112224448895,-0.02084809229835039,-0.011830794110137014
2020-08-28,193.5,195.0,191.0,194.0,194.0,2308,0.11029835463209405,0.10176571056483369,0.10756294767779787,0.11707298012561593,0.11707298012561593,-0.007164790174002076,-0.012219959266802473,-0.019046013821001247,-0.02659307576517818,-0.020202020202020204,-0.010960999235279151
2020-08-31,194.0,196.5,189.0,189.0,189.0,2308,0.11645564819862238,0.11998199050011638,0.08267472862772002,0.055595210517669295,0.055595210517669295,-0.024767801857585196,-0.03027193432529505,-0.04028436018957348,-0.048458149779735685,-0.0455509544490456,-0.03759653738436727
2020-09-01,190.0,192.5,186.5,190.5,190.5,2308,0.06719729966639573,0.07140524400602923,0.05156445481512271,0.07403854140005328,0.07403854140005328,-0.011929460580912921,-0.01702786377708984,-0.029711375212224157,-0.03678422449753511,-0.03865563181267661,-0.030780971762910257
2020-09-02,194.5,194.5,188.0,189.5,189.5,2308,0.12261294176515071,0.0956936172530728,0.0702306191026811,0.06174298747846396,0.06174298747846396,-0.009409304756926353,-0.016861219195849545,-0.03184604904632146,-0.038193122700164985,-0.04341241797072183,-0.03537795876813433
2020-09-03,191.0,193.5,189.0,191.5,191.5,2308,0.0795118867994524,0.08354943062955102,0.08267472862772002,0.08633409532164261,0.08633409532164261,0.0031430068098480582,-0.00700025926886178,-0.018284347231715632,-0.024824952259707194,-0.03214394015970895,-0.02544529262086514
2020-09-04,187.5,189.0,184.0,186.0,186.0,2308,0.036410831833754084,0.028900590823702967,0.020454181002525402,0.018708548752901316,0.018708548752901316,-0.017432646592710044,-0.03301273719781645,-0.04140182099295653,-0.049322770253002836,-0.05727318803852007,-0.05367590943780214
2020-09-07,185.5,187.0,180.0,182.0,182.0,2308,0.011781657567640765,0.00461221757665939,-0.02932225709763029,-0.030473666933455993,-0.030473666933455993,-0.03139968068121344,-0.04637149593921926,-0.054872771334602714,-0.06510851419031725,-0.07369706840390874,-0.07300509337860786
2020-09-08,183.5,185.0,182.0,184.5,184.5,2308,-0.012847516698472557,-0.019676155670384186,-0.004434038047552443,0.00026521787051732445,0.00026521787051732445,-0.011783610069630362,-0.02766798418972332,-0.03621800452725058,-0.04860126337501617,-0.056555532828799354,-0.05987261146496815
2020-09-09,182.5,184.5,178.5,184.0,184.0,2308,-0.02516210383152922,-0.02574824898214508,-0.047988421385188676,-0.005882559090277339,-0.005882559090277339,-0.008620689655172384,-0.023613690634120398,-0.03344423043249872,-0.04761904761904756,-0.05515045701961594,-0.061304310857920305
2020-09-10,184.0,185.5,182.0,185.5,185.5,2308,-0.006690223131944226,-0.013604062358623291,-0.004434038047552443,0.012560771792106651,0.012560771792106651,0.005965292841648559,-0.01145750066613379,-0.023855463953692323,-0.03586278586278589,-0.04371584699453547,-0.0517167930476272
2020-09-11,185.0,188.0,184.0,187.5,187.5,2308,0.0056243640011124345,0.016756404200181176,0.020454181002525402,0.0371518796352853,0.0371518796352853,0.015159718462371475,0.00267379679144385,-0.012118018967334094,-0.021909233176838752,-0.030807402046934808,-0.039446721311475356
2020-09-14,190.0,191.0,187.5,189.0,189.0,2308,0.06719729966639573,0.05318896407074654,0.06400856434016164,0.055595210517669295,0.055595210517669295,0.015583019881784017,0.0106951871657754,-0.0014089468122579073,-0.010212097407698292,-0.020522388059701534,-0.029525032092426188
2020-09-15,190.0,191.0,188.0,188.5,188.5,2308,0.06719729966639573,0.05318896407074654,0.0702306191026811,0.049447433556874636,0.049447433556874636,0.008560727661851227,0.009100642398286877,-0.0015889830508475178,-0.009458749343142467,-0.02088094743403288,-0.02893448956812917
2020-09-16,190.0,191.0,189.0,191.0,191.0,2308,0.06719729966639573,0.05318896407074654,0.08267472862772002,0.08018631836084796,0.08018631836084796,0.014338821030270784,0.021663546402781553,0.013800424628450075,0.006057413747695579,-0.006346894183747783,-0.01376936316695348
2020-09-17,190.0,192.5,190.0,191.0,191.0,2308,0.06719729966639573,0.07140524400602923,0.09511883815275894,0.08018631836084796,0.08018631836084796,0.008447729672650445,0.021936864633493817,0.014698069771560192,0.005924950625411455,-0.004171011470281602,-0.011472440265677574
2020-09-18,190.0,191.0,188.0,191.0,191.0,2308,0.06719729966639573,0.05318896407074654,0.0702306191026811,0.08018631836084796,0.08018631836084796,0.004734350341925333,0.019210245464247568,0.01577734444247475,0.005924950625411455,-0.001985578430347975,-0.009849663037843471
2020-09-21,191.0,192.0,189.0,190.0,190.0,2308,0.0795118867994524,0.06533315069426833,0.08267472862772002,0.06789076443925862,0.06789076443925862,-0.0015764582238571275,0.009564293304994748,0.010101010101010131,0.002506265664160371,-0.004297243475526639,-0.013072461258765542
2020-09-22,189.0,190.0,185.0,185.5,185.5,2308,0.054882712533339074,0.041044777447224755,0.03289829052756433,0.012560771792106651,0.012560771792106651,-0.022140221402213965,-0.014869888475836491,-0.012071720220131438,-0.018648326940880866,-0.024608265853402075,-0.034105701640197925
2020-09-23,186.5,188.0,183.5,185.0,185.0,2308,0.024096244700697426,0.016756404200181176,0.014232126240005942,0.006412994831311988,0.006412994831311988,-0.01856763925729443,-0.018046709129511708,-0.013157894736842115,-0.01817699349873961,-0.024158666526004915,-0.03444676409185801
2020-09-24,183.0,185.0,180.0,183.0,183.0,2308,-0.019004810265000886,-0.019676155670384186,-0.02932225709763029,-0.018178113011866667,-0.018178113011866667,-0.02086677367576247,-0.027371777836832343,-0.02086677367576247,-0.02607770090473659,-0.03317836010143703,-0.04180120429356831
2020-09-25,181.5,182.5,176.0,176.5,176.5,2308,-0.037476690964585876,-0.05003662222918866,-0.07909869519778598,-0.09809921350219729,-0.09809921350219729,-0.04076086956521739,-0.056402031542368405,-0.052433786685755254,-0.05627589894399147,-0.06465288818229989,-0.07178543255324746
2020-09-28,178.5,182.5,177.0,182.5,182.5,2308,-0.07442045236375586,-0.05003662222918866,-0.06665458567274705,-0.02432588997266133,-0.02432588997266133,0.0,-0.02092274678111591,-0.020397208803005964,-0.022495982860203476,-0.02987454816074848,-0.03660038711947917
2020-09-29,184.0,187.5,183.0,185.0,185.0,2308,-0.006690223131944226,0.010684310888420284,0.00801007147748648,0.006412994831311988,0.006412994831311988,0.014254385964912249,-0.005643644181671654,-0.007155635062611857,-0.0076438245943409484,-0.014384656366542296,-0.020559428218476974
2020-09-30,187.5,189.5,185.5,189.0,189.0,2308,0.036410831833754084,0.03497268413546386,0.039120345290083784,0.055595210517669295,0.055595210517669295,0.031659388646288276,0.016949152542372913,0.012500000000000051,0.013948497854077223,0.0086455331412104,0.002563875873043869
2020-10-05,189.0,192.0,188.0,189.5,189.5,2308,0.054882712533339074,0.06533315069426833,0.0702306191026811,0.06174298747846396,0.06174298747846396,0.02710027100271003,0.02046311254711907,0.013730385164051334,0.017176596886741752,0.012178186091229575,0.005393934034839579
2020-10-06,190.5,191.5,188.5,191.5,191.5,2308,0.07335459323292406,0.059261057382507434,0.07645267386520056,0.08633409532164261,0.08633409532164261,0.021333333333333333,0.03095558546433378,0.02297008547008553,0.02639689133056418,0.023407439076528407,0.015915119363395226
2020-10-07,192.0,192.0,189.0,191.0,191.0,2308,0.09182647393250906,0.06533315069426833,0.08267472862772002,0.08018631836084796,0.08018631836084796,0.009513742071881668,0.027710519235942997,0.01957295373665475,0.021253843069108377,0.020299145299145362,0.014338821030270784
2020-10-08,193.0,193.0,190.5,193.0,193.0,2308,0.10414106106556573,0.07747733731779012,0.1013408929152784,0.10477742620402661,0.10477742620402661,0.011530398322851092,0.034297963558413753,0.02860188310534735,0.029607895438783737,0.030432461292044785,0.02541397325777029
2020-10-12,197.0,197.5,193.0,196.0,196.0,2308,0.15339940959779236,0.13212617712363817,0.1324511667278757,0.1416640879687946,0.1416640879687946,0.019771071800208175,0.04421949920085249,0.04273807412661818,0.04227599042807757,0.04499893367455746,0.041537507749535005
2020-10-13,195.5,195.5,192.0,194.5,194.5,2308,0.13492752889820736,0.10783780387659458,0.12000705720283679,0.1232207570864106,0.1232207570864106,0.006728778467908962,0.029917924278527963,0.03347502656748146,0.03183023872679045,0.036338448422847364,0.033383511910032755
2020-10-14,196.0,196.0,193.5,194.0,194.0,2308,0.1410848224647357,0.11390989718835548,0.13867322149039518,0.11707298012561593,0.11707298012561593,0.0015487867836861714,0.01783840503672616,0.029723991507430967,0.02740632861114795,0.031914893617021274,0.030726999025945265
2020-10-15,195.0,195.5,193.0,194.5,194.5,2308,0.12877023533167906,0.10783780387659458,0.1324511667278757,0.1232207570864106,0.1232207570864106,0.0005144032921810407,0.014077163712200148,0.03073661897191315,0.028556319407720812,0.03183023872679045,0.03237791932059445
2020-10-16,193.5,196.5,193.5,195.0,195.0,2308,0.11029835463209405,0.11998199050011638,0.13867322149039518,0.12936853404720525,0.12936853404720525,0.0010266940451744795,0.011410788381742679,0.029929577464788682,0.029431173287580777,0.032182934575481756,0.03420843277645181
2020-10-19,194.5,198.0,193.5,196.5,196.5,2308,0.12261294176515071,0.13819827043539906,0.13867322149039518,0.14781186492958925,0.14781186492958925,0.008209338122113875,0.015241539653836159,0.03366649132035774,0.03584607274644181,0.03737725688945208,0.040875783526088116
2020-10-20,197.5,197.5,195.0,196.5,196.5,2308,0.1595567031643207,0.13212617712363817,0.15733938577795356,0.14781186492958925,0.14781186492958925,0.006144393241167376,0.011583011583011582,0.028795811518324606,0.03434662455586265,0.034973138101759116,0.039957660756814034
2020-10-21,198.0,198.5,195.5,196.5,196.5,2308,0.16571399673084902,0.14427036374715996,0.16356144054047303,0.14781186492958925,0.14781186492958925,0.0035750766087844156,0.008985879332477536,0.02166377816291156,0.0328515111695138,0.03301440437388288,0.03803486529318536
2020-10-22,194.5,196.5,194.0,194.5,194.5,2308,0.12261294176515071,0.11998199050011638,0.14489527625291462,0.1232207570864106,0.1232207570864106,-0.006639427987742652,-0.0030753459764223186,0.007076285812909947,0.021131382071137975,0.021319050619617738,0.025213036984977587
2020-10-23,195.0,195.0,191.5,192.0,192.0,2308,0.12877023533167906,0.10176571056483369,0.11378500244031732,0.09248187228243727,0.09248187228243727,-0.01639344262295076,-0.015384615384615385,-0.008264462809917326,0.0062893081761005686,0.0074509392381151614,0.010703632216178267
2020-10-26,193.0,196.5,192.5,194.5,194.5,2308,0.10414106106556573,0.11998199050011638,0.12622911196535624,0.1232207570864106,0.1232207570864106,-0.0015400410677618652,-0.0017962535283551158,0.002749613335624668,0.016860541105737783,0.019819630872483226,0.02198090901129698
2020-10-27,194.5,203.0,194.0,203.0,203.0,2308,0.12261294176515071,0.198919203553008,0.14489527625291462,0.22773296541991989,0.22773296541991989,0.035186129525752195,0.03730199284619321,0.041737940472117645,0.055779482512027016,0.06171548117154818,0.06338397066526974
2020-10-28,202.5,204.5,198.0,200.5,200.5,2308,0.22112963882960399,0.21713548348829068,0.19467171435307032,0.19699408061594656,0.19699408061594656,0.018283392585068534,0.02113572701807999,0.025750341064120046,0.036309600723607734,0.04656018373525413,0.04790940766550517
2020-10-29,197.0,198.0,194.5,195.0,195.0,2308,0.15339940959779236,0.13819827043539906,0.1511173310154341,0.12936853404720525,0.12936853404720525,-0.01015228426395939,-0.007128309572301455,-0.003746594005449524,0.00463678516228751,0.01679007195745124,0.018099547511312226
2020-10-30,196.0,196.0,189.0,190.0,190.0,2308,0.1410848224647357,0.11390989718835548,0.08267472862772002,0.06789076443925862,0.06789076443925862,-0.03357070193285857,-0.030117406840224632,-0.028298670303443563,-0.02238229997427319,-0.010210460512606835,-0.008264462809917404
2020-11-02,187.5,188.0,184.0,188.0,188.0,2308,0.036410831833754084,0.016756404200181176,0.020454181002525402,0.04329965659607997,0.04329965659607997,-0.03737839221710195,-0.036144578313253066,-0.035897435897435895,-0.03242408646423063,-0.021241149521032968,-0.01819131343023755
2020-11-03,187.5,189.5,186.5,188.0,188.0,2308,0.036410831833754084,0.03497268413546386,0.05156445481512271,0.04329965659607997,0.04329965659607997,-0.02236089443577749,-0.031925849639546804,-0.033750214151105004,-0.03205045694426564,-0.022259205325566887,-0.017678307062614262
2020-11-04,188.0,192.0,187.0,192.0,192.0,2308,0.04256812540028242,0.06533315069426833,0.05778650957764217,0.09248187228243727,0.09248187228243727,0.0073452256033578476,-0.00903225806451613,-0.01251500085719186,-0.011583011583011582,-0.004665629860031133,0.0030474531998259096
2020-11-05,192.0,192.5,188.0,189.5,189.5,2308,0.09182647393250906,0.07140524400602923,0.0702306191026811,0.06174298747846396,0.06174298747846396,0.0,-0.019404915912031046,-0.023699124162802652,-0.024076219904725176,-0.01904959105497467,-0.009926854754440991
2020-11-06,191.0,197.5,190.0,194.5,194.5,2308,0.0795118867994524,0.13212617712363817,0.09511883815275894,0.1232207570864106,0.1232207570864106,0.02153361344537812,0.00516795865633075,0.002232909653040212,0.001287001287001287,0.004856375284149606,0.014606155451225934
2020-11-09,198.5,199.5,195.5,197.5,197.5,2308,0.17187129029737735,0.15641455037068175,0.16356144054047303,0.16010741885117857,0.16010741885117857,0.02704108164326567,0.01909184726522182,0.017342032967033006,0.016338608002058466,0.01856627127385247,0.02802116769324191
2020-11-10,197.0,197.5,191.0,193.0,193.0,2308,0.15339940959779236,0.13212617712363817,0.10756294767779787,0.10477742620402661,0.10477742620402661,-0.001551991722710871,0.00103734439834019,-0.004641567818463154,-0.006435006435006435,-0.00535971964543389,0.0028578851649779754
2020-11-11,193.0,196.0,193.0,195.0,195.0,2308,0.10414106106556573,0.11390989718835548,0.1324511667278757,0.12936853404720525,0.12936853404720525,0.005673027333677124,0.014304291287386216,0.006191950464396226,0.003602676273803338,0.004222885982078449,0.010013812154696152
2020-11-12,197.0,203.5,196.0,202.0,202.0,2308,0.15339940959779236,0.20499129686476888,0.16978349530299247,0.21543741149833054,0.21543741149833054,0.028513238289205673,0.04690334283493139,0.039629439011837304,0.037626813920636895,0.03792004932689341,0.042760044738879795
2020-11-13,202.5,202.5,197.0,200.5,200.5,2308,0.22112963882960399,0.1928471102412471,0.1822276048280314,0.19699408061594656,0.19699408061594656,0.014676113360323916,0.03350515463917526,0.02890865549093393,0.02846883816363176,0.028627129078596412,0.03226360048052178
2020-11-16,203.0,203.0,199.5,202.0,202.0,2308,0.22728693239613232,0.198919203553008,0.2133378786406287,0.21543741149833054,0.21543741149833054,0.017632241813602016,0.033776867963152477,0.03395325029858382,0.03470354718914077,0.035048165607706516,0.03767123287671238
2020-11-17,205.0,206.0,202.5,205.5,205.5,2308,0.2519161066622457,0.23535176342357336,0.25067020721574546,0.2584718502238932,0.2584718502238932,0.022388059701492536,0.042353537915292894,0.05097170132969657,0.05021080873898039,0.05061349693251537,0.05276639344262301
2020-11-18,205.0,205.0,201.5,203.0,203.0,2308,0.2519161066622457,0.22320757680005157,0.23822609769070655,0.22773296541991989,0.22773296541991989,0.001974333662388972,0.02395964691046658,0.03730199284619321,0.03571428571428571,0.03592569912226981,0.03792074989348099
2020-11-19,204.5,209.0,204.0,208.0,208.0,2308,0.24575881309571732,0.2717843232941387,0.26933637150330386,0.2892107350278665,0.2892107350278665,0.020608439646712405,0.039480259870064996,0.05816516872986266,0.05758230583449848,0.058524173027989825,0.060412949273515135
2020-11-20,210.0,210.5,205.0,209.0,209.0,2308,0.31348904232752894,0.2900006032294214,0.2817804810283428,0.30150628894945586,0.30150628894945586,0.0170316301703163,0.03696353262217806,0.05644481887110357,0.05809391216301731,0.06059068304069825,0.06262181171087194
2020-11-23,212.5,214.0,209.5,212.0,212.0,2308,0.3442755101601706,0.33250525641174766,0.33777897389101796,0.3383929507142238,0.3383929507142238,0.021686746987951807,0.04433497536945813,0.06301186695637638,0.06854838709677416,0.07244030756778629,0.07495985802416968
2020-11-24,212.5,213.0,206.5,209.5,209.5,2308,0.3442755101601706,0.32036106978822587,0.30044664531590115,0.3076540659102505,0.3076540659102505,0.005760921747479542,0.02369899828976298,0.0429804181878526,0.05422065668637568,0.05701311806256313,0.059597066509314664
2020-11-25,209.0,212.5,206.5,207.5,207.5,2308,0.3011744551944723,0.314288976476465,0.30044664531590115,0.2830629580670718,0.2830629580670718,-0.008126195028680635,0.00777076250607088,0.027736503219415523,0.04232073339193777,0.04460330245670567,0.047098402018502995
2020-11-26,210.0,216.0,209.5,216.0,216.0,2308,0.31348904232752894,0.35679362965879124,0.33777897389101796,0.38757516640058115,0.38757516640058115,0.0246679316888045,0.041968162083936264,0.06055646481178401,0.07932542161149282,0.08270676691729323,0.08606385653230542
2020-11-27,217.0,222.0,217.0,220.0,220.0,2308,0.3996911522589256,0.429658749399922,0.4311097953288099,0.43675738208693843,0.43675738208693843,0.03286384976525822,0.05137395459976105,0.07125466645025154,0.09113453192808431,0.09660053833117334,0.10156054410414753
2020-11-30,222.5,228.5,220.0,224.5,224.5,2308,0.4674213814907372,0.5085959624528136,0.46844212390392664,0.4920873747340904,0.4920873747340904,0.04176334106728538,0.061465721040189124,0.08366854384553504,0.10346522487097573,0.11237736596967599,0.11886369299775726
2020-12-01,229.0,229.0,223.0,227.0,227.0,2308,0.5474661978556055,0.5146680557645745,0.5057744524790434,0.5228262595380637,0.5228262595380637,0.0365296803652968,0.06248537327404631,0.08387712876014641,0.1051606621226874,0.11943978696123878,0.12561983471074387
2020-12-02,229.0,233.0,227.5,232.0,232.0,2308,0.5474661978556055,0.5632448022586616,0.5617729453417185,0.5843040291460103,0.5843040291460103,0.036176864671728426,0.07134610944354647,0.09485606418121753,0.1186113789778206,0.13703195451872185,0.14370224303672668
2020-12-03,230.0,237.5,229.0,237.0,237.0,2308,0.5597807849886621,0.6178936420645097,0.5804391096292769,0.645781798753957,0.645781798753957,0.03901797457255592,0.0799726589200274,0.10627042165862774,0.12978190918841612,0.15205133190744702,0.16024804177545685
2020-12-04,237.0,248.0,236.5,247.0,247.0,2308,0.6459828949200588,0.7454076016114884,0.6737699310670688,0.7687373379698502,0.7687373379698502,0.057815845824411134,0.10638297872340426,0.13650306748466254,0.16290018832391712,0.1875,0.19844735565259586
2020-12-07,254.0,262.5,249.0,250.0,250.0,2308,0.8553308761820221,0.9214983076525544,0.8293213001300554,0.8056239997346183,0.8056239997346183,0.04777870913663037,0.10107905747632674,0.1336154776299879,0.16265550517381697,0.18776130748764733,0.20221207020918497
2020-12-08,250.0,253.0,246.0,249.0,249.0,2308,0.8060725276497954,0.8061285347290974,0.7919889715549386,0.793328445813029,0.793328445813029,0.024691358024691357,0.07792207792207792,0.11442637624944053,0.14311947664409508,0.16945331579936132,0.1886387142970802
2020-12-09,248.5,253.5,248.5,251.0,251.0,2308,0.7876006469502104,0.8122006280408582,0.823099245367536,0.8179195536562076,0.8179195536562076,0.0170178282009724,0.06649670703207991,0.10751581114869838,0.1376770538243626,0.1659234485321442,0.1886345698500395
2020-12-10,250.0,251.0,245.0,248.0,248.0,2308,0.8060725276497954,0.7818401614820538,0.7795448620298997,0.7810328918914395,0.7810328918914395,-0.004016064257028112,0.03961433661706136,0.08155255124291316,0.11248177638219126,0.13960113960113957,0.1646837820914214
2020-12-11,250.5,250.5,243.5,250.5,250.5,2308,0.8122298212163237,0.7757680681702929,0.7608786977423413,0.8117717766954129,0.8117717766954129,0.003203844613536289,0.03683774834437088,0.07943119793162887,0.11123433514472657,0.1393614118075138,0.16538729937194702
2020-12-14,246.0,248.0,243.0,246.0,246.0,2308,0.7568141791175688,0.7454076016114884,0.7546566429798218,0.7564417840482609,0.7564417840482609,-0.01165126556850143,0.009230769230769232,0.04978662873399711,0.08072487644151564,0.10910730387736695,0.13425036501959584
2020-12-15,244.5,251.5,243.0,245.5,245.5,2308,0.7383422984179837,0.7879122547938147,0.7546566429798218,0.7502940070874663,0.7502940070874663,-0.010878323932312606,-0.0004071661237784785,0.0370318220219657,0.06913445835601524,0.09647163912460917,0.12202925045703833
2020-12-16,250.0,251.0,245.5,248.0,248.0,2308,0.8060725276497954,0.7818401614820538,0.7857669167924192,0.7810328918914395,0.7810328918914395,0.0016155088852988922,0.0032362459546926028,0.0357789224557984,0.06954177897574124,0.097248031147686,0.12386706948640488
2020-12-17,248.0,250.0,246.0,247.0,247.0,2308,0.7814433533836821,0.769695974858532,0.7919889715549386,0.7687373379698502,0.7687373379698502,-0.0016168148746968701,-0.004834810636583355,0.022774327122153208,0.056345557575109645,0.08418927223246425,0.10969674279296139
2020-12-18,244.5,249.5,244.0,248.0,248.0,2308,0.7383422984179837,0.7636238815467711,0.7671007525048608,0.7810328918914395,0.7810328918914395,0.004455245038477093,-0.0012082158679017775,0.019038487878372794,0.05185028098823028,0.07957513494689188,0.10533353142177979
2020-12-21,248.5,258.0,246.5,258.0,258.0,2308,0.7876006469502104,0.8668494678467064,0.7982110263174581,0.9039884311073328,0.9039884311073328,0.03489771359807456,0.03572862304295466,0.050488599348534224,0.08369211382967558,0.11226073460941538,0.1396598689538394
2020-12-22,256.5,256.5,245.5,247.0,247.0,2308,0.8861173440146637,0.8486331879114236,0.7857669167924192,0.7687373379698502,0.7687373379698502,-0.010416666666666644,-0.007633587786259564,0.00026997840172784645,0.029381121066888984,0.05727249379333959,0.08246293185304213
2020-12-23,247.0,250.5,245.0,248.0,248.0,2308,0.7691287662506254,0.7757680681702929,0.7795448620298997,0.7810328918914395,0.7810328918914395,-0.0064102564102563875,-0.0024135156878519483,0.0,0.02489926645314601,0.05343641151983694,0.07849532507066759
2020-12-24,248.5,252.0,247.0,247.5,247.5,2308,0.7876006469502104,0.7939843481055756,0.8044330810799776,0.7748851149306449,0.7748851149306449,-0.008810572687224625,-0.004224502112251101,-0.0048250904704462754,0.01621843563949903,0.04430379746835443,0.06926843317972349
2020-12-25,249.0,252.0,248.5,249.0,249.0,2308,0.7937579405167388,0.7939843481055756,0.823099245367536,0.793328445813029,0.793328445813029,-0.0036014405762305147,0.0024154589371980445,0.0006697923643670081,0.0163265306122449,0.04358759430008385,0.06828745084018586
2020-12-28,252.0,256.0,250.5,254.5,254.5,2308,0.8307017019159088,0.8425610945996628,0.8479874644176137,0.8609539923817702,0.8609539923817702,0.021268057784911764,0.02106318956870612,0.02154134332352157,0.032454361054766734,0.059092800665834326,0.08374733853797015
2020-12-29,255.0,257.0,252.5,255.5,255.5,2308,0.8676454633150786,0.8547052812231846,0.8728756834676916,0.8732495463033595,0.8732495463033595,0.018333997608608984,0.02097902097902098,0.02377454254040338,0.030553594837148285,0.05517469232675318,0.080338266384778
2020-12-30,256.0,261.0,254.5,260.0,260.0,2308,0.8799600504481353,0.9032820277172717,0.8977639025177695,0.9285795389505115,0.9285795389505115,0.02645084879589415,0.03400278385364888,0.03930712858094607,0.042815602125739545,0.06452669505404517,0.09060402684563756
2020-12-31,265.0,265.0,260.0,263.0,263.0,2308,0.9907913346456453,0.9518587742113589,0.9662065049054835,0.9654662007152796,0.9654662007152796,0.02574102964118574,0.03932029243232558,0.04711347047113475,0.04937655860349127,0.06858443035917437,0.09476897460802004
2021-01-04,263.5,271.0,262.5,265.0,265.0,2308,0.9723194539460603,1.0247238939524896,0.9973167787180809,0.9900573085584582,0.9900573085584582,0.020801232665639355,0.040235525024533855,0.051031200423056616,0.05357320345890068,0.0688931913520491,0.09458901280462621
2021-01-05,270.0,283.0,269.5,276.5,276.5,2308,1.0523642703109286,1.1704541334347511,1.0844255453933533,1.1314561786567354,1.1314561786567354,0.04734848484848485,0.07755261106780972,0.08786885245901643,0.09353371564168482,0.106,0.13203684749232344
2021-01-06,284.0,303.5,282.0,298.0,298.0,2308,1.224768490173722,1.4194099592169476,1.23997691445634,1.395810587970906,1.395810587970906,0.09357798165137615,0.138708444784104,0.15653298835705037,0.16725421073247154,0.1786109792754311,0.2055016181229774
2021-01-07,298.0,321.5,298.0,316.0,316.0,2308,1.397172710036515,1.6380053184403398,1.4390826668569627,1.617130558559514,1.617130558559514,0.11385266126189642,0.17690875232774675,0.20518688024408854,0.2222007348675304,0.23341139734582364,0.25988437769951495
2021-01-08,319.0,325.0,306.0,310.0,310.0,2308,1.655779039830705,1.6805099716226661,1.538635543057274,1.5433572350299778,1.5433572350299778,0.05765950187649258,0.12829845313921748,0.16366366366366375,0.1847888400535067,0.1963569002778635,0.22071273872809613
2021-01-11,307.0,314.0,302.0,313.0,313.0,2308,1.508003994234025,1.5469239187639265,1.4888591049571183,1.5802438967947459,1.5802438967947459,0.034027089527585104,0.11328472345722933,0.1561191824673725,0.18213577565857814,0.19575183374083133,0.21766193347597737
2021-01-12,315.5,323.5,312.5,314.0,314.0,2308,1.6126779848650066,1.6622936916873834,1.619522254970027,1.592539450716335,1.592539450716335,0.012250161186331435,0.09369557645419706,0.14403692008744243,0.17087722569217856,0.187953995157385,0.20753749519292386
2021-01-13,312.0,315.5,310.5,312.5,312.5,2308,1.5695769298993083,1.565140198699209,1.5946340359199491,1.5740961198339511,1.5740961198339511,-0.0019163206643245695,0.06728142076502729,0.12074118350268985,0.1509069146487433,0.17102600614554442,0.18874025232993094
2021-01-14,312.0,312.0,303.0,306.0,306.0,2308,1.5695769298993083,1.522635545516883,1.5013032144821572,1.4941750193436205,1.4941750193436205,-0.01639344262295089,0.028917283120376676,0.08241952599929259,0.1150587592238316,0.13729279714561807,0.15319389485585067
2021-01-15,304.0,313.0,297.0,299.5,299.5,2308,1.471060232834855,1.5347797321404046,1.4266385573319238,1.4142539188532899,1.4142539188532899,-0.030744336569579287,-0.005148646404251823,0.04659289458357593,0.08103230463815192,0.10467689583948066,0.11990527234201669
2021-01-18,290.0,292.0,283.0,289.5,289.5,2308,1.298656012972062,1.2797518130464471,1.252421023981379,1.2912983796373967,1.2912983796373967,-0.04863621426224125,-0.04612850082372323,0.0021924763443341533,0.03716972682489924,0.06168402523104002,0.07680862934721955
2021-01-19,291.5,298.0,291.5,294.0,294.0,2308,1.3171278936716468,1.3526169327875779,1.3581959549442095,1.3466283722845487,1.3466283722845487,-0.020979020979021015,-0.036855036855036855,0.008576329331046312,0.04654267153154752,0.07064821558630727,0.08761329305135954
2021-01-20,295.5,299.0,291.5,294.5,294.5,2308,1.3663862422038735,1.3647611194110996,1.3581959549442095,1.3527761492453434,1.3527761492453434,-0.007414897202561472,-0.034109544112823804,0.0013600816048962164,0.03953406283092124,0.06486838299103267,0.0833844267320663
2021-01-21,297.0,300.0,293.0,299.0,299.0,2308,1.3848581229034584,1.3769053060346215,1.376862119231768,1.4081061418924952,1.4081061418924952,0.012529630883846897,-0.013852242744063287,0.007751937984496163,0.0460031485044603,0.07322325915290731,0.0935023771790808
2021-01-22,299.5,299.5,290.0,291.0,291.0,2308,1.4156445907361002,1.3708332127228606,1.3395297906566512,1.3097417105197806,1.3097417105197806,-0.008855585831062747,-0.034185197477597115,-0.025343306910796014,0.010328964499609489,0.03795120559280919,0.058695124909046784
2021-01-25,288.0,296.5,288.0,295.5,295.5,2308,1.2740268387059486,1.3344006528522951,1.3146415716065734,1.3650717031669326,1.3650717031669326,0.002374491180461291,-0.013520280420630984,-0.01696606786427153,0.017737213707594204,0.046907106922695424,0.06923169702086597
2021-01-26,297.5,297.5,288.0,289.0,289.0,2308,1.3910154164699868,1.346544839475817,1.3146415716065734,1.285150602676602,1.285150602676602,-0.016337644656228764,-0.027099814845985563,-0.04124737365918391,-0.010528117777967949,0.019400352733686066,0.04031677465802731
2021-01-27,285.0,291.5,283.5,287.5,287.5,2308,1.2370830773067785,1.2736797197346863,1.2586430787438982,1.266707271794218,1.266707271794218,-0.016757865937072427,-0.023934815820743544,-0.04400354688539131,-0.02102664510087686,0.008347362514029165,0.029727793696275113
2021-01-28,282.0,290.5,281.0,287.5,287.5,2308,1.2001393159076086,1.2615355331111644,1.227532804931301,1.266707271794218,1.266707271794218,-0.008962426749396837,-0.017765630338230233,-0.03792526491912989,-0.02558888324012883,0.0027903732124172007,0.02489453983720521
2021-01-29,298.0,298.0,282.5,282.5,282.5,2308,1.397172710036515,1.3526169327875779,1.2461989692188593,1.2052295021862713,1.2052295021862713,-0.020457697642163583,-0.029209621993127148,-0.04882154882154882,-0.04568870872392527,-0.019437695244706777,0.0028399006034789185
2021-02-01,277.0,287.0,277.0,285.0,285.0,2308,1.1385663802423251,1.219030879928838,1.1777563668311453,1.2359683869902447,1.2359683869902447,-0.004540691582256414,-0.019101703665462093,-0.034334763948497826,-0.04048480767612146,-0.015680044208054224,0.007304429783223361
2021-02-02,288.0,292.5,285.5,286.0,286.0,2308,1.2740268387059486,1.285823906358208,1.2835312977939761,1.2482639409118341,1.2482639409118341,0.0010500525026251712,-0.012942191544434857,-0.02477835871789038,-0.03865546218487395,-0.016506189821182984,0.007515265382808804
2021-02-03,289.0,290.0,282.0,284.0,284.0,2308,1.2863414258390051,1.2554634397994036,1.23997691445634,1.2236728330686553,1.2236728330686553,-0.0035087719298245615,-0.016279875303082746,-0.025283148381192107,-0.043126684636118635,-0.027197369322463513,-0.0038582953349702654
2021-02-04,285.0,287.5,283.0,287.0,287.0,2308,1.2370830773067785,1.2251029732405991,1.252421023981379,1.2605594948334233,1.2605594948334233,0.007371007371007451,-0.0017391304347826088,-0.01068597035505006,-0.02827154223802276,-0.0205446727185857,0.002094972067039186
2021-02-05,287.5,288.0,276.0,280.5,280.5,2308,1.2678695451394202,1.23117506655236,1.1653122573061063,1.1806383943430927,1.1806383943430927,-0.014059753954305799,-0.020771513353115688,-0.028851702250432713,-0.045512547851977884,-0.045008851967860634,-0.02434782608695652
2021-02-17,281.0,301.0,281.0,299.5,299.5,2308,1.1878247287745518,1.3890494926581431,1.227532804931301,1.4142539188532899,1.4142539188532899,0.04210160055671546,0.04409970367788034,0.03454231433506045,0.021487039563437966,0.014910199932226286,0.03567517722321479
2021-02-18,305.5,313.0,304.0,306.0,306.0,2308,1.4895321135344401,1.5347797321404046,1.5137473240071961,1.4941750193436205,1.4941750193436205,0.05010295126973241,0.060474787731762215,0.054081984154323075,0.045081967213114714,0.032806804374240675,0.05190787212100386
2021-02-19,303.0,304.0,297.0,300.0,300.0,2308,1.4587456457017984,1.4254820525287086,1.4266385573319238,1.4204016958140846,1.4204016958140846,0.018329938900203586,0.035196687370600374,0.0321100917431192,0.02678189441259515,0.012282359292752012,0.02605027646354674
2021-02-22,304.5,307.5,300.0,301.0,301.0,2308,1.4772175264013834,1.4679867057110347,1.4639708859070404,1.432697249735674,1.432697249735674,0.012104909213180979,0.033831358406319845,0.03507565337001371,0.03108675173417826,0.017717067892886157,0.02468085106382979
2021-02-23,299.0,303.0,295.0,303.0,303.0,2308,1.4094872971695718,1.4133378659051867,1.401750338281846,1.4572883575788527,1.4572883575788527,0.0036435905929116355,0.03342428376534792,0.039094650205761236,0.03731598767545353,0.02545011506700955,0.026828579497317206
2021-02-24,302.0,302.5,293.0,294.0,294.0,2308,1.4464310585687417,1.407265772593426,1.376862119231768,1.3466283722845487,1.3466283722845487,-0.02260638297872344,-0.0003400204012241507,0.008576329331046312,0.005729923886085731,-0.002442996742671102,-0.006924505995608888
2021-02-25,299.5,299.5,289.5,294.5,294.5,2308,1.4156445907361002,1.3708332127228606,1.3333077358941319,1.3527761492453434,1.3527761492453434,-0.01340033500837521,-0.0015256823190370865,0.009022384650525328,0.007354198734393628,0.0019051507110294694,-0.007247598179672939
2021-02-26,288.5,288.5,280.5,280.5,280.5,2308,1.2801841322724767,1.2372471598641208,1.2213107501687814,1.1806383943430927,1.1806383943430927,-0.047861507128309645,-0.047861507128309645,-0.03740562800274529,-0.03823075604320239,-0.041549921410510574,-0.052578248142310276
2021-03-02,297.0,297.5,284.5,288.0,288.0,2308,1.3848581229034584,1.346544839475817,1.2710871882689372,1.2728550487550128,1.2728550487550128,-0.0136986301369863,-0.0227349847302341,-0.01178085325403181,-0.010649261422191764,-0.013495923819962998,-0.02416986672690307
2021-03-03,290.5,291.0,283.5,289.0,289.0,2308,1.30481330653859,1.2676076264229252,1.2586430787438982,1.285150602676602,1.285150602676602,-0.0006915629322267933,-0.022162070715614993,-0.00982183645500231,-0.006872852233676976,-0.008644346871569642,-0.01845352654817164
2021-03-04,286.5,287.5,278.0,281.0,281.0,2308,1.2555549580063634,1.2251029732405991,1.1902004763561842,1.1867861713038874,1.1867861713038874,-0.019539427773900987,-0.043241402791964555,-0.036351165980795686,-0.031952458875204474,-0.03496119238958722,-0.0421543006476537
2021-03-05,277.0,279.5,273.5,275.0,275.0,2308,1.1385663802423251,1.1279494802524248,1.134201983493509,1.1130128477743515,1.1130128477743515,-0.027237354085603075,-0.05368203716448734,-0.05454962181984875,-0.05033238366571696,-0.053095516837683404,-0.058434147454918955
2021-03-08,280.0,280.0,270.0,270.5,270.5,2308,1.1755101416414953,1.1340215735641856,1.0906476001558727,1.0576828551271995,1.0576828551271995,-0.0363377271107944,-0.05962106726925075,-0.06713415335095979,-0.06312234825526027,-0.06550127824224411,-0.06938073394495418
2021-03-09,267.0,267.5,259.0,263.5,263.5,2308,1.0154205089117587,0.9822192407701633,0.9537623953804446,0.9716139776760742,0.9716139776760742,-0.04459753444525022,-0.07185628742514963,-0.08633841886269064,-0.08355795148247971,-0.08519650048604367,-0.08902333621434745
2021-03-10,270.0,272.0,264.5,265.0,265.0,2308,1.0523642703109286,1.0368680805760113,1.0222049977681587,0.9900573085584582,0.9900573085584582,-0.02214022140221402,-0.05390931810067841,-0.07783319800487185,-0.07552764695621832,-0.07665505226480836,-0.0801804928844152
2021-03-11,268.0,283.0,266.0,281.5,281.5,2308,1.0277350960448153,1.1704541334347511,1.0408711620557172,1.1929339482646821,1.1929339482646821,0.03836222796016221,0.009503317195624805,-0.016307513104251666,-0.017366262326555623,-0.017246194665549497,-0.02200347423277353
2021-03-12,284.0,285.5,278.5,282.0,282.0,2308,1.224768490173722,1.2008145999935556,1.1964225311187036,1.1990817252254766,1.1990817252254766,0.03486238532110092,0.015850144092218937,-0.009019561906993075,-0.014933193607545114,-0.014537321778026364,-0.018902934013684345
2021-03-15,278.5,281.0,277.0,277.5,277.5,2308,1.1570382609419103,1.1461657601877075,1.1777563668311453,1.1437517325783246,1.1437517325783246,0.01314348302300118,0.0007212405337179539,-0.019665567593028718,-0.029550620737891203,-0.02890537513997757,-0.032651638391819685
2021-03-16,278.5,284.5,278.0,282.0,282.0,2308,1.1570382609419103,1.1886704133700337,1.1902004763561842,1.1990817252254766,1.1990817252254766,0.015850144092218937,0.019154318756776333,0.0007097232079488595,-0.01295064753237658,-0.012397562513133082,-0.015019210618232663
2021-03-17,283.0,284.0,280.5,284.0,284.0,2308,1.2124539030406651,1.1825983200582728,1.2213107501687814,1.2236728330686553,1.2236728330686553,0.00923951670220335,0.02824040550325855,0.012357414448669106,-0.006558810668998688,-0.005602240896358622,-0.0072244232113726275
2021-03-18,287.0,291.5,285.0,288.0,288.0,2308,1.2617122515728918,1.2736797197346863,1.2773092430314565,1.2728550487550128,1.2728550487550128,0.01874778917580478,0.04008667388949087,0.028081865778200883,0.009463722397476301,0.00797984040319184,0.007638929383637544
2021-03-19,287.5,287.5,283.0,283.0,283.0,2308,1.2678695451394202,1.2251029732405991,1.252421023981379,1.211377279147066,1.211377279147066,0.0003534817956876025,0.019085343896291004,0.01300560792268223,-0.004047158191096172,-0.009103641456582712,-0.009161463500029204
2021-03-22,285.0,287.5,283.0,287.0,287.0,2308,1.2370830773067785,1.2251029732405991,1.252421023981379,1.2605594948334233,1.2605594948334233,0.007724719101123555,0.027385000894934588,0.02573266619013577,0.012345679012345678,0.004479910401791868,0.004901960784313646
2021-03-23,287.5,290.0,286.0,288.0,288.0,2308,1.2678695451394202,1.2554634397994036,1.2897533525564955,1.2728550487550128,1.2728550487550128,0.006993006993006993,0.022001419446415857,0.02930664760543241,0.01820753049319419,0.007838745800671924,0.00834451771021763
2021-03-24,288.0,289.0,283.5,285.5,285.5,2308,1.2740268387059486,1.2433192531758817,1.2586430787438982,1.2421161639510394,1.2421161639510394,-0.0027942717429270394,0.005812929364100677,0.021223321807559332,0.01250110825427778,-0.0016086165897327583,-0.0007583270139414577
2021-03-25,285.5,286.5,280.0,284.0,284.0,2308,1.2432403708733069,1.2129587866170772,1.215088695406262,1.2236728330686553,1.2236728330686553,-0.005253940455341506,-0.00035198873636051647,0.015131657333492251,0.008970601296740304,-0.00469615195906629,-0.0058923049997083145
2021-03-26,284.5,288.0,283.0,288.0,288.0,2308,1.23092578374025,1.23117506655236,1.252421023981379,1.2728550487550128,1.2728550487550128,0.005235602094240838,0.011591148577449988,0.02625014847369049,0.02436421838876053,0.011875483100274033,0.007874015748031496
2021-03-29,289.0,290.0,286.0,288.0,288.0,2308,1.2863414258390051,1.2554634397994036,1.2897533525564955,1.2728550487550128,1.2728550487550128,0.004534356470177926,0.007874015748031496,0.022001419446415857,0.02299973359381946,0.013584852537481571,0.007403952661342066
2021-03-30,288.0,294.5,286.0,292.5,292.5,2308,1.2740268387059486,1.3101122796052516,1.2897533525564955,1.3281850414021648,1.3281850414021648,0.017037552155771823,0.019874476987447657,0.03089755639097739,0.038154392191659274,0.030655391120507358,0.02248893031927291
2021-03-31,295.0,295.0,288.0,288.0,288.0,2308,1.3602289486373451,1.3161843729170124,1.3146415716065734,1.2728550487550128,1.2728550487550128,-0.0003471017007984128,0.0027855153203343017,0.00958167796214074,0.022364217252396207,0.016949152542372923,0.005879271203213239
2021-04-01,290.0,296.0,289.5,295.5,295.5,2308,1.298656012972062,1.3283285595405343,1.3333077358941319,1.3650717031669326,1.3650717031669326,0.01756198347107446,0.02621982983156802,0.03249475890985329,0.04629547667522347,0.043211184071171395,0.0325548890571312
2021-04-06,299.5,301.5,297.5,298.0,298.0,2308,1.4156445907361002,1.395121585969904,1.4328606120944432,1.395810587970906,1.395810587970906,0.019151846785225798,0.029538780445672867,0.03736365746112793,0.05086837697258225,0.05151729004940023,0.042261731273681075
2021-04-07,300.0,300.0,295.0,298.5,298.5,2308,1.4218018843026283,1.3769053060346215,1.401750338281846,1.4019583649317007,1.4019583649317007,0.013582342954159592,0.02718513420509283,0.034064665127020714,0.047460303535397756,0.050612417288469644,0.044193097014925346
2021-04-08,300.5,300.5,297.0,297.0,297.0,2308,1.4279591778691567,1.3829773993463823,1.4266385573319238,1.3835150340493165,1.3835150340493165,0.005416384563304072,0.018867924528301886,0.025316455696202465,0.03610675039246476,0.04401012373453312,0.03943070461969197
2021-04-09,300.0,300.0,297.0,299.0,299.0,2308,1.4218018843026283,1.3769053060346215,1.4266385573319238,1.4081061418924952,1.4081061418924952,0.00470430107526874,0.02100051220761474,0.028669724770642134,0.03693428125541868,0.049564729008705434,0.04691876750700272
2021-04-12,300.0,300.5,290.5,291.0,291.0,2308,1.4218018843026283,1.3829773993463823,1.3457518454191708,1.3097417105197806,1.3097417105197806,-0.019211324570272966,-0.00868676545733269,0.0004584001833600473,0.007530511555440185,0.020050476724621524,0.01926444833625219
2021-04-13,293.0,297.5,292.0,292.0,292.0,2308,1.3355997743712318,1.346544839475817,1.364418009706729,1.32203726444137,1.32203726444137,-0.011844331641285956,-0.006633781255315491,0.0018298261665142723,0.009245657997062166,0.021121835221709403,0.023065693430656866
2021-04-14,292.0,295.5,286.5,291.5,291.5,2308,1.3232851872381752,1.3222564662287735,1.295975407319015,1.3158894874805753,1.3158894874805753,-0.008840530431825986,-0.009514101257220561,-0.0009139723523362899,0.005085768468235575,0.016387726638772623,0.020003499154370934
2021-04-15,288.5,295.5,288.0,295.5,295.5,2308,1.2801841322724767,1.3222564662287735,1.3146415716065734,1.3650717031669326,1.3650717031669326,0.005786249149080968,0.0030549898167005337,0.011062956204379614,0.0165118679050568,0.02575673424048881,0.03309637571378617
2021-04-16,294.0,297.0,291.5,296.5,296.5,2308,1.3479143615042886,1.340472746164056,1.3581959549442095,1.377367257088522,1.377367257088522,0.010910330719399893,0.0035539008292435653,0.011945392491467578,0.017763666008753152,0.024745973595078543,0.035687256214705615
2021-04-19,297.0,299.0,294.5,298.0,298.0,2308,1.3848581229034584,1.3647611194110996,1.3955282835193263,1.395810587970906,1.395810587970906,0.011197828299966106,0.007778153533987188,0.013835336811068256,0.021159941745909402,0.027586206896551724,0.038870489803032864
2021-04-20,299.5,314.5,298.0,307.5,307.5,2308,1.4156445907361002,1.5529960120756874,1.4390826668569627,1.5126183502260047,1.5126183502260047,0.03257219610476826,0.03657508848811739,0.041549057242858706,0.0493089916396519,0.056628410418528,0.06795554526510765
2021-04-21,306.0,307.0,301.0,301.0,301.0,2308,1.4956894071009683,1.461914612399274,1.4764149954320793,1.432697249735674,1.432697249735674,0.004337671004337709,0.013809363422027696,0.01654846335697392,0.02468085106382979,0.03096314563638862,0.04170271673299883
2021-04-22,303.0,304.0,292.0,293.0,293.0,2308,1.4587456457017984,1.4254820525287086,1.364418009706729,1.3343328183629592,1.3343328183629592,-0.0207219251336898,-0.011804384485666104,-0.01058081945069786,-0.003401360544217687,0.002051983584131405,0.010577144171073798
2021-04-23,292.0,298.5,290.5,297.0,297.0,2308,1.3232851872381752,1.3586890260993387,1.3457518454191708,1.3835150340493165,1.3835150340493165,-0.0076845973939191825,0.0023624704691190975,0.0008986744551785604,0.008232198930662859,0.013928717738631653,0.020618556701030927
2021-04-26,298.5,301.5,296.5,298.0,298.0,2308,1.4033300036030434,1.395121585969904,1.4204165025694042,1.395810587970906,1.395810587970906,-0.0043434680922152065,0.003367003367003367,0.0037049511620074866,0.009228685124036993,0.015955270694122482,0.022123134968272985
2021-04-27,298.5,303.0,296.5,302.0,302.0,2308,1.4033300036030434,1.4133378659051867,1.4204165025694042,1.4449928036572632,1.4449928036572632,0.012743125419181796,0.013422818791946308,0.016264722378014518,0.020356449024410767,0.026931447225244886,0.0334797239491246
2021-04-28,303.5,306.0,300.0,305.5,305.5,2308,1.4649029392683268,1.4497704257757522,1.4639708859070404,1.4880272423828258,1.4880272423828258,0.021397525911066455,0.020374081496326062,0.02643073132489643,0.029139295940710717,0.03622549352147075,0.042128603104212944
2021-04-29,310.0,313.5,301.0,302.5,302.5,2308,1.544947755633195,1.5408518254521655,1.4764149954320793,1.451140580618058,1.451140580618058,0.0049833887043189366,0.007997334221925948,0.015100671140939598,0.01731965696990071,0.024035206499661555,0.029495178672717025
2021-05-03,306.0,310.0,303.0,306.5,306.5,2308,1.4956894071009683,1.4983471722698394,1.5013032144821572,1.5003227963044152,1.5003227963044152,0.011885110597557026,0.01793424111590826,0.02680067001675042,0.027575224205850384,0.03463408047529027,0.04045261669024052
2021-05-04,307.5,308.0,288.0,291.5,291.5,2308,1.5141612878005535,1.4740587990227958,1.3146415716065734,1.3158894874805753,1.3158894874805753,-0.033488063660477525,-0.0297886503577966,-0.023559624832514604,-0.022058206827140783,-0.016996020772914344,-0.010858500169664028
2021-05-05,292.0,294.5,283.5,283.5,283.5,2308,1.3232851872381752,1.3101122796052516,1.2586430787438982,1.2175250561078608,1.2175250561078608,-0.048338368580060354,-0.04881731253145449,-0.04855129209083782,-0.04657810660837404,-0.04339317046834935,-0.03805915285867774
2021-05-06,283.0,285.5,276.0,283.0,283.0,2308,1.2124539030406651,1.2008145999935556,1.1653122573061063,1.211377279147066,1.211377279147066,-0.03544648943421942,-0.04472573839662447,-0.04841963685272353,-0.045772570176177994,-0.04443544030253925,-0.03932107496463926
2021-05-07,287.0,294.0,285.0,293.5,293.5,2308,1.2617122515728918,1.3040401862934907,1.2773092430314565,1.340480595323754,1.340480595323754,0.006515775034293474,-0.009449881876476583,-0.012671002466920784,-0.009784075573549182,-0.009115462525320691,-0.004297184213502154
2021-05-10,295.0,296.0,287.5,287.5,287.5,2308,1.3602289486373451,1.3283285595405343,1.308419516844054,1.266707271794218,1.266707271794218,-0.0010423905489923952,-0.026578635517183077,-0.030898876404494444,-0.02814163779261384,-0.029306502802349945,-0.024872809496890837
2021-05-11,280.0,281.5,270.0,271.0,271.0,2308,1.1755101416414953,1.1522378534994684,1.0906476001558727,1.0638306320879942,1.0638306320879942,-0.04476559746210782,-0.07397915598838195,-0.08094053809631474,-0.08081065038582207,-0.08197831978319779,-0.07948369565217384
2021-05-12,271.0,271.0,245.0,265.0,265.0,2308,1.0646788574439852,1.0247238939524896,0.7795448620298997,0.9900573085584582,0.9900573085584582,-0.05357142857142857,-0.08288631251081498,-0.09256934139938372,-0.09702700400374827,-0.09827140329386143,-0.09751390623226243
2021-05-13,260.0,273.5,257.0,264.5,264.5,2308,0.929218398980362,1.055084360511294,0.9288741763303667,0.9839095315976635,0.9839095315976635,-0.04270720231632288,-0.07144110935580138,-0.08667127071823212,-0.09456568249893026,-0.09578832216600569,-0.09680723920095619
2021-05-14,267.0,271.5,264.5,266.5,266.5,2308,1.0154205089117587,1.0307959872642505,1.0222049977681587,1.0085006394408422,1.0085006394408422,-0.016242155777039417,-0.052444444444444446,-0.074116965836711,-0.08316848714199711,-0.08513559903879166,-0.08727667104286779
2021-05-17,260.0,271.0,255.0,266.5,266.5,2308,0.929218398980362,1.0247238939524896,0.903985957280289,1.0085006394408422,1.0085006394408422,-0.0007499062617172428,-0.0387736699729486,-0.06752974107767673,-0.07841272585804447,-0.08103448275862069,-0.08503089951934076
2021-05-18,270.0,276.0,267.5,274.5,274.5,2308,1.0523642703109286,1.0854448270700985,1.0595373263432755,1.1068650708135568,1.1068650708135568,0.026551982049364337,-0.0038105606967882826,-0.034244165591650104,-0.046875,-0.05128914080320722,-0.055294252609842824
2021-05-19,274.0,275.5,272.5,273.5,273.5,2308,1.1016226188431553,1.0793727337583376,1.1217578739684702,1.0945695168919674,1.0945695168919674,0.016350798959494525,-0.0038244399927153936,-0.03128689492325849,-0.044708347886832034,-0.052321552321552396,-0.056082830025884385
2021-05-20,275.0,283.0,274.0,281.0,281.0,2308,1.1139372059762118,1.1704541334347511,1.1404240382560284,1.1867861713038874,1.1867861713038874,0.031571218795888485,0.02423911062511382,0.0010687566797292888,-0.01507185418857347,-0.02491498369074886,-0.028242074927953956
2021-05-21,285.5,289.5,283.0,289.0,289.0,2308,1.2432403708733069,1.2493913464876427,1.252421023981379,1.285150602676602,1.285150602676602,0.043698085951607166,0.055129609346476906,0.03288062902072905,0.013679410733076033,0.0037510419560988608,0.00034614053305649965
2021-05-24,286.0,287.0,282.0,285.0,285.0,2308,1.2493976644398352,1.219030879928838,1.23997691445634,1.2359683869902447,1.2359683869902447,0.015680684248039832,0.04147633838845249,0.023829481499221622,0.0017574692442882249,-0.008557712377374172,-0.011903386108863991
2021-05-25,287.0,290.5,286.0,290.0,290.0,2308,1.2617122515728918,1.2615355331111644,1.2897533525564955,1.2974461565981914,1.2974461565981914,0.022206556221360634,0.05244057339865719,0.04216578821274562,0.02076733544526567,0.009960298112419077,0.005547850208044462
2021-05-26,291.5,292.5,289.5,290.0,290.0,2308,1.3171278936716468,1.285823906358208,1.3333077358941319,1.2974461565981914,1.2974461565981914,0.010452961672473868,0.04297788167595752,0.040545389307499145,0.02292768959435626,0.0124284317832705,0.005780346820809315
2021-05-27,289.0,293.5,284.0,293.5,293.5,2308,1.2863414258390051,1.2979680929817299,1.2648651335064176,1.340480595323754,1.340480595323754,0.013816925734024179,0.04466987008364482,0.050465282748747405,0.03746907034287743,0.02572167470469006,0.01768377253814155
2021-05-28,292.0,294.5,290.0,291.5,291.5,2308,1.3232851872381752,1.3101122796052516,1.3395297906566512,1.3158894874805753,1.3158894874805753,0.005172413793103448,0.028400070559181555,0.04380520410599194,0.03240658756862042,0.01894574944071594,0.011216466234967675
2021-05-31,294.0,296.5,289.0,296.0,296.0,2308,1.3479143615042886,1.3344006528522951,1.3270856811316123,1.3712194801277273,1.3712194801277273,0.01300479123887752,0.03351955307262578,0.05777248362120317,0.050297170229752546,0.03482030485246811,0.026886383347788378
2021-06-01,295.0,297.0,294.5,297.0,297.0,2308,1.3602289486373451,1.340472746164056,1.3955282835193263,1.3835150340493165,1.3835150340493165,0.011580381471389567,0.02892776719210124,0.054812359417544705,0.05281814959234306,0.038461538461538464,0.030474758572833032
2021-06-02,298.0,299.0,296.5,298.5,298.5,2308,1.397172710036515,1.3647611194110996,1.4204165025694042,1.4019583649317007,1.4019583649317007,0.010836437521164878,0.025244719216898585,0.05179704016913315,0.05532968004242523,0.04421744910095846,0.036758321273516574
2021-06-03,298.5,299.5,295.0,297.0,297.0,2308,1.4033300036030434,1.3708332127228606,1.401750338281846,1.3835150340493165,1.3835150340493165,0.0033783783783783786,0.014517506404782237,0.03858258538291186,0.04743431493563741,0.04020734099187454,0.03202640875658762
2021-06-04,294.0,298.5,293.5,297.0,297.0,2308,1.3479143615042886,1.3586890260993387,1.3830841739942874,1.3835150340493165,1.3835150340493165,-0.0003365870077415777,0.011752682677567667,0.03125,0.04678826328310856,0.041009463722397436,0.03154848046309689
2021-06-07,298.0,299.0,294.0,297.0,297.0,2308,1.397172710036515,1.3647611194110996,1.389306228756807,1.3835150340493165,1.3835150340493165,-0.0010090817356206234,0.007633587786259542,0.024020227560050476,0.045038705137227346,0.04239786606766806,0.03154848046309689
2021-06-08,299.0,299.0,296.0,297.5,297.5,2308,1.4094872971695718,1.3647611194110996,1.4141944478068849,1.3896628110101112,1.3896628110101112,0.0003362474781439904,0.00676818950930626,0.020349834228878486,0.04194028543910349,0.043273951465843646,0.0333449114275791
2021-06-09,297.0,299.0,293.5,295.0,295.0,2308,1.3848581229034584,1.3647611194110996,1.3830841739942874,1.3589239262061379,1.3589239262061379,-0.005729693292888401,-0.0033783783783783786,0.006825938566552901,0.0277850361466772,0.032840837476367186,0.025492468134414765
2021-06-10,296.5,297.0,294.0,295.0,295.0,2308,1.37870082933693,1.340472746164056,1.389306228756807,1.3589239262061379,1.3589239262061379,-0.004387445156935577,-0.0038831673138611427,0.0036289408029031396,0.0223531450355224,0.03110800419433756,0.026741690353268763
2021-06-11,295.0,298.0,295.0,296.5,296.5,2308,1.3602289486373451,1.3526169327875779,1.401750338281846,1.377367257088522,1.377367257088522,0.0010128291694801194,-0.0005056463846282732,0.007019132797464043,0.022237545250818783,0.03591642792257694,0.03268125616764379
2021-06-15,298.5,307.0,298.0,302.0,302.0,2308,1.4033300036030434,1.461914612399274,1.4390826668569627,1.4449928036572632,1.4449928036572632,0.016150740242261142,0.0159798149705635,0.02176609901883389,0.034866786601559195,0.05299860529986049,0.05238703682193063
2021-06-16,302.0,304.0,301.0,303.0,303.0,2308,1.4464310585687417,1.4254820525287086,1.4764149954320793,1.4572883575788527,1.4572883575788527,0.015755950385517897,0.017290582507973735,0.022152254582255695,0.03324808184143223,0.051791169119689034,0.05446319819036011
2021-06-17,300.5,302.0,297.0,299.5,299.5,2308,1.4279591778691567,1.401193679281665,1.4266385573319238,1.4142539188532899,1.4142539188532899,0.001002673796791482,0.0052022151367679525,0.00819120287253143,0.01680529621456455,0.03468527603123064,0.04035199444219305
2021-06-18,301.0,307.0,299.0,299.5,299.5,2308,1.434116471435685,1.461914612399274,1.4515267763820014,1.4142539188532899,1.4142539188532899,-0.0019993335554815816,0.004359490274983271,0.006835499775885343,0.013622133852271687,0.029705012720896602,0.03836819600138679
2021-06-21,297.5,299.5,293.0,294.0,294.0,2308,1.3910154164699868,1.3708332127228606,1.376862119231768,1.3466283722845487,1.3466283722845487,-0.018691588785046804,-0.013091641490432956,-0.012207414044125857,-0.0058331219883338324,0.0069872585285656276,0.019240769630785273
2021-06-22,294.0,301.0,294.0,296.0,296.0,2308,1.3479143615042886,1.3890494926581431,1.389306228756807,1.3712194801277273,1.3712194801277273,-0.008042895442359173,-0.006044325050369413,-0.00548773658864372,-0.0009281917137793512,0.009756430374565101,0.0251673978296005
2021-06-23,296.0,297.0,294.0,296.0,296.0,2308,1.372543535770402,1.340472746164056,1.389306228756807,1.3712194801277273,1.3712194801277273,-0.003367003367003367,-0.005543423483957592,-0.005264926627086355,-0.0019388013150130276,0.006802721088435374,0.0222171060204904
2021-06-24,296.0,296.0,289.0,290.0,290.0,2308,1.372543535770402,1.3283285595405343,1.3270856811316123,1.2974461565981914,1.2974461565981914,-0.017282277194171542,-0.02406192158842328,-0.02356902356902357,-0.022169771558627628,-0.015814837439761163,-0.001377410468319481
2021-06-25,290.0,298.5,290.0,295.0,295.0,2308,1.298656012972062,1.3586890260993387,1.3395297906566512,1.3589239262061379,1.3589239262061379,0.002719238613188346,-0.007235402995120234,-0.006287895800583901,-0.005562110230911773,-0.0007452069642979041,0.012296253931941599
2021-06-28,296.0,298.0,293.5,297.0,297.0,2308,1.372543535770402,1.3526169327875779,1.3830841739942874,1.3835150340493165,1.3835150340493165,0.00746268656716414,-0.0006729475100941744,0.0004491354143273942,0.0002525890376357283,0.004940109629830072,0.015616094836429943
2021-06-29,298.0,301.0,297.0,299.5,299.5,2308,1.397172710036515,1.3890494926581431,1.4266385573319238,1.4142539188532899,1.4142539188532899,0.01353637901861252,0.008587304259976466,0.008304342946919448,0.00807808818579595,0.011414291503444534,0.020327049738814353
2021-06-30,301.5,304.0,300.5,303.0,303.0,2308,1.4402737650022135,1.4254820525287086,1.47019294066956,1.4572883575788527,1.4572883575788527,0.020545638262041168,0.020373800303081366,0.018829858776059256,0.018829858776059256,0.021440129449838235,0.028920708585658445
2021-07-01,303.0,305.0,297.0,297.5,297.5,2308,1.4587456457017984,1.4376262391522303,1.4266385573319238,1.3896628110101112,1.3896628110101112,-0.0030160857908846424,0.002527379949452401,-0.0002240394309398327,0.0005044560282494611,0.0018859028760018935,0.0075069142631370095
2021-07-02,301.0,305.0,298.5,299.0,299.0,2308,1.434116471435685,1.4376262391522303,1.445304721619482,1.4081061418924952,1.4081061418924952,-0.0006684491978609246,0.007751937984496163,0.0039171796306659845,0.005210959825180741,0.0061919504643962,0.010533430969413646
2021-07-05,302.5,305.0,301.5,304.0,304.0,2308,1.45258835213527,1.4376262391522303,1.482637050194599,1.4695839115004419,1.4695839115004419,0.011310711909514229,0.021162243869667488,0.018994413407821292,0.020819341840161144,0.02129946919303895,0.025698701006579342
2021-07-06,305.0,305.0,301.5,303.5,303.5,2308,1.4833748199679118,1.4376262391522303,1.482637050194599,1.4634361345396472,1.4634361345396472,0.006967485069674926,0.01692075724576985,0.016977549424773804,0.018029350104821804,0.018593099744932274,0.021885521885521887
2021-07-07,303.5,304.5,301.5,303.5,303.5,2308,1.4649029392683268,1.4315541458404695,1.482637050194599,1.4634361345396472,1.4634361345396472,0.006633499170812604,0.014371657754010734,0.016863971409426044,0.01700594789310543,0.017705049963114387,0.020339552866027944
2021-07-08,304.0,305.0,297.0,301.5,301.5,2308,1.471060232834855,1.4376262391522303,1.4266385573319238,1.4388450266964685,1.4388450266964685,-0.002646377770426766,0.0038288663226235297,0.009711989283322094,0.009205020920502092,0.010591942079506688,0.012311135982092958
2021-07-09,297.5,298.5,294.0,295.0,295.0,2308,1.3910154164699868,1.3586890260993387,1.389306228756807,1.3589239262061379,1.3589239262061379,-0.02155887230514096,-0.017812552022640326,-0.011062688568555183,-0.012552301255230125,-0.010930061020586036,-0.009679404688636466
2021-07-12,299.5,300.0,296.0,299.5,299.5,2308,1.4156445907361002,1.3769053060346215,1.4141944478068849,1.4142539188532899,1.4142539188532899,-0.0036593479707252917,-0.0036593479707252917,0.0027901785714285077,0.0020073603211777278,0.0038208875184340607,0.004527922186818792
2021-07-13,303.0,312.0,301.0,307.0,307.0,2308,1.4587456457017984,1.522635545516883,1.4764149954320793,1.50647057326521,1.50647057326521,0.018918021905077957,0.018748962999834005,0.025384101536406224,0.026241016212602452,0.027580666755924518,0.028418290436044942
2021-07-14,305.5,324.0,305.5,323.0,323.0,2308,1.4895321135344401,1.6683657849991442,1.5324134882947547,1.703199436010639,1.703199436010639,0.05832241153342075,0.0647766606230426,0.0723771580345286,0.07612860236548401,0.07745680165454677,0.0788843734342816
2021-07-15,327.0,335.0,317.0,320.5,320.5,2308,1.7542957368951582,1.801951837857884,1.675520747832702,1.6724605512066657,1.6724605512066657,0.0372168284789644,0.048584982823490996,0.056941848961195946,0.06407702523240376,0.0654920212765957,0.06791803187649245
2021-07-16,321.5,325.0,314.5,319.5,319.5,2308,1.6865655076633466,1.6805099716226661,1.6444104740201049,1.6601649972850765,1.6601649972850765,0.017840076457470606,0.03834904127396819,0.04799912530067787,0.05724685638649905,0.05871827158857455,0.06193219587857299
2021-07-19,316.0,317.5,302.0,308.0,308.0,2308,1.618835278431535,1.5894285719462526,1.4888591049571183,1.5187661271867992,1.5187661271867992,-0.024081115335868257,-0.00032456994482318315,0.007853403141361182,0.016837240013205756,0.019057702488088905,0.022463206816421326
2021-07-20,302.0,305.5,298.0,300.0,300.0,2308,1.4464310585687417,1.4436983324639912,1.4390826668569627,1.4204016958140846,1.4204016958140846,-0.045194143857415624,-0.025182778229082048,-0.01843167193805211,-0.010227647641042635,-0.007148530579825341,-0.004424778761061884
2021-07-21,303.0,306.0,300.5,306.0,306.0,2308,1.4587456457017984,1.4497704257757522,1.47019294066956,1.4941750193436205,1.4941750193436205,-0.01544401544401548,-0.006493506493506494,0.0005449591280654571,0.007905138339920873,0.012306470821754756,0.014532795490965329
2021-07-22,308.5,312.5,301.5,303.0,303.0,2308,1.52647587493361,1.5287076388286438,1.482637050194599,1.4572883575788527,1.4572883575788527,-0.01399284087211198,-0.016712639948077163,-0.010450685826257312,-0.004108463434675432,0.0019178625752264535,0.0036990007177165824
2021-07-23,305.0,309.0,303.5,304.0,304.0,2308,1.4833748199679118,1.4862029856463175,1.5075252692446768,1.4695839115004419,1.4695839115004419,-0.000657462195923697,-0.016340397993852163,-0.00826446280991744,-0.002297341647522116,0.004626569729015126,0.006011802989355235
2021-07-26,305.0,307.5,298.5,299.0,299.0,2308,1.4833748199679118,1.4679867057110347,1.445304721619482,1.4081061418924952,1.4081061418924952,-0.01124338624338617,-0.032362459546925564,-0.023514043109078998,-0.019028871391076153,-0.012549537648612982,-0.010807234230260206
2021-07-27,300.0,300.5,291.0,292.0,292.0,2308,1.4218018843026283,1.3829773993463823,1.3519739001816902,1.32203726444137,1.32203726444137,-0.029255319148936205,-0.05040650406504065,-0.043981228855178446,-0.040814650570748165,-0.03515728257996295,-0.0328990947228969
2021-07-28,287.0,294.5,287.0,292.0,292.0,2308,1.2617122515728918,1.3101122796052516,1.3021974620815344,1.32203726444137,1.32203726444137,-0.020134228187919462,-0.04073587385019704,-0.04157549234135673,-0.0390785684903332,-0.03464691880454912,-0.03172322316790095
2021-07-29,296.0,296.5,290.0,291.5,291.5,2308,1.372543535770402,1.3344006528522951,1.3395297906566512,1.3158894874805753,1.3158894874805753,-0.014203584714237365,-0.03316749585406302,-0.04111842105263158,-0.039776002635263076,-0.036491042506776025,-0.03252572187188852
2021-07-30,286.5,291.0,285.0,287.0,287.0,2308,1.2555549580063634,1.2676076264229252,1.2773092430314565,1.2605594948334233,1.2605594948334233,-0.01813205610673969,-0.037720033528918694,-0.054261862917398866,-0.052727122699892805,-0.05036066441665021,-0.04614191547111281
2021-08-02,287.5,288.0,284.0,287.0,287.0,2308,1.2678695451394202,1.23117506655236,1.2648651335064176,1.2605594948334233,1.2605594948334233,-0.010003449465332796,-0.030896505149417452,-0.051657671549730125,-0.050062060405461316,-0.04910211384268767,-0.04540162980209539
2021-08-03,294.5,294.5,283.5,287.5,287.5,2308,1.3540716550708167,1.3101122796052516,1.2586430787438982,1.266707271794218,1.266707271794218,-0.005190311418685121,-0.02509325194981342,-0.04590707964601764,-0.04588069360325227,-0.04592818742948157,-0.04283653312617914
2021-08-04,288.5,289.0,285.5,286.5,286.5,2308,1.2801841322724767,1.2433192531758817,1.2835312977939761,1.2544117178726286,1.2544117178726286,-0.004862799583188529,-0.02201740911418327,-0.04148544663767139,-0.046509692986105404,-0.04715977118531331,-0.04515914014330948
2021-08-05,286.0,288.5,285.5,287.0,287.0,2308,1.2493976644398352,1.2372471598641208,1.2835312977939761,1.2605594948334233,1.2605594948334233,0.0,-0.014930495967050017,-0.03258426966292141,-0.042535446205170975,-0.04416172650369677,-0.04317386231038503
2021-08-06,286.5,287.5,285.0,285.0,285.0,2308,1.2555549580063634,1.2251029732405991,1.2773092430314565,1.2359683869902447,1.2359683869902447,-0.005582693649686052,-0.015373985144239035,-0.03181972596534936,-0.047619047619047616,-0.04904904904904901,-0.04878455804639264
2021-08-09,283.0,283.0,278.5,281.5,281.5,2308,1.2124539030406651,1.1704541334347511,1.1964225311187036,1.1929339482646821,1.1929339482646821,-0.014010507880910683,-0.021550225929787933,-0.03793574846206433,-0.05647729177140949,-0.057898259705488654,-0.058843196255433036
2021-08-10,283.0,283.0,277.5,278.0,278.0,2308,1.2124539030406651,1.1704541334347511,1.1839784215936646,1.1498995095391193,1.1498995095391193,-0.019746121297602334,-0.02899056933286766,-0.045111060224410325,-0.06365779723812724,-0.06642487742628778,-0.06831257331173544
2021-08-11,276.5,281.0,276.5,280.0,280.0,2308,1.132409086675797,1.1461657601877075,1.1715343120686257,1.174490617382298,1.174490617382298,-0.008147360963514032,-0.017888460189407304,-0.0324809951624049,-0.05004240882103478,-0.05673089880070063,-0.05919247353978834
2021-08-12,278.5,280.5,275.0,276.5,276.5,2308,1.1570382609419103,1.1400936668759465,1.1528681477810674,1.1314561786567354,1.1314561786567354,-0.013204853675945713,-0.025035260930888655,-0.03870668675396915,-0.054862416680909284,-0.06537317468902101,-0.06876227897838906
2021-08-13,276.5,277.5,271.0,274.0,274.0,2308,1.132409086675797,1.1036611070053812,1.1030917096809116,1.100717293852762,1.100717293852762,-0.014388489208633094,-0.029401346085724447,-0.04072820632512543,-0.05606752217724564,-0.0711864406779661,-0.07458485786659155
2021-08-16,278.0,280.5,275.0,279.0,279.0,2308,1.150880967375382,1.1400936668759465,1.1528681477810674,1.1621950634607088,1.1621950634607088,0.005405405405405406,-0.008880994671403197,-0.018642279282448156,-0.034017138405608896,-0.051601060575158085,-0.0550381033022862
2021-08-17,275.0,279.0,261.0,262.0,262.0,2308,1.1139372059762118,1.121877386940664,0.9786506144305225,0.9531706467936901,0.9531706467936901,-0.044841414509661,-0.06076357770209711,-0.07190931633014527,-0.08686939095582473,-0.10390587591490524,-0.10843920145190565
2021-08-18,256.0,269.5,254.5,267.0,267.0,2308,0.8799600504481353,1.006507614017207,0.8977639025177695,1.0146484164016367,1.0146484164016367,-0.01729849098270147,-0.036101083032490974,-0.04858059151918277,-0.06307570839547336,-0.07975460122699382,-0.08764736032803683
2021-08-19,268.5,272.5,266.5,269.0,269.0,2308,1.0338923896113437,1.0429401738877722,1.0470932168182365,1.0392395242448154,1.0392395242448154,-0.004441154700222016,-0.02252906976744182,-0.036302842130403606,-0.05039272791457057,-0.06623160233268531,-0.0773979650165771
2021-08-20,274.5,274.5,263.0,263.0,263.0,2308,1.1077799124096837,1.0672285471348157,1.0035388334806004,0.9654662007152796,0.9654662007152796,-0.018656716417910446,-0.03663003663003663,-0.05236608215229411,-0.06480576051204559,-0.07984045903015882,-0.09466437177280551
2021-08-23,266.5,272.0,265.0,270.0,270.0,2308,1.0092632153452303,1.0368680805760113,1.0284270525306782,1.0515350781664048,1.0515350781664048,0.014274981217130021,-0.006805223468824803,-0.023154848046309615,-0.03493879009918677,-0.05029897995075628,-0.06741120257901094
2021-08-24,273.0,274.0,267.5,268.0,268.0,2308,1.0893080317100985,1.061156453823055,1.0595373263432755,1.0269439703232262,1.0269439703232262,0.0022438294689604444,-0.010522429388960763,-0.025808796801163294,-0.03796105178138738,-0.053070454384849065,-0.07014398889724158
2021-08-25,270.0,278.0,267.5,277.5,277.5,2308,1.0523642703109286,1.109733200317142,1.0595373263432755,1.1437517325783246,1.1437517325783246,0.029684601113172542,0.025498891352549805,0.01092896174863388,-0.0012596724851539416,-0.01553852703277989,-0.03208929194279731
2021-08-26,280.5,281.5,274.0,276.5,276.5,2308,1.1816674352080236,1.1522378534994684,1.1404240382560284,1.1314561786567354,1.1314561786567354,0.02029520295202952,0.021803399852180255,0.009861212563915225,-0.0021652832912306846,-0.015383519692329583,-0.030618207315648058
2021-08-27,278.0,280.0,274.5,279.0,279.0,2308,1.150880967375382,1.1340215735641856,1.146646093018548,1.1621950634607088,1.1621950634607088,0.01750547045951864,0.02914053854666166,0.020482809070958386,0.008312251535959565,-0.002930455292688132,-0.017201902189866704
2021-08-30,277.5,280.0,275.5,279.5,279.5,2308,1.1447236738088535,1.1340215735641856,1.159090202543587,1.1683428404215035,1.1683428404215035,0.012314378848243306,0.03079476304628443,0.02281044157111496,0.011490093187369986,0.0016485091743118532,-0.012134778510838844
2021-08-31,275.5,278.0,264.0,270.5,270.5,2308,1.1200944995427402,1.109733200317142,1.0159829430056393,1.0576828551271995,1.0576828551271995,-0.02205350686912517,-0.0055147058823529415,-0.008309910790663516,-0.0180597150376623,-0.0276080235818535,-0.040610037240645463
2021-09-01,270.5,273.0,268.5,272.0,272.0,2308,1.058521563877457,1.0490122671995332,1.0719814358683144,1.0761261860095834,1.0761261860095834,-0.012704174228675136,-0.001834862385321101,-0.0008571078731480904,-0.010009099181073703,-0.019395774749441184,-0.03139652204878626
2021-09-02,270.0,271.5,266.0,268.5,268.5,2308,1.0523642703109286,1.0307959872642505,1.0408711620557172,1.0330917472840209,1.0330917472840209,-0.01971522453450156,-0.014498073040924899,-0.011777695988222262,-0.019446726924130336,-0.028792592056716994,-0.039928486293206264
2021-09-03,271.5,272.0,267.5,272.0,272.0,2308,1.0708361510105135,1.0368680805760113,1.0595373263432755,1.0761261860095834,1.0761261860095834,-0.001834862385321101,-0.004938723248582486,0.001595679391186954,-0.0043012720783381034,-0.013992604944537133,-0.023689877961234826
2021-09-06,273.0,274.5,270.5,273.5,273.5,2308,1.0893080317100985,1.0672285471348157,1.0968696549183923,1.0945695168919674,1.0945695168919674,0.00810910431256907,-0.0007307270734380293,0.008480825958702106,0.0026578682063972976,-0.0066104896120877275,-0.0153015301530153
2021-09-07,274.5,275.0,268.5,271.5,271.5,2308,1.1077799124096837,1.0733006404465768,1.0719814358683144,1.0699784090487887,1.0699784090487887,0.0,-0.009304871373836933,-0.0012262415695891394,-0.0034868783262983617,-0.011577107907383161,-0.020091434071222315
2021-09-08,274.0,274.0,269.0,270.5,270.5,2308,1.1016226188431553,1.061156453823055,1.0782034906308338,1.0576828551271995,1.0576828551271995,-0.0025811209439527607,-0.010426193524785157,-0.005758392550845367,-0.005423292582038873,-0.012917822215735003,-0.02116880767143124
2021-09-09,268.5,272.0,267.0,269.5,269.5,2308,1.0338923896113437,1.0368680805760113,1.053315271580756,1.04538730120561,1.04538730120561,-0.007000736919675672,-0.011553273427471034,-0.00955531054759288,-0.007823285780027611,-0.01404843784297935,-0.02219265888613415
2021-09-10,268.5,270.0,267.0,269.0,269.0,2308,1.0338923896113437,1.0125797073289677,1.053315271580756,1.0392395242448154,1.0392395242448154,-0.006646971935007427,-0.009755199705503322,-0.012844036697247707,-0.008751727314601566,-0.013568023469013526,-0.021877461972001643
2021-09-13,267.5,269.5,262.0,263.5,263.5,2308,1.021577802478287,1.006507614017207,0.9910947239555614,0.9716139776760742,0.9716139776760742,-0.019717261904761946,-0.024254767635623075,-0.031487380543984304,-0.026237989652623882,-0.031178763144348913,-0.039139418986264794
2021-09-14,264.5,266.5,262.5,263.5,263.5,2308,0.984634041079117,0.9700750541466415,0.9973167787180809,0.9716139776760742,0.9716139776760742,-0.013847305389221515,-0.021718953035084546,-0.030418250950570287,-0.026507804562667447,-0.029108327192335953,-0.036328172619773266
2021-09-15,264.0,265.0,258.0,258.0,258.0,2308,0.9784767475125886,0.9518587742113589,0.9413182858554057,0.9039884311073328,0.9039884311073328,-0.025311673592746463,-0.03713379361821231,-0.04609317229479902,-0.04524007771301701,-0.0462812361378086,-0.053153098048810375
2021-09-16,258.5,261.5,257.5,260.0,260.0,2308,0.910746518280777,0.9093541210290326,0.9350962310928862,0.9285795389505115,0.9285795389505115,-0.010654490106544944,-0.02658180456757777,-0.03477292414305163,-0.03623389861921964,-0.03653746387015495,-0.042651119975452526
2021-09-17,257.5,259.0,255.0,256.0,256.0,2308,0.8984319311477204,0.8789936544702281,0.903985957280289,0.8793973232641542,0.8793973232641542,-0.01614142966948497,-0.035781544256120526,-0.04418170504044797,-0.04982833812749378,-0.04882217433306081,-0.05401244072180824
2021-09-22,245.0,254.0,245.0,250.0,250.0,2308,0.7444995919845121,0.8182727213526192,0.7795448620298997,0.8056239997346183,0.8056239997346183,-0.02912621359223301,-0.049971499144974264,-0.05967903711133403,-0.0686411474341064,-0.06709455929546987,-0.07258563126004698
2021-09-23,255.0,255.5,250.5,251.5,251.5,2308,0.8676454633150786,0.8364890012879018,0.8479874644176137,0.8240673306170022,0.8240673306170022,-0.014112112896903154,-0.03695194332758942,-0.049508692365835306,-0.06016442451420038,-0.06002391986844073,-0.06395384901681038
2021-09-24,262.0,267.0,259.0,260.0,260.0,2308,0.9538475732464753,0.9761471474584024,0.9537623953804446,0.9285795389505115,0.9285795389505115,0.01761252446183953,-0.00038446751249528155,-0.014404852160727866,-0.025213234604930256,-0.027237354085603013,-0.02991107518189162
2021-09-27,257.0,260.5,256.0,258.0,258.0,2308,0.892274637581192,0.8972099344055108,0.9164300668053279,0.9039884311073328,0.9039884311073328,0.01136809094472758,-0.003668661903842397,-0.019384264538198488,-0.029345372460496656,-0.033128466496777004,-0.03515332834704554
2021-09-28,257.0,258.0,251.0,252.5,252.5,2308,0.892274637581192,0.8668494678467064,0.8542095191801332,0.8363628845385915,0.8363628845385915,-0.007468553459119519,-0.018655266226195146,-0.035523300229182625,-0.04527838169959362,-0.05224832970497716,-0.0531841759890007
2021-09-29,250.0,250.0,247.0,248.5,248.5,2308,0.8060725276497954,0.769695974858532,0.8044330810799776,0.7871806688522343,0.7871806688522343,-0.022038567493112927,-0.028537920250195508,-0.044720656073808276,-0.05486355424550732,-0.06424160265100166,-0.06461731493099128
2021-09-30,248.0,253.0,248.0,252.0,252.0,2308,0.7814433533836821,0.8061285347290974,0.8168771906050165,0.8302151075777969,0.8302151075777969,-0.008654602675058964,-0.010406440212055786,-0.026400515132002506,-0.03816793893129771,-0.0487694398308924,-0.05025125628140697
2021-10-01,252.0,252.5,245.5,248.0,248.0,2308,0.8307017019159088,0.8000564414173365,0.7857669167924192,0.7810328918914395,0.7810328918914395,-0.0150913423351867,-0.022274788093830104,-0.0362694300518134,-0.04907975460122704,-0.059679987866838584,-0.06309029089535319
2021-10-04,246.5,247.0,239.0,240.0,240.0,2308,0.762971472684097,0.7332634149879667,0.7048802048796662,0.682668460518725,0.682668460518725,-0.03303787268331986,-0.04629445658652893,-0.060174911891398015,-0.0746987951807229,-0.0849473844746072,-0.08998988877654202
2021-10-05,238.0,247.0,237.0,245.0,245.0,2308,0.6582974820531154,0.7332634149879667,0.6799919858295883,0.7441462301266716,0.7441462301266716,-0.00689096068098901,-0.02215126721213335,-0.03454617102324976,-0.050479604689467994,-0.061014870458378105,-0.0689130985558652
2021-10-06,245.5,247.0,241.0,244.5,244.5,2308,0.7506568855510404,0.7332634149879667,0.7297684239297441,0.737998453165877,0.737998453165877,-0.005693371289141951,-0.022,-0.031683168316831684,-0.047062262496346055,-0.05787607891491978,-0.06780199529770614
2021-10-07,248.0,251.5,246.0,248.5,248.5,2308,0.7814433533836821,0.7879122547938147,0.7919889715549386,0.7871806688522343,0.7871806688522343,0.013458401305057143,-0.00480576692030432,-0.011928429423459244,-0.02711167661740241,-0.03920507268790592,-0.05019747738565419
2021-10-08,252.0,253.0,249.5,250.5,250.5,2308,0.8307017019159088,0.8061285347290974,0.8355433548925748,0.8117717766954129,0.8117717766954129,0.019536019536019585,0.007035175879396985,-0.00199203187250996,-0.015426943107006038,-0.028241135852277034,-0.039248274098696044
2021-10-12,247.0,248.5,240.0,247.0,247.0,2308,0.7691287662506254,0.7514796949232493,0.7173243144047051,0.7687373379698502,0.7687373379698502,-0.0004046944556859341,-0.0026246719160105216,-0.012526652452025557,-0.024871693643900558,-0.03861124085318393,-0.04908565928777671
2021-10-13,249.0,251.0,245.5,246.5,246.5,2308,0.7937579405167388,0.7818401614820538,0.7857669167924192,0.7625895610090556,0.7625895610090556,-0.003637833468067929,-0.002226269985832873,-0.012024048096192385,-0.022504213343908043,-0.03673309886674484,-0.04703608247422687
2021-10-14,243.5,244.5,235.5,235.5,235.5,2308,0.726027711284927,0.7029029484291622,0.6613258215420299,0.627338467871573,0.627338467871573,-0.04112377850162864,-0.04170905391658189,-0.05244098712446351,-0.060911175356395196,-0.07421967135781113,-0.08437013996889577
2021-10-15,237.0,241.5,234.5,240.0,240.0,2308,0.6459828949200588,0.6664703885585969,0.648881712016991,0.682668460518725,0.682668460518725,-0.01599015990159904,-0.018605602126354575,-0.03134669716130773,-0.03846153846153844,-0.051833122629582826,-0.06317090625203306
2021-10-18,243.0,255.0,242.0,249.5,249.5,2308,0.7198704177183988,0.830416907976141,0.7422125334547829,0.7994762227738236,0.7994762227738236,0.023799753795650438,0.01961585615038828,0.009848893685914748,0.0013043042038727345,-0.011019502140478837,-0.02322850058723739
2021-10-19,254.0,262.0,248.0,259.0,259.0,2308,0.8553308761820221,0.9154262143407935,0.8168771906050165,0.9162839850289222,0.9162839850289222,0.052417716375457155,0.05028386050283863,0.04801726463447535,0.03963873557451079,0.02834908282379094,0.015221793950480142
2021-10-20,258.0,258.5,252.0,254.5,254.5,2308,0.9045892247142486,0.8729215611584672,0.8666536287051722,0.8609539923817702,0.8609539923817702,0.02745256358498188,0.02807513633609367,0.029253167969803127,0.02188315599277249,0.012814390321553642,-0.00013095861707699622
2021-10-21,254.5,258.0,251.0,253.0,253.0,2308,0.8614881697485504,0.8668494678467064,0.8542095191801332,0.8425106614993862,0.8425106614993862,0.0071656050955414465,0.018518518518518497,0.021946950316413104,0.015248796147672598,0.00853065454835361,-0.0033484341146346043
2021-10-22,249.0,251.0,243.0,244.0,244.0,2308,0.7937579405167388,0.7818401614820538,0.7546566429798218,0.7318506762050823,0.7318506762050823,-0.031746031746031744,-0.015930631175640204,-0.012279044663338273,-0.019391138350246112,-0.024312220089571387,-0.03531892461781762
2021-10-25,243.5,246.0,241.0,242.5,242.5,2308,0.726027711284927,0.7211192283644449,0.7297684239297441,0.7134073453226983,0.7134073453226983,-0.032322426177174755,-0.01881448513048758,-0.016891891891891855,-0.021980237951199792,-0.027900264571474417,-0.037698412698412696
2021-10-26,246.0,250.0,244.0,244.5,244.5,2308,0.7568141791175688,0.769695974858532,0.7671007525048608,0.737998453165877,0.737998453165877,-0.012918853451756111,-0.00972053462940464,-0.009987852611688495,-0.011222323324234175,-0.01744092589615819,-0.026542800265427966
2021-10-27,246.0,248.5,242.0,244.5,244.5,2308,0.7568141791175688,0.7514796949232493,0.7422125334547829,0.737998453165877,0.737998453165877,-0.004884004884004838,-0.00891771382245638,-0.00985421166306697,-0.009620253164556962,-0.01562122554150896,-0.023367285799880146
2021-10-28,246.0,254.0,244.0,252.5,252.5,2308,0.7568141791175688,0.8182727213526192,0.7671007525048608,0.8363628845385915,0.8363628845385915,0.028094462540716635,0.01650563607085344,0.020339439655172407,0.02195689567944961,0.016178364455891863,0.010067337822521555
2021-10-29,251.0,252.0,245.0,245.0,245.0,2308,0.8183871147828521,0.7939843481055756,0.7795448620298997,0.7441462301266716,0.7441462301266716,-0.003254678600488248,-0.015668943350743293,-0.009033301874073023,-0.006991589826730142,-0.012972363226170328,-0.01751102793744155
2021-11-01,246.5,259.5,245.0,257.5,257.5,2308,0.762971472684097,0.885065747781989,0.7795448620298997,0.8978406541465382,0.8978406541465382,0.03496784565916394,0.03123748498197842,0.03956398869600328,0.04166666666666671,0.0378042882476221,0.032684980950471246
2021-11-02,259.5,259.5,250.5,252.0,252.0,2308,0.9230611054138337,0.885065747781989,0.8479874644176137,0.8302151075777969,0.8302151075777969,0.0067918497802636375,0.012048192771084338,0.015992474129821268,0.016949152542372836,0.01662094561884785,0.01170960187353626
2021-11-03,252.0,252.0,246.0,247.0,247.0,2308,0.8307017019159088,0.7939843481055756,0.7919889715549386,0.7687373379698502,0.7687373379698502,-0.015151515151515195,-0.005035246727089627,-0.004299919376511675,-0.0036304961678096234,-0.0026649438746668684,-0.007168218664165598
2021-11-04,251.0,256.0,248.5,253.5,253.5,2308,0.8183871147828521,0.8425610945996628,0.823099245367536,0.8486584384601809,0.8486584384601809,0.0099601593625498,0.020942408376963303,0.016983150575020006,0.020736863297765275,0.022754780924715508,0.018481317798312552
2021-11-05,257.0,263.0,254.5,262.0,262.0,2308,0.892274637581192,0.9275704009643153,0.8977639025177695,0.9531706467936901,0.9531706467936901,0.029874213836477963,0.04758096761295484,0.0449348577505983,0.05210320248970984,0.0553452026101668,0.05115346038114343
2021-11-08,263.0,264.0,257.0,259.5,259.5,2308,0.966162160379532,0.9397145875878371,0.9288741763303667,0.9224317619897169,0.9224317619897169,0.018445839874411257,0.030579825258141336,0.0322195704057279,0.04018438721314763,0.04334191058218077,0.04119299184164778
2021-11-09,263.5,266.0,262.5,266.0,266.0,2308,0.9723194539460603,0.9640029608348806,0.9973167787180809,1.0023528624800475,1.0023528624800475,0.03260869565217382,0.047450285489269585,0.0561143462149285,0.062194269741439503,0.06502242152466371,0.06613226452905811
2021-11-10,266.0,268.0,262.5,265.0,265.0,2308,1.003105921778702,0.9882913340819242,0.9973167787180809,0.9900573085584582,0.9900573085584582,0.014548238897396676,0.03515625,0.04922792662003433,0.05430674358464295,0.057630906768837795,0.0603534511503835
2021-11-11,262.0,263.0,258.5,259.0,259.0,2308,0.9538475732464753,0.9275704009643153,0.9475403406179251,0.9162839850289222,0.9162839850289222,-0.012581014105985555,0.009156438729787738,0.023850309658716557,0.02564102564102562,0.03129728438321261,0.03489611081513047
2021-11-12,261.0,263.5,258.5,261.0,261.0,2308,0.9415329861134186,0.9336424942760762,0.9475403406179251,0.9408750928721008,0.9408750928721008,-0.004196871423121033,0.010648596321393998,0.027154663518299905,0.029281277728482744,0.0371959942775394,0.041638951709458576
2021-11-15,262.0,263.5,259.5,260.0,260.0,2308,0.9538475732464753,0.9336424942760762,0.9599844501429641,0.9285795389505115,0.9285795389505115,-0.00839054157131956,0.005802707930367505,0.018542700443980098,0.023219205037386878,0.03166415363860007,0.035994155930402436
2021-11-16,259.0,260.0,255.0,256.0,256.0,2308,0.9169038118473053,0.8911378410937499,0.903985957280289,0.8793973232641542,0.8793973232641542,-0.01614142966948497,-0.011201235998454915,-0.0001301913813306595,0.0080724552077181,0.014343450352642858,0.017892644135188866
2021-11-17,257.0,262.5,254.5,261.5,261.5,2308,0.892274637581192,0.9214983076525544,0.8977639025177695,0.9470228698328955,0.9470228698328955,0.007707129094412331,0.004417130785480995,0.01685029163966292,0.02831301612268969,0.03367855166416322,0.03749256099980158
2021-11-18,263.0,263.5,259.0,260.0,260.0,2308,0.966162160379532,0.9336424942760762,0.9537623953804446,0.9285795389505115,0.9285795389505115,0.0011551790527532205,-0.0038314176245210726,0.009055627425614415,0.021009228352640855,0.02378327295637105,0.029431173287580853
2021-11-19,262.0,262.0,260.0,261.0,261.0,2308,0.9538475732464753,0.9154262143407935,0.9662065049054835,0.9408750928721008,0.9408750928721008,0.00500577589526381,0.00038328861632818225,0.008760628703942223,0.021526418786692758,0.024332810047095716,0.03168851703010744
2021-11-22,261.0,262.0,259.0,259.0,259.0,2308,0.9415329861134186,0.9154262143407935,0.9537623953804446,0.9162839850289222,0.9162839850289222,-0.0019267822736030828,-0.00709219858156037,0.0006439150032196483,0.010435969960011749,0.01496982522141231,0.02263753619373514
2021-11-23,258.0,258.5,255.0,255.0,255.0,2308,0.9045892247142486,0.8729215611584672,0.903985957280289,0.8671017693425649,0.8671017693425649,-0.016583108368684964,-0.01828681424446583,-0.01557071162012621,-0.0072026474596068625,-7.842522155129101e-05,0.005784906652642658
2021-11-24,257.5,260.0,255.5,256.0,256.0,2308,0.8984319311477204,0.8911378410937499,0.9102080120428084,0.8793973232641542,0.8793973232641542,-0.008520526723470135,-0.011010237589337541,-0.013994094235460235,-0.005535592891133384,0.003606711619883909,0.008469568642899373
2021-11-25,261.0,262.5,258.0,259.0,259.0,2308,0.9415329861134186,0.9214983076525544,0.9413182858554057,0.9162839850289222,0.9162839850289222,0.003875968992248062,0.0005794861889124097,-0.0038461538461538464,0.004849660523763337,0.014413285289049064,0.01714884147139681
2021-11-26,255.5,258.0,252.0,252.0,252.0,2308,0.873802756881607,0.8668494678467064,0.8666536287051722,0.8302151075777969,0.8302151075777969,-0.016393442622950775,-0.023066485753052875,-0.028277634961439518,-0.02363425029058513,-0.0142387732749178,-0.01189387008234217
2021-11-29,251.0,255.5,250.0,253.5,253.5,2308,0.8183871147828521,0.8364890012879018,0.8417654096550943,0.8486584384601809,0.8486584384601809,-0.006272050176401389,-0.014768752429071167,-0.020983522142121538,-0.017060876308646677,-0.01007497656982187,-0.0065316786414108055
2021-11-30,256.0,259.0,255.0,256.0,256.0,2308,0.8799600504481353,0.8789936544702281,0.903985957280289,0.8793973232641542,0.8793973232641542,0.002741872307089654,-0.005052467936261218,-0.008776458440887912,-0.008136381247578546,-0.0021049349029391923,0.003659174072138018
2021-12-01,256.0,259.5,256.0,258.0,258.0,2308,0.8799600504481353,0.885065747781989,0.9164300668053279,0.9039884311073328,0.9039884311073328,0.008994915917090385,0.004086398131932327,0.0007757951900697774,-0.002513048521167513,0.0035786525595146103,0.01103781594931747
2021-12-02,258.5,262.0,256.0,261.5,261.5,2308,0.910746518280777,0.9154262143407935,0.9164300668053279,0.9470228698328955,0.9470228698328955,0.020686963309914173,0.017113963438350747,0.013696860059439308,0.009457633661455273,0.01577066500932257,0.023616910229645086
2021-12-03,264.0,264.5,260.5,261.5,261.5,2308,0.9784767475125886,0.9457866808995979,0.972428559668003,0.9470228698328955,0.9470228698328955,0.01317318868655551,0.01691619677231197,0.013565891472868217,0.009555062252678402,0.01317318868655551,0.021284905291935125
2021-12-06,261.0,262.5,258.5,261.0,261.0,2308,0.9415329861134186,0.9214983076525544,0.9475403406179251,0.9408750928721008,0.9408750928721008,0.005392912172573101,0.014183019234505448,0.011366571945233805,0.007333076032419826,0.0106877323420074,0.01688311688311681
2021-12-07,263.0,265.0,260.0,263.0,263.0,2308,0.966162160379532,0.9518587742113589,0.9662065049054835,0.9654662007152796,0.9654662007152796,0.007662835249042145,0.018787526631803306,0.017276946879834863,0.01564008495848624,0.016700170094325006,0.022219343136619704
2021-12-08,265.0,266.0,261.0,261.0,261.0,2308,0.9907913346456453,0.9640029608348806,0.9786506144305225,0.9408750928721008,0.9408750928721008,-0.002293577981651463,0.009085636961144491,0.009671179883945842,0.008695652173913044,0.006789075759913559,0.01228183581124765
2021-12-09,264.5,269.0,262.5,269.0,269.0,2308,0.984634041079117,1.000435520705446,0.9973167787180809,1.0392395242448154,1.0392395242448154,0.022424933485366692,0.03601001347968428,0.03820918564260894,0.037608486017357765,0.03517278534595546,0.04108882151841582
2021-12-10,269.0,273.0,267.5,271.0,271.0,2308,1.0400496831778718,1.0490122671995332,1.0595373263432755,1.0638306320879942,1.0638306320879942,0.022641509433962263,0.03613075893710567,0.04324393686641864,0.04331087584215592,0.04142648528168462,0.04532304725168756
2021-12-13,274.0,274.5,268.0,270.0,270.0,2308,1.1016226188431553,1.0672285471348157,1.065759381105795,1.0515350781664048,1.0515350781664048,0.011994002998500706,0.02583586626139822,0.036468330134357005,0.037463976945244955,0.035911602209944805,0.03979460847240044
2021-12-14,267.5,271.5,266.0,269.0,269.0,2308,1.021577802478287,1.0307959872642505,1.0408711620557172,1.0392395242448154,1.0392395242448154,0.0037313432835820895,0.017013232514177693,0.02894300650261378,0.03104637792257579,0.03159993864089588,0.03368771615217107
2021-12-15,268.0,269.5,265.0,267.5,267.5,2308,1.0277350960448153,1.006507614017207,1.0284270525306782,1.0207961933624314,1.0207961933624314,-0.006683995544003013,0.007722734978338713,0.020213577421815454,0.02411944869831551,0.025454266656444017,0.0252315554136058
2021-12-16,272.5,272.5,265.5,266.0,266.0,2308,1.0831507381435703,1.0429401738877722,1.0346491072931976,1.0023528624800475,1.0023528624800475,-0.01004838109415701,0.00037608123354653157,0.012690355329949166,0.017208413001912046,0.01861070690051319,0.017857142857142932
2021-12-17,266.5,269.5,264.0,269.0,269.0,2308,1.0092632153452303,1.006507614017207,1.0159829430056393,1.0392395242448154,1.0392395242448154,0.0026090197540066663,0.008813050815676066,0.0197119029567854,0.02710958381061483,0.028838063183661063,0.02841850388683575
2021-12-20,269.0,270.0,263.5,264.0,264.0,2308,1.0400496831778718,1.0125797073289677,1.0097608882431197,0.9777617546368689,0.9777617546368689,-0.01160614002246358,-0.011050758569020373,-0.001890359168241966,0.00705702841884426,0.009097163825395594,0.008724447557791608
2021-12-21,265.0,268.0,264.5,266.0,266.0,2308,0.9907913346456453,0.9882913340819242,1.0222049977681587,1.0023528624800475,1.0023528624800475,-0.001876172607879925,-0.004677268475210477,0.003142677561282141,0.012561857632280212,0.01518968017708579,0.016366299433229422
2021-12-22,266.5,268.0,265.5,265.5,265.5,2308,1.0092632153452303,0.9882913340819242,1.0346491072931976,0.9962050855192528,0.9962050855192528,-0.0022547914317926445,-0.008218154650728384,-0.0006273525721456171,0.008834425762325406,0.012663055915783024,0.014391237901171618
2021-12-23,266.0,270.0,266.0,270.0,270.0,2308,1.003105921778702,1.0125797073289677,1.0408711620557172,1.0515350781664048,1.0515350781664048,0.011614837017609677,0.008215085884988755,0.014147990484537316,0.023793724523651444,0.02825805468809512,0.03014116749332307
2021-12-24,271.0,272.5,270.0,270.5,270.5,2308,1.0646788574439852,1.0429401738877722,1.0906476001558727,1.0576828551271995,1.0576828551271995,0.012350299401197648,0.01027077497665733,0.013741411617738985,0.02210466654071424,0.02867356251901438,0.030803429660209516
2021-12-27,271.0,276.5,271.0,275.5,275.5,2308,1.0646788574439852,1.0915169203818593,1.1030917096809116,1.119160624735146,1.119160624735146,0.022263450834879406,0.026835631755497535,0.02875280059746075,0.036688617121354655,0.04506486609513692,0.047794117647058806
2021-12-28,276.5,278.5,275.5,277.5,277.5,2308,1.132409086675797,1.115805293628903,1.159090202543587,1.1437517325783246,1.1437517325783246,0.02097130242825603,0.03102359279212344,0.03249410889247184,0.04000749554951752,0.049070013609557005,0.05253176559833121
2021-12-29,278.5,280.0,277.0,278.0,278.0,2308,1.1570382609419103,1.1340215735641856,1.1777563668311453,1.1498995095391193,1.1498995095391193,0.013488880787458945,0.028867505551443417,0.030011115227862258,0.03799122561374036,0.04747550866616437,0.052233156699470144
2021-12-30,278.0,278.0,275.0,275.0,275.0,2308,1.150880967375382,1.109733200317142,1.1528681477810674,1.1130128477743515,1.1130128477743515,-0.0010897203051217267,0.014385835485060778,0.017388087310395813,0.024208566108007448,0.033679145993083665,0.03891197582168497
2022-01-03,276.0,282.5,275.0,282.0,282.0,2308,1.1262517931092686,1.16438204012299,1.1528681477810674,1.1990817252254766,1.1990817252254766,0.015850144092218937,0.035242290748898765,0.040462427745664636,0.046285131249420366,0.05523125280646606,0.06254709871891494
2022-01-04,286.0,298.0,285.5,297.0,297.0,2308,1.2493976644398352,1.3526169327875779,1.2835312977939761,1.3835150340493165,1.3835150340493165,0.05356509400496638,0.0772578890097933,0.08857666463042158,0.0946282133972174,0.10417131385233096,0.11374999999999992
2022-01-05,302.0,302.0,289.5,290.5,290.5,2308,1.4464310585687417,1.401193679281665,1.3333077358941319,1.303593933558986,1.303593933558986,0.0210896309314587,0.04440050332554386,0.05918813806514347,0.06527319398606532,0.07449326823494594,0.0845622549934664
2022-01-06,288.0,292.0,284.0,291.0,291.0,2308,1.2740268387059486,1.2797518130464471,1.2648651335064176,1.3097417105197806,1.3097417105197806,0.013584117032392814,0.036693979337370904,0.054984894259818805,0.061269146608315145,0.07111307420494697,0.08171736571463979
2022-01-07,292.0,293.0,282.0,283.0,283.0,2308,1.3232851872381752,1.2918959996699688,1.23997691445634,1.211377279147066,1.211377279147066,-0.019743678559057808,0.0035460992907801418,0.021783608135756506,0.02946526009457993,0.038379687385337855,0.04886033726604486
2022-01-10,279.0,285.0,276.5,283.5,283.5,2308,1.1631955545084385,1.1947425066817945,1.1715343120686257,1.2175250561078608,1.2175250561078608,-0.01903114186851211,0.0007059654076949828,0.02002878388102661,0.02894474185645594,0.036866359447004546,0.04664041348757073
2022-01-11,279.5,291.0,279.5,287.0,287.0,2308,1.1693528480749669,1.2676076264229252,1.2088666406437425,1.2605594948334233,1.2605594948334233,0.0,0.008964668658815298,0.026956106870229105,0.03844414292175486,0.04568971799169286,0.055211716404191376
2022-01-12,288.0,291.0,279.5,282.0,282.0,2308,1.2740268387059486,1.2676076264229252,1.2088666406437425,1.1990817252254766,1.1990817252254766,-0.011566771819137789,-0.0101790101790101,0.005228136882129183,0.017958667990253672,0.02463483758447777,0.033534909290819044
2022-01-13,283.5,283.5,276.0,277.0,277.0,2308,1.2186111966071935,1.176526226746512,1.1653122573061063,1.1376039556175301,1.1376039556175301,-0.019469026548672566,-0.02738764044943824,-0.015286171347316073,-0.0018018018018018018,0.004132530993982406,0.012858797001645382
2022-01-14,273.0,274.0,268.0,271.5,271.5,2308,1.0893080317100985,1.061156453823055,1.065759381105795,1.0699784090487887,1.0699784090487887,-0.031049250535331866,-0.04552645456143431,-0.03518123667377391,-0.022590225902258943,-0.016161762574286056,-0.008460648852638614
2022-01-17,270.5,274.0,270.0,273.5,273.5,2308,1.058521563877457,1.061156453823055,1.0906476001558727,1.0945695168919674,1.0945695168919674,-0.01689432063263835,-0.03561354019746129,-0.028764204545454624,-0.01618705035971223,-0.00927334637397668,-0.0026135051358413914
2022-01-18,274.5,277.0,274.0,274.0,274.0,2308,1.1077799124096837,1.0975890136936204,1.1404240382560284,1.100717293852762,1.100717293852762,-0.005805515239477586,-0.025950942054745862,-0.02664298401420959,-0.01615798922800718,-0.008037071899210872,-0.002366648461678417
2022-01-19,276.0,277.0,272.5,275.0,275.0,2308,1.1262517931092686,1.0975890136936204,1.1217578739684702,1.1130128477743515,1.1130128477743515,0.0029175784099198083,-0.016979445933869526,-0.02251184834123216,-0.014160243771285136,-0.005281053316935468,-0.00018178512997640926
2022-01-20,274.0,275.5,269.0,272.5,272.5,2308,1.1016226188431553,1.0793727337583376,1.0782034906308338,1.0822739629703781,1.0822739629703781,-0.002927186242224703,-0.01943145016192867,-0.03013406097995008,-0.024346580737558222,-0.015036506903780902,-0.010649885029650261
2022-01-21,273.0,275.5,270.0,272.5,272.5,2308,1.0893080317100985,1.0793727337583376,1.0906476001558727,1.0822739629703781,1.0822739629703781,-0.003656307129798903,-0.015712479682138424,-0.029558404558404597,-0.02478303659300353,-0.01596128845876071,-0.011068771547813504
2022-01-24,269.5,273.0,269.0,272.0,272.0,2308,1.0462069767444002,1.0490122671995332,1.0782034906308338,1.0761261860095834,1.0761261860095834,-0.0043923865300146,-0.01342038447587954,-0.029033793431699165,-0.026833631484794274,-0.018192318798729498,-0.013002721499848737
2022-01-25,269.0,270.5,266.0,269.0,269.0,2308,1.0400496831778718,1.0186518006407286,1.0408711620557172,1.0392395242448154,1.0392395242448154,-0.011756061719323986,-0.017889740781306965,-0.033301389554384234,-0.03644667323363485,-0.029721540903188605,-0.023770640537107642
2022-01-26,267.0,270.5,266.5,268.0,268.0,2308,1.0154205089117587,1.0186518006407286,1.0470932168182365,1.0269439703232262,1.0269439703232262,-0.010339734121122641,-0.01651376146788991,-0.03167529808502945,-0.03839253677789734,-0.033607384970431246,-0.027282076099449465
2022-02-07,271.5,277.5,269.5,271.0,271.0,2308,1.0708361510105135,1.1036611070053812,1.0844255453933533,1.0638306320879942,1.0638306320879942,0.0018484288354898336,-0.003310040456049935,-0.016095848965266866,-0.026405604454823144,-0.023564170930316423,-0.016809771435481895
2022-02-08,271.0,272.5,269.0,269.0,269.0,2308,1.0646788574439852,1.0429401738877722,1.0782034906308338,1.0392395242448154,1.0392395242448154,-0.0029651593773165727,-0.009755199705503322,-0.020036429872495445,-0.03254810285919803,-0.03063063063063063,-0.024419729206963302
2022-02-09,269.0,271.0,268.5,269.5,269.5,2308,1.0400496831778718,1.0247238939524896,1.0719814358683144,1.04538730120561,1.04538730120561,0.0007426661715558434,-0.0064516129032258064,-0.014865358840014609,-0.02856627917455172,-0.028688820010091473,-0.022665457842248413
2022-02-10,270.0,271.0,268.0,269.5,269.5,2308,1.0523642703109286,1.0247238939524896,1.065759381105795,1.04538730120561,1.04538730120561,0.00037119524870090107,-0.00480059084194982,-0.010646108663729727,-0.023727585582322082,-0.02784791862059024,-0.023314810340662007
2022-02-11,267.5,269.0,265.5,265.5,265.5,2308,1.021577802478287,1.000435520705446,1.0346491072931976,0.9962050855192528,0.9962050855192528,-0.012644105615470351,-0.016120066703724373,-0.02137854773313679,-0.033842794759825365,-0.04061574040615744,-0.03775294472968898
2022-02-14,264.0,264.0,255.5,256.0,256.0,2308,0.9784767475125886,0.9397145875878371,0.9102080120428084,0.8793973232641542,0.8793973232641542,-0.037232042121098076,-0.04548844146159579,-0.05150055576139303,-0.062442776048342835,-0.07199303994779965,-0.07111756168359949
2022-02-15,255.0,256.5,252.0,253.5,253.5,2308,0.8676454633150786,0.8486331879114236,0.8666536287051722,0.8486584384601809,0.8486584384601809,-0.03538812785388132,-0.0480660908749531,-0.0565686639374767,-0.0665561999447666,-0.07818181818181819,-0.07834939101981461
2022-02-16,257.0,259.5,256.5,258.5,258.5,2308,0.892274637581192,0.885065747781989,0.9226521215678474,0.9101362080681276,0.9101362080681276,-0.00805832693783585,-0.024344215889790483,-0.03436682853940975,-0.043743641912512676,-0.0567758884915712,-0.058802111778627264
2022-02-17,260.0,262.5,258.5,261.0,261.0,2308,0.929218398980362,0.9214983076525544,0.9475403406179251,0.9408750928721008,0.9408750928721008,0.008111239860950262,-0.011925042589437735,-0.021861336664584567,-0.029829941455255006,-0.04262343188320741,-0.04802431610942256
2022-02-18,258.5,262.0,258.0,261.5,261.5,2308,0.910746518280777,0.9154262143407935,0.9413182858554057,0.9470228698328955,0.9470228698328955,0.01317318868655551,-0.007590132827324478,-0.01667084482326399,-0.024253731343283583,-0.03669048846975606,-0.0443415763186746
2022-02-21,258.5,260.0,257.0,260.0,260.0,2308,0.910746518280777,0.8911378410937499,0.9288741763303667,0.9285795389505115,0.9285795389505115,0.004248744689069227,-0.009146341463414549,-0.019238023387401066,-0.02676399026763982,-0.03782103471245661,-0.047735319252838575
2022-02-22,257.5,258.0,256.0,257.0,257.0,2308,0.8984319311477204,0.8668494678467064,0.9164300668053279,0.8916928771857435,0.8916928771857435,-0.010015408320493153,-0.016079632465543604,-0.026760918959858607,-0.03537580932720282,-0.045248532580429476,-0.05664994494065828
2022-02-23,257.5,261.0,257.0,259.0,259.0,2308,0.8984319311477204,0.9032820277172717,0.9288741763303667,0.9162839850289222,0.9162839850289222,-0.0026954177897573687,-0.004420526619258033,-0.015957446808510595,-0.02521640948438084,-0.03430275913497386,-0.04662576687116571
2022-02-24,255.5,257.0,252.0,253.5,253.5,2308,0.873802756881607,0.8547052812231846,0.8666536287051722,0.8486584384601809,0.8486584384601809,-0.018202943454686246,-0.019532005414813425,-0.03305785123966949,-0.04222159251912727,-0.050063703814734364,-0.06186393634737547
2022-02-25,254.0,255.5,246.0,246.5,246.5,2308,0.8553308761820221,0.8364890012879018,0.7919889715549386,0.7625895610090556,0.7625895610090556,-0.03409090909090905,-0.03954802259886997,-0.05458961902326776,-0.06362773029439696,-0.07135322483423749,-0.0827906976744186
2022-03-01,249.0,256.5,247.5,256.5,256.5,2308,0.7937579405167388,0.8486331879114236,0.810655135842497,0.8855451002249489,0.8855451002249489,0.007858546168958742,-0.0007791195948577664,-0.01257538816886944,-0.02267098494951415,-0.030685511299221542,-0.04147982062780277
2022-03-02,254.5,258.0,252.0,255.0,255.0,2308,0.8614881697485504,0.8668494678467064,0.8666536287051722,0.8671017693425649,0.8671017693425649,0.0035419126328217463,-0.0072026474596068625,-0.014810045074050154,-0.025136194208162054,-0.03394453705106827,-0.04375000000000007
2022-03-03,255.5,258.0,254.5,256.0,256.0,2308,0.873802756881607,0.8668494678467064,0.8977639025177695,0.8793973232641542,0.8793973232641542,0.009861932938856016,-0.0023382696804365656,-0.007495476867407614,-0.01831080433323738,-0.02757730000759702,-0.036688617121354655
2022-03-04,253.0,257.0,251.5,254.5,254.5,2308,0.8430162890489654,0.8547052812231846,0.8604315739426527,0.8609539923817702,0.8609539923817702,0.0031533307055577903,-0.005665168978316033,-0.009470679813181126,-0.021342049605845074,-0.03040231636696136,-0.03841309823677589
2022-03-07,249.5,250.0,246.0,247.0,247.0,2308,0.799915234083267,0.769695974858532,0.7919889715549386,0.7687373379698502,0.7687373379698502,-0.02679275019700556,-0.029469548133595286,-0.034024247164646026,-0.04633204633204633,-0.054943373125191354,-0.06261859582542695
2022-03-08,242.0,250.0,234.0,235.5,235.5,2308,0.7075558305853421,0.769695974858532,0.6426596572544716,0.627338467871573,0.627338467871573,-0.056490384615384595,-0.06566157508430871,-0.0740498034076016,-0.08445913111089522,-0.09381252885947358,-0.10154511349907805
2022-03-09,236.5,243.0,236.5,241.5,241.5,2308,0.6398256013535305,0.6846866684938795,0.6737699310670688,0.701111791401109,0.701111791401109,-0.02187120291616041,-0.03592814371257485,-0.04746252958190901,-0.05608755129958958,-0.06626971852768322,-0.07512606114763519
2022-03-10,252.0,258.0,249.5,254.5,254.5,2308,0.8307017019159088,0.8668494678467064,0.8355433548925748,0.8609539923817702,0.8609539923817702,0.032035685320356874,0.017796440711857583,0.004869702553303448,-0.002352018816150507,-0.013336434829805373,-0.02297011964936982
2022-03-11,257.5,264.0,254.5,262.0,262.0,2308,0.8984319311477204,0.9397145875878371,0.8977639025177695,0.9531706467936901,0.9531706467936901,0.05602579604997987,0.04424073335990432,0.034210526315789434,0.02856021199332616,0.016843902817666595,0.007369432874078894
2022-03-14,263.5,263.5,256.0,257.5,257.5,2308,0.9723194539460603,0.9336424942760762,0.9164300668053279,0.8978406541465382,0.8978406541465382,0.029176658673061597,0.021825396825396824,0.017518440463645958,0.012484026344244614,0.0010107292800497236,-0.007707129094412331
2022-03-15,257.5,257.5,249.5,251.5,251.5,2308,0.8984319311477204,0.8607773745349454,0.8355433548925748,0.8240673306170022,0.8240673306170022,-0.007498026835043432,0.0,-0.0039603960396039604,-0.010232192050373847,-0.019340247991889496,-0.028207109737248885
2022-03-16,251.5,254.0,247.0,249.0,249.0,2308,0.8245444083493804,0.8182727213526192,0.8044330810799776,0.793328445813029,0.793328445813029,-0.02314633189486075,-0.007572738142686351,-0.011774044185738861,-0.019202363367799114,-0.02605022295235859,-0.03494606291583226
2022-03-17,255.0,262.0,253.0,260.5,260.5,2308,0.8676454633150786,0.9154262143407935,0.8790977382302111,0.9347273159113062,0.9347273159113062,0.017180788754392724,0.036403421523771656,0.033456757471568385,0.025691505069396617,0.020368194281237713,0.011126924569802073
2022-03-18,260.0,262.5,254.5,256.0,256.0,2308,0.929218398980362,0.9214983076525544,0.8977639025177695,0.8793973232641542,0.8793973232641542,0.004315417810906216,0.017892644135188866,0.0149332628518568,0.008966400630604023,0.004867326110849462,-0.00466562986003106
2022-03-21,261.0,265.0,260.0,261.0,261.0,2308,0.9415329861134186,0.9518587742113589,0.9662065049054835,0.9408750928721008,0.9408750928721008,0.021126760563380306,0.03202846975088966,0.030805687203791517,0.028774142688214474,0.025218006127739757,0.01569593981061108
2022-03-22,263.5,264.0,260.5,262.0,262.0,2308,0.9723194539460603,0.9397145875878371,0.972428559668003,0.9531706467936901,0.9531706467936901,0.016686069072565042,0.02523967912345916,0.03325884054160643,0.03230890464933014,0.02817675221725142,0.020779220779220703
2022-03-23,266.0,266.0,262.0,264.5,264.5,2308,1.003105921778702,0.9640029608348806,0.9910947239555614,0.9839095315976635,0.9839095315976635,0.014187116564417134,0.025790188093852924,0.04051927616050359,0.04062161896331263,0.036198385959413965,0.031122084335001035
2022-03-24,265.0,267.5,262.5,266.5,266.5,2308,0.9907913346456453,0.9822192407701633,0.9973167787180809,1.0085006394408422,1.0085006394408422,0.01717557251908397,0.028758926848098776,0.04550804236955667,0.04694559025731679,0.042726347914547255,0.03932401689957744
2022-03-25,269.0,270.0,266.0,268.0,268.0,2308,1.0400496831778718,1.0125797073289677,1.0408711620557172,1.0269439703232262,1.0269439703232262,0.013615733736762569,0.032158675139611105,0.047693510555121145,0.049848202918421285,0.047447823028218504,0.04537771421141591
2022-03-28,264.0,265.5,258.5,265.0,265.0,2308,0.9784767475125886,0.9579308675231197,0.9475403406179251,0.9900573085584582,0.9900573085584582,-0.0007541478129712996,0.017665130568356464,0.0311284046692607,0.034348165495706524,0.03515625,0.033742929588453194
2022-03-29,263.5,268.5,263.5,266.0,266.0,2308,0.9723194539460603,0.9943634273936851,1.0097608882431197,1.0023528624800475,1.0023528624800475,0.0,0.015848768378842762,0.026894865525672267,0.0363299892860621,0.038089291289416134,0.03629634439322121
2022-03-30,269.0,270.0,265.0,268.0,268.0,2308,1.0400496831778718,1.0125797073289677,1.0284270525306782,1.0269439703232262,1.0269439703232262,0.004874390701162397,0.016113744075829384,0.02760736196319014,0.04148450403186636,0.044101605111422755,0.04212572909915741
2022-03-31,269.0,269.5,266.0,268.5,268.5,2308,1.0400496831778718,1.006507614017207,1.0408711620557172,1.0330917472840209,1.0330917472840209,0.005241482590789881,0.014931014931014888,0.025853285787060563,0.04089939910835438,0.044503228818174735,0.04271844660194175
2022-04-01,265.5,268.5,263.0,268.5,268.5,2308,0.9969486282121737,0.9943634273936851,1.0035388334806004,1.0330917472840209,1.0330917472840209,0.004865269461077887,0.010158013544018015,0.024157660521296812,0.03808235066692451,0.04207094620818122,0.041707080504364696
2022-04-06,267.5,269.0,263.0,263.5,263.5,2308,1.021577802478287,1.000435520705446,1.0035388334806004,0.9716139776760742,0.9716139776760742,-0.012738853503184629,-0.009584664536741257,0.003554652786593895,0.015512091723672712,0.01997367809862981,0.02204408817635272
2022-04-07,259.0,264.0,259.0,261.0,261.0,2308,0.9169038118473053,0.9397145875878371,0.9537623953804446,0.9408750928721008,0.9408750928721008,-0.018427980443775773,-0.018612521150592174,-0.00835866261398172,0.0009587727708533077,0.009593068234566062,0.012216404886561866
2022-04-08,260.0,265.0,259.0,261.0,261.0,2308,0.929218398980362,0.9518587742113589,0.9537623953804446,0.9408750928721008,0.9408750928721008,-0.013232514177693762,-0.01731927710843382,-0.011363636363636364,-0.0027700831024931615,0.00865667027361265,0.011693261838620007
2022-04-11,263.0,263.0,250.5,250.5,250.5,2308,0.966162160379532,0.9275704009643153,0.8479874644176137,0.8117717766954129,0.8117717766954129,-0.0398620160981218,-0.05113636363636364,-0.04873417721518981,-0.04215658158875816,-0.031097702483174828,-0.027939464493597164
2022-04-12,247.5,253.5,247.0,248.5,248.5,2308,0.7752860598171537,0.8122006280408582,0.8044330810799776,0.7871806688522343,0.7871806688522343,-0.03269754768392362,-0.05170768937225725,-0.05453392517438167,-0.0473452175579836,-0.03794037940379408,-0.035076365519026764
2022-04-13,253.0,257.0,250.0,255.5,255.5,2308,0.8430162890489654,0.8547052812231846,0.8417654096550943,0.8732495463033595,0.8732495463033595,0.0007833920877398692,-0.02144772117962475,-0.026543053086106074,-0.020134228187919462,-0.01214042684812862,-0.009049773755656037
2022-04-14,257.5,257.5,252.5,253.0,253.0,2308,0.8984319311477204,0.8607773745349454,0.8728756834676916,0.8425106614993862,0.8425106614993862,-0.0027591643673629826,-0.026173979984603583,-0.0338594704684318,-0.03000095849707654,-0.024446672322048182,-0.018301752570652426
2022-04-15,253.0,253.5,249.0,249.5,249.5,2308,0.8430162890489654,0.8122006280408582,0.8293213001300554,0.7994762227738236,0.7994762227738236,-0.007557677008751017,-0.03275828648962973,-0.043572706363404066,-0.04351159670308615,-0.03912809057998931,-0.031193373026145582
2022-04-18,246.5,250.0,245.5,247.5,247.5,2308,0.762971472684097,0.769695974858532,0.7857669167924192,0.7748851149306449,0.7748851149306449,-0.01315789473684215,-0.032636310338088705,-0.04661016949152551,-0.04880860876249035,-0.04580152671755724,-0.037900874635568516
2022-04-19,252.0,253.0,247.5,247.5,247.5,2308,0.8307017019159088,0.8061285347290974,0.810655135842497,0.7748851149306449,0.7748851149306449,-0.012370311252992795,-0.024630541871921183,-0.04156447657157615,-0.04725242998748909,-0.04366306027820715,-0.03702743012774782
2022-04-20,248.0,252.0,248.0,251.0,251.0,2308,0.7814433533836821,0.7939843481055756,0.8168771906050165,0.8179195536562076,0.8179195536562076,0.005206247496996441,-0.005940594059405941,-0.024485036921881115,-0.031915919390608345,-0.02916376576158436,-0.023916002333268432
2022-04-21,254.0,254.5,251.0,253.0,253.0,2308,0.8553308761820221,0.82434481466438,0.8542095191801332,0.8425106614993862,0.8425106614993862,0.01321585903083705,0.005164878823996867,-0.013388795008449254,-0.022505553945716173,-0.021655065738592508,-0.018365235385411335
2022-04-22,248.0,249.5,245.5,246.0,246.0,2308,0.7814433533836821,0.7636238815467711,0.7857669167924192,0.7564417840482609,0.7564417840482609,-0.012048192771084338,-0.01678657074340523,-0.0351679958164466,-0.04614191547111275,-0.0482822655524606,-0.04608026885542555
2022-04-25,238.5,242.0,236.0,236.5,236.5,2308,0.6644547756196438,0.6725424818703577,0.6675478763045494,0.6396340217931623,0.6396340217931623,-0.04173419773095628,-0.049437299035369815,-0.0646011865524061,-0.07761310452418088,-0.08162472817645225,-0.08077994428969369
2022-04-26,240.0,252.0,239.0,252.0,252.0,2308,0.6829266563192288,0.7939843481055756,0.7048802048796662,0.8302151075777969,0.8302151075777969,0.017359709325797383,0.011438892233594197,0.0010593220338983578,-0.014084507042253499,-0.020826857320484976,-0.019264448336252144
2022-04-27,244.0,249.5,244.0,245.0,245.0,2308,0.7321850048514554,0.7636238815467711,0.7671007525048608,0.7441462301266716,0.7441462301266716,-0.006085192697768763,-0.012494961708988289,-0.021956087824351298,-0.037706205813040045,-0.04565285135556258,-0.04495841995842006
2022-04-28,247.0,249.5,243.5,246.5,246.5,2308,0.7691287662506254,0.7636238815467711,0.7608786977423413,0.7625895610090556,0.7625895610090556,0.005301794453507387,-0.0038391594261466505,-0.012156024579214527,-0.028092656481025137,-0.037485357282311685,-0.03848654271226111
2022-04-29,251.5,252.0,247.0,250.0,250.0,2308,0.8245444083493804,0.7939843481055756,0.8044330810799776,0.8056239997346183,0.8056239997346183,0.016260162601626018,0.010101010101010102,0.004823151125401884,-0.010782471065387256,-0.021603005635566726,-0.02496099843993751
2022-05-03,250.0,250.0,240.5,242.5,242.5,2308,0.8060725276497954,0.769695974858532,0.7235463691672246,0.7134073453226983,0.7134073453226983,-0.019012944983818725,-0.018218623481781375,-0.023227712137486627,-0.03549766331908128,-0.04737586423632936,-0.05199374511336986
2022-05-04,243.0,246.0,240.5,241.0,241.0,2308,0.7198704177183988,0.7211192283644449,0.7235463691672246,0.6949640144403143,0.6949640144403143,-0.0163265306122449,-0.02171706921047288,-0.027310641732813182,-0.036192761447710504,-0.049234653621587465,-0.05601253427340388
2022-05-05,245.0,245.0,240.0,241.0,241.0,2308,0.7444995919845121,0.7089750417409231,0.7173243144047051,0.6949640144403143,0.6949640144403143,-0.013104013104013058,-0.017729773792541245,-0.02350081037277152,-0.03183689866425635,-0.04562014889909714,-0.0535410394030632
2022-05-06,235.0,237.0,231.5,234.0,234.0,2308,0.6213537206539455,0.6118215487527487,0.6115493834418743,0.6088951369891891,0.6088951369891891,-0.03185767480347534,-0.03881700554528646,-0.04697257670377409,-0.05483186913056645,-0.06861964655309667,-0.07765076862435943
2022-05-09,230.0,232.0,228.0,230.0,230.0,2308,0.5597807849886621,0.5511006156351398,0.567995000104238,0.5597129213028317,0.5597129213028317,-0.032393773664282664,-0.048997312383708885,-0.05827760338474132,-0.0651356569454324,-0.07896844465801697,-0.08928924965353399
2022-05-10,224.5,228.5,222.0,226.5,226.5,2308,0.4920505557568505,0.5085959624528136,0.49333034295400446,0.5166784825772691,0.5166784825772691,-0.03411513859275053,-0.05958065185800288,-0.06726149622512015,-0.07484938221178389,-0.08684083212385096,-0.09838784581702383
2022-05-11,226.0,227.0,222.0,223.5,223.5,2308,0.5105224364564356,0.4903796825175309,0.49333034295400446,0.4797918208125011,0.4797918208125011,-0.032467532467532464,-0.06092436974789916,-0.07351112339367136,-0.08241814636149025,-0.0923489278752437,-0.10504538174052318
2022-05-12,222.0,222.0,217.5,218.5,218.5,2308,0.46126408792420887,0.429658749399922,0.4373318500913293,0.41831405120455445,0.41831405120455445,-0.03532008830022075,-0.07159549606968343,-0.08602900167317344,-0.09608025648981278,-0.10612011127475045,-0.1196024444295212
2022-05-13,218.5,221.5,217.0,221.0,221.0,2308,0.4181630329585106,0.4235866560881611,0.4311097953288099,0.44905293600852775,0.44905293600852775,-0.012952210808396631,-0.050687285223367747,-0.06724817107484526,-0.07964601769911504,-0.08993576017130622,-0.10411458685223973
2022-05-16,225.5,227.5,221.5,223.0,223.0,2308,0.5043651428899072,0.4964517758292918,0.487108288191485,0.47364404385170644,0.47364404385170644,0.0022471910112359553,-0.030856149500217273,-0.052676295666949896,-0.06616415410385264,-0.07591579645284267,-0.09047651417306779
2022-05-17,226.0,226.0,222.5,225.0,225.0,2308,0.5105224364564356,0.4782354958940091,0.49955239771652393,0.4982351516948851,0.4982351516948851,0.012601260126012653,-0.014670462010072233,-0.041056968319363514,-0.0533291259072263,-0.06367041198501877,-0.0768599562363238
2022-05-18,229.0,233.0,228.0,231.0,231.0,2308,0.5474661978556055,0.5632448022586616,0.567995000104238,0.572008475224421,0.572008475224421,0.03263299061242741,0.016054541455905017,-0.009575532371016094,-0.024699176694110172,-0.03589315525876458,-0.04735720668087148
2022-05-19,223.0,224.0,220.5,222.0,222.0,2308,0.47357867505726553,0.4539471226469655,0.4746641786664461,0.46134848993011707,0.46134848993011707,-0.010695187165775426,-0.015302727877578127,-0.041864479930945143,-0.05692438402718779,-0.06824477461596572,-0.07922024056408128
2022-05-20,224.0,227.0,222.5,226.5,226.5,2308,0.4858932621903222,0.4903796825175309,0.49955239771652393,0.5166784825772691,0.5166784825772691,0.004434589800443459,0.00801068090787722,-0.016784835769063845,-0.032361422620954775,-0.045109612141652565,-0.0560533444467597
2022-05-23,230.0,230.0,225.0,225.0,225.0,2308,0.5597807849886621,0.5268122423880963,0.5306626715291213,0.4982351516948851,0.4982351516948851,-0.003984063745019945,0.003568242640499605,-0.016178399650196715,-0.03443836498229806,-0.04749809499618999,-0.05759162303664921
2022-05-24,224.5,227.5,220.0,220.0,220.0,2308,0.4920505557568505,0.4964517758292918,0.46844212390392664,0.43675738208693843,0.43675738208693843,-0.0217874610938195,-0.015880116305077213,-0.03169014084507037,-0.05254091300602924,-0.064307587614835,-0.07459338194054958
2022-05-25,223.0,224.0,220.0,222.5,222.5,2308,0.47357867505726553,0.4539471226469655,0.46844212390392664,0.4674962668909117,0.4674962668909117,-0.0031362007168458275,-0.004251510405012256,-0.015341495795840102,-0.03564849929569832,-0.049632667008371795,-0.0606529693217
2022-05-26,224.5,226.0,222.5,224.0,224.0,2308,0.4920505557568505,0.4782354958940091,0.49955239771652393,0.48593959777329576,0.48593959777329576,0.001788908765652977,0.0,-0.0037064492216457054,-0.024708827691302976,-0.03879162375557841,-0.05010954837797723
2022-05-27,226.0,233.5,225.0,231.5,231.5,2308,0.5105224364564356,0.5693168955704225,0.5306626715291213,0.5781562521852157,0.5781562521852157,0.030721282279608218,0.028660297711619587,0.03041543026706236,0.011248225401332263,-0.002928762167284033,-0.015312632922160759
2022-05-30,235.5,239.0,233.0,238.5,238.5,2308,0.6275110142204738,0.6361099219997923,0.6302155477294327,0.664225129636341,0.664225129636341,0.0492740871095468,0.05251544571932924,0.0589018795323369,0.04444931026932343,0.02854924961186823,0.01604657767679642
2022-05-31,237.0,241.5,236.5,241.5,241.5,2308,0.6459828949200588,0.6664703885585969,0.6737699310670688,0.701111791401109,0.701111791401109,0.04274611398963733,0.05805038335158817,0.06748195078827175,0.05781865965834423,0.040589451913133345,0.02970437748720865
2022-06-01,242.5,242.5,239.5,241.5,241.5,2308,0.7137131241518704,0.6786145751821187,0.7111022596421857,0.701111791401109,0.701111791401109,0.025913338997451123,0.05320540776275616,0.06184962626410668,0.057702835869922316,0.04247604247604249,0.030583214793741067
2022-06-02,238.0,240.0,236.5,236.5,236.5,2308,0.6582974820531154,0.6482541086233141,0.6737699310670688,0.6396340217931623,0.6396340217931623,-0.005884825556956728,0.024918743228602384,0.03440734800991402,0.0368259535291539,0.02239322151132633,0.011332050459696411
2022-06-06,237.0,239.5,231.5,239.0,239.0,2308,0.6459828949200588,0.6421820153115533,0.6115493834418743,0.6703729065971357,0.6703729065971357,-0.0016708437761069578,0.03017241379310345,0.03988397389412614,0.046638931464856606,0.034542463855943166,0.024066271513247195
2022-06-07,234.5,236.0,230.5,233.0,233.0,2308,0.6151964270874172,0.599677362129227,0.5991052739168353,0.5965995830675996,0.5965995830675996,-0.022240872849349606,0.0008591065292095731,0.010845986984815618,0.019693654266958426,0.01154814621863331,0.00021463833440657382
2022-06-08,234.0,235.0,233.0,234.5,234.5,2308,0.6090391335208888,0.5875331755057052,0.6302155477294327,0.6150429139499837,0.6150429139499837,-0.010130856901646288,0.0010672358591248667,0.014565907124315002,0.02446483180428132,0.019476567255021258,0.0069419594933085565
2022-06-09,234.5,236.0,232.0,235.0,235.0,2308,0.6151964270874172,0.599677362129227,0.6177714382043937,0.6211906909107784,0.6211906909107784,-0.0025466893039048995,-0.0021231422505307855,0.01555747623163351,0.02407669680793117,0.022717381843502474,0.011550326422268472
2022-06-10,236.0,239.0,232.5,237.0,237.0,2308,0.6336683077870021,0.6361099219997923,0.6239934929669132,0.645781798753957,0.645781798753957,0.005515485787017443,0.0008445945945945465,0.019793459552495674,0.028645833333333308,0.03214005748628166,0.021331609566903633
2022-06-13,232.0,234.5,226.5,228.0,228.0,2308,0.5844099592547755,0.5814610821939443,0.5493288358166797,0.535121813459653,0.535121813459653,-0.023554603854389723,-0.03573694227109321,-0.01935483870967742,-0.011917659804983749,-0.006016217630133384,-0.014835085697825164
2022-06-14,223.0,228.5,223.0,228.5,228.5,2308,0.47357867505726553,0.5085959624528136,0.5057744524790434,0.5412695904204478,0.5412695904204478,-0.017626827171109177,-0.02951794436186022,-0.018189630478372902,-0.010929553078671163,-0.0035757892900749747,-0.009607743986130183
2022-06-15,226.0,227.5,223.0,225.0,225.0,2308,0.5105224364564356,0.4964517758292918,0.5057744524790434,0.4982351516948851,0.4982351516948851,-0.02470741222366705,-0.037639007698887984,-0.03461098398169335,-0.02607942863326482,-0.018581523161476016,-0.022305909617612946
2022-06-16,229.0,232.0,226.0,227.5,227.5,2308,0.5474661978556055,0.5511006156351398,0.5431067810541602,0.5289740364988584,0.5289740364988584,-0.007417102966841138,-0.021084337349397613,-0.025278491859468746,-0.014511587611002791,-0.008368930346090086,-0.009505841375807287
2022-06-17,219.0,228.0,219.0,227.0,227.0,2308,0.4243203265250389,0.5025238691410527,0.4559980143788877,0.5228262595380637,0.5228262595380637,-0.0008802816901407951,-0.01922661481961542,-0.028253424657534224,-0.017741237559498028,-0.012012534818941465,-0.009670617319857494
2022-06-20,225.0,226.5,220.0,220.0,220.0,2308,0.49820784932337886,0.48430758920577,0.46844212390392664,0.43675738208693843,0.43675738208693843,-0.02482269503546097,-0.04160313657155309,-0.05511811023622051,-0.04669049940418159,-0.04231238028904753,-0.03825136612021858
2022-06-21,226.5,232.5,223.5,232.5,232.5,2308,0.5166797300229639,0.5571727089469007,0.5119965072415629,0.590451806106805,0.590451806106805,0.026943462897526475,0.013071895424836602,0.0002868205937186127,0.005840363400389333,0.010430247718383337,0.016023306627822247
2022-06-22,230.5,231.5,226.5,226.5,226.5,2308,0.5659380785551905,0.545028522323379,0.5493288358166797,0.5166784825772691,0.5166784825772691,-0.0008822232024701749,-0.009619588981198027,-0.02131643381823421,-0.021492601792850174,-0.015901981230448368,-0.010196649672250587
2022-06-23,231.0,236.0,228.0,234.0,234.0,2308,0.5720953721217188,0.599677362129227,0.567995000104238,0.6088951369891891,0.6088951369891891,0.02631578947368421,0.023622047244094512,0.013279445727482662,0.008403361344537766,0.016154247003647728,0.021016653334302943
2022-06-24,239.5,241.0,235.0,239.0,239.0,2308,0.6767693627527005,0.6603982952468359,0.6551037667795104,0.6703729065971357,0.6703729065971357,0.03732638888888886,0.04458041958041953,0.034184335785374324,0.026632302405498232,0.03481122272254932,0.03973317865429231
2022-06-27,239.0,240.5,236.5,236.5,236.5,2308,0.6706120691861721,0.6543262019350751,0.6737699310670688,0.6396340217931623,0.6396340217931623,0.01198117244330343,0.029827999129109488,0.02410508083140876,0.014803690195237024,0.022216459197786937,0.026549952976922555
2022-06-28,237.5,239.0,234.0,236.0,236.0,2308,0.6521401884865872,0.6361099219997923,0.6426596572544716,0.6334862448323677,0.6334862448323677,0.006825938566552877,0.02430555555555553,0.021055667724257317,0.013201674358699103,0.018119068162208752,0.022456495053794514
2022-06-29,227.5,228.5,225.0,227.5,227.5,2308,0.5289943171560205,0.5085959624528136,0.5306626715291213,0.5289740364988584,0.5289740364988584,-0.030264279624893413,-0.01365705614567529,-0.013728323699421925,-0.02034664657121324,-0.019819043515725956,-0.014724989172802103
2022-06-30,223.5,225.0,220.5,221.5,221.5,2308,0.47973596862379386,0.4660913092704873,0.4746641786664461,0.4552007129693224,0.4552007129693224,-0.04566996984058593,-0.03716583351445343,-0.03597852894240539,-0.04205860092983023,-0.04550547272257176,-0.0393928442356343
2022-07-01,220.5,227.0,219.0,221.5,221.5,2308,0.44279220722462387,0.4903796825175309,0.4559980143788877,0.4552007129693224,0.4552007129693224,-0.03105861767279088,-0.034858387799564274,-0.03162343340134066,-0.03894131684564484,-0.04509398172098641,-0.039323406100910785
2022-07-04,218.0,221.5,214.0,219.0,219.0,2308,0.41200573939198226,0.4235866560881611,0.3937774667536931,0.4244618281653491,0.4244618281653491,-0.02709906708129718,-0.045335658238884066,-0.0400350672121566,-0.04564767403856627,-0.053832195627754285,-0.04913524857080829
2022-07-05,222.0,224.5,217.5,220.5,220.5,2308,0.46126408792420887,0.4600192159587264,0.4373318500913293,0.4429051590477331,0.4429051590477331,-0.006756756756756757,-0.03374233128834351,-0.03119507908611597,-0.036486781734760734,-0.044378954667591265,-0.041998551774076714
2022-07-06,221.0,222.5,210.5,210.5,210.5,2308,0.4489495007911522,0.43573084271168283,0.35022308341605685,0.31994961983183984,0.31994961983183984,-0.03705397987191214,-0.07105030891438656,-0.07118693925577288,-0.07533494399297169,-0.08278867102396514,-0.08418533826408525
2022-07-07,215.5,223.5,213.0,221.0,221.0,2308,0.3812192715593406,0.4478750293352046,0.3813333572286542,0.44905293600852775,0.44905293600852775,0.011441647597254004,-0.019085663559698228,-0.022988505747126388,-0.026217228464419425,-0.033584047577400765,-0.03829416884247176
2022-07-08,221.5,229.5,220.0,227.5,227.5,2308,0.45510679435768053,0.5207401490763354,0.46844212390392664,0.5289740364988584,0.5289740364988584,0.03550295857988171,0.01494534909658708,0.0055989391483719465,0.004525885859366401,-0.003591450595655191,-0.010511054729974588
2022-07-11,227.0,230.0,227.0,229.5,229.5,2308,0.5228370235894921,0.5268122423880963,0.555550890579199,0.5535651443420371,0.5535651443420371,0.03471596032461672,0.02707540836876264,0.01160740523067878,0.013021408077686994,0.006843906291129255,-0.0015227322166630165
2022-07-12,230.5,233.0,229.5,231.0,231.0,2308,0.5659380785551905,0.5632448022586616,0.5866611643917964,0.572008475224421,0.572008475224421,0.03171058508262615,0.036106750392464734,0.018668234602381244,0.019080180875703047,0.013780391468445476,0.006097560975609781
2022-07-13,239.0,243.0,237.0,239.5,239.5,2308,0.6706120691861721,0.6846866684938795,0.6799919858295883,0.6765206835579303,0.6765206835579303,0.042664344797562086,0.06848092795003344,0.05213061941719142,0.05321020228671941,0.05016223800754187,0.04342143479523672
2022-07-14,239.5,244.0,238.5,239.5,239.5,2308,0.6767693627527005,0.6968308551174013,0.6986581501171467,0.6765206835579303,0.6765206835579303,0.02613538988860323,0.05996901969462276,0.05043859649122807,0.05043859649122807,0.04933403434980718,0.043724578733294585
2022-07-15,241.0,247.0,239.0,245.0,245.0,2308,0.6952412434522854,0.7332634149879667,0.7048802048796662,0.7441462301266716,0.7441462301266716,0.034191642043056115,0.07314936487078401,0.07267950963222414,0.07033639143730884,0.07192859642982148,0.06637649619151251
2022-07-18,247.0,248.5,244.5,245.0,245.0,2308,0.7691287662506254,0.7514796949232493,0.7733228072673802,0.7441462301266716,0.7441462301266716,0.020833333333333332,0.06106539627544389,0.0700247488717426,0.06452313708451007,0.06874890943988829,0.06544901065449016
2022-07-19,246.0,248.0,245.0,246.0,246.0,2308,0.7568141791175688,0.7454076016114884,0.7795448620298997,0.7564417840482609,0.7564417840482609,0.012345679012345678,0.053758834868280196,0.0712730439831616,0.0657424455756526,0.06984430721057669,0.06778557476669322
2022-07-20,248.5,251.0,248.0,249.0,249.0,2308,0.7876006469502104,0.7818401614820538,0.8168771906050165,0.793328445813029,0.793328445813029,0.01674152715394036,0.04930467762326164,0.07761107905366418,0.073507221383919,0.07838891294932869,0.07854461449610162
2022-07-21,252.0,252.0,247.0,250.0,250.0,2308,0.8307017019159088,0.7939843481055756,0.8044330810799776,0.8056239997346183,0.8056239997346183,0.012145748987854251,0.04079933388842636,0.0731148948347403,0.07411385606874328,0.07851596203623808,0.08053594582913122
2022-07-22,248.5,250.5,246.0,248.0,248.0,2308,0.7876006469502104,0.7757680681702929,0.7919889715549386,0.7810328918914395,0.7810328918914395,0.0016155088852988922,0.023735810113519093,0.056518034649247435,0.06346483704974276,0.06602475928473184,0.07019562715765254
2022-07-25,245.0,251.0,244.5,250.5,250.5,2308,0.7444995919845121,0.7818401614820538,0.7733228072673802,0.8117717766954129,0.8117717766954129,0.007237635705669527,0.025168815224063865,0.05770584095707244,0.07097050021376654,0.07115368168989988,0.07749659473797411
2022-07-26,250.0,252.0,247.0,249.0,249.0,2308,0.8060725276497954,0.7939843481055756,0.8044330810799776,0.793328445813029,0.793328445813029,-0.0012033694344164114,0.011578305911029837,0.043004747277296904,0.061607333191217174,0.06174313491386658,0.06790564689063622
2022-07-27,249.0,254.0,247.5,254.0,254.0,2308,0.7937579405167388,0.8182727213526192,0.810655135842497,0.8548062154209756,0.8548062154209756,0.014782261286456206,0.02584814216478193,0.051179473030762895,0.07684154742978272,0.07800696035990151,0.08485193621867886
2022-07-28,259.0,265.0,258.0,262.0,262.0,2308,0.9169038118473053,0.9518587742113589,0.9413182858554057,0.9531706467936901,0.9531706467936901,0.03680253264740804,0.048629177506503925,0.0721593234210885,0.10130306851618325,0.10669933260116579,0.11355103775589716
2022-07-29,263.5,263.5,256.5,258.0,258.0,2308,0.9723194539460603,0.9336424942760762,0.9226521215678474,0.9039884311073328,0.9039884311073328,0.01295641931684339,0.02727453712920563,0.04707792207792205,0.07623318385650227,0.0863157894736842,0.09175541293462164
2022-08-01,259.5,261.0,256.0,258.5,258.5,2308,0.9230611054138337,0.9032820277172717,0.9164300668053279,0.9101362080681276,0.9101362080681276,0.008583690987124418,0.023762376237623763,0.0409395973154362,0.06950765411667362,0.08440305394747884,0.08796296296296299
2022-08-02,257.0,260.0,252.0,258.5,258.5,2308,0.892274637581192,0.8911378410937499,0.8666536287051722,0.9101362080681276,0.9101362080681276,0.0011618900077459775,0.0187192118226601,0.033311125916056,0.06116584564860429,0.0803243062520896,0.08400894604417108
2022-08-03,258.0,264.0,256.0,264.0,264.0,2308,0.9045892247142486,0.9397145875878371,0.9164300668053279,0.9777617546368689,0.9777617546368689,0.014604150653343625,0.034280117531831536,0.04845115170770448,0.07197238858999083,0.0966187588269502,0.10130014600570117
2022-08-04,264.5,265.5,258.5,261.0,261.0,2308,0.984634041079117,0.9579308675231197,0.9475403406179251,0.9408750928721008,0.9408750928721008,0.0038461538461538464,0.018139262726740695,0.030670001316309124,0.051253650186285346,0.07708814790359858,0.0847128904897139
2022-08-05,265.0,265.0,262.0,262.5,262.5,2308,0.9907913346456453,0.9518587742113589,0.9910947239555614,0.9593184237544848,0.9593184237544848,0.006132617861249609,0.01823118696664076,0.03183962264150941,0.04989501049895008,0.07599606492867679,0.08740679370339682
2022-08-08,262.5,265.0,260.5,264.5,264.5,2308,0.9600048668130037,0.9518587742113589,0.972428559668003,0.9839095315976635,0.9839095315976635,0.00915681037771834,0.020447530864197577,0.03441533046538917,0.05054115777976365,0.0761656766213687,0.0914718019257221
2022-08-09,263.5,268.0,261.0,265.0,265.0,2308,0.9723194539460603,0.9882913340819242,0.9786506144305225,0.9900573085584582,0.9900573085584582,0.006074411541382016,0.016104294478527563,0.03126216111039056,0.04546799487128911,0.07044756826627888,0.08919030004110147
2022-08-10,266.5,272.0,265.0,272.0,272.0,2308,1.0092632153452303,1.0368680805760113,1.0284270525306782,1.0761261860095834,1.0761261860095834,0.026415094339622643,0.03579588728103571,0.05222437137330754,0.06624852998823993,0.08791296696264295,0.11118676380472528
2022-08-11,271.5,272.5,266.5,272.5,272.5,2308,1.0708361510105135,1.0429401738877722,1.0470932168182365,1.0822739629703781,1.0822739629703781,0.019453797231574966,0.033567229281244164,0.04807692307692308,0.06134371957156767,0.08100602983179937,0.10555142335519649
2022-08-12,268.5,270.5,265.0,267.0,267.0,2308,1.0338923896113437,1.0186518006407286,1.0284270525306782,1.0146484164016367,1.0146484164016367,-0.004474272930648727,0.009261009261009218,0.021944373564684927,0.035485747527632255,0.05259008121106995,0.07661290322580645
2022-08-15,268.0,274.5,268.0,274.0,274.0,2308,1.0277350960448153,1.0672285471348157,1.065759381105795,1.100717293852762,1.100717293852762,0.014439096630877368,0.029688087185268608,0.04248573240329748,0.05669109139992282,0.07265894143438774,0.09673115410273511
2022-08-16,274.0,274.0,271.0,272.5,272.5,2308,1.1016226188431553,1.061156453823055,1.1030917096809116,1.0822739629703781,1.0822739629703781,0.0033136966126656006,0.018691588785046728,0.03063540090771567,0.045563549160671464,0.059898872034227835,0.08321187226712602
2022-08-17,274.0,275.5,271.0,272.5,272.5,2308,1.1016226188431553,1.0793727337583376,1.1030917096809116,1.0822739629703781,1.0822739629703781,0.002944423997055618,0.015464877957890729,0.025850169406450022,0.040870893812070236,0.054484946985527374,0.07438559600473127
2022-08-18,271.0,272.5,269.5,272.5,272.5,2308,1.0646788574439852,1.0429401738877722,1.0844255453933533,1.0822739629703781,1.0822739629703781,0.002944423997055618,0.011131725417439703,0.023153942428035118,0.03641722924788433,0.049126049126049086,0.06716271783826123
2022-08-19,272.5,274.0,270.5,272.5,272.5,2308,1.0831507381435703,1.061156453823055,1.0968696549183923,1.0822739629703781,1.0822739629703781,-0.0010997067448680767,0.0073937153419593345,0.019453797231574966,0.03161082718152574,0.04470173286305791,0.06093050418532208
2022-08-22,271.5,274.0,268.5,269.5,269.5,2308,1.0708361510105135,1.061156453823055,1.0719814358683144,1.04538730120561,1.04538730120561,-0.008826774549466633,-0.005535055350553505,0.005471956224350105,0.016597510373443897,0.029333129631044254,0.04383190239493898
2022-08-23,269.5,269.5,264.0,266.0,266.0,2308,1.0462069767444002,1.006507614017207,1.0159829430056393,1.0023528624800475,1.0023528624800475,-0.01699926090170001,-0.018812246403541212,-0.009433962264151042,0.00018800526414743888,0.012870306907318541,0.02564102564102555
2022-08-24,268.0,271.0,266.0,267.0,267.0,2308,1.0277350960448153,1.0247238939524896,1.0408711620557172,1.0146484164016367,1.0146484164016367,-0.00927643784786642,-0.01330376940133046,-0.006450012403870064,0.001500375093773358,0.013898382319435047,0.025870901639344322
2022-08-25,269.0,270.0,266.0,268.0,268.0,2308,1.0400496831778718,1.0125797073289677,1.0408711620557172,1.0269439703232262,1.0269439703232262,-0.002233804914370896,-0.007958541550990107,-0.004457652303120315,0.004121393780442199,0.014920851321669308,0.025968225610923348
2022-08-26,269.5,270.5,267.5,268.0,268.0,2308,1.0462069767444002,1.0186518006407286,1.0595373263432755,1.0269439703232262,1.0269439703232262,0.0011206574523721009,-0.008325624421831638,-0.0058117967107703585,0.0022438294689604444,0.011855319791587956,0.022965837521470772
2022-08-29,264.0,264.5,261.0,262.5,262.5,2308,0.9784767475125886,0.9457866808995979,0.9786506144305225,0.9593184237544848,0.9593184237544848,-0.014269620728501731,-0.024526198439242,-0.02573301991834716,-0.019058295964125643,-0.010703248662093824,-0.00025390377047097704
2022-08-30,264.5,267.0,262.5,264.0,264.0,2308,0.984634041079117,0.9761471474584024,0.9973167787180809,0.9777617546368689,0.9777617546368689,-0.00714554343738239,-0.015843429636533086,-0.0199232768221755,-0.014465702286514233,-0.00729487854403248,0.00316656111462944
2022-08-31,261.5,263.5,259.5,263.0,263.0,2308,0.947690279679947,0.9336424942760762,0.9599844501429641,0.9654662007152796,0.9654662007152796,-0.007921539041871078,-0.016086793864571684,-0.021456033734342,-0.01801549519275642,-0.012392039053698877,-0.0024023264635225404
2022-09-01,264.0,264.0,254.5,258.5,258.5,2308,0.9784767475125886,0.9397145875878371,0.8977639025177695,0.9101362080681276,0.9101362080681276,-0.017857142857142815,-0.027830011282436923,-0.0348475420037336,-0.03436682853940975,-0.028779681394649925,-0.020524155352068273
2022-09-02,256.0,258.0,254.0,255.0,255.0,2308,0.8799600504481353,0.8668494678467064,0.89154184775525,0.8671017693425649,0.8671017693425649,-0.02148887183422879,-0.03463940942646215,-0.045063038322306924,-0.04610492845786959,-0.04149751917004969,-0.03463940942646215
2022-09-05,257.0,259.5,255.0,255.5,255.5,2308,0.892274637581192,0.885065747781989,0.903985957280289,0.8732495463033595,0.8732495463033595,-0.014274691358024649,-0.02759276879162702,-0.03875094055680967,-0.04262295081967213,-0.03918471720818297,-0.03335645374866005
2022-09-06,259.0,259.0,256.0,257.5,257.5,2308,0.9169038118473053,0.8789936544702281,0.9164300668053279,0.8978406541465382,0.8978406541465382,-0.0015509887553314357,-0.01680030546009919,-0.02756797583081575,-0.03377110694183865,-0.031517978035203835,-0.02683295540438406
2022-09-07,255.0,257.5,253.0,257.0,257.0,2308,0.8676454633150786,0.8607773745349454,0.8790977382302111,0.8916928771857435,0.8916928771857435,0.0011686793922867603,-0.014948256036795622,-0.02565398710981923,-0.03292568203198495,-0.03237951807228924,-0.029089535323007135
2022-09-08,258.0,269.0,257.0,268.0,268.0,2308,0.9045892247142486,1.000435520705446,0.9288741763303667,1.0269439703232262,1.0269439703232262,0.03634957463263719,0.027213491759294838,0.017206477732793626,0.009321156199981256,0.00797352188957426,0.011702529256323228
2022-09-12,271.0,273.0,268.5,270.0,270.0,2308,1.0646788574439852,1.0490122671995332,1.0719814358683144,1.0515350781664048,1.0515350781664048,0.03211009174311918,0.03408655687476054,0.025446259020129085,0.016279288604497934,0.014351190923435243,0.017715793441387066
2022-09-13,273.0,273.0,268.0,269.0,269.0,2308,1.0893080317100985,1.0490122671995332,1.065759381105795,1.0392395242448154,1.0392395242448154,0.01778282255013238,0.027698185291308502,0.02177766523170429,0.013468964867665021,0.009911398107823946,0.012610577827969219
2022-09-14,262.5,270.5,262.0,268.0,268.0,2308,0.9600048668130037,1.0186518006407286,0.9910947239555614,1.0269439703232262,1.0269439703232262,0.006006006006006092,0.022315468243372202,0.017463933181473133,0.010558069381598837,0.005703992794956401,0.007645068304298885
2022-09-15,265.5,271.0,265.5,270.5,270.5,2308,0.9969486282121737,1.0247238939524896,1.0346491072931976,1.0576828551271995,1.0576828551271995,0.005202526941657292,0.028908330163560376,0.02604627639398157,0.020369671821953893,0.015314165603182883,0.016216893118777772
2022-09-16,270.0,270.5,264.5,264.5,264.5,2308,1.0523642703109286,1.0186518006407286,1.0222049977681587,0.9839095315976635,0.9839095315976635,-0.014530551415797234,0.003795066413662239,0.0041761579347001625,-0.0007555723460520915,-0.006012777151446909,-0.006759294029290317
2022-09-19,267.0,271.5,264.0,269.0,269.0,2308,1.0154205089117587,1.0307959872642505,1.0159829430056393,1.0392395242448154,1.0392395242448154,0.0029828486204325558,0.015477538693846821,0.02100202429149808,0.01691711558453841,0.010594334660755853,0.009317741229441618
2022-09-20,270.5,272.5,268.5,271.0,271.0,2308,1.058521563877457,1.0429401738877722,1.0719814358683144,1.0638306320879942,1.0638306320879942,0.008935219657483161,0.01707637455432543,0.026385557379118695,0.02418745275888124,0.01856724047207396,0.015996000999750005
2022-09-21,269.5,271.0,266.0,267.0,267.0,2308,1.0462069767444002,1.0247238939524896,1.0408711620557172,1.0146484164016367,1.0146484164016367,-0.005216095380029722,-0.0014958863126401545,0.01047054371136616,0.008879652371056198,0.004363526933493926,0.0007496251874062542
2022-09-22,263.5,270.0,262.0,270.0,270.0,2308,0.9723194539460603,1.0125797073289677,0.9910947239555614,1.0515350781664048,1.0515350781664048,0.006336190831159108,0.00483810941570529,0.02002266717038161,0.019637462235649505,0.01603070670580263,0.012246938265433584
2022-09-23,268.0,270.5,265.5,266.5,266.5,2308,1.0277350960448153,1.0186518006407286,1.0346491072931976,1.0085006394408422,1.0085006394408422,-0.008187569780424222,-0.007633587786259584,0.004775669222068561,0.006705071300405995,0.003766478342749529,-0.00012506253126573234
2022-09-26,262.0,266.0,258.5,260.5,260.5,2308,0.9538475732464753,0.9640029608348806,0.9475403406179251,0.9347273159113062,0.9347273159113062,-0.024344569288389514,-0.026532137518684686,-0.019201807228915745,-0.014564024966900029,-0.017055316579880696,-0.02184116653107202
2022-09-27,259.5,263.5,259.0,262.0,262.0,2308,0.9230611054138337,0.9336424942760762,0.9537623953804446,0.9531706467936901,0.9531706467936901,-0.012066365007541435,-0.01835893593106024,-0.015161007392557421,-0.008795989785302142,-0.010275007555152716,-0.014728925101849021
2022-09-28,262.0,264.0,252.0,252.0,252.0,2308,0.9538475732464753,0.9397145875878371,0.8666536287051722,0.8302151075777969,0.8302151075777969,-0.038901601830663574,-0.05013192612137207,-0.05144291091593482,-0.044459190444591984,-0.04603270745003037,-0.04989317582003273
2022-09-29,254.0,256.0,249.5,252.5,252.5,2308,0.8553308761820221,0.8425610945996628,0.8355433548925748,0.8363628845385915,0.8363628845385915,-0.023965983764978698,-0.04174573055028463,-0.04848637105891222,-0.040653495440729444,-0.042036573336368406,-0.045609172231321646
2022-09-30,245.0,254.5,244.0,253.0,253.0,2308,0.7444995919845121,0.82434481466438,0.7671007525048608,0.8425106614993862,0.8425106614993862,-0.01171875,-0.03563941299790365,-0.042995839112343996,-0.03774840734049638,-0.03794965396608114,-0.04136406694032214
2022-10-03,249.5,254.5,248.5,252.0,252.0,2308,0.799915234083267,0.82434481466438,0.823099245367536,0.8302151075777969,0.8302151075777969,-0.009044435705859265,-0.033186265106464524,-0.04243191893603553,-0.041004661782894025,-0.03941450026682922,-0.042674433329112374
2022-10-04,256.0,259.5,254.5,258.5,258.5,2308,0.8799600504481353,0.885065747781989,0.8977639025177695,0.9101362080681276,0.9101362080681276,0.019321766561514218,-0.0034695451040862657,-0.015113030226060352,-0.01682989445659413,-0.014036158364482442,-0.016611716966776595
2022-10-05,265.0,271.0,261.5,269.5,269.5,2308,0.9907913346456453,1.0247238939524896,0.984872669193042,1.04538730120561,1.04538730120561,0.04823026059898863,0.037935682649720866,0.02640599212898313,0.022673370647946202,0.027057926829268383,0.024779770581152105
2022-10-06,272.0,280.0,271.5,278.5,278.5,2308,1.076993444577042,1.1340215735641856,1.1093137644434312,1.156047286499914,1.156047286499914,0.06176134197483792,0.0690978886756238,0.058532877232991165,0.0525321239606953,0.058854839936126606,0.05746108087583847
2022-10-07,279.5,281.0,274.0,275.0,275.0,2308,1.1693528480749669,1.1461657601877075,1.1404240382560284,1.1130128477743515,1.1130128477743515,0.031121109861267385,0.05222881193801407,0.04245640636846091,0.037931685223627144,0.04293082524271842,0.04324734446130492
2022-10-11,267.0,269.0,259.0,264.5,264.5,2308,1.0154205089117587,1.000435520705446,0.9537623953804446,0.9839095315976635,0.9839095315976635,-0.017459138187221356,0.010506208213944603,0.003795066413662239,-0.0006611882497402904,0.0016662879648564634,0.0038585615788474343
2022-10-12,265.5,275.0,264.0,272.0,272.0,2308,0.9969486282121737,1.0733006404465768,1.0159829430056393,1.0761261860095834,1.0761261860095834,0.00036778227289453014,0.035204567078972404,0.03199696471480968,0.027093363541961717,0.027500755515261304,0.031084154662623154
2022-10-13,270.5,273.0,264.5,268.0,268.0,2308,1.058521563877457,1.0490122671995332,1.0222049977681587,1.0269439703232262,1.0269439703232262,-0.013254786450662822,0.013807452241346612,0.016563408774813534,0.011989049372226985,0.010786754167609616,0.015407931295781748
2022-10-14,273.5,274.0,266.0,266.0,266.0,2308,1.0954653252766269,1.061156453823055,1.0408711620557172,1.0023528624800475,1.0023528624800475,-0.01151988108509856,0.0011290929619872465,0.009998734337425614,0.005291005291005205,0.0018832391713747645,0.007448554475444918
2022-10-17,264.0,271.5,264.0,268.5,268.5,2308,0.9784767475125886,1.0307959872642505,1.0159829430056393,1.0330917472840209,1.0330917472840209,0.002613890963405484,0.004677268475210477,0.018975332068311195,0.013972809667673673,0.011223260018077804,0.015634850586306866
2022-10-18,273.5,276.0,269.0,272.5,272.5,2308,1.0954653252766269,1.0854448270700985,1.0782034906308338,1.0822739629703781,1.0822739629703781,0.0115070527097254,0.011882658744894128,0.03102534998108206,0.028398905557127943,0.025901664031322925,0.02849594263068508
2022-10-19,272.0,273.0,267.0,268.0,268.0,2308,1.076993444577042,1.0490122671995332,1.053315271580756,1.0269439703232262,1.0269439703232262,-0.002233804914370896,-0.008325624421831638,0.012466943709860262,0.011989049372226985,0.009112131937645967,0.009923376460243659
2022-10-20,265.0,267.0,260.0,265.5,265.5,2308,0.9907913346456453,0.9761471474584024,0.9662065049054835,0.9962050855192528,0.9962050855192528,-0.009697873927639024,-0.016120066703724373,-0.0003765060240964711,0.0028328611898017,7.533524182605774e-05,-0.000501945037018418
2022-10-21,270.0,272.0,265.5,267.0,267.0,2308,1.0523642703109286,1.0368680805760113,1.0346491072931976,1.0146484164016367,1.0146484164016367,-0.004845322400298216,-0.0063267584666914355,0.0016256096036013647,0.009070294784580412,0.006256124217984568,0.0038851986464470234
2022-10-24,272.5,272.5,266.0,268.5,268.5,2308,1.0831507381435703,1.0429401738877722,1.0408711620557172,1.0330917472840209,1.0330917472840209,0.0007454342154304458,0.001678791270285352,0.0033632286995514842,0.0143558745749906,0.011299435028248588,0.009461745723416197
2022-10-25,268.0,268.0,253.0,259.5,259.5,2308,1.0277350960448153,0.9882913340819242,0.8790977382302111,0.9224317619897169,0.9224317619897169,-0.023334587881068833,-0.030087834049710376,-0.032077582991421195,-0.019459663706782458,-0.021197948098974066,-0.02308947170284851
2022-10-26,255.0,258.5,252.5,256.0,256.0,2308,0.8676454633150786,0.8729215611584672,0.8728756834676916,0.8793973232641542,0.8793973232641542,-0.027725028484618348,-0.037413047565331786,-0.04453844239860663,-0.03158691129184801,-0.03220928474217444,-0.03469079939668171
2022-10-27,259.0,261.0,256.5,258.0,258.0,2308,0.9169038118473053,0.9032820277172717,0.9226521215678474,0.9039884311073328,0.9039884311073328,-0.014514896867838087,-0.026231364408378897,-0.03431066749844049,-0.02512752692235019,-0.02331920048455491,-0.025924993707525826
2022-10-28,262.5,264.5,256.0,258.0,258.0,2308,0.9600048668130037,0.9457866808995979,0.9164300668053279,0.9039884311073328,0.9039884311073328,-0.007692307692307693,-0.023282226007949946,-0.029345372460496656,-0.02613947343587812,-0.021541262135922355,-0.024390243902438984
2022-10-31,263.0,263.0,256.0,257.5,257.5,2308,0.966162160379532,0.9275704009643153,0.9164300668053279,0.8978406541465382,0.8978406541465382,-0.0011636927851047764,-0.021098650446683184,-0.026955535961707997,-0.028851593437676702,-0.02210238493088255,-0.025421055951554812
2022-11-01,259.5,262.0,257.0,261.0,261.0,2308,0.9230611054138337,0.9154262143407935,0.9288741763303667,0.9408750928721008,0.9408750928721008,0.011235955056179686,-0.0034364261168384016,-0.012859304084720037,-0.01731927710843382,-0.008885850991114054,-0.011176359158931573
2022-11-02,264.0,271.0,263.0,268.5,268.5,2308,0.9784767475125886,1.0247238939524896,1.0035388334806004,1.0330917472840209,1.0330917472840209,0.030314658480429687,0.025004771903034975,0.01640378548895892,0.009019165727170151,0.018588770864946803,0.01755937342091963
2022-11-03,266.0,267.5,264.0,267.0,267.0,2308,1.003105921778702,0.9822192407701633,1.0159829430056393,1.0146484164016367,1.0146484164016367,0.017530487804878137,0.018695154521175036,0.010980689132904117,0.0038537456527868302,0.010598031794095426,0.011874684183931249
2022-11-04,267.5,271.0,265.0,269.5,269.5,2308,1.021577802478287,1.0247238939524896,1.0284270525306782,1.04538730120561,1.04538730120561,0.018133736305251273,0.027253668763102635,0.019546027742749127,0.01497034177572742,0.017441860465116296,0.02141368201629705
2022-11-07,272.0,273.0,265.5,273.0,273.0,2308,1.076993444577042,1.0490122671995332,1.0346491072931976,1.0884217399311729,1.0884217399311729,0.019417475728155296,0.03881278538812781,0.03161607255321832,0.02853913534896859,0.0275519421860885,0.03382984094925525
2022-11-08,273.0,276.0,271.5,274.0,274.0,2308,1.0893080317100985,1.0854448270700985,1.1093137644434312,1.100717293852762,1.100717293852762,0.013313609467455707,0.036896877956480605,0.0350037773860488,0.030462579917262218,0.027911164465786304,0.03585155314724976
2022-11-09,275.5,276.5,273.0,274.0,274.0,2308,1.1200944995427402,1.0915169203818593,1.1279799287309895,1.100717293852762,1.100717293852762,0.009208103130755065,0.02988160120278139,0.033442293185818484,0.03007518796992481,0.025525862714274993,0.03428751179616224
2022-11-10,272.0,273.5,269.5,271.0,271.0,2308,1.076993444577042,1.055084360511294,1.0844255453933533,1.0638306320879942,1.0638306320879942,-0.004774146162321011,0.013652515429212557,0.02071563088512241,0.018222806687958004,0.014069750037419514,0.020523441913010688
2022-11-11,279.5,285.0,277.0,283.5,283.5,2308,1.1693528480749669,1.1947425066817945,1.1777563668311453,1.2175250561078608,1.2175250561078608,0.030534351145038083,0.05038903297517608,0.06339084771192789,0.061698342851792994,0.060050852527669764,0.06345733041575499
2022-11-14,284.5,287.5,282.5,285.5,285.5,2308,1.23092578374025,1.2251029732405991,1.2461989692188593,1.2421161639510394,1.2421161639510394,0.028458213256484066,0.04693802713604698,0.06635956175298799,0.06579561362575828,0.06585529754349281,0.06662515566625148
2022-11-15,288.0,293.0,284.0,293.0,293.0,2308,1.2740268387059486,1.2918959996699688,1.2648651335064176,1.3343328183629592,1.3343328183629592,0.04122245913290698,0.06197897789054014,0.08531917520681576,0.08962439568612876,0.08921933085501858,0.08908437616156599
2022-11-16,292.5,294.0,287.5,288.5,288.5,2308,1.3294424808047034,1.3040401862934907,1.308419516844054,1.2790028257158073,1.2790028257158073,0.01477312697854375,0.03814321698452689,0.06014208721215093,0.06881541168843193,0.06986575687903275,0.06838661893593373
2022-11-17,287.0,292.5,287.0,292.0,292.0,2308,1.2617122515728918,1.285823906358208,1.3021974620815344,1.32203726444137,1.32203726444137,0.012131715771230503,0.04136947218259637,0.06413994169096218,0.07649769585253456,0.07900376912275514,0.07835292669415882
2022-11-18,292.5,296.0,290.5,293.0,293.0,2308,1.3294424808047034,1.3283285595405343,1.3457518454191708,1.3343328183629592,1.3343328183629592,0.008953168044077213,0.036251105216622455,0.05878101662250054,0.07503210420106397,0.07839528892160476,0.08011796510199072
2022-11-21,292.5,297.0,289.5,293.5,293.5,2308,1.3294424808047034,1.340472746164056,1.3333077358941319,1.340480595323754,1.340480595323754,0.005136986301369863,0.030547752808988724,0.051468832099355176,0.07195032870708543,0.07627429409607632,0.07950714154355425
2022-11-22,291.0,294.0,288.0,293.5,293.5,2308,1.3109706001051185,1.3040401862934907,1.3146415716065734,1.340480595323754,1.340480595323754,0.004792879150975615,0.023539668700959023,0.043370067543547774,0.06533575317604355,0.07296921839584697,0.075682609492395
2022-11-23,297.5,297.5,294.0,295.5,295.5,2308,1.3910154164699868,1.346544839475817,1.389306228756807,1.3650717031669326,1.3650717031669326,0.0068143100511073255,0.02284527518172386,0.04380077711056155,0.06496080727993504,0.0759539761141859,0.07991229138750156
2022-11-24,296.0,302.0,296.0,302.0,302.0,2308,1.372543535770402,1.401193679281665,1.4141944478068849,1.4449928036572632,1.4449928036572632,0.021996615905245348,0.03424657534246575,0.058040406399626286,0.07982479663895589,0.09380659181455986,0.09911440009705211
2022-11-25,299.0,304.0,299.0,302.0,302.0,2308,1.4094872971695718,1.4254820525287086,1.4515267763820014,1.4449928036572632,1.4449928036572632,0.01580894719138913,0.027735239067551393,0.05006954102920715,0.07139689578713969,0.08828828828828829,0.09433506462133118
2022-11-28,296.5,297.0,292.0,293.0,293.0,2308,1.37870082933693,1.340472746164056,1.364418009706729,1.3343328183629592,1.3343328183629592,-0.014131897711978429,-0.00543109300746783,0.014074757729580051,0.032963158822492594,0.05214018960068939,0.05858975130968858
2022-11-29,295.0,299.0,293.0,298.0,298.0,2308,1.3602289486373451,1.3647611194110996,1.376862119231768,1.395810587970906,1.395810587970906,-0.00033545790003362206,0.009827177228058207,0.025699862322166037,0.043782837127845885,0.06420969930719242,0.07335814623604277
2022-11-30,301.0,302.0,297.0,302.0,302.0,2308,1.434116471435685,1.401193679281665,1.4266385573319238,1.4449928036572632,1.4449928036572632,0.008684034736139021,0.01872153820205772,0.032831737346101314,0.051623574475494,0.0714539132902859,0.08334329785961982
2022-12-01,303.0,306.5,302.0,305.0,305.0,2308,1.4587456457017984,1.455842519087513,1.4888591049571183,1.4818794654220313,1.4818794654220313,0.016666666666666666,0.02434928631402183,0.03506787330316735,0.0550895096428263,0.07492775075773592,0.08896161856590308
2022-12-02,299.0,306.5,299.0,305.0,305.0,2308,1.4094872971695718,1.455842519087513,1.4515267763820014,1.4818794654220313,1.4818794654220313,0.014637391882900789,0.02023749790934943,0.030057413036136363,0.04865050713426156,0.06785239128912539,0.08405900124400205
2022-12-05,304.5,305.5,302.5,302.5,302.5,2308,1.4772175264013834,1.4436983324639912,1.4950811597196378,1.451140580618058,1.451140580618058,0.0,0.008837752209437976,0.01771896377705501,0.03480714957666984,0.052466773363022697,0.07085963773673958
2022-12-06,301.0,304.5,298.0,301.0,301.0,2308,1.434116471435685,1.4315541458404695,1.4390826668569627,1.432697249735674,1.432697249735674,-0.006928406466512777,0.0013306719893545484,0.010858614127392864,0.024942538520473272,0.04145041865614843,0.06035697510568339
2022-12-07,299.0,299.0,291.5,294.5,294.5,2308,1.4094872971695718,1.3647611194110996,1.3581959549442095,1.3527761492453434,1.3527761492453434,-0.02354111405835551,-0.019966722129783693,-0.012297372833985529,-0.0006786562606039655,0.015307177825277522,0.03278975977555681
2022-12-08,292.0,296.5,289.0,294.5,294.5,2308,1.3232851872381752,1.3344006528522951,1.3270856811316123,1.3527761492453434,1.3527761492453434,-0.01669449081803005,-0.01751459549624687,-0.012849162011173122,-0.004647232784114913,0.011471355955488304,0.02840181585380046
2022-12-09,296.0,297.0,292.0,294.5,294.5,2308,1.372543535770402,1.340472746164056,1.364418009706729,1.3527761492453434,1.3527761492453434,-0.009751176866173428,-0.015050167224080268,-0.013179939685021793,-0.006494054145230703,0.008009309967141207,0.024050999710228987
2022-12-12,290.0,294.0,290.0,293.5,293.5,2308,1.298656012972062,1.3040401862934907,1.3395297906566512,1.340480595323754,1.340480595323754,-0.007104194857916179,-0.01855876943654911,-0.016530771808332415,-0.011201886633538242,0.0017748651785104163,0.016332890863969433
2022-12-13,293.5,298.0,288.0,291.5,291.5,2308,1.3417570679377602,1.3526169327875779,1.3146415716065734,1.3158894874805753,1.3158894874805753,-0.007490636704119812,-0.023123324396782767,-0.022795843110962156,-0.017691659646166806,-0.00742304549169166,0.005866114561766696
2022-12-14,293.0,295.5,290.5,295.5,295.5,2308,1.3355997743712318,1.3222564662287735,1.3457518454191708,1.3650717031669326,1.3650717031669326,0.005444028581150129,-0.007556675062972292,-0.009386523633925616,-0.005385392123864095,0.003259319617029875,0.0165118679050568
2022-12-15,293.5,296.0,292.0,295.5,295.5,2308,1.3417570679377602,1.3283285595405343,1.364418009706729,1.3650717031669326,1.3650717031669326,0.0047602856171369504,-0.004380053908355833,-0.007945389435989282,-0.0059709023631317045,-6.767731456409654e-05,0.013200754328818868
2022-12-16,290.0,293.5,289.5,291.0,291.0,2308,1.298656012972062,1.2979680929817299,1.3333077358941319,1.3097417105197806,1.3097417105197806,-0.008179959100204422,-0.014895057549085908,-0.020641687233565152,-0.02077900227138895,-0.01629369211006691,-0.004674495496522657
2022-12-19,288.0,291.0,287.5,290.0,290.0,2308,1.2740268387059486,1.2676076264229252,1.308419516844054,1.2974461565981914,1.2974461565981914,-0.009224461906388755,-0.014108448070712145,-0.023349797934440964,-0.02356902356902357,-0.02027027027027027,-0.010013654984069198
2022-12-20,291.5,292.0,282.0,283.0,283.0,2308,1.3171278936716468,1.2797518130464471,1.23997691445634,1.211377279147066,1.211377279147066,-0.027491408934707903,-0.03198221310073549,-0.043703536832619974,-0.04545071253899999,-0.04262516914749669,-0.03489826077071734
2022-12-21,281.5,286.0,281.5,283.5,283.5,2308,1.1939820223410802,1.2068866933053164,1.2337548596938204,1.2175250561078608,1.2175250561078608,-0.01767151767151775,-0.026609442060085836,-0.03800475059382419,-0.04182509505703422,-0.04028436018957338,-0.03423607562595814
2022-12-22,284.0,287.5,282.0,286.5,286.5,2308,1.224768490173722,1.2251029732405991,1.23997691445634,1.2544117178726286,1.2544117178726286,-0.00104602510460255,-0.013599586847994453,-0.023739209450249796,-0.02914266350389706,-0.02940578629988484,-0.02573112672863295
2022-12-23,281.0,283.5,277.5,281.0,281.0,2308,1.1878247287745518,1.176526226746512,1.1839784215936646,1.1867861713038874,1.1867861713038874,-0.013342696629213523,-0.02801798685575933,-0.037231612608497056,-0.04438020744771301,-0.04648795385137424,-0.044163501332275125
2022-12-26,281.5,283.5,279.5,282.0,282.0,2308,1.1939820223410802,1.176526226746512,1.2088666406437425,1.1990817252254766,1.1990817252254766,-0.00423728813559318,-0.02066330960236148,-0.029259896729776247,-0.039182282793867124,-0.04159869494290378,-0.04038112522686028
2022-12-27,283.0,286.0,282.0,284.0,284.0,2308,1.2124539030406651,1.2068866933053164,1.23997691445634,1.2236728330686553,1.2236728330686553,0.002117148906139812,-0.011142061281337007,-0.01854625043197791,-0.030054644808743206,-0.033553392772068376,-0.032587714318156
2022-12-28,282.0,284.0,278.0,282.5,282.5,2308,1.2001393159076086,1.1825983200582728,1.1902004763561842,1.2052295021862713,1.2052295021862713,-0.0024717514124293384,-0.011892270024484007,-0.021023449231835495,-0.03195408206973353,-0.03695370559759997,-0.037041245313032635
2022-12-29,280.0,282.5,278.5,281.0,281.0,2308,1.1755101416414953,1.16438204012299,1.1964225311187036,1.1867861713038874,1.1867861713038874,-0.0038993264799717215,-0.012128669361926485,-0.023174971031286275,-0.033118279569892474,-0.039316239316239315,-0.040955631399317405
2022-12-30,284.0,288.5,284.0,286.5,286.5,2308,1.224768490173722,1.2372471598641208,1.2648651335064176,1.2544117178726286,1.2544117178726286,0.011652542372881396,0.008802816901408451,-0.0022057116322265814,-0.011045909561615426,-0.018432232424283938,-0.021460693345477403
2023-01-03,284.0,288.0,283.5,285.5,285.5,2308,1.224768490173722,1.23117506655236,1.2586430787438982,1.2421161639510394,1.2421161639510394,0.00563578724903143,0.0068770939869511145,-0.003838101884159186,-0.011597715077029678,-0.020851910281912286,-0.023987237194461802
2023-01-04,286.0,288.0,282.0,284.0,284.0,2308,1.2493976644398352,1.23117506655236,1.23997691445634,1.2236728330686553,1.2236728330686553,0.00035223670306453944,0.0012339150361361634,-0.007340090877315703,-0.013888888888888888,-0.0241220534671156,-0.028062970568104
2023-01-05,284.5,286.0,277.0,278.5,278.5,2308,1.23092578374025,1.2068866933053164,1.1777563668311453,1.156047286499914,1.156047286499914,-0.016248675379724558,-0.01642239095885565,-0.022692712597964584,-0.03029247910863506,-0.03992002206287915,-0.04503371813921588
2023-01-06,278.0,278.5,271.5,272.0,272.0,2308,1.150880967375382,1.115805293628903,1.1093137644434312,1.0761261860095834,1.0761261860095834,-0.03306078919303239,-0.03443379481718136,-0.04022582921665483,-0.04920038451455034,-0.0580412799556725,-0.06411285697901133
2023-01-09,275.0,283.0,275.0,283.0,283.0,2308,1.1139372059762118,1.1704541334347511,1.1528681477810674,1.211377279147066,1.211377279147066,0.008553100498930781,0.0039020929407592156,0.00047136460051847424,-0.008756567425569177,-0.016951507572599677,-0.02413793103448276
2023-01-10,281.5,286.0,281.0,283.5,283.5,2308,1.1939820223410802,1.2068866933053164,1.227532804931301,1.2175250561078608,1.2175250561078608,0.011777301927194901,0.005140932458783863,0.0037767024666587852,-0.005263157894736842,-0.01260796879353582,-0.021345146999597275
2023-01-11,285.0,286.5,284.0,286.0,286.0,2308,1.2370830773067785,1.2129587866170772,1.2648651335064176,1.2482639409118341,1.2482639409118341,0.019244476122594358,0.013286093888396812,0.011911782049770047,0.004478005092633163,-0.0018148820326678132,-0.011349887653396415
2023-01-12,285.0,285.5,276.0,277.0,277.0,2308,1.2370830773067785,1.2008145999935556,1.1653122573061063,1.1376039556175301,1.1376039556175301,-0.011773100249732469,-0.01668441604543837,-0.018426647767540712,-0.023960535588442605,-0.030858582324539897,-0.0396949211301785
2023-01-13,278.5,281.0,276.5,277.5,277.5,2308,1.1570382609419103,1.1461657601877075,1.1715343120686257,1.1437517325783246,1.1437517325783246,-0.013859275053304825,-0.013684023458326009,-0.01455965909090917,-0.019088016967126115,-0.026793855649856164,-0.034894504984929374
2023-01-16,281.0,284.5,280.0,281.5,281.5,2308,1.1878247287745518,1.1886704133700337,1.215088695406262,1.1929339482646821,1.1929339482646821,0.0014229811454997412,0.0023144027060707753,-0.0004734288081429486,-0.0032752058068514166,-0.010961984400252985,-0.018308631211857017
2023-01-17,282.0,287.5,281.5,286.0,286.0,2308,1.2001393159076086,1.2251029732405991,1.2337548596938204,1.2482639409118341,1.2482639409118341,0.015624999999999918,0.018155927376290577,0.014544164597375037,0.013375852599875903,0.0059088351153629955,-0.0006988120195666968
2023-01-30,295.0,295.0,284.0,288.5,288.5,2308,1.3602289486373451,1.3161843729170124,1.2648651335064176,1.2790028257158073,1.2790028257158073,0.02268699042892583,0.025413186422605212,0.02232459248759749,0.021238938053097345,0.015130190007037338,0.009506036041289927
2023-01-31,288.5,291.5,286.5,289.0,289.0,2308,1.2801841322724767,1.2736797197346863,1.295975407319015,1.285150602676602,1.285150602676602,0.015817223198594025,0.023371104815864106,0.022526241302040364,0.02201396870303253,0.017820666337958733,0.011904761904761824
2023-02-01,292.0,294.5,289.0,294.5,294.5,2308,1.3232851872381752,1.3101122796052516,1.3270856811316123,1.3527761492453434,1.3527761492453434,0.022924626606460656,0.034603899525733436,0.038678579826005074,0.03999293722962828,0.03733709052483277,0.031162464985994315
2023-02-02,295.5,299.0,293.5,298.0,298.0,2308,1.3663862422038735,1.3647611194110996,1.3830841739942874,1.395810587970906,1.395810587970906,0.02335164835164839,0.04141184693342661,0.04818853323953566,0.049203415192324705,0.0486311492715884,0.04299130840576338
2023-02-03,299.5,302.0,298.0,301.5,301.5,2308,1.4156445907361002,1.401193679281665,1.4390826668569627,1.4388450266964685,1.4388450266964685,0.024464831804281308,0.047056780691092245,0.05653545146595021,0.05789473684210526,0.059232715008431754,0.05425724109796603
2023-02-06,298.0,300.5,297.0,297.0,297.0,2308,1.397172710036515,1.3829773993463823,1.4266385573319238,1.3835150340493165,1.3835150340493165,0.0033783783783783786,0.02750389206019716,0.037614999417724414,0.0397339401365308,0.04137447405329597,0.037856726849155434
2023-02-07,300.0,300.5,295.0,296.0,296.0,2308,1.4218018843026283,1.3829773993463823,1.401750338281846,1.3712194801277273,1.3712194801277273,-0.004707464694014719,0.01735693418113082,0.029923451635351508,0.03379027329084087,0.03605180259012955,0.03430202084910604
2023-02-08,298.0,298.5,295.0,296.0,296.0,2308,1.397172710036515,1.3586890260993387,1.401750338281846,1.3712194801277273,1.3712194801277273,-0.005710446758481655,0.01092896174863384,0.02422145328719723,0.031089436558390707,0.03467561521252802,0.034241788958770135
2023-02-09,294.0,295.5,290.0,292.0,292.0,2308,1.3479143615042886,1.3222564662287735,1.3395297906566512,1.32203726444137,1.32203726444137,-0.01517706576728499,-0.006295729113493356,0.00828729281767948,0.01618235601183218,0.01912606449811538,0.020146733434261037
2023-02-10,294.5,295.0,291.0,294.0,294.0,2308,1.3540716550708167,1.3161843729170124,1.3519739001816902,1.3466283722845487,1.3466283722845487,-0.003389830508474576,-0.002206007127099872,0.012745435756114325,0.021631482929371986,0.024390243902439025,0.02665580258409961
2023-02-13,295.0,295.5,291.5,294.0,294.0,2308,1.3602289486373451,1.3222564662287735,1.3581959549442095,1.3466283722845487,1.3466283722845487,-0.0013586956521738358,-0.0040650406504064655,0.010888252148997201,0.01985950914924993,0.022964509394572105,0.02534294350151122
2023-02-14,295.0,296.0,293.5,294.0,294.0,2308,1.3602289486373451,1.3283285595405343,1.3830841739942874,1.3466283722845487,1.3466283722845487,0.0,-0.005749070003381767,0.0069642653270922256,0.017125064867669914,0.021329813103591975,0.024092888243831708
2023-02-15,294.0,294.0,291.5,293.0,293.0,2308,1.3479143615042886,1.3040401862934907,1.3581959549442095,1.3343328183629592,1.3343328183629592,-0.0013633265167006725,-0.008627981728979906,0.0,0.009996552912788614,0.016161476035236266,0.01983988861816912
2023-02-16,294.5,301.0,294.0,299.0,299.0,2308,1.3540716550708167,1.3890494926581431,1.389306228756807,1.4081061418924952,1.4081061418924952,0.01424694708276794,0.01133096566886529,0.016430594900849794,0.027844620144379592,0.03517518349259114,0.03855505383813832
2023-02-17,296.5,298.0,292.5,294.5,294.5,2308,1.37870082933693,1.3526169327875779,1.3706400644692485,1.3527761492453434,1.3527761492453434,-0.001356391997287139,-0.0015256823190370865,-0.0007916760913820916,0.010464916795333715,0.018326417704011104,0.021446326377247252
2023-02-20,294.5,296.5,293.0,295.0,295.0,2308,1.3540716550708167,1.3344006528522951,1.376862119231768,1.3589239262061379,1.3589239262061379,-0.0003388681802779489,0.0008481764206955047,-0.0005646527385658462,0.010620075368276886,0.018505731252589468,0.021880953755556824
2023-02-21,295.0,298.5,294.5,297.5,297.5,2308,1.3602289486373451,1.3586890260993387,1.3955282835193263,1.3896628110101112,1.3896628110101112,0.005747126436781571,0.008816547982366982,0.005973850315599587,0.015618332337629047,0.024449035812672257,0.028759149328568944
2023-02-22,295.0,295.5,290.0,290.0,290.0,2308,1.3602289486373451,1.3222564662287735,1.3395297906566512,1.2974461565981914,1.2974461565981914,-0.017615176151761478,-0.014610941216445841,-0.018391063973823774,-0.01209334014648275,-0.003847210772190178,0.0017847889918820364
2023-02-23,291.5,293.5,289.0,290.0,290.0,2308,1.3171278936716468,1.2979680929817299,1.3270856811316123,1.2974461565981914,1.2974461565981914,-0.011588275391956298,-0.013940836450187087,-0.01661580196676832,-0.013521557955608547,-0.004804392587508501,0.0013812154696131811
2023-02-24,291.5,293.5,286.0,286.5,286.5,2308,1.3171278936716468,1.2979680929817299,1.2897533525564955,1.2544117178726286,1.2544117178726286,-0.01816312542837564,-0.02335094596897911,-0.02517863218781891,-0.025510204081632654,-0.017220087815587204,-0.010818275981125535
2023-03-01,282.0,291.0,282.0,289.5,289.5,2308,1.2001393159076086,1.2676076264229252,1.23997691445634,1.2912983796373967,1.2912983796373967,-0.0041279669762641505,-0.011608057357459808,-0.013292433537832235,-0.015473558918551305,-0.007405883563052955,-0.0010926447754327317
2023-03-02,291.0,291.0,286.0,289.5,289.5,2308,1.3109706001051185,1.2676076264229252,1.2897533525564955,1.2912983796373967,1.2912983796373967,0.0013836042891732176,-0.010087194392203756,-0.011832973034474822,-0.015557255802091266,-0.009104600219058135,-0.002354833151455989
2023-03-03,292.0,292.0,288.0,288.0,288.0,2308,1.3232851872381752,1.2797518130464471,1.3146415716065734,1.2728550487550128,1.2728550487550128,-0.0024246622791825032,-0.0135297139921219,-0.015160150461643693,-0.01957446808510638,-0.015653838266456985,-0.009344722811442895
2023-03-06,291.5,293.0,289.5,290.0,290.0,2308,1.3171278936716468,1.2918959996699688,1.3333077358941319,1.2974461565981914,1.2974461565981914,0.004502944232767619,-0.0036076275554028907,-0.007868628121792717,-0.011419805692858437,-0.009968592107060002,-0.0032651658360542657
2023-03-07,292.5,307.0,291.0,301.5,301.5,2308,1.3294424808047034,1.461914612399274,1.3519739001816902,1.4388450266964685,1.4388450266964685,0.03359616043880703,0.033419023136246784,0.02971311475409832,0.027782512357252348,0.027117258295291883,0.03412793688904129
2023-03-08,302.5,303.0,296.5,298.5,298.5,2308,1.45258835213527,1.4133378659051867,1.4204165025694042,1.4019583649317007,1.4019583649317007,0.017035775127768313,0.021910304690174517,0.01842374616171947,0.01729573144755896,0.015513370075525626,0.022376983673935473
2023-03-09,299.0,301.0,295.0,295.5,295.5,2308,1.4094872971695718,1.3890494926581431,1.401750338281846,1.3650717031669326,1.3650717031669326,0.002714625042416055,0.012332990750257017,0.007844474761255155,0.007157464212679015,0.004418762746431038,0.009968669894616984
2023-03-10,292.0,292.0,289.0,290.0,290.0,2308,1.3232851872381752,1.2797518130464471,1.3270856811316123,1.2974461565981914,1.2974461565981914,-0.017282277194171542,-0.006509078451524417,-0.010238907849829351,-0.010576595018765003,-0.013672539283041909,-0.010238907849829351
2023-03-13,290.0,292.0,286.5,292.0,292.0,2308,1.298656012972062,1.2797518130464471,1.295975407319015,1.32203726444137,1.32203726444137,-0.011844331641285956,-0.0003423485107840559,-0.0018231540565178663,-0.0037529853292392447,-0.0060589556811218356,-0.004602011249360909
2023-03-14,287.0,288.0,284.0,285.0,285.0,2308,1.2617122515728918,1.23117506655236,1.2648651335064176,1.2359683869902447,1.2359683869902447,-0.024640657084188874,-0.023805446138037298,-0.02363823227132572,-0.026140440799589878,-0.0277019650655022,-0.0283538837433945
2023-03-15,288.5,291.5,287.5,289.0,289.0,2308,1.2801841322724767,1.2736797197346863,1.308419516844054,1.285150602676602,1.285150602676602,-0.0044781260764726535,-0.009934909215484677,-0.008576329331046312,-0.01162790697674411,-0.012978142076502771,-0.014772727272727208
2023-03-16,289.0,290.5,284.5,286.5,286.5,2308,1.2863414258390051,1.2615355331111644,1.2710871882689372,1.2544117178726286,1.2544117178726286,-0.006932409012131715,-0.017489711934156455,-0.014673850739424458,-0.018919613046828106,-0.02024485329320845,-0.023017902813299233
2023-03-17,287.0,288.5,286.0,286.5,286.5,2308,1.2617122515728918,1.2372471598641208,1.2897533525564955,1.2544117178726286,1.2544117178726286,-0.0045170257123002475,-0.016984045290787404,-0.01388251491509876,-0.017826534110387347,-0.01897000410902623,-0.02212867626144837
2023-03-20,287.5,289.0,285.5,287.5,287.5,2308,1.2678695451394202,1.2433192531758817,1.2835312977939761,1.266707271794218,1.266707271794218,0.002091321017776308,-0.012706043956043918,-0.009872574905292185,-0.0124516960068699,-0.014938669224970922,-0.017541861259824557
2023-03-21,290.0,294.0,289.0,293.0,293.0,2308,1.298656012972062,1.3040401862934907,1.3270856811316123,1.3343328183629592,1.3343328183629592,0.01559792027729636,0.0091269157912863,0.007565337001375476,0.006699879745748114,0.0040435885134672295,0.002223362408072438
2023-03-22,296.5,298.0,294.0,295.0,295.0,2308,1.37870082933693,1.3526169327875779,1.389306228756807,1.3589239262061379,1.3589239262061379,0.018294787711425654,0.017241379310344827,0.013165426445334794,0.013571551279848784,0.010758582882203748,0.00929463420197288
2023-03-23,291.5,295.5,291.0,294.5,294.5,2308,1.3171278936716468,1.3222564662287735,1.3519739001816902,1.3527761492453434,1.3527761492453434,0.010985238585650493,0.01586754053121774,0.010291595197255575,0.012375386730835419,0.008976291626695918,0.007756359073799423
2023-03-24,297.0,301.5,295.0,300.5,300.5,2308,1.3848581229034584,1.395121585969904,1.401750338281846,1.4265494727748793,1.4265494727748793,0.02176130567834062,0.032823509194019634,0.02793614595210953,0.031140087501072278,0.028475597234581398,0.02776036025765265
2023-03-27,300.0,301.0,297.0,300.0,300.0,2308,1.4218018843026283,1.3890494926581431,1.4266385573319238,1.4204016958140846,1.4204016958140846,0.011463250168577131,0.028277634961439587,0.023890784982935155,0.027661214353001586,0.026623776606666115,0.025115325474115918
2023-03-28,303.5,304.0,298.0,298.5,298.5,2308,1.4649029392683268,1.4254820525287086,1.4390826668569627,1.4019583649317007,1.4019583649317007,0.002687269062814953,0.01842374616171947,0.019467213114754058,0.020425604649175363,0.020931664272522077,0.019467213114754058
2023-03-29,300.0,300.0,294.5,295.5,295.5,2308,1.4218018843026283,1.3769053060346215,1.3955282835193263,1.3650717031669326,1.3650717031669326,-0.007723304231027573,0.005957446808510639,0.00991114149008878,0.009135148979766111,0.0106019151846786,0.009049001195151023
2023-03-30,297.5,298.0,294.0,295.5,295.5,2308,1.3910154164699868,1.3526169327875779,1.389306228756807,1.3650717031669326,1.3650717031669326,-0.008389261744966443,0.002884778550823088,0.00991114149008878,0.00810234541577825,0.010878489326765212,0.00887674974393999
2023-03-31,297.0,301.0,297.0,301.0,301.0,2308,1.3848581229034584,1.3890494926581431,1.4266385573319238,1.432697249735674,1.432697249735674,0.00972827910097275,0.01654846335697392,0.026136363636363704,0.024593651604118878,0.028145921573985547,0.026719727117680434
2023-04-06,295.0,296.5,293.0,294.5,294.5,2308,1.3602289486373451,1.3344006528522951,1.376862119231768,1.3527761492453434,1.3527761492453434,-0.008417508417508417,-0.007749326145552599,0.0034071550255536627,0.0017006802721088435,0.005325322591657002,0.005062283146578745
2023-04-07,294.0,296.5,292.5,294.0,294.0,2308,1.3479143615042886,1.3344006528522951,1.3706400644692485,1.3466283722845487,1.3466283722845487,-0.00709219858156036,-0.00976759851801946,-0.0003400204012241507,0.001277139208173691,0.0025917337334606153,0.0034129692832764505
2023-04-10,294.0,296.0,294.0,295.0,295.0,2308,1.3479143615042886,1.3283285595405343,1.389306228756807,1.3589239262061379,1.3589239262061379,-0.0033783783783783786,-0.0063994610980127225,0.001697792869269949,0.005281990117566916,0.005247733933074424,0.006825938566552901
2023-04-11,296.5,300.0,294.5,299.0,299.0,2308,1.37870082933693,1.3769053060346215,1.3955282835193263,1.4081061418924952,1.4081061418924952,0.007751937984496163,0.0055490163107448365,0.012415349887133248,0.018305661983822902,0.0175605771848626,0.02030370243985664
2023-04-12,302.0,302.5,297.0,298.5,298.5,2308,1.4464310585687417,1.407265772593426,1.4266385573319238,1.4019583649317007,1.4019583649317007,0.00776502363268066,0.0045431600201918994,0.007991895542548427,0.01513348070056109,0.014409026031400833,0.01761363636363643
2023-04-13,300.0,301.0,297.5,300.5,300.5,2308,1.4218018843026283,1.3890494926581431,1.4328606120944432,1.4265494727748793,1.4265494727748793,0.010423671822461409,0.011103633916554547,0.011784511784511785,0.020460140928771464,0.019750237545812382,0.02321094149026728
2023-04-14,303.5,323.5,303.5,314.5,314.5,2308,1.4649029392683268,1.6622936916873834,1.5075252692446768,1.5986872276771298,1.5986872276771298,0.04311774461028192,0.05254350736278443,0.05383670278119065,0.0626795066734246,0.06537940379403798,0.06748882728969845
2023-04-17,315.5,315.5,308.0,310.0,310.0,2308,1.6126779848650066,1.565140198699209,1.5635237621073519,1.5433572350299778,1.5433572350299778,0.0180623973727422,0.0324729392173189,0.03528887899365467,0.04377104377104377,0.04850165730907114,0.049779884862851294
2023-04-18,313.0,313.0,307.0,307.5,307.5,2308,1.581891517032365,1.5347797321404046,1.551079652582313,1.5126183502260047,1.5126183502260047,0.004245591116917085,0.02006966329407866,0.023976023976023938,0.03170608958228481,0.038360235023975196,0.03920243325447795
2023-04-19,308.0,310.5,304.5,305.5,305.5,2308,1.5203185813670816,1.5044192655816002,1.5199693787697157,1.4880272423828258,1.4880272423828258,-0.006827048114434403,0.011924478304074273,0.01618804745537202,0.021739130434782608,0.029451408545626126,0.030412052391927544
2023-04-20,310.0,310.5,305.0,306.5,306.5,2308,1.544947755633195,1.5044192655816002,1.526191433532235,1.5003227963044152,1.5003227963044152,-0.007448186528497446,0.011217419993401442,0.018046944198405683,0.02183697282880484,0.030806484159548078,0.03187072158006948
2023-04-21,306.0,308.5,301.0,303.0,303.0,2308,1.4956894071009683,1.4801308923345566,1.4764149954320793,1.4572883575788527,1.4572883575788527,-0.011419249592169658,-0.003289473684210526,0.005419754451941132,0.008487269096355506,0.016573844192444467,0.019915848527349293
2023-04-24,300.0,302.5,298.0,302.5,302.5,2308,1.4218018843026283,1.407265772593426,1.4390826668569627,1.451140580618058,1.451140580618058,-0.00819672131147541,-0.007383100902378999,0.0022087244616234756,0.005568021274827596,0.013060951105157323,0.017776033196882274
2023-04-25,304.0,306.0,295.5,297.0,297.0,2308,1.471060232834855,1.4497704257757522,1.4079723930443653,1.3835150340493165,1.3835150340493165,-0.019478375701551594,-0.024790674766048303,-0.016339147714727324,-0.01312510383784678,-0.006755400976523249,-0.0008970621215518666
2023-04-26,297.0,297.0,290.0,294.0,294.0,2308,1.3848581229034584,1.340472746164056,1.3395297906566512,1.3466283722845487,1.3466283722845487,-0.02195608782435137,-0.033212758960868206,-0.024767801857585054,-0.02203742203742204,-0.01777362020579979,-0.011432414256892998
2023-04-27,295.0,299.0,294.0,295.5,295.5,2308,1.3602289486373451,1.3647611194110996,1.389306228756807,1.3650717031669326,1.3650717031669326,-0.009718498659517351,-0.026679841897233273,-0.020008843687817905,-0.016311584553928022,-0.013816579895875005,-0.006778331746120615
2023-04-28,299.0,300.0,295.5,300.0,300.0,2308,1.4094872971695718,1.3769053060346215,1.4079723930443653,1.4204016958140846,1.4204016958140846,0.007387508394895865,-0.0071156710243255915,-0.006403179509825581,-0.0015808303519428328,0.0002667377967457458,0.006655108774677083
2023-05-02,302.0,303.0,295.0,298.0,298.0,2308,1.4464310585687417,1.4133378659051867,1.401750338281846,1.395810587970906,1.395810587970906,0.0037049511620074866,-0.009802292739657712,-0.01368049426301851,-0.00864936793080513,-0.0067990934542061735,-0.0010615118163025742
2023-05-03,300.0,300.5,297.0,298.5,298.5,2308,1.4218018843026283,1.3829773993463823,1.4266385573319238,1.4019583649317007,1.4019583649317007,0.004374158815612421,-0.005165805699050196,-0.011916583912611793,-0.007481296758104738,-0.005662891405729476,-0.0007253250013947671
2023-05-04,299.5,305.5,299.0,304.0,304.0,2308,1.4156445907361002,1.4436983324639912,1.4515267763820014,1.4695839115004419,1.4695839115004419,0.01604278074866314,0.013671223741247159,0.005069429138197135,0.010302426055167907,0.01218618898581616,0.01570330771800865
2023-05-05,301.0,303.5,299.0,303.0,303.0,2308,1.434116471435685,1.4194099592169476,1.4515267763820014,1.4572883575788527,1.4572883575788527,0.007648819421350221,0.011517275913870768,0.0012115871792047833,0.005558782045963698,0.00845370432004267,0.01061759964422704
2023-05-08,304.0,306.5,302.0,305.5,305.5,2308,1.471060232834855,1.455842519087513,1.4888591049571183,1.4880272423828258,1.4880272423828258,0.012259774685221964,0.019012675116744458,0.011477761836441804,0.011924478304074273,0.015827625191195023,0.017541911846341685
2023-05-09,305.5,307.0,303.0,304.0,304.0,2308,1.4895321135344401,1.461914612399274,1.5013032144821572,1.4695839115004419,1.4695839115004419,0.0033003300330033004,0.013502250375062549,0.007846170847607496,0.0054572515296840655,0.009698419024843948,0.011535048802129457
2023-05-10,307.0,307.0,300.0,301.5,301.5,2308,1.508003994234025,1.461914612399274,1.4639708859070404,1.4388450266964685,1.4388450266964685,-0.006916996047430905,0.003661784287616587,0.000885249529711137,-0.0032234068931317385,0.0005973715651135232,0.002438213454505204
2023-05-11,300.0,301.5,296.5,297.0,297.0,2308,1.4218018843026283,1.395121585969904,1.4204165025694042,1.3835150340493165,1.3835150340493165,-0.017207147584381167,-0.012304622547389387,-0.012195121951219575,-0.017857142857142783,-0.013813255412405448,-0.012140362547812996
2023-05-12,296.0,298.0,293.0,297.5,297.5,2308,1.372543535770402,1.3526169327875779,1.376862119231768,1.3896628110101112,1.3896628110101112,-0.011956160743938965,-0.011299435028248513,-0.008553654743390345,-0.015715467328370553,-0.0125464684014869,-0.010202949983364743
2023-05-15,295.0,302.5,295.0,300.5,300.5,2308,1.3602289486373451,1.407265772593426,1.401750338281846,1.4265494727748793,1.4265494727748793,0.001332889036987595,-0.001495264994185043,0.0020006668889630637,-0.0034820096169789795,-0.0034489619950919294,-0.00044350814946222115
2023-05-16,300.5,302.0,298.0,300.5,300.5,2308,1.4279591778691567,1.401193679281665,1.4390826668569627,1.4265494727748793,1.4265494727748793,0.0036740146960588605,-0.002324037184594916,0.0024463471589014183,-0.0019098231337706174,-0.0041755037115588246,-0.0009973404255319525
2023-05-17,303.0,306.0,302.0,305.0,305.0,2308,1.4587456457017984,1.4497704257757522,1.4888591049571183,1.4818794654220313,1.4818794654220313,0.01632789070309889,0.010435646844459093,0.015651015651015614,0.013457384947665763,0.009933774834437087,0.012896441025073313
2023-05-18,307.0,309.5,306.0,306.5,306.5,2308,1.508003994234025,1.4922750789580783,1.538635543057274,1.5003227963044152,1.5003227963044152,0.014900662251655629,0.0145647136709698,0.017821562984281628,0.018272425249169437,0.013826409102937308,0.017258546299369362
2023-05-19,309.0,309.5,305.0,306.5,306.5,2308,1.5326331685001384,1.4922750789580783,1.526191433532235,1.5003227963044152,1.5003227963044152,0.008887425938117144,0.013390643081501112,0.015348939929328596,0.018272425249169437,0.013022210470650442,0.015909844216108755
2023-05-22,305.5,306.5,302.0,305.5,305.5,2308,1.4895321135344401,1.455842519087513,1.4888591049571183,1.4880272423828258,1.4880272423828258,0.002296587926509149,0.01008431145643912,0.010808426160802862,0.014528850145288501,0.010919920582395803,0.01131034482758627
2023-05-23,305.0,305.5,301.5,302.5,302.5,2308,1.4833748199679118,1.4436983324639912,1.482637050194599,1.451140580618058,1.451140580618058,-0.0088466579292267,0.0006615944426066444,-0.00011018069634208856,0.0045662100456621,0.0019874130506791084,0.0005512679162073394
2023-05-24,302.0,305.0,301.0,305.0,305.0,2308,1.4464310585687417,1.4376262391522303,1.4764149954320793,1.4818794654220313,1.4818794654220313,-0.0006553079947574989,0.0077647447546671826,0.006711409395973243,0.011524749191609396,0.01060304837640818,0.008153371529307977
2023-05-25,305.0,309.0,303.0,308.0,308.0,2308,1.4833748199679118,1.4862029856463175,1.5013032144821572,1.5187661271867992,1.5187661271867992,0.008183306055646482,0.013991769547325103,0.015719467956469117,0.019108280254776993,0.02020536601523691,0.017005118045236838
2023-05-26,313.0,320.0,311.0,318.0,318.0,2308,1.581891517032365,1.619789038505057,1.6008560906824687,1.6417216664026926,1.6417216664026926,0.033138401559454154,0.039895356442118994,0.045250356086337186,0.04829404977748467,0.05172641883847065,0.04800615181808194
2023-05-29,324.0,324.0,314.5,315.5,315.5,2308,1.7173519754959883,1.6683657849991442,1.6444104740201049,1.6109827815987192,1.6109827815987192,0.018398967075532565,0.026684022128213435,0.034765496884224416,0.03740238388820386,0.0417354553258931,0.039652899824253164
2023-05-30,314.0,315.5,312.0,314.0,314.0,2308,1.5942061041654216,1.565140198699209,1.6133002002075076,1.592539450716335,1.592539450716335,0.006087792374238953,0.017333549327717555,0.02759899640013092,0.02976141674182172,0.03521033891599633,0.0342555994729907
2023-05-31,320.0,320.0,312.5,316.5,316.5,2308,1.6680936269637616,1.619789038505057,1.619522254970027,1.6232783355203084,1.6232783355203084,0.006679389312977172,0.02162685603615232,0.0324018701750571,0.03490558325839945,0.04077606050641229,0.041461006910167894
2023-06-01,316.5,317.5,312.0,316.5,316.5,2308,1.6249925719980634,1.5894285719462526,1.6133002002075076,1.6232783355203084,1.6232783355203084,0.0012654223347041355,0.018339768339768303,0.028042442615850992,0.03279490944689186,0.03770491803278689,0.04020595968448734
2023-06-02,312.5,316.5,310.5,315.0,315.0,2308,1.5757342234658367,1.577284385322731,1.5946340359199491,1.6048350046379245,1.6048350046379245,-0.001584786053882726,0.010749237927161955,0.019307518067090843,0.025891548607718574,0.03015239714827663,0.03431292070267604
2023-06-05,319.0,320.0,316.0,319.5,319.5,2308,1.655779039830705,1.619789038505057,1.6630766383076632,1.6601649972850765,1.6601649972850765,0.010116977552956019,0.020603737422137003,0.029648727038349944,0.038180341186027617,0.04221033402922755,0.04719764011799402
2023-06-06,318.5,319.5,315.5,316.0,316.0,2308,1.6496217462641767,1.6137169451932962,1.6568545835451438,1.617130558559514,1.617130558559514,-0.002210293653299617,0.0050890585241731,0.01498929336188443,0.024809469758391364,0.028378026555584576,0.03420062182948777
2023-06-07,319.0,329.5,318.0,328.5,328.5,2308,1.655779039830705,1.7351588114285141,1.687964857357741,1.7708249825793805,1.7708249825793805,0.029457850203697827,0.037095501183898975,0.049856184084372084,0.06070390700678079,0.06489885892116176,0.07142857142857136
2023-06-08,331.0,331.0,323.0,325.0,325.0,2308,1.8035540854273848,1.7533750913637969,1.7501854049829357,1.7277905438538177,1.7277905438538177,0.013092269326683255,0.020568378081331485,0.03459252971137524,0.044680167148826666,0.0506918401655244,0.056452486726622626
2023-06-09,328.0,328.5,323.0,323.0,323.0,2308,1.766610324028215,1.7230146248049925,1.7501854049829357,1.703199436010639,1.703199436010639,0.0018610421836228995,0.012697915033704378,0.0246378344083747,0.034013605442176874,0.041532310073519915,0.04683195592286497
2023-06-12,327.0,343.0,325.5,336.0,336.0,2308,1.7542957368951582,1.8991053308460584,1.781295678795533,1.8630416369913003,1.8630416369913003,0.03162419404359844,0.04672897196261682,0.05904601807102337,0.06955276141970404,0.0792060127192138,0.0847457627118644
2023-06-13,342.0,348.0,335.0,343.0,343.0,2308,1.9390145438910082,1.9598262639636672,1.8995147192834028,1.9491105144424257,1.9491105144424257,0.035940803382663776,0.0589688175362767,0.07198666527763317,0.08449924907121975,0.09619686800894862,0.10200803212851406
2023-06-14,347.0,356.5,346.0,353.0,353.0,2308,2.0005874795562915,2.0630518502636024,2.036399924058831,2.072066053658319,2.072066053658319,0.050595238095238096,0.0776980613646771,0.09231562661165543,0.10771161842002036,0.12077724155448318,0.12755536626916525
2023-06-15,362.0,373.0,358.0,370.0,370.0,2308,2.1853062865521413,2.263430929551712,2.185729238359298,2.2810904703253376,2.2810904703253376,0.07246376811594203,0.11144487834184448,0.1304613504430186,0.14960385272642526,0.16396124323644143,0.17360964263057735
2023-06-16,375.0,385.0,371.0,371.5,371.5,2308,2.345395919281878,2.4091611690339736,2.347502662184804,2.2995338012077213,2.2995338012077213,0.047363969551733894,0.09732683503175303,0.12280878500906707,0.14272531528760374,0.15789801770352832,0.1698945048023933
2023-06-19,367.0,378.0,363.5,375.5,375.5,2308,2.2468792222174248,2.324151862669321,2.254171840747012,2.3487160168940786,2.3487160168940786,0.0355763927192498,0.0910939997094291,0.12134182759307184,0.1427267194157029,0.15952322134387362,0.1738654717865889
2023-06-20,371.0,374.5,368.5,369.0,369.0,2308,2.2961375707496514,2.2816472094869944,2.316392388372207,2.268794916403748,2.268794916403748,0.003262642740619871,0.055945056517384496,0.08999606144151232,0.11169691948482334,0.12989160389491095,0.14578481602235674
2023-06-21,368.5,369.5,360.5,364.0,364.0,2308,2.2653511029170095,2.2209262763693856,2.2168395121718953,2.2073171467958015,2.2073171467958015,-0.016216216216216217,0.031161473087818695,0.06526192566578874,0.08697275102650243,0.10658478749924,0.12299465240641713
2023-06-26,347.5,358.0,346.0,348.0,348.0,2308,2.00674477312282,2.081268130198885,2.036399924058831,2.0105882840503724,2.0105882840503724,-0.048140043763676206,-0.02054601745004225,0.012216404886561921,0.033024118738404454,0.05263157894736835,0.06803069053708447
2023-06-27,346.0,353.5,345.0,345.0,345.0,2308,1.988272892423235,2.026619290393037,2.023955814533792,1.9737016222856043,1.9737016222856043,-0.042464612822647824,-0.03496503496503497,-0.002313475997686557,0.02003104442309107,0.038718612633227,0.053703232374649974
2023-06-28,350.0,350.0,346.0,347.0,347.0,2308,2.0375312409554613,1.9841146372107108,2.036399924058831,1.998292730128783,1.998292730128783,-0.02143260011280322,-0.03234802007808149,-0.0018218429379614318,0.021188934667451406,0.03954463750748948,0.05481811733711631
2023-06-29,350.0,355.0,348.0,349.5,349.5,2308,2.0375312409554613,2.0448355703283196,2.061288143108909,2.029031614932756,2.029031614932756,-0.003421727972626144,-0.027139874739039668,-0.0010480182926829486,0.023201346702773948,0.041170162059103885,0.05716878402903804
2023-06-30,340.5,345.0,339.5,344.5,344.5,2308,1.920542663191423,1.923393704093102,1.9555132121460779,1.9675538453248096,1.9675538453248096,-0.006632064590542132,-0.03878348214285708,-0.018332066869300924,0.0044463882207157295,0.021467117357528345,0.037911122269645936
2023-07-03,347.0,366.0,345.0,362.5,362.5,2308,2.0005874795562915,2.1784216231870595,2.023955814533792,2.1888738159134173,2.1888738159134173,0.03660280240205894,0.01356074374388375,0.025653117042346494,0.0498877706176237,0.06793542304972897,0.08603385429669937
2023-07-04,364.5,370.5,358.0,367.0,367.0,2308,2.2160927543847833,2.2330704629929072,2.185729238359298,2.2442038085605693,2.2442038085605693,0.036430386896356894,0.027435610302351657,0.029838181648115216,0.054976643909450236,0.07498535442296433,0.09291244788564618
2023-07-05,364.0,369.5,363.0,366.0,366.0,2308,2.209935460818255,2.2209262763693856,2.247949785984493,2.2319082546389803,2.2319082546389803,0.02263202011735128,0.02736842105263158,0.02130034415403216,0.04511707595659627,0.06575039310465315,0.08342789481474173
2023-07-06,359.0,361.0,352.5,354.0,354.0,2308,2.1483625251529714,2.1177006900694506,2.117286635971584,2.084361607579908,2.084361607579908,-0.013377926421404713,-0.0021141649048625794,-0.014202172096909,0.005396194262993403,0.0260274766680193,0.04260750049086974
2023-07-07,347.0,352.0,346.5,348.0,348.0,2308,2.0005874795562915,2.0084030104577546,2.04262197882135,2.0105882840503724,2.0105882840503724,-0.031988873435326845,-0.014583038368964966,-0.03001022019882928,-0.0143737166324435,0.0049670786646645124,0.020627627334050328
2023-07-10,352.5,354.5,346.0,348.5,348.5,2308,2.0683177087881033,2.038763477016559,2.036399924058831,2.016736061011167,2.016736061011167,-0.022988505747126405,-0.013306908267270637,-0.024720149253731293,-0.016231474947071278,0.002704568995281384,0.018063196845026545
2023-07-11,353.0,361.5,352.0,359.5,359.5,2308,2.0744750023546312,2.1237727833812112,2.1110645812090643,2.1519871541486495,2.1519871541486495,0.012105855855855888,0.013675454673621946,0.008320867614061256,0.009618760092677137,0.029083414438655825,0.04597032295606637
2023-07-12,362.0,368.0,359.5,363.0,363.0,2308,2.1853062865521413,2.202709996434103,2.204395402646856,2.195021592874212,2.195021592874212,0.023688663282571847,0.018947368421052633,0.02052291256676978,0.015597677834510704,0.03395237552694547,0.05131051793213295
2023-07-13,368.0,383.5,367.0,370.5,370.5,2308,2.2591938093504815,2.390944889098691,2.297726224084648,2.2872382472861323,2.2872382472861323,0.035205364626990844,0.033905399748848826,0.041315345699831335,0.03260869565217388,0.04880258166789336,0.06721075372059523
2023-07-14,370.0,372.5,361.0,368.0,368.0,2308,2.2838229836165946,2.257358836239951,2.223061566934415,2.2564993624821588,2.2564993624821588,0.016855484940591386,0.020238425284169703,0.033514323160456855,0.02350159922124875,0.03708713786495329,0.05479386614436538
2023-07-17,367.0,370.5,364.5,368.5,368.5,2308,2.2468792222174248,2.2330704629929072,2.266615950272051,2.2626471394429535,2.2626471394429535,0.007105766602897029,0.019928037641848848,0.030961484659143886,0.02510605744488484,0.033428683605362094,0.051005371488330065
2023-07-18,370.0,376.5,363.0,365.5,365.5,2308,2.2838229836165946,2.305935582734038,2.247949785984493,2.2257604776781856,2.2257604776781856,-0.004358485426314417,0.01204485670773923,0.018673355629877337,0.01760980023665341,0.02015183655241718,0.03746806698836216
2023-07-19,367.0,371.0,355.5,357.0,357.0,2308,2.2468792222174248,2.2391425563046683,2.154618964546701,2.1212482693446764,2.1212482693446764,-0.024323585679147247,-0.009021512838306732,-0.006862017804154229,-0.0034891835310537334,-0.005903319224771677,0.009758167161646129
2023-07-20,358.0,359.0,356.5,356.5,356.5,2308,2.1360479380199147,2.093412316822407,2.1670630740717396,2.1151004923838816,2.1151004923838816,-0.01817681079592405,-0.011095700416088766,-0.00953880348212633,-0.0031457532331352674,-0.008786075738197256,0.004508312200619958
2023-07-21,350.0,362.0,346.0,359.5,359.5,2308,2.0375312409554613,2.1298448766929723,2.036399924058831,2.1519871541486495,2.1519871541486495,-0.0052573325954620295,-0.005944974422784397,-0.003971185814554868,0.005875769445998945,-0.0011669259835519446,0.010020603109196467
2023-07-24,357.0,362.0,353.0,361.0,361.0,2308,2.123733350886858,2.1298448766929723,2.1235086907341034,2.1704304850310336,2.1704304850310336,0.0030564045568214028,-0.0052356020942407756,0.00046189376443423266,0.008239072755201755,0.004004894871509616,0.010826955385476967
2023-07-25,363.0,370.5,363.0,364.0,364.0,2308,2.197620873685198,2.2330704629929072,2.247949785984493,2.2073171467958015,2.2073171467958015,0.012235817575083362,0.001788908765652889,0.00933542841297719,0.013927576601671309,0.013193787229304707,0.015341701534170154
2023-07-26,362.5,368.0,360.5,360.5,360.5,2308,2.1914635801186697,2.202709996434103,2.2168395121718953,2.164282708070239,2.164282708070239,0.0005550929780737958,-0.00716056182869739,0.0006476683937824255,0.002293737401821057,0.005130206881168725,0.003293288185908448
2023-07-27,358.0,364.0,357.5,358.5,358.5,2308,2.1360479380199147,2.1541332499400156,2.1795071835967788,2.13969160022706,2.13969160022706,-0.006099251455503157,-0.009394860458690184,-0.0057317185911065814,-0.004512322110378341,0.0007257704332290948,-0.003705419175544181
2023-07-28,355.0,368.5,352.0,366.5,366.5,2308,2.0991041766207448,2.208782089745864,2.1110645812090643,2.238056031599775,2.238056031599775,0.012151339409002974,0.013130615065653075,0.012990602542841317,0.014603086718804005,0.022771669364290967,0.017254938243049377
2023-07-31,374.5,388.5,362.5,365.5,365.5,2308,2.3392386257153497,2.4516658222162997,2.241727731221973,2.2257604776781856,2.2257604776781856,0.006887052341597796,0.011204869276525139,0.0070720058780308495,0.011414735385679695,0.017992424242424185,0.014901888189559443
2023-08-01,377.0,382.0,362.0,372.5,372.5,2308,2.370025093547991,2.372728609163408,2.2355056764594536,2.3118293551293108,2.3118293551293108,0.02138744173293121,0.028579317962170437,0.023914238592633284,0.03000138255219141,0.03431998667184988,0.03424340583063391
2023-08-02,375.0,382.0,358.0,361.0,361.0,2308,2.345395919281878,2.372728609163408,2.185729238359298,2.1704304850310336,2.1704304850310336,-0.010416666666666697,-0.004275272376224,-0.007332722273143956,-0.001106806862202483,0.0008317161075686481,0.003660627403734756
2023-08-04,350.0,363.5,350.0,361.5,361.5,2308,2.0375312409554613,2.148061156628255,2.086176362158987,2.1765782619918284,2.1765782619918284,-0.010673234811165784,-0.004269384382316516,-0.004315093646713173,-0.0007601409715983063,0.00088598482750981,0.005749791338217554
2023-08-07,366.5,371.0,363.0,363.5,363.5,2308,2.2407219286508964,2.2391425563046683,2.247949785984493,2.2011693698350068,2.2011693698350068,-0.003563596491228101,0.00013757050488378422,0.0020215014242396818,0.002620328230588853,0.004310106647510643,0.011361001623000178
2023-08-08,365.0,365.5,357.5,360.5,360.5,2308,2.222250047951311,2.1723495298752984,2.1795071835967788,2.164282708070239,2.164282708070239,-0.009070918086860943,-0.007980187121628997,-0.004785129290512603,-0.007297260085364112,-0.003758359586580483,0.0018527095877721694
2023-08-09,358.0,360.0,355.0,357.5,357.5,2308,2.1360479380199147,2.1055565034459285,2.1483969097841813,2.127396046305471,2.127396046305471,-0.009146341463414665,-0.014472777394900068,-0.011611833010782386,-0.015287150530230026,-0.011010291025782942,-0.007633587786259542
2023-08-10,354.0,357.0,345.0,351.5,351.5,2308,2.086789589487688,2.0691239435753634,2.023955814533792,2.053622722775935,2.053622722775935,-0.020618556701030865,-0.028603012297913562,-0.027214022140221353,-0.03027795020346237,-0.026045996120809028,-0.02469478357380682
2023-08-11,352.0,359.0,352.0,357.0,357.0,2308,2.062160415221575,2.093412316822407,2.1110645812090643,2.1212482693446764,2.1212482693446764,-0.002793296089385475,-0.012994194083494578,-0.012083756111059886,-0.013266998341625239,-0.011135117168023883,-0.010120615555247408
2023-08-14,351.5,353.5,348.0,350.5,350.5,2308,2.0560031216550465,2.026619290393037,2.061288143108909,2.0413271688543455,2.0413271688543455,-0.01378728193584687,-0.02665926131630109,-0.028457913702300615,-0.02888411719886406,-0.029408506867523273,-0.028682277954828937
2023-08-15,356.0,361.5,350.0,351.5,351.5,2308,2.1114187637538016,2.1237727833812112,2.086176362158987,2.053622722775935,2.053622722775935,-0.005938914027149385,-0.020072483969891242,-0.023972602739726005,-0.02381448309379987,-0.026962684088140874,-0.02492024596606412
2023-08-16,349.0,352.0,348.5,350.0,350.0,2308,2.025216653822405,2.0084030104577546,2.067510197871428,2.035179391893551,2.035179391893551,-0.005964214711729686,-0.018095104502735274,-0.025612472160356316,-0.025883662677428365,-0.030094773596408615,-0.02755267423014592
2023-08-17,347.5,350.0,343.5,348.0,348.0,2308,2.00674477312282,1.9841146372107108,2.0052896502462336,2.0105882840503724,2.0105882840503724,-0.0096755833807626,-0.020132338448542807,-0.028927541624034995,-0.03023547443221408,-0.03403097762726917,-0.03149496729903983
2023-08-18,346.0,347.5,335.0,341.5,341.5,2308,1.988272892423235,1.9537541706519064,1.8995147192834028,1.9306671835600417,1.9306671835600417,-0.01952339936836064,-0.03298881495115384,-0.044042175982084576,-0.0463557665456577,-0.049011417432470124,-0.04848147116188347
2023-08-21,342.5,345.0,339.0,343.0,343.0,2308,1.9451718374575364,1.923393704093102,1.9492911573835585,1.9491105144424257,1.9491105144424257,-0.010957324106113065,-0.023070350327542073,-0.03561387066541711,-0.039955216569869084,-0.042166992460206706,-0.043858018955584506
2023-08-22,346.5,349.5,344.5,349.5,349.5,2308,1.994430185989763,1.97804254389895,2.0177337597712723,2.029031614932756,2.029031614932756,0.008949191685912307,-0.0014285714285714286,-0.014382402707275867,-0.02018502943650123,-0.021939889181171925,-0.02582922976865182
2023-08-23,349.5,350.5,344.5,348.0,348.0,2308,2.031373947388933,1.9901867305224716,2.0177337597712723,2.0105882840503724,2.0105882840503724,0.005780346820809248,-0.003008165019338236,-0.01407120596845776,-0.022197246417532953,-0.024226110363391617,-0.02897270148351391
2023-08-24,352.0,357.5,350.5,357.0,357.0,2308,2.062160415221575,2.075196036887124,2.092398416921506,2.1212482693446764,2.1212482693446764,0.026451983898792376,0.021167048054919844,0.01219166430394106,0.0035842293906809394,0.0010094212651413574,-0.0033037085291517483
2023-08-25,352.0,352.0,345.5,345.5,345.5,2308,2.062160415221575,2.0084030104577546,2.0301778692963115,1.979849399246399,1.979849399246399,-0.008892713711990885,-0.008466063997704085,-0.017442411602995523,-0.02696613391536996,-0.03003930376193147,-0.033160766755282
2023-08-28,345.0,345.5,339.0,342.5,342.5,2308,1.9759583052901781,1.9294657974048628,1.9492911573835585,1.942962737481631,1.942962737481631,-0.01721664275466284,-0.014813749460664397,-0.022080517750071423,-0.032144118685976684,-0.036622412241224075,-0.03927068723702665
2023-08-29,341.5,346.5,340.5,346.5,346.5,2308,1.9328572503244799,1.9416099840283845,1.9679573216711168,1.9921449531679882,1.9921449531679882,-0.004024144869215227,-0.001872389457006992,-0.008016032064128289,-0.018205001062548732,-0.023778666816926797,-0.02604703457322211
2023-08-30,350.0,350.5,346.0,346.5,346.5,2308,2.0375312409554613,1.9901867305224716,2.036399924058831,1.9921449531679882,1.9921449531679882,-0.0031645569620253815,-0.0008650519031142196,-0.005929042746485597,-0.01457518663348738,-0.021849593495934985,-0.02431011826544019
2023-08-31,342.5,348.0,342.5,346.0,346.0,2308,1.9451718374575364,1.9598262639636672,1.9928455407211947,1.9859971762071937,1.9859971762071937,0.0017371163867979814,-0.001731102135026032,-0.006318207926479002,-0.013893836836480229,-0.021659220720466055,-0.02471107770365494
2023-09-01,349.0,349.0,343.0,346.0,346.0,2308,2.025216653822405,1.9719704505871891,1.9990675954837143,1.9859971762071937,1.9859971762071937,0.001447178002894356,-0.0030255006483216,-0.004221028396009133,-0.011710939731505348,-0.020274096726696184,-0.023747942628732713
2023-09-04,347.5,351.0,343.0,346.0,346.0,2308,2.00674477312282,1.9962588238342327,1.9990675954837143,1.9859971762071937,1.9859971762071937,-0.0005777007510109435,-0.003886569742334886,-0.003360537686029819,-0.009234734053976727,-0.017993983084520562,-0.022506827384876093
2023-09-05,348.0,349.0,346.0,348.5,348.5,2308,2.0129020666893482,1.9719704505871891,2.036399924058831,2.016736061011167,2.016736061011167,0.005481823427582162,0.003599712023038157,0.004419252569891517,-0.00035855145213338117,-0.008985952340328797,-0.014283693961250208
2023-09-06,350.0,350.0,345.0,345.0,345.0,2308,2.0375312409554613,1.9841146372107108,2.023955814533792,1.9737016222856043,1.9737016222856043,-0.0037539705457695968,-0.005620406398616482,-0.004711991537647829,-0.008620689655172414,-0.01586033774532178,-0.022432113341204304
2023-09-07,343.5,346.5,341.5,343.0,343.0,2308,1.9574864245905932,1.9416099840283845,1.9804014311961557,1.9491105144424257,1.9491105144424257,-0.007810240092565776,-0.007379539863984984,-0.009529309846953542,-0.013162626771200428,-0.019551795106334254,-0.02649006622516551
2023-09-08,342.0,344.0,340.0,340.0,340.0,2308,1.9390145438910082,1.91124951746958,1.9617352669085975,1.9122238526776576,1.9122238526776576,-0.013062409288824383,-0.014492753623188406,-0.017908723281340234,-0.019395774749441264,-0.025732133646627364,-0.03331279912808598
2023-09-11,340.0,340.5,330.0,331.5,331.5,2308,1.914385369624895,1.8687448642872537,1.837294171658208,1.8077116443441483,1.8077116443441483,-0.02956674473067922,-0.03605699331200924,-0.04033581009360225,-0.041284072012146567,-0.04659188955996545,-0.054343175010697506
2023-09-12,330.0,334.0,330.0,332.5,332.5,2308,1.7912394982943283,1.7898076512343621,1.837294171658208,1.8200071982657378,1.8200071982657378,-0.017434988179668966,-0.029197080291970802,-0.0342724368283474,-0.035742768070760496,-0.04062554100063473,-0.04850479324653023
2023-09-13,333.0,334.5,328.5,331.5,331.5,2308,1.8281832596934982,1.7958797445461232,1.8186280073706498,1.8077116443441483,1.8077116443441483,-0.012511170688114354,-0.02785923753665689,-0.03409090909090906,-0.03605699331200924,-0.04063205417607229,-0.04764184821642322
2023-09-14,334.5,339.5,333.5,338.0,338.0,2308,1.8466551403930833,1.856600677663732,1.8808485549958445,1.887632744834479,1.887632744834479,0.009859575739468215,-0.006466784244561989,-0.0115032170013648,-0.015725101921956836,-0.020289855072463767,-0.026824703680598867
2023-09-15,336.5,342.5,334.0,340.0,340.0,2308,1.8712843146591966,1.8930332375342973,1.8870706097583638,1.9122238526776576,1.9122238526776576,0.015835076187630748,0.001177856301531146,-0.004586708304869707,-0.009684701084977758,-0.012546468401486969,-0.019042123485285695
2023-09-18,336.0,337.0,330.5,330.5,330.5,2308,1.8651270210926683,1.8262402111049276,1.8435162264207277,1.7954160904225591,1.7954160904225591,-0.01195814648729447,-0.02233397426416214,-0.030128142423945962,-0.035599649839509744,-0.03790172333488584,-0.04341534008683068
2023-09-19,332.0,333.0,328.0,330.5,330.5,2308,1.8158686725604416,1.7776634646108405,1.8124059526081304,1.7954160904225591,1.7954160904225591,-0.010775217000898002,-0.017100371747211896,-0.02708272004710035,-0.03291880029261156,-0.03554336407143693,-0.040638606676342524
2023-09-20,329.5,334.0,326.5,330.5,330.5,2308,1.7850822047277999,1.7898076512343621,1.793739788320572,1.7954160904225591,1.7954160904225591,-0.01018268942797238,-0.012843488649940296,-0.024018112018899477,-0.030436376971030438,-0.03334308277274051,-0.03812572759022125
2023-09-21,329.5,329.5,321.0,325.0,325.0,2308,1.7850822047277999,1.7351588114285141,1.7252971859328579,1.7277905438538177,1.7277905438538177,-0.019015997585270183,-0.024024024024024024,-0.03627557576356632,-0.042075012895143996,-0.0468649187635639,-0.05169479161600926
2023-09-22,321.0,329.0,320.0,328.5,328.5,2308,1.6804082140968184,1.7290867181167533,1.712853076407819,1.7708249825793805,1.7708249825793805,-0.001519756838905775,-0.010094922404700987,-0.022515373933743293,-0.0293270296225161,-0.0351289431945015,-0.03881790695406218
2023-09-25,331.0,337.5,330.0,336.5,336.5,2308,1.8035540854273848,1.8323123044166885,1.837294171658208,1.869189413952095,1.869189413952095,0.019079345850999428,0.012486836166691672,0.003179966212858977,-0.004805914972273568,-0.010875955320399732,-0.014063873425139206
2023-09-26,330.5,333.0,326.5,326.5,326.5,2308,1.7973967918608567,1.7776634646108405,1.793739788320572,1.7462338747362018,1.7462338747362018,-0.008803885853066112,-0.015825169555388093,-0.022357520710649687,-0.03151649981460882,-0.03766800282952126,-0.041022126493048684
2023-09-27,323.0,325.0,321.0,323.0,323.0,2308,1.7050373883629317,1.6805099716226661,1.7252971859328579,1.703199436010639,1.703199436010639,-0.014943580359865745,-0.023874282260501596,-0.02857142857142857,-0.038547402887334395,-0.04516968192030263,-0.0487876705605183
2023-09-28,326.0,330.5,323.0,324.5,324.5,2308,1.7419811497621016,1.747302998052036,1.7501854049829357,1.7216427668930232,1.7216427668930232,-0.010067114093959766,-0.01532392656653015,-0.020426645200241452,-0.030981709593131766,-0.03703483886284058,-0.042160672996507186
2023-10-02,326.0,338.5,326.0,335.5,335.5,2308,1.7419811497621016,1.8444564910402101,1.7875177335580525,1.8568938600305056,1.8568938600305056,0.019137302551640374,0.019446976602856204,0.013697250478396697,0.0034395094960370186,-0.003208746806108456,-0.009106571498892388
2023-10-03,338.0,342.5,334.5,336.5,336.5,2308,1.8897561953587816,1.8930332375342973,1.8932926645208834,1.869189413952095,1.869189413952095,0.022174969623329318,0.020624810433727665,0.015695744038635644,0.00786222388618495,0.00047570910388304994,-0.0055166978622796
2023-10-04,332.0,335.5,327.0,333.0,333.0,2308,1.8158686725604416,1.8080239311696449,1.7999618430830915,1.8261549752265325,1.8261549752265325,0.007564296520423601,0.009243824821942753,0.005030181086519172,-0.00030021014710304033,-0.00833829660512213,-0.014258226848882519
2023-10-05,338.0,341.5,336.5,338.0,338.0,2308,1.8897561953587816,1.8808890509107756,1.918180883570961,1.887632744834479,1.887632744834479,0.013493253373313344,0.022074387662534053,0.01878830503365824,0.015777610818933134,0.007571692601204378,0.0015309397994962264
2023-10-06,339.0,340.0,337.5,337.5,337.5,2308,1.9020707824918381,1.8626727709754929,1.930624993096,1.8814849678736845,1.8814849678736845,0.004165426956262949,0.01671938544961594,0.017383440514469408,0.015113918339724721,0.007101933635712567,0.0019792182088075776
2023-10-11,337.5,341.5,336.0,338.5,338.5,2308,1.8835989017922532,1.8808890509107756,1.9119588288084417,1.8937805217952737,1.8937805217952737,0.00534600534600538,0.01666916954497676,0.020705598552618377,0.01835138387484965,0.010990980228182328,0.005644682115270283
2023-10-12,339.0,339.5,335.0,336.0,336.0,2308,1.9020707824918381,1.856600677663732,1.8995147192834028,1.8630416369913003,1.8630416369913003,-0.0017825311942959675,0.009312105737458765,0.012048192771084338,0.010146561443066516,0.00472459781113565,-0.0011395729078927585
2023-10-13,334.0,334.0,328.0,328.5,328.5,2308,1.840497846826555,1.7898076512343621,1.8124059526081304,1.7708249825793805,1.7708249825793805,-0.02144772117962463,-0.013809666766736783,-0.01014463640016073,-0.011807174550650557,-0.015346801750494589,-0.021690574279049066
2023-10-16,325.0,328.0,324.5,325.0,325.0,2308,1.7296665626290448,1.7169425314932314,1.768851569270494,1.7277905438538177,1.7277905438538177,-0.024317021915340804,-0.024902490249024935,-0.0196078431372549,-0.021379102679915756,-0.023496184123550246,-0.03004377238360524
2023-10-17,327.0,328.5,321.5,321.5,321.5,2308,1.7542957368951582,1.7230146248049925,1.7315192406953772,1.6847561051282551,1.6847561051282551,-0.025462261291300328,-0.03453453453453453,-0.02948279331857512,-0.02950720700324497,-0.031509820460296364,-0.0381451009723261
2023-10-18,320.0,321.5,317.5,317.5,317.5,2308,1.6680936269637616,1.6380053184403398,1.6817428025952217,1.6355738894418979,1.6355738894418979,-0.02517654283082588,-0.04136473429951688,-0.03943122226704324,-0.038315917007420805,-0.04095934271733221,-0.047404740474047434
2023-10-19,313.5,318.5,310.5,317.5,317.5,2308,1.5880488105988932,1.6015727585697745,1.5946340359199491,1.6355738894418979,1.6355738894418979,-0.013975155279503106,-0.035833586395384184,-0.035735978943105845,-0.036418816388467376,-0.039334341906202726,-0.04468181134346328
2023-10-20,312.0,312.5,307.5,309.0,309.0,2308,1.5695769298993083,1.5287076388286438,1.5573017073448323,1.5310616811083886,1.5310616811083886,-0.028607356177302805,-0.054756806362802016,-0.05821395915879311,-0.05914592372687832,-0.062386211918922206,-0.06655925888631566
2023-10-23,309.0,312.0,308.0,309.5,309.5,2308,1.5326331685001384,1.522635545516883,1.5635237621073519,1.5372094580691833,1.5372094580691833,-0.01746031746031746,-0.04490047832124675,-0.05409535452322735,-0.054600992745322645,-0.05835463064378729,-0.061694709716537885
2023-10-24,310.0,310.0,304.0,308.0,308.0,2308,1.544947755633195,1.4983471722698394,1.5137473240071961,1.5187661271867992,1.5187661271867992,-0.013768812039705447,-0.04079725942074127,-0.05550444648880718,-0.056733787611974514,-0.05948454867472828,-0.0629278434156483
2023-10-25,308.0,309.5,303.0,305.5,305.5,2308,1.5203185813670816,1.4922750789580783,1.5013032144821572,1.4880272423828258,1.4880272423828258,-0.014198128428525258,-0.038703587161736976,-0.05738969453872268,-0.06108336534767576,-0.06317080650107336,-0.0672705068186445
2023-10-26,300.0,303.0,298.0,298.0,298.0,2308,1.4218018843026283,1.4133378659051867,1.4390826668569627,1.395810587970906,1.395810587970906,-0.026143790849673203,-0.050955414012738856,-0.07319095998341289,-0.0786829494512289,-0.082512315270936,-0.08705642073015069
2023-10-27,297.0,301.5,294.5,295.0,295.0,2308,1.3848581229034584,1.395121585969904,1.3955282835193263,1.3589239262061379,1.3589239262061379,-0.027044854881266456,-0.05037823917592139,-0.07523510971786834,-0.08349514563106795,-0.08776052940812665,-0.09277293695540753
2023-10-30,293.0,297.0,293.0,295.0,295.0,2308,1.3355997743712318,1.340472746164056,1.376862119231768,1.3589239262061379,1.3589239262061379,-0.017649017649017686,-0.04111815374614002,-0.06684943061999155,-0.07949137998283803,-0.08373711020002479,-0.0893656428461182
2023-10-31,295.0,298.5,289.5,290.5,290.5,2308,1.3602289486373451,1.3586890260993387,1.3333077358941319,1.303593933558986,1.303593933558986,-0.02122641509433966,-0.04613363979642098,-0.07188498402555911,-0.08869892557446468,-0.09382993324599159,-0.09885223865163895
2023-11-01,290.0,291.5,285.0,287.0,287.0,2308,1.298656012972062,1.2736797197346863,1.2773092430314565,1.2605594948334233,1.2605594948334233,-0.02081200955305364,-0.04809286898839138,-0.07289759879401313,-0.09277698751382968,-0.10008779631255492,-0.10480349344978172
2023-11-02,290.5,299.5,290.5,298.5,298.5,2308,1.30481330653859,1.3708332127228606,1.3457518454191708,1.4019583649317007,1.4019583649317007,0.018076398362892262,-0.0036715620827771117,-0.027898393399913145,-0.05072348545078705,-0.05954631379962186,-0.06582516169413737
2023-11-03,300.5,306.0,298.5,304.0,304.0,2308,1.4279591778691567,1.4497704257757522,1.445304721619482,1.4695839115004419,1.4695839115004419,0.030508474576271188,0.016382480775660235,-0.0046927862053912596,-0.02875399361022364,-0.03949447077409163,-0.04597520790836334
2023-11-06,309.0,312.5,307.5,308.0,308.0,2308,1.5326331685001384,1.5287076388286438,1.5573017073448323,1.5187661271867992,1.5187661271867992,0.034946236559139705,0.030272620839605323,0.012159053565560265,-0.011235955056179775,-0.025007913896802715,-0.03114186851211066
2023-11-07,306.0,307.5,305.0,306.0,306.0,2308,1.4956894071009683,1.4679867057110347,1.526191433532235,1.4941750193436205,1.4941750193436205,0.017625540405720026,0.024267782426778243,0.009012969883490927,-0.012664354279261148,-0.02906460210686643,-0.035511662113889425
2023-11-08,299.0,303.0,298.5,301.0,301.0,2308,1.4094872971695718,1.4133378659051867,1.445304721619482,1.432697249735674,1.432697249735674,-0.008237232289950576,0.009051290646999626,-0.0038610038610039235,-0.022885895146891773,-0.04072917330613798,-0.048522206416943325
2023-11-09,300.0,303.5,300.0,302.0,302.0,2308,1.4218018843026283,1.4194099592169476,1.4639708859070404,1.4449928036572632,1.4449928036572632,-0.007232084155161041,0.01104787412119187,0.0028780163825548183,-0.014199445079157899,-0.0332906530089628,-0.04187817258883245
2023-11-10,300.0,304.5,300.0,303.5,303.5,2308,1.4218018843026283,1.4315541458404695,1.4639708859070404,1.4634361345396472,1.4634361345396472,-0.0019730351857942213,0.013186446336170884,0.009087886512246532,-0.0052441822353327516,-0.02480560375297226,-0.03477154669776318
2023-11-13,301.5,304.5,299.5,299.5,299.5,2308,1.4402737650022135,1.4315541458404695,1.457748831144521,1.4142539188532899,1.4142539188532899,-0.009589947089947015,-0.0016666666666666668,-0.0019993335554815816,-0.014235168271208718,-0.03287264272797729,-0.045113980551570156
2023-11-14,295.5,301.0,295.5,299.5,299.5,2308,1.3663862422038735,1.3890494926581431,1.4079723930443653,1.4142539188532899,1.4142539188532899,-0.005313849219528471,-0.004652708541043461,-0.00011128421989770707,-0.010653233132380948,-0.028102284527518253,-0.042570195535190994
2023-11-15,305.0,309.0,301.5,306.5,306.5,2308,1.4833748199679118,1.4862029856463175,1.482637050194599,1.5003227963044152,1.5003227963044152,0.014228987425546034,0.012052171041769777,0.023030707610146785,0.01431289815504257,-0.0012382690302398184,-0.01715568382235056
2023-11-16,304.5,310.0,304.0,305.0,305.0,2308,1.4772175264013834,1.4983471722698394,1.5137473240071961,1.4818794654220313,1.4818794654220313,0.0072655217965653515,0.004942339373970346,0.016440790935347713,0.0114408887415022,-0.0020939667582776677,-0.018661518661518696
2023-11-17,304.0,308.0,304.0,305.0,305.0,2308,1.471060232834855,1.4740587990227958,1.5137473240071961,1.4818794654220313,1.4818794654220313,0.006268558231606655,0.0046113306982871445,0.014187541565063128,0.012112161937945834,0.0009845749917952458,-0.015705679862306393
2023-11-20,303.5,308.0,303.0,306.0,306.0,2308,1.4649029392683268,1.4740587990227958,1.5013032144821572,1.4941750193436205,1.4941750193436205,0.005256241787122282,0.008569545154911084,0.015037593984962495,0.016020586038017724,0.006777653484240318,-0.009067357512953404
2023-11-21,308.0,311.0,306.5,310.5,310.5,2308,1.5203185813670816,1.510491358893361,1.5448575978197934,1.5495050119907725,1.5495050119907725,0.012720156555772919,0.021885798913937722,0.025429326287978827,0.03053435114503813,0.023064250411861616,0.008444300097434307
2023-11-22,307.0,310.5,307.0,307.5,307.5,2308,1.508003994234025,1.5044192655816002,1.551079652582313,1.5126183502260047,1.5126183502260047,0.0022816166883963124,0.009852216748768473,0.010958904109588979,0.02023888520238893,0.0145166611679313,0.002063871388225046
2023-11-23,309.0,314.0,308.0,312.5,312.5,2308,1.5326331685001384,1.5469239187639265,1.5635237621073519,1.5740961198339511,1.5740961198339511,0.013623094388582512,0.02274586810669281,0.02425434283841356,0.03434009102192801,0.03169362826015194,0.020963789817587865
2023-11-24,317.5,321.5,315.5,316.5,316.5,2308,1.63730715913112,1.6380053184403398,1.6568545835451438,1.6232783355203084,1.6232783355203084,0.01899549259497739,0.03144859051653895,0.03453911527565917,0.04386543535620057,0.04386543535620057,0.0353852025516602
2023-11-27,316.0,317.5,313.5,314.5,314.5,2308,1.618835278431535,1.5894285719462526,1.631966364495066,1.5986872276771298,1.5986872276771298,0.007044508485430639,0.019944867844981277,0.026547709716026522,0.03394427549930135,0.03658536585365862,0.030021834061135434
2023-11-28,313.5,320.5,310.5,318.5,318.5,2308,1.5880488105988932,1.6258611318168181,1.5946340359199491,1.647869443363487,1.647869443363487,0.014654348518636583,0.0265914585012087,0.036783854166666706,0.04229730835310484,0.04831808307550526,0.04346401659932287
2023-11-29,322.5,322.5,316.0,317.0,317.0,2308,1.6988800947964033,1.6501495050638617,1.6630766383076632,1.6294261124811031,1.6294261124811031,0.0037998733375553787,0.01831031159653064,0.02833044982698967,0.032321094195229216,0.041803601945576536,0.038606454431278414
2023-11-30,320.0,320.0,315.0,316.5,316.5,2308,1.6680936269637616,1.619789038505057,1.6506325287826242,1.6232783355203084,1.6232783355203084,-0.0003158559696778987,0.012962073931829129,0.023498975962056648,0.02768081824823436,0.037636876270408556,0.03708153568893014
2023-12-01,316.0,320.0,313.5,319.5,319.5,2308,1.618835278431535,1.619789038505057,1.631966364495066,1.6601649972850765,1.6601649972850765,0.007250945775535976,0.017840076457470606,0.029648727038349944,0.034817813765182185,0.04411764705882353,0.04571241544839615
2023-12-04,319.5,321.5,317.0,320.5,320.5,2308,1.6619363333972332,1.6380053184403398,1.675520747832702,1.6724605512066657,1.6724605512066657,0.006595477386934745,0.01633106072617719,0.028232274623035007,0.03595959595959596,0.04390593446681004,0.047728015691402496
2023-12-05,314.5,316.5,310.0,310.5,310.5,2308,1.60036339773195,1.577284385322731,1.5884119811574298,1.5495050119907725,1.5495050119907725,-0.01988636363636367,-0.0153797368003806,-0.006187986770511055,0.0029069767441859727,0.008706386849457497,0.01476115256822262
2023-12-06,311.0,315.5,309.5,310.0,310.0,2308,1.5572623427662518,1.565140198699209,1.5821899263949102,1.5433572350299778,1.5433572350299778,-0.017121116043119777,-0.017743979721166103,-0.008528784648187694,-0.00016126431220774508,0.0040811038414199355,0.012630662020905948
2023-12-07,309.0,313.0,309.0,311.0,311.0,2308,1.5326331685001384,1.5347797321404046,1.5759678716323908,1.5556527889515672,1.5556527889515672,-0.010499522748965992,-0.014106831510540463,-0.006601362862010209,0.001610305958132045,0.005691372396843846,0.01446123736000871
2023-12-08,313.5,314.0,311.5,312.5,312.5,2308,1.5880488105988932,1.5469239187639265,1.607078145444988,1.5740961198339511,1.5740961198339511,-0.0012783636944710044,-0.0080939533407396,-0.0034017221218241613,0.004984724232191707,0.009432133858776458,0.017418199576754105
2023-12-11,310.5,314.0,308.5,310.5,310.5,2308,1.5511050491997234,1.5469239187639265,1.5697458168698712,1.5495050119907725,1.5495050119907725,-0.0012865873271147548,-0.013189257905609335,-0.010726423109600704,-0.0032102728731942215,0.0026478946008783037,0.00920910075839647
2023-12-12,307.0,309.0,300.0,301.0,301.0,2308,1.508003994234025,1.4862029856463175,1.4639708859070404,1.432697249735674,1.432697249735674,-0.025889967637540454,-0.03803131991051447,-0.03905501755879541,-0.033940463772767354,-0.02740080134419031,-0.02278015258914556
2023-12-13,300.0,303.0,300.0,303.0,303.0,2308,1.4218018843026283,1.4133378659051867,1.4639708859070404,1.4572883575788527,1.4572883575788527,-0.014954486345903843,-0.027287319422150885,-0.03174265019173414,-0.02697495183044309,-0.02119136839384934,-0.017987360233349573
2023-12-14,305.0,308.0,304.0,305.5,305.5,2308,1.4833748199679118,1.4740587990227958,1.5137473240071961,1.4880272423828258,1.4880272423828258,-0.0032626427406199023,-0.01578608247422673,-0.022295711542564458,-0.019025447539536038,-0.013561511139812686,-0.010633130026447972
2023-12-15,314.0,317.0,310.5,313.0,313.0,2308,1.5942061041654216,1.5833564786344918,1.5946340359199491,1.5802438967947459,1.5802438967947459,0.020874103065883814,0.010492332526230832,0.002455428632432961,0.0037681391806301976,0.009416924664602736,0.012671879212725863
2023-12-18,311.0,313.0,307.0,307.0,307.0,2308,1.5572623427662518,1.5347797321404046,1.551079652582313,1.50647057326521,1.50647057326521,0.003595946387708476,-0.004539559014267112,-0.015183917878528705,-0.0156312625250501,-0.01088987692505959,-0.006633230868791494
2023-12-19,307.0,307.0,302.0,302.5,302.5,2308,1.508003994234025,1.461914612399274,1.4888591049571183,1.451140580618058,1.451140580618058,-0.012083605486610022,-0.01657997399219773,-0.02628755364806873,-0.02881451159804165,-0.02576489533011272,-0.020824341821320685
2023-12-20,304.0,307.0,303.5,305.5,305.5,2308,1.471060232834855,1.461914612399274,1.5075252692446768,1.4880272423828258,1.4880272423828258,-0.003912618193674564,-0.005371968093765188,-0.014198128428525258,-0.018867924528301886,-0.015976293242285576,-0.011593421407387375
2023-12-21,304.5,305.0,302.5,303.5,303.5,2308,1.4772175264013834,1.4376262391522303,1.4950811597196378,1.4634361345396472,1.4634361345396472,-0.009141364675155113,-0.009464751958224469,-0.017905296084564856,-0.02388035699927639,-0.022229381443298897,-0.018222989001509572
2023-12-22,305.5,308.5,305.0,305.5,305.5,2308,1.4895321135344401,1.4801308923345566,1.526191433532235,1.4880272423828258,1.4880272423828258,0.002296587926509149,-0.000654236179260676,-0.008438818565400918,-0.015706806282722512,-0.01584949423361902,-0.01196636481241911
2023-12-25,306.5,308.0,304.5,306.5,306.5,2308,1.5018467006674967,1.4740587990227958,1.5199693787697157,1.5003227963044152,1.5003227963044152,0.005907449950771288,0.0039305601048148986,-0.0021703743895822645,-0.011210581498508017,-0.012691663445432282,-0.009479694064418842
2023-12-26,308.5,311.5,307.0,310.5,310.5,2308,1.52647587493361,1.516563452205122,1.551079652582313,1.5495050119907725,1.5495050119907725,0.013712047012732577,0.013877551020408163,0.010851871947910952,0.002987967374626541,0.00019327406262080362,0.0022595222724337916
2023-12-27,312.0,313.5,311.5,313.0,313.0,2308,1.5695769298993083,1.5408518254521655,1.607078145444988,1.5802438967947459,1.5802438967947459,0.016894087069525627,0.01871440195280716,0.018327730181108316,0.011717171717171718,0.007532350479623945,0.009623138540938709
2023-12-28,314.0,314.5,312.0,313.0,313.0,2308,1.5942061041654216,1.5529960120756874,1.6133002002075076,1.5802438967947459,1.5802438967947459,0.010655473038424318,0.016233766233766232,0.01788617886178862,0.0122897800776197,0.007467490665636646,0.008755438577644003
2023-12-29,312.0,313.5,310.5,313.5,313.5,2308,1.5695769298993083,1.5408518254521655,1.5946340359199491,1.5863916737555406,1.5863916737555406,0.007067137809187243,0.017691933127738965,0.019291210577652554,0.014891550663645267,0.009466769706336932,0.009445100354191275
2024-01-02,311.0,312.5,309.0,310.0,310.0,2308,1.5572623427662518,1.5287076388286438,1.5759678716323908,1.5433572350299778,1.5433572350299778,-0.00641025641025641,0.0053510621047510205,0.008020810752221894,0.00526955816781516,-0.001224305689799586,-0.0022529771483746014
2024-01-03,308.0,308.5,303.0,304.5,304.5,2308,1.5203185813670816,1.4801308923345566,1.5013032144821572,1.4757316884612366,1.4757316884612366,-0.020270270270270306,-0.013125911521633483,-0.01061410159211519,-0.011604317130568819,-0.017171260732037934,-0.01932367149758454
2024-01-04,304.0,305.5,303.5,304.0,304.0,2308,1.471060232834855,1.4436983324639912,1.5075252692446768,1.4695839115004419,1.4695839115004419,-0.016181229773462782,-0.014267185473411081,-0.01245262587980503,-0.012265453659328983,-0.017135467183963825,-0.020565966815228456
2024-01-05,304.5,308.0,304.0,304.5,304.5,2308,1.4772175264013834,1.4740587990227958,1.5137473240071961,1.4757316884612366,1.4757316884612366,-0.009111617312072929,-0.012965964343598054,-0.01061410159211519,-0.009595056106683977,-0.01398873129978626,-0.01811146342774227
2024-01-08,306.0,309.0,305.5,306.0,306.0,2308,1.4956894071009683,1.4862029856463175,1.5324134882947547,1.4941750193436205,1.4941750193436205,0.0006540222367560125,-0.008264462809917392,-0.00423039375203388,-0.003663003663003663,-0.007395873880887417,-0.012159690089314489
2024-01-09,307.0,307.5,295.5,295.5,295.5,2308,1.508003994234025,1.4679867057110347,1.4079723930443653,1.3650717031669326,1.3650717031669326,-0.024430505117200324,-0.03886810863555046,-0.035993910395824356,-0.03549571603427173,-0.03833637073678721,-0.04410178995039894
2024-01-10,290.5,293.5,287.5,291.0,291.0,2308,1.30481330653859,1.2979680929817299,1.308419516844054,1.3097417105197806,1.3097417105197806,-0.03064623584277145,-0.04746317512274959,-0.04829390602856204,-0.04863097670617082,-0.05057096247960848,-0.05585897366571127
2024-01-11,290.0,295.0,290.0,293.0,293.0,2308,1.298656012972062,1.3161843729170124,1.3395297906566512,1.3343328183629592,1.3343328183629592,-0.016778523489932886,-0.03459637561779242,-0.03913423699169218,-0.040523945968072045,-0.0419200837093715,-0.04689617782596916
2024-01-12,292.5,294.5,291.0,293.5,293.5,2308,1.3294424808047034,1.3101122796052516,1.3519739001816902,1.340480595323754,1.340480595323754,-0.007775524002704568,-0.02669540706350526,-0.03538562664329531,-0.03699450414240006,-0.03808337703198743,-0.04288276536768296
2024-01-15,297.0,298.0,293.0,295.5,295.5,2308,1.3848581229034584,1.3526169327875779,1.376862119231768,1.3650717031669326,1.3650717031669326,0.00612870275791628,-0.014178482068390326,-0.026679841897233273,-0.02764067127344514,-0.029365392195506497,-0.033840117704757304
2024-01-16,292.5,292.5,288.5,289.5,289.5,2308,1.3294424808047034,1.285823906358208,1.320863626369093,1.2912983796373967,1.2912983796373967,-0.010256410256410256,-0.027544507893852835,-0.04286973771214451,-0.04463328108241887,-0.046442687747035645,-0.05024878342172889
2024-01-17,284.0,286.0,279.5,279.5,279.5,2308,1.224768490173722,1.2068866933053164,1.2088666406437425,1.1683428404215035,1.1683428404215035,-0.036871123363197755,-0.05318428184281839,-0.06957390146471365,-0.07412008281573498,-0.07676554138865035,-0.07993635814999733
2024-01-18,279.5,281.5,276.5,277.0,277.0,2308,1.1693528480749669,1.1522378534994684,1.1715343120686257,1.1376039556175301,1.1376039556175301,-0.03484320557491289,-0.05299145299145299,-0.07046979865771812,-0.07804959227824926,-0.08186940669539274,-0.08485215571829746
2024-01-19,279.0,286.0,279.0,285.0,285.0,2308,1.1631955545084385,1.2068866933053164,1.2026445858812231,1.2359683869902447,1.2359683869902447,-0.0010515247108307444,-0.019101703665462093,-0.037595677622692454,-0.04849344795926877,-0.05277851635203402,-0.05571815119553812
2024-01-22,288.0,292.5,287.5,291.0,291.0,2308,1.2740268387059486,1.285823906358208,1.308419516844054,1.3097417105197806,1.3097417105197806,0.0232067510548524,0.00674623767514267,-0.012331711732096365,-0.026104417670682768,-0.03,-0.033543673198273075
2024-01-23,293.0,294.0,291.0,293.5,293.5,2308,1.3355997743712318,1.3040401862934907,1.3519739001816902,1.340480595323754,1.340480595323754,0.029102384291725146,0.016098320927817125,-0.00011355893708843921,-0.01559617642126439,-0.019902491150737927,-0.0234028393966283
2024-01-24,295.0,295.0,289.0,289.0,289.0,2308,1.3602289486373451,1.3161843729170124,1.3270856811316123,1.285150602676602,1.285150602676602,0.006617903169627228,0.0012125411397887504,-0.011965811965811967,-0.027181688125894096,-0.03318613675899911,-0.03709462461128385
2024-01-25,286.0,288.5,284.0,284.0,284.0,2308,1.2493976644398352,1.2372471598641208,1.2648651335064176,1.2236728330686553,1.2236728330686553,-0.01559792027729636,-0.013032145960034752,-0.024613623354321757,-0.03932346723044398,-0.047171710393880434,-0.05175292153589316
2024-01-26,281.5,290.0,281.5,287.5,287.5,2308,1.1939820223410802,1.2554634397994036,1.2337548596938204,1.266707271794218,1.266707271794218,-0.005190311418685121,0.0012188751523594733,-0.008734628203654842,-0.023271615423815263,-0.03335350682536486,-0.0381398461023753
2024-01-29,289.5,293.0,288.0,293.0,293.0,2308,1.2924987194055335,1.2918959996699688,1.3146415716065734,1.3343328183629592,1.3343328183629592,0.01243953006219773,0.021261763680725073,0.013256484149855842,-0.001107986022330141,-0.013202209349319736,-0.017547781379233313
2024-01-30,289.0,291.0,286.0,286.0,286.0,2308,1.2863414258390051,1.2676076264229252,1.2897533525564955,1.2482639409118341,1.2482639409118341,-0.006599513720041602,-0.0019193857965451452,-0.0087800369685768,-0.020967051775780916,-0.034110097939885245,-0.038763163791171944
2024-01-31,282.0,284.0,280.0,280.0,280.0,2308,1.2001393159076086,1.1825983200582728,1.215088695406262,1.174490617382298,1.174490617382298,-0.02132121635791689,-0.02302861130495472,-0.02710215427380129,-0.03746992093502914,-0.0504612045577862,-0.05655079463132484
2024-02-01,282.0,285.0,281.5,285.0,285.0,2308,1.2001393159076086,1.1947425066817945,1.2337548596938204,1.2359683869902447,1.2359683869902447,-0.004540691582256414,-0.008350730688935203,-0.007890461824089064,-0.017071908949818897,-0.029820261437908467,-0.03748733535967586
2024-02-02,287.0,289.0,286.0,286.0,286.0,2308,1.2617122515728918,1.2433192531758817,1.2897533525564955,1.2482639409118341,1.2482639409118341,0.0,-0.0052173913043478265,-0.002673485993258113,-0.010466222645099827,-0.022823561568949047,-0.03220348542101399
2024-02-05,283.5,288.5,282.5,287.5,287.5,2308,1.2186111966071935,1.2372471598641208,1.2461989692188593,1.266707271794218,1.266707271794218,0.009126009126009206,0.0012188751523594733,0.004425294049144002,-0.0020826102047900824,-0.014195583596214464,-0.025148346990675394
2024-02-15,293.5,293.5,282.0,284.5,284.5,2308,1.3417570679377602,1.2979680929817299,1.23997691445634,1.22982061002945,1.22982061002945,-0.0003513703443430173,-0.00611353711790393,-0.004896817068905133,-0.010606850982437877,-0.021058426811644087,-0.03291598209733161
2024-02-16,286.0,292.5,286.0,291.5,291.5,2308,1.2493976644398352,1.285823906358208,1.2897533525564955,1.3158894874805753,1.3158894874805753,0.0160334611362845,0.017452006980802792,0.016742239274503006,0.013648613405198684,0.004825922095828945,-0.00698347811275766
2024-02-19,293.0,295.0,291.0,292.0,292.0,2308,1.3355997743712318,1.3161843729170124,1.3519739001816902,1.32203726444137,1.32203726444137,0.012833853624696457,0.016359206404455234,0.01494612443517557,0.015563864011825138,0.008217664525930514,-0.0029025098173126947
2024-02-20,290.5,293.5,290.5,292.5,292.5,2308,1.30481330653859,1.2979680929817299,1.3457518454191708,1.3281850414021648,1.3281850414021648,0.010013812154696053,0.016330785267546867,0.014920194309507327,0.01747978085050866,0.011620668188420882,0.001140901312036444
2024-02-21,289.0,291.5,288.5,291.0,291.0,2308,1.2863414258390051,1.2736797197346863,1.320863626369093,1.3097417105197806,1.3097417105197806,0.0024112986565621376,0.011821974965229406,0.009715475364330366,0.013054830287206266,0.008525681014763913,-0.001429796968830491
2024-02-22,291.0,294.0,291.0,293.5,293.5,2308,1.3109706001051185,1.3040401862934907,1.3519739001816902,1.340480595323754,1.340480595323754,0.004792879150975615,0.017860239292526364,0.0183900069396253,0.021047138632805745,0.017472093184497058,0.009053403621361422
2024-02-23,294.0,295.0,292.0,292.5,292.5,2308,1.3479143615042886,1.3161843729170124,1.364418009706729,1.3281850414021648,1.3281850414021648,0.0006842285323297592,0.010013812154696053,0.014099156361955379,0.015272474835126611,0.013794537640371616,0.007000229515721919
2024-02-26,291.5,295.0,291.0,295.0,295.0,2308,1.3171278936716468,1.3161843729170124,1.3519739001816902,1.3589239262061379,1.3589239262061379,0.007169682485490007,0.015141087405368124,0.02017291066282414,0.020761245674740483,0.022176022176022096,0.016657093624353754
2024-02-27,293.5,294.0,287.5,289.0,289.0,2308,1.3417570679377602,1.3040401862934907,1.308419516844054,1.285150602676602,1.285150602676602,-0.010951403148528367,-0.006531454107940795,-0.0009218713989397956,-0.0006915629322267933,0.0020109562443658,-0.0022440876920420414
2024-02-29,288.0,294.5,287.0,294.5,294.5,2308,1.2740268387059486,1.3101122796052516,1.3021974620815344,1.3527761492453434,1.3527761492453434,0.005462615227040024,0.009945130315500606,0.017739891717544035,0.017710583153347732,0.02122199875164715,0.01809172620419457
2024-03-01,295.0,295.5,291.0,293.5,293.5,2308,1.3602289486373451,1.3222564662287735,1.3519739001816902,1.340480595323754,1.340480595323754,0.002048480710140057,0.003418803418803419,0.012534498620055172,0.014254859611231102,0.017189990989117554,0.014868603042876941
2024-03-04,295.0,297.0,293.5,293.5,293.5,2308,1.3602289486373451,1.340472746164056,1.3830841739942874,1.340480595323754,1.340480595323754,0.001364721937905074,0.0027331738981893113,0.009400435629943879,0.013466850828729202,0.015219647180906182,0.01457625165639214
2024-03-05,292.0,294.0,289.0,290.5,290.5,2308,1.3232851872381752,1.3040401862934907,1.3270856811316123,1.303593933558986,1.303593933558986,-0.005817932922655676,-0.007007349171081905,-0.0021754064575223004,0.001983271535741963,0.0029692031487364096,0.004495159059474452
2024-03-06,290.0,296.5,289.0,295.0,295.0,2308,1.298656012972062,1.3344006528522951,1.3270856811316123,1.3589239262061379,1.3589239262061379,0.005453306066803078,0.007513661202185753,0.011197440585009088,0.016190148122631722,0.017101089504895806,0.019878997407087293
2024-03-07,296.5,300.0,296.0,297.0,297.0,2308,1.37870082933693,1.3769053060346215,1.4141944478068849,1.3835150340493165,1.3835150340493165,0.010547805375978303,0.012269938650306827,0.015847679854064503,0.022375215146299483,0.023150062009094762,0.02661596958174901
2024-03-08,296.5,314.5,296.5,312.0,312.0,2308,1.37870082933693,1.5529960120756874,1.4204165025694042,1.5679483428731564,1.5679483428731564,0.04838709677419347,0.056731583403895,0.060503059143439876,0.06922549691569564,0.0720912652051406,0.07567660748146866
2024-03-11,312.5,313.0,304.0,308.0,308.0,2308,1.5757342234658367,1.5347797321404046,1.5137473240071961,1.5187661271867992,1.5187661271867992,0.024958402662229616,0.03773584905660373,0.043007111412123225,0.050477489768076436,0.0555898279525671,0.058419243986254296
2024-03-12,310.0,317.5,309.0,312.5,312.5,2308,1.544947755633195,1.5894285719462526,1.5759678716323908,1.5740961198339511,1.5740961198339511,0.024926205313217525,0.04672584156757658,0.05337078651685387,0.06085037766273449,0.06684418953980603,0.06953396839883633
2024-03-13,316.5,317.5,312.5,314.5,314.5,2308,1.6249925719980634,1.5894285719462526,1.619522254970027,1.5986872276771298,1.5986872276771298,0.01845854922279789,0.044503487213550234,0.05489713774597498,0.0625,0.06972789115646258,0.07276861853325746
2024-03-14,316.5,316.5,309.5,310.5,310.5,2308,1.6249925719980634,1.577284385322731,1.5821899263949102,1.5495050119907725,1.5495050119907725,-0.0032102728731942215,0.025768087215064458,0.03695869976622508,0.04492680464411921,0.05361384458771636,0.056781439673265655
2024-03-15,307.0,308.5,301.5,303.0,303.0,2308,1.508003994234025,1.4801308923345566,1.482637050194599,1.4572883575788527,1.4572883575788527,-0.02163383919922502,-0.0021406224271364313,0.009775605421017564,0.01652268724314354,0.025797278082470055,0.030145058930190417
2024-03-18,304.0,306.5,303.0,306.0,306.0,2308,1.471060232834855,1.455842519087513,1.5013032144821572,1.4941750193436205,1.4941750193436205,-0.010669253152279377,0.0036077402427026,0.016723889688780684,0.024096385542168634,0.03231900681465483,0.03834407872412627
2024-03-19,303.5,322.0,303.5,320.0,320.0,2308,1.4649029392683268,1.6440774117521006,1.5075252692446768,1.6663127742458712,1.6663127742458712,0.029601029601029564,0.039467273022575855,0.05738517457869812,0.06595602931379084,0.07447451480760194,0.08144643460628599
2024-03-20,320.0,323.5,314.5,316.0,316.0,2308,1.6680936269637616,1.6622936916873834,1.6444104740201049,1.617130558559514,1.617130558559514,0.01575056252008993,0.01951927730279081,0.037994087375451645,0.04852758191621734,0.056785499297705905,0.06451069563752729
2024-03-21,317.0,338.0,317.0,338.0,338.0,2308,1.6311498655645917,1.8383843977284493,1.675520747832702,1.887632744834479,1.887632744834479,0.06759317751105488,0.07626174176086606,0.09978308026030376,0.11284879413943526,0.12277438214190797,0.1328976034858387
2024-03-22,348.0,365.0,347.5,358.0,358.0,2308,2.0129020666893482,2.1662774365635378,2.0550660883463894,2.1335438232662653,2.1335438232662653,0.09279609279609272,0.12348972226580897,0.14878596641352018,0.1663137318781561,0.17770905980656615,0.19035743973399832
2024-03-25,362.0,365.0,350.5,352.5,352.5,2308,2.1853062865521413,2.1662774365635378,2.092398416921506,2.0659182766975244,2.0659182766975244,0.04630454140694575,0.09099350046425247,0.11703813246012466,0.13728020648491696,0.15038182886234575,0.16272677295217144
2024-03-26,350.0,352.0,339.0,343.5,343.5,2308,2.0375312409554613,2.0084030104577546,1.9492911573835585,1.9552582914032204,1.9552582914032204,0.005562060889929676,0.05303494788473333,0.07646505797555618,0.09963985594237695,0.11352437759336093,0.12579887474736437
2024-03-27,349.0,352.0,337.5,341.5,341.5,2308,2.025216653822405,2.0084030104577546,1.930624993096,1.9306671835600417,1.9306671835600417,-0.014998557830977758,0.038309516570386205,0.05990068280571077,0.08412698412698413,0.10005153975003223,0.11249864263220771
2024-03-28,339.0,347.0,338.5,342.5,342.5,2308,1.9020707824918381,1.9476820773401455,1.943069102621039,1.942962737481631,1.942962737481631,-0.014672036823935622,0.03131586871424263,0.05309008916675203,0.07908002520478899,0.096,0.10913212435233156
2024-03-29,346.5,353.5,340.5,341.0,341.0,2308,1.994430185989763,2.026619290393037,1.9679573216711168,1.924519406599247,1.924519406599247,-0.009296920395119083,0.015183090205418349,0.04228222109016805,0.06637479477757806,0.08460559796437667,0.09758060189903973
2024-04-01,343.5,346.0,333.0,334.5,334.5,2308,1.9574864245905932,1.9355378907166236,1.8746265002333249,1.8445983061089164,1.8445983061089164,-0.017909571344685914,-0.012546125461254613,0.01692338873125252,0.03938475879748314,0.05827638572513293,0.07171463662092163
2024-04-02,334.5,339.5,329.0,338.0,338.0,2308,1.8466551403930833,1.856600677663732,1.8248500621331691,1.887632744834479,1.887632744834479,-0.004418262150220913,-0.007487887241227459,0.02228047182175625,0.04256631708821719,0.06356198867212079,0.07763430575482233
2024-04-03,332.0,335.0,331.0,332.0,332.0,2308,1.8158686725604416,1.801951837857884,1.849738281183247,1.813859421304943,1.813859421304943,-0.01658767772511855,-0.02966535145404056,0.0006027727546714546,0.018248734856617047,0.039058587881822794,0.05407979680389468
2024-04-08,336.0,341.5,332.5,334.0,334.0,2308,1.8651270210926683,1.8808890509107756,1.8684044454708055,1.8384505291481217,1.8384505291481217,-0.005656445370645958,-0.02267739575713241,0.0018998100189980775,0.018603232692894246,0.04017440049828706,0.05562579013906455
2024-04-09,335.0,337.5,330.0,334.0,334.0,2308,1.8528124339596115,1.8323123044166885,1.837294171658208,1.8384505291481217,1.8384505291481217,-0.0014947683109118087,-0.015765433917784066,-0.004273079598529277,0.015197568389057751,0.03495290034704999,0.05114083398898505
2024-04-10,334.5,336.0,328.0,328.0,328.0,2308,1.8466551403930833,1.8140960244814057,1.8124059526081304,1.7646772056185858,1.7646772056185858,-0.015606242496998766,-0.0264173345206292,-0.0264173345206292,-0.006060606060606061,0.012033323048441768,0.028428093645484938
2024-04-11,323.5,324.0,315.5,319.5,319.5,2308,1.71119468192946,1.6683657849991442,1.6568545835451438,1.6601649972850765,1.6601649972850765,-0.030349013657056147,-0.04484304932735426,-0.05155353255491789,-0.03284395338277591,-0.0177089097952407,-0.0007818608287724785
2024-04-12,317.0,322.0,316.0,317.0,317.0,2308,1.6311498655645917,1.6440774117521006,1.6630766383076632,1.6294261124811031,1.6294261124811031,-0.02909647779479326,-0.045324499322391236,-0.05916106054610211,-0.04077464255995165,-0.02802477463665906,-0.011485889506782403
2024-04-15,312.0,313.5,307.5,308.0,308.0,2308,1.5695769298993083,1.5408518254521655,1.5573017073448323,1.5187661271867992,1.5187661271867992,-0.041394335511982606,-0.06269020085209988,-0.08041401273885351,-0.06765551687604063,-0.056892644987445604,-0.04089682374922148
2024-04-16,305.0,306.0,292.5,293.0,293.0,2308,1.4833748199679118,1.4497704257757522,1.3706400644692485,1.3343328183629592,1.3343328183629592,-0.06419674225487072,-0.09512044471896236,-0.11373260738052032,-0.11171744732454152,-0.10073046467374622,-0.08755903877095554
2024-04-17,297.5,301.0,294.5,300.5,300.5,2308,1.3910154164699868,1.3890494926581431,1.3955282835193263,1.4265494727748793,1.4265494727748793,-0.023081924577373285,-0.06210986267166036,-0.08141430609333603,-0.08821967685655766,-0.07686163676579007,-0.06488252683989426
2024-04-18,300.0,312.5,298.5,309.0,309.0,2308,1.4218018843026283,1.5287076388286438,1.445304721619482,1.5310616811083886,1.5310616811083886,0.011456628477905073,-0.026771653543307086,-0.048742945100051255,-0.06086163665374965,-0.05034113959063248,-0.04027332021948434
2024-04-19,305.0,311.0,295.0,298.5,298.5,2308,1.4833748199679118,1.510491358893361,1.401750338281846,1.4019583649317007,1.4019583649317007,-0.010934393638171011,-0.0498169664173165,-0.07288539186251157,-0.09035502056986128,-0.08080310402167891,-0.0732212160413971
2024-04-22,300.5,303.0,294.0,300.0,300.0,2308,1.4279591778691567,1.4133378659051867,1.389306228756807,1.4204016958140846,1.4204016958140846,-0.0006662225183210814,-0.03459372485921158,-0.059954042197618525,-0.08045977011494253,-0.07498766650222001,-0.068853137447623
2024-04-23,303.0,304.5,295.0,297.5,297.5,2308,1.4587456457017984,1.4315541458404695,1.401750338281846,1.3896628110101112,1.3896628110101112,-0.011956160743938965,-0.03126017583848916,-0.059238958574892,-0.07958852192744999,-0.08207343412527005,-0.07522536524712461
2024-04-24,300.0,305.0,298.5,304.0,304.0,2308,1.4218018843026283,1.4376262391522303,1.445304721619482,1.4695839115004419,1.4695839115004419,0.0072895957587806115,-0.002297341647522116,-0.03246339910884783,-0.0523690773067332,-0.06178630948706865,-0.05462838188037731
2024-04-25,303.0,311.0,301.0,306.0,306.0,2308,1.4587456457017984,1.510491358893361,1.4764149954320793,1.4941750193436205,1.4941750193436205,0.01593625498007972,0.008735783748145631,-0.0194402905362102,-0.04052676961668107,-0.05397885364496377,-0.047767231990042076
2024-04-26,309.0,319.0,304.0,315.0,315.0,2308,1.5326331685001384,1.6076448518815354,1.5137473240071961,1.6048350046379245,1.6048350046379245,0.034482758620689655,0.03908955962394862,0.013078902229845613,-0.00818639798488672,-0.02603425885845036,-0.01981122290218859
2024-04-29,320.5,323.5,317.0,321.0,321.0,2308,1.67425092053029,1.6622936916873834,1.675520747832702,1.6786083281674604,1.6786083281674604,0.039844509232264375,0.05436032189193632,0.03526123414319503,0.014137903799068078,-0.005391336679680266,-0.002227633010412807
2024-04-30,320.0,326.0,318.0,320.5,320.5,2308,1.6680936269637616,1.6926541582461878,1.687964857357741,1.6724605512066657,1.6724605512066657,0.02298116820938394,0.04329427083333337,0.036657681940700744,0.01584786053882726,-0.002303573652098148,-0.005584858827179681
2024-05-02,309.5,313.5,305.0,309.5,309.5,2308,1.5387904620666668,1.5408518254521655,1.526191433532235,1.5372094580691833,1.5372094580691833,-0.015585241730279828,0.004543979227523458,0.005087681316302217,-0.015115354017501989,-0.03135953930896339,-0.040062031532695844
2024-05-03,319.5,333.5,319.0,327.5,327.5,2308,1.6619363333972332,1.7837355579226013,1.70040896688278,1.758529428657791,1.758529428657791,0.02761217445873866,0.05662203581222782,0.06170304733088403,0.04390788110606415,0.027032112393376835,0.014979338842975146
2024-05-06,336.0,336.0,319.5,322.0,322.0,2308,1.8651270210926683,1.8140960244814057,1.7066310216452996,1.6909038820890498,1.6909038820890498,0.005935645110902771,0.031059878322126123,0.04274611398963727,0.02801500518796385,0.012260295504558243,-0.0026842865992153858
2024-05-07,322.5,326.5,320.0,326.0,326.0,2308,1.6988800947964033,1.6987262515579489,1.712853076407819,1.7400860977754071,1.7400860977754071,0.0152600436001245,0.03524928548745641,0.05161290322580645,0.04211619915288104,0.02696572580645162,0.01095720487905735
2024-05-08,325.0,326.5,320.0,321.0,321.0,2308,1.7296665626290448,1.6987262515579489,1.712853076407819,1.6786083281674604,1.6786083281674604,-0.0006226650062266147,0.01182033096926714,0.02928601966652413,0.028269400176183193,0.013769580596260782,-0.0007263671266992274
2024-05-09,320.0,326.5,320.0,323.0,323.0,2308,1.6680936269637616,1.6987262515579489,1.712853076407819,1.703199436010639,1.703199436010639,-0.0027786353812904517,0.012063293122356331,0.030741410488245906,0.03550532980684456,0.021569991776835957,0.00858704137392662
2024-05-10,321.5,323.5,318.0,319.0,319.0,2308,1.6865655076633466,1.6622936916873834,1.687964857357741,1.6540172203242818,1.6540172203242818,-0.009931719428926098,-0.004524886877828019,0.01581573081413854,0.02276370631612704,0.011349946103607837,-0.0013565689241365035
2024-05-13,316.0,318.0,313.5,316.5,316.5,2308,1.618835278431535,1.5955006652580135,1.631966364495066,1.6232783355203084,1.6232783355203084,-0.014325755216443546,-0.012788521522146046,0.004018187585915147,0.014829659318637275,0.005400254129606063,-0.006591337099811747
2024-05-14,318.0,320.0,315.0,316.0,316.0,2308,1.6434644526976483,1.619789038505057,1.6506325287826242,1.617130558559514,1.617130558559514,-0.009714822939517464,-0.01280849734457989,-0.0009484666455896661,0.011928588583780396,0.006113092205807489,-0.005403136966899146
2024-05-15,319.0,324.0,317.5,319.0,319.0,2308,1.655779039830705,1.6683657849991442,1.6817428025952217,1.6540172203242818,1.6540172203242818,0.0009413241292752161,-0.0029692139396780394,0.0039865715484682695,0.017300486327035035,0.017608778869465297,0.006362058993637893
2024-05-16,322.0,324.0,319.0,320.0,320.0,2308,1.692722801229875,1.6683657849991442,1.70040896688278,1.6663127742458712,1.6663127742458712,0.00597296447657962,-0.003115264797507788,0.003764115432873239,0.017326339214751196,0.021841869970621965,0.011058451816745656
2024-05-17,320.0,326.0,319.0,322.5,322.5,2308,1.6680936269637616,1.6926541582461878,1.70040896688278,1.6970516590498446,1.6970516590498446,0.01160602258469256,0.0062402496099844,0.008127539856205136,0.023078753271472685,0.029430541368743707,0.020623450603934758
2024-05-20,322.5,324.0,317.0,318.0,318.0,2308,1.6988800947964033,1.6683657849991442,1.675520747832702,1.6417216664026926,1.6417216664026926,-0.003447195236603017,-0.006560449859419002,-0.006560449859419002,0.005692599620493395,0.014936805821524343,0.007870688289049755
2024-05-21,318.5,322.5,318.0,318.5,318.5,2308,1.6496217462641767,1.6501495050638617,1.687964857357741,1.647869443363487,1.647869443363487,-0.003441802252816091,-0.002661656489744865,-0.0044801000208376865,0.0043358297201418995,0.015171798304328396,0.011111111111111112
2024-05-22,321.0,329.0,319.0,327.5,327.5,2308,1.6804082140968184,1.7290867181167533,1.70040896688278,1.758529428657791,1.758529428657791,0.019296607531901613,0.0234375,0.02215980024968796,0.02785406041584935,0.03928662096978927,0.040398157462805014
2024-05-23,327.5,335.0,325.5,329.5,329.5,2308,1.7604530304616866,1.801951837857884,1.781295678795533,1.7831205365009697,1.7831205365009697,0.019492574257425777,0.02760018711991275,0.02414007459593862,0.030009377930603386,0.04179840647527516,0.04658549497088413
2024-05-24,327.0,332.5,325.0,328.0,328.0,2308,1.7542957368951582,1.7715913712990796,1.7750736240330136,1.7646772056185858,1.7646772056185858,0.011409189022509985,0.020059088788679794,0.019372215891432763,0.021806853582554516,0.03456977037597773,0.04088432855556141
2024-05-27,332.0,348.5,331.0,346.0,346.0,2308,1.8158686725604416,1.965898357275428,1.849738281183247,1.9859971762071937,1.9859971762071937,0.0488026674749925,0.0662557781201849,0.06999278424904647,0.07270190668113467,0.08484354424029598,0.0946480358555234
2024-05-28,353.0,354.0,346.0,346.5,346.5,2308,2.0744750023546312,2.032691383704798,2.036399924058831,1.9921449531679882,1.9921449531679882,0.03278688524590164,0.057853762784307705,0.06702935742147398,0.07002238863583729,0.08011221945137154,0.09179708013864088
2024-05-29,343.5,351.0,340.5,341.5,341.5,2308,1.9574864245905932,1.9962588238342327,1.9679573216711168,1.9306671835600417,1.9306671835600417,0.009459060005911879,0.03547604608853847,0.04722477767555957,0.05117352828010773,0.05871775793650793,0.07058884999216256
2024-05-30,335.5,336.0,330.0,330.0,330.0,2308,1.8589697275261399,1.8140960244814057,1.837294171658208,1.7892683134617644,1.7892683134617644,-0.024822695035460928,-0.002418379685610675,0.010513422476268257,0.012580546179809828,0.019777503090234787,0.031357433065944455
2024-05-31,332.0,334.5,324.0,325.0,325.0,2308,1.8158686725604416,1.7958797445461232,1.7626295145079747,1.7277905438538177,1.7277905438538177,-0.03789224393132034,-0.018275185017369012,-0.006014884289937732,-0.002378942521679003,0.0019731162905413315,0.014040561622464899
2024-06-03,332.5,340.0,328.5,337.0,337.0,2308,1.82202596612697,1.8626727709754929,1.8186280073706498,1.8753371909128898,1.8753371909128898,0.002976190476190476,0.01216398858687494,0.026395939086294475,0.032080238879105806,0.036157914155700376,0.047288548194955114
2024-06-04,342.0,345.0,334.0,336.5,336.5,2308,1.9390145438910082,1.923393704093102,1.8870706097583638,1.869189413952095,1.869189413952095,0.0074850299401197605,0.005227781926811053,0.020624810433727665,0.028894664424399905,0.03265205916651318,0.04179566563467492
2024-06-05,337.5,347.0,336.5,346.0,346.0,2308,1.8835989017922532,1.9476820773401455,1.918180883570961,1.9859971762071937,1.9859971762071937,0.033144222155867493,0.027926322043969033,0.043740573152337855,0.05391410295461464,0.05849241311796379,0.06587256764388763
2024-06-06,351.5,352.0,343.5,345.0,345.0,2308,2.0560031216550465,2.0084030104577546,2.0052896502462336,1.9737016222856043,1.9737016222856043,0.021012133767386868,0.020257282271181495,0.03551775887943966,0.04735883424408022,0.050868108437404774,0.0583363157625645
2024-06-07,343.0,345.0,339.0,345.0,345.0,2308,1.9513291310240648,1.923393704093102,1.9492911573835585,1.9737016222856043,1.9737016222856043,0.009066978648727766,0.015153744298955354,0.030876494023904324,0.043241608708799555,0.0486322188449848,0.05413250496511678
2024-06-11,335.0,343.0,332.0,340.5,340.5,2308,1.8528124339596115,1.8991053308460584,1.862182390708286,1.9183716296384523,1.9183716296384523,-0.00612959719789849,0.003536693191865572,0.0128904313336638,0.025911419102139267,0.0326317704858373,0.03768793173506707
2024-06-12,342.5,351.5,342.5,344.0,344.0,2308,1.9451718374575364,2.0023309171459935,1.9928455407211947,1.961406068364015,1.961406068364015,-0.00029061319383906633,0.01459961657572626,0.018153117600631388,0.03210321032103207,0.04097318888821649,0.0459106111280025
2024-06-13,348.0,354.0,341.5,353.5,353.5,2308,2.0129020666893482,2.032691383704798,1.9804014311961557,2.078213830619114,2.078213830619114,0.022858796296296228,0.038941954445260836,0.04093050647820959,0.05514513842250585,0.06552929828791901,0.07121212121212121
2024-06-14,357.0,357.5,350.0,353.5,353.5,2308,2.123733350886858,2.075196036887124,2.086176362158987,2.078213830619114,2.078213830619114,0.017852001151741976,0.03181552831290128,0.036049237983587376,0.049896049896049934,0.061625322842212685,0.06647224456958979
2024-06-17,358.5,362.5,349.0,352.0,352.0,2308,2.142205231586443,2.1359169700047334,2.0737322526339477,2.0597704997367297,2.0597704997367297,0.009463722397476374,0.01940341731827393,0.026837806301050142,0.04088120056183925,0.052946455279688866,0.059336911270501995
2024-06-18,345.5,351.5,343.5,348.0,348.0,2308,1.9821155988567065,2.0023309171459935,2.0052896502462336,2.0105882840503724,2.0105882840503724,-0.006282124500285519,0.004618937644341867,0.014774494556765152,0.024508721572090934,0.03707235665752771,0.044574515983791155
2024-06-19,358.0,371.0,356.5,367.0,367.0,2308,2.1360479380199147,2.2391425563046683,2.1670630740717396,2.2442038085605693,2.2442038085605693,0.0343855693348365,0.05022177707826588,0.06593087423758347,0.07278573516515631,0.08708530805687197,0.09710527626924423
2024-06-20,368.5,371.0,364.0,369.5,369.5,2308,2.2653511029170095,2.2391425563046683,2.2603938955095315,2.274942693364543,2.274942693364543,0.03212290502793296,0.050312677657760055,0.06740491092922478,0.07350377687391055,0.08798068429421116,0.09926616422054743
2024-06-21,367.0,387.5,363.0,383.0,383.0,2308,2.2468792222174248,2.439521635592778,2.247949785984493,2.440932671305999,2.440932671305999,0.05248694696345156,0.077052868391451,0.09522447812410641,0.10414414414414415,0.11942479686677973,0.13268927444794956
2024-06-24,378.0,382.0,372.5,376.5,376.5,2308,2.382339680681048,2.372728609163408,2.3661688264723626,2.361011570815668,2.361011570815668,0.020878524945770034,0.049477351916376304,0.06616952992259773,0.07787002576581731,0.09352309032820211,0.10719011910013229
2024-06-25,375.0,391.5,369.5,387.0,387.0,2308,2.345395919281878,2.488098382086865,2.3288364978972456,2.490114886992356,2.490114886992356,0.027615507169410452,0.06494221243808482,0.08565550776136159,0.1014657748683648,0.11508096582723448,0.13025700934579446
2024-06-26,387.0,392.5,383.5,385.0,385.0,2308,2.493170964878558,2.500242568710387,2.5030540312477907,2.4655237791491773,2.4655237791491773,0.01262493424513417,0.047619047619047616,0.0703363914373089,0.08980256174368417,0.10088070456365084,0.11691325790542505
2024-06-27,383.0,387.5,381.0,386.5,386.5,2308,2.4439126163463314,2.439521635592778,2.4719437574351932,2.4839671100315615,2.4839671100315615,0.007559958289885238,0.042340884573894254,0.06650110375275944,0.0871246747767387,0.09776187230174965,0.11399337080270935
2024-06-28,388.0,396.0,387.0,387.5,387.5,2308,2.5054855520116144,2.542747221892713,2.546608414585427,2.496262663953151,2.496262663953151,0.007802340702210663,0.03554249064671302,0.06096559277174405,0.0811941964285715,0.09339729119638833,0.10967926689576178
2024-07-01,388.5,396.0,385.0,390.5,390.5,2308,2.5116428455781428,2.542747221892713,2.521720195535349,2.5331493257179187,2.5331493257179187,0.008262328943971052,0.03293215183176825,0.06037291817523538,0.07969862445565767,0.09414401793219396,0.11105842185128992
2024-07-02,384.0,388.5,382.0,383.0,383.0,2308,2.4562272034793877,2.4516658222162997,2.484387866960232,2.440932671305999,2.440932671305999,-0.009055627425614488,0.0038002882977329015,0.032066828348154074,0.05227007349405859,0.0686980300239969,0.08304269959468379
2024-07-03,383.0,386.0,377.0,379.5,379.5,2308,2.4439126163463314,2.4213053556574953,2.4221673193350375,2.397898232580436,2.397898232580436,-0.015308770108977627,-0.008620689655172443,0.016154944662620564,0.036531239330829635,0.05504587155963306,0.06701030927835046
2024-07-04,382.0,388.0,379.5,382.0,382.0,2308,2.4315980292132746,2.4455937289045386,2.453277593147635,2.4286371173844095,2.4286371173844095,-0.006501950585175552,-0.005337846634552822,0.017671609981351546,0.038255079160154894,0.05723458430200378,0.0685812858408317
2024-07-05,385.0,392.5,384.0,387.0,387.0,2308,2.4685417906124445,2.500242568710387,2.50927608601031,2.490114886992356,2.490114886992356,0.006763787721123889,0.006632852126414388,0.024894067796610107,0.04587527869738538,0.06435643564356429,0.0767946577629383
2024-07-08,385.5,404.0,385.0,402.0,402.0,2308,2.474699084178973,2.6399007148808873,2.521720195535349,2.674548195816196,2.674548195816196,0.039565554693560934,0.03875968992248062,0.0553027651382569,0.07810928595373785,0.09632377004472563,0.11090641120117904
2024-07-09,400.0,413.0,396.0,410.0,410.0,2308,2.6532605976082944,2.7491983944925833,2.658605400310777,2.7729126271889104,2.7729126271889104,0.04565161948482524,0.05317236064731566,0.06475069252077563,0.08941145210575256,0.10930735930735924,0.12637362637362637
2024-07-10,412.5,422.5,410.0,420.5,420.5,2308,2.8071929367715027,2.8645681674160404,2.832822933661322,2.9020159433655985,2.9020159433655985,0.050462153384961246,0.07038309787450675,0.08199674071532724,0.10606957322285786,0.12746675246675254,0.14744406039658003
2024-07-11,420.5,435.0,416.5,434.0,434.0,2308,2.905709633835956,3.016370500210063,2.913709645574075,3.0680059213070545,3.0680059213070545,0.05673240808375946,0.09154929577464782,0.10451306413301661,0.1296199895887559,0.15278368040798976,0.17440129887701256
2024-07-12,423.5,428.0,420.0,422.0,422.0,2308,2.942653395235126,2.9313611938454103,2.957264028911711,2.9204592742479827,2.9204592742479827,0.010294469715106563,0.052237875576611366,0.06691387156581824,0.08868107062237987,0.11181367899673306,0.1325311982824171
2024-07-15,421.0,424.0,412.0,415.0,415.0,2308,2.9118669274024844,2.882784447351323,2.8577111527113996,2.834390396796857,2.834390396796857,-0.012610040447299575,0.028500619578686492,0.042451645315247366,0.061992194997121164,0.08536457788471594,0.10484980254692282
2024-07-16,408.0,417.5,408.0,412.5,412.5,2308,2.7517772946727477,2.8038472342984315,2.8079347146112443,2.803651511992884,2.803651511992884,-0.019724334600760483,0.014884979702300434,0.03176588294147071,0.046954314720812185,0.07076108399958465,0.09088504936530327
2024-07-17,410.0,415.0,407.0,411.0,411.0,2308,2.7764064689388612,2.773486767739627,2.795490605086205,2.7852081811105,2.7852081811105,-0.01885891620911907,0.0034179687499999445,0.023576290884940992,0.037354871277132794,0.05949680346463184,0.07982659718877258
2024-07-18,399.0,405.0,396.0,401.5,401.5,2308,2.640946010475238,2.652044901504409,2.658605400310777,2.668400418855401,2.668400418855401,-0.02643064985451013,-0.024419876078240824,-0.002567075190460483,0.00930115635997986,0.02990970654627546,0.04976468537563194
2024-07-19,396.0,403.0,393.5,399.0,399.0,2308,2.6040022490760677,2.6277565282573656,2.6274951264981796,2.637661534051428,2.637661534051428,-0.0215792054928887,-0.03331314354936402,-0.010662038184973993,0.0010035122930255325,0.01874074452331097,0.03834142956280365
2024-07-22,394.5,396.0,372.0,373.5,373.5,2308,2.585530368376483,2.542747221892713,2.359946771709843,2.3241249090509,2.3241249090509,-0.06508135168961202,-0.088802146865089,-0.07128056361375885,-0.06261764336805117,-0.04845612962396816,-0.03041578332540122
2024-07-23,380.0,391.0,378.5,389.5,389.5,2308,2.406968854947161,2.482026288775104,2.440833483622596,2.5208537717963293,2.5208537717963293,-0.01367434793618632,-0.04499203138408734,-0.03253849975161456,-0.022768613184469644,-0.011872748490537335,0.006850200336047505
2024-07-26,371.0,390.0,369.0,388.0,388.0,2308,2.2961375707496514,2.4698821021515824,2.322614443134726,2.5024104409139456,2.5024104409139456,-0.005892902895208843,-0.04102817597627292,-0.03761885076477888,-0.026898238134052347,-0.017771252088501804,-0.000815485643160641
2024-07-29,397.5,405.0,393.0,396.0,396.0,2308,2.622474129775653,2.652044901504409,2.6212730717356605,2.60077487228666,2.60077487228666,0.017471736896197358,-0.011976047904191645,-0.020044543429844155,-0.008016032064128228,-0.00020197939810135348,0.016079370509750217
2024-07-30,396.0,400.0,389.0,400.0,400.0,2308,2.6040022490760677,2.5913239683868,2.5714966336355047,2.6499570879730174,2.6499570879730174,0.027221366204417112,0.0035122930255895063,-0.012264383899909392,0.0004376914900269152,0.008166145780824703,0.022277122289900683
2024-07-31,403.0,418.0,400.0,414.5,414.5,2308,2.6902043590074647,2.8099193276101926,2.708381838410933,2.8282426198360624,2.8282426198360624,0.04250503018108646,0.04002007276376863,0.021439132577624417,0.03360139642166953,0.04072511800743203,0.0537242606558766
2024-08-01,423.0,427.0,415.0,424.0,424.0,2308,2.9364961016685975,2.9192170072218886,2.8950434812865167,2.945050382091161,2.945050382091161,0.048207663782447466,0.06079559669752317,0.042452057039829495,0.05191341561744095,0.06063638182909748,0.07097751957565047
2024-08-02,392.5,405.0,389.0,390.0,390.0,2308,2.5609011941103694,2.652044901504409,2.5714966336355047,2.527001548757124,2.527001548757124,-0.03679920968140276,-0.01911468812877269,-0.036323202372127474,-0.0336967294350843,-0.024902490249024852,-0.016806722689075678
2024-08-05,351.0,360.0,351.0,351.0,351.0,2308,2.049845828088518,2.1055565034459285,2.0986204716840255,2.0474749458151402,2.0474749458151402,-0.11341247789845915,-0.1058463889950325,-0.12066805845511487,-0.1269742569332173,-0.1192853916796307,-0.11374826410806718
2024-08-06,370.0,377.0,347.0,373.0,373.0,2308,2.2838229836165946,2.3120076760457993,2.04884403358387,2.3179771320901055,2.3179771320901055,-0.04481434058898848,-0.04346711116809845,-0.0578428896185905,-0.07063660147003867,-0.06271987134385361,-0.0574063934633365
2024-08-07,375.0,389.0,373.5,379.5,379.5,2308,2.345395919281878,2.4577379155280603,2.3786129359974013,2.397898232580436,2.397898232580436,-0.010430247718383311,-0.02829343233900912,-0.03565983398272071,-0.05178337185333255,-0.04533105252565904,-0.04122278832792959
2024-08-08,380.0,386.5,373.5,377.0,377.0,2308,2.406968854947161,2.427377448969256,2.3786129359974013,2.3671593477764628,2.3671593477764628,0.007751937984496063,-0.031595170819419496,-0.03621644652748194,-0.05413033933387691,-0.0510471204188481,-0.046736061359517925
2024-08-09,383.5,397.5,383.5,387.5,387.5,2308,2.45006990991286,2.5609635018279957,2.5030540312477907,2.496262663953151,2.496262663953151,0.03720556745182006,-0.00449582530507386,-0.005390143737166383,-0.023745039994961293,-0.025402414486921585,-0.020392685598719127
2024-08-12,404.0,407.0,395.0,399.0,399.0,2308,2.702518946140521,2.6763332747514528,2.6461612907857384,2.637661534051428,2.637661534051428,0.041231732776617985,0.024258760107816683,0.02456560814859196,0.00967925602581132,0.0018077734257307104,0.007618165747716617
2024-08-13,405.5,406.0,396.0,399.5,399.5,2308,2.720990826840106,2.664189088127931,2.658605400310777,2.6438093110122227,2.6438093110122227,0.028314028314028315,0.025673940949935817,0.02576172543649442,0.013830732140591266,0.0018055067957270358,0.007862759113652628
2024-08-14,405.0,412.5,402.5,409.0,409.0,2308,2.714833533273578,2.7431263011808227,2.7394921122235303,2.7606170732673214,2.7606170732673214,0.037018255578093365,0.051549042293353935,0.04381114419396007,0.03873015873015873,0.02490853505738485,0.030226700251889168
2024-08-15,413.5,413.5,406.0,409.0,409.0,2308,2.8195075239045595,2.7552704878043444,2.7830464955611665,2.7606170732673214,2.7606170732673214,0.020459081836327317,0.055620080010323945,0.04035950483296594,0.03919202185098142,0.02501127763019402,0.027982573726541535
2024-08-16,416.0,417.0,409.0,411.0,411.0,2308,2.850293991737201,2.7977751409866705,2.820378824136283,2.7852081811105,2.7852081811105,0.013563501849568433,0.05506353484790139,0.04138513513513509,0.04427364542971483,0.031005418422637,0.03029036975141002
2024-08-19,407.0,410.5,404.0,404.5,404.5,2308,2.7394627075396913,2.718837927933779,2.7581582765110886,2.7052870806201694,2.7052870806201694,-0.005164781111657704,0.02430995188655362,0.023446065615248337,0.027366816940758085,0.017712474211241436,0.012093411175979936
2024-08-20,408.0,412.0,402.0,402.5,402.5,2308,2.7517772946727477,2.7370542078690616,2.7332700574610107,2.6806959727769906,2.6806959727769906,-0.011542239685658125,0.011687822043483667,0.01795649974709161,0.021832952526021892,0.014671775738630616,0.00578901336887259
2024-08-21,399.0,407.0,397.0,400.0,400.0,2308,2.640946010475238,2.6763332747514528,2.671049509835816,2.6499570879730174,2.6499570879730174,-0.013320177602367976,0.0002500625156289641,0.01411307360770725,0.012081725599342088,0.00989699050696833,-0.00029158162202692775
2024-08-22,400.0,403.5,399.5,402.0,402.0,2308,2.6532605976082944,2.6338286215691267,2.7021597836484132,2.674548195816196,2.674548195816196,-0.0049504950495049506,-0.000994035785288214,0.022987530749003376,0.015536187949980995,0.01602385886872561,0.005377016381142872
2024-08-23,400.0,403.0,396.5,402.0,402.0,2308,2.6532605976082944,2.6277565282573656,2.6648274550732967,2.674548195816196,2.674548195816196,-0.0004972650422675004,-0.004580908753250025,0.020909167865910478,0.013743538015382646,0.016949152542372854,0.006929949069048973
2024-08-26,405.0,408.0,394.0,395.0,395.0,2308,2.714833533273578,2.6884774613749745,2.633717181260699,2.5884793183650707,2.5884793183650707,-0.013240069947539373,-0.02094435493865408,-0.004285354171918298,-0.0037831021437578815,-0.0001012555690563499,-0.007371418998157154
2024-08-27,391.0,400.0,390.5,400.0,400.0,2308,2.5424293134107847,2.5913239683868,2.590162797923063,2.6499570879730174,2.6499570879730174,0.0005002501250625028,-0.008674101610904586,0.0037641154328732747,0.008827238335435058,0.012453174040700659,0.007049345417925507
2024-08-28,400.0,400.5,394.5,400.5,400.5,2308,2.6532605976082944,2.597396061698561,2.639939236023219,2.656104864933812,2.656104864933812,0.0015003750937735002,-0.005339624984477778,0.0015003750937735002,0.011874684183931249,0.010955169628432893,0.009536613031970828
2024-08-29,394.0,400.0,392.5,397.5,397.5,2308,2.5793730748099546,2.5913239683868,2.615051016973141,2.619218203169044,2.619218203169044,-0.0037593984962406013,-0.009962640099626401,-0.00938694135238408,0.007668420051967747,0.002572639225181552,0.00323896857779841
2024-08-30,403.0,405.5,399.5,399.5,399.5,2308,2.6902043590074647,2.65811699481617,2.7021597836484132,2.6438093110122227,2.6438093110122227,0.002509410288582183,-0.0021231422505308423,-0.006383684297794718,0.011520445626028641,0.006449337431349832,0.00926315789473689
2024-09-02,405.0,405.0,392.0,394.5,394.5,2308,2.714833533273578,2.652044901504409,2.6088289622106213,2.582331541404276,2.582331541404276,-0.009789156626505967,-0.01214473519469143,-0.018086783373433963,-0.0066100094428706326,-0.005996774843781485,-0.0027805864509606237
2024-09-03,394.5,397.0,392.0,392.5,392.5,2308,2.585530368376483,2.5548914085162346,2.6088289622106213,2.557740433561097,2.557740433561097,-0.011085915847820553,-0.01468557800928837,-0.021928731622227787,-0.014066817382567251,-0.010287962075747602,-0.007292500948446636
2024-09-04,372.5,379.0,364.0,372.0,372.0,2308,2.314609451449236,2.3362960492928426,2.2603938955095315,2.305681578168516,2.305681578168516,-0.04907975460122697,-0.05953735305271144,-0.0672795653990806,-0.06468036960211207,-0.0579416531604538,-0.05902192242833048
2024-09-05,375.0,381.0,368.5,369.0,369.0,2308,2.345395919281878,2.3605844225398864,2.316392388372207,2.268794916403748,2.268794916403748,-0.042801556420233464,-0.05927342256214149,-0.06857383256205306,-0.07128924683823064,-0.06030355505755324,-0.064994298745724
2024-09-06,370.5,377.0,369.0,375.5,375.5,2308,2.289980277183123,2.3120076760457993,2.322614443134726,2.3487160168940786,2.3487160168940786,-0.013659049120041998,-0.03619096509240252,-0.04647028948704929,-0.05350053563551584,-0.04233613874011737,-0.04751839012429191
2024-09-09,359.0,366.0,358.5,362.5,362.5,2308,2.1483625251529714,2.1784216231870595,2.1919512931218175,2.1888738159134173,2.1888738159134173,-0.031525514293347615,-0.06173159052672453,-0.07289002557544758,-0.08204608761711821,-0.07657428163847566,-0.07788188408869294
2024-09-10,366.5,371.5,365.5,369.0,369.0,2308,2.2407219286508964,2.2452146496164294,2.27906005979709,2.268794916403748,2.268794916403748,-0.0016233766233766848,-0.03718199608610567,-0.05084455114464542,-0.06196377502383222,-0.05963302752293573,-0.058873538788522806
2024-09-11,365.0,369.0,360.5,364.5,364.5,2308,2.222250047951311,2.214854183057625,2.2168395121718953,2.213464923756596,2.213464923756596,-0.00977995110024456,-0.039905175819834,-0.05667701863354032,-0.06813243001406105,-0.06967840735068916,-0.06638207043756675
2024-09-12,377.0,389.5,376.0,389.0,389.0,2308,2.370025093547991,2.4638100088398214,2.4097232098099988,2.5147059948355346,2.5147059948355346,0.04541789841440467,0.02692713833157336,0.00899187273041667,-0.002947584262463097,-0.008361374528398014,-0.0006422607578676942
2024-09-13,392.5,392.5,382.0,385.0,385.0,2308,2.5609011941103694,2.500242568710387,2.484387866960232,2.4655237791491773,2.4655237791491773,0.029411764705882353,0.020272956141513122,0.0015608740894901738,-0.009900990099009958,-0.018307919832729887,-0.010494752623688108
2024-09-16,385.0,389.0,381.0,385.5,385.5,2308,2.4685417906124445,2.4577379155280603,2.4719437574351932,2.471671556109972,2.471671556109972,0.018225039619651287,0.0240403772081286,0.004516633370971985,-0.006187161639597776,-0.015677663160044906,-0.012129495173827663
2024-09-18,381.0,385.0,376.5,380.0,380.0,2308,2.419283442080218,2.4091611690339736,2.415945264572518,2.4040460095412306,2.4040460095412306,-0.0021008403361344836,0.012793176972281481,-0.006362764752026507,-0.017516644043694598,-0.0277848846134166,-0.02680553184223999
2024-09-19,382.5,391.5,382.5,391.5,391.5,2308,2.437755322779803,2.488098382086865,2.4906099217227515,2.545444879639508,2.545444879639508,0.013723459347488379,0.038048521808299145,0.025316455696202583,0.01332988223113751,0.0034344884150091627,0.001620330888623552
2024-09-20,395.0,397.5,387.0,387.0,387.0,2308,2.5916876619430114,2.5609635018279957,2.546608414585427,2.490114886992356,2.490114886992356,0.0031104199066873733,0.021242908035360896,0.015392688472975357,0.003630705394190812,-0.0058569667077681175,-0.010736196319018376
2024-09-23,392.5,393.5,389.0,390.5,390.5,2308,2.5609011941103694,2.5123867553339085,2.5714966336355047,2.5331493257179187,2.5331493257179187,0.009304729904368113,0.02641608621369434,0.026191310441485562,0.014219855853516065,0.005251505946558257,-0.0020444671607462595
2024-09-24,390.5,397.0,387.0,397.0,397.0,2308,2.5362720198442563,2.5548914085162346,2.546608414585427,2.613070426208249,2.613070426208249,0.020041109969167553,0.03412346965355567,0.042815865510901004,0.030834144758195393,0.022774113767518485,0.014739712021811326
2024-09-25,395.0,401.5,395.0,398.0,398.0,2308,2.5916876619430114,2.609540248322083,2.6461612907857384,2.6253659801298386,2.6253659801298386,0.013238289205702618,0.028955532574974116,0.04443666899930022,0.03369911044737361,0.02582607350894371,0.017425759447829228
2024-09-26,394.0,399.0,394.0,396.0,396.0,2308,2.5793730748099546,2.5791797817632784,2.633717181260699,2.60077487228666,2.60077487228666,0.005842011684023397,0.015514809590973231,0.03484320557491284,0.029106029106029076,0.0210922592955495,0.013435700575815739
2024-09-27,398.0,404.0,397.5,400.0,400.0,2308,2.6286314233421813,2.6399007148808873,2.6772715645983354,2.6499570879730174,2.6499570879730174,0.009336361342417332,0.022887098836465895,0.039681164442904135,0.03916347340390982,0.031619126218600066,0.02445895761301066
2024-09-30,389.5,395.0,380.5,380.5,380.5,2308,2.5239574327111995,2.5306030352691913,2.4657217026726737,2.4101937865020253,2.4101937865020253,-0.034998731930002566,-0.025857654889913012,-0.011859418282548467,-0.009050068363825828,-0.016490901571546722,-0.022939313532483106
2024-10-01,379.5,388.0,379.5,384.5,384.5,2308,2.400811561380633,2.4455937289045386,2.453277593147635,2.4593760021883826,2.4593760021883826,-0.01863195507912203,-0.015364916773367477,-0.005260434632632011,0.0026729252232869866,-0.0050716762407493135,-0.010974877818742994
2024-10-04,372.0,376.5,366.0,366.0,366.0,2308,2.308452157882708,2.305935582734038,2.2852821145596094,2.2319082546389803,2.2319082546389803,-0.05033731188375708,-0.05936777178103321,-0.052631578947368376,-0.04226089231976967,-0.049597507141002396,-0.0556057282931235
2024-10-07,371.5,377.5,363.5,372.5,372.5,2308,2.30229486431618,2.31807976935756,2.254171840747012,2.3118293551293108,2.3118293551293108,-0.02153926976622009,-0.03796487603305782,-0.03713596415647081,-0.025315627657486784,-0.02989739048908802,-0.036554875420294834
2024-10-08,371.0,382.0,370.0,382.0,382.0,2308,2.2961375707496514,2.372728609163408,2.335058552659765,2.4286371173844095,2.4286371173844095,0.012993900822063052,-0.012154124644427175,-0.011387163561076547,-0.002155031672435156,-0.003547579298831421,-0.010277226012608966
2024-10-09,387.0,387.5,379.0,381.5,381.5,2308,2.493170964878558,2.439521635592778,2.4470555383851154,2.4224893404236147,2.4224893404236147,0.011131725417439673,-0.011145671332296556,-0.012084592145015154,-0.004241435562805873,-0.0029793016934977694,-0.009819613271618358
2024-10-11,381.0,386.5,378.5,380.0,380.0,2308,2.419283442080218,2.427377448969256,2.440833483622596,2.4040460095412306,2.4040460095412306,0.009564293304994748,-0.010674303566779543,-0.01503369621565581,-0.010416666666666666,-0.005391823273831342,-0.012431238359249863
2024-10-14,376.5,389.0,376.5,387.5,387.5,2308,2.363867799981463,2.4577379155280603,2.415945264572518,2.496262663953151,2.496262663953151,0.017861833464670376,0.01161728233912019,0.0031063939943049147,0.00668961486003764,0.014769810925470032,0.008151938253403847
2024-10-15,388.0,400.5,387.5,398.5,398.5,2308,2.5054855520116144,2.597396061698561,2.5528304693479464,2.6315137570906333,2.6315137570906333,0.03265094584089148,0.0396556222280198,0.030336981815047872,0.030714516650501133,0.040687349838086244,0.03695029924538118
2024-10-16,393.0,396.0,387.0,389.0,389.0,2308,2.567058487676898,2.542747221892713,2.546608414585427,2.5147059948355346,2.5147059948355346,0.004389362251484607,0.017791732077446394,0.005427759110881424,0.006142903330100227,0.013760033357656553,0.012976867323466904
2024-10-17,394.5,394.5,385.5,392.0,392.0,2308,2.585530368376483,2.52453094195743,2.5279422502978686,2.551592656600303,2.551592656600303,0.006676938880328769,0.022564236337550482,0.012919896640826873,0.01298533496995924,0.019824132369009845,0.02145400851211678
2024-10-18,397.0,405.0,395.0,402.0,402.0,2308,2.6163168362091245,2.652044901504409,2.6461612907857384,2.674548195816196,2.674548195816196,0.020822752666328055,0.04388470527135803,0.03786574870912225,0.03661681279009796,0.04155871074722775,0.046829564689032634
2024-10-21,403.0,404.0,397.5,400.0,400.0,2308,2.6902043590074647,2.6399007148808873,2.6772715645983354,2.6499570879730174,2.6499570879730174,0.009336361342417332,0.029601029601029602,0.03234686854783214,0.028806584362139887,0.03305785123966945,0.04094378903539213
2024-10-22,400.0,404.5,396.0,404.5,404.5,2308,2.6532605976082944,2.6459728081926484,2.658605400310777,2.7052870806201694,2.7052870806201694,0.01761006289308176,0.03267806995149352,0.04243621681986077,0.03864424187957379,0.04038065843621396,0.04969508239263001
2024-10-23,400.0,401.5,397.0,398.5,398.5,2308,2.6532605976082944,2.609540248322083,2.671049509835816,2.6315137570906333,2.6315137570906333,-0.002253380070105101,0.013092665565018372,0.027238357106031955,0.0217293763220307,0.023947787656097418,0.031492666091458205
2024-10-24,395.0,398.5,393.5,393.5,393.5,2308,2.5916876619430114,2.5731076884515174,2.6274951264981796,2.5700359874826866,2.5700359874826866,-0.015511633725293943,-0.002661259662907138,0.012088477366255115,0.008521817133337576,0.010217703840624405,0.01697105444521019
2024-10-25,393.0,402.0,393.0,402.0,402.0,2308,2.567058487676898,2.615612341633844,2.6212730717356605,2.674548195816196,2.674548195816196,0.0057543157368026305,0.013232514177693762,0.030857338234037166,0.029647179355830156,0.03029371059510993,0.03541532517707663
2024-10-28,404.0,413.0,401.5,405.0,405.0,2308,2.702518946140521,2.7491983944925833,2.727048002698491,2.711434857580964,2.711434857580964,0.010731220364362394,0.01631116687578419,0.03167190286150973,0.03640202162369656,0.035329004550334865,0.039928103736038036
2024-10-29,401.5,406.0,396.5,406.0,406.0,2308,2.6717324783078795,2.664189088127931,2.6648274550732967,2.723730411502553,2.723730411502553,0.012468827930174564,0.016906700062617408,0.028368794326241106,0.03763337805891003,0.03634878497039006,0.038805970149253785
2024-10-30,407.0,407.5,399.0,404.0,404.0,2308,2.7394627075396913,2.6824053680632134,2.6959377288858937,2.6991393036593747,2.6991393036593747,0.0047251927381247874,0.008109794135995009,0.019515477792732206,0.03199438022862246,0.029456732239323213,0.03236797274275985
2024-11-01,381.0,396.0,381.0,390.5,390.5,2308,2.419283442080218,2.542747221892713,2.4719437574351932,2.5331493257179187,2.5331493257179187,-0.0273972602739726,-0.025212181727408942,-0.01604233159751388,-0.0037629950889725688,-0.004943430842931398,-0.002596739176705934
2024-11-04,388.0,395.0,388.0,395.0,395.0,2308,2.5054855520116144,2.5306030352691913,2.5590525241104656,2.5884793183650707,2.5884793183650707,-0.012746813296675888,-0.012253063265816398,-0.0072050938337801795,0.006369426751592357,0.006728514629421925,0.008081667375584906
2024-11-05,392.0,403.0,391.0,398.5,398.5,2308,2.554743900543841,2.6277565282573656,2.5963848526855826,2.6315137570906333,2.6315137570906333,-0.0007522567703109613,-0.0031269543464665416,-0.0002508780732564544,0.011100539169045354,0.015597125235740875,0.01541597655752328
2024-11-06,396.0,403.0,395.0,403.0,403.0,2308,2.6040022490760677,2.6277565282573656,2.6461612907857384,2.6868437497377853,2.6868437497377853,0.012054244098443022,0.00850850850850845,0.010278265229380855,0.018577025148489884,0.026333214485814636,0.025880356385235517
2024-11-07,403.0,403.0,397.0,399.0,399.0,2308,2.6902043590074647,2.6277565282573656,2.671049509835816,2.637661534051428,2.637661534051428,0.004531722054380694,-0.0016264231202301445,-0.0014182030533077406,0.006305170239596469,0.016249808975599803,0.014664745274222221
2024-11-08,400.0,403.0,398.0,400.0,400.0,2308,2.6532605976082944,2.6277565282573656,2.683493619360855,2.6499570879730174,2.6499570879730174,0.0022550739163116444,-0.0007494379215588592,-0.00024993751562115156,0.0064792099138201885,0.01677681748856132,0.01638927709312664
2024-11-11,400.0,402.0,396.5,401.0,401.0,2308,2.6532605976082944,2.615612341633844,2.6648274550732967,2.6622526418946064,2.6622526418946064,0.0017486884836372435,0.0019990004997501535,0.0024164652945587203,0.006336658510571497,0.017611531238897624,0.018585157275305863
2024-11-12,400.0,409.0,395.5,397.0,397.0,2308,2.6532605976082944,2.700621647998496,2.6523833455482575,2.613070426208249,2.613070426208249,-0.0075,-0.006009013520280364,-0.007086285952480153,-0.0048878305552073915,0.004300531242094583,0.008510097802616596
2024-11-13,392.0,397.0,391.5,393.5,393.5,2308,2.554743900543841,2.5548914085162346,2.6026069074481017,2.5700359874826866,2.5700359874826866,-0.011554885707108824,-0.011679015446439728,-0.01403157103482842,-0.01304238776022069,-0.0066643105972635595,-0.00016939103921401595
2024-11-14,395.0,395.5,386.0,389.0,389.0,2308,2.5916876619430114,2.5366751285809523,2.5341643050603877,2.5147059948355346,2.5147059948355346,-0.017924766473112908,-0.019286524643892543,-0.023757737995649928,-0.02432906947579631,-0.018717521820291648,-0.010681586978636798
2024-11-15,392.0,393.5,386.0,386.0,386.0,2308,2.554743900543841,2.5123867553339085,2.5341643050603877,2.4778193330707667,2.4778193330707667,-0.01856089499110097,-0.025744573447753633,-0.030069520060306495,-0.031124497991967818,-0.026727181038830112,-0.01876880057619792
2024-11-18,386.5,389.0,383.5,386.5,386.5,2308,2.4870136713120297,2.4577379155280603,2.5030540312477907,2.4839671100315615,2.4839671100315615,-0.009989754098360597,-0.022385228278740413,-0.02628485052065839,-0.027978623074504872,-0.026104923650657696,-0.017664252128605895
2024-11-19,385.0,388.0,382.0,388.0,388.0,2308,2.4685417906124445,2.4455937289045386,2.484387866960232,2.5024104409139456,2.5024104409139456,-0.0015440041173443713,-0.015977681968044666,-0.019706922688226405,-0.022731566022290733,-0.022374521265873804,-0.015686440319648227
2024-11-20,389.0,391.5,384.5,386.5,386.5,2308,2.517800139144671,2.488098382086865,2.5154981407728294,2.4839671100315615,2.4839671100315615,-0.0018078512396693923,-0.01566280402393984,-0.020278833967046894,-0.024297885768381194,-0.02497477295660943,-0.020651209932851838
2024-11-21,380.0,382.5,376.0,381.0,381.0,2308,2.406968854947161,2.3788007024751687,2.4097232098099988,2.41634156346282,2.41634156346282,-0.011929460580912921,-0.025201483945247596,-0.030452116379675903,-0.036053130929791274,-0.038073116542112664,-0.03450606073404572
2024-11-22,386.0,394.0,386.0,394.0,394.0,2308,2.4808563777455013,2.5184588486456696,2.5341643050603877,2.5761837644434813,2.5761837644434813,0.01756198347107441,0.009609224855861628,0.002034587995930853,-0.0032256024286888303,-0.005452342487883746,-0.002615813011560273
2024-11-25,397.0,400.0,393.5,393.5,393.5,2308,2.6163168362091245,2.5913239683868,2.6274951264981796,2.5700359874826866,2.5700359874826866,0.01260936695831183,0.010269576379974325,0.0010175527855506925,-0.0034190198809675135,-0.005861250063160005,-0.005014960596738206
2024-11-26,391.0,393.0,387.5,387.5,387.5,2308,2.5424293134107847,2.5063146620221475,2.5528304693479464,2.496262663953151,2.496262663953151,-0.002574002574002574,-0.0027023549092781143,-0.012403364200152938,-0.01643505298559559,-0.01978144288171606,-0.02018626996502174
2024-11-27,386.0,393.0,386.0,386.0,386.0,2308,2.4808563777455013,2.5063146620221475,2.5341643050603877,2.4778193330707667,2.4778193330707667,-0.006179196704428366,-0.004641567818463154,-0.013376501661412665,-0.01774922068833901,-0.021744639870241736,-0.02294971312858588
2024-11-28,386.0,388.0,378.5,384.0,384.0,2308,2.4808563777455013,2.4455937289045386,2.440833483622596,2.453228225227588,2.453228225227588,-0.012853470437017995,-0.008520526723470208,-0.015973349278209658,-0.020345685311563295,-0.025380710659898477,-0.02760192453785763
2024-11-29,376.5,386.0,374.5,381.0,381.0,2308,2.363867799981463,2.4213053556574953,2.39105704552244,2.41634156346282,2.41634156346282,-0.013975155279503047,-0.014994829369183069,-0.020481617962121796,-0.02681992337164751,-0.03176620076238882,-0.034302129097668194
2024-12-02,386.0,391.0,386.0,388.5,388.5,2308,2.4808563777455013,2.482026288775104,2.5341643050603877,2.50855821787474,2.50855821787474,0.008043591074208673,0.003875968992248062,0.000944692545517024,-0.00683837157282549,-0.01134975570032568,-0.01416790019031503
2024-12-03,391.0,394.0,390.0,391.0,391.0,2308,2.5424293134107847,2.5184588486456696,2.5839407431605435,2.5392971026787134,2.5392971026787134,0.01269101269101263,0.009553317841466534,0.008425034387895422,0.0005117707267144028,-0.0035677879714576385,-0.007068184703940474
2024-12-04,393.0,395.0,390.0,395.0,395.0,2308,2.567058487676898,2.5306030352691913,2.5839407431605435,2.5884793183650707,2.5884793183650707,0.018303686517143654,0.01764781656576072,0.01847872797593473,0.01178278688524596,0.007755893458516227,0.0038969840731955946
2024-12-05,396.5,398.5,391.5,391.5,391.5,2308,2.610159542642596,2.5731076884515174,2.6026069074481017,2.545444879639508,2.545444879639508,0.005392912172573248,0.005909558067831479,0.00902061855670103,0.003781808858406571,0.00010218157666178017,-0.004407900313639099
2024-12-06,389.0,399.5,389.0,399.0,399.0,2308,2.517800139144671,2.5852518750750395,2.5714966336355047,2.637661534051428,2.637661534051428,0.015267175572519083,0.02386451116243267,0.026058631921824085,0.023142509135200915,0.018376722817764136,0.014191908493963094
2024-12-09,399.0,406.5,398.0,405.0,405.0,2308,2.640946010475238,2.6702611814396917,2.683493619360855,2.711434857580964,2.711434857580964,0.021953065859197547,0.03620314698733523,0.03819533452960773,0.037995771128339816,0.03263640999490059,0.029181313794417896
2024-12-10,404.5,404.5,398.5,403.0,403.0,2308,2.7086762397070494,2.6459728081926484,2.6897156741233745,2.6868437497377853,2.6868437497377853,0.010785051417105621,0.027013251783894045,0.030427000767067187,0.032076317305845384,0.027065599673785627,0.024272461558012482
2024-12-11,403.0,418.0,401.5,414.5,414.5,2308,2.6902043590074647,2.8099193276101926,2.727048002698491,2.8282426198360624,2.8282426198360624,0.029557873820168844,0.048703352308665404,0.054796844516074375,0.05868079943809469,0.05513695143060795,0.05274297324754483
2024-12-12,412.0,421.0,412.0,417.0,417.0,2308,2.8010356432049743,2.8463518874807576,2.8577111527113996,2.858981504640036,2.858981504640036,0.022810890360559263,0.04629281144147532,0.05471714020740239,0.06127123496850541,0.05955889826201849,0.05792811839323462
2024-12-13,421.5,432.5,418.5,423.0,423.0,2308,2.918024220969013,2.9860100336512585,2.938597864624153,2.9327548281695717,2.9327548281695717,0.025454545454545455,0.05027932960893855,0.06468663478479734,0.07149642201253885,0.072297708375583,0.07020872865275142
2024-12-16,426.0,429.5,421.5,426.0,426.0,2308,2.973439863067768,2.949577473780693,2.9759301931992694,2.96964148993434,2.96964148993434,0.0223182145428366,0.04797047970479705,0.06642189586114827,0.07372400756143667,0.07717204409831087,0.07498843420111866
2024-12-17,418.5,425.0,416.0,419.5,419.5,2308,2.881080459569843,2.894928633974845,2.9074875908115554,2.889720389444009,2.889720389444009,-0.0011904761904761906,0.024795407353120743,0.0445717131474103,0.053160107952049236,0.05832786719814321,0.056719425668583866
2024-12-18,414.5,425.5,414.5,425.5,425.5,2308,2.8318221110376163,2.901000727286606,2.888821426523997,2.9634937129735452,2.9634937129735452,0.007816200852676484,0.031765276430649914,0.052609878782881134,0.06301917431765668,0.07000955590202679,0.06981226952732145
2024-12-19,415.0,419.5,413.0,416.5,416.5,2308,2.837979404604144,2.828135607545475,2.870155262236439,2.8528337276792413,2.8528337276792413,-0.01326699834162526,0.003856350927934497,0.024852362204724466,0.03594080338266382,0.04448791252883943,0.04565044562533998
2024-12-20,408.0,417.5,407.0,412.0,412.0,2308,2.7517772946727477,2.8038472342984315,2.795490605086205,2.7975037350320893,2.7975037350320893,-0.01881400333412712,-0.010091302258529526,0.008650236657418051,0.02245936220374739,0.03051525762881438,0.0333152196630858
2024-12-23,420.0,425.0,417.0,420.0,420.0,2308,2.8995523402694277,2.894928633974845,2.9199317003365945,2.895868166404804,2.895868166404804,0.0031048483401003375,0.005506344266219802,0.022976374117073973,0.03889679055098639,0.047016004387495675,0.05170902716914981
2024-12-24,421.0,427.5,420.0,425.5,425.5,2308,2.9118669274024844,2.925289100533649,2.957264028911711,2.9634937129735452,2.9634937129735452,0.0133365086925459,0.013215859030837033,0.030599063458743723,0.04757801440265892,0.05677528313133324,0.06295278541094176
2024-12-25,425.0,427.0,419.5,422.5,422.5,2308,2.961125275934711,2.9192170072218886,2.9510419741491916,2.926607051208777,2.926607051208777,0.0076317672310994246,0.0041592394533571005,0.018808777429467113,0.03553921568627451,0.0455850326667987,0.05291576673866095
2024-12-26,423.0,428.0,422.5,428.0,428.0,2308,2.9364961016685975,2.9313611938454103,2.9883743027243086,2.9942325977775184,2.9942325977775184,0.015180265654648901,0.01457864169728571,0.02605082307815249,0.04339346660165776,0.054291063158931965,0.06317794154177363
2024-12-27,426.0,433.0,425.5,431.5,431.5,2308,2.973439863067768,2.992082126963019,3.025706631299425,3.037267036503081,3.037267036503081,0.01410105757931845,0.02081854743316776,0.02909611256856663,0.04549033860318608,0.05899965640799102,0.06784904103938962
2024-12-30,431.0,438.0,429.5,434.5,434.5,2308,3.035012798733051,3.052803060080628,3.075483069399581,3.0741536982678492,3.0741536982678492,0.014239028944911351,0.025852909927989585,0.031413198290868846,0.04692488404312999,0.062087509166462905,0.07103241444476396
2024-12-31,430.0,433.5,428.0,430.5,430.5,2308,3.0226982115999945,2.99815422027478,3.0568169051120226,3.024971482581492,3.024971482581492,0.002561714019562233,0.013776050865418634,0.01748995509335849,0.03237410071942446,0.047904191616766484,0.057479734708916666
