date,open,high,low,close,adjcp,tic,zopen,zhigh,zlow,zclose,zadjcp,zd_5,zd_10,zd_15,zd_20,zd_25,zd_30
2010-01-04,59.7,59.8,58.8,59.5,59.5,2882,1.6720218638739184,1.6278862546823236,1.625621312796126,1.6484563533530192,1.6484563533530192,0.0,0.0,0.0,0.0,0.0,0.0
2010-01-05,59.8,60.3,59.3,59.4,59.4,2882,1.6841727081668898,1.6881133764993304,1.6869557673214797,1.6363278039662108,1.6363278039662108,0.0,0.0,0.0,0.0,0.0,0.0
2010-01-06,59.6,60.7,59.2,60.4,60.4,2882,1.6598710195809459,1.7362950739529366,1.6746888764164096,1.7576132978342944,1.7576132978342944,0.0,0.0,0.0,0.0,0.0,0.0
2010-01-07,60.5,61.0,59.6,59.8,59.8,2882,1.7692286182176955,1.7724313470431403,1.7237564400366923,1.684842001513444,1.684842001513444,0.0,0.0,0.0,0.0,0.0,0.0
2010-01-08,59.8,60.6,59.4,60.4,60.4,2882,1.6841727081668898,1.724249649589535,1.6992226582265506,1.7576132978342944,1.7576132978342944,0.008347245409015025,0.0,0.0,0.0,0.0,0.0
2010-01-11,60.4,61.2,59.9,59.9,59.9,2882,1.7570777739247232,1.7965221957699433,1.7605571127519042,1.6969705509002526,1.6969705509002526,-0.0013337779259752968,0.0,0.0,0.0,0.0,0.0
2010-01-12,60.1,61.0,59.5,59.9,59.9,2882,1.720625241045807,1.7724313470431403,1.7114895491316215,1.6969705509002526,1.6969705509002526,-0.0029960053262316866,0.0,0.0,0.0,0.0,0.0
2010-01-13,59.0,59.3,58.6,58.7,58.7,2882,1.5869659538231125,1.5676591328653169,1.6010875309859853,1.5514279582585526,1.5514279582585526,-0.017408771342483965,0.0,0.0,0.0,0.0,0.0
2010-01-14,58.7,59.3,58.7,59.0,59.0,2882,1.5505134209441962,1.5676591328653169,1.6133544218910563,1.5878136064189774,1.5878136064189774,-0.009734810339039918,0.0,0.0,0.0,0.0,0.0
2010-01-15,59.5,59.8,59.0,59.0,59.0,2882,1.6477201752879735,1.6278862546823236,1.650155094606268,1.5878136064189774,1.5878136064189774,-0.0050590219224282825,-0.010067114093959755,0.0,0.0,0.0,0.0
2010-01-18,58.6,59.3,58.5,59.0,59.0,2882,1.538362576651224,1.5676591328653169,1.5888206400809144,1.5878136064189774,1.5878136064189774,-0.0020297699594046775,-0.009235936188077198,0.0,0.0,0.0,0.0
2010-01-19,60.8,61.0,59.3,59.8,59.8,2882,1.805681151096612,1.7724313470431403,1.6869557673214797,1.684842001513444,1.684842001513444,0.011844331641285883,0.003524081221681505,0.0,0.0,0.0,0.0
2010-01-20,60.0,60.1,58.3,58.6,58.6,2882,1.7084743967528346,1.6640225277725282,1.5642868582707727,1.5392994088717442,1.5392994088717442,-0.00812457684495594,-0.013634068338663562,0.0,0.0,0.0,0.0
2010-01-21,58.5,59.0,58.0,58.4,58.4,2882,1.5262117323582514,1.5315228597751132,1.5274861855555608,1.5150423100981272,1.5150423100981272,-0.009497964721845357,-0.014678589505652059,0.0,0.0,0.0,0.0
2010-01-22,57.2,57.8,56.7,56.8,56.8,2882,1.368250756549613,1.3869777674142965,1.368016603789642,1.320985519909193,1.320985519909193,-0.029391660970608323,-0.03581734849770848,-0.04118838622552338,0.0,0.0,0.0
2010-01-25,56.2,57.0,55.8,56.1,56.1,2882,1.246742313619891,1.290614372507086,1.257614585644005,1.2360856742015351,1.2360856742015351,-0.0317569899896444,-0.04151717068170157,-0.04936737460460914,0.0,0.0,0.0
2010-01-26,56.6,56.6,54.0,54.0,54.0,2882,1.2953456907917795,1.2424326750534807,1.0368105493527326,0.9813861370785593,0.9813861370785593,-0.048960901725959745,-0.0680013807386954,-0.07933621277563076,0.0,0.0,0.0
2010-01-27,54.0,55.2,53.7,54.1,54.1,2882,0.9794237391745019,1.0737967339658618,1.000009876637521,0.9935146864653678,0.9935146864653678,-0.03185397279885458,-0.058803061934585864,-0.07097882083571837,0.0,0.0,0.0
2010-01-28,54.6,55.7,54.5,55.0,55.0,2882,1.0523288049323354,1.1340238557828688,1.0981450038780862,1.1026716309466429,1.1026716309466429,-0.0036231884057971527,-0.036440084092501726,-0.050305053528260514,0.0,0.0,0.0
2010-01-29,54.3,54.5,53.5,54.2,54.2,2882,1.0158762720534182,0.9894787634220521,0.9754760948273791,1.0056432358521763,1.0056432358521763,-0.00877834674469623,-0.04240282685512365,-0.057391304347826036,-0.06712564543889843,0.0,0.0
2010-02-01,55.0,55.0,52.7,53.0,53.0,2882,1.100932182104224,1.0497058852390588,0.8773409675868138,0.8601006432104756,0.8601006432104756,-0.019607843137254943,-0.05357142857142857,-0.0708274894810659,-0.08264820424058847,0.0,0.0
2010-02-02,54.0,54.0,52.0,53.0,53.0,2882,0.9794237391745019,0.9292516416050454,0.7914727312513185,0.8601006432104756,0.8601006432104756,-0.01596732268845153,-0.04193781634128694,-0.06327324142806655,-0.07753894352101642,0.0,0.0
2010-02-03,53.5,53.7,52.5,53.3,53.3,2882,0.9186695177096409,0.8931153685148416,0.852807185776672,0.8964862913709003,0.8964862913709003,-0.007448789571694705,-0.02719474356634426,-0.051938811810743536,-0.06654991243432581,0.0,0.0
2010-02-04,53.4,53.5,52.8,53.2,53.2,2882,0.9065186734166685,0.8690245197880385,0.8896078584918838,0.8843577419840927,0.8843577419840927,-0.0026246719160103764,-0.01971623364658178,-0.0471641791044776,-0.06288532675709001,0.0,0.0
2010-02-05,51.9,51.9,49.6,49.8,49.8,2882,0.7242560090220853,0.6762977299736167,0.4970673495296217,0.4719870628326076,0.4719870628326076,-0.05070529927563865,-0.07037521000560033,-0.09815284317276353,-0.11450924608819342,-0.12588640033700774,0.0
2010-02-06,49.8,50.0,48.3,49.55,49.55,2882,0.46908827886966875,0.44743466706899104,0.337597767763702,0.4416656893655867,0.4416656893655867,-0.0428819779795248,-0.06359255409619205,-0.09232460157538022,-0.11077212975010083,-0.12415597270831126,0.0
2010-02-08,49.55,50.5,49.55,50.5,50.5,2882,0.4387111681372382,0.5076617888859979,0.4909339040770858,0.5568869085402665,0.5568869085402665,-0.015018529354398208,-0.03928469513935124,-0.06429497869186596,-0.08601420750192296,-0.10171119570244389,0.0
2010-02-09,50.0,51.3,49.8,51.0,51.0,2882,0.4933899674556135,0.6040251837932084,0.5216011313397626,0.6175296554743083,0.6175296554743083,0.003739421373745281,-0.024016840493732573,-0.046075191720182145,-0.07048799380325317,-0.08670892876329642,0.0
2010-02-10,51.5,51.7,51.0,51.0,51.0,2882,0.6756526318501966,0.6522068812468145,0.6688038222006114,0.6175296554743083,0.6175296554743083,0.012507444907683195,-0.016488284639861094,-0.037190862752501525,-0.06366181667967126,-0.08091548026671476,0.0
2010-02-22,52.0,53.2,51.9,53.2,53.2,2882,0.7364068533150577,0.8328882466978348,0.7792058403462476,0.8843577419840927,0.8843577419840927,0.04211557296767886,0.027920007728722007,0.008913332069031025,-0.018042545337086283,-0.03626680192746631,-0.049745467535947066
2010-02-23,53.2,53.3,52.2,53.3,53.3,2882,0.8822169848307246,0.8449336710612355,0.8160065130614602,0.8964862913709003,0.8964862913709003,0.02895752895752896,0.029255575938978342,0.014400812028167249,-0.01099410864220441,-0.029815428300993815,-0.04443182836824332
2010-02-24,52.5,53.6,52.3,52.4,52.4,2882,0.7971610747799188,0.88106994415144,0.8282734039665303,0.7873293468896252,0.7873293468896252,0.004216174779609161,0.013049782503624884,-0.0006992562456298254,-0.02097248820589476,-0.04096050367875849,-0.056620757944009295
2010-02-25,52.8,52.8,51.1,51.4,51.4,2882,0.8336136076588351,0.7847065492442287,0.6810707131056823,0.6660438530215416,0.6660438530215416,-0.016456180635285235,-0.0026195789269429534,-0.016393442622950866,-0.033153068422290204,-0.054208221396239,-0.06959905873834746
2010-02-26,51.5,52.3,51.3,51.7,51.7,2882,0.6756526318501966,0.7244794274272219,0.7056044949158232,0.7024295011819672,0.7024295011819672,-0.013358778625954117,0.006130193636275132,-0.006469796938056486,-0.021343050494534055,-0.043549043549043404,-0.05957253296953158
2010-03-01,52.6,53.5,51.8,52.5,52.5,2882,0.8093119190728911,0.8690245197880385,0.7669389494411767,0.7994578962764338,0.7994578962764338,0.004592422502870165,0.016358532571871184,0.011106117994479065,-0.0021382751247326615,-0.0240547272930066,-0.0404240411856094
2010-03-02,53.4,53.4,52.4,52.4,52.4,2882,0.9065186734166685,0.856979095424637,0.8405402948716012,0.7873293468896252,0.7873293468896252,0.006144393241167441,0.008856372737774372,0.00995823964021842,-0.0005245338801200955,-0.02110965813562493,-0.03785537228019709
2010-03-03,52.7,54.4,52.7,53.4,53.4,2882,0.8214627633658635,0.9774333390586506,0.8773409675868138,0.9086148407577089,0.9086148407577089,0.021423106350420624,0.02240091901206193,0.028703525332305954,0.019132592203826473,0.002365131208469245,-0.015577472578117908
2010-03-04,54.2,54.2,52.5,52.6,52.6,2882,1.0037254277604466,0.9533424903318484,0.852807185776672,0.8115864456632423,0.8115864456632423,0.0015232292460014907,0.004008398549341494,0.01420399768622658,0.005303645659133189,-0.008183429498057802,-0.026676946800308333
2010-03-05,53.2,54.0,53.0,53.5,53.5,2882,0.8822169848307246,0.9292516416050454,0.9141416403020256,0.9207433901445174,0.9207433901445174,0.011724659606656668,0.01633738601823707,0.031159653067780287,0.02397243887267329,0.012528861804004676,-0.00665325700139256
2010-03-08,54.1,54.1,53.7,53.9,53.9,2882,0.9915745834674743,0.9412970659684469,1.000009876637521,0.9692575876917507,0.9692575876917507,0.013920240782543168,0.022576361221779504,0.03342493768773565,0.03192456803714157,0.02234361367171181,0.003942507683233332
2010-03-09,53.9,54.1,53.6,54.0,54.0,2882,0.9672728948815296,0.9412970659684469,0.98774298573245,0.9813861370785593,0.9813861370785593,0.00972326103216148,0.023114816218264334,0.02948652770716828,0.03285038014632035,0.025874843269121064,0.008937190545884814
2010-03-10,54.4,54.5,53.7,54.4,54.4,2882,1.0280271163463905,0.9894787634220521,1.000009876637521,1.0299003346257924,1.0299003346257924,0.01341281669150533,0.02680256700641755,0.03199696471480968,0.03910988013943937,0.03315987389372132,0.019840649898453303
2010-03-11,53.8,54.0,53.0,53.1,53.1,2882,0.9551220505885571,0.9292516416050454,0.9141416403020256,0.8722291925972842,0.8722291925972842,-0.012644105615470299,-0.0009407337723423737,0.0046670030272452645,0.014471987390743526,0.009237085186452219,-0.0010973506819250043
2010-03-12,53.2,53.8,52.9,53.5,53.5,2882,0.8822169848307246,0.9051607928782422,0.9018747493969547,0.9207433901445174,0.9207433901445174,-0.005206396429899481,0.0031876992312018485,0.009053187476424066,0.021821133552977094,0.01800053278532553,0.00952920086800633
2010-03-15,53.0,53.2,52.1,52.1,52.1,2882,0.8579152962447798,0.8328882466978348,0.8037396221563894,0.7509436987292005,0.7509436987292005,-0.02470984649943842,-0.02233064364796393,-0.015990934273482832,-0.007098956596312397,-0.0070516485610824745,-0.013973440999274582
2010-03-16,53.2,53.2,52.3,52.3,52.3,2882,0.8822169848307246,0.8328882466978348,0.8282734039665303,0.7752007975028167,0.7752007975028167,-0.014694800301431823,-0.018393393393393336,-0.01096822995461419,-0.0058924158905151545,-0.002707753327485661,-0.00780978278053566
2010-03-17,53.0,54.2,52.8,54.2,54.2,2882,0.8579152962447798,0.9533424903318484,0.8896078584918838,1.0056432358521763,1.0056432358521763,0.021870286576169,0.0157421289355323,0.022641509433962318,0.026612368595511096,0.03257763383501621,0.028105339698397187
2010-03-18,54.3,55.0,54.0,54.2,54.2,2882,1.0158762720534182,1.0497058852390588,1.0368105493527326,1.0056432358521763,1.0056432358521763,0.017649267743146783,0.012705530642750368,0.019052394083730433,0.023510527806628354,0.03186993108174998,0.028040337622103468
2010-03-19,54.0,54.3,53.6,54.2,54.2,2882,0.9794237391745019,0.9653879146952491,0.98774298573245,1.0056432358521763,1.0056432358521763,0.01498127340823978,0.011382720656839086,0.015869049106585115,0.020427374564624082,0.03108473157554313,0.028560584495682613
2010-03-22,54.1,54.1,53.3,53.6,53.6,2882,0.9915745834674743,0.9412970659684469,0.9509423130172373,0.932871939531326,0.932871939531326,-0.0018621973929236763,0.0007468259895444202,0.003244322435737568,0.008751293874094217,0.016730528472248526,0.017560512577123953
2010-03-23,53.6,53.8,52.7,52.8,52.8,2882,0.9308203620026132,0.9051607928782422,0.8773409675868138,0.8358435444368585,0.8358435444368585,-0.01858736059479554,-0.011976047904191628,-0.012222499376403143,-0.005836942195443462,-0.0009082652134423596,0.0024999208885794952
2010-03-24,53.0,53.9,52.9,53.0,53.0,2882,0.8579152962447798,0.9172062172416438,0.9018747493969547,0.8601006432104756,0.8601006432104756,-0.010455563853622148,-0.005628517823639722,-0.00798602445719982,-0.0026345502446368193,0.0009820956410062627,0.006297269073763562
2010-03-25,53.3,53.6,52.5,53.0,53.0,2882,0.8943678291236961,0.88106994415144,0.852807185776672,0.8601006432104756,0.8601006432104756,-0.0060015003750939116,-0.005441921561268515,-0.008480917934647041,-0.0041337842916198035,-0.0005280229312815625,0.006488368412723568
2010-03-26,52.7,53.5,52.1,53.1,53.1,2882,0.8214627633658635,0.8690245197880385,0.8037396221563894,0.8722291925972842,0.8722291925972842,0.0,-0.0028169014084506775,-0.006114299975043566,-0.0035653968849689945,-0.00022593764121116807,0.008451239198556648
2010-03-29,53.2,54.1,53.2,54.1,54.1,2882,0.8822169848307246,0.9412970659684469,0.9386754221121674,0.9935146864653678,0.9935146864653678,0.016917293233082678,0.012160898035547213,0.012350299401197539,0.013678096308787918,0.017912245051554115,0.024653555983459127
2010-03-30,54.6,54.7,53.8,54.2,54.2,2882,1.0523288049323354,1.013569612148855,1.0122767675425908,1.0056432358521763,1.0056432358521763,0.013462976813762132,0.010439970171513704,0.01396857071588917,0.013842124953236102,0.019103489771359772,0.023542742037013644
2010-03-31,53.7,53.9,53.0,53.0,53.0,2882,0.9429712062955856,0.9172062172416438,0.9141416403020256,0.8601006432104756,0.8601006432104756,-0.00897531787584151,-0.009715994020926814,-0.006746626686656793,-0.008233532934131694,-0.003909186588482905,-0.0006913456099554179
2010-04-01,53.0,53.9,53.0,53.4,53.4,2882,0.8579152962447798,0.9172062172416438,0.9141416403020256,0.9086148407577089,0.9086148407577089,-0.0029873039581778133,-0.0007485029940119602,0.0003746721618582994,-0.0014958863126402077,0.0021017865185409285,0.005334170065892653
2010-04-02,53.8,53.9,53.3,53.5,53.5,2882,0.9551220505885571,0.9172062172416438,0.9509423130172373,0.9207433901445174,0.9207433901445174,-0.0026099925428784594,0.002435825370058,0.0022480329711501955,0.0003739715781601183,0.0026236881559220495,0.005639097744360848
2010-04-06,53.9,54.1,53.6,53.8,53.8,2882,0.9672728948815296,0.9412970659684469,0.98774298573245,0.9571290383049422,0.9571290383049422,0.0041060097051138274,0.007679340700505649,0.005732801595214323,0.006077606358111187,0.0072642851793602746,0.010898158586997202
2010-04-07,54.0,54.1,53.6,53.9,53.9,2882,0.9794237391745019,0.9412970659684469,0.98774298573245,0.9692575876917507,0.9692575876917507,0.007100149476831006,0.007476635514018665,0.005597014925373081,0.00804189265008402,0.008004189108318321,0.01239669421487597
2010-04-08,53.8,55.6,53.5,54.6,54.6,2882,0.9551220505885571,1.1219784314194672,0.9754760948273791,1.0541574333994097,1.0541574333994097,0.014115898959881225,0.01751770406261643,0.01815017404276485,0.0209424083769633,0.020179372197309385,0.024134050268850724
2010-04-09,54.8,55.2,54.4,55.0,55.0,2882,1.0766304935182793,1.0737967339658618,1.0858781129730153,1.1026716309466429,1.1026716309466429,0.01550960118168383,0.02116598588934275,0.024590163934426236,0.026598226784880954,0.02581319009250957,0.02932002495321279
2010-04-12,55.0,55.2,54.3,54.4,54.4,2882,1.100932182104224,1.0737967339658618,1.0736112220679443,1.0299003346257924,1.0299003346257924,0.001104158998895883,0.0075939988886831586,0.013161162155450648,0.014546810891458298,0.013941698352344694,0.01637914928068752
2010-04-13,54.2,54.4,53.6,53.6,53.6,2882,1.0037254277604466,0.9774333390586506,0.98774298573245,0.932871939531326,0.932871939531326,-0.012891344383057012,-0.006303299962921696,-0.0017382666997765156,-0.0017692522581247035,-0.0007457121551081124,0.0007468259895442874
2010-04-14,54.0,54.5,53.5,54.4,54.4,2882,0.9794237391745019,0.9894787634220521,0.9754760948273791,1.0299003346257924,1.0299003346257924,0.0,0.008154188287620417,0.01115241635687735,0.01115241635687735,0.01386611003429266,0.01442068622575833
2010-04-15,54.6,54.8,53.9,54.7,54.7,2882,1.0523288049323354,1.0256150365122558,1.0245436584476617,1.0662859827862181,1.0662859827862181,0.0051451672179347345,0.010530205061888185,0.014591319401508634,0.016256386437529028,0.019229335917120137,0.019191354574250204
2010-04-16,54.5,54.7,53.6,53.8,53.8,2882,1.040177960639363,1.013569612148855,0.98774298573245,0.9571290383049422,0.9571290383049422,-0.007013658176448791,-0.006830348901606139,-0.003088326127239124,-9.292816652718991e-05,0.0019368295589987934,0.0016756656116178794
2010-04-19,52.8,53.0,51.3,51.4,51.4,2882,0.8336136076588351,0.8087973979710318,0.7056044949158232,0.6660438530215416,0.6660438530215416,-0.04068682344158268,-0.04744255003706453,-0.04555583065115127,-0.042206279698127284,-0.04125941953294032,-0.04175988068605522
2010-04-20,51.8,52.0,51.5,51.7,51.7,2882,0.7121051647291129,0.6883431543370182,0.730138276725965,0.7024295011819672,0.7024295011819672,-0.02819548872180451,-0.03813953488372088,-0.037124410230941124,-0.03490759753593437,-0.0353757743115158,-0.034847542003733675
2010-04-21,52.0,52.5,51.9,52.1,52.1,2882,0.7364068533150577,0.7485702761540249,0.7792058403462476,0.7509436987292005,0.7509436987292005,-0.012135001896093924,-0.027440731752846594,-0.02713805552097584,-0.026804893994583023,-0.027767410614316628,-0.026228895395925406
2010-04-22,51.9,51.9,50.6,51.1,51.1,2882,0.7242560090220853,0.6762977299736167,0.6197362585803288,0.6296582048611169,0.6296582048611169,-0.01768550557477896,-0.039834648628335294,-0.043548789618168104,-0.043787425149700535,-0.04421666916055658,-0.04295167936071912
2010-04-23,51.1,51.3,50.6,50.8,50.8,2882,0.627049254678308,0.6040251837932084,0.6197362585803288,0.5932725567006912,0.5932725567006912,-0.012057565149747268,-0.03787878787878788,-0.04606910365548322,-0.04744046502906447,-0.04740474047404751,-0.04720225070334491
2010-04-26,51.5,52.6,51.3,52.6,52.6,2882,0.6756526318501966,0.7606157005174266,0.7056044949158232,0.8115864456632423,0.8115864456632423,0.018195896244676688,-0.00038008361839583657,-0.011154279984960528,-0.013225776193602688,-0.01246620606788815,-0.012886275491054556
2010-04-27,52.6,52.6,51.8,52.0,52.0,2882,0.8093119190728911,0.7606157005174266,0.7669389494411767,0.738815149342392,0.738815149342392,0.005413766434647989,-0.008768585589020222,-0.020223590001256203,-0.02255639097744366,-0.02255639097744366,-0.0240850797622771
2010-04-28,50.7,51.6,50.6,51.0,51.0,2882,0.5784458775064193,0.640161456883413,0.6197362585803288,0.6175296554743083,0.6175296554743083,-0.009708737864077669,-0.021488871834228523,-0.03555219364599097,-0.03846153846153844,-0.04005420870350851,-0.04207362885048839
2010-04-29,51.0,51.3,50.5,50.6,50.6,2882,0.6148984103853357,0.6040251837932084,0.6074693676752579,0.569015457927075,0.569015457927075,-0.015564202334630295,-0.021465867337072123,-0.03826659908768377,-0.043839758125472285,-0.04585910393724535,-0.04743975903614451
2010-04-30,51.0,51.9,50.3,50.5,50.5,2882,0.6148984103853357,0.6762977299736167,0.5829355858651162,0.5568869085402665,0.5568869085402665,-0.016361511492013953,-0.017127286882055188,-0.03466292850771007,-0.0431075319753671,-0.045945741706340124,-0.047109881124598955
2010-05-03,50.2,50.8,49.6,49.9,49.9,2882,0.5176916560415583,0.5437980619762016,0.4970673495296217,0.4841156122194161,0.4841156122194161,-0.017716535433070838,-0.025961350771032565,-0.04063060753652916,-0.0512406122254966,-0.054995833648965924,-0.05587790110998991
2010-05-04,50.9,51.1,50.1,50.2,50.2,2882,0.6027475660923632,0.5799343350664061,0.5584018040549753,0.5205012603798418,0.5205012603798418,-0.004758128469468575,-0.01722787783868433,-0.030638516992790923,-0.042258895354383215,-0.046497492782251945,-0.048160788775123226
2010-05-05,49.2,49.8,49.2,49.5,49.5,2882,0.3961832131118362,0.42334381834218804,0.4479997859093391,0.43560141467218283,0.43560141467218283,-0.012764260071798974,-0.02597402597402598,-0.03808783521181515,-0.05163329820864081,-0.056423942051086556,-0.05947178415352465
2010-05-06,49.8,50.8,49.6,50.1,50.1,2882,0.46908827886966875,0.5437980619762016,0.4970673495296217,0.5083727109930332,0.5083727109930332,0.0011990407673861366,-0.012223974763407029,-0.020591685129675373,-0.03598229747931507,-0.042870243007794455,-0.04631979695431466
2010-05-07,49.5,50.3,49.0,49.65,49.65,2882,0.43263574599075244,0.4835709401591948,0.4234660040991973,0.4537942387523952,0.4537942387523952,-0.004411469821535971,-0.018871652998715648,-0.024110594247526835,-0.03969827377786378,-0.048741234624669574,-0.052872539980288076
2010-05-10,49.85,50.2,49.2,49.55,49.55,2882,0.47516370101615535,0.4715255157957941,0.4479997859093391,0.4416656893655867,0.4416656893655867,-0.0050200803212851405,-0.014910536779324057,-0.02370944437146985,-0.037116206762534076,-0.04777461757244992,-0.052641641705436185
2010-05-11,50.0,50.5,48.5,48.75,48.75,2882,0.4933899674556135,0.5076617888859979,0.36213154957384375,0.3446372942711201,0.3446372942711201,-0.01535043425570602,-0.02451225612806406,-0.03573547834113532,-0.048176892663640246,-0.05949762704016662,-0.06474820143884892
2010-05-12,49.0,49.6,48.95,49.25,49.25,2882,0.3718815245258914,0.3992529696153858,0.4173325586466623,0.4052800412051619,0.4052800412051619,-0.0042458552365548085,-0.011044176706827252,-0.02217074784910656,-0.03355572998430143,-0.04642967781908308,-0.05215550423402619
2010-05-13,50.1,51.3,50.0,51.1,51.1,2882,0.5055408117485859,0.6040251837932084,0.5461349131499044,0.6296582048611169,0.6296582048611169,0.028997180829641662,0.025075225677031094,0.014559894109861037,0.006301693580149671,-0.007921099635008042,-0.015351018048686361
2010-05-14,51.0,51.1,50.6,51.0,51.0,2882,0.6148984103853357,0.5799343350664061,0.6197362585803288,0.6175296554743083,0.6175296554743083,0.02143000200280393,0.022044088176352734,0.012306470821754614,0.007109004739336481,-0.006777284412245695,-0.015760694757156704
2010-05-17,50.3,50.5,49.1,49.35,49.35,2882,0.5298425003345298,0.5076617888859979,0.4357328950042682,0.4174085905919705,0.4174085905919705,-0.010823812387251937,-0.009930785434847978,-0.01621370190710345,-0.02349740291862492,-0.03511516052086183,-0.045054342567807264
2010-05-18,49.7,50.2,49.35,49.85,49.85,2882,0.4569374345766972,0.4715255157957941,0.46640012226694494,0.4780513375260123,0.4780513375260123,-0.005188585112751906,0.0008030515960650301,-0.0033986405437823794,-0.011795024283873502,-0.022472350772609496,-0.03291515778582498
2010-05-19,49.55,50.0,49.25,49.55,49.55,2882,0.4387111681372382,0.44743466706899104,0.45413323136187406,0.4416656893655867,0.4416656893655867,-0.012357982858281932,-0.005319682826457906,-0.007478133137477496,-0.015253142544840372,-0.024644699027597385,-0.03602347524399339
2010-05-20,49.7,49.75,48.5,48.55,48.55,2882,0.4569374345766972,0.4173211061604877,0.36213154957384375,0.320380195497503,0.320380195497503,-0.022351993556182167,-0.022351993556182028,-0.024839314408141362,-0.032675831839011765,-0.03967877205475131,-0.05175781250000011
2010-05-21,47.1,47.35,45.95,46.6,46.6,2882,0.14101548295941957,0.1282309214388553,0.04932583149454111,0.08387348245474045,0.08387348245474045,-0.044690446904469036,-0.055820079019349655,-0.05909274464934707,-0.06762705082032817,-0.07296888676692924,-0.08483896307934001
2010-05-24,47.25,47.25,46.65,46.8,46.8,2882,0.15924174939887772,0.11618549707545377,0.13519406783003554,0.10813058122835666,0.10813058122835666,-0.030453697949036646,-0.046454767726161396,-0.05109489051094897,-0.05816059569329846,-0.06556984266432392,-0.07631578947368423
2010-05-25,46.2,46.3,44.55,45.15,45.15,2882,0.031657884322669846,0.001753965623140547,-0.12241064117644948,-0.09199048365398117,-0.09199048365398117,-0.046059581660680325,-0.07327586206896552,-0.07825791085403203,-0.08506003343634438,-0.09377383485207333,-0.10389997022923489
2010-05-26,45.7,46.75,44.35,46.75,46.75,2882,-0.029096337142191207,0.05595837525844699,-0.14694442298659036,0.10206630653495283,0.10206630653495283,-0.0004276245456488352,-0.03548586754693623,-0.04200819672131142,-0.04853973745802391,-0.057611675536203916,-0.0674246957909436
2010-05-27,46.35,46.9,45.6,46.65,46.65,2882,0.04988415076212799,0.07402651180354886,0.006391713326793461,0.08993775714814428,0.08993775714814428,0.005604656175899936,-0.028630921395106715,-0.03953057442865984,-0.04674329501915712,-0.05624114909973703,-0.06441153859009927
2010-05-28,47.0,47.25,46.3,46.95,46.95,2882,0.12886463866644718,0.11618549707545377,0.09225994966228789,0.1263234053085699,0.1263234053085699,0.0105467068445977,-0.014069718605627921,-0.029758214507129382,-0.03712059064807209,-0.04720350677814745,-0.05406312961719268
2010-05-31,47.0,47.45,46.65,47.45,47.45,2882,0.12886463866644718,0.14027634580225684,0.13519406783003554,0.18696615224261173,0.18696615224261173,0.018458896758961136,0.0004216740459625369,-0.016580310880828956,-0.024415317399126186,-0.033014061544731965,-0.041446415945590974
2010-06-01,47.0,47.0,46.1,46.15,46.15,2882,0.12886463866644718,0.08607193616695039,0.067726167852147,0.029295010214102465,0.029295010214102465,-0.01367813635392179,-0.019337016574585565,-0.04007488039936219,-0.047176628471146835,-0.0550004095339505,-0.06421088205474831
2010-06-02,46.0,46.5,45.2,45.55,45.55,2882,0.007356195736725079,0.025844814349943603,-0.04267585029348919,-0.04347628610674789,-0.04347628610674789,-0.021482277121374866,-0.023789112730390045,-0.047668827095965045,-0.055713915522156,-0.06310420009050156,-0.07226993448521686
2010-06-03,46.4,46.85,46.3,46.85,46.85,2882,0.055959572908613746,0.06800379962184852,0.09225994966228789,0.11419485592176136,0.11419485592176136,0.00558059669456976,0.007743600774360065,-0.014652271452607791,-0.02548101924076966,-0.033382850540562885,-0.04303125212773205
2010-06-04,46.7,46.75,45.9,45.95,45.95,2882,0.0924121057875309,0.05595837525844699,0.04319238604200523,0.005037911440486254,0.005037911440486254,-0.009484802759215299,-0.010231556273559383,-0.02668926074984109,-0.040509500939653324,-0.048378411962059366,-0.05830515421662039
2010-06-07,44.3,44.85,43.65,44.0,44.0,2882,-0.19920815724380284,-0.1729046876461786,-0.23281265932208567,-0.2314688016022772,-0.2314688016022772,-0.03719912472647709,-0.04648390941597131,-0.06089926010244732,-0.07587293252822258,-0.08428720083246613,-0.09293935749871156
2010-06-08,43.0,44.4,43.0,44.0,44.0,2882,-0.35716913305244125,-0.22710909728148504,-0.3125474502050451,-0.2314688016022772,-0.2314688016022772,-0.028053898829246807,-0.044101672822072585,-0.053016715689791334,-0.0712401055408971,-0.0795364210702481,-0.0879253757125583
2010-06-09,44.0,44.15,42.75,43.1,43.1,2882,-0.23566069012271915,-0.25722265818998846,-0.34321467746772183,-0.3406257460835523,-0.3406257460835523,-0.03751674854845913,-0.056169933209241164,-0.06372194062273707,-0.08429383332448082,-0.09350944348630782,-0.10167784069197895
2010-06-10,43.8,43.85,42.9,43.85,43.85,2882,-0.2599623787086639,-0.2933589312801922,-0.324814341110116,-0.24966162568248956,-0.24966162568248956,-0.0074694431869623875,-0.03382174727332827,-0.04090113735783037,-0.061128358848089,-0.07286028416779441,-0.0817394946251571
2010-06-11,44.8,45.95,44.6,45.5,45.5,2882,-0.1384539357789418,-0.040405019648763515,-0.11627719572391361,-0.049540560800151734,-0.049540560800151734,0.031980040825584116,0.005747126436781723,-0.0032130860230758346,-0.020030152918371735,-0.034585189900275884,-0.04384981787615592
2010-06-14,46.5,46.85,46.1,46.65,46.65,2882,0.06811041720158613,0.06800379962184852,0.067726167852147,0.08993775714814428,0.08993775714814428,0.04549529359031827,0.032993799822851964,0.022204367832882804,0.007668214710011813,-0.007742374611817698,-0.017446554568750654
2010-06-15,46.65,48.3,46.35,48.05,48.05,2882,0.08633668364104427,0.24266245289116767,0.09839339511482376,0.2597374485634612,0.2597374485634612,0.05767114241690524,0.05953693495038579,0.04843988653720252,0.03993074342603612,0.022645043204358593,0.013570524539445877
2010-06-17,48.2,48.6,47.7,47.7,47.7,2882,0.27467477018211406,0.27879872598137223,0.26399642233327847,0.21728752570963264,0.21728752570963264,0.02912621359223304,0.046856139580818724,0.039366647298082466,0.034426673895364725,0.016537379592532677,0.007462686567164295
2010-06-18,47.7,48.0,47.3,47.7,47.7,2882,0.213920548717253,0.20652617980096394,0.21492885871299494,0.21728752570963264,0.21728752570963264,0.012308998302207092,0.04490690032858717,0.03778374066284731,0.03538094204471462,0.019492177481405467,0.0091678420310297
2010-06-21,48.6,49.4,48.5,49.15,49.15,2882,0.32327814735400273,0.37516212088858275,0.36213154957384375,0.3931514918183534,0.3931514918183534,0.02716823406478573,0.06917554927126386,0.06592929950119261,0.06391038476107999,0.052147107933381696,0.040211640211640184
2010-06-22,48.9,49.45,48.6,49.35,49.35,2882,0.359730680232919,0.38118483307028395,0.37439844047891463,0.4174085905919705,0.4174085905919705,0.01983880967141973,0.06117621761100954,0.06733472712854165,0.06529951430113326,0.0564284796848911,0.04459182953503145
2010-06-23,49.0,49.3,48.65,49.0,49.0,2882,0.3718815245258914,0.36311669652518125,0.38053188593144965,0.374958667738141,0.374958667738141,0.00864553314121041,0.042442293373045364,0.05542791499138436,0.05336701241468268,0.04970008568980292,0.037000458537617756
2010-06-24,49.1,49.2,48.3,48.9,48.9,2882,0.38403236881886377,0.3510712721617806,0.337597767763702,0.3628301183513325,0.3628301183513325,0.0016386726751331073,0.027634758852579547,0.048231511254019296,0.04879356568364608,0.0481416384447206,0.035139712108382654
2010-06-25,48.1,49.7,48.1,49.05,49.05,2882,0.2625239258891417,0.41129839397878737,0.3130639859535611,0.3810229424315449,0.3810229424315449,-0.0008148299042574689,0.01964452759588386,0.04815157774770276,0.04931008664028238,0.05090628615503273,0.039819100448715616
2010-06-28,49.55,50.4,49.05,50.1,50.1,2882,0.4387111681372382,0.49561636452259633,0.4295994495517323,0.5083727109930332,0.5083727109930332,0.016639610389610395,0.03160712447235671,0.0642968418071094,0.06817333830819249,0.07019267740419552,0.06275410995227157
2010-06-29,50.2,50.8,49.0,49.0,49.0,2882,0.5176916560415583,0.5437980619762016,0.4234660040991973,0.374958667738141,0.374958667738141,-0.004267425320056916,0.004098360655737763,0.033609900154689926,0.04299702000851417,0.044731567950194,0.03967748779970305
2010-06-30,48.0,48.45,47.65,48.05,48.05,2882,0.2503730815961693,0.26073058943627037,0.2578629768807426,0.2597374485634612,0.2597374485634612,-0.019787841697266544,-0.015368852459016395,0.00783052506467178,0.020711630377057765,0.021949040792887755,0.02082005523688102
2010-07-01,48.0,48.1,46.6,46.6,46.6,2882,0.2503730815961693,0.21857160416436547,0.12906062237750052,0.08387348245474045,0.08387348245474045,-0.04036243822075784,-0.042924625179708284,-0.027342934669171263,-0.011193040157020918,-0.008763719901301774,-0.007912571408295845
2010-07-02,46.6,49.2,46.6,48.0,48.0,2882,0.08026126149455852,0.3510712721617806,0.12906062237750052,0.2536731738700574,0.2536731738700574,-0.007238883143743566,-0.014778325123152686,-0.0038738240177087786,0.01727243827487544,0.019844473717757986,0.02229163708646884
2010-07-05,47.75,48.3,47.5,48.0,48.0,2882,0.21999597086373876,0.24266245289116767,0.2394626405231367,0.2536731738700574,0.2536731738700574,0.0014604631754642245,-0.012447279086513814,-0.0073073211085067915,0.015067406819984109,0.01893521270272556,0.02127659574468085
2010-07-06,47.7,48.75,47.4,48.75,48.75,2882,0.213920548717253,0.2968668625264741,0.22719574961806582,0.3446372942711201,0.3446372942711201,0.018170426065162854,0.004222885982078449,0.005292823755842749,0.0257759074171489,0.03371501272264638,0.03580155104642505
2010-07-07,48.75,48.9,48.05,48.9,48.9,2882,0.34150441379346086,0.31493499907157596,0.30693054050102525,0.3628301183513325,0.3628301183513325,0.01768990634755466,0.007520346141959453,0.007209062821833191,0.02365501360686629,0.03448275862068956,0.03623649078194519
2010-07-08,49.5,49.8,48.6,49.35,49.35,2882,0.43263574599075244,0.42334381834218804,0.37439844047891463,0.4174085905919705,0.4174085905919705,0.015432098765432098,0.015850144092219087,0.014180024660912553,0.026360942130712953,0.04065623550250948,0.04385531974899537
2010-07-09,50.0,50.4,49.4,50.3,50.3,2882,0.4933899674556135,0.49561636452259633,0.47253356771947996,0.5326298097666494,0.5326298097666494,0.02527517325723608,0.032748177805153454,0.030034129692832656,0.0391488482594774,0.05761143818334724,0.0612187489011568
2010-07-12,50.0,50.3,49.2,49.3,49.3,2882,0.4933899674556135,0.4835709401591948,0.4479997859093391,0.4113443158985658,0.4113443158985658,-0.0004055150040552134,0.013881748071979377,0.009349621237971681,0.014507665397674624,0.03367299870004616,0.03840483044302458
2010-07-13,49.6,49.7,48.9,49.2,49.2,2882,0.44478659028372486,0.41129839397878737,0.41119911319412644,0.3992157665117581,0.3992157665117581,-0.004250151791135272,0.011409189022510015,0.0075085324232082,0.00980040022576851,0.02709698968727823,0.03502682234143276
2010-07-14,49.55,50.8,49.55,50.8,50.8,2882,0.4387111681372382,0.5437980619762016,0.4909339040770858,0.5932725567006912,0.5932725567006912,0.0202851978308897,0.038430089942763604,0.03772300149802513,0.03970528039295943,0.05451073193008672,0.06521283287901042
2010-07-15,50.5,51.0,50.3,50.8,50.8,2882,0.5541441889204746,0.5678889107030046,0.5829355858651162,0.5932725567006912,0.5932725567006912,0.0143769968051118,0.029590595865423612,0.0350448247758761,0.03641742323778428,0.04781155892908689,0.06131829102684624
2010-07-16,51.1,52.3,50.6,52.3,52.3,2882,0.627049254678308,0.7244794274272219,0.6197362585803288,0.7752007975028167,0.7752007975028167,0.036053882725831876,0.05083383564396225,0.06092365947663813,0.06203675500050766,0.07128226136829162,0.08852504509504643
2010-07-19,52.0,52.1,50.7,50.9,50.9,2882,0.7364068533150577,0.7003885787004197,0.6320031494853997,0.6054011060874998,0.6054011060874998,0.001968503937007902,0.016779864163004466,0.03140830800405263,0.031774185374753,0.038012888490089006,0.05576105368686693
2010-07-20,50.9,51.5,49.8,51.5,51.5,2882,0.6027475660923632,0.6281160325200114,0.5216011313397626,0.6781724024083501,0.6781724024083501,0.004682013265704153,0.023144928975861855,0.04005385392123866,0.04166666666666657,0.04611009547024179,0.06269560133438802
2010-07-21,51.6,51.7,50.4,51.0,51.0,2882,0.6878034761431691,0.6522068812468145,0.595202476770187,0.6175296554743083,0.6175296554743083,-0.005847953216374214,0.009001879513304941,0.025881721872066412,0.0294711344368186,0.033476534003404564,0.04733545538556319
2010-07-22,51.1,51.7,50.5,50.5,50.5,2882,0.627049254678308,0.6522068812468145,0.6074693676752579,0.5568869085402665,0.5568869085402665,-0.014441842310694671,-0.0031583103039873,0.010538954108857999,0.017734784361144753,0.021027092600080857,0.03184062659628803
2010-07-23,51.3,51.5,50.6,50.6,50.6,2882,0.6513509432642519,0.6281160325200114,0.6197362585803288,0.569015457927075,0.569015457927075,-0.0058939096267190015,-0.0017754981258630165,0.0090401488965702,0.018159867196539132,0.02065515572050994,0.029152542372881434
2010-07-26,51.1,51.2,50.2,50.6,50.6,2882,0.627049254678308,0.5919797594298077,0.5706686949600461,0.569015457927075,0.569015457927075,-0.004720692368214044,-0.004329004329004446,0.005564387917329116,0.01764794610085987,0.019462465245597943,0.025606377947436025
2010-07-27,50.6,50.8,49.8,49.8,49.8,2882,0.566295033213447,0.5437980619762016,0.5216011313397626,0.4719870628326076,0.4719870628326076,-0.013861386138613917,-0.02122641509433959,-0.011708672355626185,0.000753579502637414,0.002980745992104973,0.00724759817967289
2010-07-28,49.9,50.7,49.9,50.4,50.4,2882,0.4812391231626411,0.5317526376128009,0.5338680222448335,0.5447583591534579,0.5447583591534579,0.00039698292973408355,-0.008654602675059103,-0.0017825311942959677,0.010425020048115397,0.013921300394302732,0.017770597738287614
2010-07-29,50.5,51.0,50.1,51.0,51.0,2882,0.5541441889204746,0.5678889107030046,0.5584018040549753,0.6175296554743083,0.6175296554743083,0.01030110935023778,0.002752654345261513,0.00790513833992092,0.017964071856287397,0.02426092544987143,0.027604271609913307
2010-07-30,50.7,50.9,50.1,50.4,50.4,2882,0.5784458775064193,0.5558434863396031,0.5584018040549753,0.5447583591534579,0.5447583591534579,-0.0007930214115780957,-0.00532859680284198,-0.004083783427743457,0.003584229390680998,0.011114231834048768,0.013676588897827831
2010-08-02,50.6,52.5,50.6,52.5,52.5,2882,0.566295033213447,0.7485702761540249,0.6197362585803288,0.7994578962764338,0.7994578962764338,0.033057851239669415,0.0328546134172733,0.033057851239669415,0.0407374368123699,0.051219414520844025,0.05354694136927663
2010-08-03,52.5,52.7,51.8,52.5,52.5,2882,0.7971610747799188,0.772661124880828,0.7669389494411767,0.7994578962764338,0.7994578962764338,0.022196261682243004,0.030826624779108587,0.02860501567398121,0.0368834246778255,0.04828081945609185,0.051331686803284295
2010-08-04,50.6,51.3,50.6,51.1,51.1,2882,0.566295033213447,0.6040251837932084,0.6197362585803288,0.6296582048611169,0.6296582048611169,-0.007766990291262109,0.0031409501374165013,0.0007833920877400363,0.007045376163965151,0.01784718349135543,0.021863751499800035
2010-08-05,51.1,51.4,50.5,50.7,50.7,2882,0.627049254678308,0.6160706081566099,0.6074693676752579,0.5811440073138836,0.5811440073138836,-0.01438569206842914,-0.005102040816326491,-0.006920867067119182,-0.002164928163747143,0.006591486658195694,0.012649800266311574
2010-08-06,50.4,50.8,50.1,50.6,50.6,2882,0.5419933446275021,0.5437980619762016,0.5584018040549753,0.569015457927075,0.569015457927075,-0.017094017094017006,-0.007064364207221339,-0.006674519042010274,-0.004426955238563727,0.002536059597400541,0.009610588274417261
2010-08-09,50.3,51.6,50.3,51.4,51.4,2882,0.5298425003345298,0.640161456883413,0.5829355858651162,0.6660438530215416,0.6660438530215416,0.0027311744049940195,0.007053291536050146,0.008370389746272616,0.009228352640879758,0.015649699652228788,0.02468684586503631
2010-08-10,51.5,51.5,50.7,50.7,50.7,2882,0.6756526318501966,0.6281160325200114,0.6320031494853997,0.5811440073138836,0.5811440073138836,-0.003929273084479288,-0.008409935458634846,-0.004320502749410679,-0.005979805901382211,0.0002762103934024344,0.009591450665427539
2010-08-11,50.5,50.8,49.85,49.95,49.95,2882,0.5541441889204746,0.5437980619762016,0.5277345767922985,0.49017988691282083,0.49017988691282083,-0.014209591474245092,-0.022217872173827757,-0.01769911504424776,-0.01986754966887409,-0.015336697681753502,-0.006596174881500674
2010-08-12,49.45,49.8,49.25,49.4,49.4,2882,0.4265603238442667,0.42334381834218804,0.45413323136187406,0.4234728652853743,0.4234728652853743,-0.020035707200952293,-0.02994599901816394,-0.0271121906387448,-0.029326521589625187,-0.026217228464419443,-0.019354838709677448
2010-08-13,49.7,49.8,49.0,49.6,49.6,2882,0.4569374345766972,0.42334381834218804,0.4234660040991973,0.4477299640589914,0.4477299640589914,-0.01214897430790678,-0.024486183498869062,-0.021889173732991644,-0.022804511648524962,-0.0217348428069898,-0.01642595101959863
2010-08-16,49.5,49.55,49.2,49.55,49.55,2882,0.43263574599075244,0.3932302574336846,0.4479997859093391,0.4416656893655867,0.4416656893655867,-0.00581861958266451,-0.019782393669634028,-0.021524486571880004,-0.022489642927599144,-0.022913708786875157,-0.01842313787638682
2010-08-17,49.65,49.75,49.35,49.5,49.5,2882,0.45086201243021057,0.4173211061604877,0.46640012226694494,0.43560141467218283,0.43560141467218283,-0.002016129032258093,-0.014925373134328358,-0.022125642038719823,-0.021545760031626733,-0.024130589070262668,-0.01989901989901995
2010-08-18,49.5,49.7,49.0,49.25,49.25,2882,0.43263574599075244,0.41129839397878737,0.4234660040991973,0.4052800412051619,0.4052800412051619,-0.004245855236554666,-0.01627883751123535,-0.0255886038382905,-0.024800752437998074,-0.027870988117326714,-0.025074232926426902
2010-08-19,49.1,49.1,48.0,48.25,48.25,2882,0.38403236881886377,0.339025847798379,0.3007970950484902,0.2839945473370783,0.2839945473370783,-0.019906561040016188,-0.031513448414291455,-0.041898332009531365,-0.042468743798372705,-0.04568829113924055,-0.04417591125198106
2010-08-20,48.6,49.0,48.5,48.9,48.9,2882,0.32327814735400273,0.3269804234349775,0.36213154957384375,0.3628301183513325,0.3628301183513325,-0.0038704420452230137,-0.015105740181268883,-0.027059291683247104,-0.027929629261504843,-0.030223702998572126,-0.030403172504957002
2010-08-23,48.9,49.75,48.5,49.6,49.6,2882,0.359730680232919,0.4173211061604877,0.36213154957384375,0.4477299640589914,0.4477299640589914,0.010183299389002037,0.002627855265817719,-0.00932090545938752,-0.013033529002089367,-0.015325974747875913,-0.01671842992136405
2010-08-24,49.9,49.9,49.1,49.35,49.35,2882,0.4812391231626411,0.43538924270558954,0.4357328950042682,0.4174085905919705,0.4174085905919705,0.00570613409415109,0.00030404378230466337,-0.010162465735107328,-0.01756830737072613,-0.018613530604939744,-0.021771449337606188
2010-08-25,49.0,49.0,47.3,47.3,47.3,2882,0.3718815245258914,0.3269804234349775,0.21492885871299494,0.16877332816239848,0.16877332816239848,-0.02834839769926053,-0.03607091909517037,-0.04643505140783552,-0.05546403075233395,-0.056603773584905814,-0.0602337825755821
2010-08-26,47.3,47.5,46.55,46.7,46.7,2882,0.16531717154536346,0.14629905798395718,0.12292717692496465,0.09600203184154898,0.09600203184154898,-0.03452553235476538,-0.04303278688524579,-0.05344233497736646,-0.06342441714715456,-0.06573840675389112,-0.06962844904870998
2010-08-27,46.75,46.95,46.45,46.6,46.6,2882,0.09848752793401666,0.08004922398525005,0.11066028601989464,0.08387348245474045,0.08387348245474045,-0.02734293466917141,-0.039175257731958735,-0.05033625433054831,-0.061855151240626065,-0.06474531369164678,-0.0680931906809318
2010-08-30,46.8,47.4,46.45,46.5,46.5,2882,0.10456295008050241,0.13425363362055565,0.11066028601989464,0.07174493306793192,0.07174493306793192,-0.016705434552759697,-0.03516962340491753,-0.04602338781371823,-0.05818016102081122,-0.0636704119850187,-0.06735751295336789
2010-08-31,46.55,46.55,46.0,46.1,46.1,2882,0.0741858393480719,0.03186752653164394,0.055459276947076114,0.02323073552069863,0.02323073552069863,-0.011578044596912503,-0.036673283878382666,-0.04824169017961584,-0.060190612099281254,-0.06895019590418874,-0.07203006005300767
2010-09-01,46.35,46.9,46.2,46.7,46.7,2882,0.04988415076212799,0.07402651180354886,0.07999305875721788,0.09600203184154898,0.09600203184154898,0.003869303525365428,-0.018907563025210055,-0.03152218996267101,-0.0436696871960271,-0.054004780618239344,-0.05723226001816899
2010-09-02,47.25,47.3,46.5,46.55,46.55,2882,0.15924174939887772,0.12220820925715412,0.11679373147242965,0.07780920776133575,0.07780920776133575,0.0012906001290599088,-0.01855365802234878,-0.03081407453674795,-0.0426735218508998,-0.05363096690249665,-0.057755886917212174
2010-09-03,46.75,47.2,46.55,46.65,46.65,2882,0.09848752793401666,0.11016278489375343,0.12292717692496465,0.08993775714814428,0.08993775714814428,0.003225806451612873,-0.011757229107086108,-0.024738675958188232,-0.0367043518661918,-0.04869692891227222,-0.053208402394885425
2010-09-06,47.0,47.7,46.95,47.35,47.35,2882,0.12886463866644718,0.1703899067107602,0.17199474054524816,0.1748376028558032,0.1748376028558032,0.014570387829440748,0.007875691783737706,-0.0070599748357330966,-0.018144116122343183,-0.030348951507208375,-0.03688385653264627
2010-09-07,47.5,47.5,47.0,47.0,47.0,2882,0.18961886013130824,0.14629905798395718,0.17812818599778318,0.13238768000197373,0.13238768000197373,0.0032017075773745694,0.0054551288907905135,-0.01094276094276086,-0.02164862614487925,-0.03316053649304716,-0.04218463419604661
2010-09-08,47.0,47.55,46.25,46.5,46.5,2882,0.12886463866644718,0.1523217701656575,0.08612650420975287,0.07174493306793192,0.07174493306793192,-0.006622516556291439,-0.0035358405657344725,-0.017674811632983577,-0.02856844414268539,-0.03981167919385488,-0.04985696771557018
2010-09-09,46.9,46.9,46.05,46.15,46.15,2882,0.1167137943734748,0.07402651180354886,0.06159272239961112,0.029295010214102465,0.029295010214102465,-0.01241172694200739,-0.009869126796824734,-0.022176707394590166,-0.03259616392411696,-0.04344401608423489,-0.053883213175248516
2010-09-10,46.5,47.0,46.4,47.0,47.0,2882,0.06811041720158613,0.08607193616695039,0.10452684056735877,0.13238768000197373,0.13238768000197373,0.004273504273504335,0.007502679528403031,-0.001487146802634531,-0.012086179716237579,-0.02290965032638969,-0.03421350046234444
2010-09-13,47.5,48.65,47.25,48.5,48.5,2882,0.18961886013130824,0.2848214381630726,0.20879541326045994,0.3143159208040992,0.3143159208040992,0.03125664469487559,0.03521878335112057,0.03198808426129506,0.020569204061234133,0.010711457508440023,-0.0006524949345786432
2010-09-14,48.7,48.7,48.1,48.6,48.6,2882,0.3354289916469751,0.2908441503447738,0.3130639859535611,0.3264444701909077,0.3264444701909077,0.026399155227032733,0.03184713375796178,0.03521726782164148,0.023642778158074924,0.014571416642311394,0.004097655039427107
2010-09-15,48.6,49.15,48.5,49.0,49.0,2882,0.32327814735400273,0.3450485599800794,0.36213154957384375,0.374958667738141,0.374958667738141,0.024033437826541243,0.03528417494189735,0.041223969400764775,0.032339618666385836,0.023733912752799506,0.013828063036656355
2010-09-16,49.2,49.25,48.7,48.7,48.7,2882,0.3961832131118362,0.3570939843434809,0.3866653313839855,0.3385730195777163,0.3385730195777163,0.007030603804797424,0.024292775265537934,0.03192541319395397,0.02553303500921307,0.01806171084538835,0.00901274215269869
2010-09-17,49.2,49.2,48.7,48.7,48.7,2882,0.3961832131118362,0.3510712721617806,0.3866653313839855,0.3385730195777163,0.3385730195777163,0.0,0.019895287958115244,0.02887323943661973,0.025749039018482363,0.018828451882845307,0.0103385083503337
2010-09-20,48.8,49.1,48.7,49.0,49.0,2882,0.3475798359399466,0.339025847798379,0.3866653313839855,0.374958667738141,0.374958667738141,0.004098360655737763,0.02264426588750915,0.031578947368421054,0.03272037515148311,0.025576625224999133,0.01825234648287336
2010-09-21,49.2,49.2,48.4,48.9,48.9,2882,0.3961832131118362,0.3510712721617806,0.34986465866877287,0.3628301183513325,0.3628301183513325,0.000818665575112549,0.01652634861241024,0.025443869705018673,0.031101739588824492,0.023997989697198158,0.017442868536949162
2010-09-23,48.9,49.0,48.4,48.45,48.45,2882,0.359730680232919,0.3269804234349775,0.34986465866877287,0.3082516461106954,0.3082516461106954,-0.006153846153846096,0.003105590062111919,0.013527648002231397,0.02037592797346393,0.015255018649679425,0.009129725413961868
2010-09-24,48.2,49.0,48.2,48.75,48.75,2882,0.27467477018211406,0.3269804234349775,0.325330876858632,0.3446372942711201,0.3446372942711201,-0.00020508613617729933,0.003912685337726477,0.016684045881126115,0.024482504991068597,0.02111348498177711,0.01583663263179825
2010-09-27,49.0,49.05,48.25,48.25,48.25,2882,0.3718815245258914,0.3330031356166778,0.331464322311167,0.2839945473370783,0.2839945473370783,-0.00862954592151226,-0.008934990243401504,0.0040230283692862965,0.012220066082760706,0.011191214686897454,0.0063614558348105655
2010-09-28,48.25,48.5,47.85,47.9,47.9,2882,0.2807501923285998,0.26675330161797073,0.2823967586908844,0.24154462448324884,0.24154462448324884,-0.01135190918472661,-0.014910025706940904,-0.004019961186581684,0.0034040324692328136,0.005288784419073256,0.00020881186051378403
2010-09-29,48.0,48.6,48.0,48.0,48.0,2882,0.2503730815961693,0.27879872598137223,0.3007970950484902,0.2536731738700574,0.2536731738700574,-0.005593536357986245,-0.011633892721095393,-0.003322259136212701,0.003501803167302501,0.008530487036181157,0.003344481605351248
2010-09-30,48.0,48.05,47.5,47.75,47.75,2882,0.2503730815961693,0.21254889198266427,0.2394626405231367,0.22335180040303648,0.22335180040303648,-0.007895283606898037,-0.01424442609413703,-0.01022593795343065,-0.0028192544638196743,0.0028984289674872984,-0.0008369951872775068
2010-10-01,48.0,48.15,47.75,47.75,47.75,2882,0.2503730815961693,0.2245943163460658,0.2701298677858135,0.22335180040303648,0.22335180040303648,-0.003755476736907985,-0.012307374082118232,-0.012409513960703234,-0.004067160287829959,0.0020145213413355362,-0.000488417527211687
2010-10-04,47.75,49.5,47.7,48.9,48.9,2882,0.21999597086373876,0.3872075452519843,0.26399642233327847,0.3628301183513325,0.3628301183513325,0.017478152309612905,0.011061718184637729,0.008732723647115423,0.017531082557353195,0.02416956394252914,0.02358358917108565
2010-10-05,48.65,49.05,48.2,48.55,48.55,2882,0.3293535695004885,0.3330031356166778,0.325330876858632,0.320380195497503,0.320380195497503,0.007470429549699096,0.004759933774834372,0.0014438943894389499,0.008988413778770814,0.015095759805971276,0.017002408965541334
2010-10-06,49.35,49.7,48.95,49.0,49.0,2882,0.4144094795512943,0.41129839397878737,0.4173325586466623,0.374958667738141,0.374958667738141,0.012605910312047932,0.013863025036209429,0.010170423309510847,0.01622854772644799,0.0220256966460872,0.026679703869255486
2010-10-07,49.3,49.85,49.2,49.25,49.25,2882,0.40833405740480766,0.4293665305238892,0.4479997859093391,0.4052800412051619,0.4052800412051619,0.011501334976381235,0.017351786820904692,0.01497561310709639,0.01850894426636342,0.025059318153436455,0.030514385353095082
2010-10-08,49.5,49.55,48.5,48.55,48.55,2882,0.43263574599075244,0.3932302574336846,0.36213154957384375,0.320380195497503,0.320380195497503,-0.0061412487205732705,0.003306468278569882,0.0007558059639960506,0.0015471892728209538,0.00881020654116277,0.014558372805795462
2010-10-11,48.6,48.9,47.85,47.85,47.85,2882,0.32327814735400273,0.31493499907157596,0.2823967586908844,0.235480349789845,0.235480349789845,-0.016241776315789457,-0.010341261633919338,-0.012519777120451167,-0.01375792239913427,-0.006725619628845542,-0.0009395552771688424
2010-10-12,48.0,48.0,46.85,46.95,46.95,2882,0.2503730815961693,0.20652617980096394,0.15972784964017728,0.1263234053085699,0.1263234053085699,-0.028352649006622606,-0.027043829654958027,-0.028352649006622464,-0.03075970272502054,-0.025084098176834553,-0.02003757044458361
2010-10-13,46.95,47.2,46.5,46.7,46.7,2882,0.12278921651996143,0.11016278489375343,0.11679373147242965,0.09600203184154898,0.09600203184154898,-0.02423735896364389,-0.029610389610389552,-0.03058400221422632,-0.03402626952115013,-0.03003364765504904,-0.025662424368871062
2010-10-14,47.4,47.7,47.1,47.15,47.15,2882,0.17746801583833585,0.1703899067107602,0.19039507690285407,0.15058050408218612,0.15058050408218612,-0.006112984822934364,-0.01903672110683448,-0.019478718979620148,-0.022848557069582016,-0.021215643942539202,-0.01658149963499847
2010-10-15,47.3,47.45,47.05,47.25,47.25,2882,0.16531717154536346,0.14027634580225684,0.18426163145031818,0.16270905346899464,0.16270905346899464,0.001483679525222558,-0.015932521087160274,-0.01535148652403441,-0.019302615193026146,-0.020034843205574936,-0.014975157221778264
2010-10-18,47.25,47.25,46.5,46.6,46.6,2882,0.15924174939887772,0.11618549707545377,0.11679373147242965,0.08387348245474045,0.08387348245474045,-0.007031749414020846,-0.024798576959296895,-0.026665738355496703,-0.03068122724908999,-0.033195020746887995,-0.0284920083391244
2010-10-19,46.6,46.8,46.4,46.65,46.65,2882,0.08026126149455852,0.061981087440147326,0.10452684056735877,0.08993775714814428,0.08993775714814428,-0.004693834008960932,-0.019855026788528213,-0.023922443855488862,-0.027263723088150917,-0.03066949258197245,-0.026976291455190222
2010-10-20,46.5,46.95,46.35,46.85,46.85,2882,0.06811041720158613,0.08004922398525005,0.09839339511482376,0.11419485592176136,0.11419485592176136,-0.0010660980810233936,-0.011186154495567625,-0.01816276632902551,-0.02100094034061232,-0.025095721658065506,-0.02270277787435228
2010-10-21,47.0,47.25,46.3,46.3,46.3,2882,0.12886463866644718,0.11618549707545377,0.09225994966228789,0.04748783429431484,0.04748783429431484,-0.009201797560453664,-0.01667197621323132,-0.027719445611087787,-0.030315723336300292,-0.03437056811545848,-0.03404151743801943
2010-10-22,47.0,47.0,46.4,46.5,46.5,2882,0.12886463866644718,0.08607193616695039,0.10452684056735877,0.07174493306793192,0.07174493306793192,-0.0017174753112923636,-0.008105802047781625,-0.02180772736834714,-0.023827017948987048,-0.028416213957375668,-0.030104985051797442
2010-10-25,46.5,47.2,46.5,47.15,47.15,2882,0.06811041720158613,0.11016278489375343,0.11679373147242965,0.15058050408218612,0.15058050408218612,0.009852216748768492,0.007263405255287253,-0.005693800084352511,-0.009037410676754933,-0.01355705259634301,-0.016649866175397248
2010-10-26,47.45,47.65,47.0,47.4,47.4,2882,0.18354343798482248,0.164367194529059,0.17812818599778318,0.18090187754920703,0.18090187754920703,0.011955593509820716,0.011631629495251192,0.0011969302260084014,-0.0032593838713067826,-0.00699710897892509,-0.010679375239155464
2010-10-27,47.7,47.9,47.0,47.0,47.0,2882,0.213920548717253,0.1944807554375624,0.17812818599778318,0.13238768000197373,0.13238768000197373,0.0027736291871133466,0.0024528100671855576,-0.0044482101249736904,-0.010630459951583949,-0.013806706114398447,-0.017934877241859673
2010-10-28,47.1,47.5,46.6,47.1,47.1,2882,0.14101548295941957,0.14629905798395718,0.12906062237750052,0.14451622938878228,0.14451622938878228,0.00148841165213694,0.004692832764505095,0.0007082152974503846,-0.007846648059402711,-0.010587345601209936,-0.0145412700073228
2010-10-29,47.3,47.3,46.8,46.85,46.85,2882,0.16531717154536346,0.12220820925715412,0.15359440418764142,0.11419485592176136,0.11419485592176136,-0.005307855626326964,0.00021349274124690684,-0.0022007667187277807,-0.012176479890358832,-0.014265275206194186,-0.018505586592178762
2010-11-01,47.2,47.7,47.2,47.65,47.65,2882,0.15316632725239196,0.1703899067107602,0.20266196780792495,0.21122325101622794,0.21122325101622794,0.009533898305084654,0.015017573756523555,0.015125692373242303,0.006017101235089279,0.003073425395756164,-0.0010133128341312926
2010-11-02,47.9,48.4,47.9,48.0,48.0,2882,0.23822223730319692,0.25470787725456917,0.28853020414341934,0.2536731738700574,0.2536731738700574,0.014370245139475903,0.019541206457094343,0.02105934907466501,0.0139952468972802,0.010356150543066375,0.007028217769852111
2010-11-03,48.4,48.45,47.7,47.8,47.8,2882,0.29897645876805795,0.26073058943627037,0.26399642233327847,0.2294160750964403,0.2294160750964403,0.006739679865206258,0.013248542660307366,0.015221238938052986,0.011051768811802521,0.0063157894736841505,0.003604297162053404
2010-11-04,48.0,48.5,47.8,47.9,47.9,2882,0.2503730815961693,0.26675330161797073,0.27626331323834846,0.24154462448324884,0.24154462448324884,0.005457598656591058,0.011936199429597501,0.016265912305516245,0.014615547553484383,0.00829368921820398,0.006091157319890761
2010-11-05,48.5,48.9,48.3,48.65,48.65,2882,0.31112730306103037,0.31493499907157596,0.337597767763702,0.3325087448843116,0.3325087448843116,0.013541666666666787,0.02313354363827553,0.03013833992094859,0.030392883617494492,0.02330570863657376,0.02191569808150111
2010-11-08,49.1,49.15,48.75,48.8,48.8,2882,0.38403236881886377,0.3450485599800794,0.39279877683652054,0.3507015689645239,0.3507015689645239,0.011818370308936205,0.022739180551189373,0.0301153954404729,0.03253107643480548,0.026547183305986648,0.02467191601049863
2010-11-09,48.8,48.9,48.25,48.35,48.35,2882,0.3475798359399466,0.31493499907157596,0.331464322311167,0.2961230967238868,0.2961230967238868,0.0010351966873706887,0.011294708220037631,0.018180541906500144,0.021496857339037775,0.017252261729434046,0.014903442485306484
2010-11-10,48.25,48.5,48.05,48.3,48.3,2882,0.2807501923285998,0.26675330161797073,0.30693054050102525,0.2900588220304821,0.2900588220304821,-0.0020661157024793684,0.0075093867334167595,0.015061295971978875,0.01871869232797249,0.016799292661361667,0.013641133263378775
2010-11-11,48.2,48.7,48.2,48.65,48.65,2882,0.27467477018211406,0.2908441503447738,0.325330876858632,0.3325087448843116,0.3325087448843116,0.002059732234809504,0.011539661087431121,0.019061583577712538,0.024480126349039254,0.024685117317494357,0.020343959731543602
2010-11-12,48.55,48.55,47.5,47.55,47.55,2882,0.3172027252075161,0.27277601379967104,0.2394626405231367,0.1990947016294194,0.1990947016294194,-0.01613904407200499,-0.012768607910308356,-0.005438192846684753,0.000999947371190978,0.002360976432395859,-0.0025870507621312024
2010-11-15,47.5,47.5,47.0,47.05,47.05,2882,0.18961886013130824,0.14629905798395718,0.17812818599778318,0.13845195469537758,0.13845195469537758,-0.01938307628178407,-0.021931192183764676,-0.01575901262115621,-0.009994739610731225,-0.007509597941188766,-0.011796828508418821
2010-11-16,46.9,47.35,46.7,47.35,47.35,2882,0.1167137943734748,0.1282309214388553,0.1413275132825714,0.1748376028558032,0.1748376028558032,-0.008999581414817761,-0.014363030807660236,-0.009414225941422506,-0.00441547518923452,-0.00151828265362059,-0.004659636338156558
2010-11-17,47.1,47.1,46.75,46.8,46.8,2882,0.14101548295941957,0.09811736053035192,0.14746095873510642,0.10813058122835666,0.10813058122835666,-0.0143218197135636,-0.023779724655819786,-0.020647321428571532,-0.01592808705251538,-0.013199510816851617,-0.014702270255096761
2010-11-18,47.0,47.1,46.55,46.8,46.8,2882,0.12886463866644718,0.09811736053035192,0.12292717692496465,0.10813058122835666,0.10813058122835666,-0.006580343876034861,-0.02153460171440521,-0.020237264480111695,-0.016445121630851656,-0.012908124525436639,-0.013005272407732875
2010-11-19,47.0,47.2,46.4,46.45,46.45,2882,0.12886463866644718,0.11016278489375343,0.10452684056735877,0.06568065837452808,0.06568065837452808,-0.009383663894220467,-0.024364629279563045,-0.02702136573104313,-0.023749474569146604,-0.01962853524693963,-0.018938327231765733
2010-11-22,46.9,46.95,46.45,46.7,46.7,2882,0.1167137943734748,0.08004922398525005,0.11066028601989464,0.09600203184154898,0.09600203184154898,-0.0025630072618540055,-0.014767932489451387,-0.020485212892400045,-0.018030804815223563,-0.014435252405875496,-0.012858904350889424
2010-11-23,46.8,46.9,46.35,46.4,46.4,2882,0.10456295008050241,0.07402651180354886,0.09839339511482376,0.059616383681123375,0.059616383681123375,-0.004932446922581962,-0.017053278254422197,-0.024595333193189167,-0.02331210861442948,-0.02055980073458008,-0.018820046521463175
2010-11-24,46.2,46.6,45.95,46.05,46.05,2882,0.031657884322669846,0.037890238713345126,0.04932583149454111,0.01716646082729393,0.01716646082729393,-0.009251290877797047,-0.019795657726692353,-0.02957291373981461,-0.02970922882427315,-0.02729077774491998,-0.025774831634991724
2010-11-25,46.45,46.45,46.1,46.15,46.15,2882,0.06203499505510037,0.019822102168243268,0.067726167852147,0.029295010214102465,0.029295010214102465,-0.004314994606256803,-0.012411726942007241,-0.025068657136821368,-0.026627998945425845,-0.025054926483014894,-0.022970255107441533
2010-11-26,46.45,46.45,46.1,46.1,46.1,2882,0.06203499505510037,0.019822102168243268,0.067726167852147,0.02323073552069863,0.02323073552069863,-0.0038893690579083775,-0.010411076526778994,-0.022614840989399213,-0.026912928759894428,-0.02578191039729484,-0.02323610424464999
2010-11-29,46.5,46.55,46.0,46.05,46.05,2882,0.06811041720158613,0.03186752653164394,0.055459276947076114,0.01716646082729393,0.01716646082729393,-0.0021668472372696496,-0.00935785737334629,-0.019865200425682947,-0.02632413574373622,-0.025932820035536132,-0.023916345780195795
2010-11-30,46.2,46.4,46.05,46.05,46.05,2882,0.031657884322669846,0.013799389986542074,0.06159272239961112,0.01716646082729393,0.01716646082729393,-0.0006510416666666914,-0.0065796569949304225,-0.01665598975016033,-0.02431272842841269,-0.024818940324425144,-0.023502385580491274
2010-12-01,46.5,47.45,46.1,47.45,47.45,2882,0.06811041720158613,0.14027634580225684,0.067726167852147,0.18696615224261173,0.18696615224261173,0.023511647972390064,0.022188711762171503,0.014466932725199756,0.005722763883001489,0.004445385266723134,0.005758293001731055
2010-12-02,47.85,48.2,47.2,47.3,47.3,2882,0.23214681515671115,0.230617028527767,0.20266196780792495,0.16877332816239848,0.16877332816239848,0.015239321742863295,0.01786098558209594,0.013209568011424502,0.003181336161187669,0.001100575685743153,0.0018710064602675432
2010-12-03,47.45,47.55,47.05,47.05,47.05,2882,0.18354343798482248,0.1523217701656575,0.18426163145031818,0.13845195469537758,0.13845195469537758,0.0057716973065413246,0.011175585643670664,0.0085744908896034,-0.0004248990864670305,-0.0043592348061620954,-0.0038111369892017727
2010-12-06,47.45,48.15,47.3,47.7,47.7,2882,0.18354343798482248,0.2245943163460658,0.21492885871299494,0.21728752570963264,0.21728752570963264,0.01252388028019536,0.02294660090070786,0.021559109080525437,0.014569818143145853,0.00935291379237378,0.009559420085364591
2010-12-07,48.0,48.0,47.6,47.9,47.9,2882,0.2503730815961693,0.20652617980096394,0.2517295314282076,0.24154462448324884,0.24154462448324884,0.00884582982308344,0.023941855493800714,0.02503744917611801,0.019311592275363065,0.013670800355525476,0.01343488839521856
2010-12-08,47.9,48.0,47.2,47.2,47.2,2882,0.23822223730319692,0.20652617980096394,0.20266196780792495,0.1566447787755908,0.1566447787755908,-0.004849251528568351,0.0065038916728863815,0.009481713837599107,0.005592543275632551,-0.0006351894982001701,-0.0015160596551843952
2010-12-09,47.9,47.95,47.0,47.1,47.1,2882,0.23822223730319692,0.2005034676192636,0.17812818599778318,0.14451622938878228,0.14451622938878228,-0.006119434479848051,0.0023409236007661083,0.0069122782013825495,0.005121638924455868,-0.002076359167761324,-0.003631491732186303
2010-12-10,47.1,47.2,46.85,46.95,46.95,2882,0.14101548295941957,0.11016278489375343,0.15972784964017728,0.1263234053085699,0.1263234053085699,-0.00886637112096267,-0.002655337227827934,0.002990813928647889,0.0025624599615631976,-0.0038192234245700307,-0.006874669487043653
2010-12-13,47.0,47.2,46.9,46.9,46.9,2882,0.12886463866644718,0.11016278489375343,0.1658612950927123,0.1202591306151652,0.1202591306151652,-0.00656640542258001,-0.0055131467345207385,0.001637360290453354,0.001655187142933431,-0.0032728354656351506,-0.007407407407407437
2010-12-14,47.05,47.05,46.35,46.5,46.5,2882,0.13494006081293294,0.09209464834865072,0.09839339511482376,0.07174493306793192,0.07174493306793192,-0.00916258256978493,-0.01493485859548773,-0.007046764894298491,-0.0059854638734502166,-0.010217113665389462,-0.01483050847457633
2010-12-15,46.5,46.9,46.1,46.5,46.5,2882,0.06811041720158613,0.07402651180354886,0.067726167852147,0.07174493306793192,0.07174493306793192,-0.006197905535370788,-0.012948418594778167,-0.007682458386683726,-0.0056666310274778265,-0.008697876694806882,-0.013925213826252909
2010-12-16,46.5,46.85,46.15,46.2,46.2,2882,0.06811041720158613,0.06800379962184852,0.07385961330468199,0.035359284907507164,0.035359284907507164,-0.008796395623256738,-0.01702127659574462,-0.014154634042250529,-0.011447523269498163,-0.013031403546250788,-0.019108280254777038
2010-12-17,46.3,46.85,46.15,46.4,46.4,2882,0.04380872861564136,0.06800379962184852,0.07385961330468199,0.059616383681123375,0.059616383681123375,-0.0021505376344086325,-0.011398742942367182,-0.010309278350515485,-0.007114962820307134,-0.007783765289538903,-0.013290802764486827
2010-12-20,47.0,47.15,46.55,46.6,46.6,2882,0.12886463866644718,0.10414007271205225,0.12292717692496465,0.08387348245474045,0.08387348245474045,0.0034453057708870925,-0.004805125467165006,-0.006820119352088668,-0.0027285859504575425,-0.003123261883369717,-0.007489971956977031
2010-12-21,46.9,47.2,46.4,47.2,47.2,2882,0.1167137943734748,0.11016278489375343,0.10452684056735877,0.1566447787755908,0.1566447787755908,0.0133104336625162,0.009517698641856491,0.00432654798212654,0.00924787512695792,0.009841677364142081,0.006110558476623607
2010-12-22,47.2,47.4,47.0,47.1,47.1,2882,0.15316632725239196,0.13425363362055565,0.17812818599778318,0.14451622938878228,0.14451622938878228,0.008565310492505323,0.007594395122473077,0.002696565427192701,0.0059803502776591445,0.0074435318275155316,0.004835727492533065
2010-12-23,47.45,47.95,47.25,47.6,47.6,2882,0.18354343798482248,0.2005034676192636,0.20879541326045994,0.2051589763228241,0.2051589763228241,0.013197105151128085,0.017202692595362747,0.01290963257199608,0.015087700591779137,0.017441860465116334,0.01626160908088097
2010-12-24,47.8,48.35,47.65,47.85,47.85,2882,0.22607139301022453,0.24868516507286886,0.2578629768807426,0.235480349789845,0.235480349789845,0.012269938650306863,0.020582275781166604,0.017075244438146547,0.018518518518518462,0.021562766865926515,0.021381052331993278
2010-12-27,48.35,48.95,48.2,48.8,48.8,2882,0.2929010366215722,0.32095771125327716,0.325330876858632,0.3507015689645239,0.3507015689645239,0.022846363445818408,0.03664365374402537,0.03565365025466893,0.035708600838329656,0.039979541386071044,0.04036384309266623
2010-12-28,48.9,48.9,48.1,48.4,48.4,2882,0.359730680232919,0.31493499907157596,0.3130639859535611,0.3021873714172907,0.3021873714172907,0.009384775808133383,0.024013540674917972,0.02643856920684299,0.024663914470202164,0.029699600034039517,0.031066927037102683
2010-12-29,48.5,49.4,48.35,49.05,49.05,2882,0.31112730306103037,0.37516212088858275,0.3437312132162379,0.3810229424315449,0.3810229424315449,0.014687629292511396,0.03219696969696957,0.03750969470492844,0.0366691324104405,0.04087089381207017,0.04324707550513998
2010-12-30,49.8,49.8,48.9,49.0,49.0,2882,0.46908827886966875,0.42334381834218804,0.41119911319412644,0.374958667738141,0.374958667738141,0.007815713698066691,0.025104602510460313,0.033682582096898894,0.03375527426160341,0.03730047842838394,0.04056062858356332
2010-12-31,49.5,52.3,49.3,51.7,51.7,2882,0.43263574599075244,0.7244794274272219,0.4602666768144091,0.7024295011819672,0.7024295011819672,0.04677060133630294,0.06972894682391899,0.08340318524727586,0.0853933763711752,0.08929248662087547,0.0938326457209352
2011-01-03,52.4,53.3,51.9,53.1,53.1,2882,0.7850102304869464,0.8449336710612355,0.7792058403462476,0.8722291925972842,0.8722291925972842,0.05671641791044779,0.08411596570028577,0.10318559556786708,0.1085016439643026,0.11218163538873999,0.11840488643942858
2011-01-04,53.1,53.1,51.8,51.9,51.9,2882,0.8700661405377522,0.8208428223344333,0.7669389494411767,0.7266865999555834,0.7266865999555834,0.01864573110893024,0.04954499494438818,0.07025020621391256,0.0789460007276129,0.08174580015840587,0.08892541175647788
2011-01-05,52.7,54.5,52.1,52.6,52.6,2882,0.8214627633658635,0.9894787634220521,0.8037396221563894,0.8115864456632423,0.8115864456632423,0.018195896244676688,0.052000000000000025,0.07566462167689167,0.08739469740038258,0.09164868005977096,0.09857978279030907
2011-01-06,53.0,53.1,51.6,52.7,52.7,2882,0.8579152962447798,0.8208428223344333,0.7424051676310358,0.8237149950500509,0.8237149950500509,0.005725190839694738,0.043357750940407794,0.06824324324324325,0.0831920250757926,0.08884297520661166,0.09567206070896427
2011-01-07,52.3,52.4,51.2,51.8,51.8,2882,0.772859386193974,0.7365248517906234,0.6933376040107532,0.7145580505687749,0.7145580505687749,-0.011827546737886389,0.01758176996365786,0.04239334585457463,0.059413027916964956,0.06606297592097125,0.07272287992268657
2011-01-10,52.2,52.4,51.6,52.0,52.0,2882,0.7607085419010025,0.7365248517906234,0.7424051676310358,0.738815149342392,0.738815149342392,-0.0038314176245211272,0.015129331381161515,0.03889184869472575,0.057985757884028516,0.06640416717936097,0.07245978275814662
2011-01-11,52.0,53.0,51.6,52.9,52.9,2882,0.7364068533150577,0.8087973979710318,0.7424051676310358,0.8479720938236671,0.8479720938236671,0.009541984732824428,0.02370585389453317,0.04890945142101789,0.06933495047503536,0.0804297210081285,0.08590783126347111
2011-01-12,53.5,54.3,53.2,53.9,53.9,2882,0.9186695177096409,0.9653879146952491,0.9386754221121674,0.9692575876917507,0.9692575876917507,0.02354728446638805,0.03335889570552137,0.05921655967509488,0.08146067415730326,0.09486085720089381,0.10157367668097296
2011-01-13,54.8,55.4,54.5,55.0,55.0,2882,1.0766304935182793,1.0978875826926642,1.0981450038780862,1.1026716309466429,1.1026716309466429,0.035391566265060154,0.042456406368460854,0.0704554301284546,0.09387430389817022,0.11007952206030777,0.11818921116833844
2011-01-14,54.9,55.0,54.2,54.9,54.9,2882,1.0887813378112516,1.0497058852390588,1.0613443311628743,1.0905430815598343,1.0905430815598343,0.021585411239300405,0.034287867370007545,0.05882352941176465,0.08273345823883248,0.10099470559922978,0.11024975563719695
2011-01-17,54.9,55.0,53.5,53.5,53.5,2882,1.0887813378112516,1.0497058852390588,0.9754760948273791,0.9207433901445174,0.9207433901445174,-0.009992598075499614,0.007153614457831239,0.025624640552111944,0.04799216454456421,0.06726779444621768,0.07772368641933862
2011-01-18,53.5,54.7,53.5,54.3,54.3,2882,0.9186695177096409,1.013569612148855,0.9754760948273791,1.017771785238984,1.017771785238984,-0.00036818851251859774,0.017616191904047934,0.03317054607724993,0.05631747884447016,0.07652656621728786,0.08915855982348797
2011-01-19,54.6,54.8,53.8,54.5,54.5,2882,1.0523288049323354,1.0256150365122558,1.0122767675425908,1.042028884012601,1.042028884012601,0.0011021307861866694,0.017740429505135442,0.02985638699924425,0.05263157894736845,0.0736800630417652,0.08786054093615882
2011-01-20,54.1,54.6,53.8,53.8,53.8,2882,0.9915745834674743,1.0015241877854537,1.0122767675425908,0.9571290383049422,0.9571290383049422,-0.007380073800738112,0.0026090197540068524,0.010518407212622132,0.032926946337717124,0.053579821400595425,0.0691219819163382
2011-01-21,53.2,53.5,52.6,53.0,53.0,2882,0.8822169848307246,0.8690245197880385,0.8650740766817429,0.8601006432104756,0.8601006432104756,-0.015235971757711023,-0.014503532911863036,-0.006125765720715246,0.01256149400582712,0.03257481296758099,0.04902025466781025
2011-01-24,52.7,53.5,52.7,53.4,53.4,2882,0.8214627633658635,0.8690245197880385,0.8773409675868138,0.9086148407577089,0.9086148407577089,-0.007434944237918189,-0.009643916913946645,0.0009997500624842686,0.01574016833896036,0.0348837209302325,0.052424122979897445
2011-01-25,53.8,53.9,53.4,53.6,53.6,2882,0.9551220505885571,0.9172062172416438,0.9632092039223082,0.932871939531326,0.932871939531326,-0.00111815132314551,-0.0072235599185033065,0.002618780396558052,0.014527043013296707,0.033631595186670915,0.05146145295233116
2011-01-26,53.8,54.2,53.5,53.6,53.6,2882,0.9551220505885571,0.9533424903318484,0.9754760948273791,0.932871939531326,0.932871939531326,0.002243829468960444,-0.0066716085989621835,0.0013700336280982257,0.010177157934413854,0.028474940517307437,0.04660244727935426
2011-01-27,53.6,54.1,53.4,53.6,53.6,2882,0.9308203620026132,0.9412970659684469,0.9632092039223082,0.932871939531326,0.932871939531326,0.0029940119760479733,-0.004087699739873763,0.00024881811395873507,0.005817226496528472,0.023760409504163797,0.04158569762922659
2011-01-28,53.6,54.3,53.6,54.0,54.0,2882,0.9308203620026132,0.9653879146952491,0.98774298573245,0.9813861370785593,0.9813861370785593,0.006711409395973144,0.005025125628140629,0.004962779156327526,0.011141278906469276,0.026576936238165913,0.0442181255640066
2011-02-08,54.4,54.4,52.9,53.0,53.0,2882,1.0280271163463905,0.9774333390586506,0.9018747493969547,0.8601006432104756,0.8601006432104756,-0.010455563853622148,-0.012667660208643941,-0.014869888475836378,-0.007490636704119823,0.004358537047564844,0.02067017588907442
2011-02-09,53.1,53.7,52.9,53.0,53.0,2882,0.8700661405377522,0.8931153685148416,0.9018747493969547,0.8601006432104756,0.8601006432104756,-0.008233532934131694,-0.010270774976657277,-0.014991946475034039,-0.008511832382377802,0.0008686784756582409,0.016884113584036888
2011-02-10,52.4,52.5,51.0,51.0,51.0,2882,0.7850102304869464,0.7485702761540249,0.6688038222006114,0.6175296554743083,0.6175296554743083,-0.036281179138322024,-0.04135338345864667,-0.04874409350907728,-0.04449648711943794,-0.038316488158093166,-0.023923444976076555
2011-02-11,50.5,50.5,47.7,48.25,48.25,2882,0.5541441889204746,0.5076617888859979,0.26399642233327847,0.2839945473370783,0.2839945473370783,-0.0694310511089682,-0.0834837116535284,-0.09241958743494878,-0.09223460796764021,-0.08965699407569518,-0.07693779294072636
2011-02-14,48.5,49.0,48.25,48.25,48.25,2882,0.31112730306103037,0.3269804234349775,0.331464322311167,0.2839945473370783,0.2839945473370783,-0.04832347140039453,-0.07513896875599006,-0.08478755690440058,-0.0891930155733837,-0.08728056900726387,-0.07717318542603036
2011-02-15,48.2,48.65,47.3,48.4,48.4,2882,0.27467477018211406,0.2848214381630726,0.21492885871299494,0.3021873714172907,0.3021873714172907,-0.027721976697468776,-0.06328623959744538,-0.07598319969453984,-0.08324651955677627,-0.0811754878882224,-0.07406816949909134
2011-02-16,48.4,49.15,48.35,48.5,48.5,2882,0.29897645876805795,0.3450485599800794,0.3437312132162379,0.3143159208040992,0.3143159208040992,-0.007774140752864065,-0.05199374511336989,-0.06718810103859467,-0.07750832144555402,-0.07689379520365434,-0.07221425155428023
2011-02-17,48.55,48.55,47.9,47.9,47.9,2882,0.3172027252075161,0.27277601379967104,0.28853020414341934,0.24154462448324884,0.24154462448324884,-0.007459593866556142,-0.0531725637477762,-0.07086512349670236,-0.08369201339072214,-0.08503973105134471,-0.08301959032608001
2011-02-18,48.8,49.7,48.5,49.2,49.2,2882,0.3475798359399466,0.41129839397878737,0.36213154957384375,0.3992157665117581,0.3992157665117581,0.01547987616099071,-0.018943170488534312,-0.039937556914270846,-0.053573146099836426,-0.057687887841875306,-0.05825304664071963
2011-02-21,49.2,49.2,48.55,48.65,48.65,2882,0.3961832131118362,0.3510712721617806,0.36826499502637877,0.3325087448843116,0.3325087448843116,0.0024726973006387273,-0.0194497631764588,-0.04526722051416246,-0.058493395906913756,-0.06596782244749082,-0.066964999200895
2011-02-22,48.0,48.1,47.5,47.8,47.8,2882,0.2503730815961693,0.21857160416436547,0.2394626405231367,0.2294160750964403,0.2294160750964403,-0.0126007023342286,-0.026377431510337137,-0.055024711696869955,-0.06981269764047687,-0.0793173851072846,-0.08015010102953923
2011-02-23,47.5,48.1,47.3,47.3,47.3,2882,0.18961886013130824,0.21857160416436547,0.21492885871299494,0.16877332816239848,0.16877332816239848,-0.01806103383848878,-0.025244719216898536,-0.057080204664761845,-0.07323046779328933,-0.08500019344604787,-0.08707819989062947
2011-02-24,47.6,48.1,47.3,47.3,47.3,2882,0.20176970442428063,0.21857160416436547,0.21492885871299494,0.16877332816239848,0.16877332816239848,-0.015608740894901146,-0.01775516561104774,-0.04911880989077267,-0.06664693404370772,-0.0803033249076415,-0.08395468190181081
2011-02-25,47.5,47.85,46.8,47.4,47.4,2882,0.18961886013130824,0.18845804325586207,0.15359440418764142,0.18090187754920703,0.18090187754920703,-0.006080939400293545,-0.01393800707301855,-0.039124265153051015,-0.0587300799285112,-0.07287877009740652,-0.07886639676113368
2011-03-01,47.5,48.15,47.5,48.1,48.1,2882,0.18961886013130824,0.2245943163460658,0.2394626405231367,0.2658017232568659,0.2658017232568659,0.010928961748633946,0.0009364270107169223,-0.01709692800217953,-0.04015964080818151,-0.05415503205254253,-0.06301743449887989
2011-03-02,47.9,48.0,47.3,47.3,47.3,2882,0.23822223730319692,0.20652617980096394,0.21492885871299494,0.16877332816239848,0.16877332816239848,-0.003791069924178596,-0.013452914798206343,-0.025880414635820713,-0.05034382372132712,-0.06532822194996636,-0.07578076660044936
2011-03-03,47.4,48.45,47.4,48.2,48.2,2882,0.17746801583833585,0.26073058943627037,0.22719574961806582,0.2779302726436745,0.2779302726436745,0.011330255979857304,0.005948032975060079,-0.0007601409715982671,-0.026999747665909495,-0.04292919264524825,-0.05530330251853772
2011-03-04,48.8,48.8,48.3,48.55,48.55,2882,0.3475798359399466,0.30288957470817446,0.337597767763702,0.320380195497503,0.320380195497503,0.013358380296389076,0.011879949979157839,0.009915407017057122,-0.014913259612458284,-0.031402122735615635,-0.045105880810332455
2011-03-07,48.5,48.8,48.05,48.5,48.5,2882,0.31112730306103037,0.30288957470817446,0.30693054050102525,0.3143159208040992,0.3143159208040992,0.0076875129856639225,0.01231475683573359,0.008525681014763913,-0.010809708341831554,-0.02828979003045358,-0.04200684751119302
2011-03-08,48.3,48.7,48.05,48.15,48.15,2882,0.2868256144750856,0.2908441503447738,0.30693054050102525,0.2718659979502698,0.2718659979502698,0.00020772746157037827,0.006059339740910973,0.0013864818024262643,-0.012054372916132313,-0.03153787360714439,-0.04467444859627655
2011-03-09,48.8,48.85,48.4,48.65,48.65,2882,0.3475798359399466,0.30891228688987565,0.34986465866877287,0.3325087448843116,0.3325087448843116,0.004957653377401257,0.014704348732923105,0.011434511434511374,0.0026793075020610587,-0.017727346147633664,-0.03164808917197459
2011-03-10,48.5,48.85,47.8,47.9,47.9,2882,0.31112730306103037,0.30891228688987565,0.27626331323834846,0.24154462448324884,0.24154462448324884,-0.009307135470527464,-0.0021872721591501714,-0.0033291718684976407,-0.007562415829275914,-0.028397565922920864,-0.04251066098081021
2011-03-11,47.3,47.8,47.3,47.75,47.75,2882,0.16531717154536346,0.18243533107416088,0.21492885871299494,0.22335180040303648,0.22335180040303648,-0.009130525005187752,-0.0062434963579603995,-0.0062434963579603995,-0.007328101450028567,-0.026821016589899226,-0.04119674709681729
2011-03-14,46.8,46.9,44.6,46.05,46.05,2882,0.10456295008050241,0.07402651180354886,-0.11627719572391361,0.01716646082729393,0.01716646082729393,-0.034591194968553576,-0.03892309297714707,-0.03741638795986635,-0.040475074230348546,-0.055655811664342525,-0.07051066406512815
2011-03-15,46.0,46.0,42.85,44.0,44.0,2882,0.007356195736725079,-0.03438230746706318,-0.33094778656265095,-0.2314688016022772,-0.2314688016022772,-0.06123319820780878,-0.07378170718871689,-0.07426888281085632,-0.07911259941398077,-0.09023240426763704,-0.10647803425167533
2011-03-16,44.6,45.2,43.3,43.7,43.7,2882,-0.1627556243648857,-0.1307457023742737,-0.2757467774898333,-0.26785444976270195,-0.26785444976270195,-0.047515257192676394,-0.0730724361013892,-0.07526274952387653,-0.08087075402250497,-0.08943157192865467,-0.1067048242027799
2011-03-17,42.85,43.2,42.3,43.05,43.05,2882,-0.3753953994918994,-0.3716541896423008,-0.3984156865405404,-0.346690020776957,-0.346690020776957,-0.0414161656646628,-0.07677460862105938,-0.08352256599489083,-0.0893225448199271,-0.09547421943942508,-0.11361998558731692
2011-03-18,44.0,44.2,43.6,43.9,43.9,2882,-0.23566069012271915,-0.25119994600828727,-0.23894610477462067,-0.24359735098908572,-0.24359735098908572,-0.0054372451291346165,-0.04906314307375719,-0.06089560752994875,-0.06739603802644856,-0.07207778482350462,-0.09006114623277021
2011-03-21,44.1,44.7,43.8,44.7,44.7,2882,-0.22350984582974676,-0.19097282419128048,-0.2144123229644798,-0.1465689558946183,-0.1465689558946183,0.018919534989742547,-0.023697717593098043,-0.040085898353614896,-0.04584022626607611,-0.05232360922659423,-0.06774653272619836
2011-03-22,45.0,46.1,44.95,45.55,45.55,2882,-0.11415224719299703,-0.02233688310366165,-0.07334307755616595,-0.04347628610674789,-0.04347628610674789,0.031009506564056075,0.0005491488193300072,-0.01824843738774347,-0.024468597740536602,-0.032086697832554294,-0.04440559440559442
2011-03-23,45.6,45.65,45.05,45.55,45.55,2882,-0.041247181435163593,-0.07654129273896809,-0.061076186651095946,-0.04347628610674789,-0.04347628610674789,0.022446689113355782,0.007409045670684369,-0.015773552290406157,-0.022112494632889678,-0.029736292761896665,-0.03940107553337315
2011-03-24,45.75,45.85,45.3,45.4,45.4,2882,-0.02302091499570545,-0.05245044401216504,-0.03040895938841918,-0.061669110186960266,-0.061669110186960266,0.008440693025322136,0.009674191037473643,-0.015041943881978785,-0.02334086264386363,-0.03037033872965694,-0.0374218170253366
2011-03-25,45.9,46.0,45.2,45.45,45.45,2882,-0.004794648556247305,-0.03438230746706318,-0.04267585029348919,-0.05560483549355557,-0.05560483549355557,0.002647253474520286,0.015983011065161583,-0.009516199331686627,-0.02031578380126088,-0.027266501155722985,-0.03256704980842914
2011-03-28,45.45,46.2,45.45,46.0,46.0,2882,-0.059473447874621735,-0.010291458740260124,-0.012008623030812425,0.011102186133890092,0.011102186133890092,0.008993200263215699,0.02839257768835241,0.006124234470691188,-0.006962059474337482,-0.012790797493347146,-0.0192943183029528
2011-03-29,45.95,46.75,45.75,46.75,46.75,2882,0.0012807735902393186,0.05595837525844699,0.024792049684399346,0.10206630653495283,0.10206630653495283,0.020074187213615573,0.03877346961448738,0.024620105201636502,0.010701545778834665,0.004944110060189098,-0.002240956141287034
2011-03-30,46.9,48.1,46.9,47.9,47.9,2882,0.1167137943734748,0.21857160416436547,0.1658612950927123,0.24154462448324884,0.24154462448324884,0.03455723542116634,0.05448541552008809,0.0509763768009946,0.034892513773360744,0.029576132748688956,0.02266661922214712
2011-03-31,48.15,48.7,47.55,48.55,48.55,2882,0.26859934803562746,0.2908441503447738,0.2455960859756717,0.320380195497503,0.320380195497503,0.03451949712337519,0.05600870038064156,0.06422621657167892,0.04853949570757508,0.04242710525185724,0.03650725875320241
2011-04-01,48.55,48.55,47.6,48.2,48.2,2882,0.3172027252075161,0.27277601379967104,0.2517295314282076,0.2779302726436745,0.2779302726436745,0.015164279696714533,0.03868117659734946,0.05585980284775475,0.04137409527924828,0.03411285131945942,0.028815368196371427
2011-04-06,48.5,48.5,47.8,48.0,48.0,2882,0.31112730306103037,0.26675330161797073,0.27626331323834846,0.2536731738700574,0.2536731738700574,0.0025062656641604963,0.02706750829143042,0.0484927916120578,0.037613488975356726,0.029291932924475853,0.025421918393505768
2011-04-07,48.0,48.1,47.0,47.45,47.45,2882,0.2503730815961693,0.21857160416436547,0.17812818599778318,0.18696615224261173,0.18696615224261173,-0.011870054144106482,0.011188066062866398,0.03129754401217137,0.026500811249323988,0.01806556814280807,0.014539234552063435
2011-04-08,47.0,47.95,46.9,47.55,47.55,2882,0.12886463866644718,0.2005034676192636,0.1658612950927123,0.1990947016294194,0.1990947016294194,-0.008342022940563205,0.009018567639257234,0.027737752161383245,0.029889538661468387,0.01999227766098921,0.016858537976262623
2011-04-11,47.3,47.35,46.45,46.45,46.45,2882,0.16531717154536346,0.1282309214388553,0.11066028601989464,0.06568065837452808,0.06568065837452808,-0.022722491058278945,-0.01651492695320773,-0.0009320332664180409,0.007646835511687166,-0.002105353613474241,-0.006062767475035623
2011-04-12,46.2,46.45,46.1,46.4,46.4,2882,0.031657884322669846,0.019822102168243268,0.067726167852147,0.059616383681123375,0.059616383681123375,-0.01632393470426125,-0.019545694664553706,-0.005572224603514746,0.008038235933087062,-0.0013344238302271062,-0.006494896866747733
2011-04-13,46.4,46.65,46.2,46.65,46.65,2882,0.055959572908613746,0.04391295089504547,0.07999305875721788,0.08993775714814428,0.08993775714814428,-0.005330490405117271,-0.015615108672715804,-0.0029920923274202498,0.012809379070777322,0.005648012417004254,-0.0006069911093654205
2011-04-14,46.9,46.95,46.45,46.5,46.5,2882,0.1167137943734748,0.08004922398525005,0.11066028601989464,0.07174493306793192,0.07174493306793192,-0.004495825305073727,-0.01826243006439358,-0.007541263517359101,0.006820396232543139,0.003842666551530685,-0.002680965147453083
2011-04-15,46.75,46.8,45.7,45.8,45.8,2882,0.09848752793401666,0.061981087440147326,0.018658604231864342,-0.013154912639726981,-0.013154912639726981,-0.012079378774805916,-0.028735022797158245,-0.022829101770855714,-0.010585439619788486,-0.008829639889196552,-0.016639828234031255
2011-04-18,45.8,46.1,45.5,45.55,45.55,2882,-0.016945492849219687,-0.02233688310366165,-0.00587517757827742,-0.04347628610674789,-0.04347628610674789,-0.013642269380684182,-0.027851883470280798,-0.028370307167235608,-0.01863621674027797,-0.012230559049312728,-0.020149146708733853
2011-04-19,45.05,45.2,44.35,44.65,44.65,2882,-0.10807682504651127,-0.1307457023742737,-0.14694442298659036,-0.152633230588023,-0.152633230588023,-0.025747327078332966,-0.03978494623655917,-0.04648348519362192,-0.03880307841343312,-0.02913676886279633,-0.03681599194650184
2011-04-20,45.15,45.5,44.9,45.5,45.5,2882,-0.09592598075353888,-0.09460942928406996,-0.07947652300870184,-0.049540560800151734,-0.049540560800151734,-0.002192982456140382,-0.016216216216216217,-0.027639264852543016,-0.02134752917137157,-0.010180995475113199,-0.016358002450097307
2011-04-21,46.0,47.6,45.95,46.9,46.9,2882,0.007356195736725079,0.15834448234735868,0.04932583149454111,0.1202591306151652,0.1202591306151652,0.026707530647985964,0.01526139192553303,0.002065379958692496,0.007302405498281861,0.0177067962850446,0.014822027480255223
2011-04-22,47.3,47.6,47.05,47.3,47.3,2882,0.16531717154536346,0.15834448234735868,0.18426163145031818,0.16877332816239848,0.16877332816239848,0.028708133971291874,0.024474767164825544,0.011476227813814136,0.013987887882523099,0.023189409016180575,0.024474767164825703
2011-04-25,48.2,49.1,48.05,48.05,48.05,2882,0.27467477018211406,0.339025847798379,0.30693054050102525,0.2597374485634612,0.2597374485634612,0.03377796901893272,0.037124973019641676,0.02824737855767174,0.02714835399743487,0.034935814594641006,0.040606388738494856
2011-04-26,47.05,47.25,46.55,46.8,46.8,2882,0.13494006081293294,0.11618549707545377,0.12292717692496465,0.10813058122835666,0.10813058122835666,-0.0023449157962054878,0.009273237006685352,0.0035022514473588783,-0.0010139281711939064,0.005500171880371267,0.014231019287726642
2011-04-27,47.2,47.8,47.15,47.6,47.6,2882,0.15316632725239196,0.18243533107416088,0.19652852235538906,0.2051589763228241,0.2051589763228241,0.005704627086414602,0.024426988055525775,0.02124007723664454,0.014330616376325322,0.020145735105015106,0.0304145470288991
2011-04-28,47.95,48.1,47.15,47.5,47.5,2882,0.24429765944968354,0.21857160416436547,0.19652852235538906,0.19303042693601555,0.19303042693601555,0.001053740779768117,0.020079458821002948,0.01902173913043486,0.011391461726817922,0.016303650134793967,0.025659481052290465
2011-04-29,48.0,48.4,47.4,47.8,47.8,2882,0.2503730815961693,0.25470787725456917,0.22719574961806582,0.2294160750964403,0.2294160750964403,0.005257623554153523,0.022131936277130258,0.025091143040960637,0.01788756388415665,0.020756812163662642,0.029100434174171862
2011-05-03,47.8,48.1,47.1,47.5,47.5,2882,0.22607139301022453,0.21857160416436547,0.19039507690285407,0.19303042693601555,0.19303042693601555,0.0012647554806071307,0.011499148211243593,0.017130620985010645,0.01263124233864523,0.012534106412005478,0.019386222190428404
2011-05-04,47.8,47.8,46.6,46.85,46.85,2882,0.22607139301022453,0.18243533107416088,0.12906062237750052,0.11419485592176136,0.11419485592176136,-0.012644889357218154,-0.006994489190334852,0.00256794350524283,0.0002134927412467551,-0.002512348833247912,0.0033194132134061706
2011-05-05,47.0,47.45,46.65,47.0,47.0,2882,0.12886463866644718,0.14027634580225684,0.13519406783003554,0.13238768000197373,0.13238768000197373,-0.0069723219945066195,-0.0069723219945066195,0.005275916155710735,0.004488138491130449,-0.00017018379850228826,0.004881872928767534
2011-05-06,47.0,47.0,46.3,46.4,46.4,2882,0.12886463866644718,0.08607193616695039,0.09225994966228789,0.059616383681123375,0.059616383681123375,-0.015071110167692652,-0.018612521150592122,-0.007415858528237403,-0.007221182134260468,-0.012639911478061054,-0.008547008547008517
2011-05-09,46.4,47.65,46.4,47.05,47.05,2882,0.055959572908613746,0.164367194529059,0.10452684056735877,0.13845195469537758,0.13845195469537758,0.0019165247018738565,-0.004338165273515994,0.00469784326286566,0.007225046829007195,0.0019165247018738565,0.004268943436499376
2011-05-10,47.15,47.25,46.85,47.1,47.1,2882,0.14709090510590533,0.11618549707545377,0.15972784964017728,0.14451622938878228,0.14451622938878228,0.004692832764505095,-0.001272264631043305,0.003551136363636465,0.007594395122473077,0.004221568376615078,0.00412166003411048
2011-05-11,47.5,47.5,46.65,46.8,46.8,2882,0.18961886013130824,0.14629905798395718,0.13519406783003554,0.10813058122835666,0.10813058122835666,-0.0014934926392148557,-0.00763358778625968,-0.005876938327550892,0.0007484229658932234,-0.0009819408273920181,-0.0032302722658053493
2011-05-12,46.65,46.65,46.2,46.2,46.2,2882,0.08633668364104427,0.04391295089504547,0.07999305875721788,0.035359284907507164,0.035359284907507164,-0.01091843288375076,-0.01743938749468297,-0.019593973261653786,-0.01160614002246343,-0.012271774917689124,-0.016149068322981207
2011-05-13,46.3,46.8,46.3,46.7,46.7,2882,0.04380872861564136,0.061981087440147326,0.09225994966228789,0.09600203184154898,0.09600203184154898,-0.001496685909771075,-0.005112910097997335,-0.008703035448949344,-0.00112293460242772,-0.0009412972787950738,-0.005466032512245204
2011-05-16,47.0,47.0,46.3,46.55,46.55,2882,0.12886463866644718,0.08607193616695039,0.09225994966228789,0.07780920776133575,0.07780920776133575,-0.0025712449110778775,-0.005660578874292591,-0.010837229069273226,-0.00512930113272071,-0.0032973621103116733,-0.007709524993782598
2011-05-17,47.0,47.0,46.15,46.2,46.2,2882,0.12886463866644718,0.08607193616695039,0.07385961330468199,0.035359284907507164,0.035359284907507164,-0.0062379006237898915,-0.010388775838063455,-0.015694908032100097,-0.013294890277110411,-0.010579517711054797,-0.013523131672597853
2011-05-18,46.2,46.4,45.7,45.9,45.9,2882,0.031657884322669846,0.013799389986542074,0.018658604231864342,-0.001026363252918445,-0.001026363252918445,-0.00885337939969777,-0.014810045074050178,-0.02083481476214179,-0.0210088514450252,-0.01658310836868494,-0.01832180794182653
2011-05-19,46.0,46.65,45.35,45.45,45.45,2882,0.007356195736725079,0.04391295089504547,-0.024275513935883307,-0.05560483549355557,-0.05560483549355557,-0.015381282495667262,-0.021212447507268212,-0.02746077032810267,-0.03055511118221079,-0.02522197915326217,-0.026175766882119717
2011-05-20,45.95,46.0,45.35,45.45,45.45,2882,0.0012807735902393186,-0.03438230746706318,-0.024275513935883307,-0.05560483549355557,-0.05560483549355557,-0.010019603572206508,-0.019205869659041877,-0.024608341083053185,-0.029053621021149313,-0.024343122102009132,-0.02478274863212104
2011-05-23,45.35,45.35,44.8,44.9,44.9,2882,-0.07162429216759411,-0.11267756582917182,-0.09174341391377272,-0.1223118571210021,-0.1223118571210021,-0.014918824045634044,-0.02655826558265586,-0.03239709790963287,-0.03833797387020774,-0.03540431382658768,-0.03475456825510571
2011-05-24,45.2,45.4,44.9,45.4,45.4,2882,-0.08985055860705227,-0.10665485364747149,-0.07947652300870184,-0.061669110186960266,-0.061669110186960266,-0.0004403346543373652,-0.012077031879012072,-0.01866128683622732,-0.024861730118670437,-0.024536977353788042,-0.023270823622216726
2011-05-25,45.4,45.65,45.05,45.25,45.25,2882,-0.06554887002110836,-0.07654129273896809,-0.061076186651095946,-0.07986193426717264,-0.07986193426717264,-0.0008831971737690252,-0.012008733624454088,-0.019643244023976155,-0.026462994836488746,-0.028260962934329822,-0.02569439460274173
2011-05-26,46.0,46.0,45.3,45.45,45.45,2882,0.007356195736725079,-0.03438230746706318,-0.03040895938841918,-0.05560483549355557,-0.05560483549355557,0.0035327886950761,-0.0060142154182613134,-0.013100752750434092,-0.01989325570111595,-0.0239240615067432,-0.020544501113425605
2011-05-27,45.45,45.75,44.85,44.9,44.9,2882,-0.059473447874621735,-0.06449586837556658,-0.08560996846123684,-0.1223118571210021,-0.1223118571210021,-0.006197432492253235,-0.01416181798221546,-0.022921804729435686,-0.02903173487592585,-0.03407624128732459,-0.031283710895361444
2011-05-30,44.9,45.35,44.85,45.25,45.25,2882,-0.1263030914859694,-0.11267756582917182,-0.08560996846123684,-0.07986193426717264,-0.07986193426717264,0.0,-0.0036331608499394286,-0.012727272727272778,-0.018757454190610322,-0.024826516098444055,-0.02334616353106235
2011-05-31,45.4,46.7,45.35,46.65,46.65,2882,-0.06554887002110836,0.049935663076746656,-0.024275513935883307,0.08993775714814428,0.08993775714814428,0.025274725274725244,0.026176858776946716,0.018484826431846398,0.012534592218785622,0.006559357873387022,0.006074548003306847
2011-06-01,46.65,46.9,46.55,46.75,46.75,2882,0.08633668364104427,0.07402651180354886,0.12292717692496465,0.10206630653495283,0.10206630653495283,0.020742358078602682,0.026457349873751198,0.020742358078602682,0.01481521680143278,0.008760573105471941,0.006711409395973017
2011-06-02,46.3,46.85,46.2,46.8,46.8,2882,0.04380872861564136,0.06800379962184852,0.07999305875721788,0.10813058122835666,0.10813058122835666,0.01584545257217271,0.0245183887915938,0.020942408376963213,0.016121152906692717,0.010537225773017782,0.006848578292516648
2011-06-03,47.0,47.1,46.55,46.8,46.8,2882,0.12886463866644718,0.09811736053035192,0.12292717692496465,0.10813058122835666,0.10813058122835666,0.007534983853605905,0.021499508894466866,0.020793950850661623,0.015680104172318302,0.01114856105781692,0.006920787463692734
2011-06-07,46.3,46.8,46.1,46.7,46.7,2882,0.04380872861564136,0.061981087440147326,0.067726167852147,0.09600203184154898,0.09600203184154898,-0.000855798031664357,0.015327753016632204,0.01839063749363961,0.013894919669995669,0.009948096885813168,0.005201793721973104
2011-06-08,46.8,46.8,46.25,46.55,46.55,2882,0.10456295008050241,0.061981087440147326,0.08612650420975287,0.07780920776133575,0.07780920776133575,-0.0036386986301371743,0.009542398612014698,0.014603312990409803,0.011242057242165824,0.007532141465737392,0.003052612677320863
2011-06-09,46.3,46.6,46.2,46.5,46.5,2882,0.04380872861564136,0.037890238713345126,0.07999305875721788,0.07174493306793192,0.07174493306793192,-0.003642596957360225,0.005731588623337311,0.012630662020906042,0.01048514152224701,0.006755001299038659,0.002191170659865654
2011-06-10,46.8,47.0,45.3,45.3,45.3,2882,0.10456295008050241,0.08607193616695039,-0.03040895938841918,-0.0737976595737688,-0.0737976595737688,-0.02307526417942636,-0.01990480311553444,-0.013286865606621793,-0.01462831040295843,-0.01777970511708587,-0.02205591335947904
2011-06-13,45.1,45.3,44.7,44.7,44.7,2882,-0.10200140290002464,-0.11870027801087302,-0.10401030481884273,-0.1465689558946183,-0.1465689558946183,-0.02720348204570185,-0.032467532467532464,-0.025294374182293865,-0.025559976020491416,-0.02935811691131757,-0.03306053286224168
2011-06-14,44.8,45.25,44.8,45.05,45.05,2882,-0.1384539357789418,-0.12472299019257335,-0.09174341391377272,-0.10411903304078972,-0.10411903304078972,-0.012494519947391501,-0.024469467301862332,-0.017876607804665365,-0.016321851629455805,-0.020055686069781697,-0.02355321147315944
2011-06-15,45.0,45.2,44.5,45.2,45.2,2882,-0.11415224719299703,-0.1307457023742737,-0.12854408662898448,-0.08592620896057648,-0.08592620896057648,-0.003307607497243629,-0.01813837297708252,-0.014319982554335966,-0.011967867096562487,-0.015164720237057651,-0.018671298306556502
2011-06-16,44.5,44.85,44.5,44.6,44.6,2882,-0.17490646865785808,-0.1729046876461786,-0.12854408662898448,-0.15869750528142684,-0.15869750528142684,-0.008227707360462631,-0.02662592754255781,-0.026484284051222457,-0.02369616373884958,-0.026370939573873372,-0.030118516907687246
2011-06-17,44.6,44.9,43.8,43.8,43.8,2882,-0.1627556243648857,-0.16688197546447828,-0.2144123229644798,-0.25572590037589427,-0.25572590037589427,-0.019476158495634756,-0.037785588752196814,-0.0416453942090293,-0.03947368421052641,-0.04182709135456801,-0.04530097722236365
2011-06-20,44.5,44.5,43.3,43.3,43.3,2882,-0.17490646865785808,-0.2150636729180835,-0.2757467774898333,-0.3163686473099361,-0.3163686473099361,-0.02455507997296696,-0.04139915873367289,-0.05036917903355524,-0.04819475737758977,-0.04993856415657371,-0.054068814855270375
2011-06-21,43.4,44.15,43.35,43.75,43.75,2882,-0.3085657558805526,-0.25722265818998846,-0.2696133320372974,-0.2617901750692981,-0.2617901750692981,-0.008610922275096364,-0.025069637883008356,-0.03839109092241196,-0.03708594695719164,-0.037700158367059776,-0.04193583707434576
2011-06-22,43.9,44.6,43.8,43.85,43.85,2882,-0.2478115344156915,-0.203018248554682,-0.2144123229644798,-0.24966162568248956,-0.24966162568248956,-0.00022799817601454653,-0.0169263535478086,-0.032222467446479976,-0.03323595877197818,-0.033502314304606484,-0.03746250091461177
2011-06-23,43.75,43.75,43.0,43.0,43.0,2882,-0.26603780085514966,-0.3054043556435937,-0.3125474502050451,-0.35275429547036086,-0.35275429547036086,-0.01240238860817637,-0.02835837758445379,-0.04571682201509119,-0.049618742402475505,-0.049807751800945724,-0.05348888399735842
2011-06-24,42.9,43.15,42.6,42.6,42.6,2882,-0.3693199773454136,-0.377676901824002,-0.36161501382532774,-0.40126849301759415,-0.40126849301759415,-0.01616628175519621,-0.03148800727520741,-0.04868244752121467,-0.0554847292278698,-0.05626938413823658,-0.059810196424630487
2011-06-27,42.4,42.4,42.0,42.05,42.05,2882,-0.4300741988102747,-0.4680175845495122,-0.43521635925575214,-0.46797551464504067,-0.46797551464504067,-0.023228803716608595,-0.03819762122598357,-0.054276932303771064,-0.0647241992882563,-0.06563860990134227,-0.06876314915291781
2011-06-28,41.95,42.15,41.75,41.85,41.85,2882,-0.4847529981286491,-0.49813114545801557,-0.4658835865184289,-0.4922326134186569,-0.4922326134186569,-0.019217248652449035,-0.03571428571428565,-0.05188038060715887,-0.06563965170797048,-0.06755492179492885,-0.06996555427978814
2011-06-29,42.5,43.95,42.25,43.8,43.8,2882,-0.4179233545173023,-0.28131350691679063,-0.4045491319930754,-0.25572590037589427,-0.25572590037589427,0.026722925457102517,0.012482662968099675,-0.003564116175021007,-0.018982025869309676,-0.022714088089606715,-0.02489703536046898
2011-06-30,43.8,44.45,43.8,44.45,44.45,2882,-0.2599623787086639,-0.22108638509978384,-0.2144123229644798,-0.1768903293616392,-0.1768903293616392,0.034924330616996506,0.027864493004971798,0.01437699680511188,-0.0018525795767137061,-0.0075023444826506375,-0.00936037441497648
2011-07-01,44.6,44.8,44.25,44.45,44.45,2882,-0.1627556243648857,-0.1789273998278798,-0.15921131389166124,-0.1768903293616392,-0.1768903293616392,0.02608494921514301,0.026321865619949383,0.015690456241907246,0.0007880220646178925,-0.006615116434988431,-0.008623894134265033
2011-07-04,44.7,44.7,44.05,44.2,44.2,2882,-0.1506047800719133,-0.19097282419128048,-0.183745095701803,-0.2072117028286601,-0.2072117028286601,0.010285714285714351,0.0184331797235024,0.010747770409329952,-0.0019193857965451246,-0.011583702312268004,-0.01328273244781781
2011-07-05,44.2,44.55,44.0,44.1,44.1,2882,-0.21135900153677437,-0.20904096073638317,-0.18987854115433803,-0.21934025221546866,-0.21934025221546866,-0.002262443438914059,0.015310233682514081,0.009923664122137327,-0.001245612048465626,-0.012804441260744889,-0.014928707047392045
2011-07-06,44.3,44.65,44.15,44.65,44.65,2882,-0.19920815724380284,-0.19699553637298167,-0.17147820479673212,-0.152633230588023,-0.152633230588023,0.006310570205093557,0.026082959898885396,0.02337840935136365,0.013390830685428876,0.0013006817366343702,-0.0020859718393801767
2011-07-07,44.65,45.2,44.3,45.0,45.0,2882,-0.15668020221839993,-0.1307457023742737,-0.15307786843912624,-0.11018330773419355,-0.11018330773419355,0.011690647482014298,0.0293949445270503,0.03077040543635948,0.023076048652949883,0.010736265217196029,0.005923773331843089
2011-07-08,45.0,45.2,44.1,44.2,44.2,2882,-0.11415224719299703,-0.1307457023742737,-0.17761165024926714,-0.2072117028286601,-0.2072117028286601,-0.005176682421786851,0.007407407407407472,0.011827546737886444,0.006146141588891489,-0.004907920212526373,-0.011038186157517876
2011-07-11,44.95,45.1,44.45,44.6,44.6,2882,-0.12022766933948278,-0.14279112673767522,-0.1346775320815195,-0.15869750528142684,-0.15869750528142684,0.002022017524151793,0.010650351234987511,0.01896275988119729,0.015367103016505505,0.00609068351003842,-0.001864975755315075
2011-07-12,44.1,44.25,43.5,43.6,43.6,2882,-0.22350984582974676,-0.2451772338265869,-0.2512129956796916,-0.27998299914951047,-0.27998299914951047,-0.018239135329880706,-0.015912425234172176,-0.0036563071297988255,-0.005757938543982779,-0.013708546351174085,-0.02304216305037896
2011-07-13,43.6,43.95,43.3,43.5,43.5,2882,-0.2842640672946078,-0.28131350691679063,-0.2757467774898333,-0.29211154853631904,-0.29211154853631904,-0.015391579900407418,-0.017504234895539213,-0.005411172928892568,-0.006111840977894517,-0.01324743671173206,-0.022984203039604547
2011-07-14,43.5,43.85,42.8,43.35,43.35,2882,-0.2964149115875802,-0.2933589312801922,-0.33708123201518686,-0.3103043726165314,-0.3103043726165314,-0.011402508551881414,-0.018453526548171735,-0.009369287020109612,-0.00812264043015666,-0.013831384503389532,-0.023868498086016557
2011-07-15,43.4,44.75,43.3,44.5,44.5,2882,-0.3085657558805526,-0.18495011200958014,-0.2757467774898333,-0.1708260546682354,-0.1708260546682354,0.013436574812115605,0.007471134254018526,0.013975391159045945,0.017375400091449427,0.013067431589491373,0.003759398496240548
2011-07-18,44.3,45.2,44.05,44.95,44.95,2882,-0.19920815724380284,-0.1307457023742737,-0.183745095701803,-0.11624758242759739,-0.11624758242759739,0.02205547976352885,0.015934003842242184,0.01973684210526326,0.025728792287067256,0.02307902403495984,0.015322064525844246
2011-07-19,45.0,45.0,44.3,45.0,45.0,2882,-0.11415224719299703,-0.15483655110107675,-0.15307786843912624,-0.11018330773419355,-0.11018330773419355,0.01671938544961579,0.014999436111424362,0.016030706705802845,0.025407314572177327,0.024263668229617046,0.01775415582946956
2011-07-20,45.3,46.0,45.2,46.0,46.0,2882,-0.07769971431408074,-0.03438230746706318,-0.04267585029348919,0.011102186133890092,0.011102186133890092,0.02770330652368174,0.03440521700022473,0.03518115670242307,0.045632778314485596,0.04626302142564707,0.040802473791386844
2011-07-21,46.0,46.0,45.4,45.75,45.75,2882,0.007356195736725079,-0.03438230746706318,-0.0181420684833483,-0.01921918733313082,-0.01921918733313082,0.011273209549071574,0.027051296441800387,0.027551096803174527,0.03670972127804226,0.039489230209942563,0.035731803946723005
2011-07-22,46.0,46.2,45.65,45.8,45.8,2882,0.007356195736725079,-0.010291458740260124,0.012525158779328464,-0.013154912639726981,-0.013154912639726981,0.006593406593406531,0.024493904484956915,0.026598924088463694,0.03409347482501672,0.03873718588406057,0.03647267378267244
2011-07-25,45.95,46.1,45.2,45.25,45.25,2882,0.0012807735902393186,-0.02233688310366165,-0.04267585029348919,-0.07986193426717264,-0.07986193426717264,-0.006804214223002528,0.010721465266919741,0.012681835136143306,0.017997750281214784,0.024450984831333445,0.023601266777258243
2011-07-26,45.8,45.8,45.05,45.55,45.55,2882,-0.016945492849219687,-0.058473156193866234,-0.061076186651095946,-0.04347628610674789,-0.04347628610674789,-0.0026275454346399068,0.013010118981430022,0.017195176418043842,0.020499607930995676,0.029564667058451243,0.029999246250094085
2011-07-27,45.2,45.4,45.2,45.3,45.3,2882,-0.08985055860705227,-0.10665485364747149,-0.04267585029348919,-0.0737976595737688,-0.0737976595737688,-0.005051614320228353,0.003433381326835777,0.010634342232468046,0.01319615298590911,0.022573363431151242,0.024268917696713837
2011-07-28,44.4,44.4,43.85,43.85,43.85,2882,-0.18705731295083047,-0.22710909728148504,-0.2082788775119439,-0.24966162568248956,-0.24966162568248956,-0.028792912513842684,-0.029759929195707465,-0.020038736591179857,-0.018576544315129617,-0.010917129065728374,-0.007955959428377669
2011-07-29,43.75,44.1,42.9,43.2,43.2,2882,-0.26603780085514966,-0.26324537037168877,-0.324814341110116,-0.32849719669674377,-0.32849719669674377,-0.0320412278736276,-0.04138466659269932,-0.03312444046553261,-0.03177004538577905,-0.026105775733801958,-0.02221886906333672
2011-08-01,43.6,44.2,43.55,43.8,43.8,2882,-0.2842640672946078,-0.25119994600828727,-0.24507955022715655,-0.25572590037589427,-0.25572590037589427,-0.012178619756427587,-0.02558398220244729,-0.018524051389303884,-0.01788216828297549,-0.014135230035113152,-0.009012406199328945
2011-08-02,43.5,43.9,43.1,43.2,43.2,2882,-0.2964149115875802,-0.28733621909849183,-0.3002805592999742,-0.32849719669674377,-0.32849719669674377,-0.015272395714611229,-0.03506812597721674,-0.03139013452914795,-0.030357443465574147,-0.028820646553662232,-0.022181982797645924
2011-08-03,42.6,42.65,42.0,42.2,42.2,2882,-0.4057725102243299,-0.4379040236410088,-0.43521635925575214,-0.4497826905648274,-0.4497826905648274,-0.02427745664739878,-0.04933543590898846,-0.051969447356597254,-0.05019131217645728,-0.04993471115313604,-0.043626062322946114
2011-08-04,42.2,42.9,42.0,42.0,42.0,2882,-0.4543758873962186,-0.4077904627325054,-0.43521635925575214,-0.4740397893384445,-0.4740397893384445,-0.02052238805970139,-0.0457798477791662,-0.05455091168304942,-0.051490514905149075,-0.05234657039711192,-0.04743904743904748
2011-08-05,39.1,39.85,39.1,39.1,39.1,2882,-0.8310520604783572,-0.7751759058162464,-0.7909561955028025,-0.8257677215558868,-0.8257677215558868,-0.07037565382786497,-0.09793517130003455,-0.11264089568045975,-0.11186825667234519,-0.11349929714778034,-0.11085844229675952
2011-08-08,38.55,38.55,36.4,36.4,36.4,2882,-0.8978817040897049,-0.9317664225404646,-1.122162249939712,-1.153238554999713,-1.153238554999713,-0.10300640709709216,-0.1427225624116815,-0.16309012875536497,-0.16542473919523107,-0.16883591359546968,-0.16869671132764916
2011-08-09,33.9,35.2,33.9,34.8,34.8,2882,-1.4628959637129126,-1.3352881387144093,-1.4288345225664796,-1.3472953451886471,-1.3472953451886471,-0.1053984575835476,-0.15911562160202988,-0.18716910619744648,-0.19397799652576725,-0.1985629404449359,-0.20094906432972343
2011-08-10,37.2,37.2,36.5,37.2,37.2,2882,-1.0619181020448292,-1.0943796514463822,-1.109895359034641,-1.0562101599052456,-1.0562101599052456,-0.018469656992084322,-0.08317929759704251,-0.11904010104199565,-0.13205786280914597,-0.13737130136350972,-0.1415054425170199
2011-08-11,37.15,39.45,37.1,39.4,39.4,2882,-1.0679935241913157,-0.8233576032698516,-1.0362940136042167,-0.7893820733954622,-0.7893820733954622,0.05403959336543595,-0.018190879641166308,-0.0574914281157803,-0.07647231174919432,-0.08158508158508158,-0.08718819986099317
2011-08-12,39.8,40.05,38.3,38.75,38.75,2882,-0.7459961504275523,-0.7510850570894442,-0.8890913227433687,-0.8682176444097164,-0.8682176444097164,0.038595550790672874,-0.02356053924656677,-0.06250000000000006,-0.0855457227138643,-0.09212314324539608,-0.09827800186161967
2011-08-15,39.5,39.5,38.7,38.85,38.85,2882,-0.7824486833064687,-0.8173348910881514,-0.8400237591230851,-0.8560890950229078,-0.8560890950229078,0.027777777777777894,-0.008675682572084622,-0.05027705345501951,-0.07653910149750429,-0.08484877037595395,-0.09218366631615828
2011-08-16,39.2,39.2,38.8,38.8,38.8,2882,-0.8189012161853849,-0.853471164178355,-0.8277568682180151,-0.8621533697163125,-0.8621533697163125,0.0051813471502589565,0.001290322580645088,-0.040949163714262334,-0.07088122605364003,-0.0818741126360625,-0.08959368034101149
2011-08-17,39.3,39.3,38.5,38.6,38.6,2882,-0.8067503718924134,-0.8414257398149544,-0.8645575409332269,-0.8864104684899287,-0.8864104684899287,-0.007201646090535008,0.005470174524615808,-0.035241189702574276,-0.06740758637352015,-0.08235070368961564,-0.08998035363457751
2011-08-18,38.3,38.3,36.7,37.0,37.0,2882,-0.9282588148221355,-0.961879983448968,-1.0853615772244993,-1.0804672586788626,-1.0804672586788626,-0.0364583333333333,-0.023489047242016378,-0.0645541884375527,-0.09651425431902816,-0.11504424778761067,-0.12218268090154208
2011-08-19,35.3,35.9,35.0,35.35,35.35,2882,-1.292784143611302,-1.2509701681706002,-1.2938987226107015,-1.2805883235612006,-1.2805883235612006,-0.06283138918345717,-0.057710249233639856,-0.09428644632334102,-0.12564927034380408,-0.1470417913328828,-0.15541751284195426
2011-08-22,36.5,36.8,35.45,36.1,36.1,2882,-1.1469740120956349,-1.1425613488999884,-1.2386977135378832,-1.1896242031601378,-1.1896242031601378,-0.02878665590529998,-0.036948112578364625,-0.06274340112505403,-0.09687910438426407,-0.12144073983937702,-0.13162009381389578
2011-08-23,36.2,37.25,35.85,37.1,37.1,2882,-1.1834265449745511,-1.088356939264682,-1.1896301499176005,-1.0683387092920542,-1.0683387092920542,0.007330980179201823,-0.01630650934641376,-0.02650223038572548,-0.06194690265486715,-0.09010644037867267,-0.10288961431507683
2011-08-24,37.1,37.1,35.95,36.65,36.65,2882,-1.0740689463378015,-1.1064250758097838,-1.1773632590125296,-1.1229171815326922,-1.1229171815326922,0.00576289791437963,-0.02681890600106227,-0.028881822999469963,-0.0630791845082123,-0.09282178217821782,-0.10885070513859636
2011-08-25,37.0,37.0,35.65,35.7,35.7,2882,-1.0862197906307738,-1.1184705001731852,-1.2141639317277422,-1.238138400707371,-1.238138400707371,-0.013266998341625121,-0.04263877715205139,-0.0434083601286173,-0.07775768535262201,-0.10745537276863847,-0.12653427394690697
2011-08-26,36.0,36.25,35.6,36.0,36.0,2882,-1.207728233560496,-1.2088111828986954,-1.2202973771802772,-1.2017527525469462,-1.2017527525469462,-0.008537592949600723,-0.0274213156828313,-0.029998203700377316,-0.06127770534550199,-0.09104681108922895,-0.11304562066275213
2011-08-29,36.3,36.95,36.1,36.4,36.4,2882,-1.1712757006815797,-1.1244932123548856,-1.1589629226549236,-1.153238554999713,-1.153238554999713,0.0008248556502612356,-0.01006255099265718,-0.01922040596371469,-0.041600842548709986,-0.07265871802710683,-0.09684889587296326
2011-08-30,36.95,36.95,36.5,36.65,36.65,2882,-1.0922952127772596,-1.1244932123548856,-1.109895359034641,-1.1229171815326922,-1.1229171815326922,0.01019845644983455,0.002598823690329609,-0.015755080118163085,-0.02662505809707185,-0.057743726861373974,-0.08432229856339787
2011-08-31,36.75,37.05,36.6,37.0,37.0,2882,-1.1165969013632044,-1.112447787991485,-1.09762846812957,-1.0804672586788626,-1.0804672586788626,0.017881705639614817,0.016623162522324608,-0.00599982090086852,-0.01049675737113053,-0.0405559589254225,-0.06859660163624924
2011-09-01,37.45,39.5,37.35,38.45,38.45,2882,-1.0315409913123985,-0.8173348910881514,-1.0056267863415398,-0.904603292570141,-0.904603292570141,0.04200542005420066,0.05227148330596617,0.034714747039827944,0.033185543463657305,0.002659851882758002,-0.026130271433998892
2011-09-02,39.0,39.3,38.35,38.35,38.35,2882,-0.8432029047713296,-0.8414257398149544,-0.8829578772908327,-0.9167318419569496,-0.9167318419569496,0.02622424404602614,0.040988056460369106,0.03276481149012572,0.03153789254253243,0.005137076060177123,-0.02251486830926082
2011-09-05,37.45,37.45,36.5,36.6,36.6,2882,-1.0315409913123985,-1.0642660905378787,-1.109895359034641,-1.128981456226096,-1.128981456226096,-0.02165196471531682,-0.0078612089997289,-0.010365029292474074,-0.015798319327731056,-0.033433687212803175,-0.06021312106817304
2011-09-06,36.4,36.4,35.5,36.1,36.1,2882,-1.1591248563886074,-1.1907430463535935,-1.2325642680853481,-1.1896242031601378,-1.1896242031601378,-0.03217158176943689,-0.018755096493612334,-0.01911058780907507,-0.030937520971746766,-0.03943377148634983,-0.06549314004659594
2011-09-07,36.8,37.0,36.3,36.8,36.8,2882,-1.1105214792167186,-1.1184705001731852,-1.1344291408447829,-1.1047243574524799,-1.1047243574524799,-0.012345679012345892,-0.00013585110718659308,0.003180372557928228,-0.011616195528100571,-0.015147460257988613,-0.0403337969401949
2011-09-08,37.0,37.5,36.3,36.65,36.65,2882,-1.0862197906307738,-1.0582433783561784,-1.1344291408447829,-1.1229171815326922,-1.1229171815326922,-0.006775067750677507,-0.006775067750677507,-0.00027277686852149514,-0.011996225906456404,-0.01351205857019817,-0.038226032190343
2011-09-09,36.8,37.15,36.65,37.0,37.0,2882,-1.1105214792167186,-1.1004023636280833,-1.091495022677035,-1.0804672586788626,-1.0804672586788626,0.010101010101010227,0.0,0.006255099265705847,-0.00020266162264406633,-0.0018344663861013526,-0.023746701846965663
2011-09-13,36.25,36.3,35.25,35.6,35.6,2882,-1.1773511228280655,-1.2027884707169951,-1.2632314953480248,-1.2502669500941797,-1.2502669500941797,-0.02278342025802886,-0.03575297941495125,-0.03094093095000463,-0.03379020219839863,-0.038773085646398094,-0.053862508858965194
2011-09-14,36.0,36.0,34.3,34.75,34.75,2882,-1.207728233560496,-1.2389247438071989,-1.379766958946197,-1.353359619882051,-1.353359619882051,-0.0389933628318585,-0.05390688810236874,-0.05002733734281042,-0.051647676877942236,-0.061673057190689606,-0.06948721381711069
2011-09-15,35.95,35.95,35.35,35.5,35.5,2882,-1.2138036557069818,-1.244947455988899,-1.2509646044429539,-1.2623954994809883,-1.2623954994809883,-0.011142061281337007,-0.029524330235101103,-0.027486074331111422,-0.027064063035285982,-0.039658064167072474,-0.043685179365150706
2011-09-16,36.7,37.0,36.2,36.2,36.2,2882,-1.1226723235096903,-1.1184705001731852,-1.1466960317498527,-1.1774956537733292,-1.1774956537733292,0.010890812622172593,-0.004263512584238787,-0.009214487729221574,-0.006790589203649146,-0.017319072696671864,-0.0197228866723834
2011-09-19,35.7,35.9,34.75,35.65,35.65,2882,-1.2441807664394122,-1.2509701681706002,-1.3245659498733784,-1.2442026754007758,-1.2442026754007758,0.0030951041080470544,-0.012054870444783018,-0.02364433083805012,-0.02228316763798423,-0.02898077027836793,-0.031600869250271474
2011-09-20,35.25,35.7,34.9,35.6,35.6,2882,-1.2988595657577875,-1.2750610168974026,-1.3061656135157724,-1.2502669500941797,-1.2502669500941797,0.0016882386043892842,-0.010698902320411227,-0.02358749314317077,-0.02298456260720408,-0.026897004154821637,-0.03225806451612905
2011-09-21,35.05,35.8,35.05,35.45,35.45,2882,-1.3231612543437323,-1.2630155925340019,-1.2877652771581667,-1.268459774174392,-1.268459774174392,-0.006446188340806889,-0.013084632516703753,-0.025563496426608018,-0.024893412185394058,-0.027434842249657063,-0.036902875254697966
2011-09-22,34.7,35.0,34.3,34.75,34.75,2882,-1.3656892093691344,-1.3593789874412123,-1.379766958946197,-1.353359619882051,-1.353359619882051,-0.021953278919223027,-0.027019459610807685,-0.040850124206458845,-0.04164368450082749,-0.04259422525898169,-0.05382102014884752
2011-09-23,34.0,34.55,33.7,33.95,33.95,2882,-1.45074511941994,-1.4135833970765188,-1.4533683043766203,-1.4503880149765174,-1.4503880149765174,-0.032212086659064866,-0.04217802228805203,-0.055107152797105395,-0.06144170295113682,-0.06148062144081375,-0.07100834587494848
2011-09-26,33.95,34.5,33.5,34.2,34.2,2882,-1.456820541566426,-1.419606109258219,-1.4779020861867622,-1.4200666415094965,-1.4200666415094965,-0.01695889623455005,-0.027442058865349162,-0.04076290201944632,-0.05217210559135296,-0.053365810451727114,-0.060267448250595206
2011-09-27,34.95,35.15,34.3,35.1,35.1,2882,-1.3353120986367037,-1.3413108508961105,-1.379766958946197,-1.3109096970282215,-1.3109096970282215,0.01181896800230604,-0.00042716787697546534,-0.012750796924807795,-0.02547372804886505,-0.02737752161383284,-0.03221359312531602
2011-09-28,35.1,35.2,34.4,35.2,35.2,2882,-1.3170858321972456,-1.3352881387144093,-1.367500068041126,-1.2987811476414128,-1.2987811476414128,0.016166281755196372,0.0011376564277587925,-0.008264462809917246,-0.020726109333704393,-0.022548039542374696,-0.02623449674950409
2011-09-29,34.5,35.25,34.45,35.1,35.1,2882,-1.3899908979550792,-1.329265426532709,-1.36136662258859,-1.3109096970282215,-1.3109096970282215,0.01123595505617979,-0.0005694760820044426,-0.007914075749010771,-0.020920502092050403,-0.02364394993045901,-0.025856885147324062
2011-09-30,35.3,35.65,34.9,35.2,35.2,2882,-1.292784143611302,-1.2810837290791037,-1.3061656135157724,-1.2987811476414128,-1.2987811476414128,0.00686498855835246,0.0051399200456881695,-0.0023618327822388834,-0.013660245183887837,-0.020317283607013552,-0.021452068757818694
2011-10-03,34.3,34.3,33.0,33.3,33.3,2882,-1.4142925865410239,-1.4436969579850223,-1.5392365407121158,-1.5292235859907726,-1.5292235859907726,-0.04255319148936201,-0.042690815006468485,-0.049567120159832695,-0.06025116410328785,-0.07040366255373808,-0.0725095162937519
2011-10-04,32.5,33.2,32.2,33.0,33.0,2882,-1.6330077838145234,-1.5761966259824365,-1.637371667952681,-1.5656092341511973,-1.5656092341511973,-0.03958090803259603,-0.04417089065894276,-0.05344679223635156,-0.06396255850234016,-0.07526761194866352,-0.07821229050279323
2011-10-05,33.0,33.0,31.85,32.2,32.2,2882,-1.5722535623496623,-1.6002874747092395,-1.6803057861204287,-1.662637629245664,-1.662637629245664,-0.046208530805687265,-0.05847953216374269,-0.07186779400461181,-0.08157444381061017,-0.09316210431452066,-0.09643625479375177
2011-10-06,32.65,33.8,32.65,33.7,33.7,2882,-1.6147815173750653,-1.503924079802029,-1.5821706588798634,-1.4807093884435385,-1.4807093884435385,0.006571087216248685,-0.011585276433494737,-0.025260316236020094,-0.034522274745738386,-0.047376752600633246,-0.05172818083759296
2011-10-07,34.3,34.5,33.75,34.5,34.5,2882,-1.4142925865410239,-1.419606109258219,-1.4472348589240853,-1.383680993349072,-1.383680993349072,0.03479304139172177,0.010248901903367538,0.001160766105629691,-0.008549464760399438,-0.020387301947867666,-0.028123386074463436
2011-10-11,35.0,35.4,34.8,34.8,34.8,2882,-1.3292366764902181,-1.3111972899876072,-1.3184325044208434,-1.3472953451886471,-1.3472953451886471,0.03448275862068955,0.01724641917567952,0.01152989051448487,0.003243243243243161,-0.007868628121792775,-0.018566392479436103
2011-10-12,34.25,34.5,34.1,34.45,34.45,2882,-1.4203680086875097,-1.419606109258219,-1.4043007407563377,-1.3897452680424756,-1.3897452680424756,0.015325670498084596,0.008932493776541213,0.003592930666148811,-0.005197805371065542,-0.015432980851671881,-0.026652853644754042
2011-10-13,34.7,34.75,34.15,34.5,34.5,2882,-1.3656892093691344,-1.3894925483497158,-1.3981672953038027,-1.383680993349072,-1.383680993349072,0.0031986042454201636,0.012472487160674898,0.006907286701040896,-0.00339423701884884,-0.012197216973028745,-0.023262397961591057
2011-10-14,34.5,34.5,33.95,33.95,33.95,2882,-1.3899908979550792,-1.419606109258219,-1.4227010771139437,-1.4503880149765174,-1.4503880149765174,-0.01422764227642282,-0.00029446407538274473,-0.007600116924875915,-0.017081644470179395,-0.02476157646788449,-0.03605905735377635
2011-10-17,34.5,34.5,34.05,34.45,34.45,2882,-1.3899908979550792,-1.419606109258219,-1.4104341862088736,-1.3897452680424756,-1.3897452680424756,0.0005808887598027951,0.01667404456249092,0.00603523800253102,-7.256367462441699e-05,-0.007890795991245274,-0.01814554436633109
2011-10-18,33.6,33.9,33.35,33.45,33.45,2882,-1.499348496591829,-1.4918786554386274,-1.4963024225443682,-1.5110307619105594,-1.5110307619105594,-0.020784543325526955,-0.013274336283185716,-0.021739130434782577,-0.025988207032103028,-0.032733792146203165,-0.042187649136202994
2011-10-19,33.9,33.9,33.5,33.7,33.7,2882,-1.4628959637129126,-1.4918786554386274,-1.4779020861867622,-1.4807093884435385,-1.4807093884435385,-0.009114966186415826,-0.007948189579040421,-0.011730205278592334,-0.015986568362653986,-0.02335825653509527,-0.03235068912710562
2011-10-20,33.9,33.9,32.8,32.95,32.95,2882,-1.4628959637129126,-1.4918786554386274,-1.5637703225222574,-1.5716735088446012,-1.5716735088446012,-0.022255192878338277,-0.03216331326185927,-0.02945508100147275,-0.03436149168437246,-0.04309693907184744,-0.05102481639706239
2011-10-21,33.0,33.35,32.9,33.25,33.25,2882,-1.5722535623496623,-1.5581284894373346,-1.5515034316171865,-1.5352878606841764,-1.5352878606841764,-0.009237187127532845,-0.022058823529411766,-0.0170476941269216,-0.023423158822233628,-0.03185418122525044,-0.03910991233985161
2011-10-24,33.9,35.0,33.9,35.0,35.0,2882,-1.4628959637129126,-1.3593789874412123,-1.4288345225664796,-1.32303824641503,-1.32303824641503,0.03950103950103945,0.027900146842878205,0.035094637223974566,0.0263929618768328,0.020527175180778907,0.013073471947513184
2011-10-25,35.0,35.1,34.45,34.65,34.65,2882,-1.3292366764902181,-1.347333563077811,-1.36136662258859,-1.3654881692688594,-1.3654881692688594,0.021822471247419487,0.018069634200087992,0.02202339986235363,0.015459007985932926,0.011501634750116719,0.0052219321148822915
2011-10-26,34.25,34.9,34.15,34.8,34.8,2882,-1.4203680086875097,-1.371424411804614,-1.3981672953038027,-1.3472953451886471,-1.3472953451886471,0.019630823322589936,0.021426474904608066,0.02282747134319576,0.020303452319870862,0.016830294530154083,0.010355172747507848
2011-10-27,34.95,35.3,34.65,34.95,34.95,2882,-1.3353120986367037,-1.3232427143510086,-1.3368328407784493,-1.3291025211084337,-1.3291025211084337,0.012163336229365818,0.02447603693390028,0.0217306567920483,0.025076990761108784,0.02181031458308976,0.014513788098693758
2011-10-28,36.2,36.9,35.8,36.0,36.0,2882,-1.1834265449745511,-1.1305159245365868,-1.1957635953701362,-1.2017527525469462,-1.2017527525469462,0.0262257696693273,0.048951048951048945,0.04772991850989525,0.054481546572934955,0.05097214923804526,0.044487427466150815
2011-10-31,36.2,36.7,35.8,36.15,36.15,2882,-1.1834265449745511,-1.154606773263389,-1.1957635953701362,-1.183559928466734,-1.183559928466734,0.023789294817332093,0.04812989272252817,0.048738033072236724,0.05740402193784274,0.052646904664841884,0.048890178441897435
2011-11-01,35.6,36.3,35.25,35.4,35.4,2882,-1.2563316107323848,-1.2027884707169951,-1.2632314953480248,-1.2745240488677967,-1.2745240488677967,-0.0016920473773264291,0.020614098313391848,0.025789626195305514,0.032295691477728206,0.029369002617039567,0.02737738221921238
2011-11-02,33.9,34.65,33.7,34.6,34.6,2882,-1.4628959637129126,-1.4015379727131172,-1.4533683043766203,-1.3715524439622633,-1.3715524439622633,-0.02315076228119707,-0.005032350826743269,0.0023174971031287776,0.006618663175503856,0.0066918824556300265,0.005132177786385284
2011-11-03,34.6,34.6,33.25,33.25,33.25,2882,-1.3778400536621067,-1.4075606848948177,-1.508569313449439,-1.5352878606841764,-1.5352878606841764,-0.052166476624857426,-0.04467748886654216,-0.034459394056722305,-0.034132171387073265,-0.0303860958824216,-0.032023289665211105
2011-11-04,34.5,34.55,33.85,33.9,33.9,2882,-1.3899908979550792,-1.4135833970765188,-1.4349679680190146,-1.4564522896699221,-1.4564522896699221,-0.021927293710328855,-0.027817608259248606,-0.015488867376573035,-0.015536518077537496,-0.010045555425768052,-0.012285728160054597
2011-11-07,34.0,34.1,33.65,33.9,33.9,2882,-1.45074511941994,-1.4677878067118244,-1.4595017498291563,-1.4564522896699221,-1.4564522896699221,-0.00906167787196712,-0.024741081703107203,-0.014439383661207568,-0.01467809911350102,-0.008540009358914413,-0.012237762237762287
2011-11-08,34.65,34.65,34.0,34.05,34.05,2882,-1.371764631515621,-1.4015379727131172,-1.4165676316614086,-1.4382594655897099,-1.4382594655897099,0.0032410135533293884,-0.01873198847262264,-0.011228341883651047,-0.009238379282752675,-0.005026006662381045,-0.0077225703045317685
2011-11-09,34.5,34.6,34.05,34.05,34.05,2882,-1.3899908979550792,-1.4075606848948177,-1.4104341862088736,-1.4382594655897099,-1.4382594655897099,0.006503103754064407,-0.01660649819494593,-0.011897852582704692,-0.008661474634253047,-0.006245622227410655,-0.0067094515752626595
2011-11-10,33.0,33.3,32.2,32.25,32.25,2882,-1.5722535623496623,-1.5641512016190358,-1.637371667952681,-1.65657335455226,-1.65657335455226,-0.04103479036574474,-0.06127201280745172,-0.06286323130569549,-0.05798159778004964,-0.05883382945193501,-0.056511775318152956
2011-11-11,32.8,32.9,32.35,32.8,32.8,2882,-1.5965552509356071,-1.612332899072641,-1.6189713315950751,-1.5898663329248144,-1.5898663329248144,-0.01825800658485503,-0.036286175995299146,-0.046049442559379615,-0.0403042937605149,-0.041776219690330116,-0.038264184137223274
2011-11-14,33.4,33.65,33.2,33.45,33.45,2882,-1.5236501851777737,-1.5219922163471309,-1.514702758901974,-1.5110307619105594,-1.5110307619105594,0.0039015606242497765,-0.009329187027987493,-0.024212368728121304,-0.019852025492637752,-0.021586521586521572,-0.017524965733307148
2011-11-15,33.35,33.6,33.1,33.3,33.3,2882,-1.5297256073242593,-1.5280149285288311,-1.5269696498070449,-1.5292235859907726,-1.5292235859907726,0.003919204100090306,-0.0075994635672776804,-0.026031003217315225,-0.02403282532239157,-0.02426160337552751,-0.02193068337575885
2011-11-16,33.4,33.65,32.4,32.4,32.4,2882,-1.5236501851777737,-1.5219922163471309,-1.61283788614254,-1.6383805304720476,-1.6383805304720476,-0.013398294762484707,-0.028048597570121354,-0.04789891272406707,-0.048597856408750584,-0.0483463549315632,-0.0478056426332288
2011-11-17,32.0,32.2,31.5,31.9,31.9,2882,-1.6937620052793845,-1.69665086961645,-1.7232399042881763,-1.6990232774060894,-1.6990232774060894,-0.026548672566371608,-0.03915662650602422,-0.056957035869136856,-0.06183368869936032,-0.06016145188851575,-0.06222439980401765
2011-11-18,31.1,31.85,31.1,31.4,31.4,2882,-1.8031196039161341,-1.7388098548883548,-1.772307467908459,-1.7596660243401312,-1.7596660243401312,-0.03354878424130512,-0.047040971168437154,-0.06324582338902161,-0.07401946328516656,-0.07210401891252949,-0.07483794932233351
2011-11-21,31.2,31.6,30.5,30.5,30.5,2882,-1.7909687596231623,-1.7689234157968583,-1.8459088133388835,-1.8688229688214064,-1.8688229688214064,-0.043887147335423156,-0.06470407850352651,-0.0797546012269938,-0.09455247142645082,-0.09447182471349669,-0.0978110826267008
2011-11-22,30.6,31.15,30.4,30.7,30.7,2882,-1.8638738253809952,-1.8231278254321648,-1.8581757042439542,-1.8445658700477898,-1.8445658700477898,-0.02166985340981527,-0.048799380325329184,-0.06487968321657019,-0.08324001493094432,-0.0855474800428928,-0.08820908820908828
2011-11-23,30.5,30.6,29.8,29.8,29.8,2882,-1.8760246696739675,-1.8893776594308718,-1.9317770496743782,-1.9537228145290648,-1.9537228145290648,-0.03434867141931287,-0.0643642072213501,-0.08335896647185474,-0.10342233922527257,-0.1082116351448407,-0.11084588990004475
2011-11-24,29.9,31.3,29.9,31.15,31.15,2882,-1.948929735431801,-1.8050596888870625,-1.9195101587693078,-1.789987397807152,-1.789987397807152,0.014327580592640759,-0.018588531821045993,-0.03768921841210995,-0.05741735380891144,-0.06579894433781197,-0.06745833749126845
2011-11-25,31.2,31.8,30.35,30.6,30.6,2882,-1.7909687596231623,-1.7448325670700557,-1.8643091496964892,-1.8566944194345978,-1.8566944194345978,0.0016366612111293195,-0.02918781725888319,-0.04821150855365466,-0.06643276637937595,-0.07936698959022799,-0.08085106382978713
2011-11-28,31.0,31.6,31.0,31.4,31.4,2882,-1.8152704482091064,-1.7689234157968583,-1.7845743588135299,-1.7596660243401312,-1.7596660243401312,0.02180279856817448,0.0027143541433817934,-0.018238665971860416,-0.03503380454824854,-0.051187526439838114,-0.05393190720096433
2011-11-29,31.75,32.05,31.5,31.5,31.5,2882,-1.724139116011815,-1.7147190061615527,-1.7232399042881763,-1.7475374749533228,-1.7475374749533228,0.019747491097442636,0.011723141159466903,-0.009849119865884302,-0.02612459421858089,-0.04452802717786955,-0.04905660377358491
2011-11-30,31.05,31.15,30.25,30.5,30.5,2882,-1.8091950260626204,-1.8231278254321648,-1.8765760406015601,-1.8688229688214064,-1.8688229688214064,-0.01708024492426665,-0.014380352237841341,-0.03409690699883874,-0.051026757934038595,-0.0700085376265398,-0.0762707586694262
2011-12-01,32.6,32.6,32.15,32.6,32.6,2882,-1.620856939521551,-1.6484691721628448,-1.643505113405217,-1.6141234316984305,-1.6141234316984305,0.04086845466155815,0.05110430436885393,0.03164556962025316,0.015339095226971881,-0.0031190752859151356,-0.012320743284185
2011-12-02,32.6,32.6,31.65,32.1,32.1,2882,-1.620856939521551,-1.6484691721628448,-1.7048395679305703,-1.6747661786324723,-1.6747661786324723,0.015180265654648856,0.032652404696799114,0.01732516374392575,0.0025767158585149725,-0.013703680943894733,-0.02633840554067031
2011-12-05,32.3,32.4,31.65,31.9,31.9,2882,-1.6573094724004682,-1.6725600208896478,-1.7048395679305703,-1.6990232774060894,-1.6990232774060894,0.005674653215636813,0.021617293835067962,0.014308426073131934,-0.0005482885564345044,-0.014702248579194438,-0.029362543739540437
2011-12-06,31.5,31.7,31.25,31.3,31.3,2882,-1.7545162267442453,-1.7568779914334571,-1.753907131550853,-1.7717945737269394,-1.7717945737269394,-0.011994949494949463,0.00047946300143829356,-0.0005321979776476547,-0.01510383889238516,-0.028312430150254426,-0.04437207408915133
2011-12-07,31.8,31.9,31.5,31.85,31.85,2882,-1.7180636938653286,-1.7327871427066546,-1.7232399042881763,-1.7050875520994933,-1.7050875520994933,-0.003129890453834049,0.011432200698634582,0.018222506393862015,0.005683612251342067,-0.00784997819450509,-0.024651661307609853
2011-12-08,31.4,31.6,30.9,31.3,31.3,2882,-1.7666670710372179,-1.7689234157968583,-1.7968412497186008,-1.7717945737269394,-1.7717945737269394,-0.012306721363206187,-0.006506903666084807,0.0019206145966710075,-0.010198434658866362,-0.022608043967024736,-0.037909836065573695
2011-12-09,30.5,31.45,30.2,31.25,31.25,2882,-1.8760246696739675,-1.7869915523419606,-1.8827094860540956,-1.7778588484203437,-1.7778588484203437,-0.008565989847715722,-0.010136205258156486,0.000640409862311866,-0.00935171976541443,-0.020928629613384167,-0.03474903474903475
2011-12-12,31.6,31.7,31.05,31.2,31.2,2882,-1.742365382451273,-1.7568779914334571,-1.7784409133609944,-1.783923123113748,-1.783923123113748,-0.005736137667304119,-0.011093502377179126,-0.0024512416071618176,-0.00739680267239339,-0.019176359635334782,-0.03135672151505748
2011-12-13,31.0,31.0,30.45,30.6,30.6,2882,-1.8152704482091064,-1.8411959619772666,-1.852042258791419,-1.8566944194345978,-1.8566944194345978,-0.02048655569782321,-0.027336300063572773,-0.02142628717620717,-0.022286125089863232,-0.03384693104319259,-0.045241809672386765
2011-12-14,30.6,30.85,30.4,30.6,30.6,2882,-1.8638738253809952,-1.8592640985223685,-1.8581757042439542,-1.8566944194345978,-1.8566944194345978,-0.012584704743465652,-0.027645376549094516,-0.02309247632223048,-0.019466474405191,-0.029618824126339854,-0.04125326370757179
2011-12-15,30.15,30.15,29.7,29.8,29.8,2882,-1.9185526246993705,-1.9435820690661783,-1.9440439405794492,-1.9537228145290648,-1.9537228145290648,-0.028999674160964387,-0.04456556588650199,-0.04589114194236927,-0.0418776625673178,-0.052042244560376615,-0.06294219380535618
2011-12-16,29.7,30.1,29.4,29.8,29.8,2882,-1.9732314240177453,-1.9496047812478787,-1.9808446132946613,-1.9537228145290648,-1.9537228145290648,-0.019736842105263087,-0.037467700258397824,-0.044259140474663214,-0.03940688210170038,-0.048409758589858166,-0.05889783672824881
2011-12-19,29.5,29.5,28.3,28.3,28.3,2882,-1.9975331126036897,-2.021877327428287,-2.1157804132504388,-2.1356510553311905,-2.1356510553311905,-0.05097250167672713,-0.07516339869281048,-0.08631080499354289,-0.08451273756570968,-0.09032465445194467,-0.10096892042145385
2011-12-20,28.55,28.65,28.0,28.0,28.0,2882,-2.1129661333869256,-2.1242634345171987,-2.152581085965651,-2.1720367034916155,-2.1720367034916155,-0.04436860068259388,-0.07499174099768746,-0.0891346779440469,-0.09024449679148717,-0.09379247847757145,-0.10476393477565803
2011-12-21,29.95,29.95,29.95,29.95,29.95,2882,-1.9428543132853149,-1.967672917792981,-1.9133767133167723,-1.9355299904488525,-1.9355299904488525,0.02673980116558112,-0.004321808510638383,-0.024535881011833693,-0.02712359915543298,-0.02759740259740264,-0.03821451509312785
2011-12-22,30.5,31.95,30.45,31.15,31.15,2882,-1.8760246696739675,-1.7267644305249539,-1.852042258791419,-1.789987397807152,-1.789987397807152,0.05808423913043482,0.03608847497089618,0.01775212372032224,0.011856423582913823,0.012349691257718525,0.0015003750937733352
2011-12-23,33.0,33.3,32.25,33.3,33.3,2882,-1.5722535623496623,-1.5641512016190358,-1.631238222500146,-1.5292235859907726,-1.5292235859907726,0.10484406104844063,0.10009910802775017,0.08516185096676081,0.07697283311772288,0.07955650651624176,0.07005141388174795
2011-12-26,33.5,33.8,33.25,33.3,33.3,2882,-1.5114993408848012,-1.503924079802029,-1.508569313449439,-1.5292235859907726,-1.5292235859907726,0.06936416184971099,0.09251968503936997,0.08187134502923976,0.07367402869579237,0.07565088183991198,0.07022336493652563
2011-12-27,33.05,33.2,32.7,33.05,33.05,2882,-1.5661781402031765,-1.5761966259824365,-1.5760372134273275,-1.5595449594577935,-1.5595449594577935,0.027993779160186583,0.07567127746135055,0.06969468119538243,0.06295730481627414,0.06434368156640466,0.062473210458636894
2011-12-28,33.1,33.25,32.75,32.85,32.85,2882,-1.56010271805669,-1.570173913800736,-1.5699037679747925,-1.5838020582314096,-1.5838020582314096,0.0036663611365718735,0.06138933764135722,0.060932285498977404,0.05254726049343173,0.053762751010457493,0.055534729288277254
2011-12-29,32.75,32.95,32.4,32.75,32.75,2882,-1.6026306730820927,-1.6063101868909397,-1.61283788614254,-1.5959306076182183,-1.5959306076182183,-0.009077155824508236,0.048167706833093384,0.05441081777205413,0.04909105469688472,0.048402586593251945,0.05136436597110759
2011-12-30,33.35,33.6,32.7,32.7,32.7,2882,-1.5297256073242593,-1.5280149285288311,-1.5760372134273275,-1.6019948823116221,-1.6019948823116221,-0.006984512602489821,0.036943079118439796,0.04953461003530543,0.04648371869749581,0.04399463635783155,0.04830091899978631
2012-01-02,32.85,32.85,31.3,31.7,31.7,2882,-1.5904798287891204,-1.6183556112543414,-1.7477736860983177,-1.7232803761797062,-1.7232803761797062,-0.027905550444648885,-0.005490196078431395,0.016351394677781277,0.014805922368947533,0.011680602540371586,0.014941302027748078
2012-01-03,32.0,33.0,32.0,32.65,32.65,2882,-1.6937620052793845,-1.6002874747092395,-1.6619054497628227,-1.6080591570050267,-1.6080591570050267,0.003688902551491072,0.009585652442795372,0.04224303043200684,0.04296438268647177,0.04047163798597832,0.0431865381543212
2012-01-04,32.8,33.1,32.35,32.55,32.55,2882,-1.5965552509356071,-1.5882420503458379,-1.6189713315950751,-1.6201877063918353,-1.6201877063918353,0.00246381275023093,-0.0015337423312884743,0.03475680830772493,0.038608806636885803,0.03458139978386617,0.03695444409047456
2012-01-05,32.6,32.9,32.4,32.9,32.9,2882,-1.620856939521551,-1.612332899072641,-1.61283788614254,-1.5777377835380058,-1.5777377835380058,0.012307692307692264,0.003813882532418219,0.039056742815033095,0.047103755569700846,0.045307237720022826,0.046160368858975086
2012-01-06,32.9,32.9,32.25,32.3,32.3,2882,-1.5844044066426346,-1.612332899072641,-1.631238222500146,-1.6505090798588562,-1.6505090798588562,-0.003701418877236414,-0.011476664116296864,0.014765944077913883,0.026292795297481717,0.025983101454799384,0.025234089827011412
2012-01-09,32.2,32.3,31.6,31.7,31.7,2882,-1.6694603166934396,-1.6846054452530492,-1.7109730133831054,-1.7232803761797062,-1.7232803761797062,-0.022208513263417717,-0.02506535445179152,-0.011126130810023883,0.006429081673148794,0.007180529961237818,0.005870220529906467
2012-01-10,31.95,32.35,31.95,32.25,32.25,2882,-1.6998374274258705,-1.678582733071348,-1.6680388952153582,-1.65657335455226,-1.65657335455226,-0.0027829313543598117,-0.00570371512255265,-0.0027829313543598117,0.021215959468017673,0.02341964965727352,0.022511097019657606
2012-01-11,32.4,32.5,31.9,32.2,32.2,2882,-1.6451586281074957,-1.6605145965262462,-1.6741723406678937,-1.662637629245664,-1.662637629245664,-0.0021691973969629125,-0.005251776336113737,-0.008925823330255437,0.017056222362602624,0.02137917909027479,0.019094841227977697
2012-01-12,32.3,32.3,31.8,32.1,32.1,2882,-1.6573094724004682,-1.6846054452530492,-1.6864392315729642,-1.6747661786324723,-1.6747661786324723,-0.00031142946122697014,-0.006345766909147138,-0.013925865246774301,0.0102281667977971,0.017174725901514608,0.01646611779607345
2012-01-13,32.5,32.7,32.35,32.5,32.5,2882,-1.6330077838145234,-1.6364237477994432,-1.6189713315950751,-1.6262519810852392,-1.6262519810852392,0.010886469673405955,0.00665943936812772,0.0,0.0184895017235975,0.02822070361933686,0.02869803756066668
2012-01-16,33.1,33.15,32.0,32.3,32.3,2882,-1.56010271805669,-1.5822193381641376,-1.6619054497628227,-1.6505090798588562,-1.6505090798588562,0.0009296560272699455,-0.0013912505796877942,-0.004110996916752299,0.005917159763313539,0.02047263995956021,0.02193630035857397
2012-01-17,32.7,32.9,32.15,32.9,32.9,2882,-1.6087060952285785,-1.612332899072641,-1.643505113405217,-1.5777377835380058,-1.5777377835380058,0.0154320987654321,0.01637318504788388,0.014701346766731776,0.01684438263019609,0.036416330645161255,0.03916614024005049
2012-01-18,32.9,32.9,31.9,32.15,32.15,2882,-1.5844044066426346,-1.612332899072641,-1.6741723406678937,-1.6687019039390685,-1.6687019039390685,-0.007409694350108119,-0.005567584287039892,-0.007000926593225789,-0.009702756815031504,0.010815569389423418,0.015156299336911918
2012-01-30,33.0,33.3,32.5,32.6,32.6,2882,-1.5722535623496623,-1.5641512016190358,-1.6005709952374692,-1.6141234316984305,-1.6141234316984305,0.0033856571252695155,0.00928792569659456,0.0072090628218331905,0.001920860545524395,0.021367253587317683,0.02795879756148845
2012-01-31,32.9,33.85,32.85,33.75,33.75,2882,-1.5844044066426346,-1.4979013676203279,-1.5576368770697215,-1.4746451137501346,-1.4746451137501346,0.030849114233353857,0.040221914008321764,0.040489158359881,0.036547911547911704,0.05218855218855217,0.06143201593458433
2012-02-01,33.75,34.35,33.5,33.7,33.7,2882,-1.4811222301523708,-1.437674245803321,-1.4779020861867622,-1.4807093884435385,-1.4807093884435385,0.020593579648697968,0.03231735334660743,0.03469450414491872,0.03437691835481905,0.043602130558652336,0.05708908406524479
2012-02-02,34.2,34.3,33.75,34.2,34.2,2882,-1.4264434308339955,-1.4436969579850223,-1.4472348589240853,-1.4200666415094965,-1.4200666415094965,0.02764423076923104,0.041412911084043824,0.0467251581309938,0.04787437763309076,0.051014136447449634,0.06875000000000009
2012-02-03,34.25,34.4,33.9,33.9,33.9,2882,-1.4203680086875097,-1.4316515336216207,-1.4288345225664796,-1.4564522896699221,-1.4564522896699221,0.008028545941123878,0.026961526810057358,0.03469325465459344,0.03701437748546937,0.03676065814422895,0.05574587355963872
2012-02-04,34.6,35.7,34.45,34.95,34.95,2882,-1.3778400536621067,-1.2750610168974026,-1.36136662258859,-1.3291025211084337,-1.3291025211084337,0.024926686217008626,0.049707163237723416,0.06231003039513691,0.06554878048780506,0.06392694063926944,0.08265785533584603
2012-02-06,34.75,34.85,34.15,34.3,34.3,2882,-1.3596137872226486,-1.3774471239863142,-1.3981672953038027,-1.407938092122689,-1.407938092122689,0.002630809704764789,0.024645257654966266,0.03834510595358221,0.04318734793187331,0.04287017330495581,0.05760830464052621
2012-02-07,34.3,34.8,34.15,34.2,34.2,2882,-1.4142925865410239,-1.3834698361680153,-1.3981672953038027,-1.4200666415094965,-1.4200666415094965,-0.0032060623724861387,0.015891875835437507,0.03012048192771084,0.03620663535827905,0.038692826337848533,0.04816876947438316
2012-02-08,34.5,35.2,34.5,35.15,35.15,2882,-1.3899908979550792,-1.3352881387144093,-1.355233177136055,-1.3048454223348176,-1.3048454223348176,0.018840579710144887,0.03717910888167595,0.052605310441205644,0.06097192876546947,0.06482883974553168,0.06947261663286021
2012-02-09,35.1,35.95,34.95,35.8,35.8,2882,-1.3170858321972456,-1.244947455988899,-1.3000321680632365,-1.2260098513205635,-1.2260098513205635,0.026376146788990668,0.045102904685447434,0.06442021803766099,0.07531726364796855,0.08065684617242203,0.08282502394515288
2012-02-10,36.0,37.0,35.9,35.95,35.95,2882,-1.207728233560496,-1.1184705001731852,-1.1834967044650655,-1.2078170272403501,-1.2078170272403501,0.024800456100342205,0.039317721884937824,0.060784892298613225,0.07489908805501577,0.08100793841712782,0.08212511914914983
2012-02-13,35.35,35.6,35.05,35.15,35.15,2882,-1.2867087214648152,-1.287106441260804,-1.2877652771581667,-1.3048454223348176,-1.3048454223348176,-0.002836879432624154,0.012093291102792817,0.031800391389432345,0.04652028284331969,0.05384661509863883,0.05608412618928394
2012-02-14,35.15,35.2,34.6,34.95,34.95,2882,-1.31101041005076,-1.3352881387144093,-1.3429662862309844,-1.3291025211084337,-1.3291025211084337,-0.01271186440677954,0.0027255773920527573,0.020636620266718697,0.03555555555555564,0.04378210488591569,0.048342748587711995
2012-02-15,35.0,35.45,34.6,35.4,35.4,2882,-1.3292366764902181,-1.3051745778059058,-1.3429662862309844,-1.2745240488677967,-1.2745240488677967,-0.0014104372355431384,0.012151536812008496,0.02877070619006109,0.0440168104401681,0.05375959992855881,0.059351620947630954
2012-02-16,35.0,35.15,34.55,34.7,34.7,2882,-1.3292366764902181,-1.3413108508961105,-1.34909973168352,-1.3594238945754546,-1.3594238945754546,-0.015043996593812123,-0.010126943374696816,0.0034702139965297114,0.01961360464262114,0.030285035629453776,0.03649126300592436
2012-02-17,35.1,35.35,34.6,34.6,34.6,2882,-1.3170858321972456,-1.3172200021693075,-1.3429662862309844,-1.3715524439622633,-1.3715524439622633,-0.010297482837528387,-0.011993146773272463,-0.0032648357979643793,0.01295469516211674,0.02524594050017769,0.031604054859868884
2012-02-20,35.2,35.2,34.45,34.5,34.5,2882,-1.3049349879042733,-1.3352881387144093,-1.36136662258859,-1.383680993349072,-1.383680993349072,-0.009474590869939658,-0.015410958904109765,-0.0075750311631029455,0.007078741881339844,0.01962406903889353,0.026785714285714243
2012-02-21,34.5,34.5,33.8,34.3,34.3,2882,-1.3899908979550792,-1.419606109258219,-1.4411014134715505,-1.407938092122689,-1.407938092122689,-0.011527377521613995,-0.02139800285306705,-0.01446221626280999,-0.0016735792767228275,0.010606953447259855,0.018207005739164745
2012-02-22,34.0,34.85,33.9,34.4,34.4,2882,-1.45074511941994,-1.3774471239863142,-1.4288345225664796,-1.3958095427358803,-1.3958095427358803,-0.0028985507246377224,-0.016440314510364627,-0.011967448539971413,-0.0009438756988310133,0.010991594662904907,0.019410283004889648
2012-02-23,34.35,34.35,33.95,33.95,33.95,2882,-1.4082171643945374,-1.437674245803321,-1.4227010771139437,-1.4503880149765174,-1.4503880149765174,-0.011644832605531254,-0.024144869215291843,-0.024985640436530655,-0.01658338764573823,-0.004282027217268703,0.0046855733662147046
2012-02-24,34.25,34.4,33.95,34.0,34.0,2882,-1.4203680086875097,-1.4316515336216207,-1.4227010771139437,-1.4443237402831137,-1.4443237402831137,-0.00671925211802524,-0.017199017199017168,-0.021770403759470633,-0.017127990171279934,-0.005033360646142955,0.0050746415726462095
2012-02-29,34.35,34.75,34.2,34.6,34.6,2882,-1.4082171643945374,-1.3894925483497158,-1.392033849851267,-1.3715524439622633,-1.3715524439622633,0.010218978102189823,0.0017371163867977752,-0.005080034505894632,-0.0010105384726433865,0.010042036431574065,0.020498451555817733
2012-03-01,34.6,34.6,34.1,34.1,34.1,2882,-1.3778400536621067,-1.4075606848948177,-1.4043007407563377,-1.432195190896305,-1.432195190896305,-0.0032154340836012697,-0.010303294151792102,-0.019269485188380835,-0.01601500504977636,-0.006641808436261987,0.00338384581432991
2012-03-02,34.55,34.75,34.1,34.1,34.1,2882,-1.3839154758085934,-1.3894925483497158,-1.4043007407563377,-1.432195190896305,-1.432195190896305,-0.0014641288433383383,-0.006554989075018249,-0.01729106628242079,-0.015873015873015792,-0.00802885734233175,0.001566477383982805
2012-03-03,34.0,34.1,33.9,33.9,33.9,2882,-1.45074511941994,-1.4677878067118244,-1.4288345225664796,-1.4564522896699221,-1.4564522896699221,-0.007029876977152958,-0.010074463425317532,-0.01947551099113013,-0.021645021645021648,-0.01585089705626216,-0.005962271527709896
2012-03-05,33.9,33.9,33.1,33.1,33.1,2882,-1.4628959637129126,-1.4918786554386274,-1.5269696498070449,-1.5534806847643887,-1.5534806847643887,-0.025323910482921066,-0.029183164686904163,-0.03732428502181284,-0.04217608333936182,-0.039633261765217885,-0.030368128112488874
2012-03-06,33.0,33.4,32.6,32.95,32.95,2882,-1.5722535623496623,-1.5521057772556341,-1.5883041043323984,-1.5716735088446012,-1.5716735088446012,-0.020220041629497462,-0.029169121979964494,-0.03758154025898166,-0.044650623369092264,-0.04309693907184744,-0.03518617929822832
2012-03-07,32.5,32.85,32.5,32.6,32.6,2882,-1.6330077838145234,-1.6183556112543414,-1.6005709952374692,-1.6141234316984305,-1.6141234316984305,-0.021902190219022018,-0.034646135623334365,-0.04342723004694847,-0.052600988084859114,-0.05205001453911018,-0.04571400692784292
2012-03-08,32.85,33.45,32.55,33.05,33.05,2882,-1.5904798287891204,-1.546083065073933,-1.5944375497849343,-1.5595449594577935,-1.5595449594577935,-0.002113526570048318,-0.017392596997175797,-0.025744325439717056,-0.03658358839819276,-0.037677614721639996,-0.03268292682926831
2012-03-09,33.05,33.25,32.7,33.0,33.0,2882,-1.5661781402031765,-1.570173913800736,-1.5760372134273275,-1.5656092341511973,-1.5656092341511973,0.0018214936247723825,-0.01610017889087654,-0.02395740905057661,-0.03409922435240741,-0.038125218607904854,-0.03494662962421428
2012-03-12,33.1,33.2,32.65,32.65,32.65,2882,-1.56010271805669,-1.5761966259824365,-1.5821706588798634,-1.6080591570050267,-1.6080591570050267,-0.006088280060882887,-0.022601406975003818,-0.030581947743467966,-0.039705882352941216,-0.0457680617255086,-0.045228579783604846
2012-03-13,33.5,34.9,33.5,34.9,34.9,2882,-1.5114993408848012,-1.371424411804614,-1.4779020861867622,-1.3351667958018385,-1.3351667958018385,0.0499398315282793,0.043816360101689954,0.035403481012658285,0.02684810592129464,0.019275700934579337,0.019424565503140038
2012-03-14,35.2,35.4,34.25,34.25,34.25,2882,-1.3049349879042733,-1.3111972899876072,-1.385900404398732,-1.4140023668160928,-1.4140023668160928,0.02025618111409017,0.023916292974588853,0.016219958461081995,0.008762241366615107,0.00023363121312994467,-9.731413001158919e-05
2012-03-15,34.55,35.0,34.3,34.35,34.35,2882,-1.3839154758085934,-1.3593789874412123,-1.379766958946197,-1.4018738174292842,-1.4018738174292842,0.01537097250960695,0.026138909634055265,0.01928783382789313,0.013274336283185926,0.004092370651856199,0.0026757479931890605
2012-03-16,34.7,34.85,34.4,34.55,34.55,2882,-1.3656892093691344,-1.3774471239863142,-1.367500068041126,-1.377616718655668,-1.377616718655668,0.01200937316930277,0.030113297555157743,0.02400711321873133,0.019399572176735234,0.01141686182669791,0.007876312718786556
2012-03-19,35.1,35.3,34.6,35.2,35.2,2882,-1.3170858321972456,-1.3232427143510086,-1.3429662862309844,-1.2987811476414128,-1.2987811476414128,0.015873015873015997,0.04296296296296305,0.040804257835600315,0.037659370624217064,0.03135071784353941,0.026588246731152544
2012-03-20,35.15,35.15,34.1,34.2,34.2,2882,-1.31101041005076,-1.3413108508961105,-1.4043007407563377,-1.4200666415094965,-1.4200666415094965,-0.008982903506230143,0.009594095940959493,0.01203393174196114,0.008626410086264219,0.0031678986272440485,-0.0024792183170480897
2012-03-21,34.2,34.45,33.8,33.8,33.8,2882,-1.4264434308339955,-1.4256288214399195,-1.4411014134715505,-1.4685808390567308,-1.4685808390567308,-0.01801278326554342,-0.005736137667304024,0.0007895775759967547,-0.0024348852652550175,-0.007225518416260419,-0.01376258328064984
2012-03-22,34.1,34.85,34.0,34.3,34.3,2882,-1.4385942751269678,-1.3774471239863142,-1.4165676316614086,-1.407938092122689,-1.407938092122689,-0.003196745132228987,0.005275498241500578,0.015193370165745707,0.012471404324403875,0.008764190341744447,0.0016548233232745507
2012-03-23,34.8,34.85,34.4,34.6,34.6,2882,-1.3535383650761628,-1.3774471239863142,-1.367500068041126,-1.3715524439622633,-1.3715524439622633,0.005229517722254494,0.009334889148191373,0.02266009852216746,0.020347979946918244,0.017706923936702063,0.0115973102036839
2012-03-26,34.7,34.7,33.6,33.6,33.6,2882,-1.3656892093691344,-1.395515260531416,-1.4656351952816913,-1.492837937830347,-1.492837937830347,-0.014662756598240468,-0.022545454545454504,-0.007874015748031468,-0.008557096488639691,-0.010542434772365775,-0.015384615384615344
2012-03-27,33.9,34.0,33.65,34.0,34.0,2882,-1.4628959637129126,-1.479833231075226,-1.4595017498291563,-1.4443237402831137,-1.4443237402831137,-0.0017615971814445763,-0.008312673180691371,0.0018662213927904698,0.0041346721795629225,0.0018268607460664955,-0.002542538627029122
2012-03-28,34.5,34.6,33.85,33.85,33.85,2882,-1.3899908979550792,-1.4075606848948177,-1.4349679680190146,-1.462516564363326,-1.462516564363326,-0.006457293806868179,-0.011534530588407156,-0.00499706055261595,7.386069872235267e-05,-0.002063679245283027,-0.005873715124816322
2012-03-29,34.0,34.15,33.1,33.3,33.3,2882,-1.45074511941994,-1.4617650945301242,-1.5269696498070449,-1.5292235859907726,-1.5292235859907726,-0.016829052258636176,-0.02460456942003525,-0.021643325825090733,-0.015011461953708713,-0.017003188097768553,-0.020011771630371003
2012-03-30,33.15,33.6,32.95,33.6,33.6,2882,-1.5540272959102042,-1.5280149285288311,-1.5453699861646508,-1.492837937830347,-1.492837937830347,-0.0020790020790020874,-0.01307093552650904,-0.013988066125403499,-0.005696530295183708,-0.0077372866339848025,-0.010114897377982924
2012-04-02,33.15,33.7,33.05,33.1,33.1,2882,-1.5540272959102042,-1.5159695041654297,-1.5331030952595808,-1.5534806847643887,-1.5534806847643887,-0.014000595770032733,-0.02172306782917096,-0.029515246286161093,-0.020492712880077014,-0.021462780109974548,-0.02340676632572766
2012-04-03,33.5,33.5,32.6,32.65,32.65,2882,-1.5114993408848012,-1.5400603528922328,-1.5883041043323984,-1.6080591570050267,-1.6080591570050267,-0.01951951951951948,-0.030581947743467966,-0.038480416216746985,-0.033380208718821636,-0.03253526134882064,-0.034927828957091435
2012-04-05,32.05,32.1,31.7,32.0,32.0,2882,-1.6876865831328987,-1.7086962939798516,-1.698706122478035,-1.686894728019281,-1.686894728019281,-0.028241724870938345,-0.04477611940298507,-0.053441135870636904,-0.05178161345284822,-0.049429657794676646,-0.05199229743741675
2012-04-06,32.05,32.1,31.7,32.0,32.0,2882,-1.6876865831328987,-1.7086962939798516,-1.698706122478035,-1.686894728019281,-1.686894728019281,-0.020508111417202376,-0.038172527802825255,-0.04903417533432388,-0.05030419943611813,-0.04705181655747464,-0.049740163325909345
2012-04-09,31.5,31.75,31.25,31.3,31.3,2882,-1.7545162267442453,-1.7508552792517564,-1.753907131550853,-1.7717945737269394,-1.7717945737269394,-0.02825209562247728,-0.04978749241044335,-0.06380857427716838,-0.06872954477833974,-0.06500179232883255,-0.06808257244938463
2012-04-10,31.5,32.0,31.5,31.5,31.5,2882,-1.7545162267442453,-1.720741718343253,-1.7232399042881763,-1.7475374749533228,-1.7475374749533228,-0.01222953904045146,-0.03758020164986263,-0.0508236239453596,-0.061172788912897756,-0.05722494912007679,-0.059795045269127566
2012-04-11,31.3,31.35,31.1,31.15,31.15,2882,-1.7788179153301897,-1.7990369767053618,-1.772307467908459,-1.789987397807152,-1.789987397807152,-0.013928458372902746,-0.03991370010787492,-0.05558362809499754,-0.0663869324142064,-0.06568686262747464,-0.0670393850147258
2012-04-12,31.45,31.45,31.1,31.35,31.35,2882,-1.7605916488907316,-1.7869915523419606,-1.772307467908459,-1.765730299033535,-1.765730299033535,-0.003496503496503366,-0.02624631153905904,-0.04478976234003653,-0.05629139072847675,-0.058275758486031774,-0.05846431074181596
2012-04-13,31.6,32.15,31.6,31.95,31.95,2882,-1.742365382451273,-1.702673581798151,-1.7109730133831054,-1.6929590027126853,-1.6929590027126853,0.01589825119236884,-0.003431066749844135,-0.021838963159506113,-0.034743202416918494,-0.038982133188955145,-0.03837471783295717
2012-04-16,31.6,31.6,31.4,31.55,31.55,2882,-1.742365382451273,-1.7689234157968583,-1.7355067951932472,-1.7414732002599185,-1.7414732002599185,0.0015873015873016099,-0.009574635065138901,-0.028034504004929146,-0.04248861911987867,-0.049355188622393686,-0.04816975060337895
2012-04-17,31.6,31.7,31.1,31.1,31.1,2882,-1.742365382451273,-1.7568779914334571,-1.772307467908459,-1.796051672500556,-1.796051672500556,-0.01018459579885413,-0.017532775232980562,-0.03695293146160182,-0.05023667735532151,-0.06116041779870805,-0.05985489721886347
2012-04-18,31.5,31.5,31.0,31.0,31.0,2882,-1.7545162267442453,-1.78096884016026,-1.7845743588135299,-1.8081802218873646,-1.8081802218873646,-0.012424338961452822,-0.015560495395363558,-0.034067303697548824,-0.04864201319625597,-0.05975128905065208,-0.06103286384976527
2012-04-19,31.0,31.45,30.9,31.2,31.2,2882,-1.8152704482091064,-1.7869915523419606,-1.7968412497186008,-1.783923123113748,-1.783923123113748,-0.005102040816326648,-0.006685768863419433,-0.022454308093994835,-0.0386689262055153,-0.05017048222113979,-0.053637328749810455
2012-04-20,31.2,31.2,30.6,30.95,30.95,2882,-1.7909687596231623,-1.817105113250464,-1.8336419224338125,-1.814244496580769,-1.814244496580769,-0.006739409499358292,-0.011340041526912648,-0.025503778337531556,-0.041424699961285394,-0.053864025434091585,-0.0592228583008258
2012-04-23,30.75,30.9,30.6,30.75,30.75,2882,-1.845647558941537,-1.853241386340668,-1.8336419224338125,-1.8385015953543855,-1.8385015953543855,-0.008064516129032258,-0.016,-0.025974025974025983,-0.041906839071506434,-0.055589680589680654,-0.06316644663349257
2012-04-24,30.75,30.95,30.55,30.7,30.7,2882,-1.845647558941537,-1.8472186741589673,-1.839775367886348,-1.8445658700477898,-1.8445658700477898,-0.007115135834411348,-0.015078601219120915,-0.022604266157274892,-0.03912363067292645,-0.05188387893761591,-0.06283388450775884
2012-04-25,30.95,31.45,30.8,31.15,31.15,2882,-1.8213458703555927,-1.7869915523419606,-1.809108140623671,-1.789987397807152,-1.789987397807152,0.0064620355411954536,-0.0006416426050689629,-0.005110188438198663,-0.020671225339935734,-0.03434806869613752,-0.045454545454545484
2012-04-26,31.2,31.25,30.6,30.8,30.8,2882,-1.7909687596231623,-1.8110824010687632,-1.8336419224338125,-1.8324373206609812,-1.8324373206609812,-0.002267573696145019,-0.01012373453318328,-0.013768812039705402,-0.027009951034591705,-0.041632957869189254,-0.05284198657167742
2012-04-27,30.85,30.95,30.45,30.95,30.95,2882,-1.8334967146485646,-1.8472186741589673,-1.852042258791419,-1.814244496580769,-1.814244496580769,0.002591512795594488,-0.002095760116072795,-0.006739409499358179,-0.018628616726119766,-0.03293338332708407,-0.04490047832124678
2012-04-30,30.75,30.95,30.55,30.9,30.9,2882,-1.845647558941537,-1.8472186741589673,-1.839775367886348,-1.820308771274173,-1.820308771274173,0.0,-0.0016155088852988922,-0.007494646680942215,-0.016001910675901752,-0.030010045203415357,-0.04284976768198243
2012-05-02,31.15,31.9,31.15,31.7,31.7,2882,-1.7970441817696483,-1.7327871427066546,-1.766174022455924,-1.7232803761797062,-1.7232803761797062,0.01929260450160765,0.02225088681070615,0.01776541095890415,0.011729035346684744,-0.002517306482064249,-0.014507772020725338
2012-05-03,31.8,31.9,31.55,31.8,31.8,2882,-1.7180636938653286,-1.7327871427066546,-1.7171064588356408,-1.7111518267928976,-1.7111518267928976,0.01825168107588858,0.022836925056288107,0.019557550496954134,0.016299137104506166,0.003407800075728795,-0.00893413671306873
2012-05-04,31.8,32.15,31.4,31.65,31.65,2882,-1.7180636938653286,-1.702673581798151,-1.7355067951932472,-1.7293446508731103,-1.7293446508731103,0.007961783439490446,0.01654087040308325,0.014098045498237786,0.012071308657766336,0.001455511960511308,-0.011400905825394408
2012-05-07,31.1,31.3,30.6,30.8,30.8,2882,-1.8031196039161341,-1.8050596888870625,-1.8336419224338125,-1.8324373206609812,-1.8324373206609812,-0.018170226330889282,-0.010282776349614291,-0.010706638115631655,-0.013215859030836937,-0.022346368715083706,-0.03443231098803477
2012-05-08,31.5,31.5,31.0,31.1,31.1,2882,-1.7545162267442453,-1.78096884016026,-1.7845743588135299,-1.796051672500556,-1.796051672500556,-0.009869468322190232,-0.0017653667148127947,-0.0001071696495551485,-0.0032849931896481244,-0.009680295503757435,-0.021448424143898307
2012-05-09,30.6,30.8,30.4,30.4,30.4,2882,-1.8638738253809952,-1.8652868107040692,-1.8581757042439542,-1.880951518208215,-1.880951518208215,-0.024077046548956663,-0.023293172690763097,-0.02114414511108736,-0.023998715787783894,-0.02862985685071577,-0.04025256511444363
2012-05-10,30.4,30.65,30.2,30.2,30.2,2882,-1.8881755139669398,-1.8833549472491715,-1.8827094860540956,-1.9052086169818316,-1.9052086169818316,-0.02043464158287368,-0.02674830808894624,-0.025911192344909188,-0.028938906752411644,-0.031989230078851245,-0.04273865497384974
2012-05-11,30.2,30.4,29.75,29.9,29.9,2882,-1.9124772025528842,-1.913468508157675,-1.9379104951269137,-1.9415942651422569,-1.9415942651422569,-0.019028871391076174,-0.03361344537815124,-0.03288409703504051,-0.03633873177020378,-0.03901780548949033,-0.0482758620689656
2012-05-14,30.0,30.05,29.75,29.85,29.85,2882,-1.9367788911388286,-1.9556274934295794,-1.9379104951269137,-1.9476585398356605,-1.9476585398356605,-0.014526246285902863,-0.03178722024002596,-0.03220577110126431,-0.034683482900800436,-0.03796570839241977,-0.046376657259996734
2012-05-15,29.6,29.7,29.4,29.6,29.6,2882,-1.9853822683107172,-1.9977864787014843,-1.9808446132946613,-1.9779799133026814,-1.9779799133026814,-0.013004334778259321,-0.035830618892508076,-0.03791982665222094,-0.03974047039740464,-0.04392764857881135,-0.05031816480402123
2012-05-16,29.6,29.75,28.8,28.85,28.85,2882,-1.9853822683107172,-1.9917637665197836,-2.0544459587250854,-2.0689440337037444,-2.0689440337037444,-0.027964959568733096,-0.05145487423968429,-0.05852278907864667,-0.060643060643060555,-0.06495105983016781,-0.07015470562956594
2012-05-17,29.2,29.3,29.0,29.15,29.15,2882,-2.0339856454826064,-2.0459681761550894,-2.029912176914944,-2.0325583855433194,-2.0325583855433194,-0.010858500169664075,-0.03316749585406302,-0.044575549000327855,-0.04800783801436966,-0.05277182036784306,-0.05693950177935959
2012-05-18,28.8,28.95,28.5,28.75,28.75,2882,-2.082589022654495,-2.0881271614269945,-2.0912466314402973,-2.081072583090553,-2.081072583090553,-0.01675786593707245,-0.03717347622237116,-0.053446005267778804,-0.05729977867038289,-0.06260189109879366,-0.06660894973215743
2012-05-21,29.1,29.3,28.9,29.0,29.0,2882,-2.0461364897755785,-2.0459681761550894,-2.042179067820015,-2.050751209623532,-2.050751209623532,-0.0024079807361541204,-0.022911051212937995,-0.041110988647635925,-0.046052631578947324,-0.05079863838701241,-0.055425872645350455
2012-05-22,29.4,29.4,29.0,29.2,29.2,2882,-2.0096839568966622,-2.0339227517916885,-2.029912176914944,-2.026494110849915,-2.026494110849915,0.007243877199034056,-0.009833841980332407,-0.03086624626617988,-0.03701871547530707,-0.04130277759537721,-0.04673812503400615
2012-05-23,28.85,28.9,28.5,28.5,28.5,2882,-2.076513600508009,-2.0941498736086954,-2.0912466314402973,-2.1113939565575737,-2.1113939565575737,-0.014522821576763422,-0.02730375426621163,-0.047353760445682486,-0.05668183698800161,-0.06107926467681347,-0.06654293356624258
2012-05-24,28.55,28.95,28.4,28.65,28.65,2882,-2.1129661333869256,-2.0881271614269945,-2.1035135223453683,-2.093201132477361,-2.093201132477361,-0.005898681471200614,-0.016984045290787477,-0.035570017953321306,-0.047777316161196515,-0.053205551883674915,-0.05906179867535176
2012-05-25,28.7,28.9,28.6,28.7,28.7,2882,-2.0947398669474673,-2.0941498736086954,-2.078979740535227,-2.087136857783957,-2.087136857783957,-0.0038181187087815305,-0.011197243755383267,-0.027448322602507583,-0.04277495205536559,-0.04840848806366051,-0.0546772068511199
2012-05-28,28.8,29.2,28.7,29.0,29.0,2882,-2.082589022654495,-2.0580136005184912,-2.0667128496301563,-2.050751209623532,-2.050751209623532,0.006594932315168513,0.0020732550103663536,-0.01326981966655315,-0.02961351848753549,-0.03596835316800736,-0.041691909456408
2012-05-29,29.05,30.0,29.05,30.0,30.0,2882,-2.0522119119220643,-1.9616502056112801,-2.0237787314624085,-1.9294657157554482,-1.9294657157554482,0.035554021401449816,0.03519668737060053,0.02330869812393406,0.00536193029490629,-0.0017303340875815122,-0.00695134061569008
2012-05-30,29.85,29.85,29.1,29.15,29.15,2882,-1.9550051575782867,-1.979718342156382,-2.017645286009873,-2.0325583855433194,-2.0325583855433194,0.0017182130584191462,0.004825922095828921,-0.0028506271379704342,-0.018931426167437947,-0.028009336445481824,-0.03300713219439368
2012-05-31,28.8,29.35,28.7,29.25,29.25,2882,-2.082589022654495,-2.039945463973389,-2.0667128496301563,-2.020429836156511,-2.020429836156511,0.0010266940451745768,0.007925568573397672,0.0027425437092903084,-0.0113233057292546,-0.02219696463194484,-0.027808553068911897
2012-06-01,28.85,29.15,28.7,28.7,28.7,2882,-2.076513600508009,-2.0640363127001917,-2.0667128496301563,-2.087136857783957,-2.087136857783957,-0.017796030116358646,-0.010856453558504144,-0.01340666895840497,-0.025053078556263295,-0.0378813275226282,-0.043439617820242235
2012-06-04,27.8,28.35,27.8,28.0,28.0,2882,-2.2040974655842174,-2.1603997076074024,-2.1771148677757926,-2.1720367034916155,-2.1720367034916155,-0.035148173673328724,-0.03164447518588965,-0.03337169159953964,-0.04428705520948896,-0.05761981690899299,-0.06370172212004674
2012-06-05,28.4,28.75,28.3,28.4,28.4,2882,-2.131192399826384,-2.1122180101537973,-2.1157804132504388,-2.1235225059443823,-2.1235225059443823,-0.010452961672473893,-0.015085833188832972,-0.016847449803830995,-0.026146592370338714,-0.040929352965014175,-0.04783191774698254
2012-06-06,28.6,28.75,28.35,28.5,28.5,2882,-2.1068907112404394,-2.1122180101537973,-2.1096469677979033,-2.1113939565575737,-2.1113939565575737,-0.002450122506125316,-0.011617825559216137,-0.012588058667282595,-0.0195235228347812,-0.033374033374033434,-0.042124131749944
2012-06-07,29.0,29.0,28.65,28.85,28.85,2882,-2.0582873340685506,-2.0821044492452936,-2.072846295082692,-2.0689440337037444,-2.0689440337037444,0.012636012636012741,-0.0001732801940737829,0.00023113371085188705,-0.0051724137931034,-0.01757134100660622,-0.027855778950915348
2012-06-08,28.7,28.8,28.35,28.6,28.6,2882,-2.0947398669474673,-2.1061952979720964,-2.1096469677979033,-2.099265407170765,-2.099265407170765,0.00456621004566219,-0.008493673080256699,-0.008092485549132857,-0.01157767409711425,-0.022021611270687948,-0.033892579664452215
2012-06-11,29.1,29.3,28.95,29.2,29.2,2882,-2.0461364897755785,-2.0459681761550894,-2.0360456223674794,-2.026494110849915,-2.026494110849915,0.01706722396377563,0.01160575090940576,0.012248671134735326,0.010293227229478523,0.0006854009595613288,-0.011677102724657265
2012-06-12,28.75,28.9,28.65,28.75,28.75,2882,-2.0886644448009815,-2.0941498736086954,-2.072846295082692,-2.081072583090553,-2.081072583090553,-0.0010423905489923952,0.0003479471120389008,-0.0023134759976865156,-0.0038115038115036693,-0.01155194939145976,-0.024541958832843228
2012-06-13,28.8,28.95,28.6,28.85,28.85,2882,-2.082589022654495,-2.0881271614269945,-2.078979740535227,-2.0689440337037444,-2.0689440337037444,0.0,0.004876349703936055,0.00034674063800295136,-0.0003465003465001545,-0.005995038588754117,-0.017983774890792503
2012-06-14,28.85,29.1,28.7,28.95,28.95,2882,-2.076513600508009,-2.070059024881892,-2.0667128496301563,-2.056815484316936,-2.056815484316936,0.0027710426047801127,0.009414225941422579,0.0031185031185029903,0.003466204506065784,-0.0008283288465521125,-0.011383039271485568
2012-06-15,29.2,29.4,28.95,29.4,29.4,2882,-2.0339856454826064,-2.0339227517916885,-2.0360456223674794,-2.0022370120762987,-2.0022370120762987,0.012745435756114276,0.022608695652173865,0.01706642066420648,0.017917424045702356,0.01540374386958617,0.006562054208273886
2012-06-18,29.9,30.2,29.65,29.8,29.8,2882,-1.948929735431801,-1.9375593568844776,-1.9501773860319846,-1.9537228145290648,-1.9537228145290648,0.022298456260720485,0.03007258900795026,0.02900552486187845,0.03033970092488564,0.029289859077093208,0.021422450728363324
2012-06-19,29.5,29.6,29.25,29.3,29.3,2882,-1.9975331126036897,-2.0098319030648852,-1.9992449496522673,-2.014365561463107,-2.014365561463107,0.0013670539986329168,0.009648518263266629,0.013373299515794204,0.012877020136548222,0.01243953006219763,0.006354113000171689
2012-06-20,29.5,29.75,29.45,29.75,29.75,2882,-1.9975331126036897,-1.9917637665197836,-1.9747111678421259,-1.9597870892224691,-1.9597870892224691,0.01052989130434766,0.020758277577628985,0.027515542251899616,0.026215936529837804,0.026711761457758176,0.022571035747020945
2012-06-21,29.5,29.5,29.2,29.4,29.4,2882,-1.9975331126036897,-2.021877327428287,-2.0053783951048025,-2.0022370120762987,-2.0022370120762987,-0.004402302742973334,0.006849315068493127,0.015076533548164373,0.01283265868572913,0.014282757193127644,0.01146788990825684
2012-06-22,29.2,29.2,28.9,29.0,29.0,2882,-2.0339856454826064,-2.0580136005184912,-2.042179067820015,-2.050751209623532,-2.050751209623532,-0.015280135823429518,-0.008207934336525256,0.0005750431282345849,-0.0014633726435396548,0.000137950062077574,-0.001262771208816514
2012-06-25,28.8,28.95,28.6,28.85,28.85,2882,-2.082589022654495,-2.0881271614269945,-2.078979740535227,-2.0689440337037444,-2.0689440337037444,-0.0140123034859877,-0.012155452833418949,-0.00654269972451795,-0.006371620458067927,-0.004829251466022664,-0.005286748649580477
2012-06-26,28.6,28.8,28.6,28.7,28.7,2882,-2.1068907112404394,-2.1061952979720964,-2.078979740535227,-2.087136857783957,-2.087136857783957,-0.015099519560741173,-0.017123287671232876,-0.012388162422574086,-0.009319986192613034,-0.009319986192613034,-0.009433962264150947
2012-06-27,28.65,29.0,28.55,28.75,28.75,2882,-2.1008152890939535,-2.0821044492452936,-2.085113185987762,-2.081072583090553,-2.081072583090553,-0.006565307532826459,-0.015073655361425308,-0.011234666972371935,-0.006908462867012065,-0.007936507936507952,-0.007594062823610471
2012-06-28,29.0,29.05,28.65,28.65,28.65,2882,-2.0582873340685506,-2.076081737063593,-2.072846295082692,-2.093201132477361,-2.093201132477361,-0.004862799583188627,-0.017489711934156313,-0.014221814428260145,-0.00933609958506247,-0.011387163561076668,-0.010476629058254706
2012-06-29,28.65,29.25,28.65,29.25,29.25,2882,-2.1008152890939535,-2.0519908883367903,-2.072846295082692,-2.020429836156511,-2.020429836156511,0.014216366158113862,0.0036026762738034113,0.004924415941365131,0.010449952500215853,0.008551134404523741,0.009665170866413447
2012-07-02,29.7,30.2,29.55,29.95,29.95,2882,-1.9732314240177453,-1.9375593568844776,-1.962444276937055,-1.9355299904488525,-1.9355299904488525,0.03062629043358558,0.027091906721536448,0.027209328912770208,0.031158547082114,0.03133608815426998,0.03269927015688757
2012-07-03,29.5,29.55,29.2,29.4,29.4,2882,-1.9975331126036897,-2.015854615246586,-2.0053783951048025,-2.0022370120762987,-2.0022370120762987,0.006849315068493127,0.00788481316420982,0.006849315068493127,0.010482900842069074,0.013234077750206795,0.013501867279517347
2012-07-04,29.5,30.0,29.5,29.55,29.55,2882,-1.9975331126036897,-1.9616502056112801,-1.9685777223895904,-1.9840441879960857,-1.9840441879960857,0.006471389645776489,0.013722126929674174,0.010371552313653897,0.013809074534694222,0.017842380821162754,0.017445196832319435
2012-07-05,29.55,29.75,29.4,29.45,29.45,2882,-1.9914576904572034,-1.9917637665197836,-1.9808446132946613,-1.9961727373828944,-1.9961727373828944,-0.0023712737127371372,0.010118333047504653,0.005806010928961807,0.009339388227229916,0.014118457300275488,0.01307189542483669
2012-07-06,29.55,29.55,29.1,29.4,29.4,2882,-1.9914576904572034,-2.015854615246586,-2.017645286009873,-2.0022370120762987,-2.0022370120762987,-0.005076142131979767,0.007021750299708796,0.004098360655737739,0.0062462565243431994,0.011421494426861056,0.010540788267644178
2012-07-09,29.15,29.4,29.1,29.15,29.15,2882,-2.0400610676290927,-2.0339227517916885,-2.017645286009873,-2.0325583855433194,-2.0325583855433194,-0.008166042871725024,-0.002566295979469487,-0.0029643142173070122,-0.002224884477152313,0.0012365185134298898,0.001775588521679213
2012-07-10,29.2,29.35,28.8,29.0,29.0,2882,-2.0339856454826064,-2.039945463973389,-2.0544459587250854,-2.050751209623532,-2.050751209623532,-0.010576595018764763,-0.008716458725004119,-0.00741585852823713,-0.007783765289539053,-0.004736083464891265,-0.0022363667641493645
2012-07-11,28.8,29.25,28.75,29.15,29.15,2882,-2.082589022654495,-2.0519908883367903,-2.060579404177621,-2.0325583855433194,-2.0325583855433194,-0.002736914129319256,-0.004949650110940419,-0.000913972352336363,-0.003163204240403561,-0.00048004388972716015,0.0029244796146567107
2012-07-12,29.15,29.15,28.6,28.6,28.6,2882,-2.0400610676290927,-2.0640363127001917,-2.078979740535227,-2.099265407170765,-2.099265407170765,-0.015829318651066546,-0.02355752816660969,-0.017969554767082407,-0.0213857998289136,-0.019002538245180712,-0.015264547228279643
2012-07-13,28.7,29.0,28.65,28.65,28.65,2882,-2.0947398669474673,-2.0821044492452936,-2.072846295082692,-2.093201132477361,-2.093201132477361,-0.008993427879626602,-0.01984262743756421,-0.015463917525773294,-0.01841541755888656,-0.017354918370146806,-0.013486370157819314
2012-07-16,28.8,28.95,28.6,28.9,28.9,2882,-2.082589022654495,-2.0881271614269945,-2.078979740535227,-2.0628797590103405,-2.0628797590103405,0.0013860013860014797,-0.0077253218884120655,-0.006986599473141673,-0.008321180406622742,-0.008372220697227673,-0.005904947543427169
2012-07-17,28.85,29.4,28.85,29.2,29.2,2882,-2.076513600508009,-2.0339227517916885,-2.04831251327255,-2.026494110849915,-2.026494110849915,0.010380622837370268,0.0032640439786979017,0.002173664340464574,0.002145002145002145,0.001303065633358367,0.0034938999942721693
2012-07-18,29.2,29.2,28.7,28.7,28.7,2882,-2.0339856454826064,-2.0580136005184912,-2.0667128496301563,-2.087136857783957,-2.087136857783957,-0.0038181187087817764,-0.011026878015162089,-0.014874141876430214,-0.013237063778579958,-0.01564000548772121,-0.013915134856553896
2012-07-19,28.9,29.1,28.8,28.95,28.95,2882,-2.070438178361523,-2.070059024881892,-2.0544459587250854,-2.056815484316936,-2.056815484316936,0.002423822714681574,-0.0006903693476009519,-0.006974616967756682,-0.003870967741935508,-0.007065441075593344,-0.005439450329229945
2012-07-20,28.8,29.15,28.8,29.15,29.15,2882,-2.082589022654495,-2.0640363127001917,-2.0544459587250854,-2.0325583855433194,-2.0325583855433194,0.005866114561766672,0.007082397650716818,0.0001143641354071542,0.002751977984176068,0.0001372401015575991,0.0008010986495765655
2012-07-23,29.0,29.05,28.6,28.8,28.8,2882,-2.0582873340685506,-2.076081737063593,-2.078979740535227,-2.0750083083971487,-2.0750083083971487,-0.005524861878452921,-0.0038049117952266677,-0.009287925696594413,-0.009202717811989156,-0.010513296227581853,-0.010762537210899906
2012-07-24,28.7,28.9,28.65,28.85,28.85,2882,-2.0947398669474673,-2.0941498736086954,-2.072846295082692,-2.0689440337037444,-2.0689440337037444,-0.001384562132225777,-0.0015573628655477314,-0.0063145809414466205,-0.007738607050730795,-0.008182068206820546,-0.009158557527189436
2012-07-25,28.6,28.85,28.5,28.55,28.55,2882,-2.1068907112404394,-2.1001725857903955,-2.0912466314402973,-2.1053296818641694,-2.1053296818641694,-0.010741510741510819,-0.00988382174440772,-0.014384349827387722,-0.017718905900567832,-0.016873278236914546,-0.01912505726065054
2012-07-26,28.6,29.0,28.55,28.8,28.8,2882,-2.1068907112404394,-2.0821044492452936,-2.085113185987762,-2.0750083083971487,-2.0750083083971487,-0.0010405827263267823,-0.0019060821348119812,-0.004264146594445015,-0.009373118926820787,-0.00744416873449123,-0.010365958421625309
2012-07-27,29.1,29.3,28.95,29.3,29.3,2882,-2.0461364897755785,-2.0459681761550894,-2.0360456223674794,-2.014365561463107,-2.014365561463107,0.015246015246015166,0.013139695712309909,0.01325648414985589,0.0077386070507309175,0.009370263194157312,0.006930522939458082
2012-07-30,29.3,29.75,29.1,29.1,29.1,2882,-2.021834801189634,-1.9917637665197836,-2.017645286009873,-2.0386226602367232,-2.0386226602367232,0.006224066390041607,0.005528680027643281,0.006456075628314405,0.0023249806251615453,0.002135133273641598,0.0008598452278590587
2012-07-31,29.15,29.7,29.1,29.7,29.7,2882,-2.0400610676290927,-1.9977864787014843,-2.017645286009873,-1.9658513639158735,-1.9658513639158735,0.02096940529391529,0.02449120386340108,0.02555248618784525,0.02246320681642125,0.021390742141825306,0.021027903512290204
2012-08-01,29.5,29.75,29.4,29.65,29.65,2882,-1.9975331126036897,-1.9917637665197836,-1.9808446132946613,-1.9719156386092778,-1.9719156386092778,0.01160013647219391,0.019425820869864236,0.02264888480110369,0.02056621633250151,0.018410386755512737,0.019425820869864236
2012-08-03,29.7,29.7,29.2,29.3,29.3,2882,-1.9732314240177453,-1.9977864787014843,-2.0053783951048025,-2.014365561463107,-2.014365561463107,-0.003740224413464909,0.006181318681318794,0.008953168044077066,0.008779480117059577,0.005490734385724096,0.00750759355837012
2012-08-06,29.7,29.85,29.45,29.55,29.55,2882,-1.9732314240177453,-1.979718342156382,-1.9747111678421259,-1.9840441879960857,-1.9840441879960857,0.003054989816700606,0.013374485596707715,0.01546391752577317,0.017124171758024345,0.013652579582876074,0.01546391752577317
2012-08-07,29.9,30.15,29.75,30.0,30.0,2882,-1.948929735431801,-1.9435820690661783,-1.9379104951269137,-1.9294657157554482,-1.9294657157554482,0.01214574898785411,0.02459016393442619,0.028336380255941422,0.031105000859254207,0.029018316526034166,0.029571583824286502
2012-08-08,28.8,29.2,28.8,29.0,29.0,2882,-2.082589022654495,-2.0580136005184912,-2.0544459587250854,-2.050751209623532,-2.050751209623532,-0.01694915254237288,-0.010069977811913234,-0.005486968449931539,-0.0032651658360542657,-0.004736083464891265,-0.005088913031048091
2012-08-09,29.4,29.6,29.25,29.6,29.6,2882,-2.0096839568966622,-2.0098319030648852,-1.9992449496522673,-1.9779799133026814,-1.9779799133026814,0.0037300779925399452,0.006802721088435471,0.013004791238877692,0.016570790761569563,0.01578586135895679,0.01450931109333938
2012-08-10,29.6,29.6,29.2,29.55,29.55,2882,-1.9853822683107172,-2.0098319030648852,-2.0053783951048025,-1.9840441879960857,-1.9840441879960857,0.0003385240352065526,0.00254452926208649,0.009911141490088952,0.013200754328818844,0.01393082624210811,0.011755307007532663
2012-08-13,29.95,29.95,29.35,29.45,29.45,2882,-1.9428543132853149,-1.967672917792981,-1.9869780587471964,-1.9961727373828944,-1.9961727373828944,-0.0023712737127371372,-0.0013563919972871873,0.005806010928961807,0.008388974490669318,0.01043024771838326,0.008101323596531314
2012-08-14,29.5,29.75,29.45,29.6,29.6,2882,-1.9975331126036897,-1.9917637665197836,-1.9747111678421259,-1.9779799133026814,-1.9779799133026814,0.005434782608695536,0.002031144211239075,0.00909090909090918,0.01231190150478794,0.014949938280071318,0.013640773928428745
2012-08-15,29.7,29.75,29.55,29.6,29.6,2882,-1.9732314240177453,-1.9917637665197836,-1.962444276937055,-1.9779799133026814,-1.9779799133026814,0.0013531799729363716,0.002370470707754835,0.007373794668179305,0.011619958988380159,0.014115389886254714,0.013409415121255439
2012-08-16,29.65,30.0,29.55,29.95,29.95,2882,-1.9793068461642316,-1.9616502056112801,-1.962444276937055,-1.9355299904488525,-1.9355299904488525,0.010799865001687368,0.013193504736129803,0.016057898903087044,0.021399948844743718,0.02498288843258044,0.024924428221068787
2012-08-17,29.95,29.95,29.55,29.55,29.55,2882,-1.9428543132853149,-1.967672917792981,-1.962444276937055,-1.9840441879960857,-1.9840441879960857,-0.0026999662504219317,-0.001183031941862435,0.0007902461052156275,0.00672855804445964,0.009980176362020822,0.011120615911035048
2012-08-20,29.6,29.6,29.25,29.25,29.25,2882,-1.9853822683107172,-2.0098319030648852,-1.9992449496522673,-2.020429836156511,-2.020429836156511,-0.011490368367691664,-0.010319742852309244,-0.009258213842158748,-0.0036617559397087,-0.0010928215285839929,0.0010266940451746987
2012-08-21,29.35,29.7,29.35,29.7,29.7,2882,-2.0157593790431476,-1.9977864787014843,-1.9869780587471964,-1.9658513639158735,-1.9658513639158735,0.0030395136778114252,0.005927180355630846,0.004622843612583157,0.010118187228976986,0.01316776966637099,0.015789773698911224
2012-08-22,29.7,29.75,29.55,29.75,29.75,2882,-1.9732314240177453,-1.9917637665197836,-1.962444276937055,-1.9597870892224691,-1.9597870892224691,0.003711201079622233,0.005067567567567519,0.006200676437429546,0.010272518889549144,0.014112353422416195,0.016630595739833744
2012-08-23,29.75,29.95,29.65,29.85,29.85,2882,-1.967156001871259,-1.967672917792981,-1.9501773860319846,-1.9476585398356605,-1.9476585398356605,0.007765023632680514,0.007594936708860808,0.009127789046653128,0.011435832274460047,0.015928119256687766,0.019235146824493485
2012-08-24,29.8,29.8,29.6,29.65,29.65,2882,-1.961080579724773,-1.985741054338083,-1.9563108314845197,-1.9719156386092778,-1.9719156386092778,0.00033738191632933754,0.0005061582588154889,0.0015763990541604537,0.0032143461343257947,0.00816048962937771,0.011197635423179668
2012-08-27,29.65,29.85,29.55,29.6,29.6,2882,-1.9793068461642316,-1.979718342156382,-1.962444276937055,-1.9779799133026814,-1.9779799133026814,-0.0037024570851564935,-0.0016863406408093478,-0.0002251745102454754,0.00101454176530271,0.005844773684925941,0.008403361344537797
2012-08-28,29.4,29.45,29.0,29.05,29.05,2882,-2.0096839568966622,-2.0279000396099875,-2.029912176914944,-2.0446869349301275,-2.0446869349301275,-0.017917511832319172,-0.018415272850143542,-0.016698634773778594,-0.017502325188128918,-0.0131802432230451,-0.010502412716434864
2012-08-29,29.15,29.2,28.95,28.95,28.95,2882,-2.0400610676290927,-2.0580136005184912,-2.0360456223674794,-2.056815484316936,-2.056815484316936,-0.015975526852481506,-0.01964104300711124,-0.019972918077183592,-0.019641043007111475,-0.0167108212757287,-0.013628620102214722
2012-08-30,28.75,28.95,28.55,28.55,28.55,2882,-2.0886644448009815,-2.0881271614269945,-2.085113185987762,-2.1053296818641694,-2.1053296818641694,-0.020919067215363612,-0.028581150051037646,-0.03121818798778424,-0.031382527565733696,-0.0302968548332313,-0.027091497699778554
2012-08-31,28.55,28.75,28.5,28.6,28.6,2882,-2.1129661333869256,-2.1122180101537973,-2.0912466314402973,-2.099265407170765,-2.099265407170765,-0.012089810017271083,-0.023724185014507484,-0.027431421446384097,-0.028532608695652287,-0.028334579058231963,-0.02499999999999991
2012-09-03,28.85,28.85,28.6,28.7,28.7,2882,-2.076513600508009,-2.1001725857903955,-2.078979740535227,-2.087136857783957,-2.087136857783957,-0.0024330900243309103,-0.018467852257181915,-0.022368570455319738,-0.023726507356067746,-0.024141448486909245,-0.021090330282530923
2012-09-04,28.7,28.7,28.45,28.65,28.65,2882,-2.0947398669474673,-2.1182407223354978,-2.097380076892833,-2.093201132477361,-2.093201132477361,-0.0013942140118507894,-0.01664664492877992,-0.02196176604460632,-0.023184452778724964,-0.02524496461622225,-0.02262906527177635
2012-09-05,28.5,28.5,28.1,28.2,28.2,2882,-2.119041555533412,-2.1423315710623005,-2.14031419506058,-2.1477796047179987,-2.1477796047179987,-0.011913104414856338,-0.02691511387163565,-0.03424657534246575,-0.03721406623420962,-0.038592663302877334,-0.03726884779516365
2012-09-06,28.2,28.45,28.15,28.25,28.25,2882,-2.1554940884123286,-2.1483542832440015,-2.134180749608045,-2.141715330024595,-2.141715330024595,-0.008075842696629228,-0.01977793199167258,-0.02876461150584458,-0.033279151338865484,-0.03504577128022953,-0.035232511810575316
2012-09-07,28.7,28.8,28.6,28.65,28.65,2882,-2.0947398669474673,-2.1061952979720964,-2.078979740535227,-2.093201132477361,-2.093201132477361,0.005616005616005621,-0.002437325905292489,-0.012976573265962283,-0.01807899922885797,-0.02051282051282056,-0.021404986906524037
2012-09-10,28.75,29.1,28.7,28.8,28.8,2882,-2.0886644448009815,-2.070059024881892,-2.0667128496301563,-2.0750083083971487,-2.0750083083971487,0.010171869519466824,0.00558659217877083,-0.006782388780319535,-0.011837364899639694,-0.014373716632443469,-0.01572112098427879
2012-09-11,28.9,28.9,28.65,28.7,28.7,2882,-2.070438178361523,-2.0941498736086954,-2.072846295082692,-2.087136857783957,-2.087136857783957,0.006311360448807844,0.003321097710190486,-0.007950224680262718,-0.013745704467354024,-0.016044980800877795,-0.018691588785046856
2012-09-12,28.9,29.35,28.8,29.05,29.05,2882,-2.070438178361523,-2.039945463973389,-2.0544459587250854,-2.0446869349301275,-2.0446869349301275,0.012547926106657477,0.015201817228726147,0.005770340450086596,-0.0007739272508384505,-0.004113815563935584,-0.005988023952095832
2012-09-13,29.1,29.2,28.8,28.9,28.9,2882,-2.0461364897755785,-2.0580136005184912,-2.0544459587250854,-2.0628797590103405,-2.0628797590103405,0.00277585010409432,0.008726003490401396,0.0027758501040944434,-0.004135079255685768,-0.00830416580879833,-0.010273972602739751
2012-09-14,29.3,30.9,29.2,30.85,30.85,2882,-2.021834801189634,-1.853241386340668,-2.0053783951048025,-1.8263730459675769,-1.8263730459675769,0.0543403964456596,0.06839826839826844,0.06747404844290668,0.06068420147842532,0.05672398438035208,0.054640761210187426
2012-09-17,31.2,32.6,31.2,32.0,32.0,2882,-1.7909687596231623,-1.6484691721628448,-1.7600405770033885,-1.686894728019281,-1.686894728019281,0.07023411371237463,0.09570279061804479,0.1011699931176876,0.0950466250320813,0.09229929000546153,0.09090909090909095
2012-09-18,31.85,31.95,31.5,31.9,31.9,2882,-1.7119882717188426,-1.7267644305249539,-1.7232399042881763,-1.6990232774060894,-1.6990232774060894,0.044531761624099525,0.08025736539112784,0.09059829059829055,0.08753089576408417,0.0854770654688989,0.08515704728427262
2012-09-19,32.2,32.9,32.1,32.6,32.6,2882,-1.6694603166934396,-1.612332899072641,-1.649638558857752,-1.6141234316984305,-1.6141234316984305,0.043200000000000044,0.08775442108775451,0.10533453887884277,0.10602205258693807,0.10478514301206447,0.10446075663466976
2012-09-20,32.7,33.1,32.05,32.25,32.25,2882,-1.6087060952285785,-1.5882420503458379,-1.6557720043102877,-1.65657335455226,-1.65657335455226,0.010338345864661713,0.06190319394138962,0.08439811701412232,0.08971109984794733,0.08952702702702697,0.08934301638236783
2012-09-21,32.25,32.4,31.8,31.95,31.95,2882,-1.6633848945469538,-1.6725600208896478,-1.6864392315729642,-1.6929590027126853,-1.6929590027126853,-0.0059116365899191435,0.04071661237785017,0.06630325953943714,0.07539548973409621,0.07590247844827565,0.0763011622031328
2012-09-24,31.9,32.6,31.45,32.45,32.45,2882,-1.7059128495723568,-1.6484691721628448,-1.7293733497407118,-1.632316255778643,-1.632316255778643,0.006825938566552865,0.044583936906486564,0.07402912621359241,0.08701113809563701,0.0880498927038627,0.0894745677354374
2012-09-25,32.6,32.6,31.95,32.2,32.2,2882,-1.620856939521551,-1.6484691721628448,-1.6680388952153582,-1.662637629245664,-1.662637629245664,-0.0027872406317744286,0.024988063027216418,0.05747126436781621,0.07297567477507501,0.07605935035423084,0.07794454053450885
2012-09-26,32.2,32.55,31.7,31.8,31.8,2882,-1.6694603166934396,-1.654491884344546,-1.698706122478035,-1.7111518267928976,-1.7111518267928976,-0.010270774976657387,0.003471126538340265,0.03616813294232659,0.05463891882928462,0.05978804239152171,0.06194690265486727
2012-09-27,31.8,32.15,31.6,31.7,31.7,2882,-1.7180636938653286,-1.702673581798151,-1.7109730133831054,-1.7232803761797062,-1.7232803761797062,-0.009993753903810238,-0.008445417578980501,0.0252263906856404,0.045859452325964924,0.053856382978723444,0.056549272303077394
2012-09-28,31.7,31.95,31.35,31.5,31.5,2882,-1.7302145381583012,-1.7267644305249539,-1.7416402406457823,-1.7475374749533228,-1.7475374749533228,-0.013466958972752779,-0.016700483845793777,0.01253616200578594,0.03431292070267602,0.04463752735955429,0.04761376863810204
2012-10-01,31.7,31.75,31.3,31.5,31.5,2882,-1.7302145381583012,-1.7508552792517564,-1.7477736860983177,-1.7475374749533228,-1.7475374749533228,-0.007561436672967815,-0.015163357823980083,0.0067114093959730675,0.02957999673149211,0.0420112471055243,0.04500718788012824
2012-10-02,31.8,32.0,31.55,31.8,31.8,2882,-1.7180636938653286,-1.720741718343253,-1.7171064588356408,-1.7111518267928976,-1.7111518267928976,0.004421983575489482,-0.005473025801407371,0.009630648745899075,0.034062271360052125,0.048121292023731076,0.05251544571932931
2012-10-03,32.0,32.0,31.5,31.5,31.5,2882,-1.6937620052793845,-1.720741718343253,-1.7232399042881763,-1.7475374749533228,-1.7475374749533228,-0.003164556962025361,-0.01145457398399493,-0.005053695514845235,0.01884046252122583,0.03475461533407803,0.040576997192093886
2012-10-04,31.7,32.4,31.4,32.3,32.3,2882,-1.7302145381583012,-1.6725600208896478,-1.7355067951932472,-1.6505090798588562,-1.6505090798588562,0.018284993694829707,0.013492312519610911,0.012962575789253515,0.03791773778920284,0.05583158995815895,0.06413353832637818
2012-10-05,32.4,33.3,32.3,32.8,32.8,2882,-1.6451586281074957,-1.5641512016190358,-1.625104777047611,-1.5898663329248144,-1.5898663329248144,0.025641025641025654,0.02644343608199015,0.024466423737636588,0.047003431489905045,0.0663198959687905,0.07688098495212033
2012-10-08,33.15,33.2,32.35,32.35,32.35,2882,-1.5540272959102042,-1.5761966259824365,-1.6189713315950751,-1.6444448051654514,-1.6444448051654514,0.006220839813374894,0.012678040381906437,0.009675405742821544,0.026821139501666365,0.04672231929075269,0.058919803600654685
2012-10-09,32.5,33.2,32.5,32.5,32.5,2882,-1.6330077838145234,-1.5761966259824365,-1.6005709952374692,-1.6262519810852392,-1.6262519810852392,0.0065035614741406275,0.016419077404222004,0.013092269326683345,0.02539832781195771,0.04636188023180944,0.05984020870699485
2012-10-11,32.1,32.4,31.95,32.05,32.05,2882,-1.681611160986412,-1.6725600208896478,-1.6680388952153582,-1.680830453325877,-1.680830453325877,-0.010802469135802297,0.0015624999999999112,0.00020805159679603797,0.006437431307897576,0.02678285384763231,0.0416553816152971
2012-10-12,32.3,32.3,31.55,31.75,31.75,2882,-1.6573094724004682,-1.6846054452530492,-1.7171064588356408,-1.7172161014863019,-1.7172161014863019,-0.016723443790647233,-0.007967505077331526,-0.008122461730709091,-0.007424775302852699,0.012629967468265637,0.02834008097165992
2012-10-15,31.75,31.85,31.4,31.6,31.6,2882,-1.724139116011815,-1.7388098548883548,-1.7355067951932472,-1.7354089255665142,-1.7354089255665142,-0.014040561622464767,-0.012962673746681216,-0.012088370154230931,-0.013270882123341052,0.004067107269954362,0.020177562550443905
2012-10-16,31.8,31.9,31.55,31.85,31.85,2882,-1.7180636938653286,-1.7327871427066546,-1.7171064588356408,-1.7050875520994933,-1.7050875520994933,-0.003129890453834049,-0.006240249609984267,-0.003025876460767864,-0.005231514015772527,0.008102804329936071,0.024774774774774876
2012-10-17,32.0,32.1,31.5,31.7,31.7,2882,-1.6937620052793845,-1.7086962939798516,-1.7232399042881763,-1.7232803761797062,-1.7232803761797062,-0.002831078955646425,-0.01061173533083667,-0.006684771255483755,-0.009607123330469453,-0.00044144541842706047,0.016623015660911896
2012-10-18,31.95,31.95,31.5,31.7,31.7,2882,-1.6998374274258705,-1.7267644305249539,-1.7232399042881763,-1.7232803761797062,-1.7232803761797062,-0.0006305170239598574,-0.011228945726762413,-0.0064772252402842834,-0.008212749315604203,-0.0037712130735386862,0.012833484211086758
2012-10-19,31.6,31.7,31.2,31.2,31.2,2882,-1.742365382451273,-1.7568779914334571,-1.7600405770033885,-1.783923123113748,-1.783923123113748,-0.012970578930718242,-0.023474178403755867,-0.021125287596737045,-0.022250078345346203,-0.022311356229631478,-0.006263934600275999
2012-10-22,30.7,30.85,30.4,30.85,30.85,2882,-1.8517229810880231,-1.8592640985223685,-1.8581757042439542,-1.8263730459675769,-1.8263730459675769,-0.019389701207883008,-0.028499448905684177,-0.030788564247565202,-0.03154920734578545,-0.03327901729756824,-0.019701302828090052
2012-10-23,30.9,30.9,30.5,30.55,30.55,2882,-1.827421292502079,-1.853241386340668,-1.8459088133388835,-1.862758694128002,-1.862758694128002,-0.020833333333333287,-0.032462391132224815,-0.03830010493179428,-0.03809823677581867,-0.040936774031518755,-0.031030290215150344
2012-10-24,30.4,31.05,30.3,30.75,30.75,2882,-1.8881755139669398,-1.8351732497955657,-1.8704425951490247,-1.8385015953543855,-1.8385015953543855,-0.00838439213157051,-0.020700636942675116,-0.029866442317804148,-0.029585798816568046,-0.03326207243460775,-0.026796075535394058
2012-10-25,31.1,31.1,30.3,30.35,30.35,2882,-1.8031196039161341,-1.829150537613865,-1.8704425951490247,-1.8870157929016187,-1.8870157929016187,-0.012687052700064965,-0.02817803394172267,-0.04016445287792535,-0.040012652222046405,-0.04313008386405202,-0.040771175726927913
2012-10-26,30.5,30.5,29.4,29.45,29.45,2882,-1.8760246696739675,-1.9014230837942734,-1.9808446132946613,-1.9961727373828944,-1.9961727373828944,-0.030931227377426714,-0.050000000000000024,-0.06299713649379575,-0.06515355924133001,-0.06821489590584064,-0.06975519873650968
2012-10-29,29.45,29.75,29.2,29.3,29.3,2882,-2.003608534750176,-1.9917637665197836,-2.0053783951048025,-2.014365561463107,-2.014365561463107,-0.025930851063829825,-0.047773805654858593,-0.060797093706592524,-0.06665604841920823,-0.06984126984126982,-0.07298038388525632
2012-10-30,29.7,29.9,29.5,29.8,29.8,2882,-1.9732314240177453,-1.9736956299746817,-1.9685777223895904,-1.9537228145290648,-1.9537228145290648,-0.004343468092215135,-0.025028627515131817,-0.0395358831113021,-0.04815140142138455,-0.05077403325476209,-0.05496828752642709
2012-10-31,29.8,29.8,29.3,29.35,29.35,2882,-1.961080579724773,-1.985741054338083,-1.9931115041997318,-2.0083012867697025,-2.0083012867697025,-0.010118043844856565,-0.03231124299373536,-0.04759329367225522,-0.05884239217572553,-0.061700767263427096,-0.06672319677778364
2012-11-01,29.2,29.6,28.8,29.35,29.35,2882,-2.0339856454826064,-2.0098319030648852,-2.0544459587250854,-2.0083012867697025,-2.0083012867697025,-0.0033955857385398257,-0.024754942681508473,-0.041997606354041955,-0.05558683935322991,-0.05875184401257137,-0.06349712827058068
2012-11-02,29.7,29.9,29.45,29.9,29.9,2882,-1.9732314240177453,-1.9736956299746817,-1.9747111678421259,-1.9415942651422569,-1.9415942651422569,0.012186865267433969,-0.0021691973969630482,-0.020100502512562814,-0.03415973512073007,-0.03889424622307942,-0.04355707202644351
2012-11-05,29.85,29.85,29.3,29.35,29.35,2882,-1.9550051575782867,-1.979718342156382,-1.9931115041997318,-2.0083012867697025,-2.0083012867697025,-0.006768189509306236,-0.015596176421264341,-0.0333735865627401,-0.046613610524606205,-0.05395822588963382,-0.05854049719326381
2012-11-06,29.8,29.8,29.4,29.6,29.6,2882,-1.961080579724773,-1.985741054338083,-1.9808446132946613,-1.9779799133026814,-1.9779799133026814,0.0030498136225008423,-0.004037685060565428,-0.020300088261253308,-0.034178970552247195,-0.04355693421222682,-0.04761904761904752
2012-11-07,29.75,30.3,29.65,30.25,30.25,2882,-1.967156001871259,-1.925513932521076,-1.9501773860319846,-1.8991443422884273,-1.8991443422884273,0.018861569552037803,0.019548365352207435,0.004427227448810167,-0.009333551662027071,-0.02059185391439485,-0.02466548444301135
2012-11-08,29.75,29.8,29.5,29.8,29.8,2882,-1.967156001871259,-1.985741054338083,-1.9685777223895904,-1.9537228145290648,-1.9537228145290648,0.0006715916722632495,0.006246834374472473,-0.006335445148382837,-0.020461829238228358,-0.03303264326043224,-0.03710485217297647
2012-11-09,29.6,30.0,29.4,29.85,29.85,2882,-1.9853822683107172,-1.9616502056112801,-1.9808446132946613,-1.9476585398356605,-1.9476585398356605,0.0026872690628149763,0.006575619625695508,-0.0016722408026754903,-0.01574478608523626,-0.028320312500000142,-0.03356356572415277
2012-11-12,29.85,29.95,29.5,29.55,29.55,2882,-1.9550051575782867,-1.967672917792981,-1.9685777223895904,-1.9840441879960857,-1.9840441879960857,-0.008721905400872242,-0.004380053908355761,-0.0088327370304114,-0.02233250620347397,-0.03399803857469758,-0.041258854701778994
2012-11-13,29.65,29.65,29.0,29.05,29.05,2882,-1.9793068461642316,-2.003809190883185,-2.029912176914944,-2.0446869349301275,-2.0446869349301275,-0.021885521885521838,-0.018746833305184923,-0.022324433475431928,-0.03440252617583502,-0.04622759209403105,-0.05497722836694853
2012-11-14,29.0,29.25,28.9,29.15,29.15,2882,-2.0582873340685506,-2.0519908883367903,-2.042179067820015,-2.0325583855433194,-2.0325583855433194,-0.01119402985074633,-0.014703396991718853,-0.015424453951812784,-0.026954852708003154,-0.03871520907531998,-0.04899135446685886
2012-11-15,28.9,28.95,28.6,28.8,28.8,2882,-2.070438178361523,-2.0881271614269945,-2.078979740535227,-2.0750083083971487,-2.0750083083971487,-0.016393442622950834,-0.02472062309515748,-0.023839114224381418,-0.033962264150943375,-0.046168112870106706,-0.05764301685117522
2012-11-16,28.75,29.1,28.7,28.75,28.75,2882,-2.0886644448009815,-2.070059024881892,-2.0667128496301563,-2.081072583090553,-2.081072583090553,-0.010667584308327675,-0.022607513173551,-0.02399004186941271,-0.03166049174806348,-0.04402473897718965,-0.05562246797328364
2012-11-19,28.8,29.1,28.8,28.9,28.9,2882,-2.082589022654495,-2.070059024881892,-2.0544459587250854,-2.0628797590103405,-2.0628797590103405,-0.0010369858278603918,-0.01600272386789237,-0.01800883452259603,-0.02340119962828428,-0.0355736501368217,-0.046624147789751505
2012-11-20,29.0,29.2,28.9,28.95,28.95,2882,-2.0582873340685506,-2.0580136005184912,-2.042179067820015,-2.056815484316936,-2.056815484316936,0.0013836042891731438,-0.012113973724620267,-0.01441216522923294,-0.01905972045743329,-0.030150753768844293,-0.041390728476821195
2012-11-21,29.0,29.1,28.55,28.7,28.7,2882,-2.0582873340685506,-2.070059024881892,-2.085113185987762,-2.087136857783957,-2.087136857783957,-0.004163775156141603,-0.015437392795883338,-0.0214797136038187,-0.024141448486909127,-0.034645139589640134,-0.04566614941254704
2012-11-22,28.9,29.5,28.9,29.15,29.15,2882,-2.070438178361523,-2.021877327428287,-2.042179067820015,-2.0325583855433194,-2.0325583855433194,0.008999653859466999,0.0022348289496303153,-0.005685048322910785,-0.006814310051107422,-0.01613338733630355,-0.027577004336706488
2012-11-23,29.5,29.95,29.4,29.9,29.9,2882,-1.9975331126036897,-1.967672917792981,-1.9808446132946613,-1.9415942651422569,-1.9415942651422569,0.026785714285714326,0.027844620144379592,0.019897669130187565,0.017958975231934505,0.010954828239112608,-0.0005014206919606927
2012-11-26,30.2,30.55,30.1,30.5,30.5,2882,-1.9124772025528842,-1.8954003716125727,-1.894976376959166,-1.8688229688214064,-1.8688229688214064,0.03600543478260877,0.04505739249614545,0.0376502608301203,0.03626943005181331,0.03172992355050398,0.020806604562949724
2012-11-27,30.5,30.55,30.2,30.45,30.45,2882,-1.8760246696739675,-1.8954003716125727,-1.8827094860540956,-1.8748872435148107,-1.8748872435148107,0.023873570948217918,0.03836317135549872,0.03395585738539898,0.033429492618360875,0.030177955206712334,0.020727414939382176
2012-11-28,30.6,30.6,30.15,30.55,30.55,2882,-1.8638738253809952,-1.8893776594308718,-1.888842931506631,-1.862758694128002,-1.862758694128002,0.01461308535370325,0.03682334973697623,0.03664743807261641,0.0347163420829806,0.0338409475465313,0.025397180577310274
2012-11-29,30.7,30.95,30.55,30.55,30.55,2882,-1.8517229810880231,-1.8472186741589673,-1.839775367886348,-1.862758694128002,-1.862758694128002,0.005264889766370639,0.03070175438596504,0.0348915989159892,0.03261788068277855,0.03356113404154534,0.026718198622080382
2012-11-30,30.7,30.95,30.6,30.95,30.95,2882,-1.8517229810880231,-1.8472186741589673,-1.8336419224338125,-1.814244496580769,-1.814244496580769,0.011437908496731956,0.036503683858004135,0.0458436584816401,0.044285111767186844,0.04497265176581799,0.04045271178843555
2012-12-03,31.0,31.25,30.6,30.75,30.75,2882,-1.8152704482091064,-1.8110824010687632,-1.8336419224338125,-1.8385015953543855,-1.8385015953543855,0.0032626427406199487,0.023464802795806355,0.036283981127836484,0.03509214844736179,0.036190861302062206,0.03384511935447711
2012-12-04,30.6,31.25,30.55,31.0,31.0,2882,-1.8638738253809952,-1.8110824010687632,-1.839775367886348,-1.8081802218873646,-1.8081802218873646,0.007802340702210612,0.024793388429752067,0.04015210826529479,0.04105448744857683,0.04292827344906472,0.041725007000840114
2012-12-05,31.3,31.7,30.9,31.4,31.4,2882,-1.7788179153301897,-1.7568779914334571,-1.7968412497186008,-1.7596660243401312,-1.7596660243401312,0.015195602974458417,0.028833551769331552,0.0482973514355664,0.052455170102228846,0.05347916526873788,0.054398925453324413
2012-12-06,31.65,31.65,31.15,31.4,31.4,2882,-1.7362899603047872,-1.762900703615158,-1.766174022455924,-1.7596660243401312,-1.7596660243401312,0.009646302250803767,0.021304277118230644,0.042265988050453646,0.04964064850409492,0.050588865096359764,0.05316116048968643
2012-12-07,31.55,31.6,31.3,31.35,31.35,2882,-1.7484408045977593,-1.7689234157968583,-1.7477736860983177,-1.765730299033535,-1.765730299033535,0.005452212957023788,0.014891550663645104,0.03465346534653468,0.045348449483161156,0.046884391905429895,0.049255313214704104
2012-12-10,31.4,31.6,31.1,31.2,31.2,2882,-1.7666670710372179,-1.7689234157968583,-1.772307467908459,-1.783923123113748,-1.783923123113748,-0.002238567316917182,0.007751937984496074,0.024518388791593678,0.037492725912378344,0.039307128580946024,0.042026161981630936
2012-12-11,31.15,31.35,30.75,30.95,30.95,2882,-1.7970441817696483,-1.7990369767053618,-1.8152415860762066,-1.814244496580769,-1.814244496580769,-0.009916826615483005,-0.0019348597226700652,0.011878814298169135,0.025938509985911955,0.02912815056194712,0.03235490326884586
2012-12-12,31.35,31.6,31.25,31.4,31.4,2882,-1.7727424931837037,-1.7689234157968583,-1.753907131550853,-1.7596660243401312,-1.7596660243401312,0.00447856685860515,0.009808650908505951,0.020585048754062824,0.03698811096433305,0.04249667994687907,0.04498308281102668
2012-12-13,31.6,31.6,31.25,31.55,31.55,2882,-1.742365382451273,-1.7689234157968583,-1.753907131550853,-1.7414732002599185,-1.7414732002599185,0.008309364014062052,0.011380028850777381,0.020155205863332665,0.03723185666146134,0.04504802914872472,0.047418801527139974
2012-12-14,31.5,31.5,31.1,31.2,31.2,2882,-1.7545162267442453,-1.78096884016026,-1.772307467908459,-1.783923123113748,-1.783923123113748,-0.0019193857965451781,-0.0006406149903909889,0.006018916595012807,0.02161100196463655,0.031609575452982513,0.03431128791645948
2012-12-17,31.1,31.3,30.8,30.8,30.8,2882,-1.8031196039161341,-1.8050596888870625,-1.809108140623671,-1.8324373206609812,-1.8324373206609812,-0.012187299550994195,-0.013610888710968798,-0.007518796992481233,0.005385996409335699,0.01670297748729122,0.019417475728155435
2012-12-18,31.1,31.1,30.85,31.1,31.1,2882,-1.8031196039161341,-1.829150537613865,-1.8029746951711358,-1.796051672500556,-1.796051672500556,-0.003524511374559418,-0.004322074595806037,0.0007508312774859052,0.011628852565666595,0.023834606268106285,0.02764621654367219
2012-12-19,31.3,32.5,31.3,32.05,32.05,2882,-1.7788179153301897,-1.6605145965262462,-1.7477736860983177,-1.680830453325877,-1.680830453325877,0.022654754307594158,0.02396166134185292,0.028012402437720334,0.03688126819799396,0.051095369277187455,0.056941848961195876
2012-12-20,31.7,31.9,31.15,31.15,31.15,2882,-1.7302145381583012,-1.7327871427066546,-1.766174022455924,-1.789987397807152,-1.789987397807152,-0.0035188739603326754,-0.003996802557953637,-0.002135611318739982,0.004514672686230267,0.01843980906296999,0.025739531310026882
2012-12-21,31.25,31.3,30.75,31.0,31.0,2882,-1.784893337476676,-1.8050596888870625,-1.8152415860762066,-1.8081802218873646,-1.8081802218873646,-0.007046764894298491,-0.007682458386683689,-0.0070467648942986036,-0.0020923869306292524,0.01056200286869219,0.019513264634948606
2012-12-22,31.1,31.25,30.8,30.9,30.9,2882,-1.8031196039161341,-1.8110824010687632,-1.809108140623671,-1.820308771274173,-1.820308771274173,-0.010883482714468627,-0.009932713873758483,-0.010566762728146184,-0.005951423516165313,0.0046820132657042,0.014722784740846177
2012-12-24,30.95,31.0,30.7,30.8,30.8,2882,-1.8213458703555927,-1.8411959619772666,-1.821375031528742,-1.8324373206609812,-1.8324373206609812,-0.012187299550994195,-0.012662285622695932,-0.013347570742124858,-0.009725906277630479,-0.000973078170612961,0.00950508030154045
2012-12-25,30.85,31.5,30.75,31.45,31.45,2882,-1.8334967146485646,-1.78096884016026,-1.8152415860762066,-1.753601749646727,-1.753601749646727,0.012556342562781616,0.008012820512820514,0.007367072389494043,0.00971185488401965,0.016483516483516418,0.02822580645161302
2012-12-26,31.45,31.65,31.25,31.35,31.35,2882,-1.7605916488907316,-1.762900703615158,-1.753907131550853,-1.765730299033535,-1.765730299033535,0.008038585209003215,0.005452212957023788,0.004271222637480077,0.0052104208416834125,0.010377723346654722,0.022115959354453117
2012-12-27,31.3,31.4,31.15,31.25,31.25,2882,-1.7788179153301897,-1.7930142645236613,-1.766174022455924,-1.7778588484203437,-1.7778588484203437,0.0032102728731942675,0.002084335417668906,0.0012816404998398816,0.00152231391715417,0.00540505758960179,0.016094943911559127
2012-12-28,31.5,31.7,31.3,31.5,31.5,2882,-1.7545162267442453,-1.7568779914334571,-1.7477736860983177,-1.7475374749533228,-1.7475374749533228,0.007355292612727868,0.00783874580067181,0.008645533141210361,0.008322663252240767,0.012145748987854255,0.02134558227506085
2013-01-02,31.6,31.9,31.45,31.7,31.7,2882,-1.742365382451273,-1.7327871427066546,-1.7293733497407118,-1.7232803761797062,-1.7232803761797062,0.00794912559618442,0.012294427590611579,0.013427109974424608,0.01358912869704239,0.016938277941742432,0.02478448275862066
2013-01-03,31.9,32.0,31.6,31.8,31.8,2882,-1.7059128495723568,-1.720741718343253,-1.7109730133831054,-1.7111518267928976,-1.7111518267928976,0.008883248730964504,0.016299137104506284,0.01575809199318577,0.016136763061191967,0.018512587278201365,0.024594565567608157
2013-01-04,31.8,31.8,31.3,31.5,31.5,2882,-1.7180636938653286,-1.7448325670700557,-1.7477736860983177,-1.7475374749533228,-1.7475374749533228,-0.0015847860538827482,0.0055865921787709725,0.006282611010541969,0.006389776357827453,0.007677543186180372,0.012373453318335259
2013-01-07,31.6,31.7,31.3,31.6,31.6,2882,-1.742365382451273,-1.7568779914334571,-1.7477736860983177,-1.7354089255665142,-1.7354089255665142,-0.0006325110689438053,0.006850406245021502,0.008617938078519091,0.009181636726546951,0.010036438023397163,0.013741111051702976
2013-01-08,31.6,31.75,31.35,31.4,31.4,2882,-1.742365382451273,-1.7508552792517564,-1.7416402406457823,-1.7596660243401312,-1.7596660243401312,-0.006329113924050722,-0.0011134086209640113,0.0009563277016256801,0.0024742597174555216,0.00281042411854883,0.006356498050317851
2013-01-09,31.3,31.55,31.15,31.3,31.3,2882,-1.7788179153301897,-1.774946127978559,-1.766174022455924,-1.7717945737269394,-1.7717945737269394,-0.006979695431472045,-0.00587581387962529,-0.0026553372278278965,-0.0012763241863431908,-0.0007661856723278431,0.0022414345180915875
2013-01-10,31.55,32.2,31.5,31.95,31.95,2882,-1.7484408045977593,-1.69665086961645,-1.7232399042881763,-1.6929590027126853,-1.6929590027126853,0.012678288431061762,0.01315998097352157,0.018272601721024143,0.01857017613772215,0.019268806227269803,0.021528295854204484
2013-01-11,32.3,32.3,31.8,31.85,31.85,2882,-1.6573094724004682,-1.6846054452530492,-1.6864392315729642,-1.7050875520994933,-1.7050875520994933,0.007273877292852751,0.00839005857210703,0.013578020579187413,0.014896837409384247,0.015495472516260702,0.01692209450830144
2013-01-14,31.8,31.95,31.5,31.95,31.95,2882,-1.7180636938653286,-1.7267644305249539,-1.7232399042881763,-1.6929590027126853,-1.6929590027126853,0.00820448090880409,0.00931922287158421,0.014715223374973463,0.01686823679185236,0.017904931821078156,0.01903040612375083
2013-01-15,32.0,32.25,31.7,31.85,31.85,2882,-1.6937620052793845,-1.6906281574347497,-1.698706122478035,-1.7050875520994933,-1.7050875520994933,0.0022026431718061763,0.005048911328494685,0.009508716323296378,0.011994598458972274,0.013879162157000061,0.01465434851863665
2013-01-16,32.0,32.0,31.75,31.8,31.8,2882,-1.6937620052793845,-1.720741718343253,-1.6925726770254996,-1.7111518267928976,-1.7111518267928976,-0.002509410288582241,0.0031545741324921586,0.005798629414865585,0.009283503927636291,0.011193080641058265,0.012201591511936324
2013-01-17,32.1,32.4,31.35,31.4,31.4,2882,-1.681611160986412,-1.6725600208896478,-1.7416402406457823,-1.7596660243401312,-1.7596660243401312,-0.011646207113629351,-0.00821225521162366,-0.006748207507380895,-0.0023828435266085098,-0.0015263291783261836,-0.0005305039787799237
2013-01-18,31.85,31.95,31.75,31.9,31.9,2882,-1.7119882717188426,-1.7267644305249539,-1.6925726770254996,-1.6990232774060894,-1.6990232774060894,0.0037759597230962063,0.006309148264984205,0.007898894154818327,0.012296707655692164,0.013921556162990237,0.014846235418875874
2013-01-21,32.0,32.25,31.8,32.0,32.0,2882,-1.6937620052793845,-1.6906281574347497,-1.6864392315729642,-1.686894728019281,-1.686894728019281,0.006605850896508363,0.008191556395715236,0.009463722397476363,0.013861386138613862,0.016066552359179535,0.017326339214751286
2013-01-22,32.3,32.35,32.05,32.25,32.25,2882,-1.6573094724004682,-1.678582733071348,-1.6557720043102877,-1.65657335455226,-1.65657335455226,0.011923438970819033,0.013354281225451712,0.015748031496062992,0.019601644008852274,0.02212221095334687,0.02413464591933941
2013-01-23,32.4,32.4,32.0,32.05,32.05,2882,-1.6451586281074957,-1.6725600208896478,-1.6619054497628227,-1.680830453325877,-1.680830453325877,0.004072681704260621,0.004702194357366727,0.008707511540075442,0.01128027135757677,0.014561570117125588,0.016599703954324387
2013-01-24,31.9,32.15,31.7,32.0,32.0,2882,-1.7059128495723568,-1.702673581798151,-1.698706122478035,-1.686894728019281,-1.686894728019281,-0.001248439450686615,0.0029775897194796695,0.006711409395973086,0.008827238335435092,0.013042927694061119,0.014370245139475903
2013-01-25,32.0,32.1,31.7,32.0,32.0,2882,-1.6937620052793845,-1.7086962939798516,-1.698706122478035,-1.686894728019281,-1.686894728019281,-0.0018714909544604575,0.002506265664160459,0.005656819610307973,0.007794661837650651,0.01195370311808235,0.013888155462850594
2013-01-28,32.1,32.55,32.1,32.5,32.5,2882,-1.681611160986412,-1.654491884344546,-1.649638558857752,-1.6262519810852392,-1.6262519810852392,0.010572139303482471,0.016419077404222004,0.01944792973651195,0.021530724501021604,0.025819077078467315,0.028318304065812358
2013-01-29,32.6,32.65,32.4,32.5,32.5,2882,-1.620856939521551,-1.6424464599811444,-1.61283788614254,-1.6262519810852392,-1.6262519810852392,0.009003415088481811,0.014357053682896406,0.017108282912580854,0.019927820492703644,0.023751023751023795,0.026477864926040998
2013-01-30,32.7,32.95,32.5,32.5,32.5,2882,-1.6087060952285785,-1.6063101868909397,-1.6005709952374692,-1.6262519810852392,-1.6262519810852392,0.006191950464396374,0.012145748987854268,0.014568158168574461,0.018649114558846765,0.021562833972465063,0.024967148488830526
2013-01-31,32.65,32.9,32.5,32.9,32.9,2882,-1.6147815173750653,-1.612332899072641,-1.6005709952374692,-1.5777377835380058,-1.5777377835380058,0.012931034482758674,0.019838809671419735,0.025028559559663557,0.02941176470588228,0.032254016064256874,0.03665581346497208
2013-02-01,32.9,33.0,32.7,32.95,32.95,2882,-1.5844044066426346,-1.6002874747092395,-1.5760372134273275,-1.5716735088446012,-1.5716735088446012,0.008570554025099514,0.018075081106133418,0.024246192104445397,0.02864278467181781,0.03175100200400811,0.036272145927246126
2013-02-04,33.1,34.15,33.1,33.85,33.85,2882,-1.56010271805669,-1.4617650945301242,-1.5269696498070449,-1.462516564363326,-1.462516564363326,0.0276259866423802,0.03993855606758846,0.048095778718134,0.05304090838388569,0.05649188514357061,0.06140580088842443
2013-02-05,33.7,34.1,33.5,33.8,33.8,2882,-1.4871976522988566,-1.4677878067118244,-1.4779020861867622,-1.4685808390567308,-1.4685808390567308,0.018072289156626332,0.03348111909493958,0.04235197368421058,0.0475747714241437,0.051910867670857695,0.0566352315948522
2013-02-06,34.85,35.95,34.85,35.3,35.3,2882,-1.3474629429296763,-1.244947455988899,-1.3122990589683075,-1.2866525982546053,-1.2866525982546053,0.04561611374407581,0.06872540115046914,0.08083282302510696,0.08732481133528396,0.0936919072995415,0.09837680858787518
2013-02-18,35.8,37.5,35.8,37.1,37.1,2882,-1.2320299221464408,-1.0582433783561784,-1.1957635953701362,-1.0683387092920542,-1.0683387092920542,0.0722543352601156,0.10614192009540854,0.12288135593220346,0.13377645351058132,0.14196010834769768,0.14765931119818518
2013-02-19,37.1,37.45,36.6,37.2,37.2,2882,-1.0740689463378015,-1.0642660905378787,-1.09762846812957,-1.0562101599052456,-1.0562101599052456,0.049365303244005634,0.09219025249559602,0.11399480934318244,0.127614428614732,0.13705832008803037,0.1438528160713371
2013-02-20,37.6,37.8,37.05,37.1,37.1,2882,-1.0133147248729404,-1.0221071052659747,-1.0424274590567524,-1.0683387092920542,-1.0683387092920542,0.027700831024930747,0.0747392815758982,0.09980237154150198,0.11587337393789003,0.12642700995870784,0.13397860417727966
2013-02-21,37.0,37.25,36.35,36.45,36.45,2882,-1.0862197906307738,-1.088356939264682,-1.128295695392247,-1.1471742803063083,-1.1471742803063083,-0.004914004914004906,0.043963912358585246,0.07163857310858489,0.08879097901575674,0.09994568169473103,0.10852045212631158
2013-02-22,36.45,37.45,36.2,37.4,37.4,2882,-1.1530494342421207,-1.0642660905378787,-1.1466960317498527,-1.0319530611316294,-1.0319530611316294,0.009446693657220012,0.056347973450077596,0.08815827756764624,0.10790194771532247,0.12036426816847381,0.13087738749181071
2013-02-23,37.55,38.05,37.55,37.6,37.6,2882,-1.019390147019427,-0.9919935443574713,-0.9810930045313989,-1.0076959623580124,-1.0076959623580124,0.012113055181695904,0.04808362369337983,0.08222200901851681,0.10369120129155349,0.11878124256129484,0.13031715015782355
2013-02-25,37.6,38.35,37.4,38.05,38.05,2882,-1.0133147248729404,-0.9558572712672667,-0.9994933408890048,-0.9531174901173752,-0.9531174901173752,0.01956055734190774,0.04576061563831247,0.08260622154779956,0.10690909090909083,0.12387759924385619,0.13638626182180177
2013-02-26,37.45,37.85,37.1,37.35,37.35,2882,-1.0315409913123985,-1.0160843930842736,-1.0362940136042167,-1.0380173358250333,-1.0380173358250333,-0.0005351886540006188,0.01674152715394044,0.053002537355511775,0.07815544490149393,0.09620803005400325,0.10913140311804022
2013-02-27,37.5,37.8,37.35,37.6,37.6,2882,-1.025465569165913,-1.0221071052659747,-1.0056267863415398,-1.0076959623580124,-1.0076959623580124,0.0,0.013067492927388026,0.04998603741971534,0.07705528501861923,0.0961459973179407,0.1097446996900979
2013-03-01,38.0,38.1,37.8,38.05,38.05,2882,-0.9647113477010517,-0.9859708321757702,-0.9504257772687221,-0.9531174901173752,-0.9531174901173752,0.008481314603763402,0.017651778550414457,0.05168601437258147,0.08065890372053383,0.10123871266496867,0.11561767005473009
2013-03-04,38.05,38.05,37.5,37.8,37.8,2882,-0.958635925554566,-0.9919935443574713,-0.9872264499839339,-0.9834388635843961,-0.9834388635843961,0.00079428117553617,0.009076348104644855,0.03542731921110289,0.06478873239436611,0.0859572512066191,0.10198726981196254
2013-03-05,38.3,39.35,38.0,39.2,39.2,2882,-0.9282588148221355,-0.8354030276332532,-0.9258919954585804,-0.8136391721690783,-0.8136391721690783,0.03157894736842113,0.04089219330855035,0.061659294032680445,0.09313998884551042,0.11680911680911685,0.1346970281744501
2013-03-06,39.5,39.65,38.95,39.0,39.0,2882,-0.7824486833064687,-0.7992667545430495,-0.8093565318604083,-0.8378962709426954,-0.8378962709426954,0.017479780850508785,0.03038309114927341,0.04651162790697677,0.07779466629818979,0.10231769361221021,0.12128036800996694
2013-03-07,39.5,40.95,39.3,40.95,40.95,2882,-0.7824486833064687,-0.6426762378188313,-0.7664224136926616,-0.601389557899932,-0.601389557899932,0.05000000000000007,0.06919060052219336,0.0849598163031,0.11862323294406886,0.1461598746081505,0.16716545532278757
2013-03-08,41.0,42.0,40.8,41.85,41.85,2882,-0.6001860189118855,-0.5161992820031174,-0.582419050116601,-0.4922326134186569,-0.4922326134186569,0.05256539235412465,0.08013937282229976,0.09612362493452074,0.12879298718813212,0.15863787375415295,0.18153585544889914
2013-03-11,42.15,42.6,41.8,41.95,41.95,2882,-0.4604513095427052,-0.44392673582270914,-0.4597501410658939,-0.4801040640318483,-0.4801040640318483,0.033505789603350745,0.07069933639612055,0.08951605921565228,0.11784691226433967,0.14874856235281236,0.1727158365559335
2013-03-12,41.9,41.9,40.55,40.55,40.55,2882,-0.49082842027513574,-0.528244706366519,-0.6130862773792778,-0.6499037554471662,-0.6499037554471662,-0.007586882036221299,0.028404767943190398,0.04708211396109478,0.06970916045637382,0.10010851871947905,0.12451469772601227
2013-03-13,41.15,41.5,40.25,40.95,40.95,2882,-0.5819597524724273,-0.5764264038201242,-0.6498869500944895,-0.601389557899932,-0.601389557899932,-0.007272727272727204,0.02915305353103804,0.05044890979050881,0.07023848415550474,0.10086563793752358,0.12628925051570025
2013-03-14,41.15,41.25,40.5,40.65,40.65,2882,-0.5819597524724273,-0.6065399647286276,-0.6192197228318127,-0.6377752060603575,-0.6377752060603575,-0.013109978150036396,0.013842124953235878,0.035317089735970704,0.05297241289988329,0.08330668372241759,0.10949369967702305
2013-03-15,40.85,41.05,39.8,39.9,39.9,2882,-0.6184122853513436,-0.6306308134554307,-0.705087959167308,-0.7287393264614204,-0.7287393264614204,-0.02205882352941173,-0.009433962264151007,0.011919857976160256,0.02742371572035529,0.05499735589635109,0.08130081300813008
2013-03-18,39.55,39.55,38.85,38.85,38.85,2882,-0.7763732611599828,-0.811312178906451,-0.8216234227654792,-0.8560890950229078,-0.8560890950229078,-0.033101045296167204,-0.03800916181750659,-0.016787582250717074,-0.0018626758301752973,0.020810342109411992,0.04637069623378365
2013-03-19,39.15,40.1,39.15,40.0,40.0,2882,-0.8249766383318715,-0.745062344907743,-0.7848227500502675,-0.7166107770746117,-0.7166107770746117,-0.0017469428500124853,-0.011491412331644715,0.008996888926259206,0.024,0.043296817944705177,0.06966171948121398
2013-03-20,40.0,41.8,39.8,41.05,41.05,2882,-0.7216944618416076,-0.5402901307299205,-0.705087959167308,-0.5892610085131242,-0.5892610085131242,0.023946121227238736,0.009343496434718353,0.029079969917272415,0.045593479368313594,0.06270063166614884,0.08943736730360928
2013-03-21,41.2,41.4,40.5,40.5,40.5,2882,-0.5758843303259407,-0.5884718281835257,-0.6192197228318127,-0.6559680301405699,-0.6559680301405699,0.010983524712930546,-0.003076923076923077,0.010395010395010335,0.0262907823883434,0.04123817359111474,0.06728742094167235
2013-03-22,40.15,40.75,40.15,40.35,40.35,2882,-0.7034681954021494,-0.6667670865456343,-0.6621538409995604,-0.6741608542207823,-0.6741608542207823,0.004981320049813272,-0.0030883261272390363,0.002816668047386385,0.018682150971976823,0.03202209831704953,0.05605234460196289
2013-03-25,41.0,41.25,40.75,41.1,41.1,2882,-0.6001860189118855,-0.6065399647286276,-0.588552495569136,-0.5831967338197196,-0.5831967338197196,0.01231527093596059,0.01757860856647687,0.015901787921232532,0.03305265803694872,0.04692037291762204,0.06804105851271165
2013-03-26,41.25,41.4,40.8,41.1,41.1,2882,-0.569808908179455,-0.5884718281835257,-0.582419050116601,-0.5831967338197196,-0.5831967338197196,0.006859382655560852,0.016194832488564747,0.012731006160164248,0.029107981220657313,0.04277667833764652,0.06055393084465864
2013-03-27,41.3,41.6,41.2,41.6,41.6,2882,-0.5637334860329691,-0.5643809794567227,-0.5333514864963175,-0.5225539868856778,-0.5225539868856778,0.01636941118983635,0.02690693655887426,0.02069191134374763,0.03611457036114578,0.05066424205687731,0.06634767377280314
2013-03-28,41.6,41.65,40.65,41.05,41.05,2882,-0.527280953154052,-0.5583582672750224,-0.6008193864742069,-0.5892610085131242,-0.5892610085131242,0.0002436647173488794,0.012330456226880395,0.007032463815520363,0.01804203608407215,0.031977474986173225,0.045771059782608516
2013-03-29,41.5,41.5,40.65,40.95,40.95,2882,-0.5394317974470244,-0.5764264038201242,-0.6008193864742069,-0.601389557899932,-0.601389557899932,-0.005102040816326551,0.0072561800516542044,0.006060109737122342,0.011923148205350015,0.02580160320641285,0.03824212972744558
2013-04-01,41.2,41.5,40.05,40.15,40.15,2882,-0.5758843303259407,-0.5764264038201242,-0.6744207319046313,-0.6984179529943993,-0.6984179529943993,-0.020014644862094394,-0.015569449552531521,-0.010677618069815287,-0.010718245657262591,0.0031982409674678955,0.015341819101407802
2013-04-02,40.0,40.4,39.5,39.8,39.8,2882,-0.7216944618416076,-0.7089260718175393,-0.7418886318825199,-0.7408678758482289,-0.7408678758482289,-0.022353230164578648,-0.023672267876855228,-0.01809210526315792,-0.02006647790225281,-0.007283248528384755,0.004289679535705317
2013-04-03,40.6,40.8,40.05,40.15,40.15,2882,-0.6487893960837742,-0.6607443743639341,-0.6744207319046313,-0.6984179529943993,-0.6984179529943993,-0.006679861454725461,-0.012907191149354607,-0.008152173913043436,-0.012846517917511853,-0.0013431499353298688,0.010528965141155151
2013-04-08,39.5,39.85,38.8,38.95,38.95,2882,-0.7824486833064687,-0.7751759058162464,-0.8277568682180151,-0.8439605456360992,-0.8439605456360992,-0.02624999999999993,-0.03874629812438302,-0.03509496284062752,-0.03999014110542844,-0.032490436683391945,-0.021725480346603085
2013-04-09,39.0,39.2,38.65,38.8,38.8,2882,-0.8432029047713296,-0.853471164178355,-0.8461572045756209,-0.8621533697163125,-0.8621533697163125,-0.01945918625221135,-0.03877121268425611,-0.03706154864328257,-0.04007916872835241,-0.03693407466243066,-0.026633775139022646
2013-04-10,39.2,39.4,38.8,39.1,39.1,2882,-0.8189012161853849,-0.8293803154515529,-0.8277568682180151,-0.8257677215558868,-0.8257677215558868,-0.006605691056910518,-0.026515623054898487,-0.030017365418010266,-0.029234684377133512,-0.03073872087258309,-0.020336576606672912
2013-04-11,39.15,39.2,38.8,38.9,38.9,2882,-0.8249766383318715,-0.853471164178355,-0.8277568682180151,-0.850024820329504,-0.850024820329504,-0.007146503318019427,-0.026160971335586473,-0.03322011432358544,-0.032217937554422406,-0.0354096409442572,-0.026039058587881976
2013-04-12,38.95,39.5,38.55,38.6,38.6,2882,-0.8492783269178155,-0.8173348910881514,-0.8584240954806919,-0.8864104684899287,-0.8864104684899287,-0.006946231026498483,-0.026358935553033036,-0.036765929129928536,-0.03686607198552802,-0.0424687437983726,-0.0345575055233649
2013-04-15,38.8,38.9,38.05,38.05,38.05,2882,-0.8675045933572745,-0.8896074372685596,-0.9197585500060454,-0.9531174901173752,-0.9531174901173752,-0.016541742052209887,-0.03291396619646719,-0.046604860937108486,-0.04749984354465255,-0.05338839685540852,-0.04867072256021333
2013-04-16,37.7,38.3,37.55,38.15,38.15,2882,-1.001163880579968,-0.961879983448968,-0.9810930045313989,-0.9409889407305667,-0.9409889407305667,-0.010632780082987466,-0.023422500959938544,-0.04057339257272202,-0.042900150526843976,-0.04739312824610458,-0.046250000000000034
2013-04-17,38.15,38.2,37.5,37.5,37.5,2882,-0.9464850812615936,-0.9739254078123686,-0.9872264499839339,-1.0198245117448208,-1.0198245117448208,-0.019351464435146314,-0.03350515463917519,-0.05119338787214304,-0.05761135892442053,-0.05944319036869821,-0.06226556639159794
2013-04-18,37.2,37.75,37.1,37.25,37.25,2882,-1.0619181020448292,-1.028129817447675,-1.0362940136042167,-1.0501458852118417,-1.0501458852118417,-0.01740965444473745,-0.033597094305357414,-0.05135823429541594,-0.060648089774303394,-0.0626100961296492,-0.06700062617407633
2013-04-19,37.4,38.5,37.4,38.5,38.5,2882,-1.0376164134588852,-0.9377891347221649,-0.9994933408890048,-0.8985390178767373,-0.8985390178767373,0.016099234626550527,0.0031266284523188493,-0.01433691756272425,-0.02599456074884565,-0.028758829465186694,-0.035289204426811396
2013-04-22,38.85,39.15,38.7,38.85,38.85,2882,-0.8614291712107878,-0.8594938763600563,-0.8400237591230851,-0.8560890950229078,-0.8560890950229078,0.021024967148488945,0.01250977326035976,-0.0016275483981495326,-0.01508429458740015,-0.018145976546704495,-0.02480860143078266
2013-04-23,38.85,38.85,38.15,38.55,38.55,2882,-0.8614291712107878,-0.89563014945026,-0.9074916591009745,-0.8924747431833334,-0.8924747431833334,0.011014948859165869,0.005346198982918012,-0.005246860485119738,-0.02045483420149917,-0.024396416459988832,-0.029659772622393964
2013-04-24,38.85,39.15,38.75,38.75,38.75,2882,-0.8614291712107878,-0.8594938763600563,-0.8338903136705501,-0.8682176444097164,-0.8682176444097164,0.009640437727983257,0.011485251892456218,0.0023279875840663067,-0.01242433896145262,-0.019235636547709392,-0.02199974761283817
2013-04-25,38.55,38.6,38.35,38.55,38.55,2882,-0.8978817040897049,-0.9257437103587633,-0.8829578772908327,-0.8924747431833334,-0.8924747431833334,-0.002329192546583939,0.00718484650555189,-0.0006912641493131643,-0.014318588596266998,-0.02286322619892548,-0.025407660219946976
2013-04-26,38.7,39.15,38.6,38.6,38.6,2882,-0.8796554376502459,-0.8594938763600563,-0.852290650028156,-0.8864104684899287,-0.8864104684899287,-0.001551991722710871,0.00849118223383417,0.00329232368740249,-0.009240246406570646,-0.01915942470905112,-0.022207211010723597
2013-04-29,39.0,39.1,38.75,38.9,38.9,2882,-0.8432029047713296,-0.8655165885417566,-0.8338903136705501,-0.850024820329504,-0.850024820329504,0.005947763123868736,0.014077163712200186,0.011177540940992974,0.001222572550028758,-0.009926189870195994,-0.013149549701915291
2013-04-30,39.2,39.95,39.2,39.7,39.7,2882,-0.8189012161853849,-0.7631304814528449,-0.7786893045977316,-0.7529964252350365,-0.7529964252350365,0.0205655526992289,0.030767233545371992,0.030365948611471624,0.023459654550141883,0.011104319478402605,0.007315938596862198
2013-05-02,40.0,40.4,40.0,40.4,40.4,2882,-0.7216944618416076,-0.7089260718175393,-0.6805541773571663,-0.6680965795273784,-0.6680965795273784,0.029824114198317472,0.041102950650689314,0.04618040569702196,0.04117002770440059,0.029666632684269587,0.023735112762902293
2013-05-03,40.7,41.0,40.5,40.55,40.55,2882,-0.6366385517908018,-0.636653525637131,-0.6192197228318127,-0.6499037554471662,-0.6499037554471662,0.02321473631087546,0.03615689280695009,0.04708211396109478,0.04402677651905236,0.034069464986994404,0.027058972518890674
2013-05-06,41.0,41.0,39.55,39.65,39.65,2882,-0.6001860189118855,-0.636653525637131,-0.7357551864299848,-0.7590606999284413,-0.7590606999284413,-0.004769076305220827,0.010191082802547734,0.021995016754016626,0.02151230194512433,0.013133687653311604,0.005452009636110142
2013-05-07,39.65,39.85,39.3,39.5,39.5,2882,-0.7642224168670104,-0.7751759058162464,-0.7664224136926616,-0.7772535240086536,-0.7772535240086536,-0.011511511511511533,0.004705583110772028,0.01559821734658884,0.016927334749308073,0.010902390336285048,0.0024956643120004132
2013-05-08,39.6,40.15,39.5,39.75,39.75,2882,-0.7702978390134962,-0.7390396327260427,-0.7418886318825199,-0.7469321505416326,-0.7469321505416326,-0.005504128096072026,0.007987828071510022,0.019230769230769232,0.022113653895602967,0.018551734740942034,0.00935291379237375
2013-05-09,39.8,40.3,39.7,39.75,39.75,2882,-0.7459961504275523,-0.7209714961809408,-0.7173548500723781,-0.7469321505416326,-0.7469321505416326,-0.0022590361445782208,0.005438219299354908,0.015325670498084329,0.0212601965444152,0.018969495001281776,0.010507584103042132
2013-05-10,39.85,40.25,39.85,40.1,40.1,2882,-0.7399207282810657,-0.7269942083626412,-0.6989545137147721,-0.7044822276878032,-0.7044822276878032,0.008805031446540917,0.01033005794910548,0.019318759532282796,0.02866670942089398,0.027625442058325962,0.020269697226698517
2013-05-13,40.1,40.1,39.65,40.1,40.1,2882,-0.7095436175486352,-0.745062344907743,-0.7234882955249139,-0.7044822276878032,-0.7044822276878032,0.006526104417670812,0.006526104417670812,0.01656244718607409,0.026691416501312272,0.027678113787801082,0.0215692934782608
2013-05-14,40.1,40.15,39.85,39.85,39.85,2882,-0.7095436175486352,-0.7390396327260427,-0.6989545137147721,-0.7348036011548241,-0.7348036011548241,-0.0015033826108745243,-0.002128458745461396,0.00852033069006241,0.017944951784916223,0.020329782875870648,0.0162359741584496
2013-05-15,40.2,40.9,40.1,40.9,40.9,2882,-0.6973927732556627,-0.6486989500005326,-0.6682872864520953,-0.6074538325933366,-0.6074538325933366,0.018933731938216194,0.021095993009611937,0.031005797832115052,0.041109838360697336,0.044966785896780735,0.04305691333361649
2013-05-16,41.4,41.6,41.1,41.3,41.3,2882,-0.5515826417399968,-0.5643809794567227,-0.5456183774013883,-0.5589396350461033,-0.5589396350461033,0.021013597033374395,0.02877070619006106,0.03664658634538155,0.04623179227359077,0.052819414703782895,0.05222929936305725
2013-05-17,41.2,41.35,40.6,40.6,40.6,2882,-0.5758843303259407,-0.5944945403652261,-0.6069528319267419,-0.6438394807537614,-0.6438394807537614,0.0012330456226881446,0.011207970112079772,0.015592428916868212,0.02415337075108793,0.03318403908794793,0.03369260799456856
2013-05-20,40.7,41.9,40.3,41.9,41.9,2882,-0.6366385517908018,-0.528244706366519,-0.6437535046419545,-0.486168338725253,-0.486168338725253,0.024199462234172624,0.0377708978328173,0.042374989634297845,0.052433281004709544,0.06269656081972207,0.06520910130926649
2013-05-21,41.3,41.45,40.75,40.9,40.9,2882,-0.5637334860329691,-0.5824491160018246,-0.588552495569136,-0.6074538325933366,-0.6074538325933366,-0.005350194552529155,0.009502653338269728,0.014133399454500201,0.024677439559062996,0.03434322998330881,0.03807106598984772
2013-05-22,41.2,41.25,40.8,40.9,40.9,2882,-0.5758843303259407,-0.6065399647286276,-0.582419050116601,-0.6074538325933366,-0.6074538325933366,-0.0053501945525289835,0.006645335958651144,0.01212571145756006,0.021669893211765434,0.031473822253606315,0.03623004813782619
2013-05-23,40.6,40.7,39.75,39.75,39.75,2882,-0.6487893960837742,-0.6727897987273347,-0.7112214046198431,-0.7469321505416326,-0.7469321505416326,-0.025974025974026028,-0.02165887275412263,-0.01527663088356731,-0.008295390756564488,0.00020129837451569302,0.00654146444397551
2013-05-24,39.85,40.15,39.55,39.9,39.9,2882,-0.7399207282810657,-0.7390396327260427,-0.7357551864299848,-0.7287393264614204,-0.7287393264614204,-0.018932874354561178,-0.01748337847820736,-0.010498470695213832,-0.006226650062266501,0.0013049588436056918,0.009487666034155597
2013-05-27,39.6,39.9,39.6,39.65,39.65,2882,-0.7702978390134962,-0.769153193634546,-0.7296217409774489,-0.7590606999284413,-0.7590606999284413,-0.014172053704624573,-0.02255639097744359,-0.01669835496404081,-0.013742926434923251,-0.006116207951070331,0.0022750252780587314
2013-05-28,39.65,40.2,39.5,39.6,39.6,2882,-0.7642224168670104,-0.7330169205443415,-0.7418886318825199,-0.765124974621845,-0.765124974621845,-0.009009009009008818,-0.023186975826344297,-0.01810066947681619,-0.015843429636532978,-0.008115419296663613,-0.00029452602347802246
2013-05-29,39.75,40.15,39.7,39.85,39.85,2882,-0.7520715725740381,-0.7390396327260427,-0.7173548500723781,-0.7348036011548241,-0.7348036011548241,0.0025157232704402874,-0.014467664152343287,-0.012065118585241012,-0.00981488383650133,-0.0031518911346807505,0.004579639510945053
2013-05-30,39.7,39.75,39.2,39.3,39.3,2882,-0.7581469947205238,-0.7872213301796479,-0.7786893045977316,-0.8015106227822707,-0.8015106227822707,-0.009077155824508307,-0.023238473965453022,-0.024975190208402106,-0.02214481214232415,-0.017450872543627368,-0.010781558081973433
2013-05-31,39.95,40.0,39.0,39.0,39.0,2882,-0.7277698839880933,-0.7571077692711445,-0.8032230864078733,-0.8378962709426954,-0.8378962709426954,-0.0121580547112463,-0.026824703680598947,-0.030654515327257686,-0.027734496727952564,-0.025389844062375006,-0.019772117962466366
2013-06-03,38.7,39.05,38.5,38.55,38.55,2882,-0.8796554376502459,-0.8715393007234578,-0.8645575409332269,-0.8924747431833334,-0.8924747431833334,-0.018084564442180536,-0.02994464016104675,-0.03937204086718179,-0.037633401984647076,-0.03658719448193146,-0.03112302601265036
2013-06-04,38.6,38.7,38.25,38.25,38.25,2882,-0.8918062819432183,-0.9136982859953618,-0.8952247681959037,-0.9288603913437582,-0.9288603913437582,-0.018979225442421005,-0.031032298923369256,-0.04430748729907554,-0.04363045380672578,-0.04346303891167349,-0.03817945601609332
2013-06-05,38.35,39.5,38.3,39.3,39.3,2882,-0.9221833926756489,-0.8173348910881514,-0.8890913227433687,-0.8015106227822707,-0.8015106227822707,0.010802469135802514,-0.00038153376573828233,-0.015448851774530285,-0.016824066545750364,-0.01681176823776654,-0.012397386496900628
2013-06-06,38.9,39.05,38.6,38.75,38.75,2882,-0.8553537490643021,-0.8715393007234578,-0.852290650028156,-0.8682176444097164,-0.8682176444097164,-0.0005158627805002843,-0.01185770750988133,-0.025075478027507623,-0.02936940321873629,-0.0289680749761942,-0.026218797118445207
2013-06-07,38.75,39.2,38.6,38.75,38.75,2882,-0.8735800155037602,-0.853471164178355,-0.852290650028156,-0.8682176444097164,-0.8682176444097164,0.0007747933884297815,-0.008951406649616404,-0.022040885000420667,-0.02772550495546348,-0.02721293367475012,-0.026381909547738624
2013-06-10,39.2,39.55,39.2,39.5,39.5,2882,-0.8189012161853849,-0.811312178906451,-0.7786893045977316,-0.7772535240086536,-0.7772535240086536,0.015163197121562484,0.010617884098759092,0.0009291325280850174,-0.008160703075957385,-0.008235412272772998,-0.008285212151644624
2013-06-11,39.6,40.35,39.5,40.2,40.2,2882,-0.7702978390134962,-0.7149487839992397,-0.7418886318825199,-0.6923536783009947,-0.6923536783009947,0.02290076335877877,0.026951079320475333,0.01987315010570838,0.008972830520173225,0.008631071858691318,0.008192609931449624
2013-06-13,39.9,40.0,39.6,39.65,39.65,2882,-0.73384530613458,-0.7571077692711445,-0.7296217409774489,-0.7590606999284413,-0.7590606999284413,0.007112014224028477,0.013418530351437663,0.008050847457627021,-0.0032679738562090364,-0.005068754391247571,-0.0055595034067633
2013-06-14,40.0,40.0,39.3,39.55,39.55,2882,-0.7216944618416076,-0.7571077692711445,-0.7664224136926616,-0.7711892493152498,-0.7711892493152498,0.0005059448520110301,0.010217113665389492,0.005849440488301039,-0.0035900988851799557,-0.007378777231201787,-0.00736216849326537
2013-06-17,39.9,40.3,39.85,40.2,40.2,2882,-0.73384530613458,-0.7209714961809408,-0.6989545137147721,-0.6923536783009947,-0.6923536783009947,0.009542943244600767,0.02368220015278838,0.02186070157600405,0.013296363980087048,0.008833567556715617,0.009247248838863523
2013-06-18,40.4,40.4,39.4,39.7,39.7,2882,-0.6730910846697189,-0.7089260718175393,-0.7541555227875907,-0.7529964252350365,-0.7529964252350365,-0.004014049172102273,0.007997968769836173,0.009065491824112577,0.003475513428120135,-0.003313918457521538,-0.0033472803347280216
2013-06-19,40.3,40.4,39.7,40.05,40.05,2882,-0.6852419289626913,-0.7089260718175393,-0.7173548500723781,-0.710546502381208,-0.710546502381208,0.005523474767762965,0.012258309111588329,0.017185912631222374,0.013410931174089098,0.00527108433734924,0.004976788925599027
2013-06-20,40.0,40.35,39.6,40.35,40.35,2882,-0.7216944618416076,-0.7149487839992397,-0.7296217409774489,-0.6741608542207823,-0.6741608542207823,0.009507130347760705,0.017141416687673296,0.023938419895110856,0.021712983477875588,0.013360791601788227,0.011996823140910379
2013-06-21,39.9,40.8,39.65,40.65,40.65,2882,-0.73384530613458,-0.6607443743639341,-0.7234882955249139,-0.6377752060603575,-0.6377752060603575,0.011445633242100047,0.019819367787255373,0.029200776436829997,0.02813784381915895,0.02156212303980692,0.018754437993400482
2013-06-24,40.8,41.45,40.25,41.2,41.2,2882,-0.6244877074978302,-0.5824491160018246,-0.6498869500944895,-0.5710681844329111,-0.5710681844329111,0.02005446892795252,0.02730332876199972,0.039266795594047055,0.04033836247711644,0.0347598955193892,0.03159036848474723
2013-06-25,41.2,41.25,39.85,40.0,40.0,2882,-0.5758843303259407,-0.6065399647286276,-0.6989545137147721,-0.7166107770746117,-0.7166107770746117,-0.011124845488257177,-0.003860042335948229,0.006542526421741448,0.009591115598182801,0.0065425264217412685,0.001627644922999996
2013-06-26,40.6,40.9,39.7,40.1,40.1,2882,-0.6487893960837742,-0.6486989500005326,-0.7173548500723781,-0.7044822276878032,-0.7044822276878032,-0.008897676717745908,-0.001120936604807615,0.00593695125010465,0.011476857106823193,0.009872066082401607,0.003922223149461728
2013-06-27,40.35,40.5,40.05,40.4,40.4,2882,-0.6791665068162046,-0.6968806474541378,-0.6744207319046313,-0.6680965795273784,-0.6680965795273784,-0.00172967630343465,0.0044753853804077506,0.011601702695935356,0.01833763942277394,0.01793993146543026,0.011855067623977367
2013-06-28,40.7,40.9,40.45,40.9,40.9,2882,-0.6366385517908018,-0.6486989500005326,-0.6253531682843477,-0.6074538325933366,-0.6074538325933366,0.00937808489634737,0.01350514186593965,0.02045908183632717,0.028866109049745323,0.02934514521568422,0.02472022715884411
2013-07-01,41.0,41.05,40.65,40.65,40.65,2882,-0.6001860189118855,-0.6306308134554307,-0.6008193864742069,-0.6377752060603575,-0.6377752060603575,0.005939123979213116,0.006188118811881188,0.01102636378709985,0.020459395004393244,0.02228146061764417,0.018414130026305885
2013-07-02,40.85,40.9,40.35,40.4,40.4,2882,-0.6184122853513436,-0.6486989500005326,-0.6376200591894187,-0.6680965795273784,-0.6680965795273784,-0.002222771054581287,-0.00172967630343465,0.0033112582781456837,0.011833949032621721,0.015228426395939128,0.013420293490530455
2013-07-03,40.4,40.4,38.95,39.2,39.2,2882,-0.6730910846697189,-0.7089260718175393,-0.8093565318604083,-0.8136391721690783,-0.8136391721690783,-0.027536591416521938,-0.02934257768973617,-0.02487562189054726,-0.01938711694809252,-0.01453064508019498,-0.015281557462842635
2013-07-04,39.2,40.0,39.15,39.8,39.8,2882,-0.8189012161853849,-0.7571077692711445,-0.7848227500502675,-0.7408678758482289,-0.7408678758482289,-0.009703906444389166,-0.013141581948921427,-0.01019646854016423,-0.005000000000000071,0.0006033789219628369,0.0007123999497128327
2013-07-05,40.2,40.5,39.95,40.2,40.2,2882,-0.6973927732556627,-0.6968806474541378,-0.6866876228097013,-0.6923536783009947,-0.6923536783009947,0.0037453183520600674,-0.0021099664887673764,-0.0013249420337860523,0.003181733108740351,0.009745805284838874,0.010388739946380713
2013-07-08,40.1,40.2,39.55,40.0,40.0,2882,-0.7095436175486352,-0.7330169205443415,-0.7357551864299848,-0.7166107770746117,-0.7166107770746117,0.0020040080160320215,-0.004108054276111021,-0.0059642147117296715,-0.003363647689049585,0.0037137408411121965,0.005277707966825857
2013-07-09,40.25,41.9,40.25,41.6,41.6,2882,-0.691317351109177,-0.528244706366519,-0.6498869500944895,-0.5225539868856778,-0.5225539868856778,0.03585657370517922,0.031618102913825136,0.03055326176713462,0.03379721669980118,0.04067643968579571,0.04378371597039261
2013-07-10,41.9,41.9,41.5,41.75,41.75,2882,-0.49082842027513574,-0.528244706366519,-0.49655081378110566,-0.5043611628054654,-0.5043611628054654,0.026555200393410333,0.031118794764139424,0.03137351778656135,0.03553047684008179,0.040783766266141386,0.04566705626982813
2013-07-11,42.0,43.2,42.0,42.9,42.9,2882,-0.4786775759821633,-0.3716541896423008,-0.43521635925575214,-0.3648828448571694,-0.3648828448571694,0.038992492128844744,0.05301914580265105,0.055350553505535055,0.05978260869565204,0.06562670773510863,0.0717408502310862
2013-07-12,43.0,43.6,43.0,43.45,43.45,2882,-0.35716913305244125,-0.32347249218869556,-0.3125474502050451,-0.29817582322972286,-0.29817582322972286,0.036003814973772,0.059885351872179485,0.06399477593665832,0.06822372464658896,0.07427186866439196,0.08174273858921176
2013-07-15,43.0,43.3,42.2,43.1,43.1,2882,-0.35716913305244125,-0.3596087652789001,-0.4106825774456104,-0.3406257460835523,-0.3406257460835523,0.012687969924812179,0.04510184287099919,0.05216046871185604,0.05585497305242512,0.06105366814377146,0.06939045571085932
2013-07-16,42.95,43.5,42.5,43.5,43.5,2882,-0.363244555198927,-0.33551791655209706,-0.3738819047303986,-0.29211154853631904,-0.29211154853631904,0.013041453190498424,0.04693140794223834,0.05591067238449698,0.060716898317483406,0.06669936243256495,0.07491454223466908
2013-07-17,43.5,44.6,43.15,44.45,44.45,2882,-0.2964149115875802,-0.203018248554682,-0.2941471138474392,-0.1768903293616392,-0.1768903293616392,0.022309107635694544,0.056446821152703504,0.07142857142857137,0.07809847198641762,0.08547008547008546,0.09280885064535971
2013-07-18,44.35,44.85,44.05,44.45,44.45,2882,-0.1931327350973162,-0.1729046876461786,-0.183745095701803,-0.1768903293616392,-0.1768903293616392,0.015071934231559801,0.044898918664786,0.06450067853436581,0.07276457101484253,0.0804044528705461,0.08821609270442318
2013-07-19,43.6,43.8,42.7,42.75,42.75,2882,-0.2842640672946078,-0.29938164346189333,-0.34934812292025685,-0.38307566893738176,-0.38307566893738176,-0.020618556701030896,-0.0010515247108307444,0.020773638968481486,0.029128550794414867,0.035861400533074794,0.043191800878477384
2013-07-22,43.2,44.0,43.1,44.0,44.0,2882,-0.33286744446649646,-0.2752907947350903,-0.3002805592999742,-0.2314688016022772,-0.2314688016022772,0.0038786219484371826,0.01863641625188083,0.04504789802865969,0.055662188099808066,0.062237458355463356,0.06912890292795544
2013-07-23,44.1,44.6,43.1,43.75,43.75,2882,-0.22350984582974676,-0.203018248554682,-0.3002805592999742,-0.2617901750692981,-0.2617901750692981,-0.0029626253418414436,0.007832296705828065,0.03362734288864385,0.044963277004836696,0.05208734128510976,0.05940753894583923
2013-07-24,43.3,43.7,42.8,43.3,43.3,2882,-0.32071660017352493,-0.311427067825294,-0.33708123201518686,-0.3163686473099361,-0.3163686473099361,-0.008018327605956504,-0.006082864684953531,0.01643192488262901,0.03027779430135033,0.038020808361700895,0.04589371980676325
2013-07-25,43.0,43.25,42.5,42.6,42.6,2882,-0.35716913305244125,-0.3656314774606005,-0.3738819047303986,-0.40126849301759415,-0.40126849301759415,-0.01571164510166358,-0.02147697255082123,-0.004362729822374424,0.010975971521803584,0.01904124007272047,0.02654725089361018
2013-07-26,42.6,43.3,42.55,42.65,42.65,2882,-0.4057725102243299,-0.3596087652789001,-0.3677484592778636,-0.3952042183241903,-0.3952042183241903,-0.014100785945446288,-0.018524910827292594,-0.0069848661233994,0.01006512729425689,0.018288606627829027,0.02519931092504286
2013-07-29,42.95,43.15,42.65,43.0,43.0,2882,-0.363244555198927,-0.377676901824002,-0.3554815683727927,-0.35275429547036086,-0.35275429547036086,-0.0013934045517882553,-0.01024283576936357,-0.0034762456546928986,0.015528133671842683,0.024883210982934428,0.0312987168725265
2013-07-30,43.3,44.2,43.3,43.9,43.9,2882,-0.32071660017352493,-0.25119994600828727,-0.2757467774898333,-0.24359735098908572,-0.24359735098908572,0.018797864933859418,0.009543520754283066,0.013778769917635224,0.03251602281413536,0.042458206686930185,0.04936058324369542
2013-07-31,44.35,44.4,43.55,43.6,43.6,2882,-0.1931327350973162,-0.22710909728148504,-0.24507955022715655,-0.27998299914951047,-0.27998299914951047,0.010428736964078861,0.004608294930875642,0.003991403131716273,0.020181339572974653,0.03190381520401416,0.03924996027331942
2013-08-01,43.9,44.0,42.75,42.75,42.75,2882,-0.2478115344156915,-0.2752907947350903,-0.34321467746772183,-0.38307566893738176,-0.38307566893738176,-0.00995831403427512,-0.011103400416377444,-0.01535508637236079,-0.003147953830010612,0.009540452463042467,0.017049960348929468
2013-08-02,43.15,43.75,43.05,43.75,43.75,2882,-0.3389428666129831,-0.3054043556435937,-0.30641400475251007,-0.2617901750692981,-0.2617901750692981,0.00806451612903229,0.009693053311793254,0.007213567646381523,0.015965166908563134,0.030381535562882693,0.03828811011787033
2013-08-05,43.6,43.8,43.3,43.8,43.8,2882,-0.2842640672946078,-0.29938164346189333,-0.2757467774898333,-0.25572590037589427,-0.25572590037589427,0.005509641873278283,0.01131378434541681,0.007282483710233718,0.012658227848101087,0.02850702108674192,0.03734112260203665
2013-08-06,43.8,43.8,42.55,42.8,42.8,2882,-0.2599623787086639,-0.29938164346189333,-0.3677484592778636,-0.3770113942439779,-0.3770113942439779,-0.012459621596677416,-0.009603147055420553,-0.01465735553679679,-0.011832611832611898,0.0027646314605689077,0.011421819614021122
2013-08-07,42.5,42.55,42.0,42.0,42.0,2882,-0.4179233545173023,-0.44994944800441034,-0.43521635925575214,-0.4740397893384445,-0.4740397893384445,-0.023709902370990146,-0.025182778229082065,-0.02942535818826051,-0.030582804385458805,-0.0185540028976024,-0.008966493629070376
2013-08-08,42.5,42.5,42.0,42.0,42.0,2882,-0.4179233545173023,-0.45597216018611064,-0.43521635925575214,-0.4740397893384445,-0.4740397893384445,-0.020293911826452005,-0.023823358512492704,-0.025748086290883772,-0.029574861367837362,-0.020568070519098876,-0.010212097407698273
2013-08-09,42.0,42.0,41.1,41.25,41.25,2882,-0.4786775759821633,-0.5161992820031174,-0.5456183774013883,-0.5650039097395072,-0.5650039097395072,-0.02643379749822982,-0.03812521860790498,-0.040920716112531924,-0.044475330090340555,-0.03899916130835895,-0.028154081752856646
2013-08-12,41.25,41.8,40.75,41.75,41.75,2882,-0.569808908179455,-0.5402901307299205,-0.588552495569136,-0.5043611628054654,-0.5043611628054654,-0.005004766444232623,-0.023620205799813027,-0.02589827344843676,-0.031378690331187266,-0.028934269898125316,-0.017223115853897818
2013-08-13,41.9,42.0,41.55,41.7,41.7,2882,-0.49082842027513574,-0.5161992820031174,-0.4904173683285707,-0.5104254374988693,-0.5104254374988693,-0.0009583133684712996,-0.01974612129760217,-0.02395256300226262,-0.030514385353095027,-0.03018745057909674,-0.01940035273368597
2013-08-14,41.7,41.9,41.25,41.9,41.9,2882,-0.5151301088610797,-0.528244706366519,-0.5272180410437824,-0.486168338725253,-0.486168338725253,0.004314477468839878,-0.011092754307293036,-0.01712409101571656,-0.02296840387081745,-0.025672030508789863,-0.016778129766514053
2013-08-15,41.7,41.7,41.3,41.45,41.45,2882,-0.5151301088610797,-0.5523355550933211,-0.5210845955912474,-0.5407468109658902,-0.5407468109658902,-0.003845229512136424,-0.018702651515151495,-0.025928246905843447,-0.03006903006902999,-0.03483444325431927,-0.028591516287789828
2013-08-16,41.0,41.85,41.0,41.6,41.6,2882,-0.6001860189118855,-0.5342674185482192,-0.5578852683064592,-0.5225539868856778,-0.5225539868856778,-0.0019193857965450647,-0.010113027959547822,-0.020792467634366405,-0.025247495753031306,-0.029669714498973813,-0.02614124073351542
2013-08-19,41.55,41.55,41.15,41.3,41.3,2882,-0.5333563753005386,-0.5704036916384239,-0.5394849319488533,-0.5589396350461033,-0.5589396350461033,-0.006972830007213253,-0.011370436864153236,-0.025253717252773197,-0.029206088029617598,-0.03504672897196262,-0.03414405986903651
2013-08-20,41.45,41.7,41.2,41.25,41.25,2882,-0.5455072195935101,-0.5523355550933211,-0.5333514864963175,-0.5650039097395072,-0.5650039097395072,-0.006024096385542169,-0.008889956751561689,-0.02235740243324384,-0.02752401720987809,-0.03418403184265982,-0.0350500994190807
2013-08-22,41.0,41.0,40.35,40.5,40.5,2882,-0.6001860189118855,-0.636653525637131,-0.6376200591894187,-0.6559680301405699,-0.6559680301405699,-0.017467248908296915,-0.023390402700747503,-0.0354080660527151,-0.042043640234167186,-0.0482233502538071,-0.05167030908523268
2013-08-23,41.0,41.15,40.75,40.75,40.75,2882,-0.6001860189118855,-0.6185853890920291,-0.588552495569136,-0.625646656673549,-0.625646656673549,-0.008033106134371916,-0.014391099286491689,-0.02636189869385151,-0.03401683062700017,-0.03900575417413443,-0.044212501465931704
2013-08-26,40.85,41.0,40.6,40.6,40.6,2882,-0.6184122853513436,-0.636653525637131,-0.6069528319267419,-0.6438394807537614,-0.6438394807537614,-0.0068493150684930055,-0.016472868217054255,-0.025054030256943798,-0.03522842036475957,-0.04059738172881524,-0.04560413728255754
2013-08-27,40.5,40.85,40.35,40.35,40.35,2882,-0.6609402403767465,-0.6547216621822328,-0.6376200591894187,-0.6741608542207823,-0.6741608542207823,-0.008355861391005243,-0.01920272241127854,-0.025676110753380534,-0.03814064362336118,-0.04320402162572313,-0.0494326436059524
2013-08-28,40.1,41.05,39.85,41.0,41.0,2882,-0.7095436175486352,-0.6306308134554307,-0.6989545137147721,-0.5953252832065281,-0.5953252832065281,0.008858267716535419,-0.0017044071098125222,-0.007103648692282932,-0.019256069848104285,-0.025248442774951207,-0.03221999291868292
2013-08-29,41.0,41.7,40.95,41.7,41.7,2882,-0.6001860189118855,-0.5523355550933211,-0.5640187137589943,-0.5104254374988693,-0.5104254374988693,0.020058708414872804,0.015834348355663965,0.010337586819576871,-0.0002397506593142654,-0.007095575979808605,-0.013562529569468308
2013-08-30,41.9,42.4,41.5,42.4,42.4,2882,-0.49082842027513574,-0.4680175845495122,-0.49655081378110566,-0.4255255917912112,-0.4255255917912112,0.028876486289735444,0.030501883582452368,0.02663438256658599,0.0169694789230676,0.009764229578470982,0.004620305650989057
2013-09-02,42.2,42.45,42.0,42.1,42.1,2882,-0.4543758873962186,-0.461994872367811,-0.43521635925575214,-0.46191123995163597,-0.46191123995163597,0.014213442543965392,0.02196868552008724,0.01797372451035703,0.011776015380918096,0.0031452535264963276,-0.0019755037534570194
2013-09-03,42.7,42.9,42.5,42.5,42.5,2882,-0.3936216659313575,-0.4077904627325054,-0.3738819047303986,-0.41339704240440267,-0.41339704240440267,0.013352408202193664,0.028682076727580663,0.026404765738206416,0.02298712239740037,0.013159149423095252,0.008702531645569632
2013-09-04,42.5,42.5,42.0,42.45,42.45,2882,-0.4179233545173023,-0.45597216018611064,-0.43521635925575214,-0.4194613170978065,-0.4194613170978065,0.005209566658773357,0.024496198865693267,0.02396076224169813,0.022214195412678505,0.013368345667223735,0.008553100498930849
2013-09-05,42.45,42.9,42.3,42.8,42.8,2882,-0.42399877666378805,-0.4077904627325054,-0.3984156865405404,-0.3770113942439779,-0.3770113942439779,0.008244994110718358,0.02724108964358552,0.030911280610196663,0.029650568352679246,0.022504658607673395,0.017271430835049912
2013-09-06,42.8,43.1,42.65,42.9,42.9,2882,-0.381470821638386,-0.38369961400570235,-0.3554815683727927,-0.3648828448571694,-0.3648828448571694,0.008225616921269129,0.024355300859598757,0.03091957705863493,0.030940222288975704,0.024746799159182147,0.019405940594059316
2013-09-09,42.8,43.0,42.35,43.0,43.0,2882,-0.381470821638386,-0.39574503836910385,-0.3922822410880045,-0.35275429547036086,-0.35275429547036086,0.00631874561198212,0.02089268755935429,0.031010230179028212,0.0311750599520383,0.027872065783812308,0.021498990378904886
2013-09-10,43.0,43.2,42.55,42.85,42.85,2882,-0.35716913305244125,-0.3716541896423008,-0.3677484592778636,-0.3709471195505732,-0.3709471195505732,0.0011682242990655202,0.011328770356384158,0.024874431954078124,0.026224404262962492,0.025217724184132675,0.018056545497743055
2013-09-11,42.5,42.9,42.4,42.9,42.9,2882,-0.4179233545173023,-0.4077904627325054,-0.3861487956354695,-0.3648828448571694,-0.3648828448571694,0.00023315458148747984,0.007988721804511191,0.023377862595419945,0.025947626449838595,0.026315789473684247,0.020052310374891028
2013-09-12,42.65,43.25,42.45,43.25,43.25,2882,-0.39969708807784415,-0.3656314774606005,-0.38001535018293364,-0.32243292200333995,-0.32243292200333995,0.006281991624011075,0.012524874165983933,0.027234581584989353,0.032650868501163964,0.033452807646356,0.02865976929480332
2013-09-13,43.0,43.0,42.7,42.8,42.8,2882,-0.35716913305244125,-0.39574503836910385,-0.34934812292025685,-0.3770113942439779,-0.3770113942439779,-0.0037243947858473857,0.0010525084785403952,0.013257575757575642,0.02026221692491047,0.021918724034191282,0.017916600602505252
2013-09-14,42.7,42.8,42.0,42.2,42.2,2882,-0.3936216659313575,-0.4198358870959069,-0.43521635925575214,-0.4497826905648274,-0.4497826905648274,-0.014018691588784915,-0.013211738571261492,-0.003463476070529005,0.005240590757503546,0.006679389312977126,0.004881533515894878
2013-09-16,42.5,42.85,42.4,42.8,42.8,2882,-0.4179233545173023,-0.4138131749142057,-0.3861487956354695,-0.3770113942439779,-0.3770113942439779,0.00023369946249118977,0.00011683607898108313,0.006821924253116894,0.01771489715848305,0.019970449454268173,0.019978551852881547
2013-09-17,42.45,42.85,42.45,42.7,42.7,2882,-0.42399877666378805,-0.4138131749142057,-0.38001535018293364,-0.3891399436307856,-0.3891399436307856,-0.0011695906432747873,-0.0028024287716019954,0.0017987018065224471,0.01358969794077515,0.016618256273510965,0.017676266137040725
2013-09-18,42.5,42.7,42.15,42.15,42.15,2882,-0.4179233545173023,-0.4318813114593076,-0.41681602289814623,-0.4558469652582321,-0.4558469652582321,-0.008934869503879674,-0.014150391767044718,-0.011800562675836294,-0.001421464108031158,0.0032847757783489983,0.0044483279053140114
2013-09-23,42.1,42.7,41.9,42.7,42.7,2882,-0.46652673168919095,-0.4318813114593076,-0.447483250160823,-0.3891399436307856,-0.3891399436307856,0.004469536579628269,-0.0008190008190007393,0.0006249023590065029,0.009277314896886024,0.015168085207550884,0.016989520482693036
2013-09-24,42.5,42.75,42.35,42.7,42.7,2882,-0.4179233545173023,-0.4258585992776073,-0.3922822410880045,-0.3891399436307856,-0.3891399436307856,0.002112180239380507,-0.0001170823088630243,-0.00031215857655693966,0.006778661951075777,0.014107253123070373,0.01582014987510423
2013-09-25,42.4,42.8,42.35,42.8,42.8,2882,-0.4300741988102747,-0.4198358870959069,-0.3922822410880045,-0.3770113942439779,-0.3770113942439779,0.004459047172025293,0.002341920374707127,0.0015600624024960112,0.006230163394851144,0.015035810842859185,0.01735203232707385
2013-09-26,42.8,42.8,42.05,42.1,42.1,2882,-0.381470821638386,-0.4198358870959069,-0.4290829138032171,-0.46191123995163597,-0.46191123995163597,-0.009178630265944775,-0.012200844673861944,-0.014282369468508532,-0.011505048133364686,-0.002369668246445531,0.0003960396039603735
2013-09-27,42.3,42.7,42.2,42.6,42.6,2882,-0.44222504310324706,-0.4318813114593076,-0.4106825774456104,-0.40126849301759415,-0.40126849301759415,0.0004697040864256253,0.0010574550581600682,-0.0022640331017254535,-0.0008209217778819419,0.007473275943619395,0.01171627612412917
2013-09-30,42.5,42.5,42.1,42.1,42.1,2882,-0.4179233545173023,-0.45597216018611064,-0.42294946835068126,-0.46191123995163597,-0.46191123995163597,-0.008478568064060278,-0.009062021890078804,-0.012741342921910329,-0.012200844673861944,-0.005621427559166695,-0.0006725481663172683
2013-10-01,42.05,42.4,42.05,42.4,42.4,2882,-0.4726021538356776,-0.4680175845495122,-0.4290829138032171,-0.4255255917912112,-0.4255255917912112,0.0,-0.002470297612045735,-0.004772709490650346,-0.005511903365779276,-0.00023579344494218372,0.005811884711185021
2013-10-02,42.3,42.45,42.3,42.3,42.3,2882,-0.44222504310324706,-0.461994872367811,-0.3984156865405404,-0.43765414117801976,-0.43765414117801976,0.0,-0.003650924508302936,-0.006264682850430841,-0.007624633431085111,-0.004424778761062003,0.002646861296567101
2013-10-03,42.3,43.85,42.3,43.75,43.75,2882,-0.44222504310324706,-0.2933589312801922,-0.3984156865405404,-0.2617901750692981,-0.2617901750692981,0.026272577996716038,0.02796052631578942,0.026433096113240143,0.02483017100023413,0.027043523170101908,0.03497220360367478
2013-10-04,43.6,43.8,43.25,43.5,43.5,2882,-0.2842640672946078,-0.29938164346189333,-0.2818802229423683,-0.29211154853631904,-0.29211154853631904,0.016117729502452813,0.0188546668228128,0.02016885553470935,0.01813926272674075,0.019451605343332512,0.02662943004366135
2013-10-07,43.5,44.4,43.35,44.2,44.2,2882,-0.2964149115875802,-0.22710909728148504,-0.2696133320372974,-0.2072117028286601,-0.2072117028286601,0.02243812167476287,0.031625627261057394,0.03432137285491424,0.0329516242112644,0.03411164662392976,0.04032637690255778
2013-10-08,44.2,45.2,44.05,45.05,45.05,2882,-0.21135900153677437,-0.1307457023742737,-0.183745095701803,-0.10411903304078972,-0.10411903304078972,0.02947897623400364,0.04572887650882077,0.049545701638580554,0.050300169027219184,0.051096593560429254,0.05664360267385949
2013-10-09,45.05,47.0,44.95,46.15,46.15,2882,-0.10807682504651127,0.08607193616695039,-0.07334307755616595,0.029295010214102465,0.029295010214102465,0.03637996856052094,0.06299666014050442,0.06960754017305308,0.07182256285200027,0.07310607822164346,0.07755769155932596
2013-10-11,47.0,47.0,45.65,45.65,45.65,2882,0.12886463866644718,0.08607193616695039,0.012525158779328464,-0.03134773671993936,-0.03134773671993936,0.01647739924293019,0.04295179346584425,0.053218488041221215,0.056835281861326505,0.05832985579821036,0.0620395502132609
2013-10-14,45.5,46.35,45.2,45.9,45.9,2882,-0.05339802572813598,0.0077766778048417385,-0.04267585029348919,-0.001026363252918445,-0.001026363252918445,0.011235955056179732,0.04081632653061218,0.05291328949380635,0.05937337718539029,0.061075408017014096,0.06438896189224698
2013-10-15,46.3,46.3,45.7,46.0,46.0,2882,0.04380872861564136,0.001753965623140547,0.018658604231864342,0.011102186133890092,0.011102186133890092,0.00546448087431694,0.0339402112834346,0.049908703590991935,0.05777522276516247,0.060347609607671264,0.06374778385878366
2013-10-16,46.2,46.7,46.15,46.15,46.15,2882,0.031657884322669846,0.049935663076746656,0.07385961330468199,0.029295010214102465,0.029295010214102465,0.0039155971285621,0.028641479995542268,0.04783168092030582,0.05642669108389599,0.06072446446630495,0.06389518576862475
2013-10-17,46.5,46.55,45.5,45.65,45.65,2882,0.06811041720158613,0.03186752653164394,-0.00587517757827742,-0.03134773671993936,-0.03134773671993936,-0.00479616306954434,0.009955752212389285,0.0320271288620949,0.04158348069134671,0.046538285190279714,0.049827520122652305
2013-10-18,45.7,45.95,45.15,45.9,45.9,2882,-0.029096337142191207,-0.040405019648763515,-0.048809295746025064,-0.001026363252918445,-0.001026363252918445,-0.00043554006968647924,0.010679290983155332,0.03176981867226137,0.04347826086956525,0.04938271604938298,0.05279253794105269
2013-10-21,45.9,46.35,45.75,46.1,46.1,2882,-0.004794648556247305,0.0077766778048417385,0.024792049684399346,0.02323073552069863,0.02323073552069863,0.003046127067014963,0.009304871373836985,0.030858676207513473,0.04334050016974084,0.05121539654307463,0.05471877979027643
2013-10-22,46.2,46.55,45.8,46.2,46.2,2882,0.031657884322669846,0.03186752653164394,0.03092549513693435,0.035359284907507164,0.035359284907507164,0.004347826086956583,0.007084468664850198,0.026818787968588026,0.041478809738503236,0.05023869061150263,0.05435320071507362
2013-10-23,46.4,46.5,45.3,45.6,45.6,2882,0.055959572908613746,0.025844814349943603,-0.03040895938841918,-0.037412011413343195,-0.037412011413343195,-0.006319459577249927,-0.007184846505551736,0.008700781595634807,0.024603977081226802,0.033404342111226865,0.038606081311923474
2013-10-24,45.75,46.15,45.3,45.85,45.85,2882,-0.02302091499570545,-0.016314170921961316,-0.03040895938841918,-0.007090637946322282,-0.007090637946322282,-0.0017417809710428543,-0.0010893246187363215,0.008948874055600214,0.026703241336841575,0.03620502621587442,0.04192705374389271
2013-10-25,45.55,45.65,44.55,45.55,45.55,2882,-0.04732260358165021,-0.07654129273896809,-0.12241064117644948,-0.04347628610674789,-0.04347628610674789,-0.006759703445268257,-0.007409021573327596,-0.00029263296510372055,0.01606067365603388,0.026779676299535368,0.03303598427577858
2013-10-28,45.55,46.35,45.1,46.35,46.35,2882,-0.04732260358165021,0.0077766778048417385,-0.054942741198560074,0.05355210898771954,0.05355210898771954,0.00958396863428442,0.009034505279199006,0.013040944193501325,0.029599600155495155,0.0408713227037952,0.048721623048495255
2013-10-29,46.4,46.55,46.15,46.45,46.45,2882,0.055959572908613746,0.03186752653164394,0.07385961330468199,0.06568065837452808,0.06568065837452808,0.010661444734551826,0.01022183558068723,0.011909084307603094,0.02685973250801378,0.03961504028648172,0.04809898085818512
2013-10-30,46.3,46.5,46.05,46.45,46.45,2882,0.04380872861564136,0.025844814349943603,0.06159272239961112,0.06568065837452808,0.06568065837452808,0.006936917407327125,0.009563138448163392,0.009855786651206604,0.022283356258597037,0.036136515726076394,0.044759334233018484
2013-10-31,43.8,44.3,43.55,44.3,44.3,2882,-0.2599623787086639,-0.23915452164488657,-0.24507955022715655,-0.19508315344185245,-0.19508315344185245,-0.03317328677433442,-0.0343324250681201,-0.03429734050283383,-0.027175404886082992,-0.013143239028736988,-0.00471804088968773
2013-11-01,44.3,44.4,43.7,43.85,43.85,2882,-0.19920815724380284,-0.22710909728148504,-0.22667921386954978,-0.24966162568248956,-0.24966162568248956,-0.03583992963940199,-0.03985110575870375,-0.04159988343290097,-0.03716308942196855,-0.024688612099644115,-0.015675857682666706
2013-11-04,43.55,43.65,43.1,43.6,43.6,2882,-0.29033948944109444,-0.3174497800069952,-0.3002805592999742,-0.27998299914951047,-0.27998299914951047,-0.02960160249276649,-0.04007045354469397,-0.043859649122807015,-0.04275756078818811,-0.03111111111111108,-0.022348456536362866
2013-11-05,43.6,43.6,42.85,42.85,42.85,2882,-0.2842640672946078,-0.32347249218869556,-0.33094778656265095,-0.3709471195505732,-0.3709471195505732,-0.030762270979416407,-0.04957302872352222,-0.055959462436660036,-0.0578276165347406,-0.04841216966466799,-0.03927356974702004
2013-11-06,42.85,43.65,42.6,43.5,43.5,2882,-0.3753953994918994,-0.3174497800069952,-0.36161501382532774,-0.29211154853631904,-0.29211154853631904,-0.0027510316368637654,-0.03064066852367688,-0.03789442642288421,-0.04190297891085285,-0.03492035319696495,-0.02528289203420855
2013-11-07,43.5,43.5,42.95,43.3,43.3,2882,-0.2964149115875802,-0.33551791655209706,-0.31868089565758007,-0.3163686473099361,-0.3163686473099361,-0.0027637033625058623,-0.029583146571044383,-0.03898794111119334,-0.04330534688466654,-0.04020924768364588,-0.030126553925411713
2013-11-08,43.0,43.35,42.8,43.0,43.0,2882,-0.35716913305244125,-0.3535860530971989,-0.33708123201518686,-0.35275429547036086,-0.35275429547036086,-0.005780346820809248,-0.030767496900709908,-0.04153354632587867,-0.04714420253725565,-0.04622482477153749,-0.03749300503637375
2013-11-11,43.1,43.25,42.9,43.15,43.15,2882,-0.3450182887594689,-0.3656314774606005,-0.324814341110116,-0.33456147139014847,-0.33456147139014847,-0.00023169601482849887,-0.02032012714269504,-0.033955223880597,-0.040897977328295254,-0.042600399378744214,-0.03453162291169458
2013-11-12,43.3,43.35,42.95,43.3,43.3,2882,-0.32071660017352493,-0.3535860530971989,-0.31868089565758007,-0.3163686473099361,-0.3163686473099361,0.001156069364161784,-0.009833066544706146,-0.02638285114675474,-0.03466726117489704,-0.038504241239952074,-0.032041728763040324
2013-11-13,43.3,43.35,42.95,43.0,43.0,2882,-0.32071660017352493,-0.3535860530971989,-0.31868089565758007,-0.35275429547036086,-0.35275429547036086,-0.0034762456546928986,-0.008874034804655942,-0.029345372460496552,-0.03797751552100225,-0.043424096814379747,-0.03917771488157316
2013-11-14,43.1,43.1,42.9,43.05,43.05,2882,-0.3450182887594689,-0.38369961400570235,-0.324814341110116,-0.346690020776957,-0.346690020776957,-0.0011600928074245282,-0.0048543689320388545,-0.02410457911440244,-0.03404947551466888,-0.039662710805746536,-0.038597536010719594
2013-11-15,43.25,43.7,43.05,43.55,43.55,2882,-0.3267920223200107,-0.311427067825294,-0.30641400475251007,-0.2860472738429152,-0.2860472738429152,0.007868548947002924,0.007402266944251518,-0.009777171441564342,-0.02024746906636683,-0.026685142141963228,-0.02728660238990443
2013-11-18,43.7,44.9,43.6,44.7,44.7,2882,-0.27211322300163543,-0.16688197546447828,-0.23894610477462067,-0.1465689558946183,-0.1465689558946183,0.027113970588235455,0.031379787724965545,0.018919534989742547,0.00721045515998198,8.949346697702006e-05,-0.002491910588760479
2013-11-19,44.75,45.0,44.35,44.85,44.85,2882,-0.14452935792542757,-0.15483655110107675,-0.14694442298659036,-0.12837613181440594,-0.12837613181440594,0.023271731690622934,0.030087276067983518,0.024830527839134725,0.01212976022566999,0.004479283314669717,0.00037174721189588963
2013-11-20,44.85,45.5,44.55,44.85,44.85,2882,-0.13237851363245517,-0.09460942928406996,-0.12241064117644948,-0.12837613181440594,-0.12837613181440594,0.014705882352941143,0.02690326273611916,0.02733450408490498,0.012987012987013052,0.005650477599892427,0.0005205234979177495
2013-11-21,44.7,44.95,44.5,44.55,44.55,2882,-0.1506047800719133,-0.16085926328277708,-0.12854408662898448,-0.16476177997483155,-0.16476177997483155,0.0011235955056179137,0.01712328767123288,0.020073271256296713,0.007690567744854022,-8.977869551550441e-05,-0.004988088147707034
2013-11-22,44.95,45.75,44.75,45.4,45.4,2882,-0.12022766933948278,-0.06449586837556658,-0.09787685936630772,-0.061669110186960266,-0.061669110186960266,0.011811901047470496,0.030881017257039043,0.037082159445671246,0.027091227871726666,0.019445816679390857,0.014185189322015084
2013-11-25,45.95,46.65,45.9,46.4,46.4,2882,0.0012807735902393186,0.04391295089504547,0.04319238604200523,0.059616383681123375,0.059616383681123375,0.026321610263216052,0.04586949171644323,0.05542497535825311,0.04965501640085964,0.04161989853185486,0.036138300643864654
2013-11-26,46.5,46.6,46.1,46.15,46.15,2882,0.06811041720158613,0.037890238713345126,0.067726167852147,0.029295010214102465,0.029295010214102465,0.014954915328788366,0.0335946248600224,0.044511505092418004,0.044353926227653336,0.03605423850574717,0.030440607323608135
2013-11-27,46.55,46.55,46.1,46.4,46.4,2882,0.0741858393480719,0.03186752653164394,0.067726167852147,0.059616383681123375,0.059616383681123375,0.013543031891655845,0.03134029784396525,0.0455945316607827,0.05007072135785004,0.04091888011485997,0.035829891728987706
2013-11-28,46.7,47.2,46.25,46.6,46.6,2882,0.0924121057875309,0.11016278489375343,0.08612650420975287,0.08387348245474045,0.08387348245474045,0.008876380168867801,0.02767670084904626,0.04492114507810741,0.0518593758817224,0.044702506389274976,0.039559785841760696
2013-11-29,46.6,46.6,46.25,46.5,46.5,2882,0.08026126149455852,0.037890238713345126,0.08612650420975287,0.07174493306793192,0.07174493306793192,0.0019392372333548007,0.018843120070113923,0.03725184028552296,0.04647237537976832,0.04157333572260554,0.036866359447004504
2013-12-02,46.3,46.4,46.0,46.35,46.35,2882,0.04380872861564136,0.013799389986542074,0.055459276947076114,0.05355210898771954,0.05355210898771954,-0.0010775862068964906,0.011898264381617764,0.029009102345889264,0.03987884906612813,0.038213421736403616,0.03332961765689438
2013-12-03,46.35,46.35,46.0,46.0,46.0,2882,0.04988415076212799,0.0077766778048417385,0.055459276947076114,0.011102186133890092,0.011102186133890092,-0.007979296959240986,0.0017421602787456073,0.017174025208225936,0.028392577688352245,0.03078922601174209,0.025679140807908066
2013-12-04,46.3,47.05,46.2,46.7,46.7,2882,0.04380872861564136,0.09209464834865072,0.07999305875721788,0.09600203184154898,0.09600203184154898,0.005815205685978961,0.012905324802082178,0.027050802727072883,0.04032078413900651,0.04624070257191521,0.04043667149381764
2013-12-05,46.7,46.7,46.0,46.5,46.5,2882,0.0924121057875309,0.049935663076746656,0.055459276947076114,0.07174493306793192,0.07174493306793192,0.0019392372333548007,0.00431965442764585,0.017505470459518536,0.032186459489456226,0.039710222699221975,0.035480997624703095
2013-12-06,46.45,46.65,46.0,46.0,46.0,2882,0.06203499505510037,0.04391295089504547,0.055459276947076114,0.011102186133890092,0.011102186133890092,-0.00669401857050318,-0.007765314926660902,0.0029798677229449047,0.017699115044247725,0.02655657219370671,0.024004749007531623
2013-12-09,46.2,46.8,46.1,46.4,46.4,2882,0.031657884322669846,0.061981087440147326,0.067726167852147,0.059616383681123375,0.059616383681123375,0.0017271157167529857,0.0008628127696289721,0.009207569056767896,0.02287131441168369,0.03290147366546462,0.032870816947392016
2013-12-10,46.6,46.6,46.1,46.2,46.2,2882,0.08026126149455852,0.037890238713345126,0.067726167852147,0.035359284907507164,0.035359284907507164,-0.0034512510785158885,-0.003558718861209946,0.0028943560057887014,0.01521727187826188,0.025390624999999962,0.02860959590337312
2013-12-11,46.5,47.4,46.5,46.6,46.6,2882,0.06811041720158613,0.13425363362055565,0.11679373147242965,0.08387348245474045,0.08387348245474045,0.005610703495899827,0.0046351191117819,0.009022013713460947,0.01997264021887828,0.03142983621071274,0.03739982190560997
2013-12-12,46.4,46.4,45.8,45.85,45.85,2882,0.055959572908613746,0.013799389986542074,0.03092549513693435,-0.007090637946322282,-0.007090637946322282,-0.007790521532135889,-0.009933059814294987,-0.009077155824508205,0.0004909715782008805,0.01254361556468333,0.019530815698773234
2013-12-13,45.8,46.3,45.65,46.3,46.3,2882,-0.016945492849219687,0.001753965623140547,0.012525158779328464,0.04748783429431484,0.04748783429431484,0.0006483682731790368,0.0002160293799954829,-0.0006475285991799749,0.007288154030240419,0.019509402386928887,0.02767090855282635
2013-12-16,46.2,46.2,45.7,45.7,45.7,2882,0.031657884322669846,-0.010291458740260124,0.018658604231864342,-0.025283462026534656,-0.025283462026534656,-0.009321482766095809,-0.011357490535424522,-0.01260352898811657,-0.006845593828099484,0.004042534493364915,0.01277978872719217
2013-12-17,45.8,46.2,45.8,46.0,46.0,2882,-0.016945492849219687,-0.010291458740260124,0.03092549513693435,0.011102186133890092,0.011102186133890092,-0.0019527012367107032,-0.004867495943753411,-0.0059069298371991,-0.0015736068153454905,0.008241276521129336,0.017061576445443528
2013-12-18,46.25,46.25,45.65,45.85,45.85,2882,0.037733306469155604,-0.004268746558559788,0.012525158779328464,-0.007090637946322282,-0.007090637946322282,-0.0019590770570308298,-0.006285218899003016,-0.008362771249369112,-0.005908179305111406,0.0024487297214570354,0.011992348440259206
2013-12-19,46.35,46.7,46.35,46.55,46.55,2882,0.04988415076212799,0.049935663076746656,0.09839339511482376,0.07780920776133575,0.07780920776133575,0.010199652777777754,0.008776682197421198,0.006849315068493069,0.007085293958569974,0.014647543484894656,0.024991742816250093
2013-12-20,46.7,46.8,46.3,46.5,46.5,2882,0.0924121057875309,0.061981087440147326,0.09225994966228789,0.07174493306793192,0.07174493306793192,0.008239375542064081,0.006602446152180965,0.005767844268204738,0.004807952028523661,0.01095747456300543,0.021267249899337468
2013-12-23,46.65,47.2,46.6,47.0,47.0,2882,0.08633668364104427,0.11016278489375343,0.12906062237750052,0.13238768000197373,0.13238768000197373,0.013367830961621332,0.016106366879256397,0.015630627386011578,0.014954381039788427,0.01978823120985938,0.02934734997809891
2013-12-24,47.1,47.15,46.95,47.0,47.0,2882,0.14101548295941957,0.10414007271205225,0.17199474054524816,0.13238768000197373,0.13238768000197373,0.009016745384285138,0.014352001726556736,0.014169603682658256,0.014023732470334381,0.017888855199896057,0.026574444848926144
2013-12-25,47.1,47.25,47.0,47.15,47.15,2882,0.14101548295941957,0.11618549707545377,0.17812818599778318,0.15058050408218612,0.15058050408218612,0.0066182749786507745,0.01638284112955374,0.016748131109833173,0.016437617892751187,0.019106903557688,0.02674844844481557
2013-12-26,47.15,47.25,46.95,47.0,47.0,2882,0.14709090510590533,0.11618549707545377,0.17199474054524816,0.13238768000197373,0.13238768000197373,0.0014915832090348902,0.01064401677239001,0.01278551932193651,0.012767332866454801,0.01371753947027857,0.020555877243775462
2013-12-27,47.0,47.3,47.0,47.2,47.2,2882,0.12886463866644718,0.12220820925715412,0.17812818599778318,0.1566447787755908,0.1566447787755908,0.0027618440620353207,0.012984225775297864,0.015344901763946758,0.01631049146794424,0.016452752175036518,0.02219815917704398
2013-12-30,47.3,48.5,47.3,48.45,48.45,2882,0.16531717154536346,0.26675330161797073,0.21492885871299494,0.3082516461106954,0.3082516461106954,0.023015202702702776,0.03371026242799244,0.039179237863730634,0.04087222729469904,0.04153231007351997,0.04643628509719235
2013-12-31,48.7,48.85,47.95,48.25,48.25,2882,0.3354289916469751,0.30891228688987565,0.29466364959595526,0.2839945473370783,0.2839945473370783,0.013442554085276214,0.024524896485826547,0.03186484174508131,0.03407629661380189,0.03536328912922199,0.03957196207986209
2014-01-02,48.1,49.3,48.1,49.1,49.1,2882,0.2625239258891417,0.36311669652518125,0.3130639859535611,0.3870872171249496,0.3870872171249496,0.022916666666666544,0.03542808941374947,0.04631339678931679,0.04959384352287319,0.051166773710126325,0.054666523466867345
2014-01-03,49.0,49.0,48.3,48.7,48.7,2882,0.3718815245258914,0.3269804234349775,0.337597767763702,0.3385730195777163,0.3385730195777163,0.007447248655358017,0.022357510234071537,0.03360452776795194,0.03860098101940717,0.040731717741590776,0.04297544260422618
2014-01-06,48.5,48.65,47.5,47.95,47.95,2882,0.31112730306103037,0.2848214381630726,0.2394626405231367,0.24760889917665355,0.24760889917665355,-0.011136316766343558,0.0035579740477187463,0.0153162055335969,0.02048417132216027,0.023435499018185053,0.025047208465457656
2014-01-07,48.0,48.85,47.95,48.55,48.55,2882,0.2503730815961693,0.30891228688987565,0.29466364959595526,0.320380195497503,0.320380195497503,0.0008245722531436642,0.012829873787420358,0.0239015817223197,0.03089499946915805,0.03429910524073253,0.03628601921024537
2014-01-08,48.8,48.95,48.3,48.3,48.3,2882,0.3475798359399466,0.32095771125327716,0.337597767763702,0.2900588220304821,0.2900588220304821,-0.004534212695795671,0.004889212524705967,0.01534580618036571,0.02330508474576259,0.026960367409423078,0.02937519980108701
2014-01-09,48.15,48.5,47.8,48.05,48.05,2882,0.26859934803562746,0.26675330161797073,0.27626331323834846,0.2597374485634612,0.2597374485634612,-0.005381908507555331,-0.0021804589346901457,0.0069856793573173995,0.016447194457665584,0.020473176740432218,0.022848222521819284
2014-01-10,48.2,48.2,47.4,47.5,47.5,2882,0.27467477018211406,0.230617028527767,0.22719574961806582,0.19303042693601555,0.19303042693601555,-0.011857707509881429,-0.014625038896380008,-0.0058601925491836345,0.003061978671734685,0.00793617111573219,0.010494965253155712
2014-01-13,47.9,48.0,47.35,47.4,47.4,2882,0.23822223730319692,0.20652617980096394,0.22106230416553083,0.18090187754920703,0.18090187754920703,-0.011676396997497816,-0.017107309486780773,-0.009197324414715673,-0.0002109259649863977,0.004620406087066874,0.007724470271419535
2014-01-14,47.0,47.1,46.5,46.6,46.6,2882,0.12886463866644718,0.09811736053035192,0.11679373147242965,0.08387348245474045,0.08387348245474045,-0.020391002732814776,-0.029975020815986773,-0.025376464026770584,-0.018017068802022904,-0.012502648866285153,-0.009459028589648066
2014-01-15,46.7,47.3,46.6,46.6,46.6,2882,0.0924121057875309,0.12220820925715412,0.12906062237750052,0.08387348245474045,0.08387348245474045,-0.01333897946220613,-0.026631853785900755,-0.024832589285714156,-0.018637464462461787,-0.012837351184171389,-0.009879953256135204
2014-01-16,47.0,47.2,46.95,47.2,47.2,2882,0.12886463866644718,0.11016278489375343,0.17199474054524816,0.1566447787755908,0.1566447787755908,0.0029749256268593403,-0.010170913285100124,-0.012345679012345602,-0.007412859471110711,-0.0006351894982001701,0.002513363304895726
2014-01-17,47.3,47.3,46.85,46.95,46.95,2882,0.16531717154536346,0.12220820925715412,0.15972784964017728,0.1263234053085699,0.1263234053085699,0.0,-0.011786992212165906,-0.017508370535714125,-0.013085290871827257,-0.006853661632186934,-0.0031141623611011643
2014-01-20,47.05,47.2,46.9,47.0,47.0,2882,0.13494006081293294,0.11016278489375343,0.1658612950927123,0.13238768000197373,0.13238768000197373,0.002773629187113195,-0.008752504481704233,-0.0161875523304492,-0.012553180314092202,-0.006384508054627703,-0.0027583280288562585
2014-01-21,47.3,48.3,47.3,47.7,47.7,2882,0.16531717154536346,0.24266245289116767,0.21492885871299494,0.21728752570963264,0.21728752570963264,0.012953918029305572,0.007817451933234831,-0.0004889292449535537,0.0014170996693433147,0.006711409395973259,0.011164499717354526
2014-01-22,47.7,48.05,47.5,47.6,47.6,2882,0.213920548717253,0.21254889198266427,0.2394626405231367,0.2051589763228241,0.2051589763228241,0.0065552971029815,0.007194244604316468,-0.0016778523489932528,-0.0013113034356150013,0.003245795219828781,0.008047437526471737
2014-01-23,47.6,47.6,47.05,47.1,47.1,2882,0.20176970442428063,0.15834448234735868,0.18426163145031818,0.14451622938878228,0.14451622938878228,-0.0035963613285382207,-0.0013781405703381263,-0.009394279304542879,-0.011749895090222456,-0.008337544214249638,-0.002893232658245639
2014-01-24,47.0,47.35,46.85,46.9,46.9,2882,0.12886463866644718,0.1282309214388553,0.15972784964017728,0.1202591306151652,0.1202591306151652,-0.007617435463394128,-0.004351979619997991,-0.011104863649142475,-0.015843038505928077,-0.012839402231109229,-0.007862355886189817
2014-01-27,46.5,46.5,45.6,45.65,45.65,2882,0.06811041720158613,0.025844814349943603,0.006391713326793461,-0.03134773671993936,-0.03134773671993936,-0.028516705682060085,-0.02727466439377799,-0.03433930334226488,-0.04051284745940838,-0.038461538461538616,-0.03386243386243389
2014-02-05,44.6,44.75,43.8,44.1,44.1,2882,-0.1627556243648857,-0.18495011200958014,-0.2144123229644798,-0.21934025221546866,-0.21934025221546866,-0.04689863842662621,-0.05526992287917734,-0.06123607464698783,-0.06883445945945942,-0.06883445945945942,-0.06561197824705144
2014-02-06,44.1,44.65,44.05,44.2,44.2,2882,-0.22350984582974676,-0.19699553637298167,-0.183745095701803,-0.2072117028286601,-0.2072117028286601,-0.030489142355779788,-0.04823428079242036,-0.05360074227392756,-0.06271536871123355,-0.06451066711818493,-0.062301110246799955
2014-02-07,44.75,45.0,44.45,45.0,45.0,2882,-0.14452935792542757,-0.15483655110107675,-0.1346775320815195,-0.11018330773419355,-0.11018330773419355,-0.003763559884879382,-0.02639549978364357,-0.03225806451612903,-0.04158458016080082,-0.04584199143378141,-0.044754997346541675
2014-02-10,45.2,45.3,44.85,44.9,44.9,2882,-0.08985055860705227,-0.11870027801087302,-0.08560996846123684,-0.1223118571210021,-0.1223118571210021,0.002903730176457347,-0.024231228947082517,-0.030795797956540718,-0.03982892274792845,-0.046263647563617914,-0.0457636724284499
2014-02-11,45.2,45.4,45.05,45.05,45.05,2882,-0.08985055860705227,-0.10665485364747149,-0.061076186651095946,-0.10411903304078972,-0.10411903304078972,0.008958566629339275,-0.01680488869489313,-0.02425817630495988,-0.033624711749879244,-0.04132618318011577,-0.041591320072332696
2014-02-12,45.5,45.6,45.2,45.6,45.6,2882,-0.05339802572813598,-0.08256400492066843,-0.04267585029348919,-0.037412011413343195,-0.037412011413343195,0.014460511679644017,-0.0002192501644375797,-0.01091750415732783,-0.018721755971594523,-0.027262255215666168,-0.028926353149955654
2014-02-13,45.55,45.55,45.0,45.2,45.2,2882,-0.04732260358165021,-0.08858671710236962,-0.06720963210363096,-0.08592620896057648,-0.08592620896057648,0.0011074197120709694,-0.0037469693630150895,-0.017604868506846234,-0.024074273993306746,-0.03327915133886555,-0.03621308504211217
2014-02-14,45.5,45.95,45.3,45.8,45.8,2882,-0.05339802572813598,-0.040405019648763515,-0.03040895938841918,-0.013154912639726981,-0.013154912639726981,0.010814389759435048,0.012378426171529512,-0.0025408348457350376,-0.008711649802499938,-0.01767330130404938,-0.022481502561184013
2014-02-17,45.9,46.0,45.3,45.3,45.3,2882,-0.004794648556247305,-0.03438230746706318,-0.03040895938841918,-0.0737976595737688,-0.0737976595737688,-0.0019828155981494473,0.004880212954747091,-0.011060980934361834,-0.017193686608450484,-0.025554981930820758,-0.03198233492413996
2014-02-18,45.6,46.0,45.25,46.0,46.0,2882,-0.041247181435163593,-0.03438230746706318,-0.03654240484095419,0.011102186133890092,0.011102186133890092,0.009214567792891657,0.01961653552033703,0.00568430257979882,-0.0004888913031669477,-0.008834302951949938,-0.016183075497255315
2014-02-19,45.85,46.0,45.6,46.0,46.0,2882,-0.010870070702733065,-0.03438230746706318,0.006391713326793461,0.011102186133890092,0.011102186133890092,0.007446342531756379,0.01534047014678308,0.008182349503214528,0.00016307006577159937,-0.006651118597218467,-0.014461703267273642
2014-02-20,45.9,45.9,45.4,45.5,45.5,2882,-0.004794648556247305,-0.046427731830464704,-0.0181420684833483,-0.049540560800151734,-0.049540560800151734,-0.00481189851268589,0.0014306151645208504,0.0002931261908251961,-0.009523809523809525,-0.015066239501255477,-0.02325581395348842
2014-02-21,45.8,46.15,45.8,46.1,46.1,2882,-0.016945492849219687,-0.016314170921961316,0.03092549513693435,0.02323073552069863,0.02323073552069863,0.006989951944080391,0.012185750356789982,0.014971378247468227,0.004740369421892748,-0.00039030313543520276,-0.008246683399067756
2014-02-24,45.65,45.65,44.5,44.7,44.7,2882,-0.03517175928867783,-0.07654129273896809,-0.12854408662898448,-0.1465689558946183,-0.1465689558946183,-0.021024967148488848,-0.018121911037891174,-0.012663819761448916,-0.023377758357002256,-0.028387601617180312,-0.03559870550161809
2014-02-25,44.65,44.7,44.15,44.45,44.45,2882,-0.15668020221839993,-0.19097282419128048,-0.17147820479673212,-0.1768903293616392,-0.1768903293616392,-0.01984564498346193,-0.02232486528098523,-0.016447853665732384,-0.026126964999726034,-0.03133716875871662,-0.03857245854361928
2014-02-26,44.2,44.7,44.2,44.5,44.5,2882,-0.21135900153677437,-0.19097282419128048,-0.16534475934419626,-0.1708260546682354,-0.1708260546682354,-0.012208657047724688,-0.018851284312644625,-0.015922158337018995,-0.021601714945308673,-0.02846912933368254,-0.034672258577678215
2014-02-27,44.75,44.75,44.45,44.7,44.7,2882,-0.14452935792542757,-0.18495011200958014,-0.1346775320815195,-0.1465689558946183,-0.1465689558946183,-0.004232568500779633,-0.013353934444321749,-0.012227460223924598,-0.014061207609594614,-0.02248075577326799,-0.02780295066516843
2014-03-03,44.5,44.7,43.95,44.2,44.2,2882,-0.17490646865785808,-0.19097282419128048,-0.19601198660687302,-0.2072117028286601,-0.2072117028286601,-0.006964727027634289,-0.020932550670062982,-0.022123893805309734,-0.021961608674005637,-0.030871776881248928,-0.035986913849509236
2014-03-04,44.0,44.1,43.55,43.55,43.55,2882,-0.23566069012271915,-0.26324537037168877,-0.24507955022715655,-0.2860472738429152,-0.2860472738429152,-0.016485998193315515,-0.03157660662664018,-0.03458213256484155,-0.03275957801221547,-0.042267769176636265,-0.047428092304327436
2014-03-05,44.1,44.15,43.55,43.6,43.6,2882,-0.22350984582974676,-0.25722265818998846,-0.24507955022715655,-0.27998299914951047,-0.27998299914951047,-0.011562004080707278,-0.025262687234518275,-0.031398104265402856,-0.02943959040569866,-0.038291865184401,-0.04368488393346738
2014-03-06,44.1,44.5,43.7,44.5,44.5,2882,-0.22350984582974676,-0.2150636729180835,-0.22667921386954978,-0.1708260546682354,-0.1708260546682354,0.008841532532305612,-0.0017945266935845288,-0.00979083222073887,-0.009845914223730379,-0.0156609449654928,-0.022443525061326144
2014-03-07,44.65,44.85,44.35,44.65,44.65,2882,-0.15668020221839993,-0.1729046876461786,-0.14694442298659036,-0.152633230588023,-0.152633230588023,0.01247165532879812,0.003483537476120778,-0.0056417489421721635,-0.007005448682308412,-0.00975826125526735,-0.017745838527535498
2014-03-10,44.65,44.65,43.95,44.0,44.0,2882,-0.15668020221839993,-0.19699553637298167,-0.19601198660687302,-0.2314688016022772,-0.2314688016022772,-0.00136177939173859,-0.006435587670768966,-0.01749162634908816,-0.020371813425358994,-0.021482898189743232,-0.029768467475192975
2014-03-11,44.35,44.55,44.0,44.0,44.0,2882,-0.1931327350973162,-0.20904096073638317,-0.18987854115433803,-0.2314688016022772,-0.2314688016022772,-0.0033975084937712023,-0.004862603188963099,-0.015586546349466905,-0.01938934700245147,-0.01895206243032333,-0.02766012301572698
2014-03-12,43.8,44.45,43.8,44.4,44.4,2882,-0.2599623787086639,-0.22108638509978384,-0.2144123229644798,-0.1829546040550439,-0.1829546040550439,0.002031144211239075,0.004297670210359596,-0.0042610450773717164,-0.009757457485363814,-0.008928571428571397,-0.016937894387246775
2014-03-13,44.4,45.6,44.2,45.0,45.0,2882,-0.18705731295083047,-0.08256400492066843,-0.16534475934419626,-0.11018330773419355,-0.11018330773419355,0.01328529610448105,0.01671938544961579,0.01070599685558134,0.0042961557774925056,0.0036577750022302245,-0.0016638935108153707
2014-03-14,44.5,44.95,44.35,44.35,44.35,2882,-0.17490646865785808,-0.16085926328277708,-0.14694442298659036,-0.18901887874844775,-0.18901887874844775,0.0,0.002826455624646693,-0.002174891255437328,-0.009270635541159368,-0.01097185674144769,-0.013713862120088965
2014-03-17,44.8,44.8,43.8,43.95,43.95,2882,-0.1384539357789418,-0.1789273998278798,-0.2144123229644798,-0.23753307629568104,-0.23753307629568104,-0.008795669824086456,-0.005656108597285068,-0.007975321646226574,-0.016173260954725984,-0.01897321428571416,-0.020321729761860426
2014-03-18,44.4,44.7,44.25,44.35,44.35,2882,-0.18705731295083047,-0.19097282419128048,-0.15921131389166124,-0.18901887874844775,-0.18901887874844775,-0.0013510470614725325,0.001580849141824758,0.0015808491418249186,-0.006162464985994366,-0.00955826521952723,-0.009528772426114695
2014-03-19,44.4,44.4,43.8,43.85,43.85,2882,-0.18705731295083047,-0.22710909728148504,-0.2144123229644798,-0.24966162568248956,-0.24966162568248956,-0.010158013544017963,-0.010269721250423164,-0.008815551537070537,-0.014994103442466376,-0.01967359713838577,-0.019381289601192706
2014-03-20,43.55,43.55,43.05,43.3,43.3,2882,-0.29033948944109444,-0.32949520437039675,-0.30641400475251007,-0.3163686473099361,-0.3163686473099361,-0.01501364877161064,-0.0200294217494626,-0.019474637681159566,-0.024390243902439095,-0.029974461221381064,-0.03110315506824779
2014-03-21,43.3,43.8,43.1,43.4,43.4,2882,-0.32071660017352493,-0.29938164346189333,-0.3002805592999742,-0.30424009792312756,-0.30424009792312756,-0.00845327850125651,-0.014979573309123846,-0.015277567690213411,-0.019818192084015532,-0.026163442983440376,-0.0282856929621614
2014-03-24,43.2,43.65,43.2,43.65,43.65,2882,-0.33286744446649646,-0.3174497800069952,-0.28801366839490333,-0.27391872445610665,-0.27391872445610665,-0.0013726835964310746,-0.008517887563884156,-0.008780561653167896,-0.011436983354093593,-0.018660071942446007,-0.021702588622016527
2014-03-25,43.65,44.3,43.6,44.3,44.3,2882,-0.278188645148122,-0.23915452164488657,-0.23894610477462067,-0.19508315344185245,-0.19508315344185245,0.013729977116704675,0.005561230280331508,0.004838953576289078,0.0037385295117252073,-0.0031503150315031632,-0.006689338166598283
2014-03-26,44.4,44.75,44.1,44.1,44.1,2882,-0.18705731295083047,-0.18495011200958014,-0.17761165024926714,-0.21934025221546866,-0.21934025221546866,0.008000000000000196,0.001703577512776896,-0.0004533091568448781,-0.00039666798889325766,-0.005950770895320595,-0.010471204188481718
2014-03-27,44.1,44.5,44.1,44.3,44.3,2882,-0.22350984582974676,-0.2150636729180835,-0.17761165024926714,-0.19508315344185245,-0.19508315344185245,0.007963594994311589,0.007848936412239766,0.004383313180169328,0.004364337130873331,9.030160736840069e-05,-0.005016096428838718
2014-03-28,44.2,44.45,44.2,44.45,44.45,2882,-0.21135900153677437,-0.22108638509978384,-0.16534475934419626,-0.1768903293616392,-0.1768903293616392,0.006567028985507388,0.011031502331400126,0.008088902328394371,0.008050799410363916,0.004428978171464679,-0.001086183003108701
2014-03-31,44.55,44.55,43.85,44.4,44.4,2882,-0.16883104651137232,-0.20904096073638317,-0.2082788775119439,-0.1829546040550439,-0.1829546040550439,0.002031144211239075,0.008861622358554724,0.006346328195829582,0.0066885840607639625,0.004843162992803281,-0.00116231112444234
2014-04-01,44.55,44.6,44.0,44.15,44.15,2882,-0.16883104651137232,-0.203018248554682,-0.18987854115433803,-0.2132759775220648,-0.2132759775220648,-0.0029358626919603107,0.0036371902705161106,0.00045320643553145546,0.0003398663192476144,-0.00031700027171442343,-0.005929150405283586
2014-04-02,44.15,44.5,43.95,44.0,44.0,2882,-0.217434423683261,-0.2150636729180835,-0.19601198660687302,-0.2314688016022772,-0.2314688016022772,-0.005874378671486785,-0.00011362345188052625,-0.002342982389842001,-0.003510361227494081,-0.0033072079010556064,-0.007817197835237464
2014-04-03,44.05,44.75,44.0,44.2,44.2,2882,-0.22958526797623338,-0.18495011200958014,-0.18987854115433803,-0.2072117028286601,-0.2072117028286601,-0.0009041591320070535,0.0023812223608119737,0.0034052213393871893,0.0013593112822836944,0.0014954456881314947,-0.001956947162426439
2014-04-07,43.9,44.35,43.8,44.35,44.35,2882,-0.2478115344156915,-0.23313180946318537,-0.2144123229644798,-0.18901887874844775,-0.18901887874844775,0.00293984622342821,0.003620728671645091,0.006810442678774217,0.0050991501416430916,0.005213055303717225,0.0022976383291272717
2014-04-08,44.35,44.5,44.3,44.45,44.45,2882,-0.1931327350973162,-0.2150636729180835,-0.15307786843912624,-0.1768903293616392,-0.1768903293616392,0.004973999547818197,0.004065958888638058,0.00831758034026466,0.006852030126281261,0.007251302968502159,0.005807814149947063
2014-04-09,44.6,44.6,44.25,44.45,44.45,2882,-0.1627556243648857,-0.203018248554682,-0.15921131389166124,-0.1768903293616392,-0.1768903293616392,0.0036125536238429375,0.0037258665462347584,0.00816511680653208,0.006339144215530929,0.0064302857401620905,0.005997510467353349
2014-04-10,44.75,45.25,44.55,45.25,45.25,2882,-0.14452935792542757,-0.12472299019257335,-0.12241064117644948,-0.07986193426717264,-0.07986193426717264,0.015940727436012592,0.019144144144144178,0.024141833270464052,0.023466214305908995,0.023015011756194626,0.023485505334187824
2014-04-11,45.05,45.15,44.65,45.0,45.0,2882,-0.10807682504651127,-0.13676841455597488,-0.1101437502713786,-0.11018330773419355,-0.11018330773419355,0.00671140939597309,0.011918147065437399,0.01587779366393257,0.017811704834605632,0.0169031908162344,0.01744733767946644
2014-04-14,45.0,45.0,44.35,44.55,44.55,2882,-0.11415224719299703,-0.15483655110107675,-0.14694442298659036,-0.16476177997483155,-0.16476177997483155,-0.00424675905230214,0.001573741007194091,0.0039813701923077545,0.007405732376052766,0.0068251672391970815,0.007386749076656396
2014-04-15,44.55,44.7,44.1,44.1,44.1,2882,-0.16883104651137232,-0.19097282419128048,-0.17761165024926714,-0.21934025221546866,-0.21934025221546866,-0.01276024177300202,-0.007874015748031527,-0.006831318970047162,-0.002939181550983553,-0.0034348730000902544,-0.0027137042062416222
2014-04-16,44.1,44.15,43.85,43.85,43.85,2882,-0.22350984582974676,-0.25722265818998846,-0.2082788775119439,-0.24966162568248956,-0.24966162568248956,-0.01571268237934895,-0.01283205763169744,-0.011793870192307694,-0.008030765750480645,-0.008949961578447787,-0.008591453764413191
2014-04-17,43.85,44.05,43.85,44.05,44.05,2882,-0.2538869565621773,-0.26926808255338996,-0.2082788775119439,-0.22540452690887336,-0.22540452690887336,-0.0058677499435792835,-0.008441193021947102,-0.007212080234392615,-0.0037317652380413698,-0.004114668113582976,-0.004407277658492492
2014-04-18,44.15,44.15,43.9,44.0,44.0,2882,-0.217434423683261,-0.25722265818998846,-0.2021454320594089,-0.2314688016022772,-0.2314688016022772,-0.0024937655860349,-0.009120594527643308,-0.00789177001127399,-0.005649717514124294,-0.004344677769732082,-0.005162603157855034
2014-04-21,43.95,44.35,43.95,44.0,44.0,2882,-0.24173611226920488,-0.23313180946318537,-0.19601198660687302,-0.2314688016022772,-0.2314688016022772,0.0,-0.008338967771016396,-0.007220216606498201,-0.006323396567299032,-0.004029154782923726,-0.0046750113105111625
2014-04-22,44.25,44.7,44.2,44.55,44.55,2882,-0.2052835793902886,-0.19097282419128048,-0.16534475934419626,-0.16476177997483155,-0.16476177997483155,0.010433204808346584,0.003830554303740302,0.004962779156327357,0.005076142131979567,0.007872946925478462,0.007348784624081305
2014-04-23,44.75,44.85,44.4,44.4,44.4,2882,-0.14452935792542757,-0.1729046876461786,-0.14081097753405536,-0.1829546040550439,-0.1829546040550439,0.004524886877828119,0.0005633802816901088,0.00120264582080564,0.001579066095195134,0.004433987874400299,0.00365444750028261
2014-04-24,44.25,44.3,43.85,44.05,44.05,2882,-0.2052835793902886,-0.23915452164488657,-0.2082788775119439,-0.22540452690887336,-0.22540452690887336,-0.003393665158371169,-0.004632244944074238,-0.0067643742953777735,-0.006260222209689322,-0.003664163575499843,-0.003994573409707629
2014-04-25,43.9,44.05,43.0,43.25,43.25,2882,-0.2478115344156915,-0.26926808255338996,-0.3125474502050451,-0.32243292200333995,-0.32243292200333995,-0.018161180476730925,-0.018829401088929183,-0.023408098750564394,-0.023150762281197033,-0.02171454422076455,-0.020791668238934295
2014-04-28,42.45,43.05,42.45,42.85,42.85,2882,-0.42399877666378805,-0.38972232618740354,-0.38001535018293364,-0.3709471195505732,-0.3709471195505732,-0.022136010953902302,-0.024140286950580785,-0.030250452625226142,-0.030433306935173637,-0.030279713949488415,-0.028748441690906974
2014-04-29,43.0,43.3,42.8,43.1,43.1,2882,-0.35716913305244125,-0.3596087652789001,-0.33708123201518686,-0.3406257460835523,-0.3406257460835523,-0.00987824488858258,-0.01620634558320004,-0.022601859550986377,-0.02334013142986633,-0.024136213376805743,-0.022454071217963143
2014-04-30,43.2,43.3,42.6,42.6,42.6,2882,-0.33286744446649646,-0.3596087652789001,-0.36161501382532774,-0.40126849301759415,-0.40126849301759415,-0.013203613620569847,-0.024836900537942103,-0.03123104912067923,-0.032972022019181514,-0.033969794548505544,-0.0325144782164351
2014-05-02,42.75,43.1,42.5,42.6,42.6,2882,-0.3875462437848718,-0.38369961400570235,-0.3738819047303986,-0.40126849301759415,-0.40126849301759415,-0.0065298507462686825,-0.021589343132751442,-0.02732323616713598,-0.0314329562894333,-0.032653617330487356,-0.03159809047510799
2014-05-05,43.0,43.0,42.25,42.3,42.3,2882,-0.35716913305244125,-0.39574503836910385,-0.4045491319930754,-0.43765414117801976,-0.43765414117801976,-0.009135628952916388,-0.024671431865344717,-0.030187237294612226,-0.03617203076046723,-0.03771782155694075,-0.03768863274436961
2014-05-06,42.3,44.5,42.1,44.35,44.35,2882,-0.44222504310324706,-0.2150636729180835,-0.42294946835068126,-0.18901887874844775,-0.18901887874844775,0.03163526401488734,0.021771685289713173,0.017124073083097525,0.01053830817430928,0.009009418937980797,0.008221877012844266
2014-05-07,44.3,44.3,43.65,43.8,43.8,2882,-0.19920815724380284,-0.23915452164488657,-0.23281265932208567,-0.25572590037589427,-0.25572590037589427,0.015534430790632844,0.01084698822986381,0.00497131931166336,-0.0012541329380915932,-0.002959253357614445,-0.00439460524321871
2014-05-08,43.8,45.2,43.8,45.0,45.0,2882,-0.2599623787086639,-0.1307457023742737,-0.2144123229644798,-0.11018330773419355,-0.11018330773419355,0.03187342352671407,0.037105323807328866,0.030691708657810433,0.02546573235344385,0.023564734783004308,0.022340022718667193
2014-05-09,45.2,45.6,44.65,44.65,44.65,2882,-0.08985055860705227,-0.08256400492066843,-0.1101437502713786,-0.152633230588023,-0.152633230588023,0.014311676510677024,0.02761795166858448,0.021739130434782677,0.018185964312182872,0.015003409865878531,0.013966163279209767
2014-05-12,44.7,44.8,44.3,44.4,44.4,2882,-0.1506047800719133,-0.1789273998278798,-0.15307786843912624,-0.1829546040550439,-0.1829546040550439,-0.000900090009000881,0.019166762309193182,0.015398688824515738,0.013178161903131966,0.009136778944497338,0.008212542103470414
2014-05-13,44.8,45.0,44.45,44.5,44.5,2882,-0.1384539357789418,-0.15483655110107675,-0.1346775320815195,-0.1708260546682354,-0.1708260546682354,0.0006746120980438104,0.017608049394008764,0.016910420475319807,0.015518028297581006,0.011271702572493297,0.010445049954586758
2014-05-14,44.8,44.95,44.6,44.95,44.95,2882,-0.1384539357789418,-0.16085926328277708,-0.11627719572391361,-0.11624758242759739,-0.11624758242759739,0.005592841163310961,0.023568256859842963,0.026568209500609195,0.0247933884297522,0.021033981464655852,0.020238320408549414
2014-05-15,44.9,44.9,44.6,44.8,44.8,2882,-0.1263030914859694,-0.16688197546447828,-0.11627719572391361,-0.13444040650781064,-0.13444040650781064,0.0031347962382443674,0.01506740681998412,0.02251978088861817,0.020268731496242327,0.01730323811253902,0.0163339382940107
2014-05-16,44.7,45.3,44.4,45.25,45.25,2882,-0.1506047800719133,-0.11870027801087302,-0.14081097753405536,-0.07986193426717264,-0.07986193426717264,0.010495757034390488,0.019144144144144178,0.030908262454434884,0.02911075733454631,0.027521685816794497,0.02557322555056088
2014-05-19,45.4,45.45,45.0,45.2,45.2,2882,-0.06554887002110836,-0.10063214146577029,-0.06720963210363096,-0.08592620896057648,-0.08592620896057648,0.005785491766800133,0.011411948981875255,0.026728250170364263,0.02657279127867367,0.026199881941606745,0.023666628920847053
2014-05-20,45.4,45.4,44.9,44.9,44.9,2882,-0.06554887002110836,-0.10665485364747149,-0.07947652300870184,-0.1223118571210021,-0.1223118571210021,-0.0026654820079963894,0.003464074198234465,0.01675724637681164,0.018718094157685664,0.01906491148433945,0.0164503471174164
2014-05-21,44.85,45.1,44.6,44.9,44.9,2882,-0.13237851363245517,-0.14279112673767522,-0.11627719572391361,-0.1223118571210021,-0.1223118571210021,-0.002443901355254533,0.0010032326385018774,0.014001806684733456,0.018313772183477857,0.018325319785902038,0.01610530683061122
2014-05-22,45.05,45.15,44.75,45.0,45.0,2882,-0.10807682504651127,-0.13676841455597488,-0.09787685936630772,-0.11018330773419355,-0.11018330773419355,-0.0011098779134294597,0.0032326385018393296,0.012601260126012492,0.01988781234064264,0.01952965698491084,0.01794601115970433
2014-05-23,44.8,45.3,44.8,45.15,45.15,2882,-0.1384539357789418,-0.11870027801087302,-0.09174341391377272,-0.09199048365398117,-0.09199048365398117,0.0026648900732845785,0.005455962587685056,0.012104909213180881,0.022013468394544822,0.02190937485853976,0.02141618279164448
2014-05-26,45.25,45.3,45.1,45.2,45.2,2882,-0.0837751364605665,-0.11870027801087302,-0.054942741198560074,-0.08592620896057648,-0.08592620896057648,0.003775260937153047,0.004779370901411658,0.008853507923517792,0.020892151326934033,0.021930816188107757,0.02239312372766347
2014-05-27,45.2,45.35,45.2,45.3,45.3,2882,-0.08985055860705227,-0.11267756582917182,-0.04267585029348919,-0.0737976595737688,-0.0737976595737688,0.004211926402128081,0.005214689892377506,0.009658246656760698,0.020327721155470546,0.022989024885958196,0.02407595795184787
2014-05-28,45.3,46.25,45.2,45.9,45.9,2882,-0.07769971431408074,-0.004268746558559788,-0.04267585029348919,-0.001026363252918445,-0.001026363252918445,0.013021408077687122,0.01638618246235595,0.019848911272404034,0.03059219758630361,0.03527607361963174,0.03623433796139529
2014-05-29,46.2,46.4,45.75,46.0,46.0,2882,0.031657884322669846,0.013799389986542074,0.024792049684399346,0.011102186133890092,0.011102186133890092,0.010766864425400898,0.015901060070671352,0.020559088892175614,0.028910138120002166,0.03603603603603607,0.0368144252441773
2014-05-30,46.0,46.1,45.8,45.9,45.9,2882,0.007356195736725079,-0.02233688310366165,0.03092549513693435,-0.001026363252918445,-0.001026363252918445,0.005256241787122095,0.012239497188223612,0.01646120912379122,0.022898211599531922,0.0320636776543599,0.03312450763401743
2014-06-03,46.05,46.2,45.65,46.15,46.15,2882,0.01343161788321084,-0.010291458740260124,0.012525158779328464,0.029295010214102465,0.029295010214102465,0.006543075245365259,0.015624999999999861,0.01936386393756455,0.02407633418395653,0.03498542274052467,0.03707865168539339
2014-06-04,46.15,46.2,45.6,45.7,45.7,2882,0.02558246217618322,-0.010291458740260124,0.006391713326793461,-0.025283462026534656,-0.025283462026534656,-0.0050076202917482444,0.003954305799648656,0.007643686608849135,0.012574087409294752,0.022279885468861733,0.025660207974863576
2014-06-05,45.75,46.0,45.6,46.0,46.0,2882,-0.02302091499570545,-0.03438230746706318,0.006391713326793461,0.011102186133890092,0.011102186133890092,0.001088139281828012,0.008108700416392667,0.012695384163792501,0.016743106592253025,0.02632753235162873,0.031274520793633076
2014-06-06,46.0,46.2,45.9,46.05,46.05,2882,0.007356195736725079,-0.010291458740260124,0.04319238604200523,0.01716646082729393,0.01716646082729393,0.0019582245430808595,0.006887504099704771,0.011939642543217183,0.016668506457666307,0.024289336714266623,0.03112404836542769
2014-06-09,46.2,46.2,45.95,46.05,46.05,2882,0.031657884322669846,-0.010291458740260124,0.04932583149454111,0.01716646082729393,0.01716646082729393,0.0013046314416177926,0.004909983633387765,0.01075504828797195,0.015099746500606246,0.021154869611495493,0.029587121776717618
2014-06-10,46.25,46.75,46.2,46.75,46.75,2882,0.037733306469155604,0.05595837525844699,0.07999305875721788,0.10206630653495283,0.10206630653495283,0.013879852526566918,0.01674641148325366,0.023797357471348257,0.02786786126532179,0.032601493130715344,0.042518397383483064
2014-06-11,46.8,46.85,46.5,46.7,46.7,2882,0.10456295008050241,0.06800379962184852,0.11679373147242965,0.09600203184154898,0.09600203184154898,0.00842150723385879,0.012575888985255973,0.020021842009464975,0.024291275977408603,0.029359901251983792,0.038431605084683074
2014-06-12,46.7,46.7,46.4,46.5,46.5,2882,0.0924121057875309,0.049935663076746656,0.10452684056735877,0.07174493306793192,0.07174493306793192,0.0019392372333548007,0.006929406669553925,0.013292656352146581,0.018173855922925294,0.02251737180051002,0.031385161361872
2014-06-13,46.3,46.45,46.2,46.35,46.35,2882,0.04380872861564136,0.019822102168243268,0.07999305875721788,0.05355210898771954,0.05355210898771954,-0.002582311168495749,0.0029211295034080953,0.008046976946498577,0.013170118585715047,0.018010103228640464,0.025215660252156616
2014-06-16,46.35,46.6,46.15,46.55,46.55,2882,0.04988415076212799,0.037890238713345126,0.07385961330468199,0.07780920776133575,0.07780920776133575,-0.00042946102641192024,0.00583405358686249,0.010345825495586589,0.016098226466575653,0.02069903082927675,0.026649512957176883
2014-06-17,46.75,47.0,46.55,46.85,46.85,2882,0.09848752793401666,0.08607193616695039,0.12292717692496465,0.11419485592176136,0.11419485592176136,0.00558059669456976,0.010787486515641855,0.014435221941537455,0.0208083669245017,0.025074391738141258,0.029821219226260312
2014-06-18,46.85,47.0,46.65,46.95,46.95,2882,0.11063837222698904,0.08607193616695039,0.13519406783003554,0.1263234053085699,0.1263234053085699,0.006646655231560941,0.010220548682087174,0.01418490783410153,0.02070764715473668,0.025064407667787503,0.030057042562527524
2014-06-19,47.0,47.1,46.8,47.0,47.0,2882,0.12886463866644718,0.09811736053035192,0.15359440418764142,0.13238768000197373,0.13238768000197373,0.005562687205819537,0.009125067096081527,0.013659237958303368,0.01946749091697849,0.024322203818324305,0.028746534364512036
2014-06-20,47.0,47.05,46.85,46.9,46.9,2882,0.12886463866644718,0.09209464834865072,0.15972784964017728,0.1202591306151652,0.1202591306151652,0.001067235859124806,0.005143591941706001,0.010195290063182143,0.015206450565506648,0.020274973894883603,0.025136612021857893
2014-06-23,46.9,47.0,46.7,46.9,46.9,2882,0.1167137943734748,0.08607193616695039,0.1413275132825714,0.1202591306151652,0.1202591306151652,-0.00042625745950560797,0.0033158626591079507,0.008746773731000853,0.013287242087069133,0.018812182300039094,0.02345881069285315
2014-06-24,45.6,46.0,45.6,45.8,45.8,2882,-0.041247181435163593,-0.03438230746706318,0.006391713326793461,-0.013154912639726981,-0.013154912639726981,-0.019481909655319988,-0.01822079314040732,-0.01441790402410176,-0.011119507718881585,-0.005601632723956808,-0.001562329687897523
2014-06-25,45.9,45.9,45.45,45.7,45.7,2882,-0.004794648556247305,-0.046427731830464704,-0.012008623030812425,-0.025283462026534656,-0.025283462026534656,-0.016358157554885882,-0.018259935553168516,-0.01656982999784799,-0.013704543002050243,-0.008461705359080073,-0.0046103023922748525
2014-06-26,45.9,46.1,45.75,46.1,46.1,2882,-0.004794648556247305,-0.02233688310366165,0.024792049684399346,0.02323073552069863,0.02323073552069863,-0.0038893690579083775,-0.00881530853579868,-0.00810442515957825,-0.005286438666522763,-0.0008236161081969223,0.003264417845484191
2014-06-27,46.1,46.2,45.9,46.2,46.2,2882,0.019507040029697463,-0.010291458740260124,0.04319238604200523,0.035359284907507164,0.035359284907507164,0.0013003901170351598,-0.006344768254651073,-0.00616664276495057,-0.003343760112177783,0.0003031221582299833,0.004420610189144136
2014-06-30,46.2,46.65,46.05,46.65,46.65,2882,0.031657884322669846,0.04391295089504547,0.06159272239961112,0.08993775714814428,0.08993775714814428,0.012150141028422545,0.003117944307063671,0.002650809571571891,0.005550466131379001,0.008735890671625574,0.013175993629189949
2014-07-01,46.65,46.8,46.4,46.5,46.5,2882,0.08633668364104427,0.061981087440147326,0.10452684056735877,0.07174493306793192,0.07174493306793192,0.005840363400389271,0.0006455777921239754,-0.00021500752526334144,0.0019392372333548007,0.004363039440148563,0.008968609865470866
2014-07-02,46.75,46.8,45.55,46.25,46.25,2882,0.09848752793401666,0.061981087440147326,0.0002582678742575842,0.041423559600911,0.041423559600911,-0.001942166594734491,-0.0032327586206896248,-0.0049483648881240095,-0.004037685060565276,-0.001856008287292939,0.0025651215723111157
2014-07-03,46.25,46.3,45.95,46.15,46.15,2882,0.037733306469155604,0.001753965623140547,0.04932583149454111,0.029295010214102465,0.029295010214102465,-0.004314994606256803,-0.003562560725466893,-0.006601133672956991,-0.006351598665087775,-0.00422905968152587,-0.0005053421888535972
2014-07-04,46.15,46.6,46.1,46.25,46.25,2882,0.02558246217618322,0.037890238713345126,0.067726167852147,0.041423559600911,0.041423559600911,-0.0023727351164797117,0.0,-0.004305705059203506,-0.004412872672478706,-0.002286651134696578,0.000757329871253848
2014-07-07,46.15,46.15,45.9,46.0,46.0,2882,0.02558246217618322,-0.016314170921961316,0.04319238604200523,0.011102186133890092,0.011102186133890092,-0.0049751243781095385,-0.0034662045060657844,-0.00890548692904324,-0.009741133415854917,-0.007765314926660902,-0.005262019750594658
2014-07-08,46.0,47.15,45.9,46.9,46.9,2882,0.007356195736725079,0.10414007271205225,0.04319238604200523,0.1202591306151652,0.1202591306151652,0.012740228892247815,0.013615733736762538,0.010412926391382426,0.009470512268618118,0.010993748652726837,0.012958963282937396
2014-07-09,46.9,47.1,46.7,46.95,46.95,2882,0.1167137943734748,0.09811736053035192,0.1413275132825714,0.1263234053085699,0.1263234053085699,0.01076426264800861,0.011962495958616379,0.011490125673249665,0.010274893754370846,0.010981912144702953,0.01283572430158572
2014-07-10,47.6,48.45,47.6,48.3,48.3,2882,0.20176970442428063,0.26073058943627037,0.2517295314282076,0.2900588220304821,0.2900588220304821,0.030290102389078536,0.03614716293038711,0.038635223281485206,0.037315436241610676,0.037995358033181485,0.040163669645741404
2014-07-11,48.1,48.3,47.7,47.85,47.85,2882,0.2625239258891417,0.24266245289116767,0.26399642233327847,0.235480349789845,0.235480349789845,0.013771186440677935,0.022873022659256254,0.027559055118110194,0.025998391852050357,0.026735902497639737,0.02910602910602907
2014-07-14,48.25,50.4,48.05,50.0,50.0,2882,0.2807501923285998,0.49561636452259633,0.30693054050102525,0.49624416160622464,0.49624416160622464,0.041666666666666664,0.06123315292369745,0.06898517673888255,0.06814783165990168,0.06924425815833368,0.07219442458899215
2014-07-15,50.5,51.9,50.2,51.0,51.0,2882,0.5541441889204746,0.6762977299736167,0.5706686949600461,0.6175296554743083,0.6175296554743083,0.04465383039737796,0.0722169662567014,0.08234295415959259,0.08470250438666457,0.08667859882383033,0.08986002778074577
2014-07-16,51.5,51.6,50.4,50.8,50.8,2882,0.6756526318501966,0.640161456883413,0.595202476770187,0.5932725567006912,0.5932725567006912,0.024400080661423695,0.05789254477301128,0.0703750526759374,0.07604321118407109,0.07864786818413438,0.08165655275204926
2014-07-17,50.8,51.7,50.6,51.2,51.2,2882,0.5905967217993908,0.6522068812468145,0.6197362585803288,0.6417867542479254,0.6417867542479254,0.020530197329081148,0.05512622359608458,0.07112970711297084,0.07971320118093633,0.0828187124608748,0.08616483399922216
2014-07-18,50.8,51.5,50.7,51.5,51.5,2882,0.5905967217993908,0.6281160325200114,0.6320031494853997,0.6781724024083501,0.6781724024083501,0.011787819253438142,0.049949031600407805,0.06950020766994333,0.08079748163693602,0.08443882922720568,0.08833474218089586
2014-07-21,52.0,52.5,51.4,51.6,51.6,2882,0.7364068533150577,0.7485702761540249,0.717871385820894,0.6903009517951587,0.6903009517951587,0.007418976962124081,0.040112880467647695,0.06428325885183912,0.07758170617103469,0.08194246414492999,0.08620145247868659
2014-07-22,51.6,51.9,51.0,51.6,51.6,2882,0.6878034761431691,0.6762977299736167,0.6688038222006114,0.6903009517951587,0.6903009517951587,0.005064277366575869,0.030351437699680576,0.05687171434423425,0.07109496626881172,0.07764922100162908,0.0825174825174826
2014-07-24,51.6,53.1,51.4,53.1,53.1,2882,0.6878034761431691,0.8208428223344333,0.717871385820894,0.8722291925972842,0.8722291925972842,0.02509652509652518,0.04744057599368776,0.07751623376623377,0.0938304665774024,0.10330784574468088,0.10902255639097741
2014-07-25,53.2,53.6,52.8,53.0,53.0,2882,0.8822169848307246,0.88106994415144,0.8896078584918838,0.8601006432104756,0.8601006432104756,0.016104294478527535,0.035864360402619,0.06561222438174374,0.0840662712211086,0.09576579556731718,0.10194746690692345
2014-07-28,53.1,54.1,52.8,53.9,53.9,2882,0.8700661405377522,0.9412970659684469,0.8896078584918838,0.9692575876917507,0.9692575876917507,0.02393617021276592,0.04114351941278724,0.07270797399495811,0.09386098427194318,0.10795921723400746,0.11482643317591083
2014-07-29,51.8,52.0,49.9,50.1,50.1,2882,0.7121051647291129,0.6883431543370182,0.5338680222448335,0.5083727109930332,0.5083727109930332,-0.04279709591134878,-0.032444959443800825,-0.008313539192399083,0.013195813741847483,0.027144497293750982,0.033700137551581834
2014-07-30,50.2,51.3,50.0,50.9,50.9,2882,0.5176916560415583,0.6040251837932084,0.5461349131499044,0.6054011060874998,0.6054011060874998,-0.024904214559387055,-0.016805099478462517,0.0022315568390653003,0.02481501988221663,0.03919967333605557,0.04728918761359332
2014-07-31,50.9,50.9,50.1,50.4,50.4,2882,0.6027475660923632,0.5558434863396031,0.5584018040549753,0.5447583591534579,0.5447583591534579,-0.024390243902438852,-0.02571041948579158,-0.012087553087226406,0.010526315789473656,0.02505694760820044,0.034553540882654735
2014-08-01,49.3,50.1,49.1,49.4,49.4,2882,0.40833405740480766,0.4594800914323926,0.4357328950042682,0.4234728652853743,0.4234728652853743,-0.030231645072634455,-0.04170708050436467,-0.033078880407124776,-0.012740444666500182,0.00202839756592295,0.012364232529544335
2014-08-04,49.0,49.2,48.6,49.0,49.0,2882,0.3718815245258914,0.3510712721617806,0.37439844047891463,0.374958667738141,0.374958667738141,-0.019215372297838287,-0.04483430799220268,-0.042345276872964126,-0.023418036870951613,-0.00833805553306887,0.0027285129604365525
2014-08-05,48.75,48.75,47.3,47.55,47.55,2882,0.34150441379346086,0.2968668625264741,0.21492885871299494,0.1990947016294194,0.1990947016294194,-0.03842264914054598,-0.06572354848216916,-0.06770799294163793,-0.053778418984130154,-0.038383756673677466,-0.02737531108308059
2014-08-06,47.5,48.6,47.25,48.6,48.6,2882,0.18961886013130824,0.27879872598137223,0.20879541326045994,0.3264444701909077,0.3264444701909077,-0.007960808328230118,-0.039430773791876615,-0.044122467711269896,-0.03451701018127633,-0.018816118872647888,-0.00779203103201866
2014-08-07,48.6,49.15,48.4,48.7,48.7,2882,0.32327814735400273,0.3450485599800794,0.34986465866877287,0.3385730195777163,0.3385730195777163,0.0010277492291881657,-0.029010068786761007,-0.039510880284004936,-0.034209221616261665,-0.018738666129357238,-0.007776155387279725
2014-08-08,48.55,48.55,47.75,48.3,48.3,2882,0.3172027252075161,0.27277601379967104,0.2701298677858135,0.2900588220304821,0.2900588220304821,-0.0026842865992152687,-0.02787561638321435,-0.04375371213621067,-0.04214179474467031,-0.028481776490465925,-0.017393957888312418
2014-08-11,49.0,49.05,48.6,48.9,48.9,2882,0.3718815245258914,0.3330031356166778,0.37439844047891463,0.3628301183513325,0.3628301183513325,0.010121875645527825,-0.005794449527294838,-0.028541156214820364,-0.03125154771928088,-0.018505880936132854,-0.007005787389582676
2014-08-12,48.9,49.25,48.3,48.55,48.55,2882,0.359730680232919,0.3570939843434809,0.337597767763702,0.320380195497503,0.320380195497503,-0.001234313927175525,-0.009789924535998449,-0.03158244680851069,-0.036801904572958975,-0.02752183318644358,-0.015379415244211585
2014-08-13,48.65,49.3,48.65,49.3,49.3,2882,0.3293535695004885,0.36311669652518125,0.38053188593144965,0.4113443158985658,0.4113443158985658,0.011282051282051371,0.008798854102721501,-0.013605442176870744,-0.020270270270270334,-0.014394242303078886,-0.0020579602577510863
2014-08-14,49.55,49.8,49.35,49.8,49.8,2882,0.4387111681372382,0.42334381834218804,0.46640012226694494,0.4719870628326076,0.4719870628326076,0.016949152542372847,0.020282728948985907,0.0008038585209003044,-0.00934951263178832,-0.006662145450193404,0.005654281098545921
2014-08-15,50.0,50.0,49.1,49.4,49.4,2882,0.4933899674556135,0.44743466706899104,0.4357328950042682,0.4234728652853743,0.4234728652853743,0.004269160398454988,0.01208768694939554,-0.002423263327948252,-0.015544041450777086,-0.015504802901670169,-0.004600866440541325
2014-08-18,49.5,49.5,48.8,49.0,49.0,2882,0.43263574599075244,0.3872075452519843,0.39893222228905556,0.374958667738141,0.374958667738141,-0.004267425320056916,0.003892644949805321,-0.0039300718254506395,-0.021076815502946614,-0.024370818732080354,-0.014481094127111804
2014-08-19,49.5,49.5,49.2,49.4,49.4,2882,0.43263574599075244,0.3872075452519843,0.4479997859093391,0.4234728652853743,0.4234728652853743,0.0004050222762252557,0.008266149607102789,0.005154639175257815,-0.010912003203524052,-0.015936254980079764,-0.00869565217391312
2014-08-20,50.0,50.7,49.7,50.5,50.5,2882,0.4933899674556135,0.5317526376128009,0.5093342404346926,0.5568869085402665,0.5568869085402665,0.017734784361144753,0.026735793432957303,0.028094462540716666,0.012226899178192011,0.006377042646472704,0.010943547310823296
2014-08-21,50.5,51.1,50.4,50.9,50.9,2882,0.5541441889204746,0.5799343350664061,0.595202476770187,0.6054011060874998,0.6054011060874998,0.021268057784911764,0.030260095132071747,0.035535060355350666,0.022498995580554387,0.014267495616132653,0.01627233702705396
2014-08-22,51.1,52.1,51.0,51.9,51.9,2882,0.627049254678308,0.7003885787004197,0.6688038222006114,0.7266865999555834,0.7266865999555834,0.030989272943980833,0.04290163769717669,0.05231143552311432,0.0437405731523378,0.033617461961284206,0.03376157753211818
2014-08-25,52.1,52.3,51.6,51.8,51.8,2882,0.7485576976080301,0.7244794274272219,0.7424051676310358,0.7145580505687749,0.7145580505687749,0.017681728880157285,0.03486165218259909,0.04632372744411519,0.04393389762192664,0.031379420197514996,0.029070922455466483
2014-08-26,51.8,52.0,51.1,51.8,51.8,2882,0.7121051647291129,0.6883431543370182,0.6810707131056823,0.7145580505687749,0.7145580505687749,0.00817438692098096,0.02818578801111556,0.040369552118899484,0.04214867719545315,0.031215161649944215,0.027845756994510276
2014-08-27,52.0,52.3,51.6,52.1,52.1,2882,0.7364068533150577,0.7244794274272219,0.7424051676310358,0.7509436987292005,0.7509436987292005,0.007736943907156645,0.028424792735886398,0.041513960151929125,0.04692052647442984,0.036774655735095245,0.03304692663582297
2014-08-28,52.3,52.5,51.6,51.8,51.8,2882,0.772859386193974,0.7485702761540249,0.7424051676310358,0.7145580505687749,0.7145580505687749,-0.0015420200462605686,0.018482107746755756,0.031256221381644446,0.039430119394000276,0.03187250996015954,0.026420079260237685
2014-08-29,51.3,51.6,51.0,51.0,51.0,2882,0.6513509432642519,0.640161456883413,0.6688038222006114,0.6175296554743083,0.6175296554743083,-0.013539651837524232,-0.00039200313602501025,0.011704026978774122,0.021736952819793667,0.017557861133280325,0.010701545778834703
2014-09-01,51.2,51.9,51.1,51.5,51.5,2882,0.6392000989712804,0.6762977299736167,0.6810707131056823,0.6781724024083501,0.6781724024083501,-0.0027110766847405223,0.004486054222742422,0.018121911037891365,0.02917665867306157,0.029505837198145018,0.020610384462940928
2014-09-02,51.3,51.6,50.6,50.7,50.7,2882,0.6513509432642519,0.640161456883413,0.6197362585803288,0.5811440073138836,0.5811440073138836,-0.014002333722287026,-0.013618677042801473,-0.0005256932579839085,0.010010458688181637,0.013027493606138271,0.0053539559785842385
2014-09-03,50.7,51.6,50.7,51.5,51.5,2882,0.5784458775064193,0.640161456883413,0.6320031494853997,0.6781724024083501,0.6781724024083501,0.0038986354775829017,0.0,0.012318175861617058,0.02299250136564545,0.02851893273685901,0.021285034373347524
2014-09-04,51.6,51.8,51.1,51.8,51.8,2882,0.6878034761431691,0.6642523056102151,0.6810707131056823,0.7145580505687749,0.7145580505687749,0.009746588693957116,0.0040705563093622965,0.015553522415370604,0.025793356106738,0.033354612192786556,0.028117763810783944
2014-09-05,51.9,52.0,51.6,52.0,52.0,2882,0.7242560090220853,0.6883431543370182,0.7424051676310358,0.738815149342392,0.738815149342392,0.009708737864077669,0.007751937984496096,0.016021883548261187,0.025995165984314166,0.03519668737060043,0.03277060575968219
2014-09-09,52.3,52.4,52.0,52.4,52.4,2882,0.772859386193974,0.7365248517906234,0.7914727312513185,0.7873293468896252,0.7873293468896252,0.013931888544891758,0.0143244289585752,0.019323045000648405,0.030329843189303384,0.04034307496823373,0.04174950298210739
2014-09-10,52.4,52.4,51.4,52.0,52.0,2882,0.7850102304869464,0.7365248517906234,0.717871385820894,0.738815149342392,0.738815149342392,0.0011551790527532205,0.006191950464396152,0.008142690965490395,0.0190084264158338,0.028765876627230798,0.032497187107022235
2014-09-11,52.0,52.0,51.6,51.7,51.7,2882,0.7364068533150577,0.6883431543370182,0.7424051676310358,0.7024295011819672,0.7024295011819672,-0.005386687187379647,0.0011618900077459773,0.0007742934572204076,0.010752688172043095,0.02032761002565623,0.02599722167096665
2014-09-12,51.5,51.8,50.8,50.9,50.9,2882,0.6756526318501966,0.6642523056102151,0.6442700403904696,0.6054011060874998,0.6054011060874998,-0.017374517374517347,-0.012609117361784649,-0.014711575687185405,-0.005956449565472116,0.002797588557468833,0.009787065203015453
2014-09-15,50.8,50.8,50.0,50.0,50.0,2882,0.5905967217993908,0.5437980619762016,0.5461349131499044,0.49624416160622464,0.49624416160622464,-0.027237354085603085,-0.02818270165208946,-0.02975420439844757,-0.02410461598516638,-0.016251524810136416,-0.008461131676361628
2014-09-16,50.1,50.3,49.75,49.75,49.75,2882,0.5055408117485859,0.4835709401591948,0.5154676858872276,0.46592278813920374,0.46592278813920374,-0.022016905838411725,-0.029741589468551898,-0.03203839418898751,-0.02969428055975427,-0.02182461659457319,-0.013907700439364434
2014-09-17,50.4,50.9,50.0,50.2,50.2,2882,0.5419933446275021,0.5558434863396031,0.5461349131499044,0.5205012603798418,0.5205012603798418,-0.00613739853494362,-0.02000976085895556,-0.021251705985572165,-0.02168087697929349,-0.014255979264030005,-0.006727344677483108
2014-09-18,50.7,50.7,50.0,50.7,50.7,2882,0.5784458775064193,0.5317526376128009,0.5461349131499044,0.5811440073138836,0.5811440073138836,0.007751937984496135,-0.00870075276175566,-0.009701152418777323,-0.012129183106824535,-0.005531364010827282,0.001778304682868925
2014-09-19,50.9,51.3,50.6,50.8,50.8,2882,0.6027475660923632,0.6040251837932084,0.6197362585803288,0.5932725567006912,0.5932725567006912,0.010141181149333682,-0.004799686551082467,-0.006454136514766388,-0.010084279241973953,-0.004351064246795526,0.0023677979479083946
2014-09-22,50.7,50.8,49.75,50.8,50.8,2882,0.5784458775064193,0.5437980619762016,0.5154676858872276,0.5932725567006912,0.5932725567006912,0.006937561942517231,-0.002454590083456063,-0.006194978806651516,-0.009022189709826982,-0.005442656329535196,0.0007223061264691392
2014-09-23,50.3,50.5,49.95,49.95,49.95,2882,0.5298425003345298,0.5076617888859979,0.5400014676973693,0.49017988691282083,0.49017988691282083,-0.010695187165775244,-0.014404104183109646,-0.020844223732357538,-0.02384209497752587,-0.022810861569762694,-0.016700022966632682
2014-09-24,49.8,50.6,49.8,50.1,50.1,2882,0.46908827886966875,0.5197072132493994,0.5216011313397626,0.5083727109930332,0.5083727109930332,-0.007331087774915741,-0.007724301841948912,-0.01713314151190168,-0.019281589507683126,-0.020412951665884638,-0.014749262536873156
2014-09-25,50.4,50.5,49.8,50.0,50.0,2882,0.5419933446275021,0.5076617888859979,0.5216011313397626,0.49624416160622464,0.49624416160622464,-0.00655672561096758,-0.006359300476947682,-0.0171668195518281,-0.019223224794036816,-0.021985760112667285,-0.0171668195518281
2014-09-26,49.3,50.5,49.15,50.1,50.1,2882,0.40833405740480766,0.5076617888859979,0.4418663404568032,0.5083727109930332,0.5083727109930332,-0.0017931858936042302,-0.002786624203821526,-0.013002364066193924,-0.015620394930739653,-0.01941595553119857,-0.015394693743858462
2014-09-29,50.2,50.4,49.7,50.1,50.1,2882,0.5176916560415583,0.49561636452259633,0.5093342404346926,0.5083727109930332,0.5083727109930332,0.0009990009990010842,-0.0029850746268656435,-0.010533245556286994,-0.014749262536873156,-0.01803214425715409,-0.015845992666317407
2014-09-30,50.0,50.3,49.55,49.55,49.55,2882,0.4933899674556135,0.4835709401591948,0.4909339040770858,0.4416656893655867,0.4416656893655867,-0.008405043025815524,-0.013537726458291993,-0.017709641181523912,-0.02369341411753117,-0.027096014137050903,-0.027000490918016692
2014-10-01,49.4,49.6,49.0,49.1,49.1,2882,0.4204849016977801,0.3992529696153858,0.4234660040991973,0.3870872171249496,0.3870872171249496,-0.01346192485432995,-0.020351157222665523,-0.022885572139303454,-0.031032611376979585,-0.033882964070677944,-0.03564764804085236
2014-10-02,48.6,48.95,48.4,48.6,48.6,2882,0.32327814735400273,0.32095771125327716,0.34986465866877287,0.3264444701909077,0.3264444701909077,-0.01798343099616085,-0.026247245041073976,-0.028841670552188,-0.0381475434169512,-0.04107967325677743,-0.04427911245124706
2014-10-03,48.8,50.1,48.75,50.0,50.0,2882,0.3475798359399466,0.4594800914323926,0.39279877683652054,0.49624416160622464,0.49624416160622464,0.010713563776025753,0.0034115994380895386,0.00033344448149381234,-0.008674101610904586,-0.012052953961667643,-0.01616764503328644
2014-10-06,50.0,50.3,49.65,50.0,50.0,2882,0.4933899674556135,0.4835709401591948,0.5032007949821568,0.49624416160622464,0.49624416160622464,0.011122345803842207,0.005025125628140704,0.00033344448149381234,-0.006704742984852219,-0.011271504844769633,-0.014940075521260867
2014-10-07,49.8,50.0,49.1,50.0,50.0,2882,0.46908827886966875,0.44743466706899104,0.4357328950042682,0.49624416160622464,0.49624416160622464,0.00928542591844961,0.00492412822831871,0.0,-0.004331159456364836,-0.01009701049297165,-0.013774285808212057
2014-10-08,49.7,49.95,49.5,49.5,49.5,2882,0.4569374345766972,0.44141195488729074,0.48480045862455085,0.43560141467218283,0.43560141467218283,-0.0024183796856107323,-0.003923936009658925,-0.009075136794341382,-0.011828117981733815,-0.019063850025761886,-0.022157837553089973
2014-10-09,50.0,50.3,49.65,50.0,50.0,2882,0.4933899674556135,0.4835709401591948,0.5032007949821568,0.49624416160622464,0.49624416160622464,0.0020040080160320926,0.006137438374081894,0.001870157627571617,-0.0001499775033744995,-0.007975873973255049,-0.010912927368039215
2014-10-13,49.0,49.3,47.95,48.15,48.15,2882,0.3718815245258914,0.36311669652518125,0.29466364959595526,0.2718659979502698,0.2718659979502698,-0.027861901877649822,-0.027272727272727303,-0.03177156645887805,-0.03448967315019048,-0.04190544412607453,-0.04521118381915529
2014-10-14,48.0,48.95,47.8,48.95,48.95,2882,0.2503730815961693,0.32095771125327716,0.27626331323834846,0.3688943930447372,0.3688943930447372,-0.007502027575020224,-0.008808342614154141,-0.013237468082247001,-0.01741355949214633,-0.02361670722463806,-0.028030578813250724
2014-10-15,48.7,48.7,47.85,47.95,47.95,2882,0.3354289916469751,0.2908441503447738,0.2823967586908844,0.24760889917665355,0.24760889917665355,-0.019627887957472924,-0.0259014728288471,-0.030790998517719985,-0.035744809210195495,-0.04015533669629274,-0.045644529954222704
2014-10-16,46.3,47.4,46.3,46.8,46.8,2882,0.04380872861564136,0.13425363362055565,0.09225994966228789,0.10813058122835666,0.10813058122835666,-0.03245813520777342,-0.04480048984590279,-0.04981050351922035,-0.05564243555465874,-0.05925866366487109,-0.06611680191565783
2014-10-17,47.0,47.3,45.5,45.5,45.5,2882,0.12886463866644718,0.12220820925715412,-0.00587517757827742,-0.049540560800151734,-0.049540560800151734,-0.041499894670318074,-0.0654205607476636,-0.07054337464251668,-0.07703230386936456,-0.08080808080808081,-0.08841992787498319
2014-10-20,46.4,46.65,46.0,46.6,46.6,2882,0.055959572908613746,0.04391295089504547,0.055459276947076114,0.08387348245474045,0.08387348245474045,-0.011874469889736963,-0.03609473575343877,-0.0435139573070607,-0.05067481538069781,-0.05530327602984109,-0.06312826698833937
2014-10-21,47.0,47.1,46.6,46.9,46.9,2882,0.12886463866644718,0.09811736053035192,0.12906062237750052,0.1202591306151652,0.1202591306151652,0.00320855614973259,-0.023628604142812638,-0.033122594832325505,-0.04075267167766017,-0.04682546134460631,-0.05386322372402666
2014-10-22,47.3,47.5,47.15,47.25,47.25,2882,0.16531717154536346,0.14629905798395718,0.19652852235538906,0.16270905346899464,0.16270905346899464,0.013730959021669181,-0.0106783919597991,-0.022818144216186373,-0.03091832025842193,-0.037756598240469334,-0.043489996288673574
2014-10-23,47.2,47.35,47.0,47.0,47.0,2882,0.15316632725239196,0.1282309214388553,0.17812818599778318,0.13238768000197373,0.13238768000197373,0.007502679528403031,-0.010734582193222587,-0.02516592920353978,-0.032971554961164676,-0.04034629206141796,-0.045329902840312714
2014-10-24,47.1,47.2,46.3,46.3,46.3,2882,0.14101548295941957,0.11016278489375343,0.09225994966228789,0.04748783429431484,0.04748783429431484,-0.010895107882931106,-0.017819261773440887,-0.03662089055347507,-0.043734187019156434,-0.05122950819672131,-0.056097312357718164
2014-10-27,46.75,47.2,46.7,47.0,47.0,2882,0.09848752793401666,0.11016278489375343,0.1413275132825714,0.13238768000197373,0.13238768000197373,0.002345915973555117,-0.0005316321105794488,-0.01796907647304652,-0.026159026159026218,-0.033876007235652095,-0.03928048240384288
2014-10-28,47.5,49.3,47.5,49.15,49.15,2882,0.18961886013130824,0.36311669652518125,0.2394626405231367,0.3931514918183534,0.3931514918183534,0.038234051542036386,0.04474439366563921,0.028170978313925052,0.0193923052991808,0.011691573010579858,0.005249522770657235
2014-10-29,49.7,49.9,49.05,49.9,49.9,2882,0.4569374345766972,0.43538924270558954,0.4295994495517323,0.4841156122194161,0.4841156122194161,0.042406517651974125,0.056308213378492886,0.04400585814910381,0.03457212460477887,0.027171675586661184,0.02048467909608368
2014-10-30,49.9,49.9,49.3,49.45,49.45,2882,0.4812391231626411,0.43538924270558954,0.4602666768144091,0.429537139978779,0.429537139978779,0.022539288668320997,0.040943058625407855,0.034663132933463514,0.02487046632124358,0.018453680438275076,0.011799208839176128
2014-10-31,49.9,50.2,49.45,50.0,50.0,2882,0.4812391231626411,0.4715255157957941,0.4786670131720158,0.49624416160622464,0.49624416160622464,0.018329938900203638,0.04264414555312276,0.046171014088436255,0.0347682119205298,0.029781274457305374,0.02354145342886384
2014-11-03,50.3,50.3,49.6,49.95,49.95,2882,0.5298425003345298,0.4835709401591948,0.4970673495296217,0.49017988691282083,0.49017988691282083,0.005232441135037334,0.03437564713191145,0.042507304855990184,0.03378693020127283,0.028878635577160767,0.02311132352439158
2014-11-04,49.95,50.3,49.5,49.5,49.5,2882,0.48731454530912777,0.4835709401591948,0.48480045862455085,0.43560141467218283,0.43560141467218283,-0.005225080385852192,0.01956745623069007,0.0323253388946819,0.025003882590464273,0.020113758140301537,0.01479482010455471
2014-11-05,49.5,49.7,48.8,49.05,49.05,2882,0.43263574599075244,0.41129839397878737,0.39893222228905556,0.3810229424315449,0.3810229424315449,-0.010889292196007243,0.006566796634516584,0.021378496564170135,0.016685666908487922,0.011256803562592763,0.006188245751991431
2014-11-06,49.0,49.15,48.85,49.0,49.0,2882,0.3718815245258914,0.3450485599800794,0.4050656677415914,0.374958667738141,0.374958667738141,-0.010101010101010102,0.001430615164520895,0.017230641478098364,0.016175860638739135,0.010309278350515464,0.005919184315872177
2014-11-07,49.0,49.2,48.7,49.05,49.05,2882,0.3718815245258914,0.3510712721617806,0.3866653313839855,0.3810229424315449,0.3810229424315449,-0.005272764145203916,-0.0031500863733360663,0.013290180415920621,0.01821578701541331,0.010965002679417876,0.0076006573541494956
2014-11-10,48.8,50.1,48.8,50.0,50.0,2882,0.3475798359399466,0.4594800914323926,0.39893222228905556,0.49624416160622464,0.49624416160622464,0.013787510137875096,0.009998990001009947,0.02810143934201509,0.03594737387340722,0.030545364606949982,0.027186194617544433
2014-11-11,50.0,50.1,49.7,49.8,49.8,2882,0.4933899674556135,0.4594800914323926,0.5093342404346926,0.4719870628326076,0.4719870628326076,0.008505467800729076,0.004639903167238186,0.019934462042599587,0.030895823629871134,0.02659245516388372,0.023287671232876703
2014-11-12,49.75,49.75,48.8,48.95,48.95,2882,0.463012856723183,0.4173211061604877,0.39893222228905556,0.3688943930447372,0.3688943930447372,-0.008306320907617435,-0.010611419909044944,0.00020433183489983672,0.01225249444243398,0.009944705785260364,0.006235439221597942
2014-11-13,49.25,49.4,49.15,49.3,49.3,2882,0.4022586352583219,0.37516212088858275,0.4418663404568032,0.4113443158985658,0.4113443158985658,-0.0024281667341158344,-0.00323493732308944,0.004209668658337795,0.016861754241220966,0.01733388361535279,0.013291312688407816
2014-11-14,49.45,49.95,49.3,49.8,49.8,2882,0.4265603238442667,0.44141195488729074,0.4602666768144091,0.4719870628326076,0.4719870628326076,0.004639903167238186,0.007281553398058241,0.009595891336667032,0.02263976590174032,0.02782134896392289,0.02272727272727263
2014-11-17,49.9,50.2,49.25,49.65,49.65,2882,0.4812391231626411,0.4715255157957941,0.45413323136187406,0.4537942387523952,0.4537942387523952,0.0030303030303030017,0.004857316332726209,0.0029627634502727416,0.016376663254861912,0.02345811345646434,0.019891129446403515
2014-11-18,49.7,49.85,48.9,49.35,49.35,2882,0.4569374345766972,0.4293665305238892,0.41119911319412644,0.4174085905919705,0.4174085905919705,-0.0012143290831814445,-0.0009110233829335298,-0.003365870077414964,0.0077084077798765605,0.01693867457962419,0.014180024660912553
2014-11-19,49.5,49.8,49.25,49.7,49.7,2882,0.43263574599075244,0.42334381834218804,0.45413323136187406,0.4598585134457999,0.4598585134457999,0.002824858757062158,0.0048524059846340875,0.003972796444683979,0.012323047153478033,0.022675830281081756,0.021582733812949728
2014-11-20,49.8,50.2,49.75,50.0,50.0,2882,0.46908827886966875,0.4715255157957941,0.5154676858872276,0.49624416160622464,0.49624416160622464,0.00603621730382288,0.008878127522195273,0.0092854259184499,0.01533150573662306,0.026146205311332927,0.027397260273972653
2014-11-21,50.1,50.3,49.8,49.8,49.8,2882,0.5055408117485859,0.4835709401591948,0.5216011313397626,0.4719870628326076,0.4719870628326076,0.0020120724346075316,0.0033242671501962735,0.005518912370440169,0.007689194658033092,0.018446562231583988,0.023427866831072765
2014-11-24,50.0,50.2,49.75,50.0,50.0,2882,0.4933899674556135,0.4715255157957941,0.5154676858872276,0.49624416160622464,0.49624416160622464,0.004621257785814828,0.0073536818777071595,0.009489198465576396,0.008674601573532373,0.019700615899171877,0.026237471350870647
2014-11-25,50.0,50.0,49.65,49.85,49.85,2882,0.4933899674556135,0.44743466706899104,0.5032007949821568,0.4780513375260123,0.4780513375260123,-0.00040104271104864694,0.004230459307010492,0.005986815552266922,0.0049390182441285645,0.014200846354166675,0.02252914430275879
2014-11-26,50.0,50.0,49.4,49.45,49.45,2882,0.4933899674556135,0.44743466706899104,0.47253356771947996,0.429537139978779,0.429537139978779,-0.007426736250501755,-0.004829945663111187,-0.00262202501008462,-0.0026723138204003483,0.004264825345247783,0.01328506540077198
2014-11-27,49.5,50.2,49.5,49.8,49.8,2882,0.43263574599075244,0.4715255157957941,0.48480045862455085,0.4719870628326076,0.4719870628326076,0.0004017677782241065,0.001206272617611626,0.003357958361316272,0.004032258064516043,0.009077646295996118,0.018370198698067407
2014-11-28,49.8,50.0,49.7,49.9,49.9,2882,0.46908827886966875,0.44743466706899104,0.5093342404346926,0.4841156122194161,0.4841156122194161,0.0020080321285140847,0.0030150753768843934,0.004226202455222252,0.006149813489263025,0.00816227573945362,0.01736382479866798
2014-12-01,48.5,48.95,48.0,48.0,48.0,2882,0.31112730306103037,0.32095771125327716,0.3007970950484902,0.2536731738700574,0.2536731738700574,-0.02834008097165989,-0.03196531209034992,-0.03141185175220283,-0.030254053235011773,-0.031007751937984523,-0.02230369691414602
2014-12-02,48.05,48.05,46.3,46.55,46.55,2882,0.25644850374265504,0.21254889198266427,0.09225994966228789,0.07780920776133575,0.07780920776133575,-0.04493229380385716,-0.05587668593448932,-0.05654641264693973,-0.05673758865248235,-0.058302314290338206,-0.051612903225806556
2014-12-03,46.75,47.55,46.7,47.5,47.5,2882,0.09848752793401666,0.1523217701656575,0.1413275132825714,0.19303042693601555,0.19303042693601555,-0.017580144777662905,-0.03229092390750726,-0.03540242333987678,-0.03597341316149984,-0.03721420463758727,-0.03242233916143273
2014-12-04,47.55,47.9,47.4,47.6,47.6,2882,0.195694282277794,0.1944807554375624,0.22719574961806582,0.2051589763228241,0.2051589763228241,-0.006470465456063499,-0.02548879107380484,-0.03114186851211075,-0.032569483257964514,-0.03373797247371197,-0.030780194794176607
2014-12-05,47.8,47.8,47.25,47.5,47.5,2882,0.22607139301022453,0.18243533107416088,0.20879541326045994,0.19303042693601555,0.19303042693601555,0.0014758591608686545,-0.022935308032500153,-0.030150411760702375,-0.03307888040712468,-0.033806598592408754,-0.03360347224576984
2014-12-08,47.6,47.85,47.4,47.7,47.7,2882,0.20176970442428063,0.18845804325586207,0.22719574961806582,0.21728752570963264,0.21728752570963264,0.006966434452185042,-0.014157280148806349,-0.023474819162003578,-0.026729238930830488,-0.02795891750896627,-0.029994916115912443
2014-12-09,47.5,47.6,47.2,47.35,47.35,2882,0.18961886013130824,0.15834448234735868,0.20266196780792495,0.1748376028558032,0.1748376028558032,-0.0037870818430466397,-0.016308299574114546,-0.027986861913233813,-0.03144975709537205,-0.03339729718695129,-0.035936068410872456
2014-12-10,47.05,47.15,46.5,46.5,46.5,2882,0.13494006081293294,0.10414007271205225,0.11679373147242965,0.07174493306793192,0.07174493306793192,-0.017536446228607762,-0.02801003344481612,-0.041237113402061855,-0.04644724700092281,-0.048768513214957725,-0.05105268528281348
2014-12-11,46.3,46.5,45.95,46.3,46.3,2882,0.04380872861564136,0.025844814349943603,0.04932583149454111,0.04748783429431484,0.04748783429431484,-0.016358614828978185,-0.025057906927774223,-0.040480795799944874,-0.047619047619047575,-0.05076267016565537,-0.05310518781103001
2014-12-12,46.5,46.65,46.1,46.5,46.5,2882,0.06811041720158613,0.04391295089504547,0.067726167852147,0.07174493306793192,0.07174493306793192,-0.007894175378707008,-0.013785790031813332,-0.03192227619708532,-0.04024767801857591,-0.044664502609196,-0.04674046740467393
2014-12-15,46.0,46.0,45.6,45.75,45.75,2882,0.007356195736725079,-0.03438230746706318,0.006391713326793461,-0.01921918733313082,-0.01921918733313082,-0.015705679862306452,-0.025039957378795892,-0.041884816753926704,-0.051911718992850533,-0.056778822365165856,-0.05941611842105264
2014-12-16,45.75,46.2,45.65,45.8,45.8,2882,-0.02302091499570545,-0.010291458740260124,0.012525158779328464,-0.013154912639726981,-0.013154912639726981,-0.008013861815031505,-0.022411953041622287,-0.03538331929233361,-0.04737143154282156,-0.05262286943571096,-0.05599450360700794
2014-12-17,45.8,46.15,45.0,45.05,45.05,2882,-0.016945492849219687,-0.016314170921961316,-0.06720963210363096,-0.10411903304078972,-0.10411903304078972,-0.018090671316477885,-0.0333655187211674,-0.045281152868041755,-0.058417807503396424,-0.06511994687474071,-0.06889424733034796
2014-12-18,45.1,45.3,44.15,44.3,44.3,2882,-0.10200140290002464,-0.11870027801087302,-0.17147820479673212,-0.19508315344185245,-0.19508315344185245,-0.025945470536499555,-0.042679632631010295,-0.053823152498932145,-0.0685449957947855,-0.07685254646995088,-0.08142106718274819
2014-12-19,45.0,45.65,44.6,45.35,45.35,2882,-0.11415224719299703,-0.07654129273896809,-0.11627719572391361,-0.06773338488036411,-0.06773338488036411,0.002209944751381247,-0.015414676508901298,-0.02508061626657107,-0.04198574069184045,-0.051453670780171525,-0.057237890652068406
2014-12-22,45.8,46.25,45.7,46.15,46.15,2882,-0.016945492849219687,-0.004268746558559788,0.018658604231864342,0.029295010214102465,0.029295010214102465,0.018089565409221273,0.005337109247358619,-0.005245006466446306,-0.02110510128327495,-0.031885882106146485,-0.038040646169880205
2014-12-23,46.4,46.55,46.15,46.15,46.15,2882,0.055959572908613746,0.03186752653164394,0.07385961330468199,0.029295010214102465,0.029295010214102465,0.016519823788546415,0.0079720432456045,-0.004672897196261723,-0.017248722316865465,-0.029279374027176033,-0.0355948732237392
2014-12-24,46.2,46.5,46.15,46.5,46.5,2882,0.031657884322669846,0.025844814349943603,0.07385961330468199,0.07174493306793192,0.07174493306793192,0.01772816808929749,0.015616468275636201,0.00431965442764585,-0.006675567423230975,-0.01927700679124327,-0.026619683913058537
2014-12-25,46.5,46.6,46.2,46.3,46.3,2882,0.06811041720158613,0.037890238713345126,0.07999305875721788,0.04748783429431484,0.04748783429431484,0.0045563028856585135,0.011248225401332327,0.001875360646278116,-0.0072366657732512605,-0.020437523801464224,-0.028773205607803297
2014-12-26,46.5,46.7,46.3,46.5,46.5,2882,0.06811041720158613,0.049935663076746656,0.09225994966228789,0.07174493306793192,0.07174493306793192,0.0038860103626942944,0.015616468275636043,0.007656746605027569,0.0006994135686232068,-0.013451012008316573,-0.02232189788695365
2014-12-27,46.65,46.75,46.5,46.75,46.75,2882,0.08633668364104427,0.05595837525844699,0.11679373147242965,0.10206630653495283,0.10206630653495283,0.006675279931093934,0.018851476517380294,0.014466546112115836,0.007434543691412538,-0.0054037954216661944,-0.015063731170335961
2014-12-29,46.2,47.1,46.2,46.85,46.85,2882,0.031657884322669846,0.09811736053035192,0.07999305875721788,0.11419485592176136,0.11419485592176136,0.005796479175611918,0.01869971732985446,0.017372421281216164,0.009263248599741484,-0.000725194096066714,-0.011220936367793442
2014-12-30,47.0,47.05,46.7,46.85,46.85,2882,0.12886463866644718,0.09209464834865072,0.1413275132825714,0.11419485592176136,0.11419485592176136,0.0042872454448017756,0.014728178470868523,0.016857184199102815,0.00997035839396386,0.0014963659683625541,-0.009234456506414641
2014-12-31,46.8,46.95,46.65,46.95,46.95,2882,0.10456295008050241,0.08004922398525005,0.13519406783003554,0.1263234053085699,0.1263234053085699,0.0036340316374519387,0.011090772046947512,0.018070112034694667,0.012835724301585564,0.006085801225731773,-0.0049803963123872495
2015-01-05,46.75,46.75,46.2,46.4,46.4,2882,0.09848752793401666,0.05595837525844699,0.07999305875721788,0.059616383681123375,0.059616383681123375,-0.007698887938409035,-0.0030081650193383683,0.00628930817610061,0.002159827213822925,-0.0027081631775780785,-0.014269022412633371
2015-01-06,45.95,45.95,44.8,44.95,44.95,2882,0.0012807735902393186,-0.040405019648763515,-0.09174341391377272,-0.11624758242759739,-0.11624758242759739,-0.03124999999999991,-0.03166738474795344,-0.024028370847506444,-0.026265908475494145,-0.03133350573226432,-0.041645938454978174
2015-01-07,44.95,45.3,44.85,45.0,45.0,2882,-0.12022766933948278,-0.11870027801087302,-0.08560996846123684,-0.11018330773419355,-0.11018330773419355,-0.022376710840756053,-0.0281827016520894,-0.02181001376711826,-0.022695189488543852,-0.028958612058176143,-0.03726154394722768
2015-01-08,45.7,45.9,45.35,45.55,45.55,2882,-0.029096337142191207,-0.046427731830464704,-0.024275513935883307,-0.04347628610674789,-0.04347628610674789,-0.004806641905178194,-0.0142826228089159,-0.010571283759322389,-0.009728789608130834,-0.015433166176724855,-0.022776844137733922
2015-01-09,46.1,46.1,45.7,45.75,45.75,2882,0.019507040029697463,-0.02233688310366165,0.018658604231864342,-0.01921918733313082,-0.01921918733313082,0.00483197891500123,-0.008774780630484263,-0.008309248554913285,-0.004785729823798104,-0.009525871400736042,-0.015635085706089076
2015-01-12,45.7,45.7,45.25,45.25,45.25,2882,-0.029096337142191207,-0.07051858055726691,-0.03654240484095419,-0.07986193426717264,-0.07986193426717264,-0.0011037527593818358,-0.01694547034542692,-0.019005636652695446,-0.0143222784947993,-0.01843817787418658,-0.023135321843629816
2015-01-13,45.05,45.85,45.05,45.8,45.8,2882,-0.10807682504651127,-0.05245044401216504,-0.061076186651095946,-0.013154912639726981,-0.013154912639726981,0.007257532438970713,-0.0029389354522696225,-0.006579423035210786,-0.0023959921585712594,-0.004867025899530608,-0.0096940430285777
2015-01-14,45.8,45.8,45.25,45.25,45.25,2882,-0.016945492849219687,-0.058473156193866234,-0.03654240484095419,-0.07986193426717264,-0.07986193426717264,-0.005931458699472672,-0.011469142545057315,-0.017230145515094393,-0.013785212226883895,-0.01501959077057026,-0.020668758792338607
2015-01-15,45.25,45.5,45.0,45.0,45.0,2882,-0.0837751364605665,-0.09460942928406996,-0.06720963210363096,-0.11018330773419355,-0.11018330773419355,-0.009028848271305961,-0.012941434525115076,-0.020532540085612748,-0.019180470793374073,-0.019180470793374073,-0.024319734036786823
2015-01-16,44.95,45.3,44.2,44.35,44.35,2882,-0.12022766933948278,-0.11870027801087302,-0.16534475934419626,-0.18901887874844775,-0.18901887874844775,-0.017283403500997142,-0.021619236708581444,-0.03194121071012816,-0.033400533972647646,-0.03170167241605166,-0.036148942335554775
2015-01-19,44.8,44.95,44.2,44.5,44.5,2882,-0.1384539357789418,-0.16085926328277708,-0.16534475934419626,-0.1708260546682354,-0.1708260546682354,-0.010671409515340083,-0.014178112538768288,-0.025831873905429067,-0.02923211169284475,-0.026726739862648206,-0.03078263394801787
2015-01-20,44.7,45.0,44.5,45.0,45.0,2882,-0.1506047800719133,-0.15483655110107675,-0.12854408662898448,-0.11018330773419355,-0.11018330773419355,0.004016064257028106,-0.003211872854136583,-0.012363742775623812,-0.017091683503522217,-0.015144883130526135,-0.01796755655779437
2015-01-21,45.2,45.4,45.0,45.4,45.4,2882,-0.08985055860705227,-0.10665485364747149,-0.06720963210363096,-0.061669110186960266,-0.061669110186960266,0.012263099219620896,0.00475821622219755,-0.0014662756598241198,-0.0075418078478522,-0.006042560644539721,-0.007830996175560028
2015-01-22,45.6,46.2,45.5,46.05,46.05,2882,-0.041247181435163593,-0.010291458740260124,-0.00587517757827742,0.01716646082729393,0.01716646082729393,0.021970705725698952,0.018017022217309556,0.014019377568995812,0.007162775438788356,0.007305976025898943,0.006704073453326493
2015-01-23,46.65,46.8,46.15,46.4,46.4,2882,0.08633668364104427,0.061981087440147326,0.07385961330468199,0.059616383681123375,0.059616383681123375,0.020453045964372106,0.0242825607064018,0.02255197237934328,0.01470668634847738,0.01310043668122274,0.014281550568347323
2015-01-26,46.5,46.5,46.0,46.2,46.2,2882,0.06811041720158613,0.025844814349943603,0.055459276947076114,0.035359284907507164,0.035359284907507164,0.008513425016371983,0.017733230531997067,0.018443676978470273,0.010664479081214203,0.007985338395078038,0.010130456963778258
2015-01-27,46.5,46.55,46.05,46.45,46.45,2882,0.06811041720158613,0.03186752653164394,0.06159272239961112,0.06568065837452808,0.06568065837452808,0.0075921908893709636,0.02177738671359457,0.02170247085563453,0.016466983970676682,0.013174540854163922,0.015078671328671436
2015-01-28,46.05,46.1,45.75,45.8,45.8,2882,0.01343161788321084,-0.02233688310366165,0.024792049684399346,-0.013154912639726981,-0.013154912639726981,-0.008228670420095334,0.006261671976271484,0.006224826071036209,0.0033957717165078575,-0.0006982021295165731,0.0008741258741258555
2015-01-29,45.6,45.75,45.5,45.5,45.5,2882,-0.041247181435163593,-0.06449586837556658,-0.00587517757827742,-0.049540560800151734,-0.049540560800151734,-0.012372476665943289,-0.0014265335235377533,-0.00029295444558360143,-0.0017004004168723727,-0.006376659678546505,-0.0060076460950300075
2015-01-30,45.9,46.0,45.5,45.5,45.5,2882,-0.004794648556247305,-0.03438230746706318,-0.00587517757827742,-0.049540560800151734,-0.049540560800151734,-0.008498583569405112,-0.0039404553415061236,7.326544069171531e-05,-0.0001098780353807836,-0.005681818181818139,-0.006875477463712554
2015-02-02,45.5,45.95,45.5,45.8,45.8,2882,-0.05339802572813598,-0.040405019648763515,-0.00587517757827742,-0.013154912639726981,-0.013154912639726981,-0.00021829294913769946,-0.00021829294913785452,0.005856515373352834,0.007146783947223656,0.0014869238170208572,-0.0006545930613137299
2015-02-03,46.0,46.1,45.8,45.9,45.9,2882,0.007356195736725079,-0.02233688310366165,0.03092549513693435,-0.001026363252918445,-0.001026363252918445,0.004376367614879556,0.0,0.007905138339920936,0.008292602559173985,0.00442032474068883,0.0017095260611792052
2015-02-04,46.1,46.7,46.0,46.4,46.4,2882,0.019507040029697463,0.049935663076746656,0.055459276947076114,0.059616383681123375,0.059616383681123375,0.01265822784810123,0.008695652173913012,0.017172086225794626,0.017711246367275262,0.015761821366024494,0.012437268164957301
2015-02-05,46.4,46.55,46.3,46.5,46.5,2882,0.055959572908613746,0.03186752653164394,0.09225994966228789,0.07174493306793192,0.07174493306793192,0.0104302477183834,0.009881637528504687,0.017134524243528942,0.018843120070113923,0.018263040336355348,0.014619245036002499
2015-02-06,46.6,46.65,46.25,46.25,46.25,2882,0.08026126149455852,0.04391295089504547,0.08612650420975287,0.041423559600911,0.041423559600911,0.0017327268789256722,0.004779491635889767,0.008870791827237686,0.012810686521405752,0.013409877733467924,0.009201003745863032
2015-02-09,46.4,46.45,45.8,46.25,46.25,2882,0.055959572908613746,0.019822102168243268,0.03092549513693435,0.041423559600911,0.041423559600911,-0.00021616947686997655,0.0046703595090692605,0.006309834638816343,0.011702942141528963,0.013543127629733568,0.009384548232212844
2015-02-10,46.55,47.45,46.45,47.0,47.0,2882,0.0741858393480719,0.14027634580225684,0.11066028601989464,0.13238768000197373,0.13238768000197373,0.011187607573149655,0.01974397917118689,0.01967023430720277,0.026761332605133838,0.028131425821411416,0.02556642542822838
2015-02-11,47.3,47.45,47.05,47.35,47.35,2882,0.16531717154536346,0.14027634580225684,0.18426163145031818,0.1748376028558032,0.1748376028558032,0.014570387829440748,0.02389447507838694,0.024374414076584663,0.03204010462074992,0.033662242403073736,0.03282800741629409
2015-02-12,47.5,47.65,47.3,47.6,47.6,2882,0.18961886013130824,0.164367194529059,0.21492885871299494,0.2051589763228241,0.2051589763228241,0.01514182128385585,0.02464750834140573,0.027485969204202043,0.034557704846772515,0.037263020265853146,0.037715282319598795
2015-02-13,47.65,47.7,47.35,47.4,47.4,2882,0.20784512657076637,0.1703899067107602,0.22106230416553083,0.18090187754920703,0.18090187754920703,0.005942275042444847,0.016186086397255925,0.021698519902284833,0.02680747359870018,0.031421359561319424,0.033017325923504426
2015-02-24,47.9,48.15,47.65,48.0,48.0,2882,0.23822223730319692,0.2245943163460658,0.2578629768807426,0.2536731738700574,0.2536731738700574,0.011164946281862253,0.024218499946655397,0.03196216138741575,0.035878068519018105,0.04198324143620018,0.04487900446250426
2015-02-25,48.1,48.2,47.85,48.2,48.2,2882,0.2625239258891417,0.230617028527767,0.2823967586908844,0.2779302726436745,0.2779302726436745,0.010270383567386333,0.023463212655271345,0.033669311601972986,0.03661487176729949,0.04414886703349067,0.046764152309251704
2015-02-26,48.2,48.2,47.4,47.8,47.8,2882,0.27467477018211406,0.230617028527767,0.22719574961806582,0.2294160750964403,0.2294160750964403,0.0,0.011961469249497148,0.022168365528547902,0.025366010618330128,0.03320076085076937,0.035977459904637986
2015-03-02,48.0,48.1,47.2,47.5,47.5,2882,0.2503730815961693,0.21857160416436547,0.20266196780792495,0.19303042693601555,0.19303042693601555,-0.005860192549183783,0.0034857927537762573,0.012865164546165294,0.01734846862283149,0.024501768613579406,0.028027269775998308
2015-03-03,47.5,47.6,47.05,47.6,47.6,2882,0.18961886013130824,0.15834448234735868,0.18426163145031818,0.2051589763228241,0.2051589763228241,-0.0046005855290673124,0.002738571729513281,0.011976472255687036,0.018181818181818212,0.023788015657934394,0.028818443804034633
2015-03-04,47.5,47.65,47.25,47.45,47.45,2882,0.18961886013130824,0.164367194529059,0.20879541326045994,0.18696615224261173,0.18696615224261173,-0.005449591280653909,-0.002941794494641743,0.006433823529411942,0.01361815754339125,0.017978203037844507,0.023953388001726514
2015-03-05,47.5,47.6,47.1,47.15,47.15,2882,0.18961886013130824,0.15834448234735868,0.19039507690285407,0.15058050408218612,0.15058050408218612,-0.007368421052631609,-0.00955781955676936,-0.0016938386618675714,0.006457121511286665,0.009679215383956448,0.016492400560526047
2015-03-06,47.2,47.6,47.15,47.5,47.5,2882,0.15316632725239196,0.15834448234735868,0.19652852235538906,0.19303042693601555,0.19303042693601555,0.0012647554806071307,-0.002519949601007926,0.004157564653653698,0.012091834016939276,0.015347783335470676,0.022384847180370194
2015-03-09,47.25,47.7,47.1,47.5,47.5,2882,0.15924174939887772,0.1703899067107602,0.19039507690285407,0.19303042693601555,0.19303042693601555,0.0012647554806071307,-0.0023104389834068353,0.0027443529660121477,0.009939935151225241,0.014090520922288569,0.020554322137076645
2015-03-10,47.7,48.0,47.4,47.8,47.8,2882,0.213920548717253,0.20652617980096394,0.22719574961806582,0.2294160750964403,0.2294160750964403,0.006739679865206258,0.0031479538300104633,0.006881056031456134,0.013839546105307732,0.01927669737291019,0.024468655116985157
2015-03-11,47.4,48.7,47.35,48.5,48.5,2882,0.17746801583833585,0.2908441503447738,0.22106230416553083,0.3143159208040992,0.3143159208040992,0.016984692807716553,0.016771488469601616,0.018408343249107548,0.025749484481573392,0.032178428534945104,0.03650934995547646
2015-03-12,48.6,49.0,48.2,48.75,48.75,2882,0.32327814735400273,0.3269804234349775,0.325330876858632,0.3446372942711201,0.3446372942711201,0.015413455530097788,0.020835514605800385,0.02115626309174692,0.027938850817079662,0.035471537807986446,0.03907637655417412
2015-03-13,48.9,48.95,48.0,48.0,48.0,2882,0.359730680232919,0.32095771125327716,0.3007970950484902,0.2536731738700574,0.2536731738700574,-0.002286426938266461,0.004709576138147597,0.004534356470177926,0.010419955794127031,0.017639077340569895,0.021204169917027227
2015-03-16,48.0,48.3,48.0,48.1,48.1,2882,0.2503730815961693,0.24266245289116767,0.3007970950484902,0.2658017232568659,0.2658017232568659,-0.002695417789757465,0.00553987665934986,0.005925409550365941,0.010822738257854528,0.017515654086986018,0.021846121162765898
2015-03-17,48.55,48.65,48.05,48.05,48.05,2882,0.3172027252075161,0.2848214381630726,0.30693054050102525,0.2597374485634612,0.2597374485634612,-0.004763877381938774,0.0035505430242272706,0.003969912244045084,0.007865757734661773,0.01426943048929797,0.019592587353232396
2015-03-18,48.1,48.6,48.1,48.2,48.2,2882,0.2625239258891417,0.27879872598137223,0.3130639859535611,0.2779302726436745,0.2779302726436745,-0.00041476565740348445,0.005108956313210396,0.006823562177969669,0.008948662933696356,0.015378133558036739,0.021330696426048745
2015-03-19,48.35,49.7,48.35,49.55,49.55,2882,0.2929010366215722,0.41129839397878737,0.3437312132162379,0.4416656893655867,0.4416656893655867,0.024183546920214852,0.02811494968357707,0.0330808256306901,0.03444676409185801,0.0406165994623657,0.04764253999577131
2015-03-20,49.55,50.0,49.1,49.5,49.5,2882,0.4387111681372382,0.44743466706899104,0.4357328950042682,0.43560141467218283,0.43560141467218283,0.016844700082169276,0.02283293728690989,0.02960549122928653,0.031088892360568502,0.03686635944700457,0.0438633487979755
2015-03-23,49.85,50.6,49.4,50.2,50.2,2882,0.47516370101615535,0.5197072132493994,0.47253356771947996,0.5205012603798418,0.5205012603798418,0.02240325865580451,0.03154217610192123,0.040270774331698594,0.04284601402233186,0.0482793184096224,0.05513907377566021
2015-03-24,50.2,50.4,49.35,49.5,49.5,2882,0.5176916560415583,0.49561636452259633,0.46640012226694494,0.43560141467218283,0.43560141467218283,0.0022271714922048884,0.013617282686597709,0.02307957285566656,0.026066227911074418,0.0308634262151693,0.03751833997065587
2015-03-25,49.5,49.55,48.8,49.05,49.05,2882,0.43263574599075244,0.3932302574336846,0.39893222228905556,0.3810229424315449,0.3810229424315449,-0.010290556900726494,0.0032726528942523337,0.01154877294287472,0.015633088311419307,0.019114897153542375,0.025757206092502778
2015-03-26,48.5,50.0,48.45,50.0,50.0,2882,0.31112730306103037,0.44743466706899104,0.3559981041213088,0.49624416160622464,0.49624416160622464,0.007049345417925507,0.020095889013567264,0.027115858668858003,0.03337811305156546,0.03626943005181347,0.042644145553122605
2015-03-27,50.0,50.0,49.25,49.25,49.25,2882,0.4933899674556135,0.44743466706899104,0.45413323136187406,0.4052800412051619,0.4052800412051619,-0.007056451612903254,0.002238502238502227,0.00929025206639812,0.01635453748129798,0.019120142366428148,0.024973985431841893
2015-03-30,49.7,49.8,49.5,49.5,49.5,2882,0.4569374345766972,0.42334381834218804,0.48480045862455085,0.43560141467218283,0.43560141467218283,0.000808734330772324,0.004464285714285836,0.01164929491109764,0.019409977861298364,0.022685013015991053,0.028037383177570124
2015-03-31,49.95,50.0,49.6,50.0,50.0,2882,0.48731454530912777,0.44743466706899104,0.4970673495296217,0.49624416160622464,0.49624416160622464,0.008878127522195273,0.010611419909044944,0.01881410038714933,0.027168609727286692,0.030800313363295407,0.03573278094251686
2015-04-01,49.8,49.8,49.25,49.25,49.25,2882,0.46908827886966875,0.42334381834218804,0.45413323136187406,0.4052800412051619,0.4052800412051619,-0.007056451612903254,-0.006655909640984233,0.0025105170308047536,0.009893884246680714,0.014292775352170745,0.01808785529715762
2015-04-02,49.55,50.2,49.55,49.6,49.6,2882,0.4387111681372382,0.4715255157957941,0.4909339040770858,0.4477299640589914,0.4477299640589914,0.0016155088852989783,0.0003025108399717771,0.008471704506946894,0.014522397218245057,0.020324199786061193,0.023489355848264996
2015-04-07,50.0,50.0,49.6,49.6,49.6,2882,0.4933899674556135,0.44743466706899104,0.4970673495296217,0.4477299640589914,0.4477299640589914,0.0002016535591854228,0.00010081661457799076,0.006289308176100675,0.012348198795795571,0.01881521649823359,0.02190783600027469
2015-04-08,49.6,49.95,49.55,49.95,49.95,2882,0.44478659028372486,0.44141195488729074,0.4909339040770858,0.49017988691282083,0.49017988691282083,0.005434782608695715,0.007665926971958898,0.010860766324878765,0.016949152542372944,0.023943257759009604,0.027460660290034106
2015-04-09,49.95,50.9,49.8,50.2,50.2,2882,0.48731454530912777,0.5558434863396031,0.5216011313397626,0.5205012603798418,0.5205012603798418,0.009654062751407965,0.011281224818694646,0.012981771709154597,0.019548108657019666,0.02687886102360594,0.030624465355004286
2015-04-10,50.9,51.0,50.4,50.6,50.6,2882,0.6027475660923632,0.5678889107030046,0.595202476770187,0.569015457927075,0.569015457927075,0.012202440488097752,0.0161662817551963,0.017767348307073407,0.025485129452297868,0.03240022851546562,0.0369914950302285
2015-04-13,50.8,50.8,50.4,50.5,50.5,2882,0.5905967217993908,0.5437980619762016,0.595202476770187,0.5568869085402665,0.5568869085402665,0.006577636037472559,0.013140736282475553,0.014463640016070688,0.021646773214647128,0.027550563626744934,0.033318555400197736
2015-04-14,50.5,51.0,50.4,50.6,50.6,2882,0.5541441889204746,0.5678889107030046,0.595202476770187,0.569015457927075,0.569015457927075,0.004566210045662038,0.012404961984793865,0.014977266648836503,0.02098466505246179,0.026994114065354135,0.03339119779434285
2015-04-15,50.7,50.8,49.95,50.4,50.4,2882,0.5784458775064193,0.5437980619762016,0.5400014676973693,0.5447583591534579,0.5447583591534579,-0.0011890606420927917,0.006590772917914742,0.010695187165775362,0.014594866633115279,0.020532134613048293,0.02727859496551939
2015-04-16,50.4,50.8,50.1,50.8,50.8,2882,0.5419933446275021,0.5437980619762016,0.5584018040549753,0.5932725567006912,0.5932725567006912,0.004349545274812156,0.012961116650049823,0.01694915254237283,0.01982434127979919,0.026138245869187657,0.03318531575200843
2015-04-17,50.8,50.9,50.4,50.6,50.6,2882,0.5905967217993908,0.5558434863396031,0.595202476770187,0.569015457927075,0.569015457927075,0.00039541320680116897,0.006264293526896643,0.010854365052940067,0.013368046863265344,0.02036700947771724,0.02692463807333246
2015-04-20,50.2,50.6,50.1,50.3,50.3,2882,0.5176916560415583,0.5197072132493994,0.5584018040549753,0.5326298097666494,0.5326298097666494,-0.004748713889988167,-0.0010922450600736138,0.004459828263329478,0.006603962377426422,0.013050833803270686,0.018665406554831745
2015-04-21,50.4,50.8,50.4,50.8,50.8,2882,0.5419933446275021,0.5437980619762016,0.595202476770187,0.5932725567006912,0.5932725567006912,0.004349545274812156,0.006438831104507097,0.012355520127540803,0.015289297491755784,0.02081826219757257,0.026504563365102755
2015-04-22,50.8,51.4,50.5,51.4,51.4,2882,0.5905967217993908,0.6160706081566099,0.6074693676752579,0.6660438530215416,0.6660438530215416,0.012209531311539925,0.01540892927696565,0.02173336867214419,0.02605050404231944,0.03014269680936343,0.03590742669040341
2015-04-23,51.7,54.5,51.6,53.8,53.8,2882,0.6999543204361415,0.9894787634220521,0.7424051676310358,0.9571290383049422,0.9571290383049422,0.047100038925652045,0.05531581012161618,0.06408227848101271,0.0693699065792088,0.07329529585444663,0.07992372285972357
2015-04-24,54.2,54.5,52.9,53.7,53.7,2882,1.0037254277604466,0.9894787634220521,0.9018747493969547,0.9450004889181345,0.9450004889181345,0.03269230769230775,0.04698771690387997,0.05590876319066659,0.06247217688084298,0.06661899654391608,0.07417902983830643
2015-04-27,54.2,56.0,54.2,55.0,55.0,2882,1.0037254277604466,1.1701601288730725,1.0613443311628743,1.1026716309466429,1.1026716309466429,0.03891197582168497,0.06300734441437969,0.07386918320859091,0.08283703302652957,0.08773040107586409,0.09561752988047803
2015-04-28,55.0,56.5,54.8,55.5,55.5,2882,1.100932182104224,1.2303872506900793,1.134945676593298,1.1633143778806847,1.1633143778806847,0.030066815144766234,0.0626076967260196,0.07537298973067236,0.08599941297329035,0.09243366664042196,0.10009910802775018
2015-04-29,56.0,56.5,54.6,54.6,54.6,2882,1.2224406250339461,1.2303872506900793,1.110411894783157,1.0541574333994097,1.0541574333994097,0.0014673514306676135,0.03703703703703709,0.05161787365177195,0.06308411214953275,0.07100823852491182,0.0776315789473685
2015-04-30,54.5,55.0,53.7,53.7,53.7,2882,1.040177960639363,1.0497058852390588,1.000009876637521,0.9450004889181345,0.9450004889181345,-0.014678899082568754,0.014355874574990653,0.02965614214495732,0.04180812881947829,0.04989442402439977,0.05594336840035407
2015-05-04,54.2,56.0,54.0,55.8,55.8,2882,1.0037254277604466,1.1701601288730725,1.0368105493527326,1.1997000260411095,1.1997000260411095,0.016023306627822205,0.043771043771043704,0.0628571428571428,0.07571449226468735,0.08522307363180205,0.0917984673080058
2015-05-05,55.8,56.5,54.9,55.7,55.7,2882,1.1981389364480013,1.2303872506900793,1.1472125674983689,1.1875714766543017,1.1875714766543017,0.01162368325463132,0.031481481481481534,0.05399268323451505,0.06750994202481929,0.07849591449483023,0.08548785241003011
2015-05-06,55.1,55.6,54.3,55.5,55.5,2882,1.1130830263971965,1.1219784314194672,1.0736112220679443,1.1633143778806847,1.1633143778806847,0.007991282237558985,0.018909491463190903,0.043756268806419425,0.05769688884653859,0.0694465854786496,0.07739096674000269
2015-05-07,55.4,55.4,54.0,54.3,54.3,2882,1.1495355592761127,1.0978875826926642,1.0368105493527326,1.017771785238984,1.017771785238984,-0.01272727272727278,-0.008400292184076112,0.016219588271990028,0.030556082748149544,0.042466594993088545,0.05130687318489833
2015-05-08,55.0,55.5,54.5,54.5,54.5,2882,1.100932182104224,1.1099330070560656,1.0981450038780862,1.042028884012601,1.042028884012601,-0.01196519216823792,-0.0060186029545868745,0.015275707898658723,0.030148379170210873,0.042702992270605325,0.05178513991637176
2015-05-11,55.3,55.7,54.3,54.5,54.5,2882,1.1373847149831404,1.1340238557828688,1.0736112220679443,1.042028884012601,1.042028884012601,-0.007285974499089227,-0.007466763795301469,0.010381905821282816,0.026365348399246678,0.03853043179999235,0.0481105163627039
2015-05-12,54.0,55.4,54.0,55.1,55.1,2882,0.9794237391745019,1.0978875826926642,1.0368105493527326,1.1148001803334515,1.1148001803334515,0.0058415480102228445,0.003277494537509099,0.015481017323995507,0.0331895743483967,0.045580477437473926,0.056196287658541365
2015-05-13,55.5,55.5,54.5,55.3,55.3,2882,1.161686403569085,1.1099330070560656,1.0981450038780862,1.1390572791070677,1.1390572791070677,0.010230179028133035,0.007285974499089227,0.013563049853372472,0.03239055353309063,0.04485508067868335,0.05594806186748138
2015-05-14,55.2,55.2,53.4,53.6,53.6,2882,1.1252338706901688,1.0737967339658618,0.9632092039223082,0.932871939531326,0.932871939531326,-0.018315018315018316,-0.021897810218978027,-0.020229100658055124,-0.002326663564448581,0.009948748869460466,0.020822752666328093
2015-05-15,54.0,54.5,52.9,54.4,54.4,2882,0.9794237391745019,0.9894787634220521,0.9018747493969547,1.0299003346257924,1.0299003346257924,-0.00329791132282887,-0.008565700747220812,-0.006332196785192482,0.009182821630646593,0.02178812922614569,0.03317295517852627
2015-05-18,54.5,54.5,53.5,53.9,53.9,2882,1.040177960639363,0.9894787634220521,0.9754760948273791,0.9692575876917507,0.9692575876917507,-0.010282776349614437,-0.014264813460131568,-0.015704894083272452,-0.0031440724986130718,0.009892827699917535,0.020672242385987097
2015-05-19,54.7,55.5,54.3,55.3,55.3,2882,1.0644796492253077,1.1099330070560656,1.0736112220679443,1.1390572791070677,1.1390572791070677,0.014678899082568754,0.012079062957540201,0.00949251551661183,0.01804123711340187,0.03240982749607926,0.04342903864901403
2015-05-20,55.6,55.9,54.9,55.3,55.3,2882,1.1738372478620576,1.158114704509671,1.1472125674983689,1.1390572791070677,1.1390572791070677,0.014678899082568754,0.012449652142072628,0.009738283627510617,0.013841782014850172,0.0287989284119661,0.039701688966878805
2015-05-21,54.6,54.6,53.5,53.5,53.5,2882,1.0523288049323354,1.0015241877854537,0.9754760948273791,0.9207433901445174,0.9207433901445174,-0.01798825256975031,-0.019068573524019052,-0.021818625060945913,-0.021043000914913058,-0.0069789887890712885,0.0036268134067033854
2015-05-22,53.5,54.0,53.5,53.8,53.8,2882,0.9186695177096409,0.9292516416050454,0.9754760948273791,0.9571290383049422,0.9571290383049422,-0.01030169242089776,-0.012300348815861844,-0.016453382084095167,-0.015553522415370566,-0.0036298985110009086,0.006987771400049941
2015-05-25,53.9,54.4,53.5,54.4,54.4,2882,0.9672728948815296,0.9774333390586506,0.9754760948273791,1.0299003346257924,1.0299003346257924,-0.0011017260374585967,-0.0011017260374585967,-0.0037846416798925065,-0.0052116668190546524,0.0046539115018099,0.01580978463836682
2015-05-26,55.0,55.3,54.7,55.3,55.3,2882,1.100932182104224,1.0858421583292626,1.1226787856882279,1.1390572791070677,1.1390572791070677,0.015424164524421526,0.01505139500734215,0.013191645291315349,0.010968921389396605,0.01751674394641934,0.029539530842745427
2015-05-27,55.5,55.8,55.2,55.5,55.5,2882,1.161686403569085,1.1460692801462693,1.1840132402135815,1.1633143778806847,1.1633143778806847,0.01834862385321101,0.01834862385321101,0.016855991205569704,0.01462522851919556,0.01767639724218862,0.030130545072078234
2015-05-28,55.9,56.2,55.5,55.5,55.5,2882,1.2102897807409738,1.1942509775998755,1.2208139129287932,1.1633143778806847,1.1633143778806847,0.010928961748633906,0.014810751508502511,0.015367727771679536,0.013791213809480497,0.01462522851919556,0.026890341680029736
2015-05-29,55.5,55.9,54.9,54.9,54.9,2882,1.161686403569085,1.158114704509671,1.1472125674983689,1.0905430815598343,1.0905430815598343,-0.003991291727140892,0.002922908293752351,0.0039010118249421847,0.0017334184837148388,0.0028496273564225997,0.01322669947708401
2015-06-01,54.9,55.4,54.2,54.9,54.9,2882,1.0887813378112516,1.0978875826926642,1.0613443311628743,1.0905430815598343,1.0905430815598343,-0.005795001810938199,0.001094091903719954,0.0034117217009869763,0.0025566106647189136,0.0019710906701707726,0.010553442140139844
2015-06-02,54.7,54.9,54.3,54.4,54.4,2882,1.0644796492253077,1.0376604608756574,1.0736112220679443,1.0299003346257924,1.0299003346257924,-0.011627906976744196,-0.006392694063926967,-0.004878048780487658,-0.005393546027973467,-0.0067192521180250335,-0.0011628618642512945
2015-06-03,55.0,55.0,54.0,54.1,54.1,2882,1.100932182104224,1.0497058852390588,1.0368105493527326,0.9935146864653678,0.9935146864653678,-0.012052593133674025,-0.009701629141497237,-0.008915486077186088,-0.009610983981693338,-0.01118584588390106,-0.00867334473491319
2015-06-04,53.8,54.3,51.8,52.3,52.3,2882,0.9551220505885571,0.9653879146952491,0.7669389494411767,0.7752007975028167,0.7752007975028167,-0.03362897265336278,-0.040543019629425935,-0.04036697247706427,-0.04080696928014675,-0.042475283778835596,-0.04218301690983471
2015-06-05,52.0,53.2,51.9,52.4,52.4,2882,0.7364068533150577,0.8328882466978348,0.7792058403462476,0.7873293468896252,0.7873293468896252,-0.022752704214845317,-0.03623321684752606,-0.0361741263028817,-0.03711870635795656,-0.03973024483213616,-0.039530763120914025
2015-06-08,52.0,52.9,51.3,52.5,52.5,2882,0.7364068533150577,0.7967519736076302,0.7056044949158232,0.7994578962764338,0.7994578962764338,-0.01204365826119685,-0.031007751937984364,-0.03267411865864145,-0.03350515463917514,-0.03556469983099432,-0.03699174564353407
2015-06-09,52.0,52.3,51.6,51.8,51.8,2882,0.7364068533150577,0.7244794274272219,0.7424051676310358,0.7145580505687749,0.7145580505687749,-0.015583428354237806,-0.03771131339401823,-0.04145077720207245,-0.04348628935463018,-0.045689019896831315,-0.047969123322918576
2015-06-10,52.6,53.2,52.4,52.7,52.7,2882,0.8093119190728911,0.8328882466978348,0.8405402948716012,0.8237149950500509,0.8237149950500509,0.006878104700038337,-0.015873015873015768,-0.021658415841584115,-0.0245256825543729,-0.02710087136316638,-0.029763731205891385
2015-06-11,52.8,53.1,52.5,52.8,52.8,2882,0.8336136076588351,0.8208428223344333,0.852807185776672,0.8358435444368585,0.8358435444368585,0.006864988558352392,-0.009009009009008952,-0.01895206243032336,-0.02195054181717135,-0.0241738744732758,-0.02684769920747061
2015-06-12,52.8,53.5,52.2,53.3,53.3,2882,0.8336136076588351,0.8690245197880385,0.8160065130614602,0.8964862913709003,0.8964862913709003,0.012922843025465461,0.0033885542168673303,-0.009048091224591069,-0.011681809753384193,-0.014058453570107382,-0.01739076998709535
2015-06-15,53.3,53.9,53.0,53.2,53.2,2882,0.8943678291236961,0.9172062172416438,0.9141416403020256,0.8843577419840927,0.8843577419840927,0.008339651250947643,0.004721435316336166,-0.009433962264150962,-0.012895444846460585,-0.014960746556065763,-0.017664799655320793
2015-06-16,53.5,53.5,52.7,53.1,53.1,2882,0.9186695177096409,0.8690245197880385,0.8773409675868138,0.8722291925972842,0.8722291925972842,0.0015088645794039662,0.0053010223400226045,-0.0085884988797609,-0.012735892906944357,-0.015353805073431035,-0.017939707786203178
2015-06-17,53.2,53.2,52.5,52.5,52.5,2882,0.8822169848307246,0.8328882466978348,0.852807185776672,0.7994578962764338,0.7994578962764338,-0.009060022650056567,-0.0030383592859853687,-0.016116941529235373,-0.02134402087799428,-0.024453694068678377,-0.02723735408560322
2015-06-18,52.3,52.7,52.0,52.1,52.1,2882,0.772859386193974,0.772661124880828,0.7914727312513185,0.7509436987292005,0.7509436987292005,-0.014004542013625946,-0.010258358662613966,-0.019447929736511885,-0.027531497900140017,-0.03080586353151274,-0.03333539489145884
2015-06-22,52.1,53.6,52.1,53.0,53.0,2882,0.7485576976080301,0.88106994415144,0.8037396221563894,0.8601006432104756,0.8601006432104756,0.004168245547555735,0.005692599620493305,-0.00012577034335305702,-0.009993462220976999,-0.013035381750465602,-0.015723659774668764
2015-06-23,53.6,54.7,53.6,54.4,54.4,2882,0.9308203620026132,1.013569612148855,0.98774298573245,1.0299003346257924,1.0299003346257924,0.026027913994718887,0.02854982038192471,0.02693178957966264,0.016157653871299055,0.01265822784810126,0.010338636785736361
2015-06-24,54.4,54.7,54.0,54.3,54.3,2882,1.0280271163463905,1.013569612148855,1.0368105493527326,1.017771785238984,1.017771785238984,0.019526849417949528,0.021829130598419205,0.025173064820641824,0.015237917173039128,0.0115499254843518,0.008981108702384524
2015-06-25,54.7,55.0,54.1,54.4,54.4,2882,1.0644796492253077,1.0497058852390588,1.0490774402578036,1.0299003346257924,1.0299003346257924,0.0141685309470544,0.020446445319827353,0.02667337695017602,0.018154594796930407,0.014092908806203867,0.01140307387208719
2015-06-26,54.9,55.0,54.5,54.9,54.9,2882,1.0887813378112516,1.0497058852390588,1.0981450038780862,1.0905430815598343,1.0905430815598343,0.012915129151291433,0.025784753363228614,0.03273137697516934,0.028089887640449437,0.02234636871508372,0.019877391788965266
2015-06-29,54.1,54.3,53.1,53.2,53.2,2882,0.9915745834674743,0.9653879146952491,0.9264085312070964,0.8843577419840927,0.8843577419840927,-0.019174041297934957,-0.00579330966174551,-0.00025056376847898355,-0.0021569914658162784,-0.008868022952529846,-0.010968581520728691
2015-06-30,52.8,53.9,52.8,53.9,53.9,2882,0.8336136076588351,0.9172062172416438,0.8896078584918838,0.9692575876917507,0.9692575876917507,-0.004432951606944994,0.005972377752892742,0.011130565282641329,0.011921524453205632,0.004547487699418381,0.002044989775051114
2015-07-01,52.5,52.9,52.2,52.5,52.5,2882,0.7971610747799188,0.7967519736076302,0.8160065130614602,0.7994578962764338,0.7994578962764338,-0.023800669393826593,-0.01905829596412562,-0.015994002249156668,-0.012601090840699674,-0.01949798296727919,-0.02228567881308596
2015-07-02,52.7,52.8,52.2,52.2,52.2,2882,0.8214627633658635,0.7847065492442287,0.8160065130614602,0.763072248116009,0.763072248116009,-0.021372328458942512,-0.024116657319124924,-0.02100525131282816,-0.01648610456900612,-0.022691529993259872,-0.025998258489861877
2015-07-03,52.2,52.5,51.7,52.4,52.4,2882,0.7607085419010025,0.7485702761540249,0.7546720585361067,0.7873293468896252,0.7873293468896252,-0.0083270249810749,-0.020926756352765277,-0.016762571928946667,-0.012810851544837975,-0.016664164539858715,-0.021597062301611993
2015-07-06,51.8,52.3,51.3,51.5,51.5,2882,0.7121051647291129,0.7244794274272219,0.7056044949158232,0.6781724024083501,0.6781724024083501,-0.01904761904761905,-0.035038411092373815,-0.03146940822467387,-0.02894315074950511,-0.03108067429259484,-0.03702318623784599
2015-07-07,52.0,52.3,51.8,52.0,52.0,2882,0.7364068533150577,0.7244794274272219,0.7669389494411767,0.738815149342392,0.738815149342392,-0.0023023791250960197,-0.021268586485977705,-0.020592667001506786,-0.019053008866251744,-0.01953390150086723,-0.02621722846441945
2015-07-08,51.8,52.0,49.95,50.0,50.0,2882,0.7121051647291129,0.6883431543370182,0.5400014676973693,0.49624416160622464,0.49624416160622464,-0.031383184812088426,-0.05123339658444028,-0.054582125299382264,-0.05517762660619794,-0.05410518350359439,-0.06056240997056434
2015-07-09,49.9,50.5,48.2,49.95,49.95,2882,0.4812391231626411,0.5076617888859979,0.325330876858632,0.49017988691282083,0.49017988691282083,-0.02384209497752587,-0.04411061142474391,-0.05248182105595951,-0.053663619570880554,-0.05207423995141748,-0.05822832542500703
2015-07-13,51.4,52.2,51.0,52.0,52.0,2882,0.6635017875572243,0.7124340030638212,0.6688038222006114,0.738815149342392,0.738815149342392,0.01781170483460567,0.000673530260752227,-0.013469929804591175,-0.014077830971227999,-0.012945598117003817,-0.01741567725884169
2015-07-14,52.5,53.1,52.0,52.0,52.0,2882,0.7971610747799188,0.8208428223344333,0.7914727312513185,0.738815149342392,0.738815149342392,0.015823403008400124,0.0029896807792457133,-0.012220604065092084,-0.012861278534478571,-0.012645729692780862,-0.01561760530052064
2015-07-15,52.9,52.9,52.2,52.7,52.7,2882,0.8457644519518074,0.7967519736076302,0.8160065130614602,0.8237149950500509,0.8237149950500509,0.026690044808104513,0.018849685838569386,0.003236245954692589,0.0009021413987941036,0.0004936021566617943,-0.0009794319294809532
2015-07-16,53.0,53.2,52.7,53.0,53.0,2882,0.8579152962447798,0.8328882466978348,0.8773409675868138,0.8601006432104756,0.8601006432104756,0.020604660119391632,0.023660067600193173,0.010614631665924953,0.006695474618927758,0.005272941087212144,0.005597191917275298
2015-07-17,53.4,53.4,52.4,52.8,52.8,2882,0.9065186734166685,0.856979095424637,0.8405402948716012,0.8358435444368585,0.8358435444368585,0.0057142857142856605,0.018616764734252847,0.008852939303229052,0.002610966057441172,0.0014034821530175849,0.0026268316612335658
2015-07-20,53.2,53.3,52.4,52.6,52.6,2882,0.8822169848307246,0.8449336710612355,0.8405402948716012,0.8115864456632423,0.8115864456632423,-0.00038008361839610654,0.01436698486163349,0.007984669434685496,-0.001660735468564623,-0.0022383246708904377,-0.00136063031990618
2015-07-21,52.8,53.1,52.4,53.1,53.1,2882,0.8336136076588351,0.8208428223344333,0.8405402948716012,0.8722291925972842,0.8722291925972842,0.004920514761544382,0.02085936749014709,0.01769628825145337,0.007733548417706347,0.007398975526465577,0.0076857386848846
2015-07-22,52.7,53.0,52.5,52.6,52.6,2882,0.8214627633658635,0.8087973979710318,0.852807185776672,0.8115864456632423,0.8115864456632423,-0.004165088981446534,0.010081613058089266,0.009790746784411695,-4.752625825764415e-05,-0.0016323121891962083,-0.0018659666656125039
2015-07-23,52.5,52.6,51.5,51.7,51.7,2882,0.7971610747799188,0.7606157005174266,0.730138276725965,0.7024295011819672,0.7024295011819672,-0.016362252663622515,-0.01043162025074173,-0.00646979693805635,-0.014721997236647784,-0.01767053011590347,-0.01888224689249463
2015-07-24,52.0,52.2,51.7,52.0,52.0,2882,0.7364068533150577,0.7124340030638212,0.7546720585361067,0.738815149342392,0.738815149342392,-0.007633587786259515,-0.008579599618684515,-0.0004485166912282968,-0.006733202807888815,-0.011594753849078111,-0.01275195392842452
2015-07-27,51.9,51.9,50.2,50.4,50.4,2882,0.7242560090220853,0.6762977299736167,0.5706686949600461,0.5447583591534579,0.5447583591534579,-0.03002309468822175,-0.036144578313253024,-0.028714588552707688,-0.03313989736703274,-0.04076738609112716,-0.04167326889557921
2015-07-28,51.0,51.1,49.6,49.6,49.6,2882,0.6148984103853357,0.5799343350664061,0.4970673495296217,0.4477299640589914,0.4477299640589914,-0.03238392508778782,-0.04707012487992307,-0.04179277480842296,-0.04518985514221095,-0.05354348738694025,-0.05466789492074583
2015-07-29,49.85,50.1,49.25,49.7,49.7,2882,0.47516370101615535,0.4594800914323926,0.45413323136187406,0.4598585134457999,0.4598585134457999,-0.019337016574585572,-0.039613526570048255,-0.03700833171865924,-0.0393814931142787,-0.04822091998927574,-0.05065104581197677
2015-07-30,50.0,51.4,49.95,50.5,50.5,2882,0.4933899674556135,0.6160706081566099,0.5400014676973693,0.5568869085402665,0.5568869085402665,0.001189532117367073,-0.019417475728155338,-0.022139030529916826,-0.022028564512224697,-0.030077209695386672,-0.03377020950923181
2015-07-31,50.1,51.0,50.0,51.0,51.0,2882,0.5055408117485859,0.5678889107030046,0.5461349131499044,0.6175296554743083,0.6175296554743083,0.015127388535031807,-0.006235385814497415,-0.013793992522882652,-0.011196742765740886,-0.01790872328134026,-0.023269175524274696
2015-08-03,50.9,50.9,49.6,50.3,50.3,2882,0.6027475660923632,0.5558434863396031,0.4970673495296217,0.5326298097666494,0.5326298097666494,0.0015929908403026344,-0.01546290859267957,-0.025193798449612486,-0.022779153917140346,-0.027944188922815253,-0.03556705972581735
2015-08-04,50.4,51.0,50.2,50.8,50.8,2882,0.5419933446275021,0.5678889107030046,0.5706686949600461,0.5932725567006912,0.5932725567006912,0.006738010305192158,-0.001179709005112117,-0.013975155279503085,-0.012393681652490942,-0.016456921587608933,-0.024608787481199525
2015-08-05,50.8,51.2,50.6,50.6,50.6,2882,0.5905967217993908,0.5919797594298077,0.6197362585803288,0.569015457927075,0.569015457927075,-0.0007898894154818157,-0.0011843663639953073,-0.015181004281821606,-0.01494135396894907,-0.017819014713304073,-0.026080261764988875
2015-08-06,51.1,51.2,49.75,50.1,50.1,2882,0.627049254678308,0.5919797594298077,0.5154676858872276,0.5083727109930332,0.5083727109930332,-0.009098101265822662,-0.007920792079207893,-0.021229486845532542,-0.024770061803494104,-0.02570884057407327,-0.03309852359355405
2015-08-07,49.85,50.7,49.85,50.0,50.0,2882,0.47516370101615535,0.5317526376128009,0.5277345767922985,0.49624416160622464,0.49624416160622464,-0.007148530579825247,-0.005964214711729566,-0.0196078431372549,-0.0267639902676399,-0.025986675497720733,-0.032289280990935705
2015-08-10,49.9,50.5,49.8,50.4,50.4,2882,0.4812391231626411,0.5076617888859979,0.5216011313397626,0.5447583591534579,0.5447583591534579,0.00039698292973394244,0.001988071570576569,-0.008914525432616671,-0.01744809435617499,-0.01666211417645464,-0.021707482773122816
2015-08-11,51.0,51.1,49.95,50.1,50.1,2882,0.6148984103853357,0.5799343350664061,0.5400014676973693,0.5083727109930332,0.5083727109930332,-0.002786624203821526,-0.004965243296921549,-0.010923927349302334,-0.021484375000000028,-0.02144615024024374,-0.025576193717786595
2015-08-12,49.0,49.2,45.5,46.55,46.55,2882,0.3718815245258914,0.3510712721617806,-0.00587517757827742,0.07780920776133575,0.07780920776133575,-0.05826421201699378,-0.06965124412910975,-0.07363184079601996,-0.08532691457483915,-0.08689682228324833,-0.09028727770177834
2015-08-13,46.55,47.6,46.5,46.5,46.5,2882,0.0741858393480719,0.15834448234735868,0.11679373147242965,0.07174493306793192,0.07174493306793192,-0.04537056045986452,-0.06316107585373235,-0.06819851713312396,-0.08043703960053399,-0.08536585365853665,-0.08769864626250734
2015-08-14,46.7,47.45,46.7,47.0,47.0,2882,0.0924121057875309,0.14027634580225684,0.1413275132825714,0.13238768000197373,0.13238768000197373,-0.023072126377052575,-0.04539453640702751,-0.05184587452087957,-0.0651882054596986,-0.07338038720870631,-0.07474243716779316
2015-08-17,47.0,47.15,46.25,46.6,46.6,2882,0.12886463866644718,0.10414007271205225,0.08612650420975287,0.08387348245474045,0.08387348245474045,-0.01583949313621964,-0.04635219482246994,-0.055086177762757725,-0.06758041118503336,-0.0773373460578941,-0.07911204795468013
2015-08-18,46.3,46.6,44.7,44.8,44.8,2882,0.04380872861564136,0.037890238713345126,-0.10401030481884273,-0.13444040650781064,-0.13444040650781064,-0.03218837761935628,-0.07179115300942719,-0.08565208517586242,-0.09609079445145025,-0.10788960133816572,-0.11075823739579209
2015-08-19,44.8,44.8,42.95,43.65,43.65,2882,-0.1384539357789418,-0.1789273998278798,-0.31868089565758007,-0.27391872445610665,-0.27391872445610665,-0.04506672500546916,-0.08240487702333407,-0.10172863218548502,-0.11126946961213473,-0.12447849807445449,-0.1287714979541599
2015-08-20,43.65,44.95,43.3,44.0,44.0,2882,-0.278188645148122,-0.16085926328277708,-0.2757467774898333,-0.2314688016022772,-0.2314688016022772,-0.02676399026763977,-0.06303236797274278,-0.08637873754152818,-0.09706546275395028,-0.11103927590108295,-0.11826592298186428
2015-08-21,43.1,43.4,42.5,42.5,42.5,2882,-0.3450182887594689,-0.3475633409154986,-0.3738819047303986,-0.41339704240440267,-0.41339704240440267,-0.04084856691491752,-0.08028565245617833,-0.10701778960638746,-0.11926225261630911,-0.1341373971151496,-0.14406552094522013
2015-08-24,41.7,42.8,38.6,41.0,41.0,2882,-0.5151301088610797,-0.4198358870959069,-0.852290650028156,-0.5953252832065281,-0.5953252832065281,-0.05070618198657092,-0.09432295118179816,-0.12716434856656264,-0.14199016427749286,-0.15672562731386255,-0.16813201677262266
2015-08-25,41.2,43.7,41.0,43.2,43.2,2882,-0.5758843303259407,-0.311427067825294,-0.5578852683064592,-0.32849719669674377,-0.32849719669674377,0.007697690692792289,-0.03095558546433368,-0.07030129124820658,-0.08985568313494141,-0.1041804910418048,-0.11824738059599937
2015-08-26,43.0,45.2,42.2,44.6,44.6,2882,-0.35716913305244125,-0.1307457023742737,-0.4106825774456104,-0.15869750528142684,-0.15869750528142684,0.03576405016256384,0.004843978821673905,-0.03183791606367587,-0.055284897267528055,-0.06897127588510357,-0.08462748854074012
2015-08-27,44.7,44.8,43.85,44.6,44.6,2882,-0.1506047800719133,-0.1789273998278798,-0.2082788775119439,-0.15869750528142684,-0.15869750528142684,0.03288559518295511,0.009163932571557894,-0.024070021881838103,-0.04934455930938942,-0.06341873162536742,-0.0793366820339916
2015-08-28,45.2,46.45,44.9,46.0,46.0,2882,-0.08985055860705227,0.019822102168243268,-0.07947652300870184,0.011102186133890092,0.011102186133890092,0.048313582497721,0.04320217711758705,0.012472487160675056,-0.01425050894674823,-0.029126213592233063,-0.04597303836847567
2015-08-31,45.6,46.9,45.2,46.9,46.9,2882,-0.041247181435163593,0.07402651180354886,-0.04267585029348919,0.1202591306151652,0.1202591306151652,0.04083444296493556,0.0628895184135977,0.037610619469026454,0.008710614044520941,-0.0071972904318374975,-0.023459189339255938
2015-09-01,46.5,46.75,45.2,45.2,45.2,2882,0.06811041720158613,0.05595837525844699,-0.04267585029348919,-0.08592620896057648,-0.08592620896057648,-0.005719313682358073,0.02343484659798475,0.00727975040855745,-0.021962566266363594,-0.039605643379228374,-0.05366738781492063
2015-09-02,44.5,46.05,44.05,45.25,45.25,2882,-0.17490646865785808,-0.028359595285362842,-0.183745095701803,-0.07986193426717264,-0.07986193426717264,-0.007457775828032383,0.020868584320360904,0.010345340875260445,-0.015180368899287188,-0.03489314507528905,-0.047735961558696596
2015-09-03,45.85,45.85,44.5,45.25,45.25,2882,-0.010870070702733065,-0.05245044401216504,-0.12854408662898448,-0.07986193426717264,-0.07986193426717264,-0.010279965004374583,0.017997750281214784,0.012228767429721713,-0.009955147139262625,-0.030551032650612774,-0.043407793672045544
2015-09-04,44.95,45.4,44.7,44.95,44.95,2882,-0.12022766933948278,-0.10665485364747149,-0.10401030481884273,-0.11624758242759739,-0.11624758242759739,-0.012304987914744062,0.005705336167356584,0.008601346297681365,-0.011055497497387332,-0.03195934013869136,-0.045005488474204144
2015-09-07,44.8,45.5,44.25,44.7,44.7,2882,-0.1384539357789418,-0.09460942928406996,-0.15921131389166124,-0.1465689558946183,-0.1465689558946183,-0.008209451963612259,-0.008099411960501384,0.005850585058505805,-0.010350362539436567,-0.03267690975979221,-0.0464678067337434
2015-09-08,44.7,44.75,43.85,44.3,44.3,2882,-0.1506047800719133,-0.18495011200958014,-0.2082788775119439,-0.19508315344185245,-0.19508315344185245,-0.013143239028736988,-0.01936912008854455,-0.00240204173547505,-0.012868363879449627,-0.03590859630032656,-0.05142571642696558
2015-09-09,44.95,45.65,44.9,45.25,45.25,2882,-0.12022766933948278,-0.07654129273896809,-0.07947652300870184,-0.07986193426717264,-0.07986193426717264,0.008019603475161494,0.00022104332449171345,0.01654934850980975,0.009762900976290097,-0.010626202553787042,-0.02799656308176989
2015-09-10,45.0,45.35,44.75,44.85,44.85,2882,-0.11415224719299703,-0.11267756582917182,-0.09787685936630772,-0.12837613181440594,-0.12837613181440594,0.0008926578888642325,-0.009168231525461154,0.006282252636302471,0.0026827632461434705,-0.014848657909765889,-0.03267550954383681
2015-09-11,44.9,45.15,44.75,45.1,45.1,2882,-0.1263030914859694,-0.13676841455597488,-0.09787685936630772,-0.09805475834738502,-0.09805475834738502,0.0057983942908118894,-0.0016602102933037243,0.007971392386202841,0.010417833538702728,-0.005073902492830286,-0.023139958846250926
2015-09-14,45.4,45.5,44.55,44.8,44.8,2882,-0.06554887002110836,-0.09460942928406996,-0.12241064117644948,-0.13444040650781064,-0.13444040650781064,-0.0013374944271066045,-0.0036695207383521905,-0.004370694125490907,0.0057245482096755064,-0.006784019864319702,-0.02576927258888773
2015-09-15,45.25,45.55,44.95,45.0,45.0,2882,-0.0837751364605665,-0.08858671710236962,-0.07334307755616595,-0.11018330773419355,-0.11018330773419355,0.0,0.0012237178774057117,-0.002585888437384569,0.009987655706430261,0.0021825308449510456,-0.017288444040036346
2015-09-16,45.5,46.9,45.25,46.45,46.45,2882,-0.05339802572813598,0.07402651180354886,-0.03654240484095419,0.06568065837452808,0.06568065837452808,0.02674624226348382,0.030733385110396208,0.026746242263483662,0.03926613715180658,0.03456724130250789,0.017450350467289724
2015-09-17,47.0,48.0,47.0,48.0,48.0,2882,0.12886463866644718,0.20652617980096394,0.17812818599778318,0.2536731738700574,0.2536731738700574,0.046435578809679426,0.058667842964270044,0.05571847507331374,0.06916137654527223,0.06766315227545713,0.05301645338208404
2015-09-18,47.6,48.05,47.0,47.6,47.6,2882,0.20176970442428063,0.21254889198266427,0.17812818599778318,0.2051589763228241,0.2051589763228241,0.02652577097261169,0.04374520337682266,0.044470450555880565,0.05426356589147293,0.05820105820105808,0.046077210460772206
2015-09-21,46.8,46.85,46.1,46.35,46.35,2882,0.10456295008050241,0.06800379962184852,0.067726167852147,0.05355210898771954,0.05355210898771954,-0.00706940874035986,0.012672055931833041,0.01786106434375227,0.020531733362690534,0.030641287912478877,0.021637706182726466
2015-09-22,46.75,47.3,46.3,47.05,47.05,2882,0.09848752793401666,0.12220820925715412,0.09225994966228789,0.13845195469537758,0.13845195469537758,-0.000849437247823299,0.02182647410142242,0.030442400350416135,0.03157202367901771,0.044116994363321636,0.039396170839469766
2015-09-23,46.5,46.7,46.05,46.45,46.45,2882,0.06811041720158613,0.049935663076746656,0.06159272239961112,0.06568065837452808,0.06568065837452808,-0.013590995965173084,0.006173508068883433,0.015522518583296913,0.01635577922433132,0.02824633638818797,0.026216952647470374
2015-09-24,46.45,46.75,46.1,46.1,46.1,2882,0.06203499505510037,0.05595837525844699,0.067726167852147,0.02323073552069863,0.02323073552069863,-0.013059302076642954,-0.0041045582199178594,0.006623480602663976,0.007044945661078153,0.018604445622873274,0.018784530386740363
2015-09-25,45.8,45.8,44.7,44.85,44.85,2882,-0.016945492849219687,-0.058473156193866234,-0.10401030481884273,-0.12837613181440594,-0.12837613181440594,-0.02837954939341426,-0.030584675240462534,-0.020528499672417357,-0.01902887139107606,-0.01106897159992934,-0.007267495480871939
2015-09-30,44.0,44.95,43.4,44.95,44.95,2882,-0.23566069012271915,-0.16085926328277708,-0.2634798865847624,-0.11624758242759739,-0.11624758242759739,-0.020270270270270264,-0.028738115816767464,-0.018701790132440593,-0.014740533727875487,-0.012304987914743907,-0.0038413237792715963
2015-10-01,44.65,45.8,44.05,45.25,45.25,2882,-0.15668020221839993,-0.058473156193866234,-0.183745095701803,-0.07986193426717264,-0.07986193426717264,-0.0059314586994728274,-0.022783716661267675,-0.013516459559624973,-0.00821917808219178,-0.007501316020354576,0.0024738766015582844
2015-10-02,45.25,45.3,44.65,44.7,44.7,2882,-0.0837751364605665,-0.11870027801087302,-0.1101437502713786,-0.1465689558946183,-0.1465689558946183,-0.010405136152313458,-0.030999349663993054,-0.024727272727272716,-0.019683096661001168,-0.019650846565488215,-0.01047815820543084
2015-10-05,45.4,45.65,44.8,45.65,45.65,2882,-0.06554887002110836,-0.07654129273896809,-0.09174341391377272,-0.03134773671993936,-0.03134773671993936,0.012644188110026626,-0.0053382721429350586,-0.005157634752288355,0.0007124458815147446,0.00026293877908745665,0.009323064450749744
2015-10-06,46.0,46.65,45.9,45.9,45.9,2882,0.007356195736725079,0.04391295089504547,0.04319238604200523,-0.001026363252918445,-0.001026363252918445,0.013468756899977749,0.0038272279934389755,-0.000870700914236096,0.005146173218000645,0.005828987158697267,0.012313912883661017
2015-10-07,45.9,46.75,45.65,46.75,46.75,2882,-0.004794648556247305,0.05595837525844699,0.012525158779328464,0.10206630653495283,0.10206630653495283,0.024096385542168707,0.02152299792417785,0.014760147601476009,0.02146719833943304,0.024590163934426226,0.026720351390922444
2015-10-08,46.95,46.95,46.0,46.15,46.15,2882,0.12278921651996143,0.08004922398525005,0.055459276947076114,0.029295010214102465,0.029295010214102465,0.0069823259873445405,0.010399562123700086,7.223345853808308e-05,0.006323593545573466,0.010598694871458017,0.011359070820701943
2015-10-12,46.5,46.75,46.0,46.2,46.2,2882,0.06811041720158613,0.05595837525844699,0.055459276947076114,0.035359284907507164,0.035359284907507164,0.0015174506828529676,0.012048192771084432,0.0015174506828528134,0.006371507923541991,0.01085244179940507,0.011272846667396155
2015-10-13,46.2,46.45,45.85,46.2,46.2,2882,0.031657884322669846,0.019822102168243268,0.03705894058947023,0.035359284907507164,0.035359284907507164,-0.0008650519031141683,0.011826544021024947,0.004129537057161591,0.004893964110929884,0.010012679812863573,0.010093648653573001
2015-10-14,46.2,46.2,45.9,45.9,45.9,2882,0.031657884322669846,-0.010291458740260124,0.04319238604200523,-0.001026363252918445,-0.001026363252918445,-0.007352941176470509,0.002949852507374588,7.262691553483118e-05,-0.002499185048353841,0.0026212319790300882,0.003607740242702507
2015-10-15,46.2,46.35,45.9,45.9,45.9,2882,0.031657884322669846,0.0077766778048417385,0.04319238604200523,-0.001026363252918445,-0.001026363252918445,-0.003690036900369041,0.0008722197993894275,0.0007267441860464703,-0.003690036900369041,0.0015710919088765738,0.0043397396156228465
2015-10-16,46.3,46.6,45.9,46.1,46.1,2882,0.04380872861564136,0.037890238713345126,0.04319238604200523,0.02323073552069863,0.02323073552069863,0.0008684324793747101,0.0033735988682120173,0.0064769667418674085,-0.0005420054200541698,0.0043572984749454405,0.008054229381537204
2015-10-19,46.5,46.55,46.2,46.5,46.5,2882,0.06811041720158613,0.03186752653164394,0.07999305875721788,0.07174493306793192,0.07174493306793192,0.008239375542064081,0.008130081300813009,0.015136079173337254,0.008075443065416557,0.011969532100108751,0.015875327701718612
2015-10-20,46.65,46.75,46.45,46.7,46.7,2882,0.08633668364104427,0.05595837525844699,0.11066028601989464,0.09600203184154898,0.09600203184154898,0.010385114668974555,0.010166558511789011,0.01861276719499794,0.013839891451831812,0.014687988875369571,0.019168515622158298
2015-10-21,46.7,46.75,46.5,46.5,46.5,2882,0.0924121057875309,0.05595837525844699,0.11679373147242965,0.07174493306793192,0.07174493306793192,0.0034527406128615386,0.004536616979909286,0.011822731558714645,0.010704776395152802,0.00911458333333337,0.0136608051155355
2015-10-22,46.45,46.5,46.15,46.25,46.25,2882,0.06203499505510037,0.025844814349943603,0.07385961330468199,0.041423559600911,0.041423559600911,-0.0034475328592976444,0.00021626297577865736,0.004488525302251587,0.0053801423835660046,0.0024275001083707355,0.007076755579749654
2015-10-23,46.85,47.2,46.65,47.0,47.0,2882,0.11063837222698904,0.11016278489375343,0.13519406783003554,0.13238768000197373,0.13238768000197373,0.008800171710667605,0.014570966001079268,0.01819757365684583,0.021739130434782608,0.016919814790774392,0.021406063240247734
2015-10-26,47.3,47.5,46.7,46.9,46.9,2882,0.16531717154536346,0.14629905798395718,0.1413275132825714,0.1202591306151652,0.1202591306151652,0.004928219412899011,0.010884793620002211,0.012813129858911768,0.01906676082351019,0.014361103901721479,0.018016062513566276
2015-10-27,47.25,47.25,46.55,46.75,46.75,2882,0.15924174939887772,0.11618549707545377,0.12292717692496465,0.10206630653495283,0.10206630653495283,0.0014995715509854388,0.0064585575888051056,0.007977576541612862,0.015090652480729569,0.0122114926601133,0.013367052023121398
2015-10-28,46.8,47.2,46.65,46.95,46.95,2882,0.10456295008050241,0.11016278489375343,0.13519406783003554,0.1263234053085699,0.1263234053085699,0.0038486209108404283,0.008484588121576696,0.01076426264800861,0.017114384748700154,0.01711438474870031,0.016343760147202135
2015-10-29,46.95,46.95,46.1,46.1,46.1,2882,0.12278921651996143,0.08004922398525005,0.067726167852147,0.02323073552069863,0.02323073552069863,-0.013692768506632296,-0.010198604401502982,-0.006608245941675008,-0.002542327040622981,-0.0010834236186348246,-0.0029917456655733426
2015-10-30,46.15,46.85,45.8,46.4,46.4,2882,0.02558246217618322,0.06800379962184852,0.03092549513693435,0.059616383681123375,0.059616383681123375,-0.004719004719004695,-0.004398669670636313,-0.0005026208085014741,0.002701242571582928,0.005983869568987864,0.0024846062439235605
2015-11-02,46.1,46.7,46.0,46.7,46.7,2882,0.019507040029697463,0.049935663076746656,0.055459276947076114,0.09600203184154898,0.09600203184154898,0.002576212966938698,0.0016085790884719107,0.005237856066585326,0.0070080862533693335,0.012268608835132339,0.008784562211981713
2015-11-03,46.75,47.5,46.7,47.45,47.45,2882,0.09848752793401666,0.14629905798395718,0.1413275132825714,0.18696615224261173,0.18696615224261173,0.015625000000000087,0.016059957173447537,0.019553072625698404,0.021198751748627984,0.027323114228804186,0.025391680172879617
2015-11-04,47.7,48.1,47.1,48.05,48.05,2882,0.213920548717253,0.21857160416436547,0.19039507690285407,0.2597374485634612,0.2597374485634612,0.023647209203238012,0.025504215131789573,0.029275258836129966,0.031724730259273,0.03743846618878993,0.038021170879239535
2015-11-05,48.35,49.5,48.0,49.5,49.5,2882,0.2929010366215722,0.3872075452519843,0.3007970950484902,0.43560141467218283,0.43560141467218283,0.03947921041579158,0.049173378550233314,0.0549122682389714,0.05973025048169555,0.06456191664157587,0.06692531522793414
2015-11-06,49.4,49.4,48.0,48.05,48.05,2882,0.4204849016977801,0.37516212088858275,0.3007970950484902,0.2597374485634612,0.2597374485634612,0.002085505735140653,0.016178492122237507,0.021181637857750138,0.02659972225189611,0.030894657798755585,0.03492838424812442
2015-11-09,48.9,48.95,47.95,48.1,48.1,2882,0.359730680232919,0.32095771125327716,0.29466364959595526,0.2658017232568659,0.2658017232568659,-0.0026954177897573184,0.01466090074886616,0.019932145886344465,0.025586353944562962,0.028965045137552013,0.03477949085693798
2015-11-10,47.5,47.5,46.65,46.75,46.75,2882,0.18961886013130824,0.14629905798395718,0.13519406783003554,0.10206630653495283,0.10206630653495283,-0.02786442087752124,-0.013817107900010572,-0.008763870238179391,-0.0037824303446805157,-0.0008548835221200929,0.005268250725728361
2015-11-11,46.75,47.15,46.2,46.4,46.4,2882,0.09848752793401666,0.10414007271205225,0.07999305875721788,0.059616383681123375,0.059616383681123375,-0.02847571189279731,-0.020063357972544937,-0.016045804764260995,-0.011767211543581322,-0.008758812219611273,-0.003365074819216717
2015-11-12,46.45,46.6,45.5,45.8,45.8,2882,0.06203499505510037,0.037890238713345126,-0.00587517757827742,-0.013154912639726981,-0.013154912639726981,-0.025946405784772416,-0.032121724429416805,-0.028151082189843007,-0.024442196070078446,-0.020781664243564556,-0.016850917677364036
2015-11-13,45.8,46.8,45.8,46.2,46.2,2882,-0.016945492849219687,0.061981087440147326,0.03092549513693435,0.035359284907507164,0.035359284907507164,-0.009646302250803767,-0.023255813953488254,-0.01855261294434219,-0.01602683563175545,-0.012271774917689424,-0.00893814801573109
2015-11-16,45.65,47.0,45.35,46.8,46.8,2882,-0.03517175928867783,0.08607193616695039,-0.024275513935883307,0.10813058122835666,0.10813058122835666,0.008838111661996046,-0.010779961953075567,-0.00566572237960353,-0.0035662958428701545,4.273686909687035e-05,0.002427531058118025
2015-11-17,47.0,47.4,46.7,46.8,46.8,2882,0.12886463866644718,0.13425363362055565,0.1413275132825714,0.10813058122835666,0.10813058122835666,0.008620689655172539,-0.009418986136099065,-0.0057361376673042315,-0.00367236148810473,-0.0004698645935670938,0.0016051364365970195
2015-11-18,46.3,46.85,45.8,45.8,45.8,2882,0.04380872861564136,0.06800379962184852,0.03092549513693435,-0.013154912639726981,-0.013154912639726981,-0.01037165082108911,-0.025946405784772416,-0.02539367286139882,-0.024234354194407517,-0.02174377376222807,-0.019726750615346355
2015-11-19,46.3,47.0,45.8,47.0,47.0,2882,0.04380872861564136,0.08607193616695039,0.03092549513693435,0.13238768000197373,0.13238768000197373,0.01031814273430791,0.0049176822749626686,-0.0011334655709831568,0.0005321979776476547,0.002944816695830422,0.005777872886796404
2015-11-20,46.85,46.85,46.2,46.3,46.3,2882,0.11063837222698904,0.06800379962184852,0.07999305875721788,0.04748783429431484,0.04748783429431484,-0.005156854318865535,-0.006331151411095648,-0.015870766614708865,-0.013634426927993196,-0.01216129720503521,-0.009307799293891137
2015-11-23,46.7,46.7,46.15,46.3,46.3,2882,0.0924121057875309,0.049935663076746656,0.07385961330468199,0.04748783429431484,0.04748783429431484,-0.0030146425495262827,-0.002477647312291328,-0.01531263292216076,-0.013003623960775942,-0.011992659297511794,-0.009378454516278556
2015-11-24,46.3,46.9,46.25,46.5,46.5,2882,0.04380872861564136,0.07402651180354886,0.08612650420975287,0.07174493306793192,0.07174493306793192,0.0025873221216040844,0.0023712006898038247,-0.009725278625683335,-0.008475931552854497,-0.007555384812396087,-0.005312132339833894
2015-11-25,47.15,47.15,46.25,46.5,46.5,2882,0.14709090510590533,0.10414007271205225,0.08612650420975287,0.07174493306793192,0.07174493306793192,-0.0004299226139294072,0.002155172413793134,-0.007541263517359101,-0.00799999999999985,-0.007555384812396087,-0.005737500445458057
2015-11-26,46.95,47.25,46.6,46.6,46.6,2882,0.12278921651996143,0.11618549707545377,0.12906062237750052,0.08387348245474045,0.08387348245474045,0.003445305770887246,0.0025817555938038848,-0.0012858979854263861,-0.006396588486140664,-0.005718187249295909,-0.004096170970614345
2015-11-27,46.6,47.0,46.45,46.5,46.5,2882,0.08026126149455852,0.08607193616695039,0.11066028601989464,0.07174493306793192,0.07174493306793192,0.0004302925989672121,-0.00021500752526349418,-0.0012171547218443087,-0.008634473936680398,-0.007428278688524568,-0.006516397820745641
2015-11-30,45.6,46.0,45.0,45.65,45.65,2882,-0.041247181435163593,-0.03438230746706318,-0.06720963210363096,-0.03134773671993936,-0.03134773671993936,-0.015102481121898659,-0.01605776484534966,-0.016022417013938764,-0.025665652846699763,-0.024530962861660822,-0.024086082804817187
2015-12-01,45.85,46.3,45.55,46.3,46.3,2882,-0.010870070702733065,0.001753965623140547,0.0002582678742575842,0.04748783429431484,0.04748783429431484,-0.00021593608291941291,-0.0009709785305858606,-0.0013660220001437756,-0.010578053210813218,-0.010260795211628987,-0.009908047615653243
2015-12-02,46.2,46.7,46.2,46.25,46.25,2882,0.031657884322669846,0.049935663076746656,0.07999305875721788,0.041423559600911,0.041423559600911,-0.00021616947686982298,-0.0030178917870230773,-0.00222925355961452,-0.009741997644791741,-0.010737508555783612,-0.010800983851994343
2015-12-03,45.6,46.35,45.55,45.75,45.75,2882,-0.041247181435163593,0.0077766778048417385,0.0002582678742575842,-0.01921918733313082,-0.01921918733313082,-0.007376871338685102,-0.011131524910839739,-0.012944983818770257,-0.016499166980168716,-0.021139115922803705,-0.021146097065221192
2015-12-04,45.35,45.45,45.0,45.1,45.1,2882,-0.07162429216759411,-0.10063214146577029,-0.06720963210363096,-0.09805475834738502,-0.09805475834738502,-0.01549879938877976,-0.022646007151370565,-0.02542678095512488,-0.02738839767090783,-0.0339716403204385,-0.03374397429030521
2015-12-07,45.6,46.1,45.3,45.3,45.3,2882,-0.041247181435163593,-0.02233688310366165,-0.03040895938841918,-0.0737976595737688,-0.0737976595737688,-0.009619588981198027,-0.016179824085134208,-0.018985057388291465,-0.020116807268007932,-0.028522410465365758,-0.02834876488042053
2015-12-08,45.1,45.25,44.0,44.0,44.0,2882,-0.10200140290002464,-0.12472299019257335,-0.18987854115433803,-0.2314688016022772,-0.2314688016022772,-0.02826855123674914,-0.039196418823015645,-0.04327027614698837,-0.04539784129739114,-0.053600619461412806,-0.054373522458628865
2015-12-09,43.8,43.8,42.85,42.85,42.85,2882,-0.2599623787086639,-0.29938164346189333,-0.33094778656265095,-0.3709471195505732,-0.3709471195505732,-0.03923766816143497,-0.05679066696015845,-0.06427427573154743,-0.06675378416639438,-0.07419410595454147,-0.07637591607989645
2015-12-10,42.2,43.35,41.6,43.3,43.3,2882,-0.4543758873962186,-0.3535860530971989,-0.4842839228760348,-0.3163686473099361,-0.3163686473099361,-0.01836318295171168,-0.039911308203991226,-0.04932669789227173,-0.05437868530246783,-0.059431749065948336,-0.06479481641468683
2015-12-11,43.0,43.1,42.05,42.25,42.25,2882,-0.35716913305244125,-0.38369961400570235,-0.4290829138032171,-0.4437184158714236,-0.4437184158714236,-0.02962792834175469,-0.0542809177392277,-0.06684826621512178,-0.07331249657290112,-0.0775914767269233,-0.08473841932339247
2015-12-14,41.75,42.25,41.1,41.75,41.75,2882,-0.5090546867145939,-0.486085721094614,-0.5456183774013883,-0.5043611628054654,-0.5043611628054654,-0.025215970114405753,-0.05724285875578631,-0.07167210198636235,-0.07917953242170261,-0.0834248079034028,-0.09232553083556785
2015-12-15,42.0,42.4,41.7,42.0,42.0,2882,-0.4786775759821633,-0.4680175845495122,-0.4720170319709639,-0.4740397893384445,-0.4740397893384445,-0.010134338911147766,-0.042298483639265694,-0.059841814654529146,-0.06873614190687365,-0.07407407407407406,-0.08326967150496573
2015-12-16,42.8,42.8,42.0,42.0,42.0,2882,-0.381470821638386,-0.4198358870959069,-0.43521635925575214,-0.4740397893384445,-0.4740397893384445,-0.006152389966871867,-0.03292654846880021,-0.053485576923076955,-0.06479625918503668,-0.07046742209631723,-0.07921660333235903
2015-12-17,42.45,43.55,42.45,43.55,43.55,2882,-0.42399877666378805,-0.32949520437039675,-0.38001535018293364,-0.2860472738429152,-0.2860472738429152,0.029307492318600855,0.007868548947003088,-0.014036676477246945,-0.02654372729812797,-0.034239588415310176,-0.04106572718264895
2015-12-18,42.8,42.95,42.4,42.75,42.75,2882,-0.381470821638386,-0.4017677505508042,-0.3861487956354695,-0.38307566893738176,-0.38307566893738176,0.008016977128035922,-0.005235602094240871,-0.026639344262294962,-0.04061938958707366,-0.04907020197526462,-0.05500497365803345
2015-12-21,42.0,43.1,42.0,43.1,43.1,2882,-0.4786775759821633,-0.38369961400570235,-0.43521635925575214,-0.3406257460835523,-0.3406257460835523,0.009840674789128605,0.008069231668810638,-0.014857142857142824,-0.029279279279279216,-0.03811819317978929,-0.043745146618348496
2015-12-22,43.25,43.4,43.0,43.35,43.35,2882,-0.3267920223200107,-0.3475633409154986,-0.3125474502050451,-0.3103043726165314,-0.3103043726165314,0.009313154831199036,0.015460295151089336,-0.004668605541099031,-0.02017291066282417,-0.029550033579583617,-0.03577386468952736
2015-12-23,43.5,44.0,43.25,43.45,43.45,2882,-0.2964149115875802,-0.2752907947350903,-0.2818802229423683,-0.29817582322972286,-0.29817582322972286,0.00485661424606864,0.01637426900584802,0.0019215987701768416,-0.014515763211612622,-0.025260229720028664,-0.031431119037003935
2015-12-24,43.9,44.2,43.65,43.7,43.7,2882,-0.2478115344156915,-0.25119994600828727,-0.23281265932208567,-0.26785444976270195,-0.26785444976270195,0.009937601109313604,0.021266651086702417,0.010872079574369623,-0.0055751507566275445,-0.01674016740167401,-0.024335789238669265
2015-12-25,44.0,44.0,43.5,43.8,43.8,2882,-0.23566069012271915,-0.2752907947350903,-0.2512129956796916,-0.25572590037589427,-0.25572590037589427,0.007359705611775371,0.01990918616835463,0.015220582554276435,-0.000228258388495894,-0.012267725058632441,-0.02035338850369053
2015-12-28,43.95,44.05,43.75,44.0,44.0,2882,-0.24173611226920488,-0.26926808255338996,-0.2205457684170148,-0.2314688016022772,-0.2314688016022772,0.007787448465414482,0.01922631457030341,0.02190911202291575,0.00623177634211866,-0.005694657868570807,-0.013821441912588729
2015-12-29,44.0,44.0,43.55,43.65,43.65,2882,-0.23566069012271915,-0.2752907947350903,-0.24507955022715655,-0.27391872445610665,-0.27391872445610665,-0.001601097895699915,0.007268951194184786,0.014329976762199857,0.0012616125702488753,-0.0110562327246362,-0.01935822069120451
2015-12-30,43.95,43.95,42.7,43.3,43.3,2882,-0.24173611226920488,-0.28131350691679063,-0.34934812292025685,-0.3163686473099361,-0.3163686473099361,-0.00892652780956742,-0.0037961578281377256,0.005495781407229447,-0.0033949018930893803,-0.016132697114292226,-0.025396706306035872
2015-12-31,43.0,46.3,42.65,46.3,46.3,2882,-0.35716913305244125,0.001753965623140547,-0.3554815683727927,0.04748783429431484,0.04748783429431484,0.0472743723139562,0.05852766346593513,0.070190307419678,0.0649798734905117,0.05232056002545553,0.04267537439477544
2016-01-04,44.2,44.45,42.0,42.0,42.0,2882,-0.21135900153677437,-0.22108638509978384,-0.43521635925575214,-0.4740397893384445,-0.4740397893384445,-0.042189281641961264,-0.038131226382686345,-0.02882688453830729,-0.03047091412742383,-0.04148979871285784,-0.051097639040554206
2016-01-05,42.0,42.4,41.05,41.1,41.1,2882,-0.4786775759821633,-0.4680175845495122,-0.5517518228539242,-0.5831967338197196,-0.5831967338197196,-0.050150219551652296,-0.05441159553663856,-0.04868451508371264,-0.04662491301322194,-0.05811715097625801,-0.06778059199334677
2016-01-06,41.45,41.5,40.3,40.35,40.35,2882,-0.5455072195935101,-0.5764264038201242,-0.6437535046419545,-0.6741608542207823,-0.6741608542207823,-0.05303919267777513,-0.06521487316112601,-0.0636602722772277,-0.06004309591753523,-0.07023365132033738,-0.08051652107861751
2016-01-07,40.15,40.6,38.8,39.65,39.65,2882,-0.7034681954021494,-0.6848352230907362,-0.8277568682180151,-0.7590606999284413,-0.7590606999284413,-0.053247373447946444,-0.07327334346149347,-0.07654685195248806,-0.07289413690302216,-0.08077154912597939,-0.09174206849158177
2016-01-08,39.6,40.9,39.4,39.95,39.95,2882,-0.7702978390134962,-0.6486989500005326,-0.7541555227875907,-0.7226750517680156,-0.7226750517680156,-0.01625215464171378,-0.05800518745578859,-0.0643297681317824,-0.06220657276995302,-0.06880798097990765,-0.08019953952417484
2016-01-11,39.5,39.5,38.85,39.0,39.0,2882,-0.7824486833064687,-0.8173348910881514,-0.8216234227654792,-0.8378962709426954,-0.8378962709426954,-0.025243689077730693,-0.06987836870975418,-0.0811999371760642,-0.08100147275405008,-0.0857517933330208,-0.09687379390196828
2016-01-12,39.5,39.7,38.55,38.9,38.9,2882,-0.7824486833064687,-0.7932440423613483,-0.8584240954806919,-0.850024820329504,-0.850024820329504,-0.016932019206469768,-0.06084017382906816,-0.07747035573122528,-0.08026953540607644,-0.08259044384698841,-0.09447138700290988
2016-01-13,39.35,39.45,38.05,38.4,38.4,2882,-0.8006749497459268,-0.8233576032698516,-0.9197585500060454,-0.9106675672635458,-0.9106675672635458,-0.019908116385911032,-0.061009903411174904,-0.08214484901601468,-0.08821085124065067,-0.0895727630518281,-0.10059725963227563
2016-01-14,37.95,37.95,36.8,37.0,37.0,2882,-0.9707867698475375,-1.004038968720872,-1.0730946863194293,-1.0804672586788626,-1.0804672586788626,-0.04269081500646827,-0.08108779336893085,-0.10642408629850265,-0.11620685536844624,-0.11787144764447825,-0.12708398867568424
2016-01-15,37.05,37.4,35.0,35.5,35.5,2882,-1.0801443684842882,-1.07028880271958,-1.2938987226107015,-1.2623954994809883,-1.2623954994809883,-0.05985169491525419,-0.09404108715069547,-0.1311796377875673,-0.14380464274947238,-0.14729054573405068,-0.15566654774646216
2016-01-18,34.3,35.4,34.1,35.0,35.0,2882,-1.4142925865410239,-1.3111972899876072,-1.4043007407563377,-1.32303824641503,-1.32303824641503,-0.05303030303030287,-0.09055476159542677,-0.13093858632676708,-0.14790018259281806,-0.15340331865899084,-0.1608391608391609
2016-01-19,34.85,35.45,34.65,35.3,35.3,2882,-1.3474629429296763,-1.3051745778059058,-1.3368328407784493,-1.2866525982546053,-1.2866525982546053,-0.025938189845474555,-0.06872444268566162,-0.11068189452468939,-0.13235836303305898,-0.14078473371628858,-0.1468277945619336
2016-01-20,34.9,35.05,33.85,33.9,33.9,2882,-1.3413875207831905,-1.353356275259512,-1.4349679680190146,-1.4564522896699221,-1.4564522896699221,-0.04074702886247872,-0.09017713365539451,-0.13173397080167346,-0.15697855144544606,-0.16830225711481844,-0.17394306136539012
2016-01-21,34.3,34.5,33.6,33.6,33.6,2882,-1.4142925865410239,-1.419606109258219,-1.4656351952816913,-1.492837937830347,-1.492837937830347,-0.030582804385458805,-0.08334470058655026,-0.12492403854501243,-0.15407854984894254,-0.16881060755986538,-0.17505524183648422
2016-01-22,34.2,34.3,33.8,34.1,34.1,2882,-1.4264434308339955,-1.4436969579850223,-1.4411014134715505,-1.432195190896305,-1.432195190896305,-0.00814426992437467,-0.054616024397005976,-0.0926829268292683,-0.1309887869520897,-0.14847924886380656,-0.15642780572276715
2016-01-25,34.5,35.45,34.4,35.25,35.25,2882,-1.3899908979550792,-1.3051745778059058,-1.367500068041126,-1.2927168729480092,-1.2927168729480092,0.02381643915190242,-0.012466732035299266,-0.05071813285457809,-0.09178743961352658,-0.1131183012127007,-0.12291614829559572
2016-01-26,34.7,34.9,34.1,34.1,34.1,2882,-1.3656892093691344,-1.371424411804614,-1.4043007407563377,-1.432195190896305,-1.432195190896305,-0.002632348639953095,-0.03166264375976132,-0.0699999999999999,-0.11006720167025513,-0.13421012542527805,-0.14611243270314248
2016-01-27,34.35,34.6,33.85,34.1,34.1,2882,-1.4082171643945374,-1.4075606848948177,-1.4349679680190146,-1.432195190896305,-1.432195190896305,-0.003797838153666449,-0.019692396147764905,-0.05931034482758617,-0.09883720930232545,-0.12599958991183097,-0.14044448178800972
2016-01-28,34.15,34.5,34.1,34.15,34.15,2882,-1.432518852980482,-1.419606109258219,-1.4043007407563377,-1.4261309162029012,-1.4261309162029012,-0.005532906231799585,-0.010144927536231925,-0.04830469112865771,-0.08647094228582915,-0.11629230928475313,-0.13346866277594516
2016-01-29,34.35,36.45,34.3,36.1,36.1,2882,-1.4082171643945374,-1.1847203341718924,-1.379766958946197,-1.1896242031601378,-1.1896242031601378,0.039147956246402035,0.04456018518518516,0.013285928143712657,-0.020950572920197814,-0.05842462180490354,-0.0781801932161551
2016-01-30,37.15,37.6,36.7,37.6,37.6,2882,-1.0679935241913157,-1.0461979539927768,-1.0853615772244993,-1.0076959623580124,-1.0076959623580124,0.06787844362397048,0.0798391728891442,0.05816135084427777,0.02585089693745325,-0.012916097868318738,-0.035650166709412685
2016-02-01,37.5,37.5,36.55,37.0,37.0,2882,-1.025465569165913,-1.0582433783561784,-1.103761913582106,-1.0804672586788626,-1.0804672586788626,0.03380832634814176,0.05744498428122336,0.045000941442289596,0.015158790040469224,-0.021474664127790057,-0.04606393949810937
2016-02-02,36.75,37.45,36.6,37.0,37.0,2882,-1.1165969013632044,-1.0642660905378787,-1.09762846812957,-1.0804672586788626,-1.0804672586788626,0.017321968655485163,0.04815864022662898,0.047762884651689444,0.01984564498346193,-0.014542161615085479,-0.04082955281918348
2016-02-03,36.5,36.5,35.65,35.8,35.8,2882,-1.1469740120956349,-1.1786976219901921,-1.2141639317277422,-1.2260098513205635,-1.2260098513205635,-0.024523160762942933,0.007882882882882915,0.016083254493850414,-0.00796674748874268,-0.03882296085485703,-0.0657620041753656
2016-02-15,34.05,35.4,34.0,35.0,35.0,2882,-1.4446696972734545,-1.3111972899876072,-1.4165676316614086,-1.32303824641503,-1.32303824641503,-0.04057017543859641,-0.017130019657399593,-0.005681818181818262,-0.023437500000000094,-0.04875794966570647,-0.0796739416250329
2016-02-16,35.4,36.95,35.35,36.65,36.65,2882,-1.2806332993183294,-1.1244932123548856,-1.2509646044429539,-1.1229171815326922,-1.1229171815326922,0.009920088178561572,0.025174825174825135,0.03794958935145861,0.02596402827349695,0.0019136139967195268,-0.03020948180815874
2016-02-17,37.0,37.05,36.0,36.0,36.0,2882,-1.0862197906307738,-1.112447787991485,-1.1712298135599946,-1.2017527525469462,-1.2017527525469462,-0.0024937655860348107,0.0016694490818030684,0.018195531252946096,0.011875483100274033,-0.010336485594897672,-0.040639573617588236
2016-02-18,36.8,37.05,36.65,36.9,36.9,2882,-1.1105214792167186,-1.112447787991485,-1.091495022677035,-1.0925958080656712,-1.0925958080656712,0.023010812309398346,0.018774157923799,0.03778006937283211,0.03936342511090771,0.01826811634196145,-0.010723860589812294
2016-02-19,36.5,37.0,36.4,37.0,37.0,2882,-1.1469740120956349,-1.1184705001731852,-1.122162249939712,-1.0804672586788626,-1.0804672586788626,0.019003029468465923,0.013559786330639567,0.034000931532370805,0.0421801281599888,0.024023026679951348,-0.0024265300620114156
2016-02-22,37.2,37.5,36.65,36.9,36.9,2882,-1.0619181020448292,-1.0582433783561784,-1.091495022677035,-1.0925958080656712,-1.0925958080656712,0.005723630417007382,0.008610086100861142,0.025854879065888233,0.0373181530676787,0.024715356845320762,0.0033535756367260327
2016-02-23,37.2,37.3,36.9,37.1,37.1,2882,-1.0619181020448292,-1.0823342270829814,-1.0608277954143583,-1.0683387092920542,-1.0683387092920542,0.00870038064165308,0.015464622964280764,0.027890653860362054,0.03987106719921538,0.032448377581121055,0.013292061179897976
2016-02-24,36.95,37.2,36.6,36.6,36.6,2882,-1.0922952127772596,-1.0943796514463822,-1.09762846812957,-1.128981456226096,-1.128981456226096,-0.008130081300812931,0.0028771064529386726,0.009376723662438042,0.023991047072812525,0.02114837341666189,0.003748057409269685
2016-02-25,36.75,37.3,36.7,36.9,36.9,2882,-1.1165969013632044,-1.0823342270829814,-1.0853615772244993,-1.0925958080656712,-1.0925958080656712,0.0,0.011374537481156617,0.012438265959392715,0.028069931044090002,0.031244759935162993,0.015177220413590597
2016-02-26,37.15,37.5,36.95,37.3,37.3,2882,-1.0679935241913157,-1.0582433783561784,-1.0546943499618224,-1.044081610518438,-1.044081610518438,0.009199134199134294,0.01815204039852578,0.017550240974811244,0.0338853856281615,0.04207409062971449,0.028398125172318756
2016-03-01,36.4,37.4,36.4,37.05,37.05,2882,-1.1591248563886074,-1.07028880271958,-1.122162249939712,-1.074402983985459,-1.074402983985459,0.0016220600162206618,0.005700325732899046,0.008986928104575118,0.02277432712215309,0.033299866131191305,0.024235164025064666
2016-03-02,37.6,38.25,37.4,38.2,38.2,2882,-1.0133147248729404,-0.9679026956306683,-0.9994933408890048,-0.934924666037162,-0.934924666037162,0.026605751142166335,0.03257196918502495,0.0391730141458108,0.05024400302426305,0.06158292574477569,0.05680560678716365
2016-03-03,38.25,39.5,38.2,39.45,39.45,2882,-0.9343342369686213,-0.8173348910881514,-0.9013582136484386,-0.7833177987020574,-0.7833177987020574,0.04420328215987299,0.05650776647027315,0.06843008034666458,0.07669213973799133,0.09128630705394203,0.09083367897138127
2016-03-04,39.5,39.8,39.0,39.35,39.35,2882,-0.7824486833064687,-0.7811986179979477,-0.8032230864078733,-0.7954463480888659,-0.7954463480888659,0.028220538280637718,0.04696022349341494,0.06121898597626762,0.06632341982250518,0.0819951605807303,0.08711667741044303
2016-03-07,39.85,40.3,39.4,39.6,39.6,2882,-0.7399207282810657,-0.7209714961809408,-0.7541555227875907,-0.765124974621845,-0.765124974621845,0.022463206816421312,0.04637336504161719,0.060714285714285686,0.06523201075991943,0.08173076923076915,0.09141019751952237
2016-03-08,40.0,40.0,39.05,39.65,39.65,2882,-0.7216944618416076,-0.7571077692711445,-0.7970896409553383,-0.7590606999284413,-0.7590606999284413,0.010191082802547734,0.040136411332633626,0.05330735854068895,0.06150860049528122,0.07656801520499594,0.08863771564544931
2016-03-09,39.3,39.6,38.95,39.5,39.5,2882,-0.8067503718924134,-0.8052894667247498,-0.8093565318604083,-0.7772535240086536,-0.7772535240086536,-0.00025310048089104316,0.02971845672575601,0.04405286343612328,0.054810067427732014,0.06756756756756757,0.08007109328715312
2016-03-10,39.25,39.9,39.05,39.25,39.25,2882,-0.8128257940388991,-0.769153193634546,-0.7970896409553383,-0.8075748974756745,-0.8075748974756745,-0.00557385355966554,0.016181229773462782,0.031537450722733326,0.04499467518636841,0.05493737569209279,0.06938516029425121
2016-03-11,39.3,39.4,38.75,39.4,39.4,2882,-0.8067503718924134,-0.8293803154515529,-0.8338903136705501,-0.7893820733954622,-0.7893820733954622,-0.0020263424518745035,0.013504823151125365,0.03096380287832525,0.04564755838641186,0.052969159228178936,0.06813663473703241
2016-03-14,40.0,40.1,39.45,39.55,39.55,2882,-0.7216944618416076,-0.745062344907743,-0.7480220773350548,-0.7711892493152498,-0.7711892493152498,0.0020268558398783454,0.011508951406649507,0.03030566168808597,0.04443124050967201,0.05091140989530755,0.06646892274504507
2016-03-15,39.75,39.75,38.6,38.6,38.6,2882,-0.7520715725740381,-0.7872213301796479,-0.852290650028156,-0.8864104684899287,-0.8864104684899287,-0.016811003565970546,-0.01668577251305569,0.0025974025974026343,0.01452132203167099,0.02295012455610324,0.03665905733852544
2016-03-16,38.95,39.2,38.75,39.0,39.0,2882,-0.8492783269178155,-0.853471164178355,-0.8338903136705501,-0.8378962709426954,-0.8378962709426954,-0.004085801838610921,-0.008516588280157463,0.009665170866413384,0.021878684658718745,0.032019052659433736,0.043897216274089754
2016-03-17,39.35,40.0,39.0,39.15,39.15,2882,-0.8006749497459268,-0.7571077692711445,-0.8032230864078733,-0.8197034468624831,-0.8197034468624831,0.00025549310168620365,-0.003943518636305842,0.009107311624709985,0.021593058907952264,0.0336360756151653,0.0432117955322646
2016-03-18,39.35,39.55,39.25,39.4,39.4,2882,-0.8006749497459268,-0.811312178906451,-0.7725558591451965,-0.7893820733954622,-0.7893820733954622,0.006642820643842565,0.0022894937674890945,0.011207117803062544,0.024774042525521643,0.03760665753713255,0.04495425009945612
2016-03-21,39.55,39.65,38.8,39.1,39.1,2882,-0.7763732611599828,-0.7992667545430495,-0.8277568682180151,-0.8257677215558868,-0.8257677215558868,0.0012804097311140657,-0.004075394803871719,0.0004264392324093574,0.01420141365670207,0.026138988032752525,0.032479535252178615
2016-03-22,38.9,38.9,38.5,38.75,38.75,2882,-0.8553537490643021,-0.8896074372685596,-0.8645575409332269,-0.8682176444097164,-0.8682176444097164,-0.008444216990788084,-0.010722491702833844,-0.011395526830512946,0.0027170397205331606,0.012965964343598113,0.020856201975850648
2016-03-23,38.9,39.4,38.55,38.65,38.65,2882,-0.8553537490643021,-0.8293803154515529,-0.8584240954806919,-0.8803461937965249,-0.8803461937965249,-0.0092284029735965,-0.011129589356530696,-0.01470088375254932,-0.0018722964684616207,0.00824333489852357,0.017283733988419012
2016-03-24,38.3,38.35,37.65,37.9,37.9,2882,-0.9282588148221355,-0.9558572712672667,-0.9688261136263281,-0.9713103141975876,-0.9713103141975876,-0.022187822497420188,-0.026957637997432712,-0.03126863764164615,-0.022881082823074515,-0.013277792241603699,-0.003243622337161246
2016-03-25,38.15,38.2,37.7,37.9,37.9,2882,-0.9464850812615936,-0.9739254078123686,-0.9626926681737922,-0.9713103141975876,-0.9713103141975876,-0.01456058242329699,-0.02319587628865976,-0.028869149299624152,-0.02413904087544255,-0.014304291287386325,-0.004029432375613058
2016-03-28,37.75,38.05,37.7,37.9,37.9,2882,-0.9950884584334823,-0.9919935443574713,-0.9626926681737922,-0.9713103141975876,-0.9713103141975876,-0.008372579801151237,-0.01902420085414778,-0.026040774370395803,-0.02489226217276648,-0.015226316062983905,-0.005858179592550571
2016-03-29,37.9,38.05,37.25,37.3,37.3,2882,-0.9768621919940241,-0.9919935443574713,-1.0178936772466107,-1.044081610518438,-1.044081610518438,-0.016609543896651795,-0.0312946370601222,-0.03758493162466682,-0.04063786008230449,-0.03121915744636638,-0.023560209424083916
2016-03-30,37.3,38.0,37.3,37.95,37.95,2882,-1.0497672577518575,-0.9980162565391717,-1.0117602317940757,-0.9652460395041829,-0.9652460395041829,0.004233924318602903,-0.011718749999999889,-0.018195929630907205,-0.02360584035505234,-0.015206560099647045,-0.007670182166826545
2016-03-31,38.1,38.9,38.05,38.55,38.55,2882,-0.9525605034080794,-0.8896074372685596,-0.9197585500060454,-0.8924747431833334,-0.8924747431833334,0.016613924050632792,0.005477308294209725,-0.0014677948540840605,-0.007019125507115741,-0.0016574299476873689,0.005783363047353747
2016-04-01,38.1,38.3,37.6,37.75,37.75,2882,-0.9525605034080794,-0.961879983448968,-0.974959559078863,-0.9895031382778,-0.9895031382778,-0.003694906307732926,-0.011132940406024812,-0.019395618668283047,-0.025617861521584635,-0.02323535499896492,-0.015816459546363147
2016-04-06,37.1,37.2,36.65,36.8,36.8,2882,-1.0740689463378015,-1.0943796514463822,-1.091495022677035,-1.1047243574524799,-1.1047243574524799,-0.023095301300769963,-0.03017525365660833,-0.03949886897511733,-0.046693866977527414,-0.047323185254219816,-0.040417209908735444
2016-04-07,36.75,36.8,36.4,36.4,36.4,2882,-1.1165969013632044,-1.1425613488999884,-1.122162249939712,-1.153238554999713,-1.153238554999713,-0.029074419845291983,-0.03473879607531147,-0.046288209606986874,-0.053069719042663874,-0.05704367649344589,-0.05043478260869575
2016-04-08,36.1,36.55,36.05,36.3,36.3,2882,-1.1955773892675237,-1.1726749098084917,-1.1650963681074595,-1.1653671043865217,-1.1653671043865217,-0.023143164693218688,-0.0313542361574384,-0.044401544401544424,-0.051724137931034406,-0.05777916212427969,-0.05238426731639404
2016-04-11,36.05,36.1,35.8,35.9,35.9,2882,-1.2016528114140101,-1.2268793194437972,-1.1957635953701362,-1.2138813019337549,-1.2138813019337549,-0.019929019929019846,-0.03688799463447351,-0.04951019327508598,-0.0580518202689406,-0.0647144643601501,-0.06225511536787113
2016-04-12,35.85,36.3,35.7,35.8,35.8,2882,-1.225954499999954,-1.2027884707169951,-1.2080304862752063,-1.2260098513205635,-1.2260098513205635,-0.012141280353200822,-0.03412923242951573,-0.04609645616839854,-0.05621828247544983,-0.06385649286125203,-0.06397071640230083
2016-04-13,35.95,36.35,35.85,36.35,36.35,2882,-1.2138036557069818,-1.196765758535294,-1.1896301499176005,-1.159302829693117,-1.159302829693117,0.00553250345781474,-0.015172040097534603,-0.026686897536593965,-0.0376596730425574,-0.04623215785054559,-0.04880282611539976
2016-04-14,36.6,37.1,36.3,36.3,36.3,2882,-1.1348231678026626,-1.1064250758097838,-1.1344291408447829,-1.1653671043865217,-1.1653671043865217,0.004705231109881033,-0.013854930725346321,-0.023756163155535623,-0.036048595897231674,-0.044183474643214427,-0.049489395129615275
2016-04-15,36.55,36.65,36.15,36.6,36.6,2882,-1.140898589949149,-1.1606294854450903,-1.1528294772023886,-1.128981456226096,-1.128981456226096,0.011329096435479517,-0.0020449897750510087,-0.012056865215043866,-0.024975024975024972,-0.033331572552955296,-0.0402936806223231
2016-04-18,36.55,36.65,36.3,36.65,36.65,2882,-1.140898589949149,-1.1606294854450903,-1.1344291408447829,-1.1229171815326922,-1.1229171815326922,0.008530544854155265,0.004522406468411653,-0.008476868969248976,-0.02038088874039433,-0.02934477461729957,-0.036624901428195855
2016-04-19,36.7,36.8,36.05,36.05,36.05,2882,-1.1226723235096903,-1.1425613488999884,-1.1650963681074595,-1.1956884778535426,-1.1956884778535426,-0.009343226161033344,-0.00729726008536419,-0.021444082519001255,-0.03208484360316804,-0.04183499893684877,-0.049648506151142344
2016-04-20,36.3,36.45,35.8,35.85,35.85,2882,-1.1712757006815797,-1.1847203341718924,-1.1957635953701362,-1.2199455766271587,-1.2199455766271587,-0.012124552218241878,-0.010215350635008212,-0.023249477794932298,-0.03323670194835825,-0.04338776817162978,-0.05179634119462188
2016-04-21,36.1,36.2,35.85,36.2,36.2,2882,-1.1955773892675237,-1.2148338950803956,-1.1896301499176005,-1.1774956537733292,-1.1774956537733292,-0.001929969671904968,0.0,-0.011739011739011538,-0.020430253010417954,-0.0315676832530765,-0.03961796957905905
2016-04-22,36.15,36.4,35.9,36.15,36.15,2882,-1.1895019671210378,-1.1907430463535935,-1.1834967044650655,-1.183559928466734,-1.183559928466734,-0.0008291873963514107,-0.0009672516236008455,-0.009860312243221021,-0.018463209340211777,-0.02994686845918531,-0.03809481573462251
2016-04-25,36.15,36.4,36.1,36.3,36.3,2882,-1.1895019671210378,-1.1907430463535935,-1.1589629226549236,-1.1653671043865217,-1.1653671043865217,0.005261700360011014,0.002070393374741083,-0.0016501650165017126,-0.012244897959183751,-0.022932816537467805,-0.03156958648288138
2016-04-26,36.4,36.75,36.3,36.65,36.65,2882,-1.1591248563886074,-1.1485840610816886,-1.1344291408447829,-1.1229171815326922,-1.1229171815326922,0.011592602815346248,0.009363811622142755,0.010012860554841178,-0.0010221465076661375,-0.010582581934020922,-0.019835079117450426
2016-04-27,36.65,36.75,36.3,36.6,36.6,2882,-1.1287477456561767,-1.1485840610816886,-1.1344291408447829,-1.128981456226096,-1.128981456226096,0.00604727872457391,0.007293243429200511,0.009005697482080735,-0.0006143764079459581,-0.009257755400357283,-0.018591347872720633
2016-04-28,36.7,36.75,35.9,36.25,36.25,2882,-1.1226723235096903,-1.1485840610816886,-1.1834967044650655,-1.1714313790799253,-1.1714313790799253,-0.003847210772190178,-0.002202036884117762,-0.0003676808530196365,-0.008750341810227161,-0.01606861733890665,-0.02593040440682511
2016-04-29,36.25,36.5,36.1,36.25,36.25,2882,-1.1773511228280655,-1.1786976219901921,-1.1589629226549236,-1.1714313790799253,-1.1714313790799253,-0.004394397143641957,-0.0012398401983744786,-0.0002757859900716495,-0.00644100315198025,-0.01349806781690511,-0.023525186315883843
2016-05-03,36.5,36.5,36.0,36.25,36.25,2882,-1.1469740120956349,-1.1786976219901921,-1.1712298135599946,-1.1714313790799253,-1.1714313790799253,-0.004120879120879082,-0.0001379120121363276,-0.0009186954524574582,-0.003299422601044942,-0.011723009814612861,-0.020975873244508385
2016-05-04,36.3,36.5,35.85,35.9,35.9,2882,-1.1712757006815797,-1.1786976219901921,-1.1896301499176005,-1.2138813019337549,-1.2138813019337549,-0.009655172413793142,-0.009381898454746036,-0.010746762193441735,-0.010405898973192882,-0.019125683060109366,-0.027363858033053322
2016-05-05,35.85,36.35,35.8,35.9,35.9,2882,-1.225954499999954,-1.196765758535294,-1.1957635953701362,-1.2138813019337549,-1.2138813019337549,-0.005815563555801741,-0.009518554283349396,-0.009928295642581342,-0.009176843993652194,-0.01697699890470987,-0.024544878181324038
2016-05-06,35.9,36.0,35.4,35.7,35.7,2882,-1.2198790778534683,-1.2389247438071989,-1.2448311589904189,-1.238138400707371,-1.238138400707371,-0.008333333333333255,-0.013675922088686211,-0.014356709000552071,-0.013744043096899018,-0.020737327188940096,-0.027292130239316974
2016-05-09,35.55,35.8,35.35,35.5,35.5,2882,-1.2624070328788712,-1.2630155925340019,-1.2509646044429539,-1.2623954994809883,-1.2623954994809883,-0.009762900976290137,-0.01743703293661784,-0.017890077462191116,-0.018184332434488165,-0.023598657791957862,-0.02996629929866101
2016-05-10,35.25,35.6,35.1,35.3,35.3,2882,-1.2988595657577875,-1.287106441260804,-1.2816318317056308,-1.2866525982546053,-1.2866525982546053,-0.010095344924285096,-0.020260893699694808,-0.020985485809374163,-0.022904989274098696,-0.025615545986529875,-0.03314160503971517
2016-05-11,35.55,35.6,35.05,35.15,35.15,2882,-1.2624070328788712,-1.287106441260804,-1.2877652771581667,-1.3048454223348176,-1.3048454223348176,-0.010137989298789058,-0.020345596432553063,-0.02352069636077427,-0.026180911483584993,-0.02696268408814095,-0.034826781383003005
2016-05-12,35.15,35.4,35.0,35.0,35.0,2882,-1.31101041005076,-1.3111972899876072,-1.2938987226107015,-1.32303824641503,-1.32303824641503,-0.009340503821115152,-0.020156774916013406,-0.026154702281580542,-0.028519880646728096,-0.02918007322756018,-0.03638783095489374
2016-05-13,34.9,34.95,34.55,34.6,34.6,2882,-1.3413875207831905,-1.3654016996229128,-1.34909973168352,-1.3715524439622633,-1.3715524439622633,-0.014525776132156025,-0.026859794684291893,-0.03441860465116282,-0.03735132503303891,-0.03835464146748181,-0.04503427020562107
2016-05-16,34.5,34.95,34.4,34.6,34.6,2882,-1.3899908979550792,-1.3654016996229128,-1.367500068041126,-1.3715524439622633,-1.3715524439622633,-0.009447466361293969,-0.02232269002543089,-0.03162608452281003,-0.03466555067308362,-0.03653374916462476,-0.042081949058693134
2016-05-17,34.6,35.15,34.5,34.85,34.85,2882,-1.3778400536621067,-1.3413108508961105,-1.355233177136055,-1.3412310704952424,-1.3412310704952424,0.0002870264064293344,-0.011347517730496413,-0.02198316183348919,-0.02524299000069915,-0.028436018957345863,-0.03185480137049712
2016-05-18,34.7,34.9,34.55,34.8,34.8,2882,-1.3656892093691344,-1.371424411804614,-1.34909973168352,-1.3472953451886471,-1.3472953451886471,0.0008628127696288188,-0.009675583380762761,-0.01999436778372292,-0.02493695713084919,-0.028746860173039384,-0.030595663679836467
2016-05-19,35.15,35.2,34.75,35.15,35.15,2882,-1.31101041005076,-1.3352881387144093,-1.3245659498733784,-1.3048454223348176,-1.3048454223348176,0.010057471264367858,0.0024240695850563485,-0.007435993975903673,-0.014163511428972165,-0.01766251187748024,-0.019343439040267883
2016-05-20,35.1,35.35,34.85,35.1,35.1,2882,-1.3170858321972456,-1.3172200021693075,-1.3122990589683075,-1.3109096970282215,-1.3109096970282215,0.005730659025788047,0.0027138980145693147,-0.006697481369682046,-0.014044943820224719,-0.017742206302121238,-0.019553072625698206
2016-05-23,35.1,36.75,35.0,36.7,36.7,2882,-1.3170858321972456,-1.1485840610816886,-1.2938987226107015,-1.1168529068392874,-1.1168529068392874,0.03907134767836927,0.04483985765124563,0.03770028275212071,0.030103150656094455,0.026918126364094335,0.024758004467610135
2016-05-24,36.65,37.0,36.4,36.4,36.4,2882,-1.1287477456561767,-1.1184705001731852,-1.122162249939712,-1.153238554999713,-1.153238554999713,0.021611001964636428,0.0330637150560522,0.02892678790163008,0.021539325054374267,0.018808777429467002,0.015908456600613817
2016-05-25,36.85,37.35,36.7,37.2,37.2,2882,-1.104446057070232,-1.0763115149012803,-1.0853615772244993,-1.0562101599052456,-1.0562101599052456,0.03018554417058996,0.049661399548532666,0.0489707679293166,0.04318564217610786,0.03986135181975742,0.03688562668400995
2016-05-26,37.3,37.3,36.9,37.0,37.0,2882,-1.0497672577518575,-1.0823342270829814,-1.0608277954143583,-1.0804672586788626,-1.0804672586788626,0.01425438596491217,0.03815937149270481,0.04117812587937356,0.03699551569506748,0.03294249022892238,0.03068851850132318
2016-05-27,37.15,37.6,37.1,37.6,37.6,2882,-1.0679935241913157,-1.0461979539927768,-1.0362940136042167,-1.0076959623580124,-1.0076959623580124,0.016765819361817126,0.04618809126321658,0.05430414057388543,0.05182180572067995,0.04805440963318106,0.04613957801993966
2016-05-30,37.8,38.15,37.7,38.05,38.05,2882,-0.9890130362869965,-0.9799481199940698,-0.9626926681737922,-0.9531174901173752,-0.9531174901173752,0.021476510067114016,0.04864268981672849,0.06186046511627892,0.06173700732472964,0.05835558522474408,0.05723812170047222
2016-05-31,38.15,38.15,37.55,37.7,37.7,2882,-0.9464850812615936,-0.9799481199940698,-0.9810930045313989,-0.9955674129712038,-0.9955674129712038,0.005065315915755737,0.03089964451736403,0.04741618818299696,0.0498468393205235,0.04698955787602755,0.04649548924358097
2016-06-01,37.7,38.15,37.5,38.0,38.0,2882,-1.001163880579968,-0.9799481199940698,-0.9872264499839339,-0.9591817648107791,-0.9591817648107791,0.008760286700291964,0.030089455136893452,0.05020727775218803,0.05511592392058863,0.0537407797681771,0.05292324743696305
2016-06-02,38.0,38.4,37.85,38.0,38.0,2882,-0.9647113477010517,-0.9498345590855665,-0.9442923318161863,-0.9591817648107791,-0.9591817648107791,0.0034327964087667133,0.022192333557498396,0.044434264773247835,0.05204872646733119,0.05210698266792175,0.050836521178043194
2016-06-03,38.0,38.3,37.8,37.95,37.95,2882,-0.9647113477010517,-0.961879983448968,-0.9504257772687221,-0.9652460395041829,-0.9652460395041829,0.00026357406431220653,0.013080619327282487,0.03669641231105446,0.047402194162699265,0.04874813463770506,0.0477636664826062
2016-06-04,38.0,38.0,37.7,37.7,37.7,2882,-0.9647113477010517,-0.9980162565391717,-0.9626926681737922,-0.9955674129712038,-0.9955674129712038,-0.004489041457618212,0.0037273695420660426,0.02408547627671163,0.03735296140881892,0.040172166427546716,0.03937876211919316
2016-06-06,37.8,38.15,37.4,37.6,37.6,2882,-0.9890130362869965,-0.9799481199940698,-0.9994933408890048,-1.0076959623580124,-1.0076959623580124,-0.006605019815059631,-0.0021231422505307404,0.016307775475268193,0.03133785915106646,0.03586974488952578,0.03538482720638845
2016-06-07,37.85,38.1,37.65,37.95,37.95,2882,-0.98293761414051,-0.9859708321757702,-0.9688261136263281,-0.9652460395041829,-0.9652460395041829,0.0029069767441862195,0.005164878823996829,0.019978498476975422,0.03695607623471546,0.043155579989004954,0.043777217510887055
2016-06-08,37.95,38.2,37.55,37.7,37.7,2882,-0.9707867698475375,-0.9739254078123686,-0.9810930045313989,-0.9955674129712038,-0.9955674129712038,-0.002117522498676503,-0.0033046926635822865,0.008650673325604326,0.026339073027972535,0.03423680456490741,0.03585657370517927
2016-06-13,37.6,38.0,37.3,37.6,37.6,2882,-1.0133147248729404,-0.9980162565391717,-1.0117602317940757,-1.0076959623580124,-1.0076959623580124,-0.002916998143728439,-0.0059484467944481536,0.0015093669537424837,0.01945367043991056,0.02934734997809907,0.0318331503841931
2016-06-14,37.6,38.0,37.5,37.85,37.85,2882,-1.0133147248729404,-0.9980162565391717,-0.9872264499839339,-0.9773745888909915,-0.9773745888909915,0.0029146793852676055,0.0011903187409073326,0.006113769271663925,0.0217303279794844,0.03353175686745676,0.037175739861161725
2016-06-15,37.9,38.05,37.6,38.0,38.0,2882,-0.9768621919940241,-0.9919935443574713,-0.974959559078863,-0.9591817648107791,-0.9591817648107791,0.004759386567953456,0.004361041363816549,0.007245096306767983,0.021436731402459497,0.03457664034848906,0.03962427613879888
2016-06-16,37.8,37.9,36.6,36.8,36.8,2882,-0.9890130362869965,-1.010061680902573,-1.09762846812957,-1.1047243574524799,-1.1047243574524799,-0.0210162277201385,-0.024260904149542784,-0.023872679045092986,-0.013470946987467269,0.0001087074682030053,0.005968381247437056
2016-06-17,37.15,37.5,36.9,37.3,37.3,2882,-1.0679935241913157,-1.0582433783561784,-1.0608277954143583,-1.044081610518438,-1.044081610518438,-0.005598507064782748,-0.009164563687076795,-0.011134676564157177,-0.0029403902699814627,0.011168943829971587,0.01833735268689975
2016-06-20,37.5,37.65,37.35,37.6,37.6,2882,-1.025465569165913,-1.0401752418110766,-1.0056267863415398,-1.0076959623580124,-1.0076959623580124,0.002399360170621069,-0.00026588673225200774,-0.003181336161187819,0.0017317170640734707,0.015996541288370046,0.024755848285259997
2016-06-21,37.65,37.95,37.6,37.9,37.9,2882,-1.0072393027264546,-1.004038968720872,-0.974959559078863,-0.9713103141975876,-0.9713103141975876,0.010127931769722884,0.007175126229072442,0.005038451339167269,0.00811278095491421,0.020463112547118956,0.03068485700040784
2016-06-22,37.9,37.9,37.55,37.9,37.9,2882,-0.9768621919940241,-1.010061680902573,-0.9810930045313989,-0.9713103141975876,-0.9713103141975876,0.010666666666666628,0.006372809346786906,0.00468321993461153,0.006105654366870105,0.017122000966131666,0.028261361067148928
2016-06-23,37.9,37.9,37.6,37.65,37.65,2882,-0.9768621919940241,-1.010061680902573,-0.974959559078863,-1.0016316876646085,-1.0016316876646085,-0.0005309264666844472,0.0005314908317832349,-0.001326259946949715,-0.0011275452676262911,0.0073309075342466,0.01917437401308356
2016-06-24,37.85,37.85,36.0,36.4,36.4,2882,-0.98293761414051,-1.0160843930842736,-1.1712298135599946,-1.153238554999713,-1.153238554999713,-0.029074419845291983,-0.02933333333333337,-0.03174321688242601,-0.033521407235313716,-0.0274140971517128,-0.01590591627990821
2016-06-27,33.9,34.85,33.9,34.55,34.55,2882,-1.4628959637129126,-1.3774471239863142,-1.4288345225664796,-1.377616718655668,-1.377616718655668,-0.06317787418655094,-0.0711117085629788,-0.07537912578055317,-0.07891229005598527,-0.07630199978611929,-0.06587959625090142
2016-06-28,34.25,34.35,34.05,34.3,34.3,2882,-1.4203680086875097,-1.437674245803321,-1.4104341862088736,-1.407938092122689,-1.407938092122689,-0.05143805309734531,-0.06894679695982626,-0.07646742057081322,-0.08098332105298432,-0.08062613916586261,-0.07238799242765716
2016-06-29,34.3,34.75,34.3,34.4,34.4,2882,-1.4142925865410239,-1.3894925483497158,-1.379766958946197,-1.3958095427358803,-1.3958095427358803,-0.029892836999435853,-0.057017543859649265,-0.06842390323163018,-0.07421112830518739,-0.07596432792521748,-0.06930603778689653
2016-06-30,34.75,35.05,34.5,35.0,35.0,2882,-1.3596137872226486,-1.353356275259512,-1.355233177136055,-1.32303824641503,-1.32303824641503,0.002004008016032276,-0.035812672176308465,-0.04710046283691797,-0.05424576099439304,-0.05761981690899302,-0.05324376718813418
2016-07-01,35.15,35.5,34.9,35.05,35.05,2882,-1.31101041005076,-1.2991518656242056,-1.3061656135157724,-1.3169739717216262,-1.3169739717216262,0.011252163877668593,-0.028413028413028375,-0.04112712018967729,-0.049104720564297405,-0.05428741028546779,-0.05180576220749374
2016-07-04,35.05,35.5,35.0,35.15,35.15,2882,-1.3231612543437323,-1.2991518656242056,-1.2938987226107015,-1.3048454223348176,-1.3048454223348176,0.010638297872340559,-0.01897850962880267,-0.034075295410827204,-0.04275599128540306,-0.049074775457201604,-0.04914337240757448
2016-07-05,35.1,35.15,34.85,35.0,35.0,2882,-1.3170858321972456,-1.3413108508961105,-1.3122990589683075,-1.32303824641503,-1.32303824641503,0.002290950744559147,-0.01519414743950476,-0.03314917127071831,-0.04332376657099907,-0.04999728570653056,-0.051747493904090947
2016-07-06,34.7,34.75,34.1,34.1,34.1,2882,-1.3656892093691344,-1.3894925483497158,-1.4043007407563377,-1.432195190896305,-1.432195190896305,-0.021801491681009696,-0.03014789533560851,-0.051196438508625576,-0.06344410876132936,-0.07079404872200117,-0.07420814479638012
2016-07-07,34.35,34.5,34.1,34.1,34.1,2882,-1.4082171643945374,-1.419606109258219,-1.4043007407563377,-1.432195190896305,-1.432195190896305,-0.016724336793540896,-0.020255710386438683,-0.046420581655480894,-0.05846621108580087,-0.06682721252257676,-0.07160359379254004
2016-07-11,34.35,34.6,34.15,34.15,34.15,2882,-1.4082171643945374,-1.4075606848948177,-1.3981672953038027,-1.4261309162029012,-1.4261309162029012,-0.010144927536231925,-0.012434933487565058,-0.0393811533052039,-0.05244173140954515,-0.06150379245905261,-0.06783130885764978
2016-07-12,34.3,34.5,34.2,34.4,34.4,2882,-1.4142925865410239,-1.419606109258219,-1.392033849851267,-1.3958095427358803,-1.3958095427358803,0.0014556040756913292,-0.004773614928395956,-0.026506933308178496,-0.04124860646599788,-0.05092975776637432,-0.05826527353196141
2016-07-13,34.6,35.25,34.55,35.1,35.1,2882,-1.3778400536621067,-1.329265426532709,-1.34909973168352,-1.3109096970282215,-1.3109096970282215,0.021239453011347012,0.013133208255159632,-0.0014224751066855522,-0.017975799118696182,-0.028830723258259132,-0.03650837222069718
2016-07-14,35.25,35.65,35.0,35.65,35.65,2882,-1.2988595657577875,-1.2810837290791037,-1.2938987226107015,-1.2442026754007758,-1.2442026754007758,0.027970011534025552,0.0253091745757838,0.01857142857142853,0.0007017543859648724,-0.011479591836734734,-0.01957189347756335
2016-07-15,35.8,36.5,35.8,36.5,36.5,2882,-1.2320299221464408,-1.1786976219901921,-1.1957635953701362,-1.1411100056129044,-1.1411100056129044,0.038111490329920256,0.04524627720504004,0.045146511405936854,0.024992979500140428,0.0137199355662945,0.0051865791527059175
2016-07-18,36.6,37.1,36.55,36.95,36.95,2882,-1.1348231678026626,-1.1064250758097838,-1.103761913582106,-1.0865315333722665,-1.0865315333722665,0.03443449048152307,0.05240672173170047,0.056922196796338725,0.038140057596403994,0.027073604625305663,0.018561058531655034
2016-07-19,36.95,37.4,36.5,37.3,37.3,2882,-1.0922952127772596,-1.07028880271958,-1.109895359034641,-1.044081610518438,-1.044081610518438,0.027548209366391185,0.05590941259731052,0.06136773214455088,0.048415431101117186,0.03714825937048155,0.02882361053647778
2016-07-20,36.9,37.25,36.55,36.85,36.85,2882,-1.0983706349237463,-1.088356939264682,-1.103761913582106,-1.0986600827590751,-1.0986600827590751,0.005457025920873202,0.03773584905660387,0.043515197281479935,0.037297677691766444,0.025776639572430742,0.017206477732793563
2016-07-21,37.0,37.25,36.9,37.0,37.0,2882,-1.0862197906307738,-1.088356939264682,-1.0608277954143583,-1.0804672586788626,-1.0804672586788626,0.0021668472372697264,0.03351955307262578,0.04264512492955107,0.042841037204058505,0.031100211793557007,0.021911250230160082
2016-07-22,36.9,36.95,36.55,36.7,36.7,2882,-1.0983706349237463,-1.1244932123548856,-1.103761913582106,-1.1168529068392874,-1.1168529068392874,-0.00703463203463198,0.017748197448696632,0.03089887640449442,0.035772242997248446,0.02285395763656634,0.014793308447393991
2016-07-25,37.0,37.2,35.9,36.4,36.4,2882,-1.0862197906307738,-1.0943796514463822,-1.1834967044650655,-1.153238554999713,-1.153238554999713,-0.012211668928086915,0.003169353727435438,0.019893527598766985,0.027305439920976334,0.01551166164490583,0.007705439948322872
2016-07-26,36.3,36.4,36.05,36.35,36.35,2882,-1.1712757006815797,-1.1907430463535935,-1.1650963681074595,-1.159302829693117,-1.159302829693117,-0.0084560829241679,-0.00356359649122814,0.016214705060106388,0.023295094658315373,0.01553332960831437,0.007483370288248225
2016-07-27,36.5,36.5,35.95,36.15,36.15,2882,-1.1469740120956349,-1.1786976219901921,-1.1773632590125296,-1.183559928466734,-1.183559928466734,-0.010131434830229942,-0.011890118901189075,0.008461967639947762,0.015021760494173909,0.011924756466241238,0.003516239474414887
2016-07-28,36.1,36.5,36.0,36.35,36.35,2882,-1.1955773892675237,-1.1786976219901921,-1.1712298135599946,-1.159302829693117,-1.159302829693117,-0.0010992030777685943,-0.008320829354794699,0.0098157236781183,0.017850892544627312,0.01929224384498913,0.010611185765256504
2016-07-29,36.3,36.35,35.85,35.85,35.85,2882,-1.1712757006815797,-1.196765758535294,-1.1896301499176005,-1.2199455766271587,-1.2199455766271587,-0.010215350635008407,-0.020224104946706612,-0.0072918589625254404,0.0026569710529995485,0.007305422871593087,-0.002411650125220079
2016-08-01,36.0,36.2,35.85,36.1,36.1,2882,-1.207728233560496,-1.2148338950803956,-1.1896301499176005,-1.1896242031601378,-1.1896242031601378,-0.0016592920353982927,-0.011094370634159734,-0.003954750298905478,0.008168679745863409,0.014671988307380921,0.005664407094437931
2016-08-02,36.15,36.2,35.9,35.9,35.9,2882,-1.1895019671210378,-1.2148338950803956,-1.1834967044650655,-1.2138813019337549,-1.2138813019337549,-0.00471305794288907,-0.012787020486731648,-0.012198477483261538,0.0015343841539963653,0.00752132914234398,0.0016741071428570079
2016-08-03,35.7,36.0,35.6,35.8,35.8,2882,-1.2441807664394122,-1.2389247438071989,-1.2202973771802772,-1.2260098513205635,-1.2260098513205635,-0.005555555555555635,-0.012686155543298619,-0.016213245397087205,-0.0023686777204962504,0.0030258881542081415,0.0008386916410400095
2016-08-04,35.95,36.15,35.7,36.1,36.1,2882,-1.2138036557069818,-1.220856607262097,-1.2080304862752063,-1.1896242031601378,-1.1896242031601378,0.004172461752433896,-0.0019353055017970772,-0.00878638110928043,0.0031957760177852438,0.009507829977628732,0.010921310557266887
2016-08-05,36.1,36.5,35.95,36.5,36.5,2882,-1.1955773892675237,-1.1786976219901921,-1.1773632590125296,-1.1411100056129044,-1.1411100056129044,0.011640798226164128,0.009681881051175697,0.0021965952773203025,0.010940312976042187,0.018983807928531538,0.023221043778909493
2016-08-08,36.85,37.25,36.8,37.25,37.25,2882,-1.104446057070232,-1.088356939264682,-1.0730946863194293,-1.0501458852118417,-1.0501458852118417,0.025888185072982788,0.028011591003173745,0.02222832052689339,0.027302813017098786,0.03737328728974062,0.04341736694677863
2016-08-09,37.8,38.3,37.65,37.8,37.8,2882,-0.9890130362869965,-0.961879983448968,-0.9688261136263281,-0.9834388635843961,-0.9834388635843961,0.030253475061324597,0.03903243540406822,0.03637360628769861,0.03760636837771061,0.04959182540123269,0.05562020013963232
2016-08-10,38.0,38.05,37.8,38.0,38.0,2882,-0.9647113477010517,-0.9919935443574713,-0.9504257772687221,-0.9591817648107791,-0.9591817648107791,0.023431187718825675,0.03924517981676473,0.03967168262653907,0.03896103896103888,0.051641113632589795,0.05756296674242781
2016-08-11,37.9,37.95,37.2,37.6,37.6,2882,-0.9768621919940241,-1.004038968720872,-1.0240271226991458,-1.0076959623580124,-1.0076959623580124,0.004541811381245036,0.024802398473698656,0.027603170265099695,0.02529143090871912,0.0365551083420634,0.043333487490172726
2016-08-12,37.65,38.0,37.55,37.95,37.95,2882,-1.0072393027264546,-0.9980162565391717,-0.9810930045313989,-0.9652460395041829,-0.9652460395041829,0.006097560975609672,0.028455284552845645,0.034811852390474574,0.03279357735746375,0.04178104754584381,0.050179872705470155
2016-08-15,37.95,37.95,37.65,37.85,37.85,2882,-0.9707867698475375,-1.004038968720872,-0.9688261136263281,-0.9773745888909915,-0.9773745888909915,0.0002642706131077698,0.02090357383681722,0.029371770465053182,0.028812177222071078,0.03483158355205602,0.04471432514490766
2016-08-16,38.0,38.0,37.5,37.8,37.8,2882,-0.9647113477010517,-0.9980162565391717,-0.9872264499839339,-0.9834388635843961,-0.9834388635843961,-0.0010570824524312671,0.014356634912115834,0.02531645569620244,0.026755398614695083,0.029636086293310118,0.040796659171217144
2016-08-17,37.75,38.25,37.7,38.15,38.15,2882,-0.9950884584334823,-0.9679026956306683,-0.9626926681737922,-0.9409889407305667,-0.9409889407305667,0.007393715341959365,0.017333333333333294,0.03108108108108104,0.03443600867678968,0.0357278601292285,0.04740550928891736
2016-08-18,38.05,38.15,37.9,38.05,38.05,2882,-0.958635925554566,-0.9799481199940698,-0.9381588863636513,-0.9531174901173752,-0.9531174901173752,0.002370916754478301,0.009417694654463373,0.025238009700017987,0.030257902931022807,0.030327646899539602,0.040897278074135
2016-08-19,38.0,38.15,37.5,37.5,37.5,2882,-0.9647113477010517,-0.9799481199940698,-0.9872264499839339,-1.0198245117448208,-1.0198245117448208,-0.009770266701874954,-0.007805265246725802,0.007432613951822447,0.014267360876326898,0.01433594806599949,0.022680787236943882
2016-08-22,37.2,37.3,36.8,37.0,37.0,2882,-1.0619181020448292,-1.0823342270829814,-1.0730946863194293,-1.0804672586788626,-1.0804672586788626,-0.018567639257294502,-0.02038655017209415,-0.007599463567277554,-6.756300249976965e-05,0.0007573298712538865,0.006437573669417129
2016-08-23,37.0,37.9,36.95,37.8,37.8,2882,-1.0862197906307738,-1.010061680902573,-1.0546943499618224,-0.9834388635843961,-0.9834388635843961,0.002652519893899053,0.0007942811755359817,0.010425020048115493,0.019554956169925673,0.021842560553633216,0.025038416342763936
2016-08-24,38.1,38.35,37.8,37.8,37.8,2882,-0.9525605034080794,-0.9558572712672667,-0.9504257772687221,-0.9834388635843961,-0.9834388635843961,0.0045176720701568356,0.001324503311258203,0.006836544437538872,0.017291260176276614,0.02079395085066152,0.02254283137962115
2016-08-25,38.05,38.85,38.05,38.75,38.75,2882,-0.958635925554566,-0.89563014945026,-0.9197585500060454,-0.8682176444097164,-0.8682176444097164,0.02594651840084734,0.023372507592763905,0.027306468716861113,0.039501039501039406,0.04447439353099727,0.04531966549770683
2016-08-26,38.85,39.55,38.8,39.4,39.4,2882,-0.8614291712107878,-0.811312178906451,-0.8277568682180151,-0.7893820733954622,-0.7893820733954622,0.032765399737876996,0.036569323862141366,0.039212238438544184,0.05192898144439995,0.05891206192216728,0.06008968609865474
2016-08-29,39.6,39.8,39.0,39.6,39.6,2882,-0.7702978390134962,-0.7811986179979477,-0.8032230864078733,-0.765124974621845,-0.765124974621845,0.02404965089216446,0.037056435773209544,0.040189125295508304,0.05235184693064041,0.06063852581958439,0.06294457119849681
2016-08-30,39.7,40.8,39.6,40.65,40.65,2882,-0.7581469947205238,-0.6607443743639341,-0.7296217409774489,-0.6377752060603575,-0.6377752060603575,0.03593272171253833,0.0566675331427086,0.06246732880292736,0.07347989700930875,0.08376879599018865,0.08786797502230147
2016-08-31,40.75,41.4,39.95,40.1,40.1,2882,-0.6305631296443159,-0.5884718281835257,-0.6866876228097013,-0.7044822276878032,-0.7044822276878032,0.010075566750629686,0.03711366869261612,0.04427083333333341,0.05297708921420615,0.06462061275420816,0.07004669779853236
2016-09-01,39.9,39.95,39.3,39.35,39.35,2882,-0.73384530613458,-0.7631304814528449,-0.7664224136926616,-0.7954463480888659,-0.7954463480888659,-0.011803114013058736,0.014305967263822649,0.02163565556036354,0.028892665707935784,0.04139099137246599,0.04784306763713849
2016-09-02,39.35,39.55,39.0,39.45,39.45,2882,-0.8006749497459268,-0.811312178906451,-0.8032230864078733,-0.7833177987020574,-0.7833177987020574,-0.009540547326135965,0.01179789689664037,0.021579628830384178,0.027544442273881736,0.04007382019509631,0.04794793465267651
2016-09-05,39.85,40.2,39.8,40.0,40.0,2882,-0.7399207282810657,-0.7330169205443415,-0.705087959167308,-0.7166107770746117,-0.7166107770746117,0.0022550739163116084,0.01807075591753629,0.03199174406604734,0.038152089281079646,0.05025468676153971,0.05918178207334832
2016-09-06,40.0,40.45,39.9,40.45,40.45,2882,-0.7216944618416076,-0.702903359635838,-0.6928210682622371,-0.6620323048339738,-0.6620323048339738,0.014547278655630755,0.022626722285425435,0.038866535399366735,0.046233430326543846,0.05701891920142161,0.06723538982454613
2016-09-07,40.85,40.9,40.55,40.8,40.8,2882,-0.6184122853513436,-0.6486989500005326,-0.6130862773792778,-0.6195823819801453,-0.6195823819801453,0.019745063734066464,0.0237109522017311,0.0431225498551217,0.051478641840087686,0.06062181553498995,0.07208548655513705
2016-09-08,40.6,41.3,40.55,41.25,41.25,2882,-0.6487893960837742,-0.6005172525469272,-0.6130862773792778,-0.5650039097395072,-0.5650039097395072,0.021292399108690255,0.02855005610273023,0.04890659433802317,0.058099268949596015,0.06660805709262038,0.07927786499215074
2016-09-09,41.15,41.15,40.3,40.45,40.45,2882,-0.5819597524724273,-0.6185853890920291,-0.6437535046419545,-0.6620323048339738,-0.6620323048339738,-0.0034491254003449264,0.005968664511315821,0.023446065615248445,0.03426233699821026,0.04166666666666672,0.05411744266851984
2016-09-10,39.55,39.8,39.5,39.75,39.75,2882,-0.7763732611599828,-0.7811986179979477,-0.7418886318825199,-0.7469321505416326,-0.7469321505416326,-0.019486926492353382,-0.011808576755748947,0.001091336467427706,0.013901288101007568,0.02101099352717553,0.0326016365761786
2016-09-12,39.5,39.9,39.25,39.7,39.7,2882,-0.7824486833064687,-0.769153193634546,-0.7725558591451965,-0.7529964252350365,-0.7529964252350365,-0.01708343649418167,-0.010715175679043102,-0.0033472803347280216,0.0101781170483462,0.017739950779327506,0.027920424632114953
2016-09-13,39.9,39.9,38.8,39.15,39.15,2882,-0.73384530613458,-0.769153193634546,-0.8277568682180151,-0.8197034468624831,-0.8197034468624831,-0.02271592611083384,-0.02210565754964419,-0.019370460048426155,-0.005082592121982283,0.0024581348901521905,0.010757314974182383
2016-09-14,38.8,39.5,38.8,39.3,39.3,2882,-0.8675045933572745,-0.8173348910881514,-0.8277568682180151,-0.8015106227822707,-0.8015106227822707,-0.009326947315351766,-0.01823632275793165,-0.01651651651651661,-0.0028544243577546275,0.004549869638566466,0.011843460350154503
2016-09-19,39.4,40.2,39.4,40.2,40.2,2882,-0.794599527599441,-0.7330169205443415,-0.7541555227875907,-0.6923536783009947,-0.6923536783009947,0.014639071176173787,0.0023687819473880776,0.004665111629456866,0.016499146595865818,0.025196368458635283,0.03173924202241436
2016-09-20,39.9,40.2,39.9,40.0,40.0,2882,-0.73384530613458,-0.7330169205443415,-0.6928210682622371,-0.7166107770746117,-0.7166107770746117,0.008318628686664943,-0.002618127415534322,-0.0009990009990009777,0.007620127212040931,0.01786350450404596,0.024196645755985343
2016-09-21,39.8,40.5,39.8,40.5,40.5,2882,-0.7459961504275523,-0.6968806474541378,-0.705087959167308,-0.6559680301405699,-0.6559680301405699,0.01682149133818734,0.00972326103216157,0.011741194104421655,0.016757672754660058,0.027762269705120895,0.03461489334525493
2016-09-22,40.8,40.85,40.2,40.6,40.6,2882,-0.6244877074978302,-0.6547216621822328,-0.6560203955470245,-0.6438394807537614,-0.6438394807537614,0.011964107676969192,0.012721376901970515,0.013395457192777977,0.015698292576146224,0.02774402592142577,0.034878287098007534
2016-09-23,40.6,40.8,40.25,40.65,40.65,2882,-0.6487893960837742,-0.6607443743639341,-0.6498869500944895,-0.6377752060603575,-0.6377752060603575,0.0064372369398365435,0.015488383712215774,0.012453300124533002,0.014537967180383183,0.026307816602706383,0.03347457627118634
2016-09-26,40.5,40.6,40.25,40.35,40.35,2882,-0.6609402403767465,-0.6848352230907362,-0.6498869500944895,-0.6741608542207823,-0.6741608542207823,-0.0017318159327065878,0.008245877061469222,0.0034817209649341103,0.005858157796335699,0.015809878656663817,0.023765223274695553
2016-09-29,40.85,40.9,40.2,40.7,40.7,2882,-0.6184122853513436,-0.6486989500005326,-0.6560203955470245,-0.6317109313669529,-0.6317109313669529,0.0034516765285996192,0.014583073663218269,0.011012668709116725,0.013193925815285066,0.02081765738650628,0.03016241299303953
2016-09-30,40.45,40.45,39.7,40.1,40.1,2882,-0.6670156625232323,-0.702903359635838,-0.7173548500723781,-0.7044822276878032,-0.7044822276878032,-0.009387351778656189,-0.0013696924417878874,-0.0033140016570008166,-0.0010587282805006384,0.003453280616585709,0.01300997852721992
2016-10-03,40.3,40.4,40.0,40.05,40.05,2882,-0.6852419289626913,-0.7089260718175393,-0.6805541773571663,-0.710546502381208,-0.710546502381208,-0.007926678226405928,-0.004845322400298181,-0.0033181252592285244,-0.002242152466367798,-4.993508439035365e-05,0.010130732691580067
2016-10-04,40.1,40.45,39.9,40.45,40.45,2882,-0.7095436175486352,-0.702903359635838,-0.6928210682622371,-0.6620323048339738,-0.6620323048339738,0.0029754525167370333,0.0022299306243806593,0.007974084226264826,0.0063440726458513595,0.008225324027916387,0.01816503754667107
2016-10-05,40.2,40.45,40.1,40.1,40.1,2882,-0.6973927732556627,-0.702903359635838,-0.6682872864520953,-0.7044822276878032,-0.7044822276878032,-0.004468718967229387,-0.006195786864931846,-0.0001662234042553451,-0.0031694736187932336,-0.0011955763674405156,0.007158106241366233
2016-10-06,40.2,40.3,40.1,40.25,40.25,2882,-0.6973927732556627,-0.7209714961809408,-0.6682872864520953,-0.6862894036075908,-0.6862894036075908,0.001492908683752234,-0.0030959752321981426,0.0027404085700049683,0.00024850894632201813,0.0018917707970329196,0.008182349503214528
2016-10-07,40.25,40.25,39.9,40.15,40.15,2882,-0.691317351109177,-0.7269942083626412,-0.6928210682622371,-0.6984179529943993,-0.6984179529943993,-0.0012437810945274692,-0.004709965294992507,-0.0004978839930295251,-0.0018645121193288463,-9.961647656534562e-05,0.0037081788258822575
2016-10-11,40.3,40.4,39.7,40.0,40.0,2882,-0.6852419289626913,-0.7089260718175393,-0.7173548500723781,-0.7166107770746117,-0.7166107770746117,-0.004727544165215172,-0.006951340615690022,-0.005634736493205168,-0.00460370785118831,-0.003735990037359865,-0.0018714909544604575
2016-10-12,39.85,40.65,39.75,40.65,40.65,2882,-0.7399207282810657,-0.6788125109090359,-0.7112214046198431,-0.6377752060603575,-0.6377752060603575,0.01043997017151366,0.009185700099304802,0.008267879288962263,0.012327231976092578,0.01114372419282606,0.01274758128140191
2016-10-13,40.65,40.65,39.95,39.95,39.95,2882,-0.6427139739372884,-0.6788125109090359,-0.6866876228097013,-0.7226750517680156,-0.7226750517680156,-0.006218905472636815,-0.007206759443339763,-0.008684863523573061,-0.004485422377273853,-0.006762468300929801,-0.005146509504440859
2016-10-14,39.95,40.2,39.65,39.7,39.7,2882,-0.7277698839880933,-0.7330169205443415,-0.7234882955249139,-0.7529964252350365,-0.7529964252350365,-0.00972811174856574,-0.010961634280019873,-0.01439920556107245,-0.010653541835399537,-0.012683412086545586,-0.011454183266932117
2016-10-17,39.7,39.95,39.15,39.95,39.95,2882,-0.7581469947205238,-0.7631304814528449,-0.7848227500502675,-0.7226750517680156,-0.7226750517680156,-0.0024968789013731416,-0.004361370716510832,-0.00728899196554285,-0.004733432984554004,-0.005971634735008582,-0.004650776513578625
2016-10-18,39.9,40.5,39.75,40.5,40.5,2882,-0.73384530613458,-0.6968806474541378,-0.7112214046198431,-0.6559680301405699,-0.6559680301405699,0.008717310087173136,0.008215085884988755,0.006544611051279979,0.007274762171236631,0.008014336203892568,0.008717310087173136
2016-10-19,40.5,40.65,40.35,40.6,40.6,2882,-0.6609402403767465,-0.6788125109090359,-0.6376200591894187,-0.6438394807537614,-0.6438394807537614,0.011459890383657221,0.010327236531044079,0.00911350455675229,0.008132100068284824,0.011157601115760122,0.010159651669085583
2016-10-20,40.6,40.6,40.15,40.45,40.45,2882,-0.6487893960837742,-0.6848352230907362,-0.6621538409995604,-0.6620323048339738,-0.6620323048339738,0.00521868787276344,0.0057185479860765,0.00521868787276344,0.004095817301725363,0.007421797170751191,0.005593536357986362
2016-10-21,40.3,40.45,40.05,40.3,40.3,2882,-0.6852419289626913,-0.702903359635838,-0.6744207319046313,-0.6802251289141871,-0.6802251289141871,-0.001486620416253773,0.0018645121193286696,0.00215517241379291,-1.7631333393550872e-16,0.0031363568477123928,0.0016155088852988126
2016-10-24,40.3,40.4,40.2,40.25,40.25,2882,-0.6852419289626913,-0.7089260718175393,-0.6560203955470245,-0.6862894036075908,-0.6862894036075908,-0.004205838693716024,0.00037280974276129164,0.0006629651114609364,-0.0009308098045299763,0.0013434172554481773,0.0005385922028421497
2016-10-25,40.15,40.5,40.15,40.4,40.4,2882,-0.7034681954021494,-0.6968806474541378,-0.6621538409995604,-0.6680965795273784,-0.6680965795273784,0.0,0.0031036623215392398,0.0038098393241676994,0.0030414002855190902,0.0038264672265565856,0.0046002735297773255
2016-10-26,40.4,40.5,40.2,40.5,40.5,2882,-0.6730910846697189,-0.6968806474541378,-0.6560203955470245,-0.6559680301405699,-0.6559680301405699,0.0029717682020803508,0.00596125186289108,0.006211180124223602,0.005711447727837021,0.005112423685908471,0.007713361532719461
2016-10-27,40.5,40.8,40.4,40.65,40.65,2882,-0.6609402403767465,-0.6607443743639341,-0.6314866137368836,-0.6377752060603575,-0.6377752060603575,0.005690252350321545,0.007934540044631795,0.00901869932152913,0.009060444334119271,0.00838460011907109,0.011277883738286573
2016-10-28,40.65,40.8,40.5,40.8,40.8,2882,-0.6427139739372884,-0.6607443743639341,-0.6192197228318127,-0.6195823819801453,-0.6195823819801453,0.006910167818361155,0.008902077151335121,0.011821112672563265,0.012658227848101217,0.011302795954788895,0.01412651725423575
2016-10-31,40.5,40.95,40.15,40.95,40.95,2882,-0.6609402403767465,-0.6426762378188313,-0.6621538409995604,-0.601389557899932,-0.601389557899932,0.007132316773241493,0.010113468179575818,0.014199620242714369,0.015310233682514272,0.014568158168574603,0.01680185399768275
2016-11-01,40.8,40.8,40.5,40.8,40.8,2882,-0.6244877074978302,-0.6607443743639341,-0.6192197228318127,-0.6195823819801453,-0.6195823819801453,0.0014727540500736936,0.005669213704707835,0.009151620084095905,0.010651473866732717,0.010651473866732717,0.011695664751828495
2016-11-02,40.45,40.55,40.25,40.25,40.25,2882,-0.6670156625232323,-0.6908579352724374,-0.6498869500944895,-0.6862894036075908,-0.6862894036075908,-0.010813467682477212,-0.007030960897989482,-0.0037950664136623046,-0.0027254707631317997,-0.002577191852108817,-0.0027254707631319754
2016-11-03,40.1,40.25,39.8,39.8,39.8,2882,-0.7095436175486352,-0.7269942083626412,-0.705087959167308,-0.7408678758482289,-0.7408678758482289,-0.01776900296150047,-0.016555473190017166,-0.01468889255652749,-0.013508489279960385,-0.013190518694832976,-0.013549239920687555
2016-11-04,39.85,40.4,39.65,40.4,40.4,2882,-0.7399207282810657,-0.7089260718175393,-0.7234882955249139,-0.6680965795273784,-0.6680965795273784,-0.0009891196834818559,-0.00197628458498037,-0.0009891196834815048,0.0011771265720835,0.001984126984126942,0.0009910802775024566
2016-11-07,40.45,40.7,40.2,40.7,40.7,2882,-0.6670156625232323,-0.6727897987273347,-0.6560203955470245,-0.6317109313669529,-0.6317109313669529,0.007675167120574456,0.0043183220234424245,0.005186465794023236,0.007924715205547307,0.008824112631370257,0.008257638315441842
2016-11-08,40.8,40.8,40.5,40.75,40.75,2882,-0.6244877074978302,-0.6607443743639341,-0.6192197228318127,-0.625646656673549,-0.625646656673549,0.00916295195641418,0.004684418145956727,0.006007241606319921,0.008226634502381295,0.0093629247993659,0.009371258721050343
2016-11-09,41.0,41.25,39.1,39.1,39.1,2882,-0.6001860189118855,-0.6065399647286276,-0.7909561955028025,-0.8257677215558868,-0.8257677215558868,-0.026151930261519234,-0.032657100445324105,-0.03233789803662757,-0.03073872087258292,-0.030209831836896583,-0.03025793650793665
2016-11-10,40.5,41.45,40.45,41.45,41.45,2882,-0.6609402403767465,-0.5824491160018246,-0.6253531682843477,-0.5407468109658902,-0.5407468109658902,0.023962450592885345,0.02345679012345686,0.024131115137539298,0.02560930347643211,0.026701674427821336,0.027091765094573575
2016-11-11,44.0,44.0,41.8,43.75,43.75,2882,-0.23566069012271915,-0.2752907947350903,-0.4597501410658939,-0.2617901750692981,-0.2617901750692981,0.06318347509113005,0.07243534746905253,0.07485054459094259,0.07712193020249893,0.07992693522906792,0.0813594232749742
2016-11-14,43.8,46.3,43.15,45.95,45.95,2882,-0.2599623787086639,0.001753965623140547,-0.2941471138474392,0.005037911440486254,0.005037911440486254,0.08886255924170615,0.11272551156314325,0.11845841784989858,0.12299138510417298,0.1277734144904772,0.1302886192194164
2016-11-15,46.05,46.5,44.75,44.9,44.9,2882,0.01343161788321084,0.025844814349943603,-0.09787685936630772,-0.1223118571210021,-0.1223118571210021,0.04345805252149657,0.0766095192422971,0.08497784937575512,0.0914615618353083,0.09672691744015635,0.10008575278696541
2016-11-16,45.1,45.85,45.0,45.45,45.45,2882,-0.10200140290002464,-0.05245044401216504,-0.06720963210363096,-0.05560483549355557,-0.05560483549355557,0.025959367945823892,0.07637655417406752,0.08957967076873895,0.09835669405509927,0.10497909170475554,0.10903249420472569
2016-11-17,45.45,45.5,44.85,44.85,44.85,2882,-0.059473447874621735,-0.09460942928406996,-0.08560996846123684,-0.12837613181440594,-0.12837613181440594,-0.002890173410404681,0.049613854434823246,0.06802667090014294,0.078125,0.08522067363530773,0.09017987360233351
2016-11-18,45.05,45.35,44.15,45.0,45.0,2882,-0.10807682504651127,-0.11267756582917182,-0.17147820479673212,-0.11018330773419355,-0.11018330773419355,-0.005085120495246605,0.04190784903912948,0.06450086737107712,0.07565435640014358,0.08329321136254215,0.08963234997376815
2016-11-21,45.4,46.0,45.1,45.65,45.65,2882,-0.06554887002110836,-0.03438230746706318,-0.054942741198560074,-0.03134773671993936,-0.03134773671993936,0.01062652202789455,0.04498111479913005,0.07193174702567294,0.08419427621422639,0.09294196514077757,0.10048615854393497
2016-11-22,45.8,45.8,45.25,45.45,45.45,2882,-0.016945492849219687,-0.058473156193866234,-0.03654240484095419,-0.05560483549355557,-0.05560483549355557,0.0037544169611307796,0.02932850186841811,0.05952288445100632,0.07300950244938915,0.08301958728494499,0.09088727098167859
2016-11-23,45.85,46.75,45.5,46.05,46.05,2882,-0.010870070702733065,0.05595837525844699,-0.00587517757827742,0.01716646082729393,0.01716646082729393,0.014317180616740057,0.026755852842809267,0.06391990758567576,0.08009851061334583,0.09164612175232316,0.10053373695530922
2016-11-24,46.4,46.8,46.25,46.55,46.55,2882,0.055959572908613746,0.061981087440147326,0.08612650420975287,0.07780920776133575,0.07780920776133575,0.01770878880629651,0.026234567901234518,0.06440548780487797,0.08432331702771949,0.09715282360705177,0.10666455345114487
2016-11-25,46.75,48.7,46.6,48.45,48.45,2882,0.09848752793401666,0.2908441503447738,0.12906062237750052,0.3082516461106954,0.3082516461106954,0.04350635365065697,0.05716779402138347,0.09442060085836909,0.11861471861471869,0.13322730036955618,0.1439027269507732
2016-11-28,48.9,49.55,48.3,48.45,48.45,2882,0.359730680232919,0.3932302574336846,0.337597767763702,0.3082516461106954,0.3082516461106954,0.031070440519259588,0.05143229166666677,0.0817951771360524,0.10901287553648076,0.12459960076133889,0.13630145018176135
2016-11-29,47.9,47.95,47.3,47.3,47.3,2882,0.23822223730319692,0.2005034676192636,0.21492885871299494,0.16877332816239848,0.16877332816239848,-0.0012668918918919399,0.02115716753022446,0.04592024765976253,0.07469468900880419,0.09091747774343818,0.10346436486644103
2016-11-30,47.25,47.8,46.3,46.9,46.9,2882,0.15924174939887772,0.18243533107416088,0.09225994966228789,0.1202591306151652,0.1202591306151652,-0.013254786450662645,0.009361885290003279,0.025286016177220715,0.057616416732438655,0.07534277984133521,0.08879860708067314
2016-12-01,47.25,48.3,47.2,48.3,48.3,2882,0.15924174939887772,0.24266245289116767,0.20266196780792495,0.2900588220304821,0.2900588220304821,0.00877192982456129,0.03183080538346512,0.04545454545454533,0.07884744248380615,0.09972677595628404,0.11452965156526417
2016-12-02,48.3,48.35,47.65,48.0,48.0,2882,0.2868256144750856,0.24868516507286886,0.2578629768807426,0.2536731738700574,0.2536731738700574,0.004394224733207802,0.018891954998938667,0.032628182144137666,0.0631229235880399,0.08577633007600438,0.10108579293469931
2016-12-05,48.75,48.9,47.85,48.3,48.3,2882,0.34150441379346086,0.31493499907157596,0.2823967586908844,0.2900588220304821,0.2900588220304821,0.011306532663316415,0.019525065963060625,0.03559176672384212,0.06083900724796845,0.08534447889982477,0.10118934529011646
2016-12-06,49.0,49.4,48.75,49.0,49.0,2882,0.3718815245258914,0.37516212088858275,0.39279877683652054,0.374958667738141,0.374958667738141,0.01871101871101868,0.026608003352189314,0.04447918146937614,0.06655057952875888,0.09301806825786307,0.10989467326059874
2016-12-07,49.5,49.75,48.7,48.9,48.9,2882,0.43263574599075244,0.4173211061604877,0.3866653313839855,0.3628301183513325,0.3628301183513325,0.008247422680412342,0.018431740081224574,0.0372622498762639,0.05314165724438688,0.08243315034531602,0.10064898525715583
2016-12-08,49.3,49.45,48.95,49.05,49.05,2882,0.40833405740480766,0.38118483307028395,0.4173325586466623,0.3810229424315449,0.3810229424315449,0.008221993833504596,0.016264373769812424,0.034300977015533966,0.04779706275033372,0.07693321038071378,0.09711090400745578
2016-12-09,49.2,49.4,49.1,49.4,49.4,2882,0.3961832131118362,0.37516212088858275,0.4357328950042682,0.4234728652853743,0.4234728652853743,0.009605558961782262,0.021505376344086002,0.0352776807544533,0.04894362458859751,0.07611205506905398,0.09789976664073789
2016-12-12,49.7,49.7,49.05,49.4,49.4,2882,0.4569374345766972,0.41129839397878737,0.4295994495517323,0.4234728652853743,0.4234728652853743,0.005086469989827205,0.019502631307398623,0.029881862404447464,0.045115565663510875,0.06801573917931424,0.09106971950231894
2016-12-13,49.35,49.75,49.3,49.65,49.65,2882,0.4144094795512943,0.4173211061604877,0.4602666768144091,0.4537942387523952,0.4537942387523952,0.007508116883116831,0.01971657424522491,0.029086638109714028,0.04515314177455012,0.06522205535292853,0.08949274037230735
2016-12-14,49.75,49.9,48.55,48.65,48.65,2882,0.463012856723183,0.43538924270558954,0.36826499502637877,0.3325087448843116,0.3325087448843116,-0.011781434084907685,-0.004399877212728872,0.004750103263114498,0.020665058218818675,0.03528260129383728,0.061030133401184954
2016-12-15,48.55,49.8,48.45,49.8,49.8,2882,0.3172027252075161,0.42334381834218804,0.3559981041213088,0.4719870628326076,0.4719870628326076,0.008505467800729076,0.016015505457512937,0.023918854088136387,0.039394729976519605,0.05227570468664152,0.07827216628775581
2016-12-16,50.2,50.5,49.8,50.0,50.0,2882,0.5176916560415583,0.5076617888859979,0.5216011313397626,0.49624416160622464,0.49624416160622464,0.010101010101010102,0.01595042161942505,0.025851456709068486,0.038152089281079646,0.050950058853203285,0.0751532093323298
2016-12-19,49.95,49.95,48.85,49.0,49.0,2882,0.48731454530912777,0.44141195488729074,0.4050656677415914,0.374958667738141,0.374958667738141,-0.008498583569405133,-0.005782692502789827,0.004578691997539868,0.013863025036209429,0.027296742001761073,0.04741886066479035
2016-12-20,48.8,49.2,48.6,49.0,49.0,2882,0.3475798359399466,0.3510712721617806,0.37439844047891463,0.374958667738141,0.374958667738141,-0.005883546358287668,-0.005782692502789827,0.0022499488647985157,0.010153069113023752,0.023776691320880675,0.04129772614578172
2016-12-21,49.2,49.2,48.5,48.55,48.55,2882,0.3961832131118362,0.3510712721617806,0.36213154957384375,0.320380195497503,0.320380195497503,-0.0146133549827481,-0.014213197969543205,-0.009183673469387813,-0.00169639644270813,0.011753428083190782,0.024874221581113916
2016-12-22,48.4,48.5,46.75,46.8,46.8,2882,0.29897645876805795,0.26675330161797073,0.14746095873510642,0.10813058122835666,0.10813058122835666,-0.038422025888637856,-0.04538500764915862,-0.04294478527607365,-0.037927844588344105,-0.026298268974700317,-0.01577287066246042
2016-12-23,46.75,47.45,46.3,47.0,47.0,2882,0.09848752793401666,0.14027634580225684,0.09225994966228789,0.13238768000197373,0.13238768000197373,-0.022259205325566887,-0.03658911550681569,-0.037542662116041,-0.0323742858613414,-0.023762047191758024,-0.013813603776884032
2016-12-26,47.2,48.05,47.1,48.05,48.05,2882,0.15316632725239196,0.21254889198266427,0.19039507690285407,0.2597374485634612,0.2597374485634612,0.003550543024227122,-0.012332990750256822,-0.015705018777739967,-0.010349621543689775,-0.0039386401326700834,0.0067395327722874245
2016-12-27,48.05,48.05,47.5,47.6,47.6,2882,0.25644850374265504,0.21254889198266427,0.2394626405231367,0.2051589763228241,0.2051589763228241,0.0,-0.017442460522241694,-0.023055346514332515,-0.019920728882483165,-0.015022969002193418,-0.004565891743055321
2016-12-28,47.9,48.8,47.65,48.65,48.65,2882,0.23822223730319692,0.30288957470817446,0.2578629768807426,0.3325087448843116,0.3325087448843116,0.02162956740865185,0.004231602848591151,-0.0011634273200110587,-0.00010276436131940095,0.00454263886021059,0.015127803860198257
2016-12-29,48.45,48.8,47.65,47.9,47.9,2882,0.3050518809145446,0.30288957470817446,0.2578629768807426,0.24154462448324884,0.24154462448324884,0.0012541806020067365,-0.007356750595793264,-0.015011309891013859,-0.01511257324971727,-0.012045210791189056,-0.0026374236535257876
2016-12-30,48.15,48.55,48.05,48.2,48.2,2882,0.26859934803562746,0.27277601379967104,0.30693054050102525,0.2779302726436745,0.2779302726436745,0.0024958402662230562,0.0026001040041601664,-0.007209062821833045,-0.009147908315345734,-0.005652514750175224,0.0013850415512466064
2017-01-03,48.1,48.2,47.7,48.0,48.0,2882,0.2625239258891417,0.230617028527767,0.26399642233327847,0.2536731738700574,0.2536731738700574,-0.0014562096941959702,0.000521104742053123,-0.009424227832427533,-0.01295496607032701,-0.009410599306587481,-0.004390361945587154
2017-01-04,48.35,48.35,47.75,47.9,47.9,2882,0.2929010366215722,0.24868516507286886,0.2701298677858135,0.24154462448324884,0.24154462448324884,-0.004778724288385705,0.0007312232320067628,-0.009102192800993066,-0.013896037056098903,-0.01196369636963693,-0.008144671452236282
2017-01-05,47.9,48.4,47.9,48.4,48.4,2882,0.23822223730319692,0.25470787725456917,0.28853020414341934,0.3021873714172907,0.3021873714172907,0.0066555740432612375,0.01149425287356316,0.0015865351452023359,-0.003089598352214183,-0.0028842192006592617,0.0005857423422803154
2017-01-06,48.8,48.8,48.15,48.75,48.75,2882,0.3475798359399466,0.30288957470817446,0.31919743140609613,0.3446372942711201,0.3446372942711201,0.010362694300518135,0.014673743365594719,0.010292898590770995,0.004429792932935066,0.003954034350673425,0.006295799360099076
2017-01-09,48.75,49.2,48.75,49.0,49.0,2882,0.34150441379346086,0.3510712721617806,0.39279877683652054,0.374958667738141,0.374958667738141,0.012187564552778274,0.015649290081873823,0.016878804648588954,0.009996908172730072,0.008271945347545188,0.011073663938372698
2017-01-10,48.95,49.2,48.25,49.2,49.2,2882,0.36580610237940564,0.3510712721617806,0.331464322311167,0.3992157665117581,0.3992157665117581,0.011305241521068947,0.017369727047146472,0.02074688796680498,0.014328419750541187,0.01163794876012686,0.014677070085587732
2017-01-11,49.4,49.4,48.8,49.0,49.0,2882,0.4204849016977801,0.37516212088858275,0.39893222228905556,0.374958667738141,0.374958667738141,0.002660118682218182,0.010309278350515464,0.016597510373443924,0.010882459126308655,0.007525599374923034,0.009372746935832845
2017-01-12,49.1,49.3,48.65,48.7,48.7,2882,0.38403236881886377,0.36311669652518125,0.38053188593144965,0.3385730195777163,0.3385730195777163,-0.004700592683425093,0.004020204102669834,0.010163866417755693,0.004641567818463154,0.0015218196026817994,0.001954531426807918
2017-01-13,48.7,48.7,48.1,48.4,48.4,2882,0.3354289916469751,0.2908441503447738,0.3130639859535611,0.3021873714172907,0.3021873714172907,-0.009414654113794533,-0.0031922562043044207,0.0017247326664366041,-0.00010329511414115397,-0.004115226337448618,-0.0042859591976683415
2017-01-16,48.0,48.05,47.2,47.3,47.3,2882,0.2503730815961693,0.21254889198266427,0.20266196780792495,0.16877332816239848,0.16877332816239848,-0.025144270403957253,-0.0240379655421438,-0.02144679677263656,-0.020095297286099004,-0.025063896446532983,-0.026448492333024813
2017-01-17,46.8,47.65,46.8,47.5,47.5,2882,0.10456295008050241,0.164367194529059,0.15359440418764142,0.19303042693601555,0.19303042693601555,-0.014113740141137395,-0.01889910151812453,-0.01656314699792955,-0.014420583048034034,-0.019405450041288144,-0.021795091813969384
2017-01-18,47.05,47.45,46.75,46.95,46.95,2882,0.13494006081293294,0.14027634580225684,0.14746095873510642,0.1263234053085699,0.1263234053085699,-0.01716558509524792,-0.028352649006622606,-0.027077433169855596,-0.023756302957841622,-0.028593892245303273,-0.03175912559290559
2017-01-19,46.9,46.95,46.6,46.85,46.85,2882,0.1167137943734748,0.08004922398525005,0.12906062237750052,0.11419485592176136,0.11419485592176136,-0.0116033755274261,-0.027301982767569767,-0.02672945086905329,-0.02411081601833059,-0.029216742644011535,-0.03245792172925341
2017-01-20,47.0,47.3,46.7,47.15,47.15,2882,0.12886463866644718,0.12220820925715412,0.1413275132825714,0.15058050408218612,0.15058050408218612,0.0,-0.017810644724507947,-0.019478718979620148,-0.018219677251431546,-0.020849773642895666,-0.024987075650525638
2017-01-23,47.4,47.55,46.95,47.4,47.4,2882,0.17746801583833585,0.1523217701656575,0.17199474054524816,0.18090187754920703,0.18090187754920703,0.004875980496077949,-0.009300867384261684,-0.01318528799444829,-0.013424914142991011,-0.01352757544224763,-0.018464193270060377
2017-01-24,47.4,47.5,46.95,47.5,47.5,2882,0.17746801583833585,0.14629905798395718,0.17199474054524816,0.19303042693601555,0.19303042693601555,0.006995972016111899,-0.003670686942842101,-0.010416666666666666,-0.010777320768469793,-0.010210460512606835,-0.015101772816808898
2017-02-02,47.5,47.55,46.9,46.9,46.9,2882,0.18961886013130824,0.1523217701656575,0.1658612950927123,0.1202591306151652,0.1202591306151652,-0.005513146734520889,-0.01190350784788787,-0.021557719054241965,-0.022560308445787592,-0.0209994572704879,-0.025690741638390795
2017-02-03,46.9,47.15,46.55,46.65,46.65,2882,0.1167137943734748,0.10414007271205225,0.12292717692496465,0.08993775714814428,0.08993775714814428,-0.009974533106960778,-0.012907321201862177,-0.02439874520738943,-0.025740092935832543,-0.024670708760192343,-0.029540253796546737
2017-02-06,46.7,48.4,46.65,48.2,48.2,2882,0.0924121057875309,0.25470787725456917,0.13519406783003554,0.2779302726436745,0.2779302726436745,0.018381576167335826,0.020321761219305845,0.008790288823775675,0.006315569706143369,0.006557240111932507,0.003818118708781752
2017-02-07,48.2,48.25,47.75,48.0,48.0,2882,0.27467477018211406,0.23663974070946733,0.2701298677858135,0.2536731738700574,0.2536731738700574,0.011591148577449887,0.014584654407102044,0.006008103954170638,0.0023492560689114517,0.001544047072570172,0.0010427528675703264
2017-02-08,48.2,48.3,47.7,47.85,47.85,2882,0.27467477018211406,0.24266245289116767,0.26399642233327847,0.235480349789845,0.235480349789845,0.0069444444444445586,0.010666385045939284,0.004759571638552678,-0.000626566416040124,-0.0014190909470344723,-0.0012870908268687582
2017-02-09,47.85,48.0,47.7,47.7,47.7,2882,0.23214681515671115,0.20652617980096394,0.26399642233327847,0.21728752570963264,0.21728752570963264,0.00041946308724838773,0.0059046815689582696,0.00343594418343751,-0.0035512847294755507,-0.004632527857768754,-0.0035165906479578592
2017-02-10,48.2,49.4,48.05,48.3,48.3,2882,0.27467477018211406,0.37516212088858275,0.30693054050102525,0.2900588220304821,0.2900588220304821,0.00604040824828159,0.015452538631346416,0.01662807829930539,0.009088060169225847,0.00818234950321441,0.00919348098620973
2017-02-13,49.1,49.1,48.15,48.25,48.25,2882,0.38403236881886377,0.339025847798379,0.31919743140609613,0.2839945473370783,0.2839945473370783,0.0047896709704290715,0.012060828526481444,0.015789473684210527,0.008570234113712303,0.006844455573640561,0.00713167507392594
2017-02-14,48.25,49.0,48.25,48.6,48.6,2882,0.2807501923285998,0.3269804234349775,0.331464322311167,0.3264444701909077,0.3264444701909077,0.00955546323223932,0.016842765979704983,0.021294480246567712,0.016311166875784062,0.013809503942592645,0.01330924001806988
2017-02-15,48.9,49.0,48.65,48.9,48.9,2882,0.359730680232919,0.3269804234349775,0.38053188593144965,0.3628301183513325,0.3628301183513325,0.011375387797311213,0.020131427975383254,0.02558724832214778,0.0229055538123627,0.019302121982740693,0.01896228380912698
2017-02-16,49.45,49.6,49.0,49.05,49.05,2882,0.4265603238442667,0.3992529696153858,0.4234660040991973,0.3810229424315449,0.3810229424315449,0.008844097079391192,0.0186915887850467,0.02572145545796716,0.025989645976049778,0.021449396084964472,0.021059570481906736
2017-02-17,49.2,49.4,48.75,49.25,49.25,2882,0.3961832131118362,0.37516212088858275,0.39279877683652054,0.4052800412051619,0.4052800412051619,0.009014546199549226,0.017351786820904845,0.02646936223426419,0.02958085084143423,0.02488866691638584,0.024796254551760086
2017-02-18,49.25,49.25,48.95,49.0,49.0,2882,0.4022586352583219,0.3570939843434809,0.4173325586466623,0.374958667738141,0.374958667738141,0.0008169934640522702,0.010517632501546817,0.018640426858845423,0.023712524809359765,0.01947403462050614,0.01881692483626144
2017-02-20,49.0,49.25,48.95,49.0,49.0,2882,0.3718815245258914,0.3570939843434809,0.4173325586466623,0.374958667738141,0.374958667738141,-0.0008156606851549581,0.008437950195513556,0.016386641775565067,0.02189781021897804,0.01947403462050614,0.01825234648287321
2017-02-21,49.0,49.2,48.95,49.2,49.2,2882,0.3718815245258914,0.3510712721617806,0.4173325586466623,0.3992157665117581,0.3992157665117581,0.002036659877800436,0.00974858902001029,0.018141684486445438,0.024253148745706235,0.023635153129161025,0.02155933141848651
2017-02-22,49.4,49.5,48.65,48.8,48.8,2882,0.4204849016977801,0.3872075452519843,0.38053188593144965,0.3507015689645239,0.3507015689645239,-0.0050968399592252805,-0.0007166990887682317,0.007223942208462214,0.01397330008830709,0.015481937739304142,0.012623205948469524
2017-02-23,48.8,48.9,48.5,48.6,48.6,2882,0.3475798359399466,0.31493499907157596,0.36213154957384375,0.3264444701909077,0.3264444701909077,-0.006541291905151273,-0.0054231044715029875,0.0004116920543432692,0.007985066887898063,0.011404311995338272,0.008333621494519113
2017-02-24,48.5,48.55,48.25,48.25,48.25,2882,0.31112730306103037,0.27277601379967104,0.331464322311167,0.2839945473370783,0.2839945473370783,-0.010662292392864385,-0.012585695282922233,-0.006861063464837098,-0.0004143360265174233,0.004245930982808007,0.0014182434535958035
2017-03-01,48.2,48.3,47.85,47.85,47.85,2882,0.27467477018211406,0.24266245289116767,0.2823967586908844,0.235480349789845,0.235480349789845,-0.014215080346106258,-0.01926624308259899,-0.014891572879494837,-0.009162913495884507,-0.004535241740867178,-0.006092916984006012
2017-03-02,48.85,49.5,48.1,48.75,48.75,2882,0.3536552580864333,0.3872075452519843,0.3130639859535611,0.3446372942711201,0.3446372942711201,0.006191950464396226,-0.0005125576627370288,0.0023989033584647114,0.008168751938785978,0.01313437798744748,0.01291685424386196
2017-03-03,48.5,48.9,48.4,48.4,48.4,2882,0.31112730306103037,0.31493499907157596,0.34986465866877287,0.3021873714172907,0.3021873714172907,0.0006202191440976047,-0.00636419626360095,-0.0057518488085456275,-0.0006194507536651071,0.004649618067087276,0.006062705698943308
2017-03-06,48.35,49.0,48.35,49.0,49.0,2882,0.2929010366215722,0.3269804234349775,0.3437312132162379,0.374958667738141,0.374958667738141,0.011351909184726464,0.006470165348669975,0.005609522506498692,0.009320768319686916,0.015291533711822807,0.018322884555436274
2017-03-07,49.0,49.2,48.8,49.0,49.0,2882,0.3718815245258914,0.3510712721617806,0.39893222228905556,0.374958667738141,0.374958667738141,0.00823045267489709,0.006470165348669975,0.004578691997539721,0.008489837921276078,0.013737173121482834,0.017899802652079033
2017-03-08,49.0,49.95,49.0,49.85,49.85,2882,0.3718815245258914,0.44141195488729074,0.4234660040991973,0.4780513375260123,0.4780513375260123,0.01734693877551023,0.022144761123641547,0.02026197298403606,0.024034511092851308,0.029235660899368295,0.03373194166033053
2017-03-09,50.0,50.1,49.55,49.75,49.75,2882,0.4933899674556135,0.4594800914323926,0.4909339040770858,0.46592278813920374,0.46592278813920374,0.011178861788617827,0.018945212493599532,0.01703577512776836,0.01998974884674529,0.025265847827879117,0.030056247627592573
2017-03-10,49.95,50.4,49.35,50.0,50.0,2882,0.48731454530912777,0.49561636452259633,0.46640012226694494,0.49624416160622464,0.49624416160622464,0.009693053311793296,0.02155480641536403,0.020824826459779566,0.022704029453876038,0.0277914816641999,0.03305785123966945
2017-03-13,50.4,51.0,50.2,50.8,50.8,2882,0.5419933446275021,0.5678889107030046,0.5706686949600461,0.5932725567006912,0.5932725567006912,0.01844426623897343,0.033255364588630085,0.034974533106960845,0.03641742323778428,0.04068504937108216,0.04673924241903907
2017-03-14,51.0,51.2,50.5,51.0,51.0,2882,0.6148984103853357,0.5919797594298077,0.6074693676752579,0.6175296554743083,0.6175296554743083,0.014319809069212387,0.031553398058252476,0.03623433796139515,0.03758710136819091,0.04239054899235576,0.04808877928483346
2017-03-15,51.1,51.2,50.6,51.2,51.2,2882,0.627049254678308,0.5919797594298077,0.6197362585803288,0.6417867542479254,0.6417867542479254,0.01285855588526223,0.028628829733802198,0.037207103788237016,0.03890833460153206,0.04374770660904311,0.04946706750478289
2017-03-16,50.8,51.1,50.5,51.0,51.0,2882,0.5905967217993908,0.5799343350664061,0.6074693676752579,0.6175296554743083,0.6175296554743083,0.003937007874015804,0.02,0.03065005052206128,0.03264996203492781,0.03700691337942254,0.04287369640787959
2017-03-17,50.9,51.1,50.6,51.0,51.0,2882,0.6027475660923632,0.5799343350664061,0.6197362585803288,0.6175296554743083,0.6175296554743083,0.0,0.01472343812176671,0.027604271609913453,0.03061533798120644,0.034231018818948786,0.03996737357259397
2017-03-20,50.6,51.1,50.4,51.1,51.1,2882,0.566295033213447,0.5799343350664061,0.595202476770187,0.6296582048611169,0.6296582048611169,0.0007833920877398971,0.012482662968099913,0.026173103956088264,0.030709495234733514,0.03391065069601817,0.03886422932267126
2017-03-21,50.8,50.9,50.4,50.6,50.6,2882,0.5905967217993908,0.5558434863396031,0.595202476770187,0.569015457927075,0.569015457927075,-0.00745390349156537,-0.0005925340707090882,0.012945415721339806,0.018980013089664252,0.021850640171250872,0.027028855586752897
2017-03-22,49.5,50.1,49.35,50.1,50.1,2882,0.43263574599075244,0.4594800914323926,0.46640012226694494,0.5083727109930332,0.5083727109930332,-0.013002364066193924,-0.010956470239857718,-6.652917304246038e-05,0.007794820216243457,0.010528863608858737,0.01543762456507779
2017-03-23,50.3,50.6,50.1,50.6,50.6,2882,0.5298425003345298,0.5197072132493994,0.5584018040549753,0.569015457927075,0.569015457927075,-0.0015785319652722631,-0.0027591643673628985,0.007432970533580986,0.01642143323457043,0.019216049631390255,0.023669836131903738
2017-03-24,50.4,50.8,50.1,50.2,50.2,2882,0.5419933446275021,0.5437980619762016,0.5584018040549753,0.5205012603798418,0.5205012603798418,-0.00633412509897071,-0.011032308904649235,-0.00291313559322023,0.006970563161325842,0.010222973516863935,0.013868318298101536
2017-03-27,49.85,50.1,49.6,50.0,50.0,2882,0.47516370101615535,0.4594800914323926,0.4970673495296217,0.49624416160622464,0.49624416160622464,-0.005964214711729566,-0.013417521704814517,-0.008198889182755898,0.0015524062296559781,0.005591086440609764,0.008674601573532227
2017-03-28,50.0,50.1,49.45,49.7,49.7,2882,0.4933899674556135,0.4594800914323926,0.4786670131720158,0.4598585134457999,0.4598585134457999,-0.008379888268156317,-0.01681503461918895,-0.015061434799841558,-0.005900590059005793,-0.0010050251256280836,0.0016458970138724955
2017-03-29,49.75,50.1,49.35,49.6,49.6,2882,0.463012856723183,0.4594800914323926,0.46640012226694494,0.4477299640589914,0.4477299640589914,-0.008396641343462649,-0.01567771383210953,-0.01671842992136405,-0.009634103728847295,-0.0034958010206133034,-0.0010405827263266553
2017-03-30,49.5,49.6,49.0,49.0,49.0,2882,0.43263574599075244,0.3992529696153858,0.4234660040991973,0.374958667738141,0.374958667738141,-0.014084507042253577,-0.02370990237099019,-0.027649159941791332,-0.02185846890907274,-0.015392034722501412,-0.013191018024368163
2017-03-31,49.1,49.3,48.7,48.7,48.7,2882,0.38403236881886377,0.36311669652518125,0.3866653313839855,0.3385730195777163,0.3385730195777163,-0.014170040485829873,-0.02522017614091269,-0.03193745030479715,-0.028138096188385486,-0.021341585949117753,-0.01900221580608329
2017-04-05,49.1,49.2,48.65,49.0,49.0,2882,0.38403236881886377,0.3510712721617806,0.38053188593144965,0.374958667738141,0.374958667738141,-0.004065040650406562,-0.01507537688442211,-0.02364505844845896,-0.022151267212133296,-0.015629394511631478,-0.012793391759846843
2017-04-06,49.0,49.4,48.95,49.05,49.05,2882,0.3718815245258914,0.37516212088858275,0.4173325586466623,0.3810229424315449,0.3810229424315449,-0.0004075810067252951,-0.010989010989011023,-0.020110541386428735,-0.021202294836617612,-0.015257980325235999,-0.011819219662883608
2017-04-07,48.8,49.0,48.1,48.2,48.2,2882,0.3475798359399466,0.3269804234349775,0.3130639859535611,0.2779302726436745,0.2779302726436745,-0.012092641934822634,-0.02439024390243913,-0.0332285886207127,-0.0365780531680991,-0.03259473346178539,-0.02842168917556937
2017-04-10,48.8,49.0,48.45,48.75,48.75,2882,0.3475798359399466,0.3269804234349775,0.3559981041213088,0.3446372942711201,0.3446372942711201,0.00020517029134191868,-0.00954896383583921,-0.01924624463519321,-0.024609843937575107,-0.02155587668593445,-0.017038007863696056
2017-04-11,48.5,48.55,48.0,48.0,48.0,2882,0.31112730306103037,0.27277601379967104,0.3007970950484902,0.2536731738700574,0.2536731738700574,-0.012345679012345708,-0.02040816326530612,-0.03043361163479668,-0.03769045709703293,-0.036299389656279976,-0.031639823812245754
2017-04-12,48.0,48.15,47.8,47.95,47.95,2882,0.2503730815961693,0.2245943163460658,0.27626331323834846,0.24760889917665355,0.24760889917665355,-0.009092787766067322,-0.017317348088943516,-0.027317600919602354,-0.03593867805981391,-0.036490776835590336,-0.03222551130247572
2017-04-13,47.95,48.0,47.85,47.95,47.95,2882,0.24429765944968354,0.20652617980096394,0.2823967586908844,0.24760889917665355,0.24760889917665355,-0.004567157982146541,-0.013780337309748964,-0.023819218241042238,-0.032973681556922416,-0.03567693669053175,-0.03203014601978317
2017-04-14,47.8,47.9,47.3,47.5,47.5,2882,0.22607139301022453,0.1944807554375624,0.21492885871299494,0.19303042693601555,0.19303042693601555,-0.01103476993545703,-0.018797769055980244,-0.02955597929719434,-0.038461538461538436,-0.042917590167237604,-0.040888440181726375
2017-04-17,47.45,47.7,47.0,47.25,47.25,2882,0.18354343798482248,0.1703899067107602,0.17812818599778318,0.16270905346899464,0.16270905346899464,-0.010056568196103162,-0.020420856224733067,-0.0302387630840801,-0.039878079756159486,-0.046032707450030304,-0.04497220818595253
2017-04-18,47.4,47.55,46.5,46.9,46.9,2882,0.17746801583833585,0.1523217701656575,0.11679373147242965,0.1202591306151652,0.1202591306151652,-0.012839402231109376,-0.02403495994173331,-0.033056147343825275,-0.043003621894608005,-0.050722584301501984,-0.051087506322711154
2017-04-19,46.6,47.05,46.05,46.2,46.2,2882,0.08026126149455852,0.09209464834865072,0.06159272239961112,0.035359284907507164,0.035359284907507164,-0.020356234096692127,-0.03296703296703288,-0.04248704663212429,-0.052550628044091253,-0.06139531103977893,-0.06348187438764825
2017-04-20,46.1,46.8,46.05,46.75,46.75,2882,0.019507040029697463,0.061981087440147326,0.06159272239961112,0.10206630653495283,0.10206630653495283,-0.0036231884057971375,-0.016721001156798858,-0.027122641509433842,-0.03747169034383379,-0.046929788795563886,-0.050889896460716
2017-04-21,47.3,47.4,47.15,47.2,47.2,2882,0.16531717154536346,0.13425363362055565,0.19652852235538906,0.1566447787755908,0.1566447787755908,0.0072556551429791595,-0.005163873959321266,-0.014476614699331739,-0.02529685080020639,-0.034606888652540156,-0.04003254126978747
2017-04-24,47.6,47.65,47.2,47.3,47.3,2882,0.20176970442428063,0.164367194529059,0.20266196780792495,0.16877332816239848,0.16877332816239848,0.009174311926605498,-1.5022045153490488e-16,-0.010046044370029237,-0.019892250310816574,-0.02962415887083544,-0.0363982072524788
2017-04-25,47.75,48.5,47.55,48.5,48.5,2882,0.21999597086373876,0.26675330161797073,0.2455960859756717,0.3143159208040992,0.3143159208040992,0.02776011866920963,0.024287222808870086,0.015352407536636447,0.0067462376751427685,-0.0029602828714743517,-0.010944191421385401
2017-04-26,48.65,48.65,48.25,48.6,48.6,2882,0.3293535695004885,0.2848214381630726,0.331464322311167,0.3264444701909077,0.3264444701909077,0.019509125235997477,0.024992091110408145,0.01801424382069542,0.010289990645462996,0.0011535926170071972,-0.0074205187555312765
2017-04-27,48.2,48.65,48.2,48.55,48.55,2882,0.27467477018211406,0.2848214381630726,0.325330876858632,0.320380195497503,0.320380195497503,0.010826566729127546,0.022643496577145775,0.017677473448854116,0.010458400541131126,0.001815855722009017,-0.006785093252412223
2017-04-28,48.5,48.55,48.1,48.4,48.4,2882,0.31112730306103037,0.27277601379967104,0.3130639859535611,0.3021873714172907,0.3021873714172907,0.00269318417236384,0.01755492483969307,0.014249790444258016,0.008595988538681978,0.0001239823118566996,-0.0079595531718649
2017-05-02,48.6,49.3,48.6,49.0,49.0,2882,0.32327814735400273,0.36311669652518125,0.37439844047891463,0.374958667738141,0.374958667738141,0.00802304052664062,0.026392961876832953,0.026464632358075446,0.02109924459494666,0.013863025036209429,0.005712721923853087
2017-05-03,49.0,49.3,48.85,49.25,49.25,2882,0.3718815245258914,0.36311669652518125,0.4050656677415914,0.4052800412051619,0.4052800412051619,0.010049220672682421,0.026576341844710756,0.029903805938937524,0.02572112881391231,0.019837654269858177,0.012055620247962175
2017-05-04,49.25,49.45,49.0,49.3,49.3,2882,0.4022586352583219,0.38118483307028395,0.4234660040991973,0.4113443158985658,0.4113443158985658,0.008179959100204616,0.021021021021021033,0.02901273220622001,0.026441807203830856,0.021465274324548197,0.014333721966943257
2017-05-05,49.15,49.25,48.75,48.75,48.75,2882,0.39010779096534953,0.3570939843434809,0.39279877683652054,0.3446372942711201,0.3446372942711201,-0.0038823048630976242,0.005465607919975262,0.016401417749669783,0.015307716338644162,0.010865508232073854,0.004291845493562281
2017-05-08,49.1,49.1,48.65,49.0,49.0,2882,0.38403236881886377,0.339025847798379,0.38053188593144965,0.374958667738141,0.374958667738141,-0.0012229922543822906,0.006883797390321604,0.019488175324224845,0.01966496722505463,0.016555329654371228,0.010205133491392735
2017-05-09,48.65,49.55,48.65,48.95,48.95,2882,0.3293535695004885,0.3932302574336846,0.38053188593144965,0.3688943930447372,0.3688943930447372,-0.0020387359836899965,0.0024575056317838327,0.01605203072026569,0.018412566316446586,0.015560165975103733,0.010319917440660475
2017-05-10,49.1,49.3,48.9,48.95,48.95,2882,0.38403236881886377,0.36311669652518125,0.41119911319412644,0.3688943930447372,0.3688943930447372,-0.000816493161869607,0.001534526854220007,0.013177866703463726,0.017407118732138335,0.015349512549263679,0.01118953348252721
2017-05-11,49.0,49.2,48.9,49.2,49.2,2882,0.3718815245258914,0.3510712721617806,0.41119911319412644,0.3992157665117581,0.3992157665117581,0.004696753114151457,0.005415346888729959,0.01415418441665523,0.021276595744680972,0.020365838483553843,0.01691412036239626
2017-05-12,49.0,49.15,48.9,49.15,49.15,2882,0.3718815245258914,0.3450485599800794,0.41119911319412644,0.3931514918183534,0.3931514918183534,0.0020387359836901413,0.0031635881212368844,0.00979317901657307,0.018969627863584516,0.01924432831487697,0.016265766076228594
2017-05-15,49.3,49.8,49.15,49.8,49.8,2882,0.40833405740480766,0.42334381834218804,0.4418663404568032,0.4719870628326076,0.4719870628326076,0.011989433042064545,0.013534140632949871,0.019516855466084195,0.029989658738365992,0.03135484405417711,0.029563779201984698
2017-05-16,50.1,50.7,50.0,50.2,50.2,2882,0.5055408117485859,0.5317526376128009,0.5461349131499044,0.5205012603798418,0.5205012603798418,0.014961585119288353,0.019185869454877682,0.023654159869494366,0.03510490231455231,0.03839152738705929,0.0369758314397853
2017-05-17,50.6,50.7,50.0,50.3,50.3,2882,0.566295033213447,0.5317526376128009,0.5461349131499044,0.5326298097666494,0.5326298097666494,0.011461894228835574,0.0190437601296596,0.0231895850284783,0.03354394616530525,0.03848377240069349,0.03789806726734972
2017-05-18,49.7,49.75,49.4,49.5,49.5,2882,0.4569374345766972,0.4173211061604877,0.47253356771947996,0.43560141467218283,0.43560141467218283,-0.005824462743522779,0.0024301336573511025,0.005688744412840332,0.013669175241898408,0.0206606457998267,0.021039603960395954
2017-05-19,49.5,49.5,49.0,49.1,49.1,2882,0.43263574599075244,0.3872075452519843,0.4234660040991973,0.3870872171249496,0.3870872171249496,-0.013660104459622333,-0.006374582616614485,-0.0031806185287947407,0.0030643513789580914,0.01145352669742923,0.012753961978754834
2017-05-22,49.1,49.15,48.75,48.8,48.8,2882,0.38403236881886377,0.3450485599800794,0.39279877683652054,0.3507015689645239,0.3507015689645239,-0.015732150060508293,-0.012045753618787305,-0.009807237064592512,-0.004691005506832632,0.004197876368425251,0.006150991374866816
2017-05-23,48.7,48.7,48.4,48.5,48.5,2882,0.3354289916469751,0.2908441503447738,0.34986465866877287,0.3143159208040992,0.3143159208040992,-0.015028432168968216,-0.017223910840932145,-0.015228426395939087,-0.012018741087797848,-0.0030012745138346584,0.00013747594171022222
2017-05-24,48.5,48.75,48.4,48.4,48.4,2882,0.31112730306103037,0.2968668625264741,0.34986465866877287,0.3021873714172907,0.3021873714172907,-0.009414654113794533,-0.018155999594279403,-0.016126846456159437,-0.013955383518386376,-0.006282593520305454,-0.002199010445299666
2017-05-25,48.2,48.95,48.15,48.6,48.6,2882,0.27467477018211406,0.32095771125327716,0.31919743140609613,0.3264444701909077,0.3264444701909077,-0.0016433853738701376,-0.012897329135777354,-0.011123168746608793,-0.00988081898747056,-0.004139174623990928,0.001476800494556566
2017-05-26,48.8,48.8,47.95,48.0,48.0,2882,0.3475798359399466,0.30288957470817446,0.29466364959595526,0.2536731738700574,0.2536731738700574,-0.009492364836978968,-0.02280130293159604,-0.022336886414556407,-0.02155633695153641,-0.017440432326209853,-0.010921079744487968
2017-05-31,47.7,47.75,46.95,47.1,47.1,2882,0.213920548717253,0.17641261889246054,0.17199474054524816,0.14451622938878228,0.14451622938878228,-0.021197007481296676,-0.03582395087001024,-0.038186644884623186,-0.038628361483900565,-0.03578447428758593,-0.029199587770525545
2017-06-01,47.0,47.45,47.0,47.3,47.3,2882,0.12886463866644718,0.14027634580225684,0.17812818599778318,0.16877332816239848,0.16877332816239848,-0.012113617376775238,-0.02594728171334442,-0.03192795742939014,-0.03286816950365489,-0.031690140845070464,-0.02511078286558361
2017-06-02,47.55,47.7,47.3,47.55,47.55,2882,0.195694282277794,0.1703899067107602,0.21492885871299494,0.1990947016294194,0.1990947016294194,-0.0033535946342486624,-0.015222118670394667,-0.024948735475051304,-0.026063802550053927,-0.025814382298709384,-0.020395550061804737
2017-06-03,47.6,47.65,47.4,47.55,47.55,2882,0.20176970442428063,0.164367194529059,0.22719574961806582,0.1990947016294194,0.1990947016294194,0.0010526315789473085,-0.011228945726762304,-0.022744399534150903,-0.02431517389966148,-0.024975393700787475,-0.021302871256560742
2017-06-05,47.5,47.7,47.25,47.7,47.7,2882,0.18961886013130824,0.1703899067107602,0.20879541326045994,0.21728752570963264,0.21728752570963264,0.005480607082630799,-0.005213764337851929,-0.017710049423393583,-0.0201817901710059,-0.02121722001067,-0.018854988001371222
2017-06-06,47.25,47.4,47.1,47.15,47.15,2882,0.15924174939887772,0.13425363362055565,0.19039507690285407,0.15058050408218612,0.15058050408218612,-0.0063224446786091515,-0.013288688919116984,-0.025490871512228605,-0.02963572751594974,-0.03150932544573164,-0.030134732078576497
2017-06-07,47.1,47.3,47.1,47.25,47.25,2882,0.14101548295941957,0.12220820925715412,0.19039507690285407,0.16270905346899464,0.16270905346899464,-0.004005059021922381,-0.008602601762484341,-0.019438295517432078,-0.02587362127615715,-0.028057761138766554,-0.028044432254525437
2017-06-08,47.2,47.45,46.9,47.05,47.05,2882,0.15316632725239196,0.14027634580225684,0.1658612950927123,0.13845195469537758,0.13845195469537758,-0.006125897760878732,-0.009994739610731225,-0.01917865332499497,-0.028093369138607716,-0.03041668383959113,-0.03119530526099058
2017-06-09,47.05,47.2,46.8,46.8,46.8,2882,0.13494006081293294,0.11016278489375343,0.15359440418764142,0.10813058122835666,0.10813058122835666,-0.008264462809917368,-0.011511247227796001,-0.020715630885122308,-0.030855249534065207,-0.03357700408871263,-0.03515101535924142
2017-06-12,47.45,48.0,47.4,47.7,47.7,2882,0.18354343798482248,0.20652617980096394,0.22719574961806582,0.21728752570963264,0.21728752570963264,0.010807374443738188,0.00813695445418996,6.988608568027748e-05,-0.01073261782547812,-0.014136904761904566,-0.016021453620298366
2017-06-13,47.9,48.1,47.85,48.0,48.0,2882,0.23822223730319692,0.21857160416436547,0.2823967586908844,0.2536731738700574,0.2536731738700574,0.013513513513513526,0.012551418626727115,0.007486182047156002,-0.0026492130278946077,-0.007115671024325545,-0.009560492468533011
2017-06-14,48.0,48.0,47.3,47.4,47.4,2882,0.2503730815961693,0.20652617980096394,0.21492885871299494,0.18090187754920703,0.18090187754920703,0.00021101498206368453,-0.00031635558367606385,-0.0035736808913180936,-0.012242771555092444,-0.018267677395302554,-0.0208634579632307
2017-06-15,47.4,47.75,47.1,47.75,47.75,2882,0.17746801583833585,0.17641261889246054,0.19039507690285407,0.22335180040303648,0.22335180040303648,0.0046286555859456945,0.00664066617476542,0.004699116285594115,-0.0022983702465524327,-0.01003441555749075,-0.012613730355665828
2017-06-16,47.75,47.8,47.45,47.7,47.7,2882,0.21999597086373876,0.18243533107416088,0.2333291950706017,0.21728752570963264,0.21728752570963264,-0.00020959966464049486,0.005268703898840885,0.0049157303370786715,-0.0014653548252039604,-0.009839332419977658,-0.012558653049958502
2017-06-19,48.0,48.5,47.8,48.4,48.4,2882,0.2503730815961693,0.26675330161797073,0.27626331323834846,0.3021873714172907,0.3021873714172907,0.01149425287356316,0.018518518518518573,0.019090398652442442,0.013931077825494902,0.005317381189764046,0.0021741381095350836
2017-06-20,48.6,49.0,48.6,49.0,49.0,2882,0.32327814735400273,0.3269804234349775,0.37439844047891463,0.374958667738141,0.374958667738141,0.019771071800208175,0.027146001467351466,0.028979420411591822,0.026285474918839723,0.018456933821084247,0.014597784449735961
2017-06-21,48.85,49.3,48.6,48.95,48.95,2882,0.3536552580864333,0.36311669652518125,0.37439844047891463,0.3688943930447372,0.3688943930447372,0.012200165425971948,0.02245430809399484,0.025560444165095456,0.024755325273460086,0.01847613499230172,0.013562480588052766
2017-06-22,48.95,49.3,48.8,49.3,49.3,2882,0.36580610237940564,0.36311669652518125,0.39893222228905556,0.4113443158985658,0.4113443158985658,0.012944318882268244,0.02494802494802486,0.03037480841577245,0.03111111111111105,0.026612802465536604,0.020563069279602518
2017-06-23,49.05,49.15,48.8,49.0,49.0,2882,0.37795694667237717,0.3450485599800794,0.39893222228905556,0.374958667738141,0.374958667738141,0.001430615164520895,0.01407284768211905,0.022039908224987796,0.02440809073328812,0.02079080038331746,0.014492753623188465
2017-06-26,49.2,50.5,49.1,50.4,50.4,2882,0.3961832131118362,0.5076617888859979,0.4357328950042682,0.5447583591534579,0.5447583591534579,0.02169065477397122,0.037250463058242485,0.04730899771420649,0.051040091757468285,0.048820077412910404,0.04257886571280806
2017-06-27,50.5,50.7,49.95,50.4,50.4,2882,0.5541441889204746,0.5317526376128009,0.5400014676973693,0.5447583591534579,0.5447583591534579,0.01592420882886513,0.0321523653491706,0.04261481175010333,0.04743596404634486,0.047425080011638136,0.042147706516869436
2017-06-28,50.1,50.4,50.0,50.2,50.2,2882,0.5055408117485859,0.49561636452259633,0.5461349131499044,0.5205012603798418,0.5205012603798418,0.006819093461692808,0.02219507228670339,0.03426962433898772,0.04014504014504014,0.04179637239032105,0.038012199744977035
2017-06-29,50.7,51.2,50.4,50.6,50.6,2882,0.5784458775064193,0.5919797594298077,0.595202476770187,0.569015457927075,0.569015457927075,0.00957701516360728,0.024395181698552596,0.03745215965008204,0.04513064133016632,0.04818328706964397,0.046066912448747506
2017-06-30,50.5,50.6,50.0,50.1,50.1,2882,0.5541441889204746,0.5197072132493994,0.5461349131499044,0.5083727109930332,0.5083727109930332,-0.004767580452920182,0.009368389241462603,0.022588107225472904,0.03208528608950914,0.03653742706997156,0.03530222145686246
2017-07-03,48.6,48.65,48.35,48.6,48.6,2882,0.32327814735400273,0.2848214381630726,0.3437312132162379,0.3264444701909077,0.3264444701909077,-0.027611044417767155,-0.021246601550699684,-0.009241641750475526,0.0002572678157963024,0.005004342611357202,0.004651162790697704
2017-07-04,48.6,49.6,48.6,49.3,49.3,2882,0.32327814735400273,0.3992529696153858,0.37439844047891463,0.4113443158985658,0.4113443158985658,-0.009244372990353857,-0.007748817550568543,0.0032560032560031865,0.012424273539377695,0.017627874334310203,0.018770449457551193
2017-07-05,49.4,49.5,48.7,49.0,49.0,2882,0.4204849016977801,0.3872075452519843,0.3866653313839855,0.374958667738141,0.374958667738141,-0.010500807754442712,-0.013886093781444914,-0.005008799241911528,0.004458566084149052,0.010017726841736345,0.012222413496298887
2017-07-06,48.8,48.85,48.55,48.75,48.75,2882,0.3475798359399466,0.30891228688987565,0.36826499502637877,0.3446372942711201,0.3446372942711201,-0.008138351983723268,-0.01783016016923538,-0.01142355008787359,-0.002404461042615229,0.0038713397306535,0.006815365551425143
2017-07-07,48.75,48.8,48.4,48.55,48.55,2882,0.34150441379346086,0.30288957470817446,0.34986465866877287,0.320380195497503,0.320380195497503,-0.005937755937755921,-0.020971970155273224,-0.016609276888798874,-0.008272903687059569,-0.0010699148183202255,0.0027193556159857022
2017-07-10,48.65,48.9,48.6,48.9,48.9,2882,0.3293535695004885,0.31493499907157596,0.37439844047891463,0.3628301183513325,0.3628301183513325,0.0,-0.010922330097087362,-0.010188246407124965,-0.0023462205447312453,0.0051387461459403904,0.009322646117857391
2017-07-11,49.1,49.7,49.1,49.7,49.7,2882,0.38403236881886377,0.41129839397878737,0.4357328950042682,0.4598585134457999,0.4598585134457999,0.014699877501020947,0.006684221186955606,0.005055611729019211,0.012219959266802473,0.019445356087955522,0.024003296590089755
2017-07-12,49.7,50.2,49.7,50.0,50.0,2882,0.4569374345766972,0.4715255157957941,0.5093342404346926,0.49624416160622464,0.49624416160622464,0.016673444489630082,0.013171225937183355,0.00969305331179315,0.01564086938858426,0.023290082272522723,0.028277634961439587
2017-07-13,50.2,50.3,49.85,50.0,50.0,2882,0.5176916560415583,0.4835709401591948,0.5277345767922985,0.49624416160622464,0.49624416160622464,0.011531458628363493,0.014404544532359377,0.008742434431741695,0.013325226731519604,0.020824826459779566,0.026553517656720423
2017-07-14,50.0,50.0,49.75,49.85,49.85,2882,0.4933899674556135,0.44743466706899104,0.5154676858872276,0.4780513375260123,0.4780513375260123,0.003219963775407601,0.011874555972800179,0.004567743668972927,0.008088978766430709,0.015233595372897183,0.021865391185514248
2017-07-17,49.75,49.9,49.4,49.45,49.45,2882,0.463012856723183,0.43538924270558954,0.47253356771947996,0.429537139978779,0.429537139978779,-0.007028112449799083,0.0020263424518743955,-0.002219531880548675,-0.0010605524973486588,0.005653624013666432,0.01245521242108857
2017-07-18,49.3,49.45,49.05,49.1,49.1,2882,0.40833405740480766,0.38118483307028395,0.4295994495517323,0.3870872171249496,0.3870872171249496,-0.011674718196457292,-0.004662477194404964,-0.007546152809594425,-0.008231076099580991,-0.0023569570871261308,0.003953107960741585
2017-07-19,49.25,49.6,49.2,49.45,49.45,2882,0.4022586352583219,0.3992529696153858,0.4479997859093391,0.429537139978779,0.429537139978779,-0.002420819043776569,0.0015189873417722096,0.000539556215013236,-0.0016655731085650032,0.003083289382936448,0.009595753368721904
2017-07-20,49.55,49.55,49.25,49.3,49.3,2882,0.4387111681372382,0.3932302574336846,0.45413323136187406,0.4113443158985658,0.4113443158985658,-0.0026299817924337965,-0.0026299817924337965,-0.0007431930274981862,-0.004693887851410867,-0.0012155591572123637,0.0049943940474978
2017-07-21,49.25,49.3,49.05,49.2,49.2,2882,0.4022586352583219,0.36311669652518125,0.4295994495517323,0.3992157665117581,0.3992157665117581,-0.0020283975659229495,-0.005960197999797851,-0.0015558411689102615,-0.006913256295100189,-0.004451639012545505,0.0013228859265290492
2017-07-24,49.0,49.2,48.85,49.2,49.2,2882,0.3718815245258914,0.3510712721617806,0.4050656677415914,0.3992157665117581,0.3992157665117581,-0.0010152284263958815,-0.006562342251388244,-0.00236566407570126,-0.005709089071894081,-0.005095850521717935,0.0003049710277525196
2017-07-25,49.2,49.35,49.05,49.1,49.1,2882,0.3961832131118362,0.36913940870688244,0.4295994495517323,0.3870872171249496,0.3870872171249496,-0.0030456852791877886,-0.0073789548165368425,-0.004124129538232562,-0.006424849496635858,-0.00719831769653837,-0.002471811194257189
2017-07-26,49.1,49.2,48.95,49.05,49.05,2882,0.38403236881886377,0.3510712721617806,0.4173325586466623,0.3810229424315449,0.3810229424315449,-0.002440512507626694,-0.0064816690297751734,-0.005205516495402798,-0.006280388978930354,-0.008289526890416572,-0.004599878238517358
2017-07-27,49.25,49.8,49.05,49.8,49.8,2882,0.4022586352583219,0.42334381834218804,0.4295994495517323,0.4719870628326076,0.4719870628326076,0.010757052973411691,0.009118541033434563,0.008573550259906812,0.009732360097323537,0.006467259498787395,0.009220792380180183
2017-07-28,49.7,49.7,49.3,49.35,49.35,2882,0.4569374345766972,0.41129839397878737,0.4602666768144091,0.4174085905919705,0.4174085905919705,0.001014198782961547,0.001014198782961547,-0.0016184503338053469,0.0013696545426876185,-0.0029094435689175544,-0.0010121457489877968
2017-07-31,49.35,49.35,49.0,49.2,49.2,2882,0.4144094795512943,0.36913940870688244,0.4234660040991973,0.3992157665117581,0.3992157665117581,-0.0020283975659228055,-0.0015220700152206138,-0.005055611729019211,-0.002281368821292718,-0.004975124378109354,-0.004585918532505924
2017-08-01,49.1,49.2,48.9,49.0,49.0,2882,0.38403236881886377,0.3510712721617806,0.41119911319412644,0.374958667738141,0.374958667738141,-0.005681818181818061,-0.005379072363747094,-0.008164091491802083,-0.006034788782392605,-0.007896335290544657,-0.008632317237658397
2017-08-02,49.1,49.2,48.95,49.15,49.15,2882,0.38403236881886377,0.3510712721617806,0.4173325586466623,0.3931514918183534,0.3931514918183534,-0.0030425963488843527,-0.0017264141362851803,-0.00398540934882476,-0.003143697393773474,-0.00401232066142499,-0.005731625084288566
2017-08-03,48.9,49.0,48.7,48.9,48.9,2882,0.359730680232919,0.3269804234349775,0.3866653313839855,0.3628301183513325,0.3628301183513325,-0.004478827361563495,-0.005996544364264696,-0.007576782573400112,-0.008365019011406873,-0.007711038961039013,-0.010522055847834805
2017-08-04,48.9,48.95,48.75,48.9,48.9,2882,0.359730680232919,0.32095771125327716,0.39279877683652054,0.3628301183513325,0.3628301183513325,-0.002651437895166132,-0.005390013220787301,-0.006299532615322135,-0.008716805189539828,-0.0067435814104647536,-0.01045531197301853
2017-08-07,49.15,49.4,49.1,49.15,49.15,2882,0.39010779096534953,0.37516212088858275,0.4357328950042682,0.3931514918183534,0.3931514918183534,0.002651978784169779,-0.00020341741253047217,-0.0008131734092296452,-0.0039013021229164016,-0.0021115036342227293,-0.0045569620253164845
2017-08-08,49.2,49.55,49.1,49.55,49.55,2882,0.3961832131118362,0.3932302574336846,0.4357328950042682,0.4416656893655867,0.4416656893655867,0.008548748219010678,0.007011482572909234,0.006704591629418901,0.004357960879699935,0.005805456316986063,0.004120507970818694
2017-08-09,49.1,49.3,48.8,48.95,48.95,2882,0.38403236881886377,0.36311669652518125,0.39893222228905556,0.3688943930447372,0.3688943930447372,-0.002851904664901069,-0.004980180912694327,-0.004811602060178724,-0.006746816821386965,-0.006333482197231083,-0.007200081127674471
2017-08-10,48.85,48.85,48.15,48.15,48.15,2882,0.3536552580864333,0.30891228688987565,0.31919743140609613,0.2718659979502698,0.2718659979502698,-0.016142214957090298,-0.017948194982663583,-0.01954795357361028,-0.021142508639967597,-0.022096754539176935,-0.021805376853795713
2017-08-11,47.6,48.45,47.6,48.15,48.15,2882,0.20176970442428063,0.26073058943627037,0.2517295314282076,0.2718659979502698,0.2718659979502698,-0.013117442098790892,-0.01553874463299949,-0.018148450244698074,-0.019448121372569092,-0.02177887936288657,-0.02051195117816578
2017-08-14,48.3,48.4,47.95,48.05,48.05,2882,0.2868256144750856,0.25470787725456917,0.29466364959595526,0.2597374485634612,0.2597374485634612,-0.01070619724109539,-0.015267957782559781,-0.01865341411940924,-0.020087692464566115,-0.023135724160364423,-0.02218152218152225
2017-08-15,48.3,48.4,48.05,48.2,48.2,2882,0.2868256144750856,0.25470787725456917,0.30693054050102525,0.2779302726436745,0.2779302726436745,-0.0020703933747410834,-0.010571692497177328,-0.01438211437529806,-0.016125739946927783,-0.01888943168865,-0.01839657864367651
2017-08-16,48.0,48.45,47.9,48.3,48.3,2882,0.2503730815961693,0.26073058943627037,0.28853020414341934,0.2900588220304821,0.2900588220304821,0.00269877517126833,-0.006785934608266613,-0.011326419213973968,-0.012925969447708584,-0.01549123522217703,-0.015892420537897477
2017-08-17,48.5,48.85,48.35,48.8,48.8,2882,0.31112730306103037,0.30891228688987565,0.3437312132162379,0.3507015689645239,0.3507015689645239,0.010351966873706004,0.0037021801727684022,0.0002732987154960799,-0.0021980268874917286,-0.004325471313147868,-0.005738734761791708
2017-08-18,48.3,48.3,48.05,48.05,48.05,2882,0.2868256144750856,0.24266245289116767,0.30693054050102525,0.2597374485634612,0.2597374485634612,-0.004763877381938627,-0.009992788709178932,-0.01334702258726911,-0.01637666325486191,-0.018185533306089102,-0.020686843982472385
2017-08-21,48.0,48.15,47.85,48.05,48.05,2882,0.2503730815961693,0.2245943163460658,0.2823967586908844,0.2597374485634612,0.2597374485634612,-0.004763877381938774,-0.007743933918430563,-0.011791321039281641,-0.015217502689962591,-0.017060796988789997,-0.020120997892733288
2017-08-22,47.9,48.2,47.9,48.05,48.05,2882,0.23822223730319692,0.230617028527767,0.28853020414341934,0.2597374485634612,0.2597374485634612,-0.004145077720207166,-0.004660797514241356,-0.010502471169686944,-0.014156750102585101,-0.016215552188690096,-0.019020722038858042
2017-08-23,48.3,48.45,47.9,48.15,48.15,2882,0.2868256144750856,0.26073058943627037,0.28853020414341934,0.2718659979502698,0.2718659979502698,-0.0014516798009124904,-0.0009337068160597926,-0.007080010998075491,-0.011192114180100661,-0.013117442098790748,-0.015739983646770157
2017-08-24,48.0,48.4,47.9,48.1,48.1,2882,0.2503730815961693,0.25470787725456917,0.28853020414341934,0.2658017232568659,0.2658017232568659,0.000415973377703892,-0.0018676073874247003,-0.007018992568125294,-0.010491668380991524,-0.013171392228468179,-0.01548748038479895
2017-08-25,48.1,48.3,48.1,48.2,48.2,2882,0.2625239258891417,0.24266245289116767,0.3130639859535611,0.2779302726436745,0.2779302726436745,0.0018707129494908213,0.00010374520178447055,-0.003995040639206393,-0.007260182276916576,-0.01030758490411062,-0.012328813906628726
2017-08-28,48.25,48.85,48.25,48.7,48.7,2882,0.2807501923285998,0.30891228688987565,0.331464322311167,0.3385730195777163,0.3385730195777163,0.009535655058043284,0.009117281392457622,0.006961196498724915,0.003554685487610253,0.00036974651822015473,-0.001571789790200114
2017-08-29,48.6,48.6,48.45,48.5,48.5,2882,0.32327814735400273,0.27879872598137223,0.3559981041213088,0.3143159208040992,0.3143159208040992,0.003517483964411374,0.004348726444398444,0.004279403644395294,-5.154373485898101e-05,-0.0032471536026963963,-0.005264237369248671
2017-08-30,48.9,49.55,48.9,49.45,49.45,2882,0.359730680232919,0.3932302574336846,0.41119911319412644,0.429537139978779,0.429537139978779,0.017699115044247773,0.02158867885549032,0.02324458546006349,0.019219869119390005,0.01594280313925306,0.014220277568879506
2017-08-31,49.7,49.75,49.1,49.25,49.25,2882,0.4569374345766972,0.4173211061604877,0.4357328950042682,0.4052800412051619,0.4052800412051619,0.008807865628840486,0.0165118679050567,0.01756198347107441,0.014731636963016303,0.01229137548302226,0.010152804840529123
2017-09-01,49.4,49.4,48.95,48.95,48.95,2882,0.4204849016977801,0.37516212088858275,0.4173325586466623,0.3688943930447372,0.3688943930447372,-0.0004084133142739641,0.008446641944787732,0.010250412768299308,0.008498583569405128,0.006456123036434065,0.004171225382932162
2017-09-04,48.9,48.9,48.6,48.65,48.65,2882,0.359730680232919,0.31493499907157596,0.37439844047891463,0.3325087448843116,0.3325087448843116,-0.006331699346405275,0.0010288065843620815,0.003230684630189709,0.0028343210512753562,0.0007405274200846311,-0.0016075520744262368
2017-09-05,48.8,48.9,48.55,48.85,48.85,2882,0.3475798359399466,0.31493499907157596,0.36826499502637877,0.3567658436579286,0.3567658436579286,-0.0036712217009993824,0.0034921939194741515,0.00645560057688344,0.007683977102779687,0.004978604344963737,0.002668308702791368
2017-09-06,48.55,48.6,48.1,48.3,48.3,2882,0.3172027252075161,0.27879872598137223,0.3130639859535611,0.2900588220304821,0.2900588220304821,-0.010245901639344263,-0.008111715781907858,-0.0048760387336034185,-0.002993084941686513,-0.005640877835879296,-0.008111715781908002
2017-09-07,48.4,48.6,47.8,48.15,48.15,2882,0.29897645876805795,0.27879872598137223,0.27626331323834846,0.2718659979502698,0.2718659979502698,-0.008851379168382044,-0.011293634496920005,-0.007080010998075345,-0.006089379708948327,-0.008116348055372412,-0.010074013157894633
2017-09-08,47.85,48.7,47.8,48.65,48.65,2882,0.23214681515671115,0.2908441503447738,0.27626331323834846,0.3325087448843116,0.3325087448843116,0.0026793075020610587,-0.001948917837726923,0.0024038461538461635,0.003713637301423555,0.0023900770593808986,0.0006856359273225527
2017-09-11,48.65,48.65,48.0,48.05,48.05,2882,0.3293535695004885,0.2848214381630726,0.3007970950484902,0.2597374485634612,0.2597374485634612,-0.007231404958677716,-0.01294165981922766,-0.009958791208791229,-0.008665153703321677,-0.009074035883687458,-0.0108759048958727
2017-09-12,48.35,48.45,48.0,48.45,48.45,2882,0.2929010366215722,0.26073058943627037,0.3007970950484902,0.3082516461106954,0.3082516461106954,0.0026903973509934303,-0.00462249614791976,-0.002265238879736543,-0.0006703449698344529,8.256615613255547e-05,-0.0022652388797362506
2017-09-13,48.45,48.6,48.15,48.45,48.45,2882,0.3050518809145446,0.27879872598137223,0.31919743140609613,0.3082516461106954,0.3082516461106954,0.002068252326783897,-0.0025733401955738548,-0.0026759983532316893,-0.0008249123530624695,0.0004956015363649283,-0.0017855916489251974
2017-09-14,48.2,48.4,48.15,48.2,48.2,2882,0.27467477018211406,0.25470787725456917,0.31919743140609613,0.2779302726436745,0.2779302726436745,-0.003308519437551625,-0.0055704559521354054,-0.007958287596048372,-0.005365249690466177,-0.004708020153630163,-0.006458705510512558
2017-09-15,48.45,48.45,48.0,48.15,48.15,2882,0.3050518809145446,0.26073058943627037,0.3007970950484902,0.2718659979502698,0.2718659979502698,-0.0022793203481145156,-0.00495970241785497,-0.008919382504288241,-0.006499535747446565,-0.005740480713636858,-0.006977623483312092
2017-09-18,48.45,48.7,48.35,48.7,48.7,2882,0.3050518809145446,0.2908441503447738,0.3437312132162379,0.3385730195777163,0.3385730195777163,0.00640628228972933,0.0063023039570204945,0.002401372212692977,0.004175472962523853,0.00507698022867039,0.00467611057626186
2017-09-19,48.7,48.75,48.1,48.1,48.1,2882,0.3354289916469751,0.2968668625264741,0.3130639859535611,0.2658017232568659,0.2658017232568659,-0.004552980132450454,-0.0045529801324503075,-0.009404819111690598,-0.008247422680412342,-0.007223942208462361,-0.006711409395973067
2017-09-20,48.2,48.4,48.1,48.25,48.25,2882,0.27467477018211406,0.25470787725456917,0.3130639859535611,0.2839945473370783,0.2839945473370783,-0.0006213753106876789,-0.0013453378867847423,-0.004675789039400397,-0.005257189980414443,-0.00408685601056804,-0.0031335009125029525
2017-09-21,48.25,49.2,48.1,49.2,49.2,2882,0.2807501923285998,0.3510712721617806,0.3130639859535611,0.3992157665117581,0.3992157665117581,0.014851485148514827,0.016109045848822823,0.014991060376839496,0.013179571663920933,0.015186530207989374,0.015759410914596574
2017-09-22,49.0,49.0,48.2,48.3,48.3,2882,0.3718815245258914,0.3269804234349775,0.325330876858632,0.2900588220304821,0.2900588220304821,-0.004329004329004493,-0.0017567427921878257,-0.0026842865992152687,-0.005456604550602443,-0.0035895531625201034,-0.0029244796146569306
2017-09-25,48.6,48.6,48.05,48.25,48.25,2882,0.32327814735400273,0.27879872598137223,0.30693054050102525,0.2839945473370783,0.2839945473370783,-0.003510945890128081,-0.0032021485383741583,-0.0031678259073065675,-0.006025647628366977,-0.004785281135266683,-0.0040937080738930945
2017-09-26,48.15,48.45,48.15,48.25,48.25,2882,0.26859934803562746,0.26073058943627037,0.31919743140609613,0.2839945473370783,0.2839945473370783,-0.0041279669762642485,-0.0027901209052393324,-0.002343373078778615,-0.005769627034823844,-0.004949474118374963,-0.0041279669762642485
2017-09-27,48.3,48.8,48.25,48.55,48.55,2882,0.2868256144750856,0.30288957470817446,0.331464322311167,0.320380195497503,0.320380195497503,0.0008245722531436642,0.0032028102076659577,0.0035138486978089,0.00134062081055992,0.0009071042757597831,0.0018916595012896601
2017-09-28,48.4,48.8,47.8,47.8,47.8,2882,0.29897645876805795,0.30288957470817446,0.27626331323834846,0.2294160750964403,0.2294160750964403,-0.008915612689197735,-0.01147761348361079,-0.011511684014613744,-0.012651691195455807,-0.014311048789541028,-0.012906556530717605
2017-09-29,48.1,48.45,48.0,48.2,48.2,2882,0.2625239258891417,0.26073058943627037,0.3007970950484902,0.2779302726436745,0.2779302726436745,-0.0002074258452601308,-0.003308519437551625,-0.0026210511794729995,-0.003617571059431466,-0.006062605683177237,-0.0047491224447655765
2017-09-30,48.4,48.5,48.15,48.2,48.2,2882,0.29897645876805795,0.26675330161797073,0.31919743140609613,0.2779302726436745,0.2779302726436745,0.0,-0.00227696129165803,-0.0028273912143989346,-0.0031539217206968885,-0.005652514750175224,-0.0048518633219777505
2017-10-02,48.2,48.5,48.2,48.3,48.3,2882,0.27467477018211406,0.26675330161797073,0.325330876858632,0.2900588220304821,0.2900588220304821,0.0018668326073429458,-0.0006207324643079068,-0.000551800248310198,-0.000517330574237055,-0.0034250815004332282,-0.002958783458336442
2017-10-03,48.25,48.6,48.05,48.35,48.35,2882,0.2807501923285998,0.27879872598137223,0.30693054050102525,0.2961230967238868,0.2961230967238868,0.0037367656217562736,0.00020686801820449146,0.0006208609271521943,0.00046557343127620615,-0.0014869274296807798,-0.0020639834881321243
2017-10-05,48.3,48.6,48.2,48.55,48.55,2882,0.2868256144750856,0.27879872598137223,0.325330876858632,0.320380195497503,0.320380195497503,0.004759933774834372,0.005696530295183813,0.004274977590843207,0.004188427529861802,0.0032235401082777136,0.0017538429794695912
2017-10-06,48.55,48.8,48.5,48.7,48.7,2882,0.3172027252075161,0.30288957470817446,0.36213154957384375,0.3385730195777163,0.3385730195777163,0.005782734407269747,0.007968539790955296,0.006614303431169911,0.007238883143743566,0.00653108465608456,0.004503420536972747
2017-10-11,49.15,49.3,49.1,49.2,49.2,2882,0.39010779096534953,0.36311669652518125,0.4357328950042682,0.3992157665117581,0.3992157665117581,0.011929247223364981,0.01631894236727947,0.016248967226659517,0.016371430046996784,0.016402925257199753,0.0144678511289048
2017-10-12,49.2,49.25,48.9,49.0,49.0,2882,0.3961832131118362,0.3570939843434809,0.41119911319412644,0.374958667738141,0.374958667738141,0.00492206726825256,0.010621841806744366,0.010865080456608384,0.011665118199648966,0.012145748987854272,0.009996908172730072
2017-10-13,49.0,49.15,49.0,49.15,49.15,2882,0.3718815245258914,0.3450485599800794,0.4234660040991973,0.3931514918183534,0.3931514918183534,0.0047015535568274095,0.012462663508085217,0.012706043956043966,0.014029296472044558,0.014531643479337684,0.013297598185754112
2017-10-16,49.2,49.4,48.9,49.4,49.4,2882,0.3961832131118362,0.37516212088858275,0.41119911319412644,0.4234728652853743,0.4234728652853743,0.006314931757995565,0.014269582178421112,0.017577588574567392,0.017927055429631102,0.018640712636093622,0.01834673263244693
2017-10-17,49.4,49.75,49.35,49.7,49.7,2882,0.4204849016977801,0.4173211061604877,0.46640012226694494,0.4598585134457999,0.4598585134457999,0.008318117265165278,0.017296080237437436,0.021792763157894784,0.02247595535668366,0.023940005768676366,0.024003296590089755
2017-10-18,49.65,49.7,48.95,49.15,49.15,2882,0.45086201243021057,0.41129839397878737,0.4173325586466623,0.3931514918183534,0.3931514918183534,-0.002637987012987065,0.00408580183861074,0.009240246406570753,0.010692987867571375,0.011691573010580006,0.012323641481583254
2017-10-19,49.25,49.45,49.1,49.35,49.35,2882,0.4022586352583219,0.38118483307028395,0.4357328950042682,0.4174085905919705,0.4174085905919705,0.0,0.00601365813882395,0.011823400765445627,0.013503106227858476,0.015056152042453546,0.016094162863319713
2017-10-20,49.25,49.25,48.8,48.9,48.9,2882,0.4022586352583219,0.3570939843434809,0.39893222228905556,0.3628301183513325,0.3628301183513325,-0.008113590263691656,-0.004276114844227262,0.0021176309857231816,0.003591585428424775,0.005428077966937984,0.006414434192021421
2017-10-23,49.1,49.5,49.1,49.5,49.5,2882,0.38403236881886377,0.3872075452519843,0.4357328950042682,0.43560141467218283,0.43560141467218283,0.0036496350364962,0.005995325678284762,0.012062972807196962,0.015592942141977949,0.016677620768977934,0.017820424948594937
2017-10-24,49.5,49.5,48.9,49.15,49.15,2882,0.43263574599075244,0.3872075452519843,0.41119911319412644,0.3931514918183534,0.3931514918183534,-0.00121926437715916,-0.002030456852791907,0.003607405390688721,0.007533439245631112,0.008660318502708854,0.010277492291880781
2017-10-25,49.4,49.7,49.3,49.6,49.6,2882,0.4204849016977801,0.41129839397878737,0.4602666768144091,0.4477299640589914,0.4477299640589914,0.006085192697768849,0.006289308176100675,0.010869565217391264,0.015353121801432957,0.01714379460257579,0.018445638410732008
2017-10-26,49.6,49.6,49.2,49.2,49.2,2882,0.44478659028372486,0.3992529696153858,0.4479997859093391,0.3992157665117581,0.3992157665117581,-0.001420742845544818,-0.0022307848306629963,0.001492739856154248,0.0061864103481773505,0.008031470250778622,0.00971405116979073
2017-10-27,49.5,50.2,49.4,49.8,49.8,2882,0.43263574599075244,0.4715255157957941,0.47253356771947996,0.4719870628326076,0.4719870628326076,0.00707785642062678,0.008607594936708804,0.011715311166790846,0.017156862745097964,0.019030079803560463,0.021084646140177073
2017-10-30,50.1,50.5,50.0,50.0,50.0,2882,0.5055408117485859,0.5076617888859979,0.5461349131499044,0.49624416160622464,0.49624416160622464,0.009081735620585325,0.011429149388085319,0.013787510137875096,0.01895251681271652,0.02245306940411433,0.023925731253626473
2017-10-31,49.8,50.2,49.7,49.8,49.8,2882,0.46908827886966875,0.4715255157957941,0.5093342404346926,0.4719870628326076,0.4719870628326076,0.0024154589371980163,0.007179694610172856,0.008233229855581043,0.013224821973550328,0.01711531391691518,0.01868266739397232
2017-11-01,50.0,50.4,50.0,50.2,50.2,2882,0.4933899674556135,0.49561636452259633,0.5461349131499044,0.5205012603798418,0.5205012603798418,0.008032128514056339,0.013118062563067724,0.014961585119288353,0.0192893401015229,0.023654159869494366,0.025815680130781473
2017-11-02,50.1,50.3,49.95,50.1,50.1,2882,0.5055408117485859,0.4835709401591948,0.5400014676973693,0.5083727109930332,0.5083727109930332,0.00240096038415361,0.009571788413098265,0.011440107671601682,0.015403323875151965,0.020075742150914285,0.022379429970750233
2017-11-03,50.1,50.2,50.0,50.2,50.2,2882,0.5055408117485859,0.4715255157957941,0.5461349131499044,0.5205012603798418,0.5205012603798418,0.0027966440271674103,0.008943824741232042,0.01202876150796312,0.015526222626814452,0.020740138267588516,0.023063075303148543
2017-11-06,49.95,50.2,49.8,50.0,50.0,2882,0.48731454530912777,0.4715255157957941,0.5216011313397626,0.49624416160622464,0.49624416160622464,-0.0011985617259289308,0.00391526955124988,0.007184583361310733,0.009998990001010092,0.014857514005033679,0.018433649047764414
2017-11-07,50.0,50.1,49.65,49.8,49.8,2882,0.4933899674556135,0.4594800914323926,0.5032007949821568,0.4719870628326076,0.4719870628326076,-0.005193767479025272,-0.0014036494886706915,0.003021148036253748,0.004842615012106434,0.009486742884942764,0.013327907213348133
2017-11-08,49.65,49.8,49.5,49.5,49.5,2882,0.45086201243021057,0.42334381834218804,0.48480045862455085,0.43560141467218283,0.43560141467218283,-0.008413461538461573,-0.007220216606498184,-0.00348946450140918,-0.0015128593040847774,0.00234893892758802,0.006370290051504312
2017-11-09,49.45,49.65,48.9,49.2,49.2,2882,0.4265603238442667,0.4052756817970862,0.41119911319412644,0.3992157665117581,0.3992157665117581,-0.010856453558504063,-0.013237063778579956,-0.009329485200348972,-0.0077644448926084695,-0.004451639012545505,-0.0003724899258407363
2017-11-10,49.25,49.4,49.15,49.3,49.3,2882,0.4022586352583219,0.37516212088858275,0.4418663404568032,0.4113443158985658,0.4113443158985658,-0.005246166263115519,-0.010238907849829454,-0.007848661702556,-0.0058980692645058015,-0.0031946297868897687,0.0011507479861909877
2017-11-13,49.35,50.1,49.3,49.8,49.8,2882,0.4144094795512943,0.4594800914323926,0.4602666768144091,0.4719870628326076,0.4719870628326076,0.005654281098545921,0.00020084354288005645,0.001810500905250235,0.003779289493575208,0.005898036680940342,0.009937132427499534
2017-11-14,50.2,50.3,49.5,49.55,49.55,2882,0.5176916560415583,0.4835709401591948,0.48480045862455085,0.4416656893655867,0.4416656893655867,0.001617141702041607,-0.00432030543554714,-0.003753099658199868,-0.0011087591976615204,0.00016147914900479525,0.003950967480498436
2017-11-15,50.4,50.4,49.8,49.8,49.8,2882,0.5419933446275021,0.49561636452259633,0.5216011313397626,0.4719870628326076,0.4719870628326076,0.005451241671714176,0.001508295625942599,0.0010050251256280836,0.003273734575673519,0.004720978089819527,0.007927137797267649
2017-11-16,49.85,50.0,49.7,49.7,49.7,2882,0.47516370101615535,0.44743466706899104,0.5093342404346926,0.4598585134457999,0.4598585134457999,0.001410437235543024,0.0003019019824898395,-0.0016739203213926067,0.0009062531467124925,0.002137355325240846,0.004953998584571925
2017-11-17,50.0,50.0,49.6,49.7,49.7,2882,0.4933899674556135,0.44743466706899104,0.4970673495296217,0.4598585134457999,0.4598585134457999,-0.00020116676725001026,0.001309559786441117,-0.0015402129511819726,0.00010061374383745967,0.001693002257336264,0.004040404040404098
2017-11-20,49.95,50.7,49.9,50.5,50.5,2882,0.48731454530912777,0.5317526376128009,0.5338680222448335,0.5568869085402665,0.5568869085402665,0.013039117352056139,0.01640334104860632,0.013852640032121872,0.015177404764297972,0.016915022150624313,0.018864117825078082
2017-11-21,50.6,54.1,50.6,53.8,53.8,2882,0.566295033213447,0.9412970659684469,0.6197362585803288,0.9571290383049422,0.9571290383049422,0.06114398422090718,0.07417390436258368,0.07435265925580768,0.0764844179880946,0.07980089916506085,0.08173318588519148
2017-11-22,54.7,56.0,53.8,54.0,54.0,2882,1.0644796492253077,1.1701601288730725,1.0122767675425908,0.9813861370785593,0.9813861370785593,0.04772991850989525,0.06856634016028487,0.07291873634015486,0.07575078440161352,0.07961133991762964,0.08227277282292823
2017-11-23,54.6,55.0,53.7,54.3,54.3,2882,1.0523288049323354,1.0497058852390588,1.000009876637521,1.017771785238984,1.017771785238984,0.03507434235608075,0.0637672641786658,0.07291049199762888,0.07625984837223124,0.08132866018798782,0.08444562793329558
2017-11-24,54.0,54.0,53.3,53.6,53.6,2882,0.9794237391745019,0.9292516416050454,0.9509423130172373,0.932871939531326,0.932871939531326,0.006761833208114324,0.0412821758135017,0.05435709133827294,0.05839956558226792,0.06340766605824945,0.06730386300278764
2017-11-27,53.6,53.6,52.2,52.4,52.4,2882,0.9308203620026132,0.88106994415144,0.8160065130614602,0.7873293468896252,0.7873293468896252,-0.022752704214845317,0.01285396733352661,0.027518138440420996,0.03225806451612895,0.037212984956452796,0.04133545310015895
2017-11-28,52.3,52.9,51.6,52.2,52.2,2882,0.772859386193974,0.7967519736076302,0.7424051676310358,0.763072248116009,0.763072248116009,-0.02063789868667907,0.003846153846153901,0.02039486544601557,0.02589298874858734,0.03076497768650541,0.03564579062231349
2017-11-29,53.0,53.3,52.4,52.6,52.6,2882,0.8579152962447798,0.8449336710612355,0.8405402948716012,0.8115864456632423,0.8115864456632423,-0.007921539041871024,0.006120887528691802,0.024076838211434835,0.03132199401990106,0.036208187226665633,0.041206162779189
2017-11-30,52.9,53.0,51.7,51.7,51.7,2882,0.8457644519518074,0.8087973979710318,0.7546720585361067,0.7024295011819672,0.7024295011819672,-0.015238095238095184,-0.014862804878048667,0.0032990490976132123,0.012088288552831339,0.016475954543667338,0.02180644311219459
2017-12-01,52.0,54.8,51.9,54.3,54.3,2882,0.7364068533150577,1.0256150365122558,0.7792058403462476,1.017771785238984,1.017771785238984,0.031534954407294764,0.025689459765772565,0.04698245388521101,0.05873750913965383,0.06382978723404246,0.06938882688899087
2017-12-04,54.7,55.2,53.0,55.0,55.0,2882,1.0644796492253077,1.0737967339658618,0.9141416403020256,1.1026716309466429,1.1026716309466429,0.03461249059443183,0.030155459823937057,0.05343803868990613,0.06718408925539653,0.07333827719448895,0.07927786499215053
2017-12-05,54.6,56.2,54.4,54.5,54.5,2882,1.0523288049323354,1.1942509775998755,1.0858781129730153,1.042028884012601,1.042028884012601,0.016411786646773507,0.019453797231574994,0.03730491054434718,0.052682408614611986,0.05969278631149135,0.06573672717791607
2017-12-06,54.3,54.4,53.5,53.7,53.7,2882,1.0158762720534182,0.9774333390586506,0.9754760948273791,0.9450004889181345,0.9450004889181345,-0.002600297176820087,0.00505334081976437,0.017045454545454655,0.033039965372962214,0.04130308318789999,0.047294002925402326
2017-12-07,53.4,53.6,52.6,52.8,52.8,2882,0.9065186734166685,0.88106994415144,0.8650740766817429,0.8358435444368585,0.8358435444368585,-0.02330743618202007,-0.009009009009008952,-0.0038988806439442312,0.012221423436376626,0.021711366538952604,0.027337289619612685
2017-12-08,53.2,53.9,52.9,53.5,53.5,2882,0.8822169848307246,0.9172062172416438,0.9018747493969547,0.9207433901445174,0.9207433901445174,-0.0074211502782931095,0.004317627182278897,0.004506196019526887,0.02152847391283589,0.03261918548542748,0.03846527126265721
2017-12-11,53.8,54.4,53.5,53.5,53.5,2882,0.9551220505885571,0.9774333390586506,0.9754760948273791,0.9207433901445174,0.9207433901445174,-0.0018656716417910712,0.002248032971150329,0.0007482229704451767,0.017932740332017225,0.029836381135707354,0.03611891159097501
2017-12-12,53.1,53.4,52.7,53.0,53.0,2882,0.8700661405377522,0.856979095424637,0.8773409675868138,0.8601006432104756,0.8601006432104756,-0.005628517823639722,-0.008604564160119732,-0.007614530021220815,0.005120424805613427,0.01770421291140207,0.024319536157191166
2017-12-13,53.1,54.1,53.1,53.3,53.3,2882,0.8700661405377522,0.9412970659684469,0.9264085312070964,0.8964862913709003,0.8964862913709003,0.0015031942878618078,-0.004296656080702352,-0.001124437781109488,0.007466213023343789,0.020486310549492636,0.028064422798726802
2017-12-14,53.9,54.4,53.6,54.3,54.3,2882,0.9672728948815296,0.9774333390586506,0.98774298573245,1.017771785238984,1.017771785238984,0.014573991031390022,0.00948131622978245,0.017616191904047798,0.021925284652300592,0.03558759583476356,0.044532076560546266
2017-12-15,53.8,54.1,53.4,53.7,53.7,2882,0.9551220505885571,0.9412970659684469,0.9632092039223082,0.9450004889181345,0.9450004889181345,0.002613890963405537,-0.0005583472920155227,0.006246096189881369,0.006843536139495678,0.020718494582779006,0.030677201625028048
2017-12-18,53.9,53.9,53.3,53.4,53.4,2882,0.9672728948815296,0.9172062172416438,0.9509423130172373,0.9086148407577089,0.9086148407577089,-0.0026148673888681468,-0.003173417957812108,-0.0006238303181534268,-0.0014958863126402077,0.012245516927626357,0.02269462798046543
2017-12-19,53.4,54.4,53.3,54.4,54.4,2882,0.9065186734166685,0.9774333390586506,0.9509423130172373,1.0299003346257924,1.0299003346257924,0.01077666295057583,0.01568334578043309,0.015304217991787852,0.016632405157914285,0.02742313212963659,0.03879570987556093
2017-12-20,54.4,54.9,53.8,54.0,54.0,2882,1.0280271163463905,1.0376604608756574,1.0122767675425908,0.9813861370785593,0.9813861370785593,0.0007412898443291168,0.0076506810972197,0.006086200471991082,0.009157166884694354,0.016642819489419255,0.02821237028339315
2017-12-21,54.4,54.5,53.8,53.8,53.8,2882,1.0280271163463905,0.9894787634220521,1.0122767675425908,0.9571290383049422,0.9571290383049422,-0.0011139992573338706,0.00204879865896814,-0.0002477700693757902,0.0058895017294568145,0.009759759759759686,0.021422016897130098
2017-12-22,54.4,54.5,53.5,53.9,53.9,2882,1.0280271163463905,0.9894787634220521,0.9754760948273791,0.9692575876917507,0.9692575876917507,0.0,0.0031639679880886232,0.0021070897372335805,0.007476635514018665,0.008456817841640573,0.020350212967344926
2017-12-25,54.0,54.1,53.3,53.5,53.5,2882,0.9794237391745019,0.9412970659684469,0.9509423130172373,0.9207433901445174,0.9207433901445174,-0.007789317507418429,-0.0042806625721198005,-0.003476965106171495,-0.001026981607692888,-0.001269414575866016,0.010418961881078955
2017-12-26,53.5,53.9,52.8,52.9,52.9,2882,0.9186695177096409,0.9172062172416438,0.8896078584918838,0.8479720938236671,0.8479720938236671,-0.013427825438269413,-0.015264333581533755,-0.012691302724897345,-0.012875536480686654,-0.011806022565941827,-0.003015454202789231
2017-12-27,52.9,53.9,52.9,53.8,53.8,2882,0.8457644519518074,0.9172062172416438,0.9018747493969547,0.9571290383049422,0.9571290383049422,0.0041060097051138274,0.0005579319323041478,0.003981089823338966,0.0027958993476234592,0.005156565279127184,0.011404937962150422
2017-12-28,53.8,54.2,53.5,53.8,53.8,2882,0.9551220505885571,0.9533424903318484,0.9754760948273791,0.9571290383049422,0.9571290383049422,0.0041060097051138274,0.0014892032762470436,0.0027335984095427737,0.0008371314296344844,0.005532296650717692,0.008813050815675825
2017-12-29,53.8,54.4,53.0,53.5,53.5,2882,0.9551220505885571,0.9774333390586506,0.9141416403020256,0.9207433901445174,0.9207433901445174,0.0,-0.0037243947858473527,-0.0028578528827036946,-0.004002606348319768,0.0,0.0008106254286960675
2018-01-02,53.4,54.4,53.3,54.2,54.2,2882,0.9065186734166685,0.9774333390586506,0.9509423130172373,1.0056432358521763,1.0056432358521763,0.010439970171513838,0.007809594644849551,0.009310986964618248,0.009781089892873884,0.01172254162622279,0.011571481896229887
2018-01-03,54.8,55.4,54.3,55.2,55.2,2882,1.0766304935182793,1.0978875826926642,1.0736112220679443,1.12692872972026,1.12692872972026,0.020332717190388195,0.02487931674712223,0.025133093970533718,0.027741575125674958,0.028086120837368746,0.029338637493784268
2018-01-04,55.3,55.4,54.5,55.4,55.4,2882,1.1373847149831404,1.0978875826926642,1.0981450038780862,1.151185828493876,1.151185828493876,0.018008085262770982,0.0259259259259259,0.026179303531736243,0.02983548656938371,0.02966322206527403,0.03216991678052416
2018-01-05,55.3,55.8,55.0,55.7,55.7,2882,1.1373847149831404,1.1460692801462693,1.1594794584034396,1.1875714766543017,1.1875714766543017,0.01642335766423368,0.027864919726886976,0.02995562130177523,0.03262884686688923,0.03216959454451124,0.03685778108711833
2018-01-08,55.8,55.8,55.0,55.7,55.7,2882,1.1981389364480013,1.1460692801462693,1.1594794584034396,1.1875714766543017,1.1875714766543017,0.008327299058653035,0.02446201949604558,0.027422528283325094,0.03052728954671611,0.031099592743428352,0.03550845882134233
2018-01-09,55.7,55.8,55.2,55.8,55.8,2882,1.1859880921550299,1.1460692801462693,1.1840132402135815,1.1997000260411095,1.1997000260411095,0.004319654427645696,0.0219780219780219,0.026238352133398642,0.03018554417058983,0.032339228890697805,0.03518644487044699
2018-01-10,56.5,56.7,55.6,55.6,55.6,2882,1.2831948464988072,1.2544780994168823,1.233080803833864,1.1754429272674933,1.1754429272674933,-0.0007189072609633204,0.013304173501002573,0.021057786483839405,0.024035362372225796,0.027802425317953225,0.029311940759025035
2018-01-11,55.8,55.9,55.0,55.4,55.4,2882,1.1981389364480013,1.158114704509671,1.1594794584034396,1.151185828493876,1.151185828493876,-0.00431344356578005,0.006723605306196444,0.01564409679784904,0.01838235294117647,0.022819584964182932,0.023840325263352415
2018-01-12,55.5,55.9,55.3,55.6,55.6,2882,1.161686403569085,1.158114704509671,1.1962801311186515,1.1754429272674933,1.1754429272674933,-0.0003595828838547847,0.0070639376924470304,0.017073170731707388,0.02083907096300386,0.02439383889748688,0.025073746312684355
2018-01-15,56.0,56.6,55.9,56.5,56.5,2882,1.2224406250339461,1.2424326750534807,1.2698814765490758,1.2845998717487683,1.2845998717487683,0.012907852276801829,0.01783462439200135,0.030269876002917515,0.034703781704971993,0.03867931465548936,0.04026021848533218
2018-01-16,56.5,56.8,56.2,56.6,56.6,2882,1.2831948464988072,1.266523523780283,1.3066821492642886,1.296728421135577,1.296728421135577,0.011798355380765173,0.015246636771300474,0.02821848128860363,0.03350680178946409,0.038151137197358735,0.04107909258123852
2018-01-17,56.3,56.4,55.8,56.3,56.3,2882,1.2588931579128624,1.2183418263266776,1.257614585644005,1.2603427729751513,1.2603427729751513,0.003922967189728939,0.007876834944504077,0.01857435773730546,0.026248632883704066,0.030154431676791264,0.034419402253797186
2018-01-18,56.5,56.5,55.8,55.9,55.9,2882,1.2831948464988072,1.2303872506900793,1.257614585644005,1.211828575427918,1.211828575427918,-0.00498398006407989,-0.00017885888034350055,0.008782483156881708,0.017195887544354478,0.020892687559354195,0.025688073394495387
2018-01-19,55.7,56.2,55.6,56.0,56.0,2882,1.1859880921550299,1.1942509775998755,1.233080803833864,1.2239571248147265,1.2239571248147265,-0.004621400639886333,0.0010725777618877776,0.007919366450684032,0.016979932806683053,0.02145045965270688,0.0255158100354048
2018-01-22,55.8,56.1,55.2,55.6,55.6,2882,1.1981389364480013,1.182205553236474,1.1840132402135815,1.1754429272674933,1.1754429272674933,-0.008559201141226764,-0.0059002324333987345,-0.0017953321364452678,0.00815956482320948,0.012750455373406246,0.01688715478875826
2018-01-23,55.8,56.5,55.3,56.0,56.0,2882,1.1981389364480013,1.2303872506900793,1.1962801311186515,1.2239571248147265,1.2239571248147265,0.0007147962830593128,0.0008936550491509768,0.0032246506628448536,0.013116236996834037,0.018107773980074217,0.022644265887509167
2018-01-24,55.8,55.9,55.0,55.7,55.7,2882,1.1981389364480013,1.158114704509671,1.1594794584034396,1.1875714766543017,1.1875714766543017,-0.002507163323782118,-0.004646175839885597,-0.0027452852709477673,0.005143011819904425,0.011697181052019862,0.01549680948040112
2018-01-25,55.7,56.1,55.2,55.6,55.6,2882,1.1859880921550299,1.182205553236474,1.1840132402135815,1.1754429272674933,1.1754429272674933,-0.003226963069200552,-0.006788138620936094,-0.00477326968973758,0.0017115575173406313,0.008708272859216328,0.012258769268115168
2018-01-26,55.3,55.3,54.5,54.7,54.7,2882,1.1373847149831404,1.0858421583292626,1.0981450038780862,1.0662859827862181,1.0662859827862181,-0.014769452449567727,-0.021291823224190334,-0.019713261648745418,-0.0153015301530152,-0.008267459569221643,-0.0043684018929741894
2018-01-29,55.0,55.2,54.6,55.2,55.2,2882,1.100932182104224,1.0737967339658618,1.110411894783157,1.12692872972026,1.12692872972026,-0.004329004329004237,-0.010043041606886696,-0.01016138673042432,-0.007818819088703195,-0.00014490653528466104,0.0038188761593017065
2018-01-30,55.0,55.1,54.4,54.4,54.4,2882,1.100932182104224,1.0617513096024604,1.0858781129730153,1.0299003346257924,1.0299003346257924,-0.013062409288824491,-0.02052574720921859,-0.022871512393725306,-0.022373977895588183,-0.015277677213815224,-0.011328527291452138
2018-01-31,54.0,55.0,53.8,54.6,54.6,2882,0.9794237391745019,1.0497058852390588,1.0122767675425908,1.0541574333994097,1.0541574333994097,-0.005464480874316888,-0.013906447534766175,-0.018103344922671162,-0.01825047199496527,-0.01287243274515469,-0.007813919680174445
2018-02-01,54.7,55.2,54.6,54.8,54.8,2882,1.0644796492253077,1.0737967339658618,1.110411894783157,1.0784145321730259,1.0784145321730259,0.001096090610157148,-0.008324285197249509,-0.013797240551889732,-0.014122515067014549,-0.009972539384304084,-0.0046618635345401895
2018-02-02,54.5,55.0,54.4,54.7,54.7,2882,1.040177960639363,1.0497058852390588,1.0858781129730153,1.0662859827862181,1.0662859827862181,-0.0007307270734379256,-0.0077997460547794785,-0.014532788854191656,-0.01503556315836861,-0.012421463132808593,-0.00701924240590591
2018-02-05,53.5,54.1,53.5,54.1,54.1,2882,0.9186695177096409,0.9412970659684469,0.9754760948273791,0.9935146864653678,0.9935146864653678,-0.007703595011005167,-0.016005820298290334,-0.02252469284509762,-0.0244342259489677,-0.023677181837869137,-0.01803000968054209
2018-02-06,52.1,52.5,50.5,50.8,50.8,2882,0.7485576976080301,0.7485702761540249,0.6074693676752579,0.5932725567006912,0.5932725567006912,-0.05576208178438662,-0.06720528828497987,-0.07569141193595348,-0.07979349696585468,-0.08097546855778287,-0.07641961093267075
2018-02-07,52.4,53.5,52.0,52.7,52.7,2882,0.7850102304869464,0.8690245197880385,0.7914727312513185,0.8237149950500509,0.8237149950500509,-0.013478098090602748,-0.02695716395864108,-0.03691520467836262,-0.042862332001452945,-0.044874583152095096,-0.04176010667313171
2018-02-08,53.3,53.5,52.8,53.3,53.3,2882,0.8943678291236961,0.8690245197880385,0.8896078584918838,0.8964862913709003,0.8964862913709003,0.0033885542168673303,-0.011681809753383933,-0.022855047665607486,-0.030115549085615652,-0.03252740869817762,-0.030556566024008726
2018-02-09,52.1,53.3,52.0,52.8,52.8,2882,0.7485576976080301,0.8449336710612355,0.7914727312513185,0.8358435444368585,0.8358435444368585,0.0011376564277588601,-0.01749162634908816,-0.028220858895705615,-0.03676001094590898,-0.0395809080325962,-0.03906818733317159
2018-02-12,53.8,53.8,53.0,53.0,53.0,2882,0.9551220505885571,0.9051607928782422,0.9141416403020256,0.8601006432104756,0.8601006432104756,0.009139375476009216,-0.009715994020926683,-0.02141802067946818,-0.030014641288433393,-0.03404534519209743,-0.035135627161842216
2018-02-21,54.2,54.3,53.6,54.0,54.0,2882,1.0037254277604466,0.9653879146952491,0.98774298573245,0.9813861370785593,0.9813861370785593,0.015801354401805797,0.009723261032161614,-0.0004935834155971816,-0.009356081452944507,-0.014526607781590014,-0.01681131273896932
2018-02-22,53.5,54.4,53.2,54.2,54.2,2882,0.9186695177096409,0.9774333390586506,0.9386754221121674,1.0056432358521763,1.0056432358521763,0.013842124953236102,0.014221556886227641,0.005068611694894435,-0.003768036026100641,-0.009864815491413942,-0.01257059573692836
2018-02-23,54.4,54.8,54.2,54.7,54.7,2882,1.0280271163463905,1.0256150365122558,1.0613443311628743,1.0662859827862181,1.0662859827862181,0.01786378861183491,0.023769417930001795,0.015470297029703014,0.006532339681663388,-0.00021933031144918039,-0.0030376670716888996
2018-02-26,54.8,54.9,54.3,54.3,54.3,2882,1.0766304935182793,1.0376604608756574,1.0736112220679443,1.017771785238984,1.017771785238984,0.004811250925240526,0.01704439033526871,0.008543833580980566,0.0007371913011424998,-0.006586169045005479,-0.009485589201021582
2018-02-27,54.6,54.8,54.4,54.5,54.5,2882,1.0523288049323354,1.0256150365122558,1.0858781129730153,1.042028884012601,1.042028884012601,0.002944423997055644,0.020026202507954474,0.013136695997025726,0.005442302370629915,-0.001465738365701691,-0.005111354508944762
2018-03-01,53.5,54.3,53.5,53.9,53.9,2882,0.9186695177096409,0.9653879146952491,0.9754760948273791,0.9692575876917507,0.9692575876917507,-0.007731958762886499,0.002977298101972529,0.0026041666666666774,-0.0036968576709797197,-0.010500807754442698,-0.014925373134328419
2018-03-02,53.3,53.7,53.0,53.3,53.3,2882,0.8943678291236961,0.8931153685148416,0.9141416403020256,0.8964862913709003,0.8964862913709003,-0.015515330624307414,-0.00929368029739777,-0.006955657682275522,-0.012597258243794124,-0.019355313511922406,-0.024524158125915144
2018-03-05,53.4,53.5,52.5,52.6,52.6,2882,0.9065186734166685,0.8690245197880385,0.852807185776672,0.8115864456632423,0.8115864456632423,-0.02084884586746099,-0.021031081332588786,-0.017312243118694653,-0.022849712056474028,-0.029878273699741748,-0.03568809582009274
2018-03-06,53.3,53.3,52.6,52.8,52.8,2882,0.8943678291236961,0.8449336710612355,0.8650740766817429,0.8358435444368585,0.8358435444368585,-0.011606140022463582,-0.01730876605248464,-0.011235955056179803,-0.017400204708290727,-0.02388523256673818,-0.030362389813908108
2018-03-07,52.5,53.0,52.5,52.5,52.5,2882,0.7971610747799188,0.8087973979710318,0.852807185776672,0.7994578962764338,0.7994578962764338,-0.009807619766126048,-0.021982116244411192,-0.01488616462346753,-0.020522388059701517,-0.02720130447672701,-0.03350515463917539
2018-03-08,52.8,52.9,52.4,52.4,52.4,2882,0.8336136076588351,0.7967519736076302,0.8405402948716012,0.7873293468896252,0.7873293468896252,-0.006069802731411101,-0.020926756352765277,-0.018726591760299626,-0.02056074766355143,-0.026456599286563735,-0.03285345145810251
2018-03-09,52.5,52.7,52.0,52.0,52.0,2882,0.7971610747799188,0.772661124880828,0.7914727312513185,0.738815149342392,0.738815149342392,-0.008768585589020222,-0.024390243902438973,-0.025365487942021713,-0.025669851976766057,-0.031224383337059427,-0.03769045709703279
2018-03-12,52.8,54.7,52.6,54.5,54.5,2882,0.8336136076588351,1.013569612148855,0.8650740766817429,1.042028884012601,1.042028884012601,0.031415594246782814,0.022897897897898013,0.019962570180910855,0.0214600318620561,0.01618436754176615,0.009446193739581367
2018-03-13,54.3,54.5,53.8,53.9,53.9,2882,1.0158762720534182,0.9894787634220521,1.0122767675425908,0.9692575876917507,0.9692575876917507,0.015831134564643728,0.012396694214876103,0.007351108896087669,0.010972521804370269,0.005597014925373081,-0.00037091988130569595
2018-03-14,53.6,54.0,53.5,53.9,53.9,2882,0.9308203620026132,0.9292516416050454,0.9754760948273791,0.9692575876917507,0.9692575876917507,0.010498687664042038,0.013538924407672171,0.0062227753578094945,0.011162179908076279,0.006573541495480629,0.0006807351940095708
2018-03-15,53.6,54.0,53.4,53.4,53.4,2882,0.9308203620026132,0.9292516416050454,0.9632092039223082,0.9086148407577089,0.9086148407577089,-0.0026148673888681468,0.005081874647092098,-0.0023664217212605353,-0.0006550014035745053,-0.0020183897734917583,-0.007004276947870796
2018-03-16,53.1,54.0,53.1,53.4,53.4,2882,0.8700661405377522,0.9292516416050454,0.9264085312070964,0.9086148407577089,0.9086148407577089,-0.007803790412485965,0.004892736168611178,-0.0013714000748037219,-0.0013091453151301176,-0.0011223344556678316,-0.005586592178771029
2018-03-19,53.4,53.7,53.2,53.6,53.6,2882,0.9065186734166685,0.8931153685148416,0.9386754221121674,0.932871939531326,0.932871939531326,-0.0007457121551081124,0.006761833208114324,0.0037453183520599785,0.002150135552023969,0.0035198082827828064,-0.0006215040397762233
2018-03-20,53.3,53.6,53.2,53.2,53.2,2882,0.8943678291236961,0.88106994415144,0.9386754221121674,0.8843577419840927,0.8843577419840927,-0.005607476635513965,-0.0015015015015016025,-0.0023752969121139857,-0.005700401831604385,-0.002849002849002735,-0.007153965785381017
2018-03-21,53.5,53.7,53.3,53.4,53.4,2882,0.9186695177096409,0.8931153685148416,0.9509423130172373,0.9086148407577089,0.9086148407577089,0.0,0.0005621135469363693,0.0027541311967952233,-0.002335357309668379,0.0014252494186482731,-0.0023042909634426313
2018-03-22,53.5,54.2,53.1,53.4,53.4,2882,0.9186695177096409,0.9533424903318484,0.9264085312070964,0.9086148407577089,0.9086148407577089,0.0,-0.0013091453151301176,0.0033821871476888334,-0.0017758669034490318,-0.0005240697761471811,-0.0016825574873808825
2018-03-23,52.6,53.0,52.1,52.2,52.2,2882,0.8093119190728911,0.8087973979710318,0.8037396221563894,0.763072248116009,0.763072248116009,-0.01805869074492101,-0.024116657319124924,-0.017812343201204058,-0.022380372694072354,-0.02261833433193513,-0.02265493353304613
2018-03-26,52.2,52.8,52.1,52.8,52.8,2882,0.7607085419010025,0.7847065492442287,0.8037396221563894,0.8358435444368585,0.8358435444368585,-0.003773584905660431,-0.009752438109527573,-0.006772009029345495,-0.009380863039399626,-0.01101371094627995,-0.010185590201837217
2018-03-27,53.1,53.3,53.1,53.3,53.3,2882,0.8700661405377522,0.8449336710612355,0.9264085312070964,0.8964862913709003,0.8964862913709003,0.005281026027913882,0.0007510326699209921,0.0020052638175209053,0.0009389671361501814,-0.002022168963451245,6.25429983114155e-05
2018-03-28,53.0,53.0,52.3,52.5,52.5,2882,0.8579152962447798,0.8087973979710318,0.8282734039665303,0.7994578962764338,0.7994578962764338,-0.006434519303557841,-0.011671686746987773,-0.013034214813886485,-0.012229539040451525,-0.016632951224994478,-0.013961059287547718
2018-03-29,52.4,52.5,51.8,51.8,51.8,2882,0.7850102304869464,0.7485702761540249,0.7669389494411767,0.7145580505687749,0.7145580505687749,-0.013709063214013821,-0.02190332326283995,-0.025460930640913055,-0.023470638137430437,-0.028142589118198877,-0.02771694925858725
2018-03-30,52.3,52.4,51.9,51.9,51.9,2882,0.772859386193974,0.7365248517906234,0.7792058403462476,0.7266865999555834,0.7266865999555834,-0.010674799847502902,-0.01723158492709721,-0.02345709984947308,-0.020292590844738136,-0.02458276950834448,-0.025352112676056363
2018-03-31,52.2,52.7,52.0,52.5,52.5,2882,0.7607085419010025,0.772661124880828,0.7914727312513185,0.7994578962764338,0.7994578962764338,0.0019083969465649127,-0.003795066413662293,-0.009683098591549201,-0.008872946951104245,-0.011671686746987773,-0.013590530469092558
2018-04-02,52.7,52.7,52.2,52.5,52.5,2882,0.8214627633658635,0.772661124880828,0.8160065130614602,0.7994578962764338,0.7994578962764338,0.004977029096477893,-0.0024700741022229806,-0.007936507936507835,-0.008592200925313914,-0.01033026692806505,-0.01340516161363076
2018-04-03,52.1,52.2,51.8,52.0,52.0,2882,0.7485576976080301,0.7124340030638212,0.7669389494411767,0.738815149342392,0.738815149342392,-0.002685078634445734,-0.009335111449799866,-0.015027149892663143,-0.01757037596825983,-0.017904358993729573,-0.02218879277924031
2018-04-09,52.6,53.0,52.1,53.0,53.0,2882,0.8093119190728911,0.8087973979710318,0.8037396221563894,0.8601006432104756,0.8601006432104756,0.011836578846888213,0.010486177311725398,0.004421983575489595,0.000755287009063428,0.0016631387964923074,-0.0027596588058204016
2018-04-10,53.0,53.9,52.6,53.0,53.0,2882,0.8579152962447798,0.9172062172416438,0.8650740766817429,0.8601006432104756,0.8601006432104756,0.007604562737642559,0.008947268227679536,0.004929844520288304,-0.00018864365214120194,0.0018903591682421274,-0.002008536279186589
2018-04-11,53.6,53.8,53.1,53.3,53.3,2882,0.9308203620026132,0.9051607928782422,0.9264085312070964,0.8964862913709003,0.8964862913709003,0.010235026535253829,0.013693419551160116,0.011001517450682684,0.006610009442870525,0.007028415961305788,0.00452318130418398
2018-04-12,53.6,53.7,53.0,53.3,53.3,2882,0.9308203620026132,0.8931153685148416,0.9141416403020256,0.8964862913709003,0.8964862913709003,0.007180650037792944,0.013693419551160116,0.01087368820331263,0.007180650037792944,0.006648032031426999,0.0051546391752577345
2018-04-13,53.5,53.5,52.7,52.8,52.8,2882,0.9186695177096409,0.8690245197880385,0.8773409675868138,0.8358435444368585,0.8358435444368585,-0.005275056518462719,0.0036114807070898635,0.0021510818676449945,-0.0012295469592357464,-0.0030211480362538463,-0.0032093637908251612
2018-04-16,52.8,53.0,52.5,52.5,52.5,2882,0.8336136076588351,0.8087973979710318,0.852807185776672,0.7994578962764338,0.7994578962764338,-0.009060022650056567,-0.0034168564920274637,-0.0024068913098556923,-0.006058311245740389,-0.008760667623291267,-0.007998992252944486
2018-04-17,52.5,52.7,51.6,51.6,51.6,2882,0.7971610747799188,0.772661124880828,0.7424051676310358,0.6903009517951587,0.6903009517951587,-0.02087286527514234,-0.01994301994301989,-0.01876267748478698,-0.02142992603830828,-0.025458940847623932,-0.023959646910466564
2018-04-18,52.0,52.4,51.5,52.0,52.0,2882,0.7364068533150577,0.7365248517906234,0.730138276725965,0.738815149342392,0.738815149342392,-0.00839054157131956,-0.011406844106463905,-0.010152284263959355,-0.012345679012345652,-0.01604601877081426,-0.01602119338968092
2018-04-19,52.0,52.9,52.0,52.9,52.9,2882,0.7364068533150577,0.7967519736076302,0.7914727312513185,0.8479720938236671,0.8479720938236671,0.01031321619556912,0.0049392097264437315,0.007491112239715545,0.005034672746271368,0.001742160278745621,0.0009460737937558592
2018-04-20,52.8,52.8,52.2,52.5,52.5,2882,0.8336136076588351,0.7847065492442287,0.8160065130614602,0.7994578962764338,0.7994578962764338,0.0038240917782027314,-0.0036059973429492832,-0.000126968004062996,-0.0017113519680546931,-0.00477707006369418,-0.006622516556291418
2018-04-23,52.2,52.8,52.2,52.5,52.5,2882,0.7607085419010025,0.7847065492442287,0.8160065130614602,0.7994578962764338,0.7994578962764338,0.0038240917782027314,-0.002659574468085117,-0.001014842065203626,-0.0008564087924636351,-0.004097427725927632,-0.006685166498486481
2018-04-24,52.8,52.9,52.4,52.5,52.5,2882,0.8336136076588351,0.7967519736076302,0.8405402948716012,0.7994578962764338,0.7994578962764338,0.00038109756097566935,-0.0017113519680546931,-0.001774622892635457,-0.0011415525114155684,-0.0034168564920273293,-0.00699829771136759
2018-04-25,52.3,52.5,51.7,52.2,52.2,2882,0.772859386193974,0.7485702761540249,0.7546720585361067,0.763072248116009,0.763072248116009,-0.006092916984005964,-0.005335365853658423,-0.007101191985797645,-0.006282124500285384,-0.008057160231073264,-0.011238792776865639
2018-04-26,52.6,52.8,52.0,52.8,52.8,2882,0.8093119190728911,0.7847065492442287,0.7914727312513185,0.8358435444368585,0.8358435444368585,0.0057142857142856605,0.007057028418843988,0.003929522119406572,0.005618512522616655,0.0036496350364962184,0.0008213811840524948
2018-04-27,53.2,53.7,53.1,53.5,53.5,2882,0.8822169848307246,0.8931153685148416,0.9264085312070964,0.9207433901445174,0.9207433901445174,0.015180265654648901,0.01904761904761905,0.015308704453441124,0.017981162591570603,0.016878278719683823,0.014346204891613357
2018-04-30,53.8,54.0,53.4,53.5,53.5,2882,0.9551220505885571,0.9292516416050454,0.9632092039223082,0.9207433901445174,0.9207433901445174,0.011342155009451823,0.01711026615969579,0.014666835250979761,0.01633738601823707,0.016800973088033928,0.014282103134479213
2018-05-02,53.2,53.8,53.1,53.5,53.5,2882,0.8822169848307246,0.9051607928782422,0.9264085312070964,0.9207433901445174,0.9207433901445174,0.007532956685499031,0.01344951695396857,0.014025777103866467,0.014795144157814756,0.01579706842864739,0.014218009478672985
2018-05-03,53.3,53.8,52.8,52.9,52.9,2882,0.8943678291236961,0.9051607928782422,0.8896078584918838,0.8479720938236671,0.8479720938236671,-0.0063861758076633425,0.0003782148260212392,0.003160556257901346,0.003033750474023582,0.004328675577156637,0.0032873941079782274
2018-05-04,52.7,53.0,52.7,52.8,52.8,2882,0.8214627633658635,0.8087973979710318,0.8773409675868138,0.8358435444368585,0.8358435444368585,-0.008264462809917314,-0.0013240022697183164,0.0018975332068310116,0.0008529997156667938,0.0028109093671654663,0.0016441128114328951
2018-05-07,53.4,53.4,52.8,53.0,53.0,2882,0.9065186734166685,0.856979095424637,0.8896078584918838,0.8601006432104756,0.8601006432104756,-0.0026345502446368193,0.0015117157974300509,0.005438219299355044,0.0036928321181707684,0.00622721749696239,0.005692599620493305
2018-05-08,53.0,53.5,52.9,53.5,53.5,2882,0.8579152962447798,0.8690245197880385,0.9018747493969547,0.9207433901445174,0.9207433901445174,0.006774557771923211,0.009053187476423932,0.013641530882910308,0.012682188150672,0.014410314751611641,0.015116058440326359
2018-05-09,53.5,53.8,53.5,53.6,53.6,2882,0.9186695177096409,0.9051607928782422,0.9754760948273791,0.932871939531326,0.932871939531326,0.008276899924755412,0.008846226237530699,0.012977195413884353,0.013999243284146841,0.014997727617027752,0.01611374407582941
2018-05-10,53.6,53.8,53.1,53.3,53.3,2882,0.9308203620026132,0.9051607928782422,0.9264085312070964,0.8964862913709003,0.8964862913709003,0.0011269722013524095,0.0011269722013524095,0.005660377358490513,0.008323874385168326,0.008705526116578231,0.010107391029690426
2018-05-11,53.6,54.7,53.6,54.6,54.6,2882,0.9308203620026132,1.013569612148855,0.98774298573245,1.0541574333994097,1.0541574333994097,0.018656716417910446,0.022089105204043422,0.027990460650182097,0.031648559282002914,0.031668052301413244,0.03389509562582856
2018-05-14,54.8,55.0,54.6,55.0,55.0,2882,1.0766304935182793,1.0497058852390588,1.110411894783157,1.1026716309466429,1.1026716309466429,0.018518518518518517,0.026694045174537846,0.0322822822822824,0.03705100405392658,0.03687504713068388,0.03982858583312331
2018-05-15,55.0,55.1,54.0,54.0,54.0,2882,1.100932182104224,1.0617513096024604,1.0368105493527326,0.9813861370785593,0.9813861370785593,-0.0018484288354898599,0.007086907870197602,0.011614837017609677,0.01675767275466015,0.01725567025845823,0.019509125235997446
2018-05-16,54.6,55.0,54.4,54.9,54.9,2882,1.0523288049323354,1.0497058852390588,1.0858781129730153,1.0905430815598343,1.0905430815598343,0.009933774834437071,0.02120535714285702,0.025401568920433448,0.03050211168465509,0.03273137697516934,0.03454773869346724
2018-05-17,55.0,55.4,54.5,54.9,54.9,2882,1.100932182104224,1.0978875826926642,1.0981450038780862,1.0905430815598343,1.0905430815598343,0.004023408924652633,0.017420311341734575,0.02196574832464631,0.02770497940846119,0.03148955358484898,0.0329904666332162
2018-05-18,54.9,54.9,54.4,54.4,54.4,2882,1.0887813378112516,1.0376604608756574,1.0858781129730153,1.0299003346257924,1.0299003346257924,-0.004392386530014678,0.005173688100517258,0.010651473866732672,0.016917468922329076,0.02125103251483063,0.022364217252396124
2018-05-21,54.6,55.0,54.5,55.0,55.0,2882,1.0523288049323354,1.0497058852390588,1.0981450038780862,1.1026716309466429,1.1026716309466429,0.006588579795021952,0.012518409425625782,0.019903572753121605,0.02573666542334941,0.030811904940400297,0.03170136934909032
2018-05-22,54.9,55.0,54.7,54.7,54.7,2882,1.0887813378112516,1.0497058852390588,1.1226787856882279,1.0662859827862181,1.0662859827862181,-0.0014603870025555166,0.00477590007347548,0.012837921244290994,0.0180532291085056,0.023501234937504816,0.02498438475952534
2018-05-23,55.0,55.1,53.9,54.0,54.0,2882,1.100932182104224,1.0617513096024604,1.0245436584476617,0.9813861370785593,0.9813861370785593,-0.010989010989011014,-0.008810572687224613,-0.0007401924500368625,0.00362419849456384,0.008591707134852463,0.011235955056179803
2018-05-24,54.4,54.5,54.0,54.2,54.2,2882,1.0280271163463905,0.9894787634220521,1.0368105493527326,1.0056432358521763,1.0056432358521763,-0.004774146162320933,-0.006780282206340304,0.0013548466559921979,0.0054725906687692946,0.010666069963451978,0.014411379374883083
2018-05-25,54.3,54.4,53.9,53.9,53.9,2882,1.0158762720534182,0.9774333390586506,1.0245436584476617,0.9692575876917507,0.9692575876917507,-0.00846210448859457,-0.011009174311926632,-0.005535055350553584,-0.001111934766493741,0.0043228739658641895,0.008419083255378778
2018-05-28,53.9,54.2,53.8,54.1,54.1,2882,0.9672728948815296,0.9533424903318484,1.0122767675425908,0.9935146864653678,0.9935146864653678,-0.0014765596160943373,-0.00569748208049995,-0.00319371084633335,0.002037414335988267,0.006848805181270046,0.011340977068793666
2018-05-29,54.1,54.4,53.8,54.1,54.1,2882,0.9915745834674743,0.9774333390586506,1.0122767675425908,0.9935146864653678,0.9935146864653678,0.0007399186089529994,-0.005880191106210957,-0.0039278261936910195,0.0014809329877822713,0.005650977767863687,0.010333665338645576
2018-05-30,53.5,53.5,52.7,52.9,52.9,2882,0.9186695177096409,0.8690245197880385,0.8773409675868138,0.8479720938236671,0.8479720938236671,-0.017459138187221356,-0.024345260051641338,-0.025184275184275195,-0.020188923874791563,-0.01694789266334645,-0.012875536480686785
2018-05-31,53.5,53.8,53.3,53.6,53.6,2882,0.9186695177096409,0.9051607928782422,0.9509423130172373,0.932871939531326,0.932871939531326,-0.002233804914370896,-0.00905897578110547,-0.012648900896475515,-0.00786672836649694,-0.004975124378109465,-0.0008078046355557594
2018-06-01,53.6,53.7,53.1,53.5,53.5,2882,0.9308203620026132,0.8931153685148416,0.9264085312070964,0.9207433901445174,0.9207433901445174,-0.0026099925428785917,-0.009259259259259259,-0.013157894736842195,-0.010358860525342253,-0.007347484043342749,-0.0030436673085283603
2018-06-04,53.7,54.0,53.5,54.0,54.0,2882,0.9429712062955856,0.9292516416050454,0.9754760948273791,0.9813861370785593,0.9813861370785593,0.007086907870197602,0.0018552875695733103,-0.0027086924402856738,-0.0020328959526889566,0.0015579790785665863,0.0053369740598237965
2018-06-05,54.1,54.5,53.8,54.3,54.3,2882,0.9915745834674743,0.9894787634220521,1.0122767675425908,1.017771785238984,1.017771785238984,0.01192694744688769,0.0081693278871147,0.002461538461538453,0.0027700831024930488,0.006524801660858544,0.009794197867592442
2018-06-06,54.5,54.9,54.4,54.9,54.9,2882,1.040177960639363,1.0376604608756574,1.0858781129730153,1.0905430815598343,1.0905430815598343,0.01553829078801325,0.017608897126969336,0.013538461538461556,0.01263487964585451,0.016591363602696113,0.019435503837583565
2018-06-07,55.2,55.2,54.7,55.0,55.0,2882,1.1252338706901688,1.0737967339658618,1.1226787856882279,1.1026716309466429,1.1026716309466429,0.01214574898785432,0.017952989080140775,0.015259660349495604,0.012891344383057144,0.016861411033870843,0.019525457241720105
2018-06-08,55.2,55.3,54.5,55.0,55.0,2882,1.1252338706901688,1.0858421583292626,1.0981450038780862,1.1026716309466429,1.1026716309466429,0.006588579795021952,0.01588474325821942,0.014510575504181054,0.012518409425626048,0.015209686946249358,0.018141429100333284
2018-06-11,55.1,55.5,54.7,55.4,55.4,2882,1.1130830263971965,1.1099330070560656,1.1226787856882279,1.151185828493876,1.151185828493876,0.008739985433357553,0.020821816841717255,0.021386430678466146,0.019506808980493236,0.02078419811320755,0.024345146379044613
2018-06-12,55.3,55.8,55.0,55.1,55.1,2882,1.1373847149831404,1.1460692801462693,1.1594794584034396,1.1148001803334515,1.1148001803334515,0.0003631082062455179,0.013426521979032761,0.0153562653562654,0.01296075006894026,0.014060659599529044,0.017794470783818822
2018-06-13,55.1,56.0,55.0,55.5,55.5,2882,1.1130830263971965,1.1701601288730725,1.1594794584034396,1.1633143778806847,1.1633143778806847,0.0054347826086956,0.0159253157605712,0.020846106683016546,0.019751952227836527,0.0199955892082629,0.023922268003197838
2018-06-14,55.4,55.7,54.5,54.5,54.5,2882,1.1495355592761127,1.1340238557828688,1.0981450038780862,1.042028884012601,1.042028884012601,-0.010889292196007285,-0.00402046783625716,0.0020838440794312975,0.001746163036485727,0.0007344840249724412,0.004484855931682723
2018-06-15,54.4,55.3,54.3,55.3,55.3,2882,1.0280271163463905,1.0858421583292626,1.0736112220679443,1.1390572791070677,1.1390572791070677,0.002538071065989729,0.007285974499089227,0.015051395007342018,0.015610651974288233,0.014902363823227089,0.01766654398233334
2018-06-19,54.3,55.5,54.2,55.0,55.0,2882,1.0158762720534182,1.1099330070560656,1.0613443311628743,1.1026716309466429,1.1026716309466429,-0.0014524328249818136,0.0,0.00843417675100845,0.010101010101010048,0.00939656438114815,0.01090552628354369
2018-06-20,55.0,55.9,54.5,55.5,55.5,2882,1.100932182104224,1.158114704509671,1.0981450038780862,1.1633143778806847,1.1633143778806847,0.006163886874546705,0.006894049346879452,0.01586333129957292,0.0185355111029545,0.01745251888245212,0.018847142332639767
2018-06-21,56.0,56.3,55.6,55.9,55.9,2882,1.2224406250339461,1.2062964019632763,1.233080803833864,1.211828575427918,1.211828575427918,0.011947863866763282,0.012314378848243516,0.01945288753799385,0.02409086745442883,0.024034586355975628,0.024747937671860707
2018-06-22,55.8,56.2,55.6,56.0,56.0,2882,1.1981389364480013,1.1942509775998755,1.233080803833864,1.2239571248147265,1.2239571248147265,0.008282319049333828,0.012292118582791159,0.018305249121105607,0.024234110653863793,0.025040269439156576,0.024890190336749624
2018-06-25,56.0,56.1,55.6,55.6,55.6,2882,1.2224406250339461,1.182205553236474,1.233080803833864,1.1754429272674933,1.1754429272674933,0.0,0.003972553268328024,0.008464328899637278,0.015339663988312569,0.016825164594001494,0.016949152542372933
2018-06-26,53.2,53.6,53.0,53.0,53.0,2882,0.8822169848307246,0.88106994415144,0.9141416403020256,0.8601006432104756,0.8601006432104756,-0.03985507246376817,-0.03881030105186798,-0.037530266343825724,-0.03116716936294681,-0.02930402930402933,-0.02942253693077773
2018-06-27,53.2,53.3,52.6,52.8,52.8,2882,0.8822169848307246,0.8449336710612355,0.8650740766817429,0.8358435444368585,0.8358435444368585,-0.034028540065861805,-0.03842651611728294,-0.03941782898726509,-0.03367496339677898,-0.031619103514049056,-0.03237629810629211
2018-06-28,52.5,53.2,52.5,53.0,53.0,2882,0.7971610747799188,0.8328882466978348,0.852807185776672,0.8601006432104756,0.8601006432104756,-0.01997041420118353,-0.03036955726308093,-0.033552151714077376,-0.030103394638118824,-0.027237354085603273,-0.027582410861720943
2018-06-29,53.0,54.0,53.0,53.8,53.8,2882,0.8579152962447798,0.9292516416050454,0.9141416403020256,0.9571290383049422,0.9571290383049422,0.0029828486204324495,-0.014471514929474249,-0.017531044558071602,-0.01564358247186894,-0.012264081662627714,-0.012239902080783311
2018-07-02,53.4,53.8,53.1,53.2,53.2,2882,0.9065186734166685,0.9051607928782422,0.9264085312070964,0.8843577419840927,0.8843577419840927,0.0007524454477050253,-0.021699154100772465,-0.026354319180087807,-0.026354319180087807,-0.02277736958119021,-0.02253797158255744
2018-07-03,53.2,53.3,51.8,52.1,52.1,2882,0.8822169848307246,0.8449336710612355,0.7669389494411767,0.7509436987292005,0.7509436987292005,-0.016610041525103727,-0.036790534294693936,-0.0426313855200294,-0.04482537354477942,-0.04157468727005147,-0.041045462911835154
2018-07-04,52.0,52.1,51.4,51.9,51.9,2882,0.7364068533150577,0.7003885787004197,0.717871385820894,0.7266865999555834,0.7266865999555834,-0.01704545454545452,-0.03405918481295375,-0.0425531914893618,-0.04639412034910425,-0.043705778301886794,-0.04308278532358182
2018-07-05,51.7,51.8,50.9,51.4,51.4,2882,0.6999543204361415,0.6642523056102151,0.6565369312955406,0.6660438530215416,0.6660438530215416,-0.020579268292682897,-0.035285285285285205,-0.04697156983930775,-0.05253456221198159,-0.051870434590127606,-0.050784856879039705
2018-07-06,51.1,51.2,50.6,51.0,51.0,2882,0.627049254678308,0.5919797594298077,0.6197362585803288,0.6175296554743083,0.6175296554743083,-0.017719568567026226,-0.033724895793861204,-0.0502793296089386,-0.05642923219241438,-0.0574406742071411,-0.05631283537901677
2018-07-09,51.5,51.7,51.0,51.7,51.7,2882,0.6756526318501966,0.6522068812468145,0.6688038222006114,0.7024295011819672,0.7024295011819672,0.0015497869043006255,-0.013170452376407668,-0.03292181069958844,-0.04054931799202008,-0.043230438966614694,-0.04206040392810826
2018-07-10,52.0,52.1,51.2,51.8,51.8,2882,0.7364068533150577,0.7003885787004197,0.6933376040107532,0.7145580505687749,0.7145580505687749,0.004654771140419107,-0.008991773483834052,-0.02716914986853635,-0.035471557583092846,-0.03981611922592119,-0.03884215734784761
2018-07-11,51.4,51.5,50.8,51.2,51.2,2882,0.6635017875572243,0.6281160325200114,0.6442700403904696,0.6417867542479254,0.6417867542479254,-0.004278490859587687,-0.017463058913836052,-0.0332326283987915,-0.0431695010278453,-0.04875148632580253,-0.04826817027077261
2018-07-12,51.3,52.1,51.0,52.1,52.1,2882,0.6513509432642519,0.7003885787004197,0.6688038222006114,0.7509436987292005,0.7509436987292005,0.010473235065942573,0.0015378700499807437,-0.011510245383253272,-0.02324709411323575,-0.03001191540065551,-0.03105821089827031
2018-07-13,52.3,52.3,51.8,52.2,52.2,2882,0.772859386193974,0.7244794274272219,0.7669389494411767,0.763072248116009,0.763072248116009,0.007722007722007832,0.0065561126108755,-0.004829689883070608,-0.0192578675434476,-0.026119402985074598,-0.028355152944096296
2018-07-16,52.3,52.3,51.8,52.0,52.0,2882,0.772859386193974,0.7244794274272219,0.7669389494411767,0.738815149342392,0.738815149342392,0.002699575780948719,0.0050251256281408025,-0.004085801838610786,-0.01997738409347912,-0.02767389678384437,-0.031176251397341922
2018-07-17,52.2,52.4,52.0,52.2,52.2,2882,0.7607085419010025,0.7365248517906234,0.7914727312513185,0.763072248116009,0.763072248116009,0.005005775895263864,0.008695652173913099,0.0007668711656442917,-0.013605442176870727,-0.021592442645074112,-0.02636160159164388
2018-07-18,52.5,52.8,52.3,52.7,52.7,2882,0.7971610747799188,0.7847065492442287,0.8282734039665303,0.8237149950500509,0.8237149950500509,0.008805513016845208,0.01678564537912401,0.010481912309855557,-0.0015157256536567903,-0.010440138200390517,-0.016056758775205498
2018-07-19,52.7,52.7,52.1,52.4,52.4,2882,0.8214627633658635,0.772661124880828,0.8037396221563894,0.7873293468896252,0.7873293468896252,0.0019120458891013657,0.009050645099171802,0.005500831521043784,-0.0038969679688243587,-0.013777008205977685,-0.02013339151031605
2018-07-20,52.7,52.8,52.2,52.3,52.3,2882,0.8214627633658635,0.7847065492442287,0.8160065130614602,0.7752007975028167,0.7752007975028167,-0.0003822629969420915,0.00461006530925845,0.005511407331453379,-0.0022892025944296936,-0.014026091546640654,-0.020354645354645342
2018-07-23,52.5,52.6,52.3,52.3,52.3,2882,0.7971610747799188,0.7606157005174266,0.8282734039665303,0.7752007975028167,0.7752007975028167,-0.0015273004963726289,0.0034535686876437568,0.00667265494674703,0.0008611616113290921,-0.011790492026301912,-0.018700356495090432
2018-07-24,52.3,52.4,51.7,52.1,52.1,2882,0.772859386193974,0.7365248517906234,0.7546720585361067,0.7509436987292005,0.7509436987292005,-0.004965622612681398,-0.0009587727708532533,0.002823046323623796,-0.0021068760773798015,-0.01340705953643371,-0.02043118576084217
2018-07-25,51.9,52.4,51.8,52.1,52.1,2882,0.7242560090220853,0.7365248517906234,0.7669389494411767,0.7509436987292005,0.7509436987292005,-0.002679938744257149,-0.002679938744257149,0.002565747273893512,-0.0014374700527071537,-0.010859659781287887,-0.01858596006530198
2018-07-26,52.2,52.2,51.6,52.1,52.1,2882,0.7607085419010025,0.7124340030638212,0.7424051676310358,0.7509436987292005,0.7509436987292005,-0.0015331544653122116,-0.002679938744257149,0.0016662394257882466,-0.0005754843660079423,-0.007996953541508029,-0.016486282406242163
2018-07-27,51.9,52.4,51.8,52.4,52.4,2882,0.7242560090220853,0.7365248517906234,0.7669389494411767,0.7873293468896252,0.7873293468896252,0.003831417624520991,0.0026789131266741952,0.005629477993858677,0.006530925854782871,0.0004582251412859669,-0.009514208304454609
2018-07-30,52.4,52.5,52.0,52.2,52.2,2882,0.7850102304869464,0.7485702761540249,0.7914727312513185,0.763072248116009,0.763072248116009,0.0003832886163282912,-0.0015302218821727468,0.0011507479861910678,0.0036531436262256817,-0.0007656967840734906,-0.011363636363636256
2018-07-31,51.9,52.7,51.9,52.7,52.7,2882,0.7242560090220853,0.772661124880828,0.7792058403462476,0.8237149950500509,0.8237149950500509,0.007648183556405463,0.007070514045480691,0.009578544061302681,0.012682551883166866,0.009037298001072384,-0.00044256180059429903
2018-08-01,52.6,52.8,52.3,52.5,52.5,2882,0.8093119190728911,0.7847065492442287,0.8282734039665303,0.7994578962764338,0.7994578962764338,0.002290950744559079,0.0036321926973809544,0.004080071401249616,0.008258114077203896,0.005438945916960434,-0.0023437005130804113
2018-08-02,52.2,52.5,52.0,52.0,52.0,2882,0.7607085419010025,0.7485702761540249,0.7914727312513185,0.738815149342392,0.738815149342392,-0.006875477463712747,-0.005165486894968493,-0.005355776587605089,-0.0019193857965451328,-0.0033731984053970185,-0.009398018796037572
2018-08-03,52.4,52.8,52.2,52.8,52.8,2882,0.7850102304869464,0.7847065492442287,0.8160065130614602,0.8358435444368585,0.8358435444368585,0.00686498855835212,0.009174311926605307,0.009174311926605307,0.011688062847288742,0.012735921436243561,0.00789004835836092
2018-08-06,52.8,53.0,52.5,53.0,53.0,2882,0.8336136076588351,0.8087973979710318,0.852807185776672,0.8601006432104756,0.8601006432104756,0.007604562737642559,0.011643443405229995,0.011707813693051598,0.014257008898669796,0.0167280540208717,0.013384321223709424
2018-08-07,52.8,53.0,52.5,52.5,52.5,2882,0.8336136076588351,0.8087973979710318,0.852807185776672,0.7994578962764338,0.7994578962764338,-0.0011415525114155684,0.001335113484646336,0.001780943900267149,0.0040160642570281286,0.006827247621969824,0.004144086707044984
2018-08-08,52.9,53.2,52.8,53.0,53.0,2882,0.8457644519518074,0.8328882466978348,0.8896078584918838,0.8601006432104756,0.8601006432104756,0.006456513482719261,0.00913937547600908,0.010935910478128263,0.011836578846887939,0.015559132367594037,0.013578122011856968
2018-08-09,53.1,53.2,52.5,52.7,52.7,2882,0.8700661405377522,0.8328882466978348,0.852807185776672,0.8237149950500509,0.8237149950500509,-0.0018939393939392864,0.0022822365918601095,0.0048303038006864895,0.005533295172676953,0.008805513016845345,0.008033664881407837
2018-08-10,52.6,53.2,52.6,53.0,53.0,2882,0.8093119190728911,0.8328882466978348,0.8650740766817429,0.8601006432104756,0.8601006432104756,0.0030280090840273223,0.006838905775075977,0.009652019304038629,0.010486177311725398,0.01299694189602446,0.014289359530492393
2018-08-13,52.8,52.8,51.9,52.0,52.0,2882,0.8336136076588351,0.7847065492442287,0.7792058403462476,0.738815149342392,0.738815149342392,-0.012158054711246211,-0.01178259217027728,-0.00902045483420142,-0.008579599618684515,-0.0063441106779790705,-0.004085801838610921
2018-08-14,52.0,52.3,51.9,52.2,52.2,2882,0.7364068533150577,0.7244794274272219,0.7792058403462476,0.763072248116009,0.763072248116009,-0.007227082540889986,-0.007038234734639614,-0.005335365853658558,-0.004766444232602478,-0.0028272331321157664,-0.0003191828917969815
2018-08-15,52.2,52.3,51.8,51.9,51.9,2882,0.7607085419010025,0.7244794274272219,0.7669389494411767,0.7266865999555834,0.7266865999555834,-0.008785332314744095,-0.011616834888592772,-0.010800508259212261,-0.009730967372638906,-0.009088131968840807,-0.006064474944143057
2018-08-16,51.7,51.7,51.2,51.5,51.5,2882,0.6999543204361415,0.6522068812468145,0.6933376040107532,0.6781724024083501,0.6781724024083501,-0.011895625479662403,-0.01829965688143349,-0.017675483214648954,-0.01651866704860107,-0.01627444987775055,-0.01378782075833012
2018-08-17,51.8,52.0,51.6,51.8,51.8,2882,0.7121051647291129,0.6883431543370182,0.7424051676310358,0.7145580505687749,0.7145580505687749,-0.0015420200462608422,-0.010695187165775444,-0.01119877831509302,-0.010317157050057302,-0.01024151635585464,-0.008549189740972423
2018-08-20,51.6,51.9,51.3,51.3,51.3,2882,0.6878034761431691,0.6762977299736167,0.7056044949158232,0.653915303634733,0.653915303634733,-0.008504058755314993,-0.01705307530178196,-0.019620333800484217,-0.01893287435456114,-0.019270474879559584,-0.01786853860880671
2018-08-21,51.7,51.9,51.4,51.9,51.9,2882,0.6999543204361415,0.6762977299736167,0.717871385820894,0.7266865999555834,0.7266865999555834,0.004256965944272562,-0.00441204680606198,-0.00714194618033417,-0.007268553940321261,-0.007572280862781242,-0.0064450258439155
2018-08-22,51.8,52.1,51.5,52.1,52.1,2882,0.7121051647291129,0.7003885787004197,0.730138276725965,0.7509436987292005,0.7509436987292005,0.007347254447022616,0.001152959262106116,-0.002807196631364073,-0.0034429992348889178,-0.0032904805632077796,-0.003188775510204036
2018-08-23,52.1,52.5,51.8,52.5,52.5,2882,0.7485576976080301,0.7485702761540249,0.7669389494411767,0.7994578962764338,0.7994578962764338,0.01117103235747314,0.009227220299884736,0.004208110175975495,0.0038240917782027314,0.004284949116229317,0.004208110175975495
2018-08-24,52.4,52.8,52.3,52.8,52.8,2882,0.7850102304869464,0.7847065492442287,0.8282734039665303,0.8358435444368585,0.8358435444368585,0.013046815042210141,0.01538461538461533,0.009946442234124008,0.009174311926605581,0.009637448370812395,0.009560229445506692
2018-08-27,53.0,53.0,52.7,52.8,52.8,2882,0.8579152962447798,0.8087973979710318,0.8773409675868138,0.8358435444368585,0.8358435444368585,0.007249141549027139,0.013824884792626706,0.010204081632653026,0.008595988538681867,0.009251471825062975,0.009045738310612736
2018-08-28,53.0,53.0,52.6,52.7,52.7,2882,0.8579152962447798,0.8087973979710318,0.8650740766817429,0.8237149950500509,0.8237149950500509,0.0022822365918599738,0.010934202954153222,0.008033664881407974,0.00668576886341932,0.0068781047000382005,0.006813984588932098
2018-08-29,52.5,52.6,52.2,52.6,52.6,2882,0.7971610747799188,0.7606157005174266,0.8160065130614602,0.8115864456632423,0.8115864456632423,-0.001518602885345315,0.007662835249042118,0.006634345496300162,0.004679591252029502,0.0045836516424752095,0.004967520061138806
2018-08-30,52.6,52.7,52.2,52.2,52.2,2882,0.8093119190728911,0.772661124880828,0.8160065130614602,0.763072248116009,0.763072248116009,-0.007981755986317021,-0.0013392003061029325,-0.000382995021064786,-0.0031509596104266602,-0.0031319226949813126,-0.0025477707006369334
2018-08-31,52.0,52.6,51.9,52.6,52.6,2882,0.7364068533150577,0.7606157005174266,0.7792058403462476,0.8115864456632423,0.8115864456632423,0.0003803727653099281,0.004775549188156638,0.007791544258525848,0.0046795912520293656,0.004353471320552997,0.004903521620072481
2018-09-03,52.2,52.3,51.9,52.0,52.0,2882,0.7607085419010025,0.7244794274272219,0.7792058403462476,0.738815149342392,0.738815149342392,-0.008012209080503657,-0.008012209080503657,-0.0037041767786436747,-0.005831182487334037,-0.006951340615690116,-0.006369426751592401
2018-09-04,52.0,52.5,52.0,52.2,52.2,2882,0.7364068533150577,0.7485702761540249,0.7914727312513185,0.763072248116009,0.763072248116009,-0.0022935779816514626,-0.004766444232602478,0.00012773023374634772,-0.0017211703958691204,-0.0027510316368639276,-0.0026112986433984428
2018-09-05,52.0,52.1,51.7,51.8,51.8,2882,0.7364068533150577,0.7003885787004197,0.7546720585361067,0.7145580505687749,0.7145580505687749,-0.006901840490797671,-0.011827546737886389,-0.0074092999489015834,-0.00823281638904857,-0.009863139383745036,-0.0100649764301187
2018-09-06,51.5,51.9,51.3,51.5,51.5,2882,0.6756526318501966,0.6762977299736167,0.7056044949158232,0.6781724024083501,0.6781724024083501,-0.009996155324875107,-0.015672782874617874,-0.013157894736842254,-0.012842629863906493,-0.015221049411044943,-0.015421871017078733
2018-09-07,51.2,51.4,51.0,51.2,51.2,2882,0.6392000989712804,0.6160706081566099,0.6688038222006114,0.6417867542479254,0.6417867542479254,-0.010436799381522846,-0.018404907975460138,-0.018153924827409712,-0.01689708141321036,-0.01975800275693055,-0.02040816326530605
2018-09-10,51.3,51.4,50.6,50.9,50.9,2882,0.6513509432642519,0.6160706081566099,0.6197362585803288,0.6054011060874998,0.6054011060874998,-0.012034161490683317,-0.02058880123147984,-0.023407521105141958,-0.021624219125420473,-0.02393188617013112,-0.025339886385396138
2018-09-11,50.9,50.9,50.3,50.5,50.5,2882,0.6027475660923632,0.5558434863396031,0.5829355858651162,0.5568869085402665,0.5568869085402665,-0.013286440015630964,-0.024154589371980676,-0.029343926191696512,-0.027724297266076198,-0.030114465698701524,-0.03163950143815913
2018-09-12,50.5,50.7,50.4,50.5,50.5,2882,0.5541441889204746,0.5317526376128009,0.595202476770187,0.5568869085402665,0.5568869085402665,-0.008248232521602547,-0.02017850213426463,-0.027349768875192502,-0.026412184306920966,-0.028248152709359407,-0.030400000000000045
2018-09-13,50.7,50.9,50.5,50.5,50.5,2882,0.5784458775064193,0.5558434863396031,0.6074693676752579,0.5568869085402665,0.5568869085402665,-0.004337539432176773,-0.016935954837453582,-0.024845520082389196,-0.025472790428405893,-0.026599845797995424,-0.029468289557975622
2018-09-14,51.0,51.3,50.7,51.2,51.2,2882,0.6148984103853357,0.6040251837932084,0.6320031494853997,0.6417867542479254,0.6417867542479254,0.009463722397476419,-0.0005855943782938519,-0.009287925696594366,-0.011392160648773823,-0.01173563928350828,-0.015005771450557927
2018-09-17,50.9,51.2,50.8,51.2,51.2,2882,0.6027475660923632,0.5919797594298077,0.6442700403904696,0.6417867542479254,0.6417867542479254,0.00827097282394661,0.000977517106549448,-0.0072388831437435654,-0.011296707540793682,-0.011124845488257117,-0.013867488443759608
2018-09-18,50.8,51.2,50.7,50.9,50.9,2882,0.5905967217993908,0.5919797594298077,0.6320031494853997,0.6054011060874998,0.6054011060874998,0.0007864726700746982,-0.002352018816150618,-0.010754081368230271,-0.016139943945104877,-0.015930709148557827,-0.018637532133676128
2018-09-19,51.1,51.6,51.1,51.4,51.4,2882,0.627049254678308,0.640161456883413,0.6810707131056823,0.6660438530215416,0.6660438530215416,0.007053291536050005,0.008238524911729984,0.0005190760446404827,-0.005802707930367587,-0.005879622466346801,-0.007977354606279099
2018-09-20,51.6,52.4,51.5,52.2,52.2,2882,0.6878034761431691,0.7365248517906234,0.730138276725965,0.763072248116009,0.763072248116009,0.01595951732191529,0.022526934378060838,0.01609135738385676,0.009964206249395386,0.00904662491301329,0.007786858871227286
2018-09-21,52.3,53.0,51.9,52.9,52.9,2882,0.772859386193974,0.8087973979710318,0.7792058403462476,0.8479720938236671,0.8479720938236671,0.02281515854601687,0.0327996876220225,0.02931638344791804,0.02340878313019928,0.021708899876390512,0.021366971296177165
2018-09-25,53.2,53.2,52.7,52.8,52.8,2882,0.8822169848307246,0.8328882466978348,0.8773409675868138,0.8358435444368585,0.8358435444368585,0.014604150653343544,0.027037541334370616,0.026305559155112058,0.021474172954149728,0.018597113974843572,0.018911617136240774
2018-09-26,52.6,53.0,52.3,53.0,53.0,2882,0.8093119190728911,0.8087973979710318,0.8282734039665303,0.8601006432104756,0.8601006432104756,0.010293556995806313,0.025938830816879525,0.02912621359223301,0.025045933662121687,0.02158828064764837,0.0222450816510223
2018-09-27,52.7,53.1,52.3,52.8,52.8,2882,0.8214627633658635,0.8208428223344333,0.8282734039665303,0.8358435444368585,0.8358435444368585,0.0011376564277588601,0.017537097706687158,0.02391725921137674,0.020980373199265222,0.017184249056022113,0.017798624943776743
2018-09-28,52.7,53.2,52.4,52.5,52.5,2882,0.8214627633658635,0.8328882466978348,0.8405402948716012,0.7994578962764338,0.7994578962764338,-0.005681818181818128,0.007870992512958412,0.016785022595222732,0.014884979702300329,0.011404793095476588,0.011365825467154618
2018-10-01,52.9,53.0,52.7,52.9,52.9,2882,0.8457644519518074,0.8087973979710318,0.8773409675868138,0.8479720938236671,0.8479720938236671,0.0018939393939394209,0.012246460007653911,0.022288070085029543,0.02232099719779677,0.019032208352596554,0.018352156057494864
2018-10-02,52.6,52.8,52.2,52.3,52.3,2882,0.8093119190728911,0.7847065492442287,0.8160065130614602,0.7752007975028167,0.7752007975028167,-0.007590132827324586,-0.0013366431162880922,0.008873456790123335,0.010432766615146676,0.007862483619825817,0.006156213928434019
2018-10-03,52.2,52.5,52.1,52.2,52.2,2882,0.7607085419010025,0.7485702761540249,0.8037396221563894,0.763072248116009,0.763072248116009,-0.006471259992386682,-0.0057142857142856605,0.004747850635185344,0.008500772797527003,0.006323257248611887,0.004039238315060605
2018-10-04,52.1,52.3,51.6,51.7,51.7,2882,0.7485576976080301,0.7244794274272219,0.7424051676310358,0.7024295011819672,0.7024295011819672,-0.011850152905198861,-0.01580049495526349,-0.00640614990390766,-0.001062699256110378,-0.002623659232965287,-0.005322901301866165
2018-10-05,51.5,51.6,50.9,51.2,51.2,2882,0.6756526318501966,0.640161456883413,0.6565369312955406,0.6417867542479254,0.6417867542479254,-0.016519400691509784,-0.02345985123021152,-0.01689708141321049,-0.010436799381522846,-0.011506680052513506,-0.01412066752246458
2018-10-08,51.2,52.0,51.1,51.9,51.9,2882,0.6392000989712804,0.6883431543370182,0.6810707131056823,0.7266865999555834,0.7266865999555834,0.0007713073659853287,-0.00821708389069367,-0.004348382146054481,0.0024142926122646064,0.002549837737598476,-6.422195106281488e-05
2018-10-09,51.7,52.8,51.6,52.4,52.4,2882,0.6999543204361415,0.7847065492442287,0.7424051676310358,0.7873293468896252,0.7873293468896252,0.01002313030069397,0.0021036527060623337,0.0037032307495850174,0.010607521697203416,0.011895566198053447,0.009828483330121372
2018-10-11,50.5,51.3,50.1,50.1,50.1,2882,0.5541441889204746,0.6040251837932084,0.5584018040549753,0.5083727109930332,0.5083727109930332,-0.026428293820443052,-0.03653846153846151,-0.039371085261408555,-0.03337835230561445,-0.030947775628626717,-0.032880767003410194
2018-10-12,49.8,50.8,49.35,50.6,50.6,2882,0.46908827886966875,0.5437980619762016,0.46640012226694494,0.569015457927075,0.569015457927075,-0.012490241998438867,-0.022788721514097967,-0.02879078694817658,-0.02382560046300761,-0.020367071943003166,-0.02197023387668327
2018-10-15,50.0,50.4,49.75,50.0,50.0,2882,0.4933899674556135,0.49561636452259633,0.5154676858872276,0.49624416160622464,0.49624416160622464,-0.0196078431372549,-0.029691441878517254,-0.03759784421917105,-0.034935340667824784,-0.03085749728640097,-0.03219562552422738
2018-10-16,50.0,50.4,49.85,50.4,50.4,2882,0.4933899674556135,0.49561636452259633,0.5277345767922985,0.5447583591534579,0.5447583591534579,-0.0059171597633136935,-0.017160686427457283,-0.026776519052523106,-0.02646320262700401,-0.022498060512024895,-0.023066485753052875
2018-10-17,50.5,50.8,49.95,50.0,50.0,2882,0.5541441889204746,0.5437980619762016,0.5400014676973693,0.49624416160622464,0.49624416160622464,-0.004380724810832456,-0.02056807051909887,-0.031007751937984523,-0.03306903887062465,-0.029578448878192838,-0.029565892475900753
2018-10-18,50.0,50.1,49.75,50.0,50.0,2882,0.4933899674556135,0.4594800914323926,0.5154676858872276,0.49624416160622464,0.49624416160622464,-0.003984063745019977,-0.01632893960259686,-0.027237354085603085,-0.03222684602729119,-0.02920161540851205,-0.02818270165208946
2018-10-19,49.65,50.4,49.3,50.3,50.3,2882,0.45086201243021057,0.49561636452259633,0.4602666768144091,0.5326298097666494,0.5326298097666494,0.003191065017949673,-0.007693825212073398,-0.018217306441119137,-0.025382677775624925,-0.02322510486251369,-0.02140077821011676
2018-10-22,50.0,50.3,49.7,50.3,50.3,2882,0.4933899674556135,0.4835709401591948,0.5093342404346926,0.5326298097666494,0.5326298097666494,0.001992031872509847,-0.005928853754940795,-0.015398668928618077,-0.02358536348636326,-0.023073337476693646,-0.02063862928348914
2018-10-23,49.8,50.0,49.3,49.3,49.3,2882,0.46908827886966875,0.44743466706899104,0.4602666768144091,0.4113443158985658,0.4113443158985658,-0.013605442176870744,-0.020659515295987408,-0.03041825095057035,-0.039641570078893615,-0.04107990352446903,-0.03892390668659438
2018-10-24,49.35,49.75,49.0,49.75,49.75,2882,0.4144094795512943,0.4173211061604877,0.4234660040991973,0.46592278813920374,0.46592278813920374,-0.003605047065892102,-0.006490264603095413,-0.018285864631980446,-0.027988081863918282,-0.03123417844763795,-0.029426109575678743
2018-10-25,48.6,48.95,48.5,48.7,48.7,2882,0.32327814735400273,0.32095771125327716,0.36213154957384375,0.3385730195777163,0.3385730195777163,-0.01952889067847793,-0.024732151797336524,-0.03456023260424236,-0.0444891352332367,-0.050052666484609466,-0.0487971613659299
2018-10-26,48.7,48.7,47.0,47.4,47.4,2882,0.3354289916469751,0.2908441503447738,0.17812818599778318,0.18090187754920703,0.18090187754920703,-0.03442656345487875,-0.04464375692834821,-0.05496112181830267,-0.06504265496326261,-0.07251594724689867,-0.07231627360798513
2018-10-29,47.5,48.0,47.0,47.5,47.5,2882,0.18961886013130824,0.20652617980096394,0.17812818599778318,0.19303042693601555,0.19303042693601555,-0.021223985163816076,-0.037779803504507145,-0.04828691644960923,-0.058427077654987954,-0.06712753839506656,-0.06853613099323458
2018-10-30,48.05,48.4,47.8,48.35,48.35,2882,0.25644850374265504,0.25470787725456917,0.27626331323834846,0.2961230967238868,0.2961230967238868,0.00020686801820434444,-0.016476810414971566,-0.02664071936652793,-0.03723616089207482,-0.04702775149795009,-0.05009823182711193
2018-10-31,48.45,49.0,48.35,49.0,49.0,2882,0.3050518809145446,0.3269804234349775,0.3437312132162379,0.374958667738141,0.374958667738141,0.016808466486822892,-0.0012229922543824353,-0.009033301874073193,-0.021076815502946614,-0.03131424956507979,-0.03593913955928649
2018-11-01,48.5,48.8,48.4,48.75,48.75,2882,0.31112730306103037,0.30288957470817446,0.34986465866877287,0.3446372942711201,0.3446372942711201,0.011410788381742679,-0.003780525186471897,-0.012291483757682227,-0.02270335287926628,-0.03300670448684878,-0.03950349719239488
2018-11-02,48.9,49.5,48.45,49.5,49.5,2882,0.359730680232919,0.3872075452519843,0.3559981041213088,0.43560141467218283,0.43560141467218283,0.01809954751131212,0.01320233343567692,0.004396347649644949,-0.00547491084434163,-0.015552285111968428,-0.023508137432188127
2018-11-05,48.9,49.6,48.8,49.6,49.6,2882,0.359730680232919,0.3992529696153858,0.39893222228905556,0.4477299640589914,0.4477299640589914,0.011419249592169558,0.016705954699190277,0.006970291669486372,-0.001861447904613395,-0.011282541960690557,-0.019859697658334067
2018-11-06,49.7,49.7,49.25,49.4,49.4,2882,0.4569374345766972,0.41129839397878737,0.45413323136187406,0.4234728652853743,0.4234728652853743,0.0030456852791877886,0.012398811353622233,0.004269160398454843,-0.003379230342462236,-0.012513492983648457,-0.021556135080711813
2018-11-07,49.7,50.4,49.6,50.1,50.1,2882,0.4569374345766972,0.49561636452259633,0.4970673495296217,0.5083727109930332,0.5083727109930332,0.012734990903577978,0.026008601269711308,0.018361677620434898,0.013093372428087576,0.003244022588009112,-0.005919507920235431
2018-11-08,50.4,51.0,50.1,50.9,50.9,2882,0.5419933446275021,0.5678889107030046,0.5584018040549753,0.6054011060874998,0.6054011060874998,0.02004008016032064,0.037716615698267106,0.033362658185017206,0.028438652321058872,0.020326344064467046,0.011358744246116997
2018-11-09,50.6,51.1,50.1,51.0,51.0,2882,0.566295033213447,0.5799343350664061,0.5584018040549753,0.6175296554743083,0.6175296554743083,0.015936254980079625,0.03217972070431079,0.03441281860590912,0.030042918454935563,0.02290505034297396,0.014555220317628776
2018-11-12,50.8,51.1,50.5,50.8,50.8,2882,0.5905967217993908,0.5799343350664061,0.6074693676752579,0.5932725567006912,0.5932725567006912,0.007137192704203003,0.02131081624447115,0.029660158097425806,0.02517531910599859,0.019220737530596655,0.011717064427257898
2018-11-13,49.4,50.5,49.35,50.2,50.2,2882,0.4204849016977801,0.5076617888859979,0.46640012226694494,0.5205012603798418,0.5205012603798418,-0.00790513833992092,0.0055082623935904995,0.016262905729131544,0.01327143361760117,0.008558685257363466,0.00156286369833405
2018-11-14,50.4,50.5,50.2,50.4,50.4,2882,0.5419933446275021,0.5076617888859979,0.5706686949600461,0.5447583591534579,0.5447583591534579,-0.005132254243979572,0.006691301308299228,0.01941747572815521,0.01689785624211851,0.014206946512657382,0.00682537040119864
2018-11-15,50.7,50.9,50.3,50.8,50.8,2882,0.5784458775064193,0.5558434863396031,0.5829355858651162,0.5932725567006912,0.5932725567006912,0.003159557661927263,0.010543067435846452,0.024606696248487124,0.02414192833022525,0.021680543823659464,0.01576298863598495
2018-11-16,50.8,50.8,50.5,50.7,50.7,2882,0.5905967217993908,0.5437980619762016,0.6074693676752579,0.5811440073138836,0.5811440073138836,0.002372479240806733,0.0061520142885493605,0.01807228915662662,0.021713940248879047,0.019587338615613493,0.014439590489212081
2018-11-19,50.8,51.0,50.4,51.0,51.0,2882,0.5905967217993908,0.5678889107030046,0.595202476770187,0.6175296554743083,0.6175296554743083,0.0075069142631370095,0.009301405105877816,0.019320453031312496,0.02703519105875233,0.024796045492906694,0.020578327719040845
2018-11-20,50.7,50.8,50.2,50.2,50.2,2882,0.5784458775064193,0.5437980619762016,0.5706686949600461,0.5205012603798418,0.5205012603798418,-0.008297115764519846,-0.008101165777514258,0.0008639595932744711,0.0100095568633369,0.008882993689456975,0.0057097065010518625
2018-11-21,50.1,50.5,49.75,50.2,50.2,2882,0.5055408117485859,0.5076617888859979,0.5154676858872276,0.5205012603798418,0.5205012603798418,-0.0075128509292209465,-0.008297115764519846,-0.0007298785747461032,0.009552538964303699,0.008720813406743797,0.00718943320514966
2018-11-22,50.4,50.5,50.0,50.4,50.4,2882,0.5419933446275021,0.5076617888859979,0.5461349131499044,0.5447583591534579,0.5447583591534579,-0.0019801980198020084,-0.003361676883527817,0.0010593220338981884,0.01184501104195937,0.012414125587561813,0.010999297917154054
2018-11-23,50.0,50.3,49.9,49.95,49.95,2882,0.4933899674556135,0.4835709401591948,0.5338680222448335,0.49017988691282083,0.49017988691282083,-0.00794438927507459,-0.010205092638462171,-0.00846952954410102,0.00025031289111394927,0.0036569683330654667,0.0024081878386515063
2018-11-26,49.75,50.5,49.4,49.55,49.55,2882,0.463012856723183,0.5076617888859979,0.47253356771947996,0.4416656893655867,0.4416656893655867,-0.010187774670395486,-0.01569328565752879,-0.016344626786659693,-0.00979216626698645,-0.003779806184406337,-0.005319682826458048
2018-11-27,49.4,49.5,49.0,49.05,49.05,2882,0.4204849016977801,0.3872075452519843,0.4234660040991973,0.3810229424315449,0.3810229424315449,-0.01565322095123422,-0.023394723743155883,-0.02581926514399214,-0.02046929605591624,-0.013634169884169971,-0.014466546112115852
2018-11-28,49.05,49.3,48.6,48.8,48.8,2882,0.37795694667237717,0.36311669652518125,0.37439844047891463,0.3507015689645239,0.3507015689645239,-0.01513622603430878,-0.025267152701488216,-0.02911333642814506,-0.025267152701488216,-0.01791104850070438,-0.018700985320732087
2018-11-29,49.35,49.35,48.55,48.55,48.55,2882,0.4144094795512943,0.36913940870688244,0.36826499502637877,0.320380195497503,0.320380195497503,-0.012810085400569389,-0.025882825040128395,-0.03106705694518371,-0.030066926380980973,-0.022824249255293604,-0.02277835553020902
2018-11-30,48.55,48.95,48.5,48.55,48.55,2882,0.3172027252075161,0.32095771125327716,0.36213154957384375,0.320380195497503,0.320380195497503,-0.007157464212678821,-0.02166246851385396,-0.027898284722685802,-0.029145628155776832,-0.023728131912326558,-0.021629609726607053
2018-12-03,49.0,49.2,49.0,49.1,49.1,2882,0.3718815245258914,0.3510712721617806,0.4234660040991973,0.3870872171249496,0.3870872171249496,0.005941405449702912,-0.006776575300900189,-0.014649809351796186,-0.017656179662882014,-0.013937422179378952,-0.009747899159663884
2018-12-04,48.1,48.95,48.1,48.95,48.95,2882,0.2625239258891417,0.32095771125327716,0.3130639859535611,0.3688943930447372,0.3688943930447372,0.00327936052469776,-0.007300750354897432,-0.016014473331546507,-0.02021617293835064,-0.01742342125336228,-0.012540765894496243
2018-12-05,48.45,48.8,48.15,48.4,48.4,2882,0.3050518809145446,0.30288957470817446,0.31919743140609613,0.3021873714172907,0.3021873714172907,-0.00636419626360095,-0.014858538571137735,-0.024455791453910337,-0.02957393483709276,-0.02799534080411305,-0.022748687575716756
2018-12-06,48.4,48.45,47.95,48.25,48.25,2882,0.29897645876805795,0.26073058943627037,0.29466364959595526,0.2839945473370783,0.2839945473370783,-0.008221993833504596,-0.013595011755085335,-0.024135373828625538,-0.030004523294969086,-0.030618395146060347,-0.025482209580233547
2018-12-07,48.45,48.45,48.0,48.15,48.15,2882,0.3050518809145446,0.26073058943627037,0.3007970950484902,0.2718659979502698,0.2718659979502698,-0.008647313156269482,-0.012003693444136675,-0.022797997564605633,-0.029233870967741993,-0.03157683024939663,-0.027992732655945162
2018-12-10,47.6,47.8,47.5,47.6,47.6,2882,0.20176970442428063,0.18243533107416088,0.2394626405231367,0.2051589763228241,0.2051589763228241,-0.01388025688833633,-0.019365471775854917,-0.029495718363463343,-0.03721682847896433,-0.04109589041095889,-0.03916027452563581
2018-12-11,47.55,47.75,47.45,47.6,47.6,2882,0.195694282277794,0.17641261889246054,0.2333291950706017,0.2051589763228241,0.2051589763228241,-0.008333333333333304,-0.016427316871577533,-0.026053744373209516,-0.03467856418576355,-0.03970303421562305,-0.03867514894476406
2018-12-12,47.95,48.0,47.2,47.5,47.5,2882,0.24429765944968354,0.20652617980096394,0.20266196780792495,0.19303042693601555,0.19303042693601555,-0.006691760769552494,-0.01584999482026314,-0.024507119386637636,-0.033865554764568276,-0.03970564450913793,-0.03972505812190431
2018-12-13,47.65,48.25,47.6,48.25,48.25,2882,0.20784512657076637,0.23663974070946733,0.2517295314282076,0.2839945473370783,0.2839945473370783,0.00899205353408615,0.00031097750596041396,-0.006179196704428366,-0.016059138414478744,-0.022448235341788646,-0.024234049007381388
2018-12-14,47.9,47.9,47.55,47.55,47.55,2882,0.23822223730319692,0.1944807554375624,0.2455960859756717,0.1990947016294194,0.1990947016294194,-0.0031446540880504335,-0.012153318790900756,-0.01735895846249232,-0.027209492635024517,-0.033929297033726165,-0.03712453594330076
2018-12-17,47.85,47.95,47.55,47.7,47.7,2882,0.23214681515671115,0.2005034676192636,0.2455960859756717,0.21728752570963264,0.21728752570963264,-0.00041911148365456877,-0.00614647359099895,-0.011740331491712629,-0.02083547162065059,-0.028434088316767164,-0.0328467153284671
2018-12-18,47.5,47.6,47.1,47.2,47.2,2882,0.18961886013130824,0.15834448234735868,0.19039507690285407,0.1566447787755908,0.1566447787755908,-0.009235936188077198,-0.012965286491007894,-0.019594267119019484,-0.028106661175743886,-0.03626265926167925,-0.04155949641261662
2018-12-19,47.45,47.45,46.8,47.25,47.25,2882,0.18354343798482248,0.14027634580225684,0.15359440418764142,0.16270905346899464,0.16270905346899464,-0.007144358058415556,-0.009537784299339656,-0.01644462947543712,-0.024113182217173623,-0.03275332650972367,-0.03868976976026579
2018-12-20,47.25,47.7,46.9,47.0,47.0,2882,0.15924174939887772,0.1703899067107602,0.1658612950927123,0.13238768000197373,0.13238768000197373,-0.007182087029995698,-0.012189995796553138,-0.01953967039844226,-0.025856261982486185,-0.03486796172327406,-0.04124026790874773
2018-12-21,46.9,47.0,46.8,46.95,46.95,2882,0.1167137943734748,0.08607193616695039,0.15359440418764142,0.1263234053085699,0.1263234053085699,-0.005717916137229903,-0.010745891276864686,-0.018398494668618072,-0.023857788866365068,-0.03291587707011615,-0.03961543706532102
2018-12-22,47.0,47.0,46.85,46.85,46.85,2882,0.12886463866644718,0.08607193616695039,0.15972784964017728,0.11419485592176136,0.11419485592176136,-0.0042507970244419924,-0.011290492771974331,-0.017407718120805334,-0.023195204586916804,-0.03166466867843406,-0.03907291559840018
2018-12-24,46.7,46.8,46.2,46.5,46.5,2882,0.0924121057875309,0.061981087440147326,0.07999305875721788,0.07174493306793192,0.07174493306793192,-0.00874014069494785,-0.01639344262295079,-0.021396001403016465,-0.02790843524615869,-0.03594974499315825,-0.043832893519311855
2018-12-25,46.0,46.1,45.9,46.0,46.0,2882,0.007356195736725079,-0.02233688310366165,0.04319238604200523,0.011102186133890092,0.011102186133890092,-0.014144877839691462,-0.023872679045092837,-0.028647849651580258,-0.03553831638536535,-0.04298256563891321,-0.05125296483448502
2018-12-26,46.05,46.4,46.0,46.0,46.0,2882,0.01343161788321084,0.013799389986542074,0.055459276947076114,0.011102186133890092,0.011102186133890092,-0.009900990099009918,-0.019189765458422145,-0.025561361389634312,-0.032953171808482735,-0.039465441637085,-0.048111743404035234
2018-12-27,46.5,46.7,46.3,46.7,46.7,2882,0.06811041720158613,0.049935663076746656,0.09225994966228789,0.09600203184154898,0.09600203184154898,0.006248653307476818,-0.002456477624692831,-0.008703035448949195,-0.016324381253291175,-0.02219430485762134,-0.03095279266816532
2018-12-28,46.75,47.0,46.4,47.0,47.0,2882,0.09848752793401666,0.08607193616695039,0.10452684056735877,0.13238768000197373,0.13238768000197373,0.012058570198104976,0.0054551288907905135,-0.0014871468026343804,-0.007810850749419559,-0.013806706114398447,-0.022021848448066518
2019-01-02,47.2,47.25,45.9,45.9,45.9,2882,0.15316632725239196,0.11618549707545377,0.04319238604200523,-0.001026363252918445,-0.001026363252918445,-0.009067357512953556,-0.015338410382924024,-0.02250301696599713,-0.027902790279027957,-0.03433476394849781,-0.04205363664823126
2019-01-03,45.8,45.85,45.15,45.15,45.15,2882,-0.016945492849219687,-0.05245044401216504,-0.048809295746025064,-0.09199048365398117,-0.09199048365398117,-0.021668472372697724,-0.027044499515138508,-0.03525641025641023,-0.04048453936882374,-0.04718693284936488,-0.054384250209438795
2019-01-04,44.7,44.95,44.3,44.55,44.55,2882,-0.1506047800719133,-0.16085926328277708,-0.15307786843912624,-0.16476177997483155,-0.16476177997483155,-0.02856519843000441,-0.03487868284228783,-0.04303308033796357,-0.04949861318540645,-0.056663702197941715,-0.06312432091409341
2019-01-07,45.1,45.55,44.95,45.2,45.2,2882,-0.10200140290002464,-0.08858671710236962,-0.07334307755616595,-0.08592620896057648,-0.08592620896057648,-0.007901668129938375,-0.01707078395128839,-0.025792082764566394,-0.032586013162823065,-0.040176675443812024,-0.04627936418624282
2019-01-08,45.55,45.6,45.1,45.15,45.15,2882,-0.04732260358165021,-0.08256400492066843,-0.054942741198560074,-0.09199048365398117,-0.09199048365398117,-0.0008851515822084344,-0.014514896867838026,-0.023291029708681885,-0.03111587982832624,-0.03801082370989061,-0.04437702836178914
2019-01-09,45.6,46.1,45.35,45.95,45.95,2882,-0.041247181435163593,-0.02233688310366165,-0.024275513935883307,0.005037911440486254,0.005037911440486254,0.0165929203539823,0.004152097902097852,-0.00418984324207169,-0.01219970978663934,-0.01845601743068292,-0.025312875627518803
2019-01-10,45.95,46.0,45.8,45.85,45.85,2882,0.0012807735902393186,-0.03438230746706318,0.03092549513693435,-0.007090637946322282,-0.007090637946322282,0.011248345831495324,0.00229533282325946,-0.004343105320303925,-0.01259825562614409,-0.018453502312039623,-0.025401211605909094
2019-01-11,45.8,46.0,45.5,45.55,45.55,2882,-0.016945492849219687,-0.03438230746706318,-0.00587517757827742,-0.04347628610674789,-0.04347628610674789,0.00021958717610887156,-0.0032822757111598618,-0.008777020165385384,-0.016198704103671708,-0.02261608445626989,-0.029715624667163914
2019-01-14,45.15,45.15,44.4,44.4,44.4,2882,-0.09592598075353888,-0.13676841455597488,-0.14081097753405536,-0.1829546040550439,-0.1829546040550439,-0.02159541648303226,-0.023531999120299258,-0.030214779759737888,-0.03776345018150295,-0.04421578335557775,-0.05141717704030764
2019-01-15,44.4,44.4,43.7,43.75,43.75,2882,-0.18705731295083047,-0.22710909728148504,-0.22667921386954978,-0.2617901750692981,-0.2617901750692981,-0.02993348115299338,-0.030900431941521832,-0.040078987786147914,-0.04777451300467951,-0.055075593952483744,-0.06172927762090282
2019-01-16,43.75,43.85,43.35,43.6,43.6,2882,-0.26603780085514966,-0.2933589312801922,-0.2696133320372974,-0.27998299914951047,-0.27998299914951047,-0.02307864665023529,-0.02927752421240115,-0.0392948953360264,-0.04730689391456351,-0.05504984828781966,-0.06135629709364925
2019-01-17,43.55,43.95,43.5,43.8,43.8,2882,-0.29033948944109444,-0.28131350691679063,-0.2512129956796916,-0.25572590037589427,-0.25572590037589427,-0.009497964721845357,-0.02188476998660125,-0.03175889764939947,-0.03931567692054608,-0.04766046268916334,-0.053927568579451426
2019-01-18,43.9,43.9,43.35,43.5,43.5,2882,-0.2478115344156915,-0.28733621909849183,-0.2696133320372974,-0.29211154853631904,-0.29211154853631904,-0.007076010043369146,-0.02630106323447112,-0.034834701575327275,-0.042219408818186754,-0.050259813981922176,-0.05718310876711343
2019-01-21,43.65,44.0,43.6,43.8,43.8,2882,-0.278188645148122,-0.2752907947350903,-0.23894610477462067,-0.25572590037589427,-0.25572590037589427,0.0025177386129548967,-0.016503873358033154,-0.023991680903216253,-0.032258064516129205,-0.04056777359151853,-0.047688070734889156
2019-01-22,43.9,44.3,43.9,44.2,44.2,2882,-0.2478115344156915,-0.23915452164488657,-0.2021454320594089,-0.2072117028286601,-0.2072117028286601,0.0095934216537232,-0.005400540054005445,-0.010964421570821257,-0.020552877956899782,-0.028827561961680383,-0.03661726242371403
2019-01-23,43.8,44.05,43.75,43.75,43.75,2882,-0.2599623787086639,-0.26926808255338996,-0.2205457684170148,-0.2617901750692981,-0.2617901750692981,-0.001369550330974715,-0.01062867480777926,-0.017883867105656995,-0.027561680373416206,-0.03579142240049357,-0.04375068303522652
2019-01-24,43.8,43.9,43.5,43.55,43.55,2882,-0.2599623787086639,-0.28733621909849183,-0.2512129956796916,-0.2860472738429152,-0.2860472738429152,-0.00479890310786108,-0.010002273243919182,-0.020027002700269886,-0.029364239148604282,-0.03705832927961781,-0.045374835598421905
2019-01-25,43.55,43.8,43.5,43.5,43.5,2882,-0.29033948944109444,-0.29938164346189333,-0.2512129956796916,-0.29211154853631904,-0.29211154853631904,-0.0059414990859231725,-0.006509078451524579,-0.019607843137254846,-0.027770017321338766,-0.0351772168744176,-0.04314990651464602
2019-01-28,43.6,43.8,43.35,43.8,43.8,2882,-0.2842640672946078,-0.29938164346189333,-0.2696133320372974,-0.25572590037589427,-0.25572590037589427,0.0009140767824495438,0.0017152658662091648,-0.010765640292102686,-0.01788216828297549,-0.025800711743772322,-0.033894566575987106
2019-01-29,43.7,43.9,43.55,43.9,43.9,2882,-0.27211322300163543,-0.28733621909849183,-0.24507955022715655,-0.24359735098908572,-0.24359735098908572,0.004576659038901504,0.0036579789666208637,-0.006637501885654018,-0.012206784046801979,-0.02100709156594265,-0.028975890289759106
2019-01-30,43.85,43.9,43.6,43.6,43.6,2882,-0.2538869565621773,-0.28733621909849183,-0.23894610477462067,-0.27998299914951047,-0.27998299914951047,-0.001602931073963826,-0.0032007315957931753,-0.009915979108318842,-0.01641193390107719,-0.0251755131243573,-0.0330450210689732
2019-02-11,43.85,44.0,43.55,43.55,43.55,2882,-0.2538869565621773,-0.2752907947350903,-0.24507955022715655,-0.2860472738429152,-0.2860472738429152,-0.0027478818410809377,-0.003774448129932498,-0.007595898214963974,-0.015763602463416126,-0.024155238863493838,-0.03150481838398824
2019-02-12,43.6,44.2,43.55,43.9,43.9,2882,-0.2842640672946078,-0.25119994600828727,-0.24507955022715655,-0.24359735098908572,-0.24359735098908572,0.0034285714285713963,0.003313906982059265,0.0028936947913495038,-0.007124279090806396,-0.0144576149425287,-0.02147262055130407
2019-02-13,43.95,44.4,43.9,44.3,44.3,2882,-0.24173611226920488,-0.22710909728148504,-0.2021454320594089,-0.19508315344185245,-0.19508315344185245,0.010262257696693176,0.01130007989955495,0.012185833968012143,0.0029431741000678162,-0.0033297336213103683,-0.010608598548297073
2019-02-14,44.3,44.7,44.25,44.55,44.55,2882,-0.19920815724380284,-0.19097282419128048,-0.15921131389166124,-0.16476177997483155,-0.16476177997483155,0.012960436562073513,0.016195255474452577,0.016659059790050133,0.009288627095604816,0.004509582863585022,-0.0033185428241172326
2019-02-15,44.55,44.65,44.2,44.2,44.2,2882,-0.16883104651137232,-0.19699553637298167,-0.16534475934419626,-0.2072117028286601,-0.2072117028286601,0.002267573696145157,0.0071778512020053515,0.007751937984496202,0.003348277623290573,-0.001851768212818026,-0.009449818847346053
2019-02-18,44.3,44.65,44.3,44.4,44.4,2882,-0.19920815724380284,-0.19699553637298167,-0.15307786843912624,-0.1829546040550439,-0.1829546040550439,0.0029365258640163218,0.009779395042074136,0.011389521640091117,0.009549795361528007,0.0033444816053512442,-0.0037769716914102663
2019-02-19,44.65,44.7,44.5,44.6,44.6,2882,-0.15668020221839993,-0.19097282419128048,-0.12854408662898448,-0.15869750528142684,-0.15869750528142684,0.0042783156946633125,0.01179673321234127,0.01425106124924193,0.01519376315939234,0.00781850228227949,0.0017594429678435277
2019-02-20,44.75,45.2,44.7,45.15,45.15,2882,-0.14452935792542757,-0.1307457023742737,-0.10401030481884273,-0.09199048365398117,-0.09199048365398117,0.012786002691790047,0.021146669682234425,0.02466147212345848,0.02683647941778485,0.02029286811895515,0.01529120755565533
2019-02-21,45.15,45.4,45.0,45.4,45.4,2882,-0.09592598075353888,-0.10665485364747149,-0.06720963210363096,-0.061669110186960266,-0.061669110186960266,0.014525139664804438,0.0233292009466923,0.02846786981801709,0.030588502355144518,0.025710541773982153,0.022138836772983138
2019-02-22,45.3,45.4,45.1,45.4,45.4,2882,-0.07769971431408074,-0.10665485364747149,-0.054942741198560074,-0.061669110186960266,-0.061669110186960266,0.00911313625250048,0.019194073408912264,0.025911419102139236,0.02848728549583735,0.026220614828209688,0.022522522522522525
2019-02-25,45.45,45.6,45.4,45.55,45.55,2882,-0.059473447874621735,-0.08256400492066843,-0.0181420684833483,-0.04347628610674789,-0.04347628610674789,0.007297655904467013,0.01799083696502402,0.026209071793331182,0.02984399728690918,0.029890567061589844,0.025592915040528453
2019-02-26,45.6,45.65,45.5,45.5,45.5,2882,-0.041247181435163593,-0.07654129273896809,-0.00587517757827742,-0.049540560800151734,-0.049540560800151734,0.002202643171806199,0.013250194855806838,0.02201257861635213,0.026392961876832884,0.028806584362139773,0.02373720328495893
2019-02-27,45.5,45.55,45.05,45.3,45.3,2882,-0.05339802572813598,-0.08858671710236962,-0.061076186651095946,-0.0737976595737688,-0.0737976595737688,-0.0028615452344266466,0.0065548272414175,0.015239802779022853,0.020155387906767328,0.023451267452894057,0.019160823427950054
2019-03-04,43.95,45.0,43.95,44.9,44.9,2882,-0.24173611226920488,-0.15483655110107675,-0.19601198660687302,-0.1223118571210021,-0.1223118571210021,-0.009485991617030658,-0.0031083481349911315,0.0047739817991945014,0.010351035103510209,0.013361018326261758,0.010351035103510209
2019-03-05,44.7,45.05,44.6,44.6,44.6,2882,-0.1506047800719133,-0.1488138389193764,-0.11627719572391361,-0.15869750528142684,-0.15869750528142684,-0.012618994908124867,-0.010647737355811822,-0.003426187993445454,0.002641488225706732,0.005682330657526888,0.004617637121297566
2019-03-06,44.9,45.0,44.75,44.95,44.95,2882,-0.1263030914859694,-0.15483655110107675,-0.09787685936630772,-0.11624758242759739,-0.11624758242759739,-0.0022197558268589193,-0.004098814667109675,0.002304147465437752,0.00892205824588986,0.012524214984006788,0.013186070100304313
2019-03-07,44.9,44.9,44.55,44.65,44.65,2882,-0.1263030914859694,-0.16688197546447828,-0.12241064117644948,-0.152633230588023,-0.152633230588023,-0.005124777183600802,-0.010855117412494505,-0.005494097557353991,0.0008966599417170847,0.004725472547254745,0.007104996052779919
2019-03-08,44.6,44.65,44.4,44.45,44.45,2882,-0.1627556243648857,-0.19699553637298167,-0.14081097753405536,-0.1768903293616392,-0.1768903293616392,-0.005815253858197227,-0.01375637896605275,-0.010169239904987895,-0.004312034496275869,-0.00035982548463991,0.0025561987820465417
2019-03-11,44.45,44.7,44.3,44.4,44.4,2882,-0.18098189080434385,-0.19097282419128048,-0.15307786843912624,-0.1829546040550439,-0.1829546040550439,-0.004707464694014814,-0.012675116744496338,-0.011062439676293778,-0.00598869424077921,-0.001663893510815424,0.0009393199323689114
2019-03-12,44.8,45.2,44.75,45.0,45.0,2882,-0.1384539357789418,-0.1307457023742737,-0.09787685936630772,-0.11018330773419355,-0.11018330773419355,0.00693667487133592,0.0015579790785666657,0.0011123470522802481,0.005867560771165194,0.010690863354595093,0.01339939196036496
2019-03-13,45.0,45.2,45.0,45.15,45.15,2882,-0.11415224719299703,-0.1307457023742737,-0.06720963210363096,-0.09199048365398117,-0.09199048365398117,0.009389671361502226,0.005791935843172154,0.003333333333333302,0.00741897696212424,0.01260428814927778,0.015748031496062895
2019-03-14,45.2,45.3,45.05,45.1,45.1,2882,-0.08985055860705227,-0.11870027801087302,-0.061076186651095946,-0.09805475834738502,-0.09805475834738502,0.0062472110664882,0.005574136008918617,0.001480384900074093,0.00495794106177937,0.010033145211860458,0.013407235413077773
2019-03-15,45.2,45.5,45.05,45.45,45.45,2882,-0.08985055860705227,-0.09460942928406996,-0.061076186651095946,-0.05560483549355557,-0.05560483549355557,0.009551310528654084,0.013039117352056347,0.008804379994081284,0.011460999221097152,0.016369247282973606,0.020011221245558396
2019-03-18,45.5,45.8,45.5,45.8,45.8,2882,-0.05339802572813598,-0.058473156193866234,-0.00587517757827742,-0.013154912639726981,-0.013154912639726981,0.011037527593818985,0.018796574352129884,0.01597160603371765,0.01783432412911817,0.022458364959592646,0.02663727724436805
2019-03-19,46.0,46.8,46.0,46.65,46.65,2882,0.007356195736725079,0.061981087440147326,0.055459276947076114,0.08993775714814428,0.08993775714814428,0.02235371466140688,0.032993799822851964,0.03291755849140153,0.03390957446808513,0.038605396740582464,0.04342963653308472
2019-03-20,46.9,47.0,46.7,46.95,46.95,2882,0.1167137943734748,0.08607193616695039,0.1413275132825714,0.1263234053085699,0.1263234053085699,0.020874103065884064,0.03505291005291013,0.03741621860499394,0.03762638819824301,0.04212909526769074,0.047484475514074385
2019-03-21,47.0,47.0,46.5,46.75,46.75,2882,0.12886463866644718,0.08607193616695039,0.11679373147242965,0.10206630653495283,0.10206630653495283,0.009283246977547335,0.025894228659205452,0.031098367887075515,0.030757358615367564,0.03507062834875783,0.040507456042733314
2019-03-22,46.75,46.75,45.9,46.2,46.2,2882,0.09848752793401666,0.05595837525844699,0.04319238604200523,0.035359284907507164,0.035359284907507164,-0.005810200129115473,0.009946442234124067,0.017621145374449435,0.017453063921158328,0.021175014367181062,0.02643856920684303
2019-03-25,45.45,45.5,45.3,45.4,45.4,2882,-0.059473447874621735,-0.09460942928406996,-0.03040895938841918,-0.061669110186960266,-0.061669110186960266,-0.021340806208234576,-0.009706620133057047,-0.0007336757153337807,-0.00016517095193525926,0.002738757840798709,0.007545494895694706
2019-03-26,45.4,45.55,45.15,45.25,45.25,2882,-0.06554887002110836,-0.08858671710236962,-0.048809295746025064,-0.07986193426717264,-0.07986193426717264,-0.01865105183257427,-0.013516459559624973,-0.0049842410027120115,-0.00330396475770922,-0.001500507524603706,0.0029923528759835533
2019-03-27,45.0,45.0,44.5,44.5,44.5,2882,-0.11415224719299703,-0.15483655110107675,-0.12854408662898448,-0.1708260546682354,-0.1708260546682354,-0.024550635686102683,-0.02849033948258908,-0.020830277248056302,-0.018689012624731324,-0.018136887162967116,-0.014323685764914388
2019-03-28,44.3,44.3,44.0,44.0,44.0,2882,-0.19920815724380284,-0.23915452164488657,-0.18987854115433803,-0.2314688016022772,-0.2314688016022772,-0.023740847570446134,-0.037093773935879204,-0.030908156523015835,-0.02810757082113868,-0.02865468674113636,-0.02547065337763009
2019-03-29,44.15,44.95,44.1,44.95,44.95,2882,-0.217434423683261,-0.16085926328277708,-0.17761165024926714,-0.11624758242759739,-0.11624758242759739,0.0029004908522981382,-0.015226202212728673,-0.01071087961264775,-0.006739586785990492,-0.007507175977036792,-0.004907205844371413
2019-04-01,44.95,45.1,44.5,44.5,44.5,2882,-0.12022766933948278,-0.14279112673767522,-0.12854408662898448,-0.1708260546682354,-0.1708260546682354,-0.003136200716845891,-0.022300340547072407,-0.020758453751925515,-0.016248480159168775,-0.016661510584699647,-0.014832853663936277
2019-04-02,44.9,45.1,44.75,44.8,44.8,2882,-0.1263030914859694,-0.14279112673767522,-0.09787685936630772,-0.13444040650781064,-0.13444040650781064,0.0056116722783389455,-0.011692036179130843,-0.013867488443759532,-0.009835340921648963,-0.009506964404156527,-0.008630227926532587
2019-04-03,45.0,45.0,44.75,44.8,44.8,2882,-0.11415224719299703,-0.15483655110107675,-0.09787685936630772,-0.13444040650781064,-0.13444040650781064,0.004259134723156192,-0.006982156710628344,-0.01336073997944507,-0.009671179883945842,-0.008849557522124019,-0.008922645822579515
2019-04-08,44.7,44.7,44.3,44.3,44.3,2882,-0.1506047800719133,-0.19097282419128048,-0.15307786843912624,-0.19508315344185245,-0.19508315344185245,-0.00828296395791369,-0.01270336527746825,-0.023225047773041334,-0.020344980097302116,-0.01886959603118364,-0.019766927275409456
2019-04-09,44.2,44.45,44.15,44.3,44.3,2882,-0.21135900153677437,-0.22108638509978384,-0.17147820479673212,-0.19508315344185245,-0.19508315344185245,-0.005388414907947957,-0.0085049239033125,-0.021571081498932488,-0.02018247166159804,-0.01799964532718562,-0.019151998228716816
2019-04-10,44.2,44.4,44.1,44.2,44.2,2882,-0.21135900153677437,-0.22710909728148504,-0.17761165024926714,-0.2072117028286601,-0.2072117028286601,-0.0062949640287770035,-0.008078994614003578,-0.0214744299313702,-0.022177976881809582,-0.01960784313725491,-0.02049861495844869
2019-04-11,44.35,44.7,44.15,44.15,44.15,2882,-0.1931327350973162,-0.19097282419128048,-0.17147820479673212,-0.2132759775220648,-0.2132759775220648,-0.004509582863585182,-0.006749156355455663,-0.018961558403081218,-0.022364924712134745,-0.02032574446367543,-0.02070240295748622
2019-04-12,44.15,44.3,44.1,44.1,44.1,2882,-0.217434423683261,-0.23915452164488657,-0.17761165024926714,-0.21934025221546866,-0.21934025221546866,-0.0024881248586292566,-0.006980409817608698,-0.01591788158286235,-0.022335531785179854,-0.020696393675608347,-0.020761629843454983
2019-04-15,44.35,44.35,44.15,44.15,44.15,2882,-0.1931327350973162,-0.23313180946318537,-0.17147820479673212,-0.2132759775220648,-0.2132759775220648,-0.000679040289723722,-0.0061902082160945095,-0.010976702508960618,-0.020195295162006296,-0.01915044876921714,-0.018670815736830482
2019-04-16,44.1,44.15,44.0,44.1,44.1,2882,-0.22350984582974676,-0.25722265818998846,-0.18987854115433803,-0.21934025221546866,-0.21934025221546866,-0.0009062075215224093,-0.005412719891745487,-0.008988764044943788,-0.019836639439906458,-0.019956442508556004,-0.018909899888765326
2019-04-17,44.1,44.25,44.0,44.1,44.1,2882,-0.22350984582974676,-0.2451772338265869,-0.18987854115433803,-0.21934025221546866,-0.21934025221546866,-0.0004533091568448781,-0.0045146726862301525,-0.007054938456919827,-0.017981406223904636,-0.01969501622727061,-0.018327520961638286
2019-04-18,44.15,44.2,44.0,44.2,44.2,2882,-0.217434423683261,-0.25119994600828727,-0.18987854115433803,-0.2072117028286601,-0.2072117028286601,0.0015862225243600135,-0.0009041591320072139,-0.0032323536044500684,-0.0130624092888244,-0.016772700983227095,-0.015809396570919478
2019-04-19,44.4,44.5,44.3,44.35,44.35,2882,-0.18705731295083047,-0.2150636729180835,-0.15307786843912624,-0.18901887874844775,-0.18901887874844775,0.0038478949751018948,0.003507184070596247,0.00037593984962403876,-0.006830142201321234,-0.012733181959841406,-0.01202940521274224
2019-04-22,44.55,44.55,44.35,44.35,44.35,2882,-0.16883104651137232,-0.20904096073638317,-0.14694442298659036,-0.18901887874844775,-0.18901887874844775,0.0029398462234283707,0.0033936651583710083,-0.0001502968362516204,-0.0041540361513416925,-0.012073420654013957,-0.011809269162210206
2019-04-23,44.4,44.4,44.2,44.35,44.35,2882,-0.18705731295083047,-0.22710909728148504,-0.16534475934419626,-0.18901887874844775,-0.18901887874844775,0.0018070928393947461,0.0032801719262527573,0.0007521624670928492,-0.002081341058671183,-0.011104174099179397,-0.011735868677115147
2019-04-24,44.5,44.5,44.3,44.3,44.3,2882,-0.17490646865785808,-0.2150636729180835,-0.15307786843912624,-0.19508315344185245,-0.19508315344185245,-0.00022568269013778188,0.0019224245165667955,-7.523888345490111e-05,-0.0019712756969868924,-0.010895775654192922,-0.012776704798692713
2019-04-25,44.45,44.6,44.35,44.35,44.35,2882,-0.18098189080434385,-0.203018248554682,-0.14694442298659036,-0.18901887874844775,-0.18901887874844775,0.0002255299954893552,0.0025997513281338755,0.0017316669176329165,0.0001691379601963667,-0.007741184893502855,-0.011185017279179484
2019-04-26,44.35,44.5,44.3,44.5,44.5,2882,-0.1931327350973162,-0.2150636729180835,-0.15307786843912624,-0.1708260546682354,-0.1708260546682354,0.0029299075952220546,0.005081874647092071,0.005573968062669548,0.003551897164120336,-0.0021974079555136775,-0.007361142092348835
2019-04-29,44.4,44.8,44.4,44.6,44.6,2882,-0.18705731295083047,-0.1789273998278798,-0.14081097753405536,-0.15869750528142684,-0.15869750528142684,0.004052228725799183,0.006317689530685785,0.007378406866435807,0.0051270494112345775,0.001976994967649195,-0.004760487950014986
2019-04-30,44.7,44.8,44.5,44.7,44.7,2882,-0.1506047800719133,-0.1789273998278798,-0.12854408662898448,-0.1465689558946183,-0.1465689558946183,0.004720161834120046,0.00721045515998198,0.009029345372460626,0.007664562669071312,0.005579051561234695,-0.0019722397945891577
2019-05-02,44.7,45.65,44.7,45.65,45.65,2882,-0.1506047800719133,-0.07654129273896809,-0.10401030481884273,-0.03134773671993936,-0.03134773671993936,0.019883824843610218,0.02503648815538329,0.028230347623695404,0.027748072268812842,0.02671944581890126,0.019352437662821003
2019-05-03,45.65,45.7,45.15,45.45,45.45,2882,-0.03517175928867783,-0.07051858055726691,-0.048809295746025064,-0.05560483549355557,-0.05560483549355557,0.010449088483770538,0.01768920734437974,0.02173098538778573,0.02249718785151856,0.022037328536091836,0.015793786783878504
2019-05-06,44.65,44.7,44.3,44.5,44.5,2882,-0.15668020221839993,-0.19097282419128048,-0.15307786843912624,-0.1708260546682354,-0.1708260546682354,-0.010671409515340239,-0.003917179630665857,-0.0002246686137946082,0.001462810847305001,0.0006746120980436505,-0.003619808187483722
2019-05-07,44.6,44.6,44.35,44.35,44.35,2882,-0.1627556243648857,-0.203018248554682,-0.14694442298659036,-0.18901887874844775,-0.18901887874844775,-0.01290896950812371,-0.007274762171236615,-0.0038930897656659132,-0.0019690576652603244,-0.003012319036058075,-0.005196455942278271
2019-05-08,44.15,44.2,44.0,44.05,44.05,2882,-0.217434423683261,-0.25119994600828727,-0.18987854115433803,-0.22540452690887336,-0.22540452690887336,-0.016741071428571428,-0.013327360286706214,-0.010557053009883174,-0.008441193021947102,-0.008954283657307488,-0.010334756234554052
2019-05-09,44.0,44.0,43.5,43.5,43.5,2882,-0.23566069012271915,-0.2752907947350903,-0.2512129956796916,-0.29211154853631904,-0.29211154853631904,-0.019607843137255002,-0.02389767754964669,-0.022032374100719357,-0.020049560711872055,-0.02044676634840572,-0.02129893505324731
2019-05-10,43.6,43.75,43.2,43.2,43.2,2882,-0.2842640672946078,-0.3054043556435937,-0.28801366839490333,-0.32849719669674377,-0.32849719669674377,-0.016393442622950793,-0.028121484814398197,-0.02731912338637041,-0.025765349269887765,-0.025798304167418483,-0.026551996094189977
2019-05-13,43.1,43.15,41.95,41.95,41.95,2882,-0.3450182887594689,-0.377676901824002,-0.44134980470828716,-0.4801040640318483,-0.4801040640318483,-0.03363280350149737,-0.05079760153863554,-0.05204880988249475,-0.051655928563354735,-0.051548722586479634,-0.05290487658037312
2019-05-14,40.1,40.65,40.1,40.45,40.45,2882,-0.7095436175486352,-0.6788125109090359,-0.6682872864520953,-0.6620323048339738,-0.6620323048339738,-0.05113769645789349,-0.07606212882594789,-0.08054250644036967,-0.08172531214528932,-0.0822669933750792,-0.08432371250707402
2019-05-15,40.55,41.4,40.55,40.95,40.95,2882,-0.6548648182302608,-0.5884718281835257,-0.6130862773792778,-0.601389557899932,-0.601389557899932,-0.02523208759819096,-0.056560304112429405,-0.06435643564356427,-0.06703878794782697,-0.06808975467661912,-0.07019867549668862
2019-05-16,40.9,40.95,40.0,40.0,40.0,2882,-0.6123368632048578,-0.6426762378188313,-0.6805541773571663,-0.7166107770746117,-0.7166107770746117,-0.03171145001210366,-0.06629318394024283,-0.08003679852805896,-0.0844062947067239,-0.08621556174898329,-0.08866527434972468
2019-05-17,40.2,40.45,39.9,40.0,40.0,2882,-0.6973927732556627,-0.702903359635838,-0.6928210682622371,-0.7166107770746117,-0.7166107770746117,-0.01647405950331944,-0.0542617330653742,-0.07385968974299617,-0.07998389971824506,-0.0827371124564301,-0.08533099584587832
2019-05-20,40.25,40.45,40.1,40.2,40.2,2882,-0.691317351109177,-0.702903359635838,-0.6682872864520953,-0.6923536783009947,-0.6923536783009947,-0.0029761904761904127,-0.0397706915084199,-0.06300986714319011,-0.0709498497804482,-0.0748412040872686,-0.07752323402302376
2019-05-21,40.5,41.5,40.1,41.5,41.5,2882,-0.6609402403767465,-0.5764264038201242,-0.6682872864520953,-0.5346825362724863,-0.5346825362724863,0.023932889217863282,-0.001924001924001883,-0.028027168397220838,-0.037736942785925404,-0.042587551331149436,-0.045647924571691534
2019-05-22,41.25,41.25,40.9,41.15,41.15,2882,-0.569808908179455,-0.6065399647286276,-0.5701521592115301,-0.5771324591263157,-0.5771324591263157,0.014296278037959041,-0.0033906514894647753,-0.03085256712199739,-0.04229941234654105,-0.04807069491995935,-0.05140617796219465
2019-05-23,41.0,41.15,40.8,41.0,41.0,2882,-0.6001860189118855,-0.6185853890920291,-0.582419050116601,-0.5953252832065281,-0.5953252832065281,0.005641402992396468,-0.0009746588693956907,-0.02728351126927636,-0.04211202616669576,-0.048812175204157524,-0.05253427823139732
2019-05-24,41.0,41.2,40.6,40.6,40.6,2882,-0.6001860189118855,-0.612562676910328,-0.6069528319267419,-0.6438394807537614,-0.6438394807537614,-0.007092198581560263,-0.004413928396272675,-0.029327382849856712,-0.04728382025108531,-0.054934823091247656,-0.0592051905920519
2019-05-27,40.65,41.0,40.5,40.75,40.75,2882,-0.6427139739372884,-0.636653525637131,-0.6192197228318127,-0.625646656673549,-0.625646656673549,-0.006097560975609756,0.0022134776192817584,-0.019882947165878496,-0.03953803547227612,-0.04825298953662188,-0.05327964067219089
2019-05-28,40.75,40.9,40.35,40.35,40.35,2882,-0.6305631296443159,-0.6486989500005326,-0.6376200591894187,-0.6741608542207823,-0.6741608542207823,-0.01030169242089776,-0.007380073800737938,-0.023238925199709364,-0.04417860949899329,-0.05406039009752416,-0.05980582524271836
2019-05-29,40.35,40.5,40.3,40.3,40.3,2882,-0.6791665068162046,-0.6968806474541378,-0.6437535046419545,-0.6802251289141871,-0.6802251289141871,-0.007389162561576459,-0.007022298878896235,-0.018509498295178083,-0.040361947850934644,-0.05163081846848989,-0.05819116616031788
2019-05-30,40.3,40.6,40.3,40.5,40.5,2882,-0.6852419289626913,-0.6848352230907362,-0.6437535046419545,-0.6559680301405699,-0.6559680301405699,0.0,-0.00332225913621275,-0.008810572687224828,-0.02964959568733147,-0.043502904917103555,-0.05085540192172475
2019-05-31,40.55,41.1,40.5,40.8,40.8,2882,-0.6548648182302608,-0.6246081012737295,-0.6192197228318127,-0.6195823819801453,-0.6195823819801453,0.006413418845584559,0.0020876826722338415,0.0024570024570023173,-0.016985905312613066,-0.0331753554502371,-0.04127829560585888
2019-06-03,40.85,41.2,40.5,41.05,41.05,2882,-0.6184122853513436,-0.612562676910328,-0.6192197228318127,-0.5892610085131242,-0.5892610085131242,0.011083743842364427,0.006127450980392158,0.010088582677165447,-0.006834815218048724,-0.02405972136370138,-0.03290403643788303
2019-06-04,41.65,41.65,41.25,41.45,41.45,2882,-0.5212055310075663,-0.5583582672750224,-0.5272180410437824,-0.5407468109658902,-0.5407468109658902,0.015433610975012488,0.01605588920210813,0.018260727153619365,0.00637329286798186,-0.011589088134299983,-0.02125147579693031
2019-06-05,41.55,41.6,41.1,41.1,41.1,2882,-0.5333563753005386,-0.5643809794567227,-0.5456183774013883,-0.5831967338197196,-0.5831967338197196,0.0029282576866763647,0.007599901936749259,0.009414654113794503,0.0014619883040936227,-0.01655819295558959,-0.027027027027027004
2019-06-06,41.0,41.0,40.65,40.75,40.75,2882,-0.6001860189118855,-0.636653525637131,-0.6008193864742069,-0.625646656673549,-0.625646656673549,-0.006824274920789694,-0.00036796271311175194,-0.00040883074407193097,-0.003728378460974178,-0.02033849408596989,-0.03260267468544753
2019-06-10,41.3,41.45,41.0,41.35,41.35,2882,-0.5637334860329691,-0.5824491160018246,-0.5578852683064592,-0.5528753603526987,-0.5528753603526987,0.005104521147301916,0.012487757100881616,0.012074732805743631,0.013232050967900179,-0.001979146553388532,-0.01602284445149517
2019-06-11,41.4,42.1,41.4,42.1,42.1,2882,-0.5515826417399968,-0.5041538576397159,-0.5088177046861766,-0.46191123995163597,-0.46191123995163597,0.018137847642079805,0.027455765710799267,0.027246848312322092,0.03142034666503335,0.018482678536868486,0.0037351982833980567
2019-06-12,42.05,42.1,41.75,41.9,41.9,2882,-0.4726021538356776,-0.5041538576397159,-0.4658835865184289,-0.486168338725253,-0.486168338725253,0.011100386100385948,0.01872112813031858,0.0217020238966106,0.024700415749571974,0.016053154857170546,0.001115004778591913
2019-06-13,41.85,41.85,41.35,41.65,41.65,2882,-0.4969038424216215,-0.5342674185482192,-0.5149511501387115,-0.5164897121922739,-0.5164897121922739,0.002406738868832766,0.009329940627650503,0.014781125639567998,0.017715332926084338,0.012347479461377734,-0.0024350325336315597
2019-06-14,41.55,41.55,41.3,41.3,41.3,2882,-0.5333563753005386,-0.5704036916384239,-0.5210845955912474,-0.5589396350461033,-0.5589396350461033,-0.008641382621219383,-0.0010884024670456333,0.005763454825878847,0.007562820200048674,0.005992107955375901,-0.007370613683704661
2019-06-17,41.3,41.9,41.25,41.65,41.65,2882,-0.5637334860329691,-0.528244706366519,-0.5272180410437824,-0.5164897121922739,-0.5164897121922739,-0.0016778523489932955,0.005310161718561401,0.012560777957860593,0.014060502769492809,0.016051912568306043,0.004098360655737574
2019-06-18,41.8,42.2,41.75,42.2,42.2,2882,-0.5029792645681082,-0.49210843327631437,-0.4658835865184289,-0.4497826905648274,-0.4497826905648274,0.011020603737422328,0.015766036827536432,0.023526558331312297,0.024955977897868808,0.02921808692258933,0.019241606955961856
2019-06-19,42.25,42.6,42.2,42.55,42.55,2882,-0.4483004652497328,-0.44392673582270914,-0.4106825774456104,-0.4073327677109988,-0.4073327677109988,0.01624074516360162,0.021486016084503564,0.02835736727624244,0.032140691328077516,0.03563257557318773,0.02918648714020776
2019-06-20,42.7,42.7,42.3,42.55,42.55,2882,-0.3936216659313575,-0.4318813114593076,-0.3984156865405404,-0.4073327677109988,-0.4073327677109988,0.011890606420927468,0.017942583732057416,0.02464279980735271,0.03039108850950467,0.03402187120291613,0.030432676783984352
2019-06-21,42.55,42.55,42.3,42.3,42.3,2882,-0.4118479323708165,-0.44994944800441034,-0.3984156865405404,-0.43765414117801976,-0.43765414117801976,0.0011834319526626547,0.008223096174472623,0.01568753001440698,0.022727272727272672,0.025653460064982297,0.02537168713639285
2019-06-24,42.3,42.55,42.05,42.55,42.55,2882,-0.44222504310324706,-0.44994944800441034,-0.4290829138032171,-0.4073327677109988,-0.4073327677109988,0.0028281876031111142,0.011289364230540735,0.01883629978449984,0.026352288488210848,0.0291698916408666,0.0319738065402804
2019-06-25,42.55,42.7,42.45,42.6,42.6,2882,-0.4118479323708165,-0.4318813114593076,-0.38001535018293364,-0.40126849301759415,-0.40126849301759415,0.0021171489061396448,0.011275964391691429,0.017515923566879005,0.025270758122743788,0.027992277992278082,0.03264382676147393
2019-06-26,42.7,42.9,42.6,42.75,42.75,2882,-0.3936216659313575,-0.4077904627325054,-0.36161501382532774,-0.38307566893738176,-0.38307566893738176,0.0047003525264395505,0.012793176972281429,0.018989353249642463,0.025917926565874688,0.03036876355748368,0.0343576094846359
2019-06-27,42.75,43.35,42.75,43.2,43.2,2882,-0.3875462437848718,-0.3535860530971989,-0.34321467746772183,-0.32849719669674377,-0.32849719669674377,0.012183692596063972,0.019709665997875794,0.026290782388343422,0.03312208537606117,0.03916097373232001,0.043352252143461154
2019-06-28,43.2,43.4,43.0,43.0,43.0,2882,-0.33286744446649646,-0.3475633409154986,-0.3125474502050451,-0.35275429547036086,-0.35275429547036086,0.004203643157403076,0.010932173504173115,0.01791209658328733,0.02527420123986636,0.03236339191395369,0.036019756655824714
2019-07-01,42.0,42.7,42.0,42.7,42.7,2882,-0.4786775759821633,-0.4318813114593076,-0.43521635925575214,-0.3891399436307856,-0.3891399436307856,-0.003500583430571894,0.001407129455909997,0.008661417322834656,0.01582014987510423,0.023097565650757105,0.026565692991946242
2019-07-02,42.6,42.8,42.3,42.65,42.65,2882,-0.4057725102243299,-0.4198358870959069,-0.3984156865405404,-0.3952042183241903,-0.3952042183241903,-0.00489967335510968,-0.0008199601733630946,0.006608449374557497,0.012703312359017067,0.0200420931789917,0.02335439494521322
2019-07-03,42.55,42.55,42.2,42.25,42.25,2882,-0.4118479323708165,-0.44994944800441034,-0.4106825774456104,-0.4437184158714236,-0.4437184158714236,-0.011927034611786834,-0.009494783729926178,-0.0033810347538920636,0.002253587949235108,0.008642093200916605,0.01314895487790253
2019-07-04,42.45,42.8,42.3,42.5,42.5,2882,-0.42399877666378805,-0.4198358870959069,-0.3984156865405404,-0.41339704240440267,-0.41339704240440267,-0.002815579540122115,-0.0035169988276670242,0.001177856301531146,0.006512729425695644,0.012483323804078371,0.01804535292238894
2019-07-05,42.55,42.6,42.2,42.35,42.35,2882,-0.4118479323708165,-0.44392673582270914,-0.4106825774456104,-0.43158986648461506,-0.43158986648461506,-0.0032948929159802437,-0.007150392685499935,-0.003998118532455355,0.0010637040538943791,0.007134363852556582,0.013359920239282244
2019-07-08,42.2,42.3,41.8,41.95,41.95,2882,-0.4543758873962186,-0.4800630089129137,-0.4597501410658939,-0.4801040640318483,-0.4801040640318483,-0.009211147850732014,-0.01514262237351809,-0.013869299482839595,-0.00909413015235616,-0.0034682630178637804,0.0027089474942236518
2019-07-09,42.0,42.05,41.7,41.85,41.85,2882,-0.4786775759821633,-0.5101765698214171,-0.4720170319709639,-0.4922326134186569,-0.4922326134186569,-0.007823613086771108,-0.01575729068673553,-0.015680125441003473,-0.011164274322169146,-0.006598936574249874,-0.0005572361088996894
2019-07-10,42.1,42.25,41.9,42.2,42.2,2882,-0.46652673168919095,-0.486085721094614,-0.447483250160823,-0.4497826905648274,-0.4497826905648274,0.00071140621294762,-0.006240433298009973,-0.006903043614684731,-0.0032477118393857865,0.0009962521941268938,0.0063193036842734635
2019-07-11,42.2,42.25,41.9,41.95,41.95,2882,-0.4543758873962186,-0.486085721094614,-0.447483250160823,-0.4801040640318483,-0.4801040640318483,-0.002615311459819292,-0.00921114785073218,-0.0118561557788944,-0.00950357121775582,-0.005735684489950638,-0.0009526077637532543
2019-07-12,41.9,41.95,41.6,41.6,41.6,2882,-0.49082842027513574,-0.5222219941848177,-0.4842839228760348,-0.5225539868856778,-0.5225539868856778,-0.007396802672393277,-0.014218009478673018,-0.01902216632604932,-0.018115300643181644,-0.01482498934305889,-0.010152284263959288
2019-07-15,41.65,41.9,41.5,41.65,41.65,2882,-0.5212055310075663,-0.528244706366519,-0.49655081378110566,-0.5164897121922739,-0.5164897121922739,-0.004778972520908072,-0.010571326760898144,-0.016451511335012565,-0.016935150764147075,-0.013921113689095151,-0.00963024610628941
2019-07-16,41.65,41.7,41.5,41.55,41.55,2882,-0.5212055310075663,-0.5523355550933211,-0.49655081378110566,-0.5286182615790824,-0.5286182615790824,-0.005743000717875138,-0.010360843158270865,-0.01718836237483262,-0.018542577063895043,-0.01577600909607741,-0.012399477082755654
2019-07-17,41.45,41.5,41.3,41.3,41.3,2882,-0.5455072195935101,-0.5764264038201242,-0.5210845955912474,-0.5589396350461033,-0.5589396350461033,-0.007450132179764535,-0.014084507042253603,-0.020862968231389344,-0.02300550002957014,-0.02114144861585142,-0.018225039619651492
2019-07-18,41.4,41.4,41.05,41.1,41.1,2882,-0.5515826417399968,-0.5884718281835257,-0.5517518228539242,-0.5831967338197196,-0.5831967338197196,-0.008204633204633285,-0.015568862275449067,-0.022359657469077015,-0.026066350710900507,-0.025373488261797493,-0.02297939778129957
2019-07-19,41.35,41.4,41.05,41.05,41.05,2882,-0.5576580638864825,-0.5884718281835257,-0.5517518228539242,-0.5892610085131242,-0.5892610085131242,-0.0067747398983789295,-0.013695338779433141,-0.020520162252445705,-0.02580836547018702,-0.026328273244781774,-0.024399904935435413
2019-07-22,41.1,41.4,41.05,41.4,41.4,2882,-0.5880351746189131,-0.5884718281835257,-0.5517518228539242,-0.5468110856592948,-0.5468110856592948,0.0029069767441859845,-0.003969686033922751,-0.010121941499960119,-0.016159695817490487,-0.017793594306049824,-0.016120727215114695
2019-07-23,41.3,41.35,41.2,41.2,41.2,2882,-0.5637334860329691,-0.5944945403652261,-0.5333514864963175,-0.5710681844329111,-0.5710681844329111,-0.00024265954865319123,-0.007228915662650534,-0.012621824572615363,-0.019281123542013858,-0.021610068867252353,-0.020175195211859103
2019-07-24,41.2,41.4,41.1,41.15,41.15,2882,-0.5758843303259407,-0.5884718281835257,-0.5456183774013883,-0.5771324591263157,-0.5771324591263157,-0.0007285089849440029,-0.005918589201594334,-0.012083866837387892,-0.01860243262580494,-0.021496171588909412,-0.020782105179662128
2019-07-25,41.15,41.3,41.1,41.2,41.2,2882,-0.5819597524724273,-0.6005172525469272,-0.5456183774013883,-0.5710681844329111,-0.5710681844329111,0.0,-0.002904162633107392,-0.008821170809943876,-0.015060961032751506,-0.01904761904761898,-0.019242213846458956
2019-07-26,41.2,41.25,41.1,41.15,41.15,2882,-0.5758843303259407,-0.6065399647286276,-0.5456183774013883,-0.5771324591263157,-0.5771324591263157,-0.001698204754973493,-0.0030284675953967293,-0.008115057046440608,-0.01407607067984423,-0.019163846117175837,-0.020315847948575473
2019-07-29,41.1,41.35,41.1,41.2,41.2,2882,-0.5880351746189131,-0.5944945403652261,-0.5456183774013883,-0.5710681844329111,-0.5710681844329111,0.0004856726566295077,-0.000727625515401262,-0.005711527632531695,-0.011101110111011066,-0.016706443914081045,-0.018775056563330932
2019-07-30,41.2,41.3,41.1,41.1,41.1,2882,-0.5758843303259407,-0.6005172525469272,-0.5456183774013883,-0.5831967338197196,-0.5831967338197196,-0.0014577259475217486,-0.002063858200801283,-0.006926546391752629,-0.011662859204039904,-0.017686424474187428,-0.020301140201025154
2019-07-31,41.05,41.1,40.8,40.8,40.8,2882,-0.5941105967653997,-0.6246081012737295,-0.582419050116601,-0.6195823819801453,-0.6195823819801453,-0.007057678267218453,-0.008143916372918631,-0.01194704552793023,-0.017163504968383154,-0.023035295244480707,-0.026098026734563982
2019-08-01,40.55,40.7,40.45,40.5,40.5,2882,-0.6548648182302608,-0.6727897987273347,-0.6253531682843477,-0.6559680301405699,-0.6559680301405699,-0.010989010989011058,-0.01399878271454663,-0.01691075329719247,-0.02203440990039243,-0.027704422144331792,-0.0316796174536761
2019-08-02,40.15,40.2,40.0,40.1,40.1,2882,-0.7034681954021494,-0.7330169205443415,-0.6805541773571663,-0.7044822276878032,-0.7044822276878032,-0.015709376534118816,-0.02147388970229369,-0.02425176413334422,-0.029055690072639122,-0.034618903172998275,-0.039559299029978776
2019-08-05,40.0,40.05,39.95,39.95,39.95,2882,-0.7216944618416076,-0.7510850570894442,-0.6866876228097013,-0.7226750517680156,-0.7226750517680156,-0.013336626327488074,-0.0216725847924574,-0.025213501423342777,-0.030339805825242715,-0.03567635415660909,-0.04116164646585855
2019-08-06,39.5,40.1,39.1,39.9,39.9,2882,-0.7824486833064687,-0.745062344907743,-0.7909561955028025,-0.7287393264614204,-0.7287393264614204,-0.008695652173913078,-0.019776440240756657,-0.023813407274506676,-0.029256127972751064,-0.034319182922697276,-0.04028863499699365
2019-08-07,39.9,39.9,39.6,39.8,39.8,2882,-0.73384530613458,-0.769153193634546,-0.7296217409774489,-0.7408678758482289,-0.7408678758482289,-0.006242197253433209,-0.018979541533152653,-0.023871811641595887,-0.028853779052034515,-0.034449296458030125,-0.04042433496745181
2019-08-08,39.85,40.15,39.85,39.95,39.95,2882,-0.7399207282810657,-0.7390396327260427,-0.6989545137147721,-0.7226750517680156,-0.7226750517680156,0.00025037556334514565,-0.012238842873037396,-0.01834712097632901,-0.022809270470250043,-0.02840605087796097,-0.034285484065912
2019-08-12,39.95,40.4,39.85,40.0,40.0,2882,-0.7277698839880933,-0.7089260718175393,-0.6989545137147721,-0.7166107770746117,-0.7166107770746117,0.0020040080160320215,-0.00818249442102649,-0.015425008204791734,-0.019667912505361068,-0.02496099843993779,-0.030733815274019735
2019-08-13,39.95,40.0,39.8,39.8,39.8,2882,-0.7277698839880933,-0.7571077692711445,-0.705087959167308,-0.7408678758482289,-0.7408678758482289,-0.0022562045625470896,-0.009703906444389341,-0.01776900296150047,-0.022353230164578648,-0.027798133763251704,-0.03331579160425867
2019-08-14,40.0,40.05,39.75,39.75,39.75,2882,-0.7216944618416076,-0.7510850570894442,-0.7112214046198431,-0.7469321505416326,-0.7469321505416326,-0.002759658805820357,-0.007614530021220815,-0.016657046260410622,-0.02141802067946818,-0.02702305771772652,-0.0322580645161291
2019-08-15,39.5,39.5,39.3,39.35,39.35,2882,-0.7824486833064687,-0.8173348910881514,-0.7664224136926616,-0.7954463480888659,-0.7954463480888659,-0.010560724163942535,-0.01403157103482842,-0.02365395748904143,-0.028934542538095933,-0.034118802160039284,-0.03973644608939676
2019-08-16,39.1,40.0,38.85,39.55,39.55,2882,-0.8310520604783572,-0.7571077692711445,-0.8216234227654792,-0.7711892493152498,-0.7711892493152498,-0.0035273368606702086,-0.006655782996358171,-0.016005971139492568,-0.022128816911855854,-0.026916642062789126,-0.03253424657534243
2019-08-19,39.8,40.05,39.6,40.0,40.0,2882,-0.7459961504275523,-0.7510850570894442,-0.7296217409774489,-0.7166107770746117,-0.7166107770746117,0.007810531620055487,0.004898882049993906,-0.0029081844619858865,-0.00971715046110041,-0.01429275505174959,-0.019647890200563598
2019-08-20,39.95,39.95,39.7,39.7,39.7,2882,-0.7277698839880933,-0.7631304814528449,-0.7173548500723781,-0.7529964252350365,-0.7529964252350365,0.0007562389715150274,-0.002011060834590025,-0.007913369429404321,-0.015071636792160135,-0.019801491284380836,-0.025208708462923484
2019-08-21,39.7,39.75,39.5,39.5,39.5,2882,-0.7581469947205238,-0.7872213301796479,-0.7418886318825199,-0.7772535240086536,-0.7772535240086536,-0.003028773346794484,-0.00603925515853032,-0.01027311450764211,-0.017962583131331884,-0.022761009401286534,-0.028250440772479398
2019-08-22,39.5,39.7,39.4,39.45,39.45,2882,-0.7824486833064687,-0.7932440423613483,-0.7541555227875907,-0.7833177987020574,-0.7833177987020574,-0.0047931382441977225,-0.006422364941443029,-0.00929181315921641,-0.017128620367486764,-0.022207901650721108,-0.027286923645927396
2019-08-23,39.5,39.9,39.5,39.85,39.85,2882,-0.7824486833064687,-0.769153193634546,-0.7418886318825199,-0.7348036011548241,-0.7348036011548241,0.00377833753148611,0.003904773900995116,0.0018436269169530971,-0.0054903918143250794,-0.011068096088941954,-0.015725341676271938
2019-08-26,39.5,39.6,39.3,39.5,39.5,2882,-0.7824486833064687,-0.8052894667247498,-0.7664224136926616,-0.7772535240086536,-0.7772535240086536,-0.002525252525252561,-0.003657459957119335,-0.005955876184883766,-0.012191309784307526,-0.018243276830541375,-0.022680412371133964
2019-08-27,39.7,39.8,39.65,39.75,39.75,2882,-0.7581469947205238,-0.7811986179979477,-0.7234882955249139,-0.7469321505416326,-0.7469321505416326,0.003534460994698323,0.002774974772956595,0.0006713098934294804,-0.004133784291619848,-0.010406293567018504,-0.014951263836114285
2019-08-28,39.8,40.0,39.75,39.95,39.95,2882,-0.7459961504275523,-0.7571077692711445,-0.7112214046198431,-0.7226750517680156,-0.7226750517680156,0.006297229219143576,0.007312153303076125,0.005621748615539594,0.0023207677350561657,-0.004187646442992975,-0.008684863523573061
2019-08-29,39.9,39.9,39.45,39.5,39.5,2882,-0.73384530613458,-0.769153193634546,-0.7480220773350548,-0.7772535240086536,-0.7772535240086536,-0.005288340468395891,-0.004410838059231183,-0.005204835460040393,-0.00735063140038962,-0.013782083291720754,-0.01838966202783305
2019-08-30,39.7,40.15,39.55,40.15,40.15,2882,-0.7581469947205238,-0.7390396327260427,-0.7357551864299848,-0.6984179529943993,-0.6984179529943993,0.00955494091023391,0.010444192777148588,0.010825780463242693,0.009428032683846638,0.0034991252186953405,-0.001450777202072633
2019-09-02,40.1,40.15,39.95,39.95,39.95,2882,-0.7095436175486352,-0.7390396327260427,-0.6866876228097013,-0.7226750517680156,-0.7226750517680156,0.0022579026593076623,0.005537377296753054,0.005874947545111228,0.004589174577230265,-0.0003002852710072907,-0.0055179853130315065
2019-09-03,39.9,40.15,39.8,39.8,39.8,2882,-0.73384530613458,-0.7390396327260427,-0.705087959167308,-0.7408678758482289,-0.7408678758482289,-0.001755706044645104,0.0015098137896324903,0.002098195551825311,0.0010060362173036227,-0.002656242169097598,-0.007934859374350924
2019-09-04,39.7,40.1,39.7,39.95,39.95,2882,-0.7581469947205238,-0.745062344907743,-0.7173548500723781,-0.7226750517680156,-0.7226750517680156,0.002006521193880067,0.004147291692849222,0.005537377296753054,0.004715498270983967,0.0022579026593076623,-0.0031606088330700883
2019-09-05,40.0,40.5,40.0,40.5,40.5,2882,-0.7216944618416076,-0.6968806474541378,-0.6805541773571663,-0.6559680301405699,-0.6559680301405699,0.010731220364362179,0.015292053146151903,0.01741751800368452,0.017651862554180553,0.016362176269825363,0.01110972412932219
2019-09-06,40.5,40.9,40.35,40.8,40.8,2882,-0.6609402403767465,-0.6486989500005326,-0.6376200591894187,-0.6195823819801453,-0.6195823819801453,0.014925373134328216,0.020382643491309183,0.02281273502130851,0.024096385542168697,0.023582538886101297,0.01893860561914671
2019-09-09,40.6,41.1,40.6,40.95,40.95,2882,-0.6487893960837742,-0.6246081012737295,-0.6069528319267419,-0.601389557899932,-0.601389557899932,0.01361386138613872,0.020433590829803144,0.024945770065075815,0.0266374177373864,0.026470145886599603,0.022855001873360786
2019-09-10,41.2,41.5,41.15,41.4,41.4,2882,-0.5758843303259407,-0.5764264038201242,-0.5394849319488533,-0.5468110856592948,-0.5468110856592948,0.016699410609037322,0.0274227571659014,0.03327787021630604,0.03584162131732026,0.036243492190628765,0.03392299687825185
2019-09-11,41.6,41.6,41.2,41.4,41.4,2882,-0.527280953154052,-0.5643809794567227,-0.5333514864963175,-0.5468110856592948,-0.5468110856592948,0.009509875640087798,0.023738872403560853,0.03002156244816711,0.03370786516853937,0.034689593122063336,0.03366484956930639
2019-09-12,41.5,41.6,41.4,41.5,41.5,2882,-0.5394317974470244,-0.5643809794567227,-0.5088177046861766,-0.5346825362724863,-0.5346825362724863,0.007037126910943925,0.021161417322834632,0.029010662038184837,0.033430865965261625,0.03542914171656691,0.035558328134747276
2019-09-16,41.5,41.65,41.5,41.55,41.55,2882,-0.5394317974470244,-0.5583582672750224,-0.49655081378110566,-0.5286182615790824,-0.5286182615790824,0.00459381044487422,0.018881804806277488,0.02736338910409615,0.03210581879152945,0.035023913909924244,0.03590127150336569
2019-09-17,41.6,41.7,41.4,41.65,41.65,2882,-0.527280953154052,-0.5523355550933211,-0.5088177046861766,-0.5164897121922739,-0.5164897121922739,0.003614457831325267,0.017094017094016988,0.026199080157687057,0.032473971244422466,0.0358119870678935,0.03705855500684723
2019-09-18,41.7,41.75,41.6,41.75,41.75,2882,-0.5151301088610797,-0.5463128429116209,-0.4842839228760348,-0.5043611628054654,-0.5043611628054654,0.004330045706038001,0.01470409527281575,0.025294695481335804,0.03232985102305736,0.036288721207307285,0.03799776240003303
2019-09-19,41.8,41.85,41.7,41.85,41.85,2882,-0.5029792645681082,-0.5342674185482192,-0.4720170319709639,-0.4922326134186569,-0.4922326134186569,0.004560729716754626,0.012459175033264802,0.024563407866819098,0.031804733727810626,0.036609531358367225,0.038805229190799435
2019-09-20,41.85,41.95,41.4,41.55,41.55,2882,-0.4969038424216215,-0.5222219941848177,-0.5088177046861766,-0.5286182615790824,-0.5286182615790824,-0.0028797696184306347,0.002654440154440141,0.013826758845058875,0.021763187015861257,0.02694018783984173,0.029867393729086585
2019-09-23,41.45,41.5,41.15,41.15,41.15,2882,-0.5455072195935101,-0.5764264038201242,-0.5394849319488533,-0.5771324591263157,-0.5771324591263157,-0.010579466217840942,-0.007836045810729423,0.002436053593179085,0.010311809477043991,0.015447635968808727,0.018942676736412048
2019-09-24,41.15,41.6,41.05,41.6,41.6,2882,-0.5819597524724273,-0.5643809794567227,-0.5517518228539242,-0.5225539868856778,-0.5225539868856778,0.0004810004810005562,0.0014443909484834442,0.010689990281827134,0.018733929227378664,0.02493347787523425,0.028726868070725206
2019-09-25,41.55,41.65,41.15,41.45,41.45,2882,-0.5333563753005386,-0.5583582672750224,-0.5394849319488533,-0.5407468109658902,-0.5407468109658902,-0.0016859344894027042,-0.0022866770971235735,0.0043615216864552175,0.012952101661779108,0.019479561217964524,0.02362528811326977
2019-09-26,41.3,41.75,41.2,41.2,41.2,2882,-0.5637334860329691,-0.5463128429116209,-0.5333514864963175,-0.5710681844329111,-0.5710681844329111,-0.004590480792461892,-0.007826610475616995,-0.003707883282282659,0.005307143292868935,0.011638756568285532,0.016238437821171764
2019-09-27,41.2,41.25,40.9,40.9,40.9,2882,-0.5758843303259407,-0.6065399647286276,-0.5701521592115301,-0.6074538325933366,-0.6074538325933366,-0.008725157537566808,-0.013625949596044804,-0.011599806669888761,-0.003714755496011288,0.002844252648097285,0.007554606667761493
2019-10-01,41.25,41.5,41.05,41.25,41.25,2882,-0.569808908179455,-0.5764264038201242,-0.5517518228539242,-0.5650039097395072,-0.5650039097395072,-0.0007267441860465392,-0.004464824423796192,-0.0038638010142476842,0.0034665207078999768,0.010039177277179151,0.01476014760147605
2019-10-02,40.9,41.1,40.9,40.9,40.9,2882,-0.6123368632048578,-0.6246081012737295,-0.5701521592115301,-0.6074538325933366,-0.6074538325933366,-0.005833738454059358,-0.011121856866537739,-0.012236354854290631,-0.006196087960150712,9.780907668226191e-05,0.0054080629301867965
2019-10-03,40.5,40.5,40.3,40.3,40.3,2882,-0.6609402403767465,-0.6968806474541378,-0.6437535046419545,-0.6802251289141871,-0.6802251289141871,-0.014910779760449926,-0.022200655101298053,-0.025000000000000126,-0.021369596891694893,-0.01510337748668073,-0.009828009828009967
2019-10-04,40.3,40.6,40.25,40.6,40.6,2882,-0.6852419289626913,-0.6848352230907362,-0.6498869500944895,-0.6438394807537614,-0.6438394807537614,-0.004658004412846231,-0.011925042589437697,-0.016472868217054255,-0.01486199575371543,-0.00840171942164911,-0.0033548809426398067
2019-10-07,40.6,40.65,40.3,40.4,40.4,2882,-0.6487893960837742,-0.6788125109090359,-0.6437535046419545,-0.6680965795273784,-0.6680965795273784,-0.0071270582452690875,-0.014032946918853028,-0.019576120368872477,-0.01959594733968325,-0.014153245485602692,-0.009034790073995314
2019-10-08,40.4,40.9,40.35,40.5,40.5,2882,-0.6730910846697189,-0.6486989500005326,-0.6376200591894187,-0.6559680301405699,-0.6559680301405699,-0.000986679822397611,-0.010021999511122065,-0.015476865732112557,-0.016811312738969363,-0.012050543982046148,-0.007109585682765363
2019-10-09,40.5,40.7,40.45,40.55,40.55,2882,-0.6609402403767465,-0.6727897987273347,-0.6253531682843477,-0.6499037554471662,-0.6499037554471662,0.0019767729182108024,-0.006249234162479978,-0.012501014692750915,-0.015119315076811034,-0.011409625042664281,-0.006736068585425736
2019-10-14,40.7,40.8,40.65,40.65,40.65,2882,-0.6366385517908018,-0.6607443743639341,-0.6008193864742069,-0.6377752060603575,-0.6377752060603575,0.002713369511593474,-0.0018416206261510826,-0.008294706025859877,-0.011790446092135809,-0.009792458345513034,-0.005017745685962682
2019-10-15,40.7,40.8,40.55,40.55,40.55,2882,-0.6366385517908018,-0.6607443743639341,-0.6130862773792778,-0.6499037554471662,-0.6499037554471662,0.0004934616333579083,-0.0027053615346778023,-0.008638252791133701,-0.013201922491938843,-0.012805531210439267,-0.007951070336391506
2019-10-16,40.6,41.2,40.6,41.1,41.1,2882,-0.6487893960837742,-0.612562676910328,-0.6069528319267419,-0.5831967338197196,-0.5831967338197196,0.010572903860339308,0.010324483775811251,0.005545587995433218,0.0006695477509283197,0.0,0.004194323410840265
2019-10-17,41.1,41.3,40.85,41.3,41.3,2882,-0.5880351746189131,-0.6005172525469272,-0.5762856046640651,-0.5589396350461033,-0.5589396350461033,0.011511143766838082,0.015116136168120803,0.010191602119853184,0.005845104724793035,0.004377431906614779,0.008136696501220389
2019-10-18,41.3,41.3,40.95,41.3,41.3,2882,-0.5637334860329691,-0.6005172525469272,-0.5640187137589943,-0.5589396350461033,-0.5589396350461033,0.0078086871644704806,0.01411909146715766,0.010686026592707417,0.0062739842845828874,0.004035590995283803,0.007030519770796944
2019-10-21,41.2,41.3,41.1,41.3,41.3,2882,-0.5758843303259407,-0.6005172525469272,-0.5456183774013883,-0.5589396350461033,-0.5589396350461033,0.004621746533690045,0.011635027556644074,0.010933420365535042,0.00682593856655293,0.004133236080719538,0.005804278118277474
2019-10-22,41.4,41.6,41.25,41.5,41.5,2882,-0.5515826417399968,-0.5643809794567227,-0.5272180410437824,-0.5346825362724863,-0.5346825362724863,0.004842615012106606,0.0142979347427594,0.015331919752079558,0.01213340649960374,0.008897748820926893,0.009404897032592922
2019-10-23,41.15,41.2,40.95,40.95,40.95,2882,-0.5819597524724273,-0.612562676910328,-0.5640187137589943,-0.601389557899932,-0.601389557899932,-0.0077538163314754835,-0.0004881620698072522,0.001794014515208457,-0.0005491488193300592,-0.003940455341505934,-0.004336021396441889
2019-10-24,40.95,41.15,40.95,41.15,41.15,2882,-0.6062614410583712,-0.6185853890920291,-0.5640187137589943,-0.5771324591263157,-0.5771324591263157,-0.002182347235693584,0.002802485682953451,0.006850990946904848,0.004332174019159067,0.001313996496009394,0.00024307243558592897
2019-10-25,41.2,41.3,41.0,41.0,41.0,2882,-0.5758843303259407,-0.6005172525469272,-0.5578852683064592,-0.5953252832065281,-0.5953252832065281,-0.004371053909664879,-0.001947419668938615,0.003017206230123172,0.0014044086218476506,-0.0017044071098125222,-0.0034433866720678624
2019-10-28,41.1,41.2,41.0,41.0,41.0,2882,-0.5880351746189131,-0.612562676910328,-0.5578852683064592,-0.5953252832065281,-0.5953252832065281,-0.002918287937743301,-0.002797032713121608,0.0018734218457279901,0.0019550342130986876,-0.0009746588693956907,-0.0031203144628600796
2019-10-29,41.1,41.2,41.0,41.15,41.15,2882,-0.5880351746189131,-0.612562676910328,-0.5578852683064592,-0.5771324591263157,-0.5771324591263157,0.002436053593179085,-0.0006071645415907367,0.0046386718749999445,0.0056821653326814825,0.0033648688188822324,0.0007295719844358253
2019-10-30,41.15,41.2,40.8,40.85,40.85,2882,-0.5819597524724273,-0.612562676910328,-0.582419050116601,-0.6135181072867405,-0.6135181072867405,-0.0043870338776504925,-0.007290400972053394,-0.0034154671871186506,-0.0015886594158620977,-0.003269568612141159,-0.0060424185895614855
2019-10-31,40.95,40.95,40.3,40.3,40.3,2882,-0.6062614410583712,-0.6426762378188313,-0.6437535046419545,-0.6802251289141871,-0.6802251289141871,-0.01370533529123843,-0.018270401948842874,-0.01651346294639232,-0.013886340001223357,-0.01587301587301601,-0.018429812454331437
2019-11-01,40.3,40.45,40.1,40.1,40.1,2882,-0.6852419289626913,-0.702903359635838,-0.6682872864520953,-0.7044822276878032,-0.7044822276878032,-0.014257620452310504,-0.020278524309797173,-0.020677303809834038,-0.01781887208376705,-0.019320127170457304,-0.022070479209852313
2019-11-04,40.3,40.95,40.2,40.95,40.95,2882,-0.6852419289626913,-0.6426762378188313,-0.6560203955470245,-0.601389557899932,-0.601389557899932,0.006884681583476792,0.0013449076904266954,-0.00040683482506100206,0.002202643171806251,0.001957425984830081,-0.0006914222963353532
2019-11-05,41.1,41.45,41.1,41.45,41.45,2882,-0.5880351746189131,-0.5824491160018246,-0.5456183774013883,-0.5407468109658902,-0.5407468109658902,0.01767738767493263,0.013695280019564741,0.0103184920376992,0.01338548988448155,0.013943248532289811,0.011839375076284618
2019-11-06,41.55,43.0,41.5,43.0,43.0,2882,-0.5333563753005386,-0.39574503836910385,-0.49655081378110566,-0.35275429547036086,-0.35275429547036086,0.04470359572400379,0.046356004380094754,0.044872833306334146,0.047949795893499084,0.049702177521726426,0.048439531859557815
2019-11-07,43.2,43.75,42.85,42.9,42.9,2882,-0.33286744446649646,-0.3054043556435937,-0.33094778656265095,-0.3648828448571694,-0.3648828448571694,0.029270633397312833,0.03949600193845415,0.0397479398933592,0.04246400583196634,0.045576407506702346,0.04451568396704946
2019-11-08,43.2,43.25,42.5,42.7,42.7,2882,-0.33286744446649646,-0.3656314774606005,-0.3738819047303986,-0.3891399436307856,-0.3891399436307856,0.011848341232227487,0.030405405405405532,0.03256488795743988,0.03490063015026672,0.038878886672181555,0.038718832353537444
2019-11-11,42.7,42.8,42.05,42.25,42.25,2882,-0.3936216659313575,-0.4198358870959069,-0.4290829138032171,-0.4437184158714236,-0.4437184158714236,-0.004945831370701857,0.016480211716588533,0.020120724346076518,0.022012578616352294,0.025983487129674607,0.02710587091284799
2019-11-12,42.6,43.15,42.6,42.8,42.8,2882,-0.4057725102243299,-0.377676901824002,-0.36161501382532774,-0.3770113942439779,-0.3770113942439779,0.0016381933068100438,0.025641025641025474,0.031242470484298457,0.03250708642422041,0.03712319472714928,0.03912920325334857
2019-11-13,42.6,42.75,42.3,42.35,42.35,2882,-0.4057725102243299,-0.4258585992776073,-0.3984156865405404,-0.43158986648461506,-0.43158986648461506,-0.005868544600938967,0.011222540592168071,0.018110425514864897,0.020113212092014953,0.024282881052580606,0.026998625818446274
2019-11-14,42.35,42.35,42.05,42.15,42.15,2882,-0.4361496209567604,-0.4740402967312125,-0.4290829138032171,-0.4558469652582321,-0.4558469652582321,-0.007067137809187379,0.0020206822774278105,0.01168093447475793,0.014257354268182493,0.01782092147203708,0.021405492730210005
2019-11-15,42.5,42.65,42.3,42.55,42.55,2882,-0.4179233545173023,-0.4379040236410088,-0.3984156865405404,-0.4073327677109988,-0.4073327677109988,0.0030645921735029573,0.005672417868116163,0.018754988028731,0.022345026429601147,0.025498891352549888,0.029726132376073855
2019-11-18,42.6,42.8,42.6,42.75,42.75,2882,-0.4057725102243299,-0.4198358870959069,-0.36161501382532774,-0.38307566893738176,-0.38307566893738176,0.00540921919096905,0.006119086843963406,0.0206923995224831,0.02536427415002692,0.02823744467962302,0.03252556154898972
2019-11-19,42.6,42.75,42.3,42.7,42.7,2882,-0.4057725102243299,-0.4258585992776073,-0.3984156865405404,-0.3891399436307856,-0.3891399436307856,0.004705882352941244,0.0019946028393759935,0.016989520482693036,0.022693251901083716,0.024914790456531225,0.029577238386111728
2019-11-20,42.4,42.45,42.2,42.3,42.3,2882,-0.4300741988102747,-0.461994872367811,-0.4106825774456104,-0.43765414117801976,-0.43765414117801976,-0.004471640385973117,-0.005758608532142544,0.005148514851485025,0.01147776183644182,0.014145288899544384,0.01837733729235219
2019-11-21,42.1,42.15,41.9,42.05,42.05,2882,-0.46652673168919095,-0.49813114545801557,-0.447483250160823,-0.46797551464504067,-0.46797551464504067,-0.009889333647280474,-0.00965614696184653,-0.0035545023696683807,0.004418965723157824,0.0074269286056539326,0.01110086963491345
2019-11-22,42.1,42.4,41.95,42.4,42.4,2882,-0.46652673168919095,-0.4680175845495122,-0.44134980470828716,-0.4255255917912112,-0.4255255917912112,-0.0009425070688029959,-0.0007070469007777783,0.00110184164961436,0.011088589483724723,0.014742485161784407,0.01800720288115246
2019-11-25,42.5,42.55,42.4,42.5,42.5,2882,-0.4179233545173023,-0.44994944800441034,-0.3861487956354695,-0.41339704240440267,-0.41339704240440267,0.0025949516395376133,0.0010599458249912074,0.0010206485043572923,0.011663889550106995,0.015968636450564143,0.01889958844447998
2019-11-26,42.55,42.6,42.0,42.0,42.0,2882,-0.4118479323708165,-0.44392673582270914,-0.43521635925575214,-0.4740397893384445,-0.4740397893384445,-0.005917159763313609,-0.008849557522123894,-0.011609664261060535,-0.0012484394506865203,0.003536270668068509,0.005747126436781657
2019-11-27,42.15,42.3,42.05,42.3,42.3,2882,-0.4604513095427052,-0.4800630089129137,-0.4290829138032171,-0.43765414117801976,-0.43765414117801976,0.0011834319526626547,-0.0016521123436393742,-0.003455316475577233,0.004154302670623078,0.009401994941058691,0.011961722488038451
2019-11-28,42.35,42.5,42.2,42.35,42.35,2882,-0.4361496209567604,-0.45597216018611064,-0.4106825774456104,-0.43158986648461506,-0.43158986648461506,0.0009454029780193605,-0.0009436187780136623,-0.0014147606696532698,0.0029009531703272783,0.009438909281594316,0.0123102665232461
2019-11-29,42.25,42.3,41.7,41.7,41.7,2882,-0.4483004652497328,-0.4800630089129137,-0.4720170319709639,-0.5104254374988693,-0.5104254374988693,-0.011145364002845597,-0.014300910057912702,-0.015193261434306798,-0.0143591561779825,-0.006717164499070946,-0.003544545780397469
2019-12-02,41.7,41.8,41.5,41.65,41.65,2882,-0.5151301088610797,-0.5402901307299205,-0.49655081378110566,-0.5164897121922739,-0.5164897121922739,-0.008333333333333368,-0.012916222301220564,-0.01544401544401534,-0.016354726338784802,-0.008522186250238147,-0.005016722408026776
2019-12-03,41.55,41.95,41.55,41.75,41.75,2882,-0.5333563753005386,-0.5222219941848177,-0.4904173683285707,-0.5043611628054654,-0.5043611628054654,-0.0047675804529202104,-0.008313539192399083,-0.011444356748224173,-0.014342206220858212,-0.006709173962695006,-0.002826320608256016
2019-12-04,41.4,41.4,41.15,41.3,41.3,2882,-0.5515826417399968,-0.5884718281835257,-0.5394849319488533,-0.5589396350461033,-0.5589396350461033,-0.010778443113772523,-0.016666666666666736,-0.02047592695074701,-0.02300550002957014,-0.017835909631391204,-0.013849092645654211
2019-12-05,41.35,41.7,41.35,41.5,41.5,2882,-0.5576580638864825,-0.5523355550933211,-0.5149511501387115,-0.5346825362724863,-0.5346825362724863,-0.001924001924001883,-0.010609131004887359,-0.014719848053181326,-0.01664593329779043,-0.01420495035393603,-0.00934951263178832
2019-12-06,41.45,41.5,41.15,41.25,41.25,2882,-0.5455072195935101,-0.5764264038201242,-0.5394849319488533,-0.5650039097395072,-0.5650039097395072,-0.005784526391901541,-0.013865646665072874,-0.0186360031720856,-0.020887728459530085,-0.021212984054669665,-0.015513126491646744
2019-12-09,41.25,41.35,41.25,41.3,41.3,2882,-0.569808908179455,-0.5944945403652261,-0.5272180410437824,-0.5589396350461033,-0.5589396350461033,-0.0028971511347176374,-0.009829777031886927,-0.015181623082426132,-0.018594427612427945,-0.020352009108591584,-0.014554998806967466
2019-12-10,41.35,41.7,41.35,41.7,41.7,2882,-0.5576580638864825,-0.5523355550933211,-0.5149511501387115,-0.5104254374988693,-0.5104254374988693,0.007003139338324055,0.0004798464491363514,-0.004060186290900277,-0.007792516804473106,-0.011098463289698265,-0.00544580037365325
2019-12-11,41.75,42.4,41.7,42.4,42.4,2882,-0.5090546867145939,-0.4680175845495122,-0.4720170319709639,-0.4255255917912112,-0.4255255917912112,0.018496276723516773,0.0170304629407532,0.012497015044177178,0.008803235783963774,0.006074411541381765,0.010004764173415783
2019-12-12,42.55,42.7,42.4,42.45,42.45,2882,-0.4118479323708165,-0.4318813114593076,-0.3861487956354695,-0.4194613170978065,-0.4194613170978065,0.015064562410330046,0.017985611510791366,0.013045899292021495,0.009632536567962924,0.0076912120780516825,0.009472474337125137
2019-12-13,42.7,43.0,42.55,42.9,42.9,2882,-0.3936216659313575,-0.39574503836910385,-0.3677484592778636,-0.3648828448571694,-0.3648828448571694,0.017793594306049824,0.02582496413199422,0.02297114696764975,0.01991084695393756,0.01818009208715065,0.017914343338474376
2019-12-16,43.0,43.05,42.75,42.9,42.9,2882,-0.35716913305244125,-0.38972232618740354,-0.34321467746772183,-0.3648828448571694,-0.3648828448571694,0.010124793972215676,0.022767910358803153,0.022321073953451273,0.019729023056810038,0.017552182163187904,0.016346837242359576
2019-12-17,42.9,42.95,42.65,42.95,42.95,2882,-0.3693199773454136,-0.4017677505508042,-0.3554815683727927,-0.35881857016376467,-0.35881857016376467,0.005383895131086235,0.021038868417924763,0.02197017766497476,0.020614269589496987,0.01859317933880392,0.016327496450544366
2019-12-18,42.95,43.0,42.75,43.0,43.0,2882,-0.363244555198927,-0.39574503836910385,-0.34321467746772183,-0.35275429547036086,-0.35275429547036086,0.003734827264238949,0.01811293950514977,0.02202503565203602,0.020953285451415688,0.019150549867273412,0.017510648367250404
2019-12-19,43.0,43.0,42.6,42.7,42.7,2882,-0.35716913305244125,-0.39574503836910385,-0.36161501382532774,-0.3891399436307856,-0.3891399436307856,-0.004429937048262945,0.008145437374572042,0.014332092802280426,0.013048635824436638,0.011512768275927518,0.010571158094035943
2019-12-20,42.7,42.8,42.5,42.8,42.8,2882,-0.3936216659313575,-0.4198358870959069,-0.3738819047303986,-0.3770113942439779,-0.3770113942439779,-0.0016328434802894188,0.006821924253116894,0.014939530471899517,0.014939530471899345,0.013641530882910206,0.01285793168730763
2019-12-23,42.65,42.8,42.65,42.8,42.8,2882,-0.39969708807784415,-0.4198358870959069,-0.3554815683727927,-0.3770113942439779,-0.3770113942439779,-0.00116686114352402,0.0032817627754336753,0.013097680290358073,0.014578641697285642,0.013593520579737386,0.01241868716735656
2019-12-24,42.8,42.8,42.6,42.65,42.65,2882,-0.381470821638386,-0.4198358870959069,-0.36161501382532774,-0.3952042183241903,-0.3952042183241903,-0.003271792474877321,-0.0024558531165944776,0.008115348250866697,0.01024456682655291,0.010089048882152377,0.008989827300685958
2019-12-25,42.65,42.75,42.55,42.6,42.6,2882,-0.39969708807784415,-0.4258585992776073,-0.3677484592778636,-0.40126849301759415,-0.40126849301759415,-0.0025755092484193946,-0.0040911747516071805,0.004874980342821121,0.008701829160007097,0.008618240363670735,0.007608310009067038
2019-12-26,42.6,42.75,42.5,42.65,42.65,2882,-0.4057725102243299,-0.4258585992776073,-0.3738819047303986,-0.3952042183241903,-0.3952042183241903,-0.0011709601873537297,-0.003388246290454565,0.004238285848834297,0.009527190958044936,0.009228584950307633,0.00839342711904473
2019-12-27,42.8,42.8,42.55,42.7,42.7,2882,-0.381470821638386,-0.4198358870959069,-0.3677484592778636,-0.3891399436307856,-0.3891399436307856,0.0004686035613873064,-0.0017533606078315779,0.003132341425215337,0.009515928837401818,0.010124905374716229,0.009456264775413847
2019-12-30,42.7,42.7,42.5,42.7,42.7,2882,-0.3936216659313575,-0.4318813114593076,-0.3738819047303986,-0.3891399436307856,-0.3891399436307856,0.0009376465072667403,-0.0012863992515495196,0.0009376465072669071,0.008264462809917389,0.009933774834437126,0.00949604003309833
2019-12-31,42.6,42.65,42.55,42.55,42.55,2882,-0.4057725102243299,-0.4379040236410088,-0.3677484592778636,-0.4073327677109988,-0.4073327677109988,-0.0021106941838649955,-0.0038628116586680613,-0.0039016777214203216,0.003774475112054649,0.0058626069689375815,0.006068726355611627
2020-01-02,42.6,42.7,42.5,42.55,42.55,2882,-0.4057725102243299,-0.4318813114593076,-0.3738819047303986,-0.4073327677109988,-0.4073327677109988,-0.0018766127140512642,-0.002812280290602403,-0.004134810422842941,0.0022966845297684845,0.005624881830213641,0.005870533075922802
2020-01-03,42.65,42.85,42.55,42.8,42.8,2882,-0.39969708807784415,-0.4138131749142057,-0.3677484592778636,-0.3770113942439779,-0.3770113942439779,0.003281762775433508,0.0028116213683225064,0.0011695906432747873,0.0066443229258540334,0.011103236475312991,0.0111828634430618
2020-01-06,42.6,42.6,42.25,42.25,42.25,2882,-0.4057725102243299,-0.44392673582270914,-0.4045491319930754,-0.4437184158714236,-0.4437184158714236,-0.007517030772844898,-0.008797653958944282,-0.010693100218545203,-0.007458741998003231,-0.0024083868530411024,-0.0016933800653724852
2020-01-07,42.25,42.4,42.1,42.2,42.2,2882,-0.4483004652497328,-0.4680175845495122,-0.42294946835068126,-0.4497826905648274,-0.4497826905648274,-0.006357428773251614,-0.008575120404087746,-0.0107829348335676,-0.00968025814021694,-0.004106291593901742,-0.002639146019616457
2020-01-08,42.0,42.0,41.8,41.8,41.8,2882,-0.4786775759821633,-0.5161992820031174,-0.4597501410658939,-0.4982968881120616,-0.4982968881120616,-0.01228733459357302,-0.01600753295668566,-0.018395303326810296,-0.019182260808353436,-0.013592599584670581,-0.011937123271480972
2020-01-09,42.0,42.05,41.85,42.0,42.0,2882,-0.4786775759821633,-0.5101765698214171,-0.45361669561335805,-0.4740397893384445,-0.4740397893384445,-0.004975124378109473,-0.009900990099009941,-0.012152097216777713,-0.014026644756147746,-0.009527403075181502,-0.006974819718642906
2020-01-10,42.0,42.1,41.95,42.05,42.05,2882,-0.4786775759821633,-0.5041538576397159,-0.44134980470828716,-0.46797551464504067,-0.46797551464504067,-0.00023775558725625326,-0.007318224740321112,-0.009967038141579,-0.012389172685103714,-0.008862489982557977,-0.005557526309566027
2020-01-13,42.4,42.9,42.4,42.85,42.85,2882,-0.4300741988102747,-0.4077904627325054,-0.3861487956354695,-0.3709471195505732,-0.3709471195505732,0.015884305357989608,0.011209439528023632,0.008789139135211524,0.006459189665296502,0.00847258178394915,0.012443884382137612
2020-01-14,43.05,43.05,42.65,42.85,42.85,2882,-0.3510937109059555,-0.38972232618740354,-0.3554815683727927,-0.3709471195505732,-0.3709471195505732,0.01276294020326162,0.010851615947157368,0.008709981167608394,0.006518292324857508,0.007003196089490548,0.011487921945078241
2020-01-15,43.0,43.0,42.7,42.9,42.9,2882,-0.35716913305244125,-0.39574503836910385,-0.34934812292025685,-0.3648828448571694,-0.3648828448571694,0.008699741359040785,0.011196228638774341,0.00949094046591896,0.007751937984496084,0.007042253521126694,0.011752682677567742
2020-01-16,42.8,42.95,42.7,42.95,42.95,2882,-0.381470821638386,-0.4017677505508042,-0.34934812292025685,-0.35881857016376467,-0.35881857016376467,0.005383895131086235,0.011421170375603425,0.010112888052681252,0.008985728548775648,0.0076955562854864375,0.01161969066499173
2020-01-17,43.0,43.1,42.9,43.1,43.1,2882,-0.35716913305244125,-0.38369961400570235,-0.324814341110116,-0.3406257460835523,-0.3406257460835523,0.00395993477754488,0.014236969055182888,0.01292596944770868,0.012034047549163554,0.010598386794222429,0.013879087273582598
2020-01-20,43.1,43.15,43.0,43.1,43.1,2882,-0.3450182887594689,-0.377676901824002,-0.3125474502050451,-0.3406257460835523,-0.3406257460835523,0.002791996277338237,0.012212306247064424,0.012291552493540896,0.011677718443753354,0.010408852213053156,0.01241044513173853
2020-01-30,41.95,41.95,40.55,40.6,40.6,2882,-0.4847529981286491,-0.5222219941848177,-0.6130862773792778,-0.6438394807537614,-0.6438394807537614,-0.04537973195391504,-0.04290429042904291,-0.043280182232346066,-0.044537271283167576,-0.04614227986091514,-0.0457910611461473
2020-01-31,40.65,41.15,40.55,40.65,40.65,2882,-0.6427139739372884,-0.6185853890920291,-0.6130862773792778,-0.6377752060603575,-0.6377752060603575,-0.033982889733840296,-0.03912067131544737,-0.03923422358780455,-0.0411039688624167,-0.042898851007722796,-0.043829386859024703
2020-02-03,40.0,40.25,39.65,40.2,40.2,2882,-0.7216944618416076,-0.7269942083626412,-0.7234882955249139,-0.6923536783009947,-0.6923536783009947,-0.0320250421382133,-0.04569732937685453,-0.04633876324529479,-0.04902714530723279,-0.05099150141643052,-0.05278039585296894
2020-02-04,40.2,40.85,40.05,40.7,40.7,2882,-0.6973927732556627,-0.6547216621822328,-0.6744207319046313,-0.6317109313669529,-0.6317109313669529,-0.008526187576126536,-0.030721600381043084,-0.0312599174865122,-0.034973325429756834,-0.03736991485335852,-0.03967910653191234
2020-02-05,40.8,41.0,40.5,40.95,40.95,2882,-0.6244877074978302,-0.636653525637131,-0.6192197228318127,-0.601389557899932,-0.601389557899932,0.008124076809453429,-0.02033492822966494,-0.023294641437430263,-0.027027027027026928,-0.0297588020660568,-0.03229617959826704
2020-02-06,41.1,41.5,41.1,41.5,41.5,2882,-0.5880351746189131,-0.5764264038201242,-0.5456183774013883,-0.5346825362724863,-0.5346825362724863,0.01715686274509811,-0.003960158406336403,-0.009073543457497505,-0.012551305692701121,-0.015514541917730142,-0.018216229004021672
2020-02-07,41.15,41.2,40.9,41.05,41.05,2882,-0.5819597524724273,-0.612562676910328,-0.5701521592115301,-0.5892610085131242,-0.5892610085131242,0.004158512720156424,-0.01036644165863083,-0.018646904135787908,-0.021512424766104606,-0.024708956996911526,-0.02740483335965898
2020-02-10,40.7,40.95,40.55,40.9,40.9,2882,-0.6366385517908018,-0.6426762378188313,-0.6130862773792778,-0.6074538325933366,-0.6074538325933366,-0.002925402242808324,-0.009085402786190189,-0.02051568611798521,-0.023166945306902456,-0.02670029984293941,-0.02934894391266509
2020-02-11,41.35,41.8,41.35,41.65,41.65,2882,-0.5576580638864825,-0.5402901307299205,-0.5149511501387115,-0.5164897121922739,-0.5164897121922739,0.010677020140742483,0.012642839776319066,-0.0019170860292355213,-0.0038863976083707364,-0.007908151112381514,-0.010727999683306315
2020-02-12,41.9,42.05,41.65,41.8,41.8,2882,-0.49082842027513574,-0.5101765698214171,-0.4781504774234998,-0.4982968881120616,-0.4982968881120616,0.010149830836152772,0.01951219512195115,0.0033605376860296075,0.00023929169657808114,-0.003480665617699134,-0.006378511152490106
2020-02-13,41.9,41.95,41.55,41.6,41.6,2882,-0.49082842027513574,-0.5222219941848177,-0.4904173683285707,-0.5225539868856778,-0.5225539868856778,0.004830917874396204,0.0121654501216545,0.0005612122183917284,-0.0038314176245211606,-0.007207293207961424,-0.010191537454891403
2020-02-14,41.5,41.7,41.45,41.65,41.65,2882,-0.5394317974470244,-0.5523355550933211,-0.5026842592336407,-0.5164897121922739,-0.5164897121922739,0.0031310211946050715,0.010922330097087275,0.003775706940873855,-0.0024549428177953214,-0.005159317823532417,-0.008215263721871625
2020-02-17,41.5,41.5,41.3,41.4,41.4,2882,-0.5394317974470244,-0.5764264038201242,-0.5210845955912474,-0.5468110856592948,-0.5468110856592948,-0.0052859202306583105,0.0019361084220714225,0.00024160425223479127,-0.00772964227934563,-0.010043041606886698,-0.013228459063282249
2020-02-18,41.35,41.5,41.15,41.5,41.5,2882,-0.5576580638864825,-0.5764264038201242,-0.5394849319488533,-0.5346825362724863,-0.5346825362724863,-0.0021639817263764444,0.002415458937198102,0.005248284214775985,-0.004676819762561465,-0.006416395326565808,-0.009940357852882649
2020-02-19,41.55,41.8,41.35,41.75,41.75,2882,-0.5333563753005386,-0.5402901307299205,-0.5149511501387115,-0.5043611628054654,-0.5043611628054654,0.00408850408850413,0.006509161041465842,0.01351351351351347,0.0026416906820364897,4.790648653816563e-05,-0.003223110898889939
2020-02-20,41.8,41.9,41.55,41.6,41.6,2882,-0.5029792645681082,-0.528244706366519,-0.4904173683285707,-0.5225539868856778,-0.5225539868856778,0.0004810004810005562,0.002651241262955087,0.008240426563257302,0.0005411580782875558,-0.002971910650944356,-0.005934127205384559
2020-02-21,41.4,41.5,41.3,41.3,41.3,2882,-0.5515826417399968,-0.5764264038201242,-0.5210845955912474,-0.5589396350461033,-0.5589396350461033,-0.005059021922428522,-0.005178851017704526,-8.070373658293041e-05,-0.004759322850774096,-0.009687320161135536,-0.012119279221814728
2020-02-24,41.0,41.1,40.75,40.85,40.85,2882,-0.6001860189118855,-0.6246081012737295,-0.588552495569136,-0.6135181072867405,-0.6135181072867405,-0.013285024154589304,-0.01589978318477484,-0.012012254111576982,-0.013106239052968458,-0.019396034375150025,-0.021556886227544876
2020-02-25,40.5,40.85,40.45,40.7,40.7,2882,-0.6609402403767465,-0.6547216621822328,-0.6253531682843477,-0.6317109313669529,-0.6317109313669529,-0.013094083414160818,-0.017264276228419733,-0.01564011609158323,-0.013871221757829014,-0.021728679934621582,-0.0235124760076773
2020-02-26,40.4,40.75,40.3,40.65,40.65,2882,-0.6730910846697189,-0.6667670865456343,-0.6437535046419545,-0.6377752060603575,-0.6377752060603575,-0.009019990248659128,-0.015738498789346213,-0.016373608646556133,-0.012150668286755772,-0.020859427690529113,-0.023462524023062137
2020-02-27,40.7,40.75,40.0,40.05,40.05,2882,-0.6366385517908018,-0.6667670865456343,-0.6805541773571663,-0.710546502381208,-0.710546502381208,-0.01621223286661763,-0.026613197229310947,-0.02861993693912216,-0.026080612803209877,-0.03270215438121919,-0.036217061725424035
2020-03-02,39.0,40.0,39.0,39.5,39.5,2882,-0.8432029047713296,-0.7571077692711445,-0.8032230864078733,-0.7772535240086536,-0.7772535240086536,-0.021065675340768312,-0.034937698509650617,-0.03955260171826873,-0.03811031291854372,-0.04284191140835516,-0.04769558403986013
2020-03-03,39.8,40.0,39.8,39.8,39.8,2882,-0.7459961504275523,-0.7571077692711445,-0.705087959167308,-0.7408678758482289,-0.7408678758482289,-0.008470353761833667,-0.02379200392445423,-0.03052939265995446,-0.03033256182239017,-0.03261873511253704,-0.038763434367829905
2020-03-04,39.65,39.9,39.6,39.75,39.75,2882,-0.7642224168670104,-0.769153193634546,-0.7296217409774489,-0.7469321505416326,-0.7469321505416326,-0.005006257822277918,-0.020815371351151763,-0.02875061084867232,-0.030428684675894924,-0.03067694108466647,-0.038190103641569544
2020-03-05,40.1,40.2,40.0,40.15,40.15,2882,-0.7095436175486352,-0.7330169205443415,-0.6805541773571663,-0.6984179529943993,-0.6984179529943993,0.007528230865746478,-0.007048349202423734,-0.016333197223356587,-0.019715558810962524,-0.018097334311567667,-0.026391302590631813
2020-03-06,39.85,39.95,39.5,39.5,39.5,2882,-0.7399207282810657,-0.7631304814528449,-0.7418886318825199,-0.7772535240086536,-0.7772535240086536,-0.00603925515853032,-0.018023617153511532,-0.0289273129558306,-0.03322523404515699,-0.03295304313763885,-0.03955260171826873
2020-03-09,39.0,39.0,38.3,38.55,38.55,2882,-0.8432029047713296,-0.8775620129051581,-0.8890913227433687,-0.8924747431833334,-0.8924747431833334,-0.025284450063211127,-0.03504380475594507,-0.04744255003706454,-0.05358129257963554,-0.054266228349933845,-0.059335475212493514
2020-03-10,38.3,39.3,38.3,39.0,39.0,2882,-0.9282588148221355,-0.8414257398149544,-0.8890913227433687,-0.8378962709426954,-0.8378962709426954,-0.009900990099009915,-0.019238023387400993,-0.032498139419498764,-0.04029529375576752,-0.042098541042393245,-0.045287637698898445
2020-03-11,39.0,39.15,38.55,38.6,38.6,2882,-0.8432029047713296,-0.8594938763600563,-0.8584240954806919,-0.8864104684899287,-0.8864104684899287,-0.014300306435137952,-0.024143597522436895,-0.037806398005816345,-0.046560454489316984,-0.04996308146689641,-0.05159705159705163
2020-03-12,38.5,38.5,37.5,37.5,37.5,2882,-0.9039571262361907,-0.9377891347221649,-0.9872264499839339,-1.0198245117448208,-1.0198245117448208,-0.029251876779704956,-0.044342507645259814,-0.05857740585774064,-0.06878569654829889,-0.0738911389904178,-0.07437880533157813
2020-03-13,35.7,37.0,35.0,37.0,37.0,2882,-1.2441807664394122,-1.1184705001731852,-1.2938987226107015,-1.0804672586788626,-1.0804672586788626,-0.029635457644899096,-0.04969821497367395,-0.0639230898971158,-0.0759240759240759,-0.08215915856320694,-0.08400726192441008
2020-03-16,36.7,36.7,35.7,35.8,35.8,2882,-1.1226723235096903,-1.154606773263389,-1.2080304862752063,-1.2260098513205635,-1.2260098513205635,-0.04736562001064399,-0.07169713470763647,-0.08580183861082737,-0.09931442229071023,-0.10727644506508419,-0.11015369319358727
2020-03-17,35.0,35.4,34.8,35.0,35.0,2882,-1.3292366764902181,-1.3111972899876072,-1.3184325044208434,-1.32303824641503,-1.32303824641503,-0.04839586731919506,-0.081003019561507,-0.09724013412432284,-0.11229471815357306,-0.12205889730597516,-0.1262741834824214
2020-03-18,35.05,35.15,34.55,34.65,34.65,2882,-1.3231612543437323,-1.3413108508961105,-1.34909973168352,-1.3654881692688594,-1.3654881692688594,-0.03723256460127804,-0.07784431137724562,-0.0968722849695917,-0.11347064091083542,-0.12469054716313849,-0.13063477460901557
2020-03-19,34.05,34.25,33.8,34.0,34.0,2882,-1.4446696972734545,-1.4497196701667225,-1.4411014134715505,-1.4443237402831137,-1.4443237402831137,-0.0365542646642108,-0.08008658008658011,-0.10345433769886593,-0.12139027068932114,-0.13428731476294753,-0.14195583596214512
2020-03-20,34.35,35.8,34.35,35.1,35.1,2882,-1.4082171643945374,-1.2630155925340019,-1.373633513493661,-1.3109096970282215,-1.3109096970282215,0.005442566599828268,-0.03888280394304476,-0.06632381627948215,-0.08528242882272462,-0.10032296098836319,-0.10940076965365587
2020-03-23,34.15,34.7,33.95,34.15,34.15,2882,-1.432518852980482,-1.395515260531416,-1.4227010771139437,-1.4261309162029012,-1.4261309162029012,-0.012434933487565058,-0.05349223946784922,-0.08289320562169902,-0.10167039326581617,-0.11789016893113603,-0.12841890339869821
2020-03-24,34.8,35.3,34.65,34.65,34.65,2882,-1.3535383650761628,-1.3232427143510086,-1.3368328407784493,-1.3654881692688594,-1.3654881692688594,0.004056795131845652,-0.027914153457707886,-0.060805926996747355,-0.08102373690491976,-0.09868900218499646,-0.11093055080396863
2020-03-25,35.35,35.8,35.1,35.3,35.3,2882,-1.2867087214648152,-1.2630155925340019,-1.2816318317056308,-1.2866525982546053,-1.2866525982546053,0.019053117782909832,-0.000424748690358422,-0.035431277894161776,-0.057032189127821514,-0.07581945753482043,-0.08930644537128606
2020-03-26,35.55,35.55,35.05,35.25,35.25,2882,-1.2624070328788712,-1.2931291534425053,-1.2877652771581667,-1.2927168729480092,-1.2927168729480092,0.010318142734307808,0.00455970361926465,-0.028122415219189307,-0.051526974303780414,-0.07080345845634753,-0.08544495373173043
2020-03-27,35.8,36.05,35.6,35.8,35.8,2882,-1.2320299221464408,-1.2329020316254984,-1.2202973771802772,-1.2260098513205635,-1.2260098513205635,0.021981159006565686,0.023734629682585023,-0.006199685389099739,-0.031188688180772705,-0.050498620835985664,-0.06649282920469372
2020-03-30,35.2,35.8,35.0,35.8,35.8,2882,-1.3049349879042733,-1.2630155925340019,-1.2938987226107015,-1.2260098513205635,-1.2260098513205635,0.012443438914027086,0.023734629682585023,-0.0011160714285716028,-0.026314000135989696,-0.04492583502294324,-0.0617219237321453
2020-03-31,36.0,36.1,35.2,35.3,35.3,2882,-1.207728233560496,-1.2268793194437972,-1.2693649408005598,-1.2866525982546053,-1.2866525982546053,-0.00535362073823606,0.00857142857142849,-0.008241243678591586,-0.034001505096805086,-0.0526541785196716,-0.06986957094550096
2020-04-01,35.35,35.6,35.15,35.25,35.25,2882,-1.2867087214648152,-1.287106441260804,-1.2754983862530958,-1.2927168729480092,-1.2927168729480092,-0.006482525366403719,0.0054192812321733515,-0.0033927056827819466,-0.029393543057754403,-0.048428895367670796,-0.06606023138744146
2020-04-06,35.85,35.9,35.0,35.05,35.05,2882,-1.225954499999954,-1.2509701681706002,-1.2938987226107015,-1.3169739717216262,-1.3169739717216262,-0.011004514672686247,-0.0032702971704822712,-0.004449914788865935,-0.028076256499133527,-0.048071700162955,-0.06583155650319827
2020-04-07,35.5,35.6,34.9,35.35,35.35,2882,-1.268482455025357,-1.287106441260804,-1.3061656135157724,-1.2805883235612006,-1.2805883235612006,0.0,0.004546746234725879,0.007218159369360726,-0.01408450704225359,-0.03499672417558428,-0.05257515522401374
2020-04-08,35.35,35.95,35.3,35.75,35.75,2882,-1.2867087214648152,-1.244947455988899,-1.2570980498954898,-1.2320741260139674,-1.2320741260139674,0.011601584606678091,0.011315417256011274,0.018712006079027343,0.0009799804003918966,-0.02006468943588617,-0.03708026575686834
2020-04-09,36.1,36.3,36.05,36.2,36.2,2882,-1.1955773892675237,-1.2027884707169951,-1.1650963681074595,-1.1774956537733292,-1.1774956537733292,0.019144144144144337,0.019574707787635755,0.029188779378317025,0.017568517217146872,-0.0037976773625403447,-0.020871838795473864
2020-04-10,36.6,38.0,36.6,37.8,37.8,2882,-1.1348231678026626,-0.9980162565391717,-1.09762846812957,-0.9834388635843961,-0.9834388635843961,0.049125728559533816,0.05719479793035945,0.06829957607159673,0.06373997467285755,0.04247104247104245,0.025084745762711788
2020-04-13,37.9,37.95,37.25,37.4,37.4,2882,-0.9768621919940241,-1.004038968720872,-1.0178936772466107,-1.0319530611316294,-1.0319530611316294,0.024657534246575304,0.03975535168195718,0.0502667789946644,0.05263157894736835,0.034578146611341634,0.01722574796010878
2020-04-14,37.5,38.1,37.4,38.0,38.0,2882,-1.025465569165913,-0.9859708321757702,-0.9994933408890048,-0.9591817648107791,-0.9591817648107791,0.026194977045638838,0.05001381597126264,0.06135369146262004,0.06801573917931428,0.05292324743696305,0.03546936736454868
2020-04-15,38.25,38.35,38.05,38.3,38.3,2882,-0.9343342369686213,-0.9558572712672667,-0.9197585500060454,-0.9227961166503543,-0.9227961166503543,0.02024507192328178,0.051042810098792524,0.06152993348115276,0.07267889651309338,0.06152993348115297,0.04478290520572855
2020-04-16,37.8,37.85,37.6,37.8,37.8,2882,-0.9890130362869965,-1.0160843930842736,-0.974959559078863,-0.9834388635843961,-0.9834388635843961,-0.001584786053882786,0.030253475061324597,0.0416092587489666,0.05454038220114377,0.04906749555950248,0.03302209063994521
2020-04-17,38.1,38.75,38.1,38.2,38.2,2882,-0.9525605034080794,-0.9076755738136615,-0.9136251045535095,-0.934924666037162,-0.934924666037162,0.006852925672113811,0.032851155874003064,0.04705344906349936,0.06044833090429619,0.060639715681919275,0.045429666119321394
2020-04-20,38.2,38.3,37.95,38.0,38.0,2882,-0.940409659115107,-0.961879983448968,-0.9320254409111154,-0.9591817648107791,-0.9591817648107791,-0.0015764582238571275,0.019313304721030208,0.03636363636363643,0.04907170957277945,0.05450105450105446,0.041999908596499234
2020-04-21,37.9,37.95,36.9,37.0,37.0,2882,-0.9768621919940241,-1.004038968720872,-1.0608277954143583,-1.0804672586788626,-1.0804672586788626,-0.022715266772319057,-0.011884096675123522,0.006894049346879452,0.018792593102498922,0.026751026751026714,0.016902569740277644
2020-04-22,36.7,37.2,36.55,37.2,37.2,2882,-1.1226723235096903,-1.0943796514463822,-1.103761913582106,-1.0562101599052456,-1.0562101599052456,-0.011689691817215667,-0.010375099760574635,0.009771986970684217,0.020016451878256212,0.03069932394990591,0.02366538249862409
2020-04-23,37.05,37.6,37.0,37.25,37.25,2882,-1.0801443684842882,-1.0461979539927768,-1.0485609045092874,-1.0501458852118417,-1.0501458852118417,-0.007460698108180152,-0.01180527921475016,0.0075737084122261605,0.017759562841530015,0.02951743961085637,0.026689328862143424
2020-04-24,37.3,37.35,37.0,37.05,37.05,2882,-1.0497672577518575,-1.0763115149012803,-1.0485609045092874,-1.074402983985459,-1.074402983985459,-0.006702412868632708,-0.01515151515151516,-0.0010784578053385347,0.009880749574105544,0.021280114670047923,0.02263317692520012
2020-04-27,37.5,38.0,37.35,38.0,38.0,2882,-1.025465569165913,-0.9980162565391717,-1.0056267863415398,-0.9591817648107791,-0.9591817648107791,0.01876675603217166,0.00849256900212334,0.019131056677990286,0.03190767141887297,0.04286733629727221,0.04837226411624069
2020-04-28,38.2,38.2,37.9,38.0,38.0,2882,-0.940409659115107,-0.9739254078123686,-0.9381588863636513,-0.9591817648107791,-0.9591817648107791,0.013333333333333334,0.00849256900212334,0.01432511789305085,0.02883443887911209,0.039557914318542574,0.04740904079382597
2020-04-29,38.15,38.9,38.15,38.45,38.45,2882,-0.9464850812615936,-0.8896074372685596,-0.9074916591009745,-0.904603292570141,-0.904603292570141,0.01854304635761597,0.020029181589070043,0.02142920393163921,0.037296823362784115,0.046942220770026785,0.05723844003482894
2020-04-30,39.25,39.9,39.2,39.9,39.9,2882,-0.8128257940388991,-0.769153193634546,-0.7786893045977316,-0.7287393264614204,-0.7287393264614204,0.04231974921630087,0.05263157894736835,0.053048297703879796,0.06977679469133317,0.08024691358024688,0.09220311145581478
2020-05-04,39.0,39.15,38.5,38.8,38.8,2882,-0.8432029047713296,-0.8594938763600563,-0.8645575409332269,-0.8621533697163125,-0.8621533697163125,0.004400724825265383,0.02199394178848923,0.0222183191358565,0.0353569046030686,0.04649908296472102,0.05808562857921994
2020-05-05,39.0,39.2,38.8,38.9,38.9,2882,-0.8432029047713296,-0.853471164178355,-0.8277568682180151,-0.850024820329504,-0.850024820329504,0.0023189899510436336,0.022204703718302427,0.022159936936147862,0.03272051503285311,0.04508086615442473,0.056108597285067764
2020-05-06,38.9,39.05,38.5,38.8,38.8,2882,-0.8553537490643021,-0.8715393007234578,-0.8645575409332269,-0.8621533697163125,-0.8621533697163125,-0.004362329997433968,0.014777036746436451,0.018105484124901542,0.025369978858350975,0.03904450752503879,0.04987823577162444
2020-05-07,38.8,39.25,38.8,38.85,38.85,2882,-0.8675045933572745,-0.8474484519966548,-0.8277568682180151,-0.8560890950229078,-0.8560890950229078,-0.005121638924455717,0.011718750000000075,0.018437609227543002,0.022502960915910093,0.036995515695067344,0.046793605173342856
2020-05-08,39.25,39.5,39.05,39.25,39.25,2882,-0.8128257940388991,-0.8173348910881514,-0.7970896409553383,-0.8075748974756745,-0.8075748974756745,0.0084789311408016,0.01683937823834193,0.02632267061797266,0.028900976472901217,0.043272553293285845,0.05322003577817534
2020-05-11,39.5,39.9,39.5,39.6,39.6,2882,-0.7824486833064687,-0.769153193634546,-0.7418886318825199,-0.765124974621845,-0.765124974621845,0.01330603889457531,0.01917385149916349,0.03295365620380842,0.03563255966001973,0.04772991850989509,0.058540497193263964
2020-05-12,39.4,39.7,39.3,39.6,39.6,2882,-0.794599527599441,-0.7932440423613483,-0.7664224136926616,-0.765124974621845,-0.765124974621845,0.009688934217235986,0.014994232987312594,0.030087574785398412,0.032661842362605255,0.042708936752857106,0.05445346824657174
2020-05-13,39.4,39.55,39.35,39.55,39.55,2882,-0.794599527599441,-0.811312178906451,-0.7602889682401257,-0.7711892493152498,-0.7711892493152498,0.004572009144018281,0.009701302016849513,0.024257596685082896,0.029277813923227067,0.03680595606354523,0.049628450106157046
2020-05-14,39.35,39.5,39.1,39.15,39.15,2882,-0.8006749497459268,-0.8173348910881514,-0.7909561955028025,-0.8197034468624831,-0.8197034468624831,-0.007101191985797645,-0.002293577981651282,0.01049642949324614,0.017742249951257488,0.02267384149208511,0.035942668136714664
2020-05-15,39.35,39.5,38.85,39.05,39.05,2882,-0.8006749497459268,-0.8173348910881514,-0.8216234227654792,-0.8318319962492916,-0.8318319962492916,-0.008631632394008718,-0.002681649853147848,0.004803156359893481,0.01349597716065412,0.017033024273361713,0.02989010989010988
2020-05-18,39.0,39.15,38.9,39.0,39.0,2882,-0.8432029047713296,-0.8594938763600563,-0.8154899773129443,-0.8378962709426954,-0.8378962709426954,-0.006875477463712657,-0.004467134652201587,0.00017096939647805715,0.011148561057816949,0.014462594943294261,0.025191675794085495
2020-05-19,39.65,39.65,39.3,39.45,39.45,2882,-0.7642224168670104,-0.7992667545430495,-0.7664224136926616,-0.7833177987020574,-0.7833177987020574,0.005351681957186566,0.005607953097119522,0.009209516500383898,0.020896681115352388,0.023983803145927598,0.03303801335486434
2020-05-20,39.6,39.8,39.5,39.65,39.65,2882,-0.7702978390134962,-0.7811986179979477,-0.7418886318825199,-0.7590606999284413,-0.7590606999284413,0.009933774834436918,0.008520920768154671,0.011479591836734583,0.02256608639587363,0.02741500829187396,0.03439279968694277
2020-05-21,39.65,39.95,39.6,39.95,39.95,2882,-0.7642224168670104,-0.7631304814528449,-0.7296217409774489,-0.7226750517680156,-0.7226750517680156,0.013444951801116213,0.01331642358909336,0.016539440203562485,0.026662383552842953,0.03342128408091473,0.03842654767577867
2020-05-22,39.8,39.85,39.2,39.25,39.25,2882,-0.7459961504275523,-0.7751759058162464,-0.7786893045977316,-0.8075748974756745,-0.8075748974756745,-0.005321844906234182,-0.004438807863031,-0.00016982253545029985,0.006087792374238953,0.013792747184626484,0.01754234358797085
2020-05-25,39.3,39.5,38.85,39.15,39.15,2882,-0.8067503718924134,-0.8173348910881514,-0.8216234227654792,-0.8197034468624831,-0.8197034468624831,-0.008609774626487805,-0.005840528186897002,-0.0033095723014255466,0.0008308301910909149,0.010218300046446839,0.01376720901126407
2020-05-26,39.25,40.1,39.15,39.9,39.9,2882,-0.8128257940388991,-0.745062344907743,-0.7848227500502675,-0.7287393264614204,-0.7287393264614204,0.008084891359272367,0.012433392539964528,0.014063029481531533,0.017532674529805548,0.027556013391707452,0.03096335213815074
2020-05-27,40.1,40.3,40.0,40.15,40.15,2882,-0.7095436175486352,-0.7209714961809408,-0.6805541773571663,-0.6984179529943993,-0.6984179529943993,0.011844758064516101,0.0172282746389663,0.018088073704673923,0.021108850457782255,0.030649964062018756,0.035505502063273686
2020-05-28,40.3,40.3,39.45,39.5,39.5,2882,-0.6852419289626913,-0.7209714961809408,-0.7480220773350548,-0.7772535240086536,-0.7772535240086536,-0.0022733013387218064,-0.00012656625743583236,0.0005065856129684909,0.0032383008444981866,0.011575496824421362,0.01769151494331828
2020-05-29,39.3,40.05,39.2,40.05,40.05,2882,-0.8067503718924134,-0.7510850570894442,-0.7786893045977316,-0.710546502381208,-0.710546502381208,0.007547169811320683,0.011235955056179784,0.013069139966273164,0.017013712544438665,0.022727272727272745,0.029871855312218618
2020-06-01,40.2,40.45,40.1,40.25,40.25,2882,-0.6973927732556627,-0.702903359635838,-0.6682872864520953,-0.6862894036075908,-0.6862894036075908,0.00700525394045537,0.013088346337780095,0.017013391729133295,0.02021418161079778,0.024485848096110673,0.03319928125267381
2020-06-02,40.25,40.45,40.25,40.35,40.35,2882,-0.691317351109177,-0.702903359635838,-0.6498869500944895,-0.6741608542207823,-0.6741608542207823,0.007239141288068055,0.013309894525364166,0.01825370121130559,0.02087286527514239,0.02457975724950494,0.033687716152171254
2020-06-03,40.7,41.4,40.6,41.4,41.4,2882,-0.6366385517908018,-0.5884718281835257,-0.6069528319267419,-0.5468110856592948,-0.5468110856592948,0.02704043661622417,0.03512939117389677,0.041509433962264114,0.04400453915017015,0.04762386760463581,0.05661661491343742
2020-06-04,41.55,41.7,41.35,41.55,41.55,2882,-0.5333563753005386,-0.5523355550933211,-0.5149511501387115,-0.5286182615790824,-0.5286182615790824,0.020383104125736698,0.034740381023533703,0.041092458030568615,0.044232219150540285,0.048130770395035605,0.05653500593320891
2020-06-05,41.55,41.75,41.25,41.6,41.6,2882,-0.5333563753005386,-0.5463128429116209,-0.5272180410437824,-0.5225539868856778,-0.5225539868856778,0.013892273945893431,0.029957910373854934,0.037924151696606866,0.04241057445342361,0.047595064215562845,0.05392053371616782
2020-06-08,41.75,42.0,41.65,41.9,41.9,2882,-0.5090546867145939,-0.5161992820031174,-0.4781504774234998,-0.486168338725253,-0.486168338725253,0.013056092843326865,0.030370097135128477,0.0403906637973845,0.046911112499219317,0.051865240749108685,0.05719091673675355
2020-06-09,41.95,42.1,41.8,42.0,42.0,2882,-0.4847529981286491,-0.5041538576397159,-0.4597501410658939,-0.4740397893384445,-0.4740397893384445,0.007435835931878203,0.027522935779816515,0.03849006840847253,0.04627265367129605,0.05110365884178392,0.056160938809723414
2020-06-10,42.0,42.5,41.9,42.35,42.35,2882,-0.4786775759821633,-0.45597216018611064,-0.447483250160823,-0.43158986648461506,-0.43158986648461506,0.011222540592168243,0.030538995011558646,0.04250430786904096,0.05132501706696463,0.05610972568578553,0.061093247588424604
2020-06-11,42.35,42.55,41.0,41.0,41.0,2882,-0.4361496209567604,-0.44994944800441034,-0.5578852683064592,-0.5953252832065281,-0.5953252832065281,-0.018434282978214103,-0.005940113953206387,0.0075360419397116196,0.015479876160990712,0.020255810481262133,0.025085423785315548
2020-06-12,40.35,40.8,40.25,40.7,40.7,2882,-0.6791665068162046,-0.6607443743639341,-0.6498869500944895,-0.6317109313669529,-0.6317109313669529,-0.021399374849723336,-0.014766400387315406,-0.0022064231429270976,0.005993944262497676,0.011330881622105235,0.016906804364120998
2020-06-15,40.8,41.7,40.7,40.9,40.9,2882,-0.6244877074978302,-0.5523355550933211,-0.5946859410216709,-0.6074538325933366,-0.6074538325933366,-0.011838608359507174,-0.011480362537764384,-0.00016297262059976472,0.008569138770729217,0.014989080802064701,0.020119720651812393
2020-06-16,41.4,42.0,41.35,41.9,41.9,2882,-0.5515826417399968,-0.5161992820031174,-0.5149511501387115,-0.486168338725253,-0.486168338725253,0.01281121585690099,0.008909222248976582,0.02095516569200796,0.0301167793484942,0.037436862434386285,0.042461436390777825
2020-06-17,42.0,42.25,41.75,42.2,42.2,2882,-0.4786775759821633,-0.486085721094614,-0.4658835865184289,-0.4497826905648274,-0.4497826905648274,0.02080309627479455,0.014179283826003447,0.02485226260827347,0.034250352306844145,0.04212969822689789,0.04697320542507455
2020-06-18,42.25,42.3,41.75,42.15,42.15,2882,-0.4483004652497328,-0.4800630089129137,-0.4658835865184289,-0.4558469652582321,-0.4558469652582321,0.01395236949723354,0.011519078473722027,0.019264871836208293,0.030247479376718536,0.037819471118333434,0.04288659793814435
2020-06-19,42.2,42.2,41.95,42.1,42.1,2882,-0.4543758873962186,-0.49210843327631437,-0.44134980470828716,-0.46191123995163597,-0.46191123995163597,0.005973715651135005,0.009108341323106485,0.014702337912750045,0.02545365972475969,0.03348389630793394,0.039206812852264905
2020-06-22,42.1,42.15,41.95,42.1,42.1,2882,-0.46652673168919095,-0.49813114545801557,-0.44134980470828716,-0.46191123995163597,-0.46191123995163597,0.0002375861249704233,0.008624820316243398,0.011694969561038078,0.021782658819246424,0.030347528144885023,0.037073531223056906
2020-06-23,42.35,42.4,42.0,42.3,42.3,2882,-0.4361496209567604,-0.4680175845495122,-0.43521635925575214,-0.43765414117801976,-0.43765414117801976,0.003082760256106129,0.012688532439549944,0.013335462748542639,0.023655393550728827,0.032361985649436244,0.039695219368317616
2020-06-24,42.35,42.4,42.2,42.2,42.2,2882,-0.4361496209567604,-0.4680175845495122,-0.4106825774456104,-0.4497826905648274,-0.4497826905648274,0.00071140621294762,0.010657406298646874,0.009649892335912019,0.018708509354254815,0.027363910799493678,0.03499018966644873
2020-06-29,41.95,42.0,41.8,41.9,41.9,2882,-0.4847529981286491,-0.5161992820031174,-0.4597501410658939,-0.486168338725253,-0.486168338725253,-0.00522317188983853,0.001314374477237417,0.001912960306073608,0.008544951257672328,0.018127035039121404,0.02532729719809119
2020-06-30,42.0,42.1,41.85,41.85,41.85,2882,-0.4786775759821633,-0.5041538576397159,-0.45361669561335805,-0.4922326134186569,-0.4922326134186569,-0.0052293796054195115,-0.0026215443279313496,0.0003186997052026526,0.005163924582682921,0.014348732367056055,0.021770091556459793
2020-07-01,40.1,40.5,40.0,40.35,40.35,2882,-0.7095436175486352,-0.6968806474541378,-0.6805541773571663,-0.6741608542207823,-0.6741608542207823,-0.0328379674017259,-0.037107743706001665,-0.03314696485623002,-0.030979827089337154,-0.023144337384399433,-0.0159336639297617
2020-07-02,40.4,40.5,40.3,40.3,40.3,2882,-0.6730910846697189,-0.6968806474541378,-0.6437535046419545,-0.6802251289141871,-0.6802251289141871,-0.024685382381413434,-0.034614923942987194,-0.031715521383950035,-0.03212248574001815,-0.02473258796766852,-0.017831755960843312
2020-07-03,40.6,40.75,40.4,40.75,40.75,2882,-0.6487893960837742,-0.6667670865456343,-0.6314866137368836,-0.625646656673549,-0.625646656673549,-0.006824274920789694,-0.020432692307692343,-0.01838766661313639,-0.020550414613628096,-0.014414937357906535,-0.00775130879428599
2020-07-06,40.75,41.3,40.75,41.25,41.25,2882,-0.6305631296443159,-0.6005172525469272,-0.588552495569136,-0.5650039097395072,-0.5650039097395072,0.00855745721271397,-0.006263550951578056,-0.0067421141343607304,-0.00817504207742237,-0.004008112806644869,0.00336481939433256
2020-07-07,41.35,41.4,40.9,40.95,40.95,2882,-0.5576580638864825,-0.5884718281835257,-0.5701521592115301,-0.601389557899932,-0.601389557899932,0.005648330058939019,-0.010750090590650881,-0.014361360718870283,-0.01461829994585802,-0.012110392743413958,-0.005303429010971053
2020-07-08,40.9,41.1,40.75,40.95,40.95,2882,-0.6123368632048578,-0.6246081012737295,-0.588552495569136,-0.601389557899932,-0.601389557899932,0.0026934378060726382,-0.007994186046511415,-0.014440433212996253,-0.013490725126475601,-0.012777242044358584,-0.006751020738165564
2020-07-09,40.9,41.25,40.6,40.6,40.6,2882,-0.6123368632048578,-0.6065399647286276,-0.6069528319267419,-0.6438394807537614,-0.6438394807537614,-0.007334963325183305,-0.01240574069569443,-0.020821609454136268,-0.02027027027027035,-0.021450952036635346,-0.015797341521554615
2020-07-10,40.7,40.7,40.25,40.25,40.25,2882,-0.6366385517908018,-0.6727897987273347,-0.6498869500944895,-0.6862894036075908,-0.6862894036075908,-0.013480392156862676,-0.016253207869974317,-0.026209677419354895,-0.026248941574936513,-0.02880996042852996,-0.02436068355350856
2020-07-13,40.8,40.95,40.5,40.95,40.95,2882,-0.6244877074978302,-0.6426762378188313,-0.6192197228318127,-0.601389557899932,-0.601389557899932,0.005154639175257753,0.003184713375796241,-0.007352941176470618,-0.009254218835056994,-0.011347175277643623,-0.008554596077798193
2020-07-14,40.6,40.85,40.6,40.7,40.7,2882,-0.6487893960837742,-0.6547216621822328,-0.6069528319267419,-0.6317109313669529,-0.6317109313669529,0.00024576062914733637,-0.00012283503255117192,-0.011175898931000822,-0.015302727877578182,-0.016528126812294378,-0.015124016938898971
2020-07-15,40.95,40.95,40.6,40.65,40.65,2882,-0.6062614410583712,-0.6426762378188313,-0.6069528319267419,-0.6377752060603575,-0.6377752060603575,0.0004922471080481423,-0.002086657665398327,-0.010065752090267254,-0.01621490803484999,-0.016548120191609755,-0.016651211546990435
2020-07-16,40.75,40.85,40.55,40.55,40.55,2882,-0.6305631296443159,-0.6547216621822328,-0.6130862773792778,-0.6499037554471662,-0.6499037554471662,-0.0017232890201872818,-0.00515210991167831,-0.009687398241615321,-0.017029270953275572,-0.017588913654424027,-0.019228443584472336
2020-07-17,40.85,40.9,40.5,40.5,40.5,2882,-0.6184122853513436,-0.6486989500005326,-0.6192197228318127,-0.6559680301405699,-0.6559680301405699,-0.004179985247110934,-0.0057689947219835384,-0.008163265306122507,-0.016214246675168444,-0.017038007863695893,-0.01972649158901137
2020-07-20,40.5,40.7,40.35,40.4,40.4,2882,-0.6609402403767465,-0.6727897987273347,-0.6376200591894187,-0.6680965795273784,-0.6680965795273784,-0.003944773175542322,-0.006150061500615006,-0.008183306055646539,-0.01655306718597857,-0.018893583952596184,-0.021238795122345114
2020-07-21,40.65,40.8,40.4,40.4,40.4,2882,-0.6427139739372884,-0.6607443743639341,-0.6314866137368836,-0.6680965795273784,-0.6680965795273784,-0.002469135802469171,-0.0048035472348813245,-0.005823968501353406,-0.014513965117697253,-0.018607588786862903,-0.02028938646835356
2020-07-22,40.45,40.75,40.45,40.65,40.65,2882,-0.6670156625232323,-0.6667670865456343,-0.6253531682843477,-0.6377752060603575,-0.6377752060603575,0.0037037037037036687,0.0020954024405275694,-0.000163974747888676,-0.006658928462337366,-0.012294683642725075,-0.013229760893312336
2020-07-23,40.6,40.6,40.3,40.35,40.35,2882,-0.6487893960837742,-0.6848352230907362,-0.6437535046419545,-0.6741608542207823,-0.6741608542207823,-0.002718734552644398,-0.004686729156388696,-0.0076242006886373635,-0.011635027556644247,-0.01810483282230965,-0.01920272241127854
2020-07-24,40.2,40.35,40.1,40.1,40.1,2882,-0.6973927732556627,-0.7149487839992397,-0.6682872864520953,-0.7044822276878032,-0.7044822276878032,-0.0069341258048539155,-0.010487353485502707,-0.012720558063192427,-0.015225933202357673,-0.022189709826871414,-0.02349933032996477
2020-07-27,40.05,40.4,39.75,39.75,39.75,2882,-0.7156190396951218,-0.7089260718175393,-0.7112214046198431,-0.7469321505416326,-0.7469321505416326,-0.012422360248447204,-0.01621086499195647,-0.01892225421637184,-0.021237303785780173,-0.028449919343012206,-0.031039245957585115
2020-07-28,39.6,40.0,39.6,39.65,39.65,2882,-0.7702978390134962,-0.7571077692711445,-0.7296217409774489,-0.7590606999284413,-0.7590606999284413,-0.011221945137157179,-0.01612903225806448,-0.019292604501607573,-0.02104808345163894,-0.028567228537828396,-0.0326515675192129
2020-07-29,39.9,40.4,39.8,40.1,40.1,2882,-0.73384530613458,-0.7089260718175393,-0.705087959167308,-0.7044822276878032,-0.7044822276878032,0.0027506876719181434,-0.0036029320412472613,-0.006770145310435933,-0.009632007903185986,-0.015612725844461968,-0.02103592790006912
2020-07-30,40.45,40.45,39.8,40.1,40.1,2882,-0.6670156625232323,-0.702903359635838,-0.705087959167308,-0.7044822276878032,-0.7044822276878032,0.004006009013520373,-0.0024875621890547614,-0.005949429846306444,-0.009387351778656015,-0.013481598110608018,-0.019599853306711282
2020-07-31,39.95,39.95,39.6,39.6,39.6,2882,-0.7277698839880933,-0.7631304814528449,-0.7296217409774489,-0.765124974621845,-0.765124974621845,-0.006024096385542218,-0.012715033657441985,-0.017288444040036367,-0.020347578699981397,-0.023283346487766438,-0.029768467475193024
2020-08-03,39.6,39.65,39.2,39.25,39.25,2882,-0.7702978390134962,-0.7992667545430495,-0.7786893045977316,-0.8075748974756745,-0.8075748974756745,-0.01233014594866638,-0.018627328416051945,-0.02322687681459967,-0.026598053196106516,-0.029378307532518976,-0.036060742499283704
2020-08-04,39.35,39.8,39.3,39.8,39.8,2882,-0.8006749497459268,-0.7811986179979477,-0.7664224136926616,-0.7408678758482289,-0.7408678758482289,0.0007543374402816479,-0.003380493301615075,-0.008058486333804212,-0.011548491245498657,-0.013777381306373388,-0.02070945253229449
2020-08-05,39.85,39.95,39.6,39.85,39.85,2882,-0.7399207282810657,-0.7631304814528449,-0.7296217409774489,-0.7348036011548241,-0.7348036011548241,0.0032729103726081427,-0.0001254547735541979,-0.0054903918143250794,-0.0089529967669732,-0.012048790162633804,-0.0176663927691044
2020-08-06,39.95,40.3,39.9,40.2,40.2,2882,-0.7277698839880933,-0.7209714961809408,-0.6928210682622371,-0.6923536783009947,-0.6923536783009947,0.011575239053850227,0.009036144578313239,0.003828866322623672,0.0002488181139588235,-0.0032728354656351754,-0.007325705819409009
2020-08-07,40.2,40.2,39.85,39.85,39.85,2882,-0.6973927732556627,-0.7330169205443415,-0.6989545137147721,-0.7348036011548241,-0.7348036011548241,0.001507916561950296,0.0008790656787641991,-0.00383301391550693,-0.007966143888473992,-0.01106809608894178,-0.014061275823677244
2020-08-10,39.85,40.5,39.85,40.45,40.45,2882,-0.7399207282810657,-0.6968806474541378,-0.6989545137147721,-0.6620323048339738,-0.6620323048339738,0.010492130901823675,0.014165726463582742,0.011081486418930224,0.007597459210362607,0.004619511225908999,0.0019816695566013945
2020-08-11,40.0,40.15,39.9,39.95,39.95,2882,-0.7216944618416076,-0.7390396327260427,-0.6928210682622371,-0.7226750517680156,-0.7226750517680156,-0.0027458811782326365,0.0008768633345859096,-0.0006670557825399191,-0.003926946331733438,-0.0068118536197295364,-0.008848825669864259
2020-08-12,39.95,40.45,39.95,40.45,40.45,2882,-0.7277698839880933,-0.702903359635838,-0.6866876228097013,-0.6620323048339738,-0.6620323048339738,0.00671976107516185,0.012515644555694618,0.012177829677204051,0.008791071762578692,0.006118794149835892,0.003473083602084041
2020-08-13,40.5,40.7,40.4,40.7,40.7,2882,-0.6609402403767465,-0.6727897987273347,-0.6314866137368836,-0.6317109313669529,-0.6317109313669529,0.010427010923535296,0.017245688577855477,0.017839279759919918,0.014836055354693898,0.012236370871468475,0.009341158965032613
2020-08-14,40.45,40.5,40.1,40.3,40.3,2882,-0.6670156625232323,-0.6968806474541378,-0.6682872864520953,-0.6802251289141871,-0.6802251289141871,-0.00173396086202644,0.005489021956087796,0.007499999999999929,0.005112856964708596,0.0022382491917432557,-0.00020673971469918197
2020-08-17,40.35,40.8,40.2,40.7,40.7,2882,-0.6791665068162046,-0.6607443743639341,-0.6560203955470245,-0.6317109313669529,-0.6317109313669529,0.006927263730826351,0.011808576755748769,0.015891505116898155,0.014709548740962438,0.01243781094527363,0.010176222387689345
2020-08-18,40.6,40.6,40.4,40.6,40.6,2882,-0.6487893960837742,-0.6848352230907362,-0.6314866137368836,-0.6438394807537614,-0.6438394807537614,0.0012330456226881446,0.007319191167349006,0.011795979398571086,0.011964107676969192,0.010050751318539245,0.007986096743493163
2020-08-19,40.75,41.0,40.55,40.55,40.55,2882,-0.6305631296443159,-0.636653525637131,-0.6130862773792778,-0.6499037554471662,-0.6499037554471662,-0.0004929751047572868,0.004334365325077329,0.009794969702000438,0.010843824005982857,0.008907245222929861,0.007078107537563556
2020-08-20,40.45,40.5,39.6,39.8,39.8,2882,-0.6670156625232323,-0.6968806474541378,-0.7296217409774489,-0.7408678758482289,-0.7408678758482289,-0.014607576132706199,-0.013263914714268096,-0.0083880076405614,-0.007171811661989434,-0.0090134953438576,-0.010893426666114559
2020-08-21,39.9,40.05,39.75,39.85,39.85,2882,-0.73384530613458,-0.7510850570894442,-0.7112214046198431,-0.7348036011548241,-0.7348036011548241,-0.011166253101736868,-0.012024296516672677,-0.007554374896230969,-0.005614472863381195,-0.007125772373928676,-0.009322560596643877
2020-08-24,39.9,40.0,39.8,39.9,39.9,2882,-0.73384530613458,-0.7571077692711445,-0.705087959167308,-0.7287393264614204,-0.7287393264614204,-0.005979073243647284,-0.009433962264151007,-0.007380379799320015,-0.0045531092122496715,-0.005384385282680254,-0.007215725304802344
2020-08-25,39.9,40.55,39.85,40.5,40.5,2882,-0.73384530613458,-0.6908579352724374,-0.6989545137147721,-0.6559680301405699,-0.6559680301405699,0.00947158524426744,0.004090740052063943,0.0063778679698501045,0.009345794392523364,0.009471585244267262,0.007880547490667855
2020-08-26,40.25,40.55,40.1,40.55,40.55,2882,-0.691317351109177,-0.6908579352724374,-0.6682872864520953,-0.6499037554471662,-0.6499037554471662,0.010717846460618139,0.005081174866773855,0.0064532141970711845,0.010025530854972375,0.010818625984644469,0.009208561473369951
2020-08-27,40.55,40.55,40.0,40.0,40.0,2882,-0.6548648182302608,-0.6908579352724374,-0.6805541773571663,-0.7166107770746117,-0.7166107770746117,-0.003984063745020012,-0.006828057107386681,-0.006869155011172825,-0.003549853646384712,-0.0025435140391999594,-0.004025397352367392
2020-08-28,40.0,40.15,39.9,39.95,39.95,2882,-0.7216944618416076,-0.7390396327260427,-0.6928210682622371,-0.7226750517680156,-0.7226750517680156,-0.005724240915878293,-0.007206759443339939,-0.008274720728175308,-0.005229083665338666,-0.003641260973663051,-0.004816075728638912
2020-08-31,40.05,40.2,39.75,39.85,39.85,2882,-0.7156190396951218,-0.7330169205443415,-0.7112214046198431,-0.7348036011548241,-0.7348036011548241,-0.007966143888473992,-0.007595567177188212,-0.009773875590159799,-0.008459815874595754,-0.006234413965087281,-0.0068535825545170985
2020-09-01,39.9,39.95,39.65,39.85,39.85,2882,-0.73384530613458,-0.7631304814528449,-0.7234882955249139,-0.7348036011548241,-0.7348036011548241,-0.004745254745254866,-0.005738522954091739,-0.009609808632259046,-0.008521490327797327,-0.006432631893886573,-0.0063996010638298125
2020-09-02,39.95,39.95,39.5,39.55,39.55,2882,-0.7277698839880933,-0.7631304814528449,-0.7418886318825199,-0.7711892493152498,-0.7711892493152498,-0.007279116465863433,-0.010755377688844592,-0.015597776487181579,-0.015618194262958242,-0.01337125180861152,-0.012977289742950092
2020-09-03,39.7,40.0,39.6,39.85,39.85,2882,-0.7581469947205238,-0.7571077692711445,-0.7296217409774489,-0.7348036011548241,-0.7348036011548241,0.0010047726701833495,-0.0033762660997873704,-0.006729810568295016,-0.007719123505976151,-0.005639285357820119,-0.005076564580559073
2020-09-04,39.5,39.65,39.3,39.45,39.45,2882,-0.7824486833064687,-0.7992667545430495,-0.7664224136926616,-0.7833177987020574,-0.7833177987020574,-0.006547469151347217,-0.012392039053698947,-0.01530909393460363,-0.017189835575485743,-0.015472922385824742,-0.01453016362046705
2020-09-07,39.45,39.65,39.35,39.35,39.35,2882,-0.7885241054529544,-0.7992667545430495,-0.7602889682401257,-0.7954463480888659,-0.7954463480888659,-0.006563998990153952,-0.013537227375282004,-0.015593729152768548,-0.018336035923662203,-0.018066576832859126,-0.01670067885552463
2020-09-08,39.4,39.6,39.35,39.55,39.55,2882,-0.794599527599441,-0.8052894667247498,-0.7602889682401257,-0.7711892493152498,-0.7711892493152498,0.0,-0.006156552330694925,-0.00885473226965162,-0.012854112067889695,-0.012829472843450377,-0.011620642259152903
2020-09-09,39.35,39.5,39.1,39.45,39.45,2882,-0.8006749497459268,-0.8173348910881514,-0.7909561955028025,-0.7833177987020574,-0.7833177987020574,-0.0020237794080443005,-0.005921632858762564,-0.00954054732613614,-0.014119705110583474,-0.014932081502197337,-0.013585597599600012
2020-09-10,39.55,39.8,39.35,39.75,39.75,2882,-0.7763732611599828,-0.7811986179979477,-0.7602889682401257,-0.7469321505416326,-0.7469321505416326,0.006074411541381798,0.002269288956126987,-0.0019250083696018183,-0.005441921561268559,-0.006994753934549116,-0.005794322397765704
2020-09-11,39.8,40.0,39.65,39.9,39.9,2882,-0.7459961504275523,-0.7571077692711445,-0.7234882955249139,-0.7287393264614204,-0.7287393264614204,0.007575757575757504,0.006178287731685725,0.0017574692442880535,-0.0011890606420927325,-0.0032973621103116984,-0.0022921441967076947
2020-09-14,39.9,40.1,39.75,40.1,40.1,2882,-0.73384530613458,-0.745062344907743,-0.7112214046198431,-0.7044822276878032,-0.7044822276878032,0.008805031446540917,0.010584677419354881,0.006441897431606974,0.004571929604809856,0.0020490779149382964,0.0019990004997500824
2020-09-15,40.05,40.1,39.9,40.1,40.1,2882,-0.7156190396951218,-0.745062344907743,-0.6928210682622371,-0.7044822276878032,-0.7044822276878032,0.006021073758153588,0.00994836922301985,0.007115948095437374,0.005201478974744705,0.0018988606835898588,0.001748688483637279
2020-09-16,40.1,40.2,39.95,40.2,40.2,2882,-0.7095436175486352,-0.7330169205443415,-0.6866876228097013,-0.6923536783009947,-0.6923536783009947,0.004748812796800742,0.01081216997737005,0.010219467247445303,0.008150470219435808,0.0046483730694256995,0.0039542143600417535
2020-09-17,40.0,40.1,39.65,39.65,39.65,2882,-0.7216944618416076,-0.745062344907743,-0.7234882955249139,-0.7590606999284413,-0.7590606999284413,-0.00850212553138293,-0.0025157232704402874,-0.003017349761126413,-0.0054555715808616324,-0.008055638947263152,-0.009327892062963309
2020-09-18,39.7,39.8,39.5,39.5,39.5,2882,-0.7581469947205238,-0.7811986179979477,-0.7418886318825199,-0.7772535240086536,-0.7772535240086536,-0.010273114507642286,-0.006414287511004792,-0.006039255158530498,-0.008782936010037677,-0.011016524787180714,-0.012787936851751487
2020-09-21,39.45,39.5,39.1,39.1,39.1,2882,-0.7885241054529544,-0.8173348910881514,-0.7909561955028025,-0.8257677215558868,-0.8257677215558868,-0.01536136993200686,-0.01585703498615662,-0.014865205341395902,-0.017834714895754857,-0.019460327013742684,-0.021684737281067568
2020-09-22,39.1,39.15,38.8,39.0,39.0,2882,-0.8310520604783572,-0.8594938763600563,-0.8277568682180151,-0.8378962709426954,-0.8378962709426954,-0.012408204608761584,-0.017013232514177624,-0.015979814970563486,-0.018497546243865595,-0.020395860544559545,-0.023413046200075005
2020-09-23,39.0,39.0,38.7,39.0,39.0,2882,-0.8432029047713296,-0.8775620129051581,-0.8400237591230851,-0.8378962709426954,-0.8378962709426954,-0.006369426751592357,-0.015897047691143137,-0.015068608468726435,-0.016579461640295175,-0.018867924528301886,-0.022229650676918022
2020-09-24,38.8,38.8,38.0,38.0,38.0,2882,-0.8675045933572745,-0.9016528616319611,-0.9258919954585804,-0.9591817648107791,-0.9591817648107791,-0.02363823227132584,-0.03687745532885562,-0.03732477622023314,-0.039373064526322554,-0.042290438026110294,-0.045146159644861385
2020-09-25,38.05,38.35,38.0,38.1,38.1,2882,-0.958635925554566,-0.9558572712672667,-0.9258919954585804,-0.9470532154239705,-0.9470532154239705,-0.013975155279503083,-0.029917250159134236,-0.03258569614896314,-0.034587609274040164,-0.038073116542112595,-0.04086598976252416
2020-09-28,38.2,38.55,38.2,38.55,38.55,2882,-0.940409659115107,-0.9317664225404646,-0.9013582136484386,-0.8924747431833334,-0.8924747431833334,0.0005190760446404366,-0.01457055214723945,-0.019832189168573638,-0.021573604060913742,-0.025383020680588685,-0.027783615652978016
2020-09-29,38.65,38.8,38.6,38.7,38.7,2882,-0.8857308597967326,-0.9016528616319611,-0.852290650028156,-0.8742819191031201,-0.8742819191031201,0.005978684689368257,-0.0071831708568496945,-0.014598540145985332,-0.01633093982334621,-0.019806494098576478,-0.022439270828947797
2020-09-30,38.85,38.9,38.6,38.6,38.6,2882,-0.8614291712107878,-0.8896074372685596,-0.852290650028156,-0.8864104684899287,-0.8864104684899287,0.005470174524615808,-0.005667181865018003,-0.01572460688482789,-0.017686728591423853,-0.02040401989645726,-0.023361727249725867
2020-10-05,38.7,38.8,38.4,38.45,38.45,2882,-0.8796554376502459,-0.9016528616319611,-0.8768244318382977,-0.904603292570141,-0.904603292570141,-0.000779625779625809,-0.006459948320413436,-0.01737797086634277,-0.019757807520713794,-0.02267297036246258,-0.026048043230463856
2020-10-06,38.6,38.8,38.5,38.65,38.65,2882,-0.8918062819432183,-0.9016528616319611,-0.8645575409332269,-0.8803461937965249,-0.8803461937965249,0.001554806944804228,0.0009063835297165272,-0.010158784360594203,-0.013653183616179754,-0.016289132094680595,-0.019989012382200255
2020-10-07,38.6,38.75,38.6,38.6,38.6,2882,-0.8918062819432183,-0.9076755738136615,-0.852290650028156,-0.8864104684899287,-0.8864104684899287,0.0,0.0009075586671851831,-0.008901061280383362,-0.013985567405325996,-0.016309887869520912,-0.020180225916994407
2020-10-08,38.6,38.65,38.4,38.45,38.45,2882,-0.8918062819432183,-0.919720998177063,-0.8768244318382977,-0.904603292570141,-0.904603292570141,-0.0025940337224384285,-0.0015580368735393993,-0.009956226933310537,-0.01643537762998013,-0.01873213556553682,-0.022291913883709064
2020-10-12,38.6,38.7,38.3,38.6,38.6,2882,-0.8918062819432183,-0.9136982859953618,-0.8890913227433687,-0.8864104684899287,-0.8864104684899287,0.0012970168612193066,0.0033792565635558987,-0.0033565711334883177,-0.0115236875800255,-0.01394778521432584,-0.016852740162159922
2020-10-13,38.65,38.7,38.35,38.45,38.45,2882,-0.8857308597967326,-0.9136982859953618,-0.8829578772908327,-0.904603292570141,-0.904603292570141,-0.0025940337224382446,-0.001687654160716545,-0.00517464424320817,-0.013723226882134067,-0.01637247377845998,-0.01938281050752354
2020-10-14,38.45,38.9,38.45,38.6,38.6,2882,-0.9100325483826764,-0.8896074372685596,-0.8706909863857619,-0.8864104684899287,-0.8864104684899287,0.0015568240788789611,0.0009075586671853674,0.000259134490800674,-0.008221993833504632,-0.011675542810323715,-0.01442614579343796
2020-10-15,38.45,38.6,38.2,38.2,38.2,2882,-0.9100325483826764,-0.9257437103587633,-0.9013582136484386,-0.934924666037162,-0.934924666037162,-0.0067602704108163806,-0.008564754736569046,-0.008564754736568862,-0.016097875080489373,-0.020763906690592034,-0.023267706468933867
2020-10-16,38.25,38.35,38.15,38.15,38.15,2882,-0.9343342369686213,-0.9558572712672667,-0.9074916591009745,-0.9409889407305667,-0.9409889407305667,-0.006510416666666667,-0.008447043534762907,-0.008404089412580255,-0.014911884319927715,-0.02063972891102349,-0.023130761351997157
2020-10-19,38.25,38.55,38.25,38.4,38.4,2882,-0.9343342369686213,-0.9317664225404646,-0.8952247681959037,-0.9106675672635458,-0.9106675672635458,0.0010427528675703635,-0.0014302431413340195,-0.0008673026886382855,-0.00614687803299914,-0.013157894736842297,-0.01576316801230301
2020-10-20,38.4,38.45,38.2,38.45,38.45,2882,-0.9161079705291632,-0.9438118469038652,-0.9013582136484386,-0.904603292570141,-0.904603292570141,0.002346193952033457,-0.00013002210375752054,-0.00034665048964387075,-0.003305035318514619,-0.010550694801852717,-0.013301398571489789
2020-10-21,38.45,38.55,38.3,38.4,38.4,2882,-0.9100325483826764,-0.9317664225404646,-0.8890913227433687,-0.9106675672635458,-0.9106675672635458,0.002087682672233776,-0.0007806401249024496,-0.0021654395842356615,-0.0031799597637744764,-0.010309278350515427,-0.013698630136986254
2020-10-22,38.35,38.6,38.3,38.5,38.5,2882,-0.9221833926756489,-0.9257437103587633,-0.8890913227433687,-0.8985390178767373,-0.8985390178767373,0.0031266284523188493,0.0020822488287349896,0.0005197505197504162,0.00019484315126342512,-0.006092523750516423,-0.01040997301118093
2020-10-23,38.5,38.6,38.4,38.6,38.6,2882,-0.9039571262361907,-0.9257437103587633,-0.8768244318382977,-0.8864104684899287,-0.8864104684899287,0.0033792565635560844,0.004292962143879254,0.00329232368740249,0.0033140554941842836,-0.001965042920674333,-0.0070313839821642965
2020-10-26,38.6,39.0,38.6,38.95,38.95,2882,-0.8918062819432183,-0.8775620129051581,-0.852290650028156,-0.8439605456360992,-0.8439605456360992,0.009590461378952943,0.012477255003899247,0.01177591133431484,0.012477255003899247,0.008388132346088262,0.002401990220468581
2020-10-27,38.7,38.8,38.55,38.6,38.6,2882,-0.8796554376502459,-0.9016528616319611,-0.8584240954806919,-0.8864104684899287,-0.8864104684899287,-0.00025900025900020746,0.0029881772119007923,0.0024238227146814503,0.0025974025974026343,0.00041467965996263315,-0.005624490146408493
2020-10-28,38.6,38.7,38.4,38.6,38.6,2882,-0.8918062819432183,-0.9136982859953618,-0.8768244318382977,-0.8864104684899287,-0.8864104684899287,-0.0012936610608019965,0.0029881772119007923,0.002510605142411843,0.001946787800129675,0.0013489675210127529,-0.004513217279174653
2020-10-29,38.25,38.3,38.15,38.15,38.15,2882,-0.9343342369686213,-0.961879983448968,-0.9074916591009745,-0.9409889407305667,-0.9409889407305667,-0.01114567133229652,-0.008575883575883533,-0.008404089412580255,-0.009219581872484195,-0.009348221241236028,-0.014466546112115791
2020-10-30,38.15,38.55,38.15,38.4,38.4,2882,-0.9464850812615936,-0.9317664225404646,-0.9074916591009745,-0.9106675672635458,-0.9106675672635458,-0.003632589517384734,-0.0027269185820024406,-0.0018195996880686323,-0.0023382696804365656,-0.002234578807878151,-0.006553984132459391
2020-11-02,38.4,38.65,38.3,38.65,38.65,2882,-0.9161079705291632,-0.919720998177063,-0.8890913227433687,-0.8803461937965249,-0.8803461937965249,0.004417879417879462,0.0031144562678431724,0.0045919251429560465,0.004091706176527866,0.004626741526304774,0.0012521048313975736
2020-11-03,38.75,38.95,38.75,38.9,38.9,2882,-0.8735800155037602,-0.8835847250868585,-0.8338903136705501,-0.850024820329504,-0.850024820329504,0.009340944473274505,0.008425145819831385,0.010302138343000462,0.009996105413475218,0.01017970291887408,0.00838157781042055
2020-11-04,38.55,39.15,38.55,39.15,39.15,2882,-0.8978817040897049,-0.8594938763600563,-0.8584240954806919,-0.8197034468624831,-0.8197034468624831,0.0129366106080207,0.0129366106080207,0.015827711468604032,0.015827711468604032,0.015564202334630389,0.015169194865810804
2020-11-05,39.2,39.25,38.9,39.2,39.2,2882,-0.8189012161853849,-0.8474484519966548,-0.8154899773129443,-0.8136391721690783,-0.8136391721690783,0.008749356664951195,0.012396694214876136,0.015368675530996382,0.016333938294010957,0.016175860638739173,0.01637785748239059
2020-11-06,39.2,39.3,39.0,39.3,39.3,2882,-0.8189012161853849,-0.8414257398149544,-0.8032230864078733,-0.8015106227822707,-0.8015106227822707,0.00665983606557372,0.013147718484145348,0.015941404566996997,0.0178051149239236,0.018134715025906623,0.018706527843780983
2020-11-09,39.5,39.7,39.35,39.6,39.6,2882,-0.7824486833064687,-0.7932440423613483,-0.7602889682401257,-0.765124974621845,-0.765124974621845,0.009431557481519179,0.01917385149916349,0.02158397110671595,0.02424830261881668,0.024844720496894433,0.025951034155188006
2020-11-10,39.8,40.4,39.8,40.4,40.4,2882,-0.7459961504275523,-0.7089260718175393,-0.705087959167308,-0.6680965795273784,-0.6680965795273784,0.022008601062484125,0.0349686179070064,0.03873842989372646,0.04231166150670777,0.04344232656645475,0.04451243159391575
2020-11-11,40.6,41.25,40.55,41.25,41.25,2882,-0.6487893960837742,-0.6065399647286276,-0.6130862773792778,-0.5650039097395072,-0.5650039097395072,0.03254067584480593,0.0496183206106871,0.05543710021321955,0.0606157999614322,0.06254185770954625,0.0636012032660078
2020-11-12,41.15,41.15,40.2,40.55,40.55,2882,-0.5819597524724273,-0.6185853890920291,-0.6560203955470245,-0.6499037554471662,-0.6499037554471662,0.008204873197414001,0.025543753161355355,0.033911269760326324,0.03947705716482932,0.04241645244215935,0.043758043758043645
2020-11-13,40.5,40.6,40.4,40.55,40.55,2882,-0.6609402403767465,-0.6848352230907362,-0.6314866137368836,-0.6499037554471662,-0.6499037554471662,0.0019767729182109785,0.019997484593132983,0.030495552731893156,0.03628929210324564,0.040170326287707656,0.042103910566667964
2020-11-16,40.95,41.0,40.7,40.95,40.95,2882,-0.6062614410583712,-0.636653525637131,-0.5946859410216709,-0.601389557899932,-0.601389557899932,0.005154639175257928,0.024134050268850904,0.03714647530603635,0.043112780997261735,0.04790419161676646,0.050269299820466996
2020-11-17,41.3,41.5,41.05,41.5,41.5,2882,-0.5637334860329691,-0.5764264038201242,-0.5517518228539242,-0.5346825362724863,-0.5346825362724863,0.01318359374999998,0.03118399801217549,0.04595480131059408,0.05303222532352185,0.05867346938775503,0.061607333191217174
2020-11-18,41.8,41.85,41.55,41.8,41.8,2882,-0.5029792645681082,-0.5342674185482192,-0.4904173683285707,-0.4982968881120616,-0.4982968881120616,0.017774531288044727,0.03184398913848412,0.04788167460516411,0.05608893380495197,0.06285598047192843,0.06641721234798854
2020-11-19,41.8,41.8,41.4,41.5,41.5,2882,-0.5029792645681082,-0.5402901307299205,-0.5088177046861766,-0.5346825362724863,-0.5346825362724863,0.005816771691710976,0.018654884634266206,0.03456872195446226,0.04455071734205898,0.051697921946274684,0.05615880556498125
2020-11-20,41.5,41.5,41.0,41.3,41.3,2882,-0.5394317974470244,-0.5764264038201242,-0.5578852683064592,-0.5589396350461033,-0.5589396350461033,-0.002656363197295497,0.008793356130923288,0.024644392987098883,0.03599648814749768,0.043298135704541975,0.04853382981424267
2020-11-23,41.45,41.8,41.4,41.7,41.7,2882,-0.5455072195935101,-0.5402901307299205,-0.5088177046861766,-0.5104254374988693,-0.5104254374988693,0.0033686236766121407,0.013365735115431453,0.029375462848679458,0.042434847822011255,0.04990180774459959,0.055918970246887585
2020-11-24,41.75,41.8,41.5,41.5,41.5,2882,-0.5090546867145939,-0.5402901307299205,-0.49655081378110566,-0.5346825362724863,-0.5346825362724863,-0.0014436958614052519,0.005816771691710976,0.020073740270381075,0.033688274487826304,0.041666666666666574,0.048156255261828394
2020-11-25,41.75,41.8,41.45,41.45,41.45,2882,-0.5090546867145939,-0.5402901307299205,-0.5026842592336407,-0.5407468109658902,-0.5407468109658902,-0.0009640877319834188,0.004118217054263607,0.015019182107583141,0.02879126334077944,0.03723537360492485,0.044387519422164644
2020-11-26,41.55,41.7,41.3,41.5,41.5,2882,-0.5333563753005386,-0.5523355550933211,-0.5210845955912474,-0.5346825362724863,-0.5346825362724863,0.00024102193299602596,0.0030211480362537764,0.012442059038790075,0.02576778100475818,0.035377476173843604,0.04275723439005005
2020-11-27,41.4,41.6,41.25,41.35,41.35,2882,-0.5515826417399968,-0.5643809794567227,-0.5272180410437824,-0.5528753603526987,-0.5528753603526987,-0.003614457831325267,-0.0025328669641779492,0.005430377694926315,0.018347494150966565,0.02881170382165608,0.03621100112767824
2020-11-30,41.45,41.5,40.4,40.4,40.4,2882,-0.5455072195935101,-0.5764264038201242,-0.6314866137368836,-0.6680965795273784,-0.6680965795273784,-0.020368574199805926,-0.024154589371980676,-0.018941233608547697,-0.0071880567672176435,0.0037267080745341263,0.010715923779343734
2020-12-01,40.6,40.75,40.35,40.7,40.7,2882,-0.6487893960837742,-0.6667670865456343,-0.6376200591894187,-0.6317109313669529,-0.6317109313669529,-0.009250243427458508,-0.015004840271055118,-0.012135922330097087,-0.002022926500337231,0.009074230178013756,0.016314299983353
2020-12-02,40.5,40.65,40.45,40.5,40.5,2882,-0.6609402403767465,-0.6788125109090359,-0.6253531682843477,-0.6559680301405699,-0.6559680301405699,-0.009537784299339706,-0.0167516387472687,-0.015795868772782468,-0.008567931456548382,0.0022271714922049842,0.00955546323223929
2020-12-03,40.45,40.6,40.3,40.3,40.3,2882,-0.6670156625232323,-0.6848352230907362,-0.6437535046419545,-0.6802251289141871,-0.6802251289141871,-0.008610086100861045,-0.018748478207937742,-0.02025931928687202,-0.014790367925681554,-0.004839984195970097,0.0030697751597113135
2020-12-04,40.25,40.75,40.2,40.75,40.75,2882,-0.691317351109177,-0.6667670865456343,-0.6560203955470245,-0.625646656673549,-0.625646656673549,0.005428077966938219,-0.006461050835060358,-0.00964031108230706,-0.005551827222256095,0.003941857600394102,0.012464284235372205
2020-12-07,40.85,40.95,40.5,40.95,40.95,2882,-0.6184122853513436,-0.6426762378188313,-0.6192197228318127,-0.601389557899932,-0.601389557899932,0.007627952755905568,0.00024425989252559866,-0.004779650032404377,-0.0023145328298209006,0.006587680055061398,0.01575096118070192
2020-12-08,40.55,40.95,40.35,40.95,40.95,2882,-0.6548648182302608,-0.6426762378188313,-0.6376200591894187,-0.601389557899932,-0.601389557899932,0.006389776357827602,0.0015898251192370022,-0.0038919970810022786,-0.0029825308904983913,0.00456284957315278,0.013781152005281532
2020-12-09,40.85,41.0,40.6,41.0,41.0,2882,-0.6184122853513436,-0.636653525637131,-0.6069528319267419,-0.5953252832065281,-0.5953252832065281,0.005148320666830126,0.0039177277179236955,-0.001380206219046802,-0.0014612761811983017,0.0039668935795092565,0.013012683248229214
2020-12-10,41.0,41.45,40.8,41.45,41.45,2882,-0.6001860189118855,-0.5824491160018246,-0.582419050116601,-0.5407468109658902,-0.5407468109658902,0.010482691370063552,0.015060609771029802,0.009662227996102845,0.008393139520739541,0.012754104769351017,0.0213552361396304
2020-12-11,41.7,42.15,41.6,41.95,41.95,2882,-0.5151301088610797,-0.49813114545801557,-0.4842839228760348,-0.4801040640318483,-0.4801040640318483,0.016723218613669356,0.02579777478909401,0.020764052234568862,0.018822100789314043,0.02232295169859133,0.030670324720527272
2020-12-14,42.0,42.1,41.65,41.8,41.8,2882,-0.4786775759821633,-0.5041538576397159,-0.4781504774234998,-0.4982968881120616,-0.4982968881120616,0.008930726526671432,0.018642622151821456,0.016949152542372854,0.014132346697397853,0.016487524925830388,0.024342427707890843
2020-12-15,41.7,41.8,40.9,41.1,41.1,2882,-0.5151301088610797,-0.5402901307299205,-0.5701521592115301,-0.5831967338197196,-0.5831967338197196,-0.008683068017365953,0.000608642726719381,0.0005680434959019742,-0.0023666484616785893,-0.001215066828675508,0.005381604696673336
2020-12-16,41.25,41.55,41.2,41.55,41.55,2882,-0.569808908179455,-0.5704036916384239,-0.5333514864963175,-0.5286182615790824,-0.5286182615790824,-0.00048111618956002476,0.008984944147644426,0.01135902636916823,0.00886244992108765,0.009426169768232791,0.01440429687499991
2020-12-17,41.5,41.55,41.15,41.35,41.35,2882,-0.5394317974470244,-0.5704036916384239,-0.5394849319488533,-0.5528753603526987,-0.5528753603526987,-0.004813477737665361,0.0015744217027975711,0.006735919493588631,0.0041891809847610815,0.0037869592659126555,0.007758235509159636
2020-12-18,41.35,41.5,41.05,41.2,41.2,2882,-0.5576580638864825,-0.5764264038201242,-0.5517518228539242,-0.5710681844329111,-0.5710681844329111,-0.004830917874396033,-0.003145414952818666,0.00332819222339467,0.0006679215495780778,-0.00048520135856370747,0.0025550553595327136
2020-12-21,41.35,41.55,41.05,41.55,41.55,2882,-0.5576580638864825,-0.5704036916384239,-0.5517518228539242,-0.5286182615790824,-0.5286182615790824,0.004836759371221178,0.003865668035757347,0.009965969859017904,0.009352605368638184,0.007419260983415706,0.009475218658892143
2020-12-22,41.45,41.45,41.05,41.05,41.05,2882,-0.5455072195935101,-0.5824491160018246,-0.5517518228539242,-0.5892610085131242,-0.5892610085131242,-0.0070149975810352965,-0.00845410628019327,-0.0027532593732286868,-0.0022482834052379203,-0.00426915053606969,-0.0031972155894613554
2020-12-23,40.95,41.1,40.85,40.95,40.95,2882,-0.6062614410583712,-0.6246081012737295,-0.5762856046640651,-0.601389557899932,-0.601389557899932,-0.006550218340611257,-0.010750090590651051,-0.0059071047094998936,-0.00407369125068394,-0.00587492717032427,-0.005383961462170522
2020-12-24,41.05,41.25,40.95,41.0,41.0,2882,-0.5941105967653997,-0.6065399647286276,-0.5640187137589943,-0.5953252832065281,-0.5953252832065281,-0.003645200486026697,-0.008464328899637276,-0.005819592628516052,-0.0022510190424043595,-0.0041775964247546165,-0.004532211071544379
2020-12-25,41.2,41.2,41.0,41.15,41.15,2882,-0.5758843303259407,-0.612562676910328,-0.5578852683064592,-0.5771324591263157,-0.5771324591263157,0.0002430724355857562,-0.0029076811243033064,-0.0028271405492730326,0.0016430353556867903,-0.00038867026186654617,-0.0013751820093835514
2020-12-28,41.2,41.35,41.1,41.3,41.3,2882,-0.5758843303259407,-0.5944945403652261,-0.5456183774013883,-0.5589396350461033,-0.5589396350461033,0.005110732538330515,0.0019408054342551747,0.00024218939210457764,0.004194273904321912,0.003645200486026697,0.0019813189923575188
2020-12-29,41.4,41.5,41.3,41.35,41.35,2882,-0.5515826417399968,-0.5764264038201242,-0.5210845955912474,-0.5528753603526987,-0.5528753603526987,0.004860267314702378,0.0025457631228028607,0.0008067769261798654,0.004616132167152693,0.005006805366517498,0.0033160789388546543
2020-12-30,41.4,42.25,41.4,42.2,42.2,2882,-0.5515826417399968,-0.486085721094614,-0.5088177046861766,-0.4497826905648274,-0.4497826905648274,0.019323671497584644,0.02154442023723071,0.01940574925517373,0.023154321735967952,0.024918637975421463,0.023609314359637847
2020-12-31,42.45,42.6,42.15,42.25,42.25,2882,-0.42399877666378805,-0.44392673582270914,-0.41681602289814623,-0.4437184158714236,-0.4437184158714236,0.014405762304922003,0.02053140096618361,0.019300361881785213,0.02195077704541329,0.025385884865547194,0.024201042382126014
2021-01-04,42.2,42.25,41.65,42.05,42.05,2882,-0.4543758873962186,-0.486085721094614,-0.4781504774234998,-0.46797551464504067,-0.46797551464504067,0.005259383217786251,0.01361938049897548,0.014312133151081288,0.015516512709050252,0.0198389600310438,0.018735362997658083
2021-01-05,41.85,42.2,41.8,42.1,42.1,2882,-0.4969038424216215,-0.49210843327631437,-0.4597501410658939,-0.46191123995163597,-0.46191123995163597,0.0026196713503214915,0.013480982185845024,0.015028530097243467,0.015314120342457445,0.019370460048426255,0.019617340760474923
2021-01-06,42.0,42.2,41.5,41.55,41.55,2882,-0.4786775759821633,-0.49210843327631437,-0.49655081378110566,-0.5286182615790824,-0.5286182615790824,-0.011420413990007231,-0.0009617696561674982,0.0010440089945389364,0.0013254608989034756,0.005225722165771546,0.006256306760847617
2021-01-07,41.9,42.05,41.6,41.9,41.9,2882,-0.49082842027513574,-0.5101765698214171,-0.4842839228760348,-0.486168338725253,-0.486168338725253,-0.0016678579938051057,0.005157730598536555,0.008909222248976582,0.008666345690900324,0.012321816863976758,0.014364105874757917
2021-01-08,42.05,43.0,41.8,42.85,42.85,2882,-0.4726021538356776,-0.39574503836910385,-0.4597501410658939,-0.3709471195505732,-0.3709471195505732,0.018056545497743055,0.023405779794602264,0.029305789094403047,0.029800528719057966,0.03272920080979476,0.036233928499455746
2021-01-11,42.8,43.3,42.15,42.6,42.6,2882,-0.381470821638386,-0.3596087652789001,-0.41681602289814623,-0.40126849301759415,-0.40126849301759415,0.009478672985781957,0.013923598714744754,0.02101142446273065,0.022993336134958353,0.02487610065919258,0.02915123208246104
2021-01-12,42.65,42.95,42.05,42.3,42.3,2882,-0.39969708807784415,-0.4017677505508042,-0.4290829138032171,-0.43765414117801976,-0.43765414117801976,0.0014204545454545995,0.004392734180220879,0.012607724225981417,0.015179696406071887,0.016338298894762127,0.02034252633271673
2021-01-13,42.3,42.5,42.2,42.4,42.4,2882,-0.44222504310324706,-0.45597216018611064,-0.4106825774456104,-0.4255255917912112,-0.4255255917912112,-0.0002357934449423512,0.00426338228327806,0.012819491997770577,0.015994728329239725,0.017323288065646,0.02135859964669977
2021-01-14,42.45,42.5,42.2,42.5,42.5,2882,-0.42399877666378805,-0.45597216018611064,-0.4106825774456104,-0.41339704240440267,-0.41339704240440267,-0.0007053844345168384,0.005917159763313609,0.012708498808578191,0.017233125897558613,0.01825674445349563,0.022126022126021994
2021-01-15,42.55,42.55,41.8,41.8,41.8,2882,-0.4118479323708165,-0.44994944800441034,-0.4597501410658939,-0.4982968881120616,-0.4982968881120616,-0.012287334593572853,-0.009596019428977637,-0.005235602094240979,-5.9805035583941786e-05,0.001149645525962872,0.004083593562334725
2021-01-18,41.7,41.7,41.15,41.2,41.2,2882,-0.5151301088610797,-0.5523355550933211,-0.5394849319488533,-0.5710681844329111,-0.5710681844329111,-0.019980970504281714,-0.02184235517568838,-0.019592289997620305,-0.014413013575743056,-0.012511384880878157,-0.01068555648937448
2021-01-19,41.25,41.5,41.25,41.35,41.35,2882,-0.569808908179455,-0.5764264038201242,-0.5272180410437824,-0.5528753603526987,-0.5528753603526987,-0.01194743130227001,-0.01652990843144251,-0.016100888324872994,-0.010588024167015505,-0.00848839439861865,-0.007401480296059132
2021-01-20,41.2,41.2,40.65,40.65,40.65,2882,-0.5758843303259407,-0.612562676910328,-0.6008193864742069,-0.6377752060603575,-0.6377752060603575,-0.02048192771084341,-0.031104755094744363,-0.03168175321581702,-0.026871745765755035,-0.024852468454636914,-0.023970547040697943
2021-01-21,40.75,40.95,40.65,40.65,40.65,2882,-0.6305631296443159,-0.6426762378188313,-0.6008193864742069,-0.6377752060603575,-0.6377752060603575,-0.011670313639678992,-0.0282094190772173,-0.0292923664729762,-0.026522181644016086,-0.024009603841536616,-0.023697061884556832
2021-01-22,40.8,40.85,40.55,40.55,40.55,2882,-0.6244877074978302,-0.6547216621822328,-0.6130862773792778,-0.6499037554471662,-0.6499037554471662,-0.008072407045009916,-0.025240384615384717,-0.029052597972703445,-0.028393434766982206,-0.025661973184679825,-0.02539657106232988
2021-01-25,40.6,41.1,40.55,41.0,41.0,2882,-0.6487893960837742,-0.6246081012737295,-0.6130862773792778,-0.5953252832065281,-0.5953252832065281,0.0039177277179236955,-0.010617760617760564,-0.016629357211384758,-0.017434545563477302,-0.014659937515020415,-0.013830426939266453
2021-01-26,41.05,41.1,40.5,40.5,40.5,2882,-0.5941105967653997,-0.6246081012737295,-0.6192197228318127,-0.6559680301405699,-0.6559680301405699,-0.004179985247110934,-0.01841977702375194,-0.026130169926258568,-0.02848575712143928,-0.025692840646651387,-0.02484048316545607
2021-01-27,40.65,40.8,40.5,40.5,40.5,2882,-0.6427139739372884,-0.6607443743639341,-0.6192197228318127,-0.6559680301405699,-0.6559680301405699,-0.0034448818897637934,-0.013878743608473515,-0.024488157366519447,-0.027494297034457826,-0.02517691233813138,-0.024370658850925528
2021-01-28,40.2,40.4,40.0,40.1,40.1,2882,-0.6973927732556627,-0.7089260718175393,-0.6805541773571663,-0.7044822276878032,-0.7044822276878032,-0.010609425117197131,-0.01787901053147188,-0.031322972864159755,-0.034665382763601295,-0.034014260936596624,-0.03288045662834641
2021-01-29,40.15,40.25,39.9,39.9,39.9,2882,-0.7034681954021494,-0.7269942083626412,-0.6928210682622371,-0.7287393264614204,-0.7287393264614204,-0.012376237623762377,-0.018208661417322882,-0.03155339805825253,-0.03675538656527252,-0.03781228899392314,-0.03658094893154656
2021-02-01,39.9,40.15,39.9,39.9,39.9,2882,-0.73384530613458,-0.7390396327260427,-0.6928210682622371,-0.7287393264614204,-0.7287393264614204,-0.006968641114982607,-0.015058010367810577,-0.027303754266211545,-0.03424906208398885,-0.03665073156598582,-0.03557184868871605
2021-02-02,40.0,40.5,40.0,40.3,40.3,2882,-0.7216944618416076,-0.6968806474541378,-0.6805541773571663,-0.6802251289141871,-0.6802251289141871,0.003986048829098071,-0.002598688281153421,-0.014348605902494685,-0.02243784111582788,-0.02605249166223604,-0.024921364626179558
2021-02-03,40.35,40.45,40.1,40.3,40.3,2882,-0.6791665068162046,-0.702903359635838,-0.6682872864520953,-0.6802251289141871,-0.6802251289141871,0.004987531172069719,-0.0017339608620262643,-0.010962041884816897,-0.020953537807470494,-0.02506289916779583,-0.02433119477060895
2021-02-04,40.3,40.75,40.25,40.7,40.7,2882,-0.6852419289626913,-0.6667670865456343,-0.6498869500944895,-0.6317109313669529,-0.6317109313669529,0.011934361014420785,0.008049535603715241,0.0018050541516246561,-0.00979259169150286,-0.013954840585327878,-0.01444830091209921
2021-02-05,40.75,41.0,40.4,40.6,40.6,2882,-0.6305631296443159,-0.636653525637131,-0.6314866137368836,-0.6438394807537614,-0.6438394807537614,0.0059464816650149155,0.00544824170381374,0.001315356790529637,-0.009514515735545268,-0.014802232467847596,-0.016552280985062496
2021-02-17,41.3,42.25,41.2,41.95,41.95,2882,-0.5637334860329691,-0.486085721094614,-0.5333514864963175,-0.4801040640318483,-0.4801040640318483,0.028942850134903286,0.03644224830142066,0.033336070284916614,0.024232436061771518,0.018055622967528995,0.01549261679980618
2021-02-18,41.95,42.5,41.9,42.2,42.2,2882,-0.4847529981286491,-0.45597216018611064,-0.447483250160823,-0.4497826905648274,-0.4497826905648274,0.025516403402187224,0.038258088325747494,0.03804526074122681,0.03046212074964904,0.02402329531667076,0.02080309627479455
2021-02-19,42.15,42.15,41.6,41.85,41.85,2882,-0.4604513095427052,-0.49813114545801557,-0.4842839228760348,-0.4922326134186569,-0.4922326134186569,0.009406657018813328,0.026238352133398733,0.027414075286415724,0.022602321319486973,0.015234583474843532,0.011928749899250397
2021-02-22,41.9,42.35,41.85,42.05,42.05,2882,-0.49082842027513574,-0.4740402967312125,-0.45361669561335805,-0.46797551464504067,-0.46797551464504067,0.007668344116942083,0.026235509456985863,0.029964075767471957,0.028054519894871975,0.019937906277287174,0.016887670791181263
2021-02-23,42.1,42.8,42.05,42.7,42.7,2882,-0.46652673168919095,-0.4198358870959069,-0.4290829138032171,-0.3891399436307856,-0.3891399436307856,0.013048635824436466,0.03502605744758212,0.04222601903832082,0.042798705659686125,0.03585464072582605,0.03223207091055606
2021-02-24,42.85,43.1,42.5,42.65,42.65,2882,-0.3753953994918994,-0.38369961400570235,-0.3738819047303986,-0.3952042183241903,-0.3952042183241903,0.008512650744856926,0.026968456537442752,0.038218111002921135,0.03973671379814731,0.03459150009703091,0.030525128865979436
2021-02-25,43.05,43.7,42.8,43.6,43.6,2882,-0.3510937109059555,-0.311427067825294,-0.33708123201518686,-0.27998299914951047,-0.27998299914951047,0.02419544280009382,0.04156712852365031,0.05603100274503488,0.05998905974594301,0.05630390541719154,0.052208189204408166
2021-02-26,43.0,43.45,41.95,41.95,41.95,2882,-0.35716913305244125,-0.3415406287337974,-0.44134980470828716,-0.4801040640318483,-0.4801040640318483,-0.015027001643578152,-0.0017846519928614594,0.01369311316955304,0.018265671460647,0.016772504726356104,0.012062726176115802
2021-03-02,42.55,42.75,41.9,41.9,41.9,2882,-0.4118479323708165,-0.4258585992776073,-0.447483250160823,-0.486168338725253,-0.486168338725253,-0.015507518796992567,-0.005813263732352532,0.00955746526383427,0.015511391177896107,0.016151719454818934,0.010856453558504118
2021-03-03,42.15,42.8,42.1,42.55,42.55,2882,-0.4604513095427052,-0.4198358870959069,-0.42294946835068126,-0.4073327677109988,-0.4073327677109988,0.00047025628967794803,0.004959848842701789,0.020873320537428137,0.028771760154738823,0.031165180302442842,0.02678571428571445
2021-03-04,42.55,42.65,42.0,42.35,42.35,2882,-0.4118479323708165,-0.4379040236410088,-0.43521635925575214,-0.43158986648461506,-0.43158986648461506,-0.0028255238992230874,-0.0007078810759792623,0.01210865928463318,0.022267817271136307,0.025175502299685286,0.022165010660123174
2021-03-05,41.9,42.6,41.85,42.55,42.55,2882,-0.49082842027513574,-0.44392673582270914,-0.45361669561335805,-0.4073327677109988,-0.4073327677109988,0.00686228111689539,0.003182836260756761,0.01325607239244303,0.024560558632313892,0.02882150974418475,0.026785714285714097
2021-03-08,42.75,43.4,42.65,42.9,42.9,2882,-0.3875462437848718,-0.3475633409154986,-0.3554815683727927,-0.3648828448571694,-0.3648828448571694,0.010600706713780817,0.00893697083725295,0.01739130434782611,0.030012004801920768,0.03503184713375792,0.03481546996864182
2021-03-09,43.2,44.35,43.2,44.3,44.3,2882,-0.33286744446649646,-0.23313180946318537,-0.28801366839490333,-0.19508315344185245,-0.19508315344185245,0.031912415560214416,0.03637852380395368,0.04464706807105795,0.058289536550406064,0.06505746021060738,0.06704134885588113
2021-03-10,44.35,44.75,44.15,44.55,44.55,2882,-0.1931327350973162,-0.18495011200958014,-0.17147820479673212,-0.16476177997483155,-0.16476177997483155,0.028156012000923124,0.03773584905660372,0.04405905788610271,0.05838332244461593,0.06696364420175312,0.0706989785699979
2021-03-11,45.3,47.1,45.3,45.75,45.75,2882,-0.07769971431408074,0.09811736053035192,-0.03040895938841918,-0.01921918733313082,-0.01921918733313082,0.03953646898432179,0.058048103607770705,0.06585384794595035,0.07939129408989017,0.09074003433148972,0.09554597701149431
2021-03-12,46.05,46.1,45.45,45.9,45.9,2882,0.01343161788321084,-0.02233688310366165,-0.012008623030812425,-0.001026363252918445,-0.001026363252918445,0.027305282005371505,0.05590062111801242,0.06323835997220284,0.07582327434665416,0.0887096774193549,0.09516045651568766
2021-03-15,46.1,47.0,46.1,46.7,46.7,2882,0.019507040029697463,0.08607193616695039,0.067726167852147,0.09600203184154898,0.09600203184154898,0.027728873239436732,0.0626920013653431,0.07372777437155129,0.08642549726648839,0.10120731937370311,0.10891245844546478
2021-03-16,46.7,46.75,46.2,46.45,46.45,2882,0.0924121057875309,0.05595837525844699,0.07999305875721788,0.06568065837452808,0.06568065837452808,0.012644429910617079,0.04617117117117127,0.06082521315468959,0.07343000751054386,0.0887909615114154,0.09793570753230393
2021-03-17,46.3,46.4,45.5,45.8,45.8,2882,0.04380872861564136,0.013799389986542074,-0.00587517757827742,-0.013154912639726981,-0.013154912639726981,-0.006938421509106685,0.02403577417551695,0.04106682830731925,0.05208752081777978,0.0676488414378293,0.07811212679979604
2021-03-18,46.25,46.3,45.4,45.45,45.45,2882,0.037733306469155604,0.001753965623140547,-0.0181420684833483,-0.05560483549355557,-0.05560483549355557,-0.013243595310464599,0.009215054957255449,0.028746038931643347,0.03986729966252947,0.05403525046382202,0.06615059817030279
2021-03-19,45.45,45.5,44.5,44.6,44.6,2882,-0.059473447874621735,-0.09460942928406996,-0.12854408662898448,-0.15869750528142684,-0.15869750528142684,-0.026200873362445323,-0.01414677276746228,0.007985535633569346,0.017625919799212842,0.03021343435276708,0.0428682774746688
2021-03-22,44.7,45.6,44.65,45.6,45.6,2882,-0.1506047800719133,-0.08256400492066843,-0.1101437502713786,-0.037412011413343195,-0.037412011413343195,0.0004387889425187171,0.0019775873434409205,0.024949426837491556,0.03601045098261958,0.048179477749172576,0.062029345547706116
2021-03-23,46.5,47.0,46.4,46.8,46.8,2882,0.06811041720158613,0.08607193616695039,0.10452684056735877,0.10813058122835666,0.10813058122835666,0.025191675794085402,0.02272727272727255,0.044254369654146385,0.057567369075193484,0.06976318917436208,0.08433734939759038
2021-03-24,46.75,46.95,46.15,46.5,46.5,2882,0.09848752793401666,0.08004922398525005,0.07385961330468199,0.07174493306793192,0.07174493306793192,0.01550556890150674,0.011859427701011897,0.031499556344276716,0.046295775440175616,0.057202619134230755,0.07192254495159071
2021-03-25,46.8,47.1,46.5,46.85,46.85,2882,0.10456295008050241,0.09811736053035192,0.11679373147242965,0.11419485592176136,0.11419485592176136,0.01693075754286957,0.017041137523065315,0.03239312472454823,0.049213369912099104,0.06043458578542331,0.07425383116138638
2021-03-26,47.1,47.9,47.05,47.6,47.6,2882,0.14101548295941957,0.1944807554375624,0.18426163145031818,0.2051589763228241,0.2051589763228241,0.01992714806085279,0.029523088569265752,0.04119577105359094,0.06125634022629736,0.07216866384358953,0.08539505187549874
2021-03-29,47.95,48.3,47.65,48.0,48.0,2882,0.24429765944968354,0.24266245289116767,0.2578629768807426,0.2536731738700574,0.2536731738700574,0.018027571580063656,0.035263668715626126,0.04219439820510969,0.06300520429631268,0.07522064423636944,0.08814750443949074
2021-03-30,48.1,48.15,47.5,48.0,48.0,2882,0.2625239258891417,0.2245943163460658,0.2394626405231367,0.2536731738700574,0.2536731738700574,0.012871913905887307,0.031814273430782546,0.03664243035058668,0.05587329520457543,0.06951871657754005,0.08217788298951631
2021-03-31,48.0,48.5,47.7,47.95,47.95,2882,0.2503730815961693,0.26675330161797073,0.26399642233327847,0.24760889917665355,0.24760889917665355,0.0056627516778524145,0.025997646303626904,0.030517945411562625,0.04854581237699538,0.06342869815923706,0.07511210762331842
2021-04-01,48.3,48.45,47.8,47.95,47.95,2882,0.2868256144750856,0.26073058943627037,0.27626331323834846,0.24760889917665355,0.24760889917665355,0.0010438413361169992,0.020538469724380195,0.027279868599585803,0.042164746794175284,0.05845216546730819,0.07031250000000012
2021-04-06,48.25,48.35,47.85,48.0,48.0,2882,0.2807501923285998,0.24868516507286886,0.2823967586908844,0.2536731738700574,0.2536731738700574,0.00041684035014581114,0.014263074484944472,0.02527589889640434,0.037109058499432857,0.055455385021328955,0.06682471477255876
2021-04-07,48.0,48.15,47.55,48.0,48.0,2882,0.2503730815961693,0.2245943163460658,0.2455960859756717,0.2536731738700574,0.2536731738700574,0.00041684035014581114,0.009145380006307055,0.02338142278445023,0.03142626913779207,0.0498687664041995,0.06198606143294359
2021-04-08,47.8,47.85,47.5,47.65,47.65,2882,0.22607139301022453,0.18845804325586207,0.2394626405231367,0.21122325101622794,0.21122325101622794,-0.005426841995408163,0.0,0.01418942887548771,0.020233379723798316,0.03699673558215442,0.049906356725790475
2021-04-09,47.6,47.8,47.1,47.25,47.25,2882,0.20176970442428063,0.18243533107416088,0.19039507690285407,0.16270905346899464,0.16270905346899464,-0.010885492987230396,-0.009952854897852309,0.003610875106202094,0.008753202391118781,0.02410160821882168,0.03762535685528157
2021-04-12,48.35,49.2,48.3,48.8,48.8,2882,0.2929010366215722,0.3510712721617806,0.337597767763702,0.3507015689645239,0.3507015689645239,0.017939090529828942,0.01836393989983296,0.031639771686280106,0.0384635846145661,0.05181481162169161,0.06686099471670606
2021-04-13,49.6,49.8,48.9,49.0,49.0,2882,0.44478659028372486,0.42334381834218804,0.41119911319412644,0.374958667738141,0.374958667738141,0.017864561695056073,0.019558884727424005,0.02948385741298416,0.039291584919666986,0.05028507737814558,0.06703444271041283
2021-04-14,49.05,49.2,48.1,48.55,48.55,2882,0.37795694667237717,0.3510712721617806,0.3130639859535611,0.320380195497503,0.320380195497503,0.0062176165803108216,0.009040839654993294,0.015832054679871692,0.02773073666384425,0.03562286689419784,0.05219432905905721
2021-04-15,48.95,49.8,48.85,49.8,49.8,2882,0.36580610237940564,0.42334381834218804,0.4050656677415914,0.4719870628326076,0.4719870628326076,0.023007395234182514,0.031162646236670366,0.03764411723850531,0.05046669830722968,0.05732484076433112,0.07316021980390035
2021-04-16,49.65,49.85,49.15,49.85,49.85,2882,0.45086201243021057,0.4293665305238892,0.4418663404568032,0.4780513375260123,0.4780513375260123,0.013211382113821108,0.02815303702175935,0.033874870376771504,0.04704893929846675,0.05364389584037885,0.06863410625602918
2021-04-19,49.95,51.9,49.95,51.6,51.6,2882,0.48731454530912777,0.6762977299736167,0.5400014676973693,0.6903009517951587,0.6903009517951587,0.03697749196141486,0.05629477993858751,0.06318681318681325,0.07685083737674121,0.08526479619736664,0.09888549726698369
2021-04-20,51.7,52.3,50.6,51.4,51.4,2882,0.6999543204361415,0.7244794274272219,0.6197362585803288,0.6660438530215416,0.6660438530215416,0.023089171974522225,0.0449278308599309,0.053566548237223365,0.06511941149044187,0.07607921952853511,0.08779231773129696
2021-04-21,50.7,51.1,50.3,50.9,50.9,2882,0.5784458775064193,0.5799343350664061,0.5829355858651162,0.6054011060874998,0.6054011060874998,0.0037467955038453507,0.028698464025869074,0.03919967333605557,0.048997887577927716,0.06187674719405836,0.07116551506436115
2021-04-22,51.2,51.8,50.3,50.7,50.7,2882,0.6392000989712804,0.6642523056102151,0.5829355858651162,0.5811440073138836,0.5811440073138836,-0.0037335429357437163,0.018379029828261506,0.031326281529699074,0.04069379586390931,0.0539664061200731,0.062187925556059925
2021-04-23,50.8,51.0,50.3,50.9,50.9,2882,0.5905967217993908,0.5678889107030046,0.5829355858651162,0.6054011060874998,0.6054011060874998,-0.003913894324853284,0.014955134596211367,0.03126899439454304,0.04010217113665387,0.05365570919930444,0.06167002711534444
2021-04-26,51.0,52.4,51.0,52.1,52.1,2882,0.6148984103853357,0.7365248517906234,0.6688038222006114,0.7509436987292005,0.7509436987292005,0.017578124999999972,0.03209191759112529,0.04969778374748157,0.058943089430894276,0.07259027463251937,0.08192295711764096
2021-04-27,52.1,53.0,51.9,52.9,52.9,2882,0.7485576976080301,0.8087973979710318,0.7792058403462476,0.8479720938236671,0.8479720938236671,0.027184466019417448,0.03990564183212112,0.058847077662129654,0.06944304053371075,0.0816668711405555,0.09323872834360908
2021-04-28,53.4,53.9,52.4,53.0,53.0,2882,0.9065186734166685,0.9172062172416438,0.8405402948716012,0.8601006432104756,0.8601006432104756,0.02080123266563941,0.03283640261132227,0.05381760339342532,0.06607663682993069,0.07719198406568843,0.09057237902534374
2021-04-29,53.0,53.1,52.1,52.3,52.3,2882,0.8579152962447798,0.8208428223344333,0.8037396221563894,0.7752007975028167,0.7752007975028167,0.001148545176110304,0.014253854358576543,0.033528753046571345,0.047466453034247895,0.05823317550888269,0.07186774149473975
2021-05-03,53.0,54.1,52.6,52.6,52.6,2882,0.8579152962447798,0.9412970659684469,0.8650740766817429,0.8115864456632423,0.8115864456632423,0.0003803727653100633,0.014660493827160594,0.03218210361067505,0.048592075753800146,0.05907461845125432,0.07303141574867397
2021-05-04,53.1,53.5,50.5,51.7,51.7,2882,0.8700661405377522,0.8690245197880385,0.6074693676752579,0.7024295011819672,0.7024295011819672,-0.015238095238095184,-0.0028929604628736465,0.010686823928059433,0.026812313803376394,0.036903329322101955,0.05020821342722681
2021-05-05,52.1,54.8,51.7,53.6,53.6,2882,0.7485576976080301,1.0256150365122558,0.7546720585361067,0.932871939531326,0.932871939531326,0.018237082066869317,0.02938352218167839,0.041585697629226454,0.05866087300019748,0.06986027944111776,0.08220883669280223
2021-05-06,54.5,56.0,53.7,54.4,54.4,2882,1.040177960639363,1.1701601288730725,1.000009876637521,1.0299003346257924,1.0299003346257924,0.02796674225245648,0.03777184280808846,0.0491803278688524,0.06771344455348371,0.0803082055762967,0.09189442344361541
2021-05-07,55.0,55.4,54.6,55.1,55.1,2882,1.100932182104224,1.0978875826926642,1.110411894783157,1.1148001803334515,1.1148001803334515,0.030291697830964796,0.04237608777903901,0.05548815529021124,0.07360319547956541,0.08807266982622435,0.0998369872583918
2021-05-10,55.6,58.7,55.5,58.2,58.2,2882,1.1738372478620576,1.4953865866849094,1.2208139129287932,1.4907852113245108,1.4907852113245108,0.06593406593406596,0.08602351184922573,0.10310841546626241,0.1220358588779644,0.14005876591576896,0.15274155745551776
2021-05-11,58.2,59.5,55.1,56.6,56.6,2882,1.489759199479335,1.59174998159212,1.1717463493085105,1.296728421135577,1.296728421135577,0.018351925152932765,0.047372316802368655,0.06604721245605226,0.08304630692690386,0.10125301579889502,0.11388087116242476
2021-05-12,56.6,56.6,51.0,52.3,52.3,2882,1.2953456907917795,1.2424326750534807,0.6688038222006114,0.7752007975028167,0.7752007975028167,-0.054591467823572125,-0.031122638014079284,-0.016054182867176692,-0.0023843586075345735,0.014194849519081728,0.02609378065528739
2021-05-13,50.3,52.5,50.0,51.1,51.1,2882,0.5298425003345298,0.7485702761540249,0.5461349131499044,0.6296582048611169,0.6296582048611169,-0.06512989388949876,-0.05000929540806837,-0.038871473354231904,-0.02763902763902752,-0.011452449121720939,0.0005221250489491658
2021-05-14,52.2,52.9,50.8,51.5,51.5,2882,0.7607085419010025,0.7967519736076302,0.6442700403904696,0.6781724024083501,0.6781724024083501,-0.04523544679273263,-0.041146900018618524,-0.03231867718902666,-0.021610068867252488,-0.006673610307449053,0.006055870287165367
2021-05-17,49.1,50.2,48.15,48.65,48.65,2882,0.38403236881886377,0.4715255157957941,0.31919743140609613,0.3325087448843116,0.3325087448843116,-0.06496252162214099,-0.08749882772202944,-0.08328622573958926,-0.07469925348295377,-0.06265654502716662,-0.05005206977349647
2021-05-18,50.3,53.5,50.3,53.5,53.5,2882,0.5298425003345298,0.8690245197880385,0.5829355858651162,0.9207433901445174,0.9207433901445174,0.040653569344485434,9.34666791290712e-05,0.006332685434823622,0.015710285253215637,0.027068535227490816,0.040889782418366494
2021-05-19,54.0,54.9,53.0,54.3,54.3,2882,0.9794237391745019,1.0376604608756574,0.9141416403020256,1.017771785238984,1.017771785238984,0.048060220034742515,0.0137216465975917,0.01959066157601545,0.028068348558716094,0.038201216014683764,0.052155659615695064
2021-05-20,54.8,54.8,53.2,53.3,53.3,2882,1.0766304935182793,1.0256150365122558,0.9386754221121674,0.8964862913709003,0.8964862913709003,0.02009569377990425,-0.0028996352071837665,0.00043796533817180936,0.0068476977567886125,0.015392821763316312,0.02925557593897848
2021-05-21,54.8,56.0,53.2,54.2,54.2,2882,1.0766304935182793,1.1701601288730725,0.9386754221121674,1.0056432358521763,1.0056432358521763,0.026709604091684103,0.015646959617727125,0.014917920229698524,0.020475405977877257,0.02908787119313442,0.0422408819947439
2021-05-24,53.7,54.0,53.2,53.9,53.9,2882,0.9429712062955856,0.9292516416050454,0.9386754221121674,0.9692575876917507,0.9692575876917507,0.0011144130757801314,0.01822990459998104,0.007664984109179222,0.011969021356489007,0.020253643763013446,0.03207276208712297
2021-05-25,54.1,54.9,53.8,54.3,54.3,2882,0.9915745834674743,1.0376604608756574,1.0122767675425908,1.017771785238984,1.017771785238984,0.005555555555555503,0.03026278341713308,0.011864090937325367,0.017377863131762514,0.02572821035928826,0.036094768643663525
2021-05-26,54.6,54.8,53.8,54.4,54.4,2882,1.0523288049323354,1.0256150365122558,1.0122767675425908,1.0299003346257924,1.0299003346257924,0.007034431691965854,0.02806387602759141,0.0127210673285758,0.017821226437157833,0.0252930755022805,0.03444997306119849
2021-05-27,53.6,54.4,53.0,54.4,54.4,2882,0.9308203620026132,0.9774333390586506,0.9141416403020256,1.0299003346257924,1.0299003346257924,0.0029498525073746997,0.021692177669264606,0.0127210673285758,0.01648993319942062,0.022594834392270353,0.030628354910009484
2021-05-28,54.7,55.7,54.1,55.5,55.5,2882,1.0644796492253077,1.1340238557828688,1.0490774402578036,1.1633143778806847,1.1633143778806847,0.01834862385321101,0.034579177928977474,0.03268622464801838,0.03395277350845336,0.03952050945870012,0.04769695444248673
2021-05-31,55.5,56.4,55.3,55.9,55.9,2882,1.161686403569085,1.2183418263266776,1.1962801311186515,1.211828575427918,1.211828575427918,0.018214936247723135,0.028140518668383456,0.04310505691360319,0.03821330733156902,0.04310505691360319,0.0512458862247297
2021-06-01,56.0,56.4,55.5,55.8,55.8,2882,1.2224406250339461,1.2183418263266776,1.2208139129287932,1.1997000260411095,1.1997000260411095,0.0108695652173912,0.0219780219780219,0.04227632152418907,0.032425181553263425,0.038371357326286895,0.04660977210916266
2021-06-02,55.8,56.3,55.6,56.3,56.3,2882,1.1981389364480013,1.2062964019632763,1.233080803833864,1.2603427729751513,1.2603427729751513,0.01295430010795248,0.02737226277372263,0.04640356855213424,0.039080884049277766,0.045030998255187936,0.05276280113441564
2021-06-03,56.7,56.8,55.7,55.8,55.8,2882,1.307496535084752,1.266523523780283,1.245347694738935,1.1997000260411095,1.1997000260411095,-0.001074113856068657,0.013623978201634877,0.03110563597166609,0.02852403115063821,0.03360130404178848,0.040236134845424855
2021-06-04,55.2,55.6,54.8,55.0,55.0,2882,1.1252338706901688,1.1219784314194672,1.134945676593298,1.1026716309466429,1.1026716309466429,-0.013629842180774588,-0.0023580627607472423,0.011959521619135207,0.013871606986497031,0.01674862276777446,0.022589941433485236
2021-06-07,55.1,55.2,53.2,54.7,54.7,2882,1.1130830263971965,1.0737967339658618,0.9386754221121674,1.0662859827862181,1.0662859827862181,-0.014769452449567727,-0.009237456982430683,-0.0009740655059052945,0.011604789865458369,0.009634907157886936,0.01462268525674716
2021-06-08,55.1,55.4,54.6,54.8,54.8,2882,1.1130830263971965,1.0978875826926642,1.110411894783157,1.0784145321730259,1.0784145321730259,-0.009399855386840386,-0.008324285197249254,-0.0007293946024800556,0.015143796600750159,0.009170932930647076,0.014783494336594526
2021-06-09,54.7,54.8,53.8,54.3,54.3,2882,1.0644796492253077,1.0256150365122558,1.0122767675425908,1.017771785238984,1.017771785238984,-0.011289147851420203,-0.017194570135746656,-0.009846827133479197,0.004021633615309833,-0.0005521811154058741,0.004656326127848502
2021-06-10,54.6,54.8,54.0,54.7,54.7,2882,1.0523288049323354,1.0256150365122558,1.0368105493527326,1.0662859827862181,1.0662859827862181,0.0,-0.010492040520983922,-0.0042475728155338685,0.008062658373646624,0.00658790622354724,0.010997135200073909
2021-06-11,54.7,55.5,54.4,54.5,54.5,2882,1.0644796492253077,1.1099330070560656,1.0858781129730153,1.042028884012601,1.042028884012601,-0.0018315018315018575,-0.012323305545487363,-0.008249423753487804,0.0016080863772110925,0.0033506388305901366,0.005937182760636148
2021-06-15,54.6,54.7,54.2,54.3,54.3,2882,1.0523288049323354,1.013569612148855,1.0613443311628743,1.017771785238984,1.017771785238984,-0.0040352164343361325,-0.013086150490730624,-0.012368133866860672,-0.007221866715422071,0.002547911820095235,0.0011984880612150406
2021-06-16,54.1,54.6,53.7,54.3,54.3,2882,0.9915745834674743,1.0015241877854537,1.000009876637521,1.017771785238984,1.017771785238984,-0.0022050716648291903,-0.010388190267906093,-0.0123681338668608,-0.007947382844615004,0.0042537451451821135,-0.00039885865063053316
2021-06-17,53.6,54.2,53.5,54.0,54.0,2882,0.9308203620026132,0.9533424903318484,0.9754760948273791,0.9813861370785593,0.9813861370785593,-0.00662251655629125,-0.01171303074670572,-0.017348052893364063,-0.013157894736841957,-0.002549041338800939,-0.0061654550473912
2021-06-18,53.8,54.0,53.4,53.6,53.6,2882,0.9551220505885571,0.9292516416050454,0.9632092039223082,0.932871939531326,0.932871939531326,-0.009974141115626138,-0.01506798970966557,-0.02367941712204002,-0.020736274778478087,-0.011762970611010696,-0.013042811109406083
2021-06-21,52.9,52.9,51.5,52.0,52.0,2882,0.8457644519518074,0.7967519736076302,0.730138276725965,0.738815149342392,0.738815149342392,-0.030574198359433268,-0.0391722099039173,-0.04878048780487801,-0.04805491990846682,-0.041615982896531435,-0.04067890416013292
2021-06-22,52.5,53.0,52.3,52.6,52.6,2882,0.7971610747799188,0.8087973979710318,0.8282734039665303,0.8115864456632423,0.8115864456632423,-0.013133208255159396,-0.02429975885735489,-0.03391698298028647,-0.035923753665689166,-0.033372537488973876,-0.026256517848878398
2021-06-23,52.7,54.2,52.6,54.1,54.1,2882,0.8214627633658635,0.9533424903318484,0.8650740766817429,0.9935146864653678,0.9935146864653678,0.015771686068343903,0.004829123328380482,-0.004294478527607379,-0.008249312557286816,-0.006245407788390821,0.003059237971632637
2021-06-24,53.8,54.1,53.5,53.8,53.8,2882,0.9551220505885571,0.9412970659684469,0.9754760948273791,0.9571290383049422,0.9571290383049422,0.010898158586997202,0.0001859081613682471,-0.006769230769230778,-0.013206162876008913,-0.011392870268283803,-0.0034268778364362202
2021-06-25,54.3,54.6,54.0,54.3,54.3,2882,1.0158762720534182,1.0015241877854537,1.0368105493527326,1.017771785238984,1.017771785238984,0.017616191904047934,0.01023255813953483,0.004315659679408024,-0.0039438686600018966,-0.0029379360998898953,0.0038514866738560208
2021-06-28,54.5,54.5,54.1,54.3,54.3,2882,1.040177960639363,0.9894787634220521,1.0490774402578036,1.017771785238984,1.017771785238984,0.008918617614269597,0.010608598548297047,0.005183265457238081,-0.0028463869249839525,-0.003011163337250321,0.0021223585863246654
2021-06-29,54.2,54.2,53.3,53.7,53.7,2882,1.0037254277604466,0.9533424903318484,0.9509423130172373,0.9450004889181345,0.9450004889181345,-0.006291635825314513,0.0005589714924540385,-0.004695415791424632,-0.011868617168092796,-0.013882767739092115,-0.012020115294983489
2021-06-30,53.7,54.2,53.6,53.9,53.9,2882,0.9429712062955856,0.9533424903318484,0.98774298573245,0.9692575876917507,0.9692575876917507,-0.0018518518518518782,0.005034495618123976,0.0001237011380504894,-0.0064516129032258325,-0.009919177075679632,-0.008583690987124498
2021-07-01,53.8,54.4,53.7,53.9,53.9,2882,0.9551220505885571,0.9774333390586506,1.000009876637521,0.9692575876917507,0.9692575876917507,-0.0022213994816735385,0.005221932114882395,0.0006188118811880836,-0.00424903011269161,-0.009555310547592854,-0.008340488163866058
2021-07-02,53.9,54.3,53.8,53.9,53.9,2882,0.9672728948815296,0.9653879146952491,1.0122767675425908,0.9692575876917507,0.9692575876917507,-0.0007415647015201919,0.004659832246039143,0.0016105054509413818,-0.0024983806791892466,-0.009191176470588236,-0.008705247670426604
2021-07-05,54.3,54.4,54.1,54.2,54.2,2882,1.0158762720534182,0.9774333390586506,1.0490774402578036,1.0056432358521763,1.0056432358521763,0.005192878338278952,0.006125858548357124,0.007559796753005455,0.003796647837762988,-0.002723191285787684,-0.0031878371750856714
2021-07-06,54.4,54.4,54.1,54.1,54.1,2882,1.0280271163463905,0.9774333390586506,1.0490774402578036,0.9935146864653678,0.9935146864653678,0.0018518518518518782,0.0014809329877824029,0.00595016734845668,0.002501621421291673,-0.0032426855332007135,-0.005148951820522271
2021-07-07,53.9,54.0,53.6,54.0,54.0,2882,0.9672728948815296,0.9292516416050454,0.98774298573245,0.9813861370785593,0.9813861370785593,-0.00037023324694563357,-0.00018515089798194992,0.004464285714285751,0.0013908205841446982,-0.0037635598848794866,-0.006805223468824803
2021-07-08,54.1,54.9,54.1,54.4,54.4,2882,0.9915745834674743,1.0376604608756574,1.0490774402578036,1.0299003346257924,1.0299003346257924,0.005173688100517258,0.006103199556130778,0.011403073872087324,0.00871500092712787,0.005025125628140807,0.0005517748758506739
2021-07-09,54.2,54.3,53.6,53.8,53.8,2882,1.0037254277604466,0.9653879146952491,0.98774298573245,0.9571290383049422,0.9571290383049422,-0.00554528650646958,-0.004072565716401443,0.0,-0.0015774334230304122,-0.004588513913558274,-0.01011959521619143
2021-07-12,55.3,57.6,55.3,55.7,55.7,2882,1.1373847149831404,1.3628869186874943,1.1962801311186515,1.1875714766543017,1.1875714766543017,0.02389705882352949,0.028434268833087133,0.03059084741581368,0.032533135601075354,0.03003180708632313,0.024713313301036505
2021-07-13,56.5,57.0,56.0,56.1,56.1,2882,1.2831948464988072,1.290614372507086,1.2821483674541467,1.2360856742015351,1.2360856742015351,0.023722627737226356,0.031250000000000056,0.0335298452468681,0.038215971129823216,0.03635557526047446,0.0319455515359617
2021-07-14,56.6,57.5,56.4,57.0,57.0,2882,1.2953456907917795,1.3508414943240927,1.3312159310744294,1.3452426186828101,1.3452426186828101,0.028880866425992805,0.04185706452202521,0.04638355158487328,0.0522429388960679,0.0512725931390631,0.04772991850989518
2021-07-15,57.2,58.7,57.1,58.1,58.1,2882,1.368250756549613,1.4953865866849094,1.4170841674099246,1.4786566619377024,1.4786566619377024,0.034912718204488664,0.05387266461091976,0.06099342585829079,0.06850574712643681,0.06856470242036346,0.06677275231042298
2021-07-16,58.2,59.9,57.7,59.8,59.8,2882,1.489759199479335,1.6399316790457252,1.4906855128403491,1.684842001513444,1.684842001513444,0.042901988140913866,0.07322325915290723,0.08477445882210664,0.09353570448934827,0.09571973028437417,0.09530496367299592
2021-07-19,60.4,61.0,59.1,59.7,59.7,2882,1.7570777739247232,1.7724313470431403,1.662421985511339,1.6727134521266365,1.6727134521266365,0.026831785345717146,0.06095610449617913,0.07593415835636184,0.08407481387325241,0.08973422897196269,0.0903445756727141
2021-07-20,58.5,59.1,57.6,57.9,57.9,2882,1.5262117323582514,1.5435682841385145,1.4784186219352782,1.4543995631640854,1.4543995631640854,-0.01025641025641028,0.02206531332744925,0.0382546323968918,0.04635402548116017,0.05410719487328856,0.05541378053226393
2021-07-21,58.5,58.8,57.7,58.3,58.3,2882,1.5262117323582514,1.5074320110483101,1.4906855128403491,1.5029137607113185,1.5029137607113185,-0.007828454731109734,0.021373510861948122,0.03995718872636465,0.04959942389053912,0.05830670926517565,0.06044988783120107
2021-07-22,58.8,60.5,58.6,60.1,60.1,2882,1.5626642652371676,1.7122042252261334,1.6010875309859853,1.7212276496738697,1.7212276496738697,0.015889114266396175,0.04249783174327845,0.06421910046039425,0.07590404582885803,0.08617075110243622,0.08936015950697856
2021-07-23,60.5,60.6,59.5,60.3,60.3,2882,1.7692286182176955,1.724249649589535,1.7114895491316215,1.7454847484474858,1.7454847484474858,0.017549780627742262,0.03430531732418525,0.05975395430579963,0.07371794871794887,0.08453237410071934,0.08929969290058414
2021-07-26,58.3,58.7,56.1,56.2,56.2,2882,1.5019100437723065,1.4953865866849094,1.2944152583592177,1.2482142235883436,1.2482142235883436,-0.04030054644808742,-0.036846615252784896,-0.01461133839859723,-0.0009776908719223644,0.0077463778510975705,0.014196342637151277
2021-07-27,56.2,56.2,55.0,55.0,55.0,2882,1.246742313619891,1.1942509775998755,1.1594794584034396,1.1026716309466429,1.1026716309466429,-0.051397033459813675,-0.05563186813186805,-0.03666510976179356,-0.023437499999999882,-0.015466132034941953,-0.007876856472851789
2021-07-28,54.4,54.5,53.1,53.8,53.8,2882,1.0280271163463905,0.9894787634220521,0.9264085312070964,0.9571290383049422,0.9571290383049422,-0.057463209530483554,-0.07113259668508295,-0.05746320953048367,-0.04465950457249426,-0.036739955596934874,-0.029231324431613092
2021-07-29,54.4,54.8,53.6,54.8,54.8,2882,1.0280271163463905,1.0256150365122558,0.98774298573245,1.0784145321730259,1.0784145321730259,-0.021777936451267386,-0.04844591074839381,-0.04039224842400196,-0.027679205110007137,-0.019537679811064173,-0.011662859204040074
2021-07-30,54.5,54.7,54.0,54.3,54.3,2882,1.040177960639363,1.013569612148855,1.0368105493527326,1.017771785238984,1.017771785238984,-0.00948558920102171,-0.0480364656381487,-0.04970248512425615,-0.036892515076268395,-0.028483503900379282,-0.021092482422931345
2021-08-02,54.5,55.8,54.1,55.8,55.8,2882,1.040177960639363,1.1460692801462693,1.0490774402578036,1.1997000260411095,1.1997000260411095,0.01936426744610892,-0.015004413062665515,-0.02356509566028939,-0.011689691817215794,-0.002716614240777828,0.0036572936027339737
2021-08-03,55.2,55.5,54.9,55.4,55.4,2882,1.1252338706901688,1.1099330070560656,1.1472125674983689,1.151185828493876,1.151185828493876,0.010580080262677692,-0.01773049645390071,-0.02977232924693525,-0.019902697921273773,-0.011067475901463843,-0.005207398096606325
2021-08-04,55.5,55.9,55.1,55.2,55.2,2882,1.161686403569085,1.158114704509671,1.1717463493085105,1.12692872972026,1.12692872972026,0.0018148820326679023,-0.015867356034943724,-0.031239031239031136,-0.02447645135636637,-0.015551433870737496,-0.009450891254934748
2021-08-05,55.5,55.7,55.1,55.2,55.2,2882,1.161686403569085,1.1340238557828688,1.1717463493085105,1.12692872972026,1.12692872972026,0.0003624501631027589,-0.007194244604316521,-0.027940831181028275,-0.025165562913907234,-0.016463545007483295,-0.01027970356203664
2021-08-06,55.5,55.5,54.8,55.1,55.1,2882,1.161686403569085,1.1099330070560656,1.134945676593298,1.1148001803334515,1.1148001803334515,-0.004336826888326616,0.0003631082062455179,-0.02431826230669345,-0.02804727465161398,-0.019084241258990168,-0.012544802867383437
2021-08-09,55.2,55.4,54.3,55.2,55.2,2882,1.1252338706901688,1.0978875826926642,1.0736112220679443,1.12692872972026,1.12692872972026,-0.0003621876131836857,0.004001455074572681,-0.017327320199382663,-0.025853701579458276,-0.01800327332242239,-0.011284255776464311
2021-08-10,55.3,55.6,54.9,54.9,54.9,2882,1.1373847149831404,1.1219784314194672,1.1472125674983689,1.0905430815598343,1.0905430815598343,-0.003991291727140892,-0.0012734218664727558,-0.019175797999047242,-0.03012101404469567,-0.023895882227437614,-0.017361732593520654
2021-08-11,55.6,56.6,55.4,56.0,56.0,2882,1.1738372478620576,1.2424326750534807,1.2085470220237224,1.2239571248147265,1.2239571248147265,0.013024602026049313,0.014676571842725174,0.0032246506628447256,-0.009813455927857708,-0.005752432355656524,0.0010725777618876503
2021-08-12,56.5,56.6,55.7,56.0,56.0,2882,1.2831948464988072,1.2424326750534807,1.245347694738935,1.2239571248147265,1.2239571248147265,0.010101010101010142,0.012475140119327386,0.008161305808929426,-0.007971656333038138,-0.006880896644676265,-0.00017853954650951635
2021-08-13,55.8,55.9,54.9,55.0,55.0,2882,1.1981389364480013,1.158114704509671,1.1472125674983689,1.1026716309466429,1.1026716309466429,-0.007578491519307013,-0.006861682918021119,-0.0035028385070662318,-0.021526418786692775,-0.025444751577007707,-0.01867491376234091
2021-08-16,54.8,55.3,53.5,54.3,54.3,2882,1.0766304935182793,1.0858421583292626,0.9754760948273791,1.017771785238984,1.017771785238984,-0.017016654598117267,-0.01683867463335156,-0.013922518159806406,-0.02931712549159815,-0.03689251507626828,-0.0312221231043711
2021-08-17,54.3,54.9,54.2,54.7,54.7,2882,1.0158762720534182,1.0376604608756574,1.0613443311628743,1.0662859827862181,1.0662859827862181,-0.009057971014492754,-0.008339376359680944,-0.006297686811190457,-0.019361778415202424,-0.028833179461685877,-0.024433743534867085
2021-08-18,54.1,54.4,53.9,54.4,54.4,2882,0.9915745834674743,0.9774333390586506,1.0245436584476617,1.0299003346257924,1.0299003346257924,-0.008746355685131138,-0.012345679012345675,-0.012465206341522591,-0.021318701088423177,-0.03237282106012096,-0.030014858841010468
2021-08-19,54.5,54.7,53.7,53.8,53.8,2882,1.040177960639363,1.013569612148855,1.000009876637521,0.9571290383049422,0.9571290383049422,-0.011756061719324038,-0.02074990899162724,-0.02217375499818246,-0.02659670707436233,-0.04010847844704547,-0.040371008977941776
2021-08-20,54.1,54.3,53.2,53.7,53.7,2882,0.9915745834674743,0.9653879146952491,0.9386754221121674,0.9450004889181345,0.9450004889181345,-0.008859357696566811,-0.020072992700729823,-0.023281193161149526,-0.022570076447033034,-0.03770339043796142,-0.04209775240813401
2021-08-23,54.4,55.4,54.3,55.1,55.1,2882,1.0280271163463905,1.0978875826926642,1.0736112220679443,1.1148001803334515,1.1148001803334515,0.013986013986014081,0.005657966782259578,0.003033980582524358,0.003917281588776465,-0.00934915498022287,-0.016773733047822943
2021-08-24,55.4,55.8,55.0,55.8,55.8,2882,1.1495355592761127,1.1460692801462693,1.1594794584034396,1.1997000260411095,1.1997000260411095,0.022727272727272634,0.016763848396501226,0.015283842794759759,0.015930814747382796,0.004753673292999188,-0.004104943780117738
2021-08-25,55.8,56.0,55.4,56.0,56.0,2882,1.1981389364480013,1.1701601288730725,1.2085470220237224,1.2239571248147265,1.2239571248147265,0.020408163265305944,0.020408163265305944,0.01793504604944252,0.01753429635686401,0.010028136498088243,5.952735281869291e-05
2021-08-26,56.2,56.3,55.5,56.0,56.0,2882,1.246742313619891,1.2062964019632763,1.2208139129287932,1.2239571248147265,1.2239571248147265,0.012292118582790898,0.020408163265305944,0.01694915254237282,0.016426172973954233,0.013024602026049183,0.0013112409107164924
2021-08-27,56.2,57.9,56.0,57.7,57.7,2882,1.246742313619891,1.399023191777698,1.2821483674541467,1.430142464390469,1.430142464390469,0.028153955808980724,0.04623753399818684,0.044532947139753816,0.04406043608070211,0.045744526605770774,0.03300113385450857
2021-08-30,58.2,59.5,58.1,59.5,59.5,2882,1.489759199479335,1.59174998159212,1.5397530764606318,1.6484563533530192,1.6484563533530192,0.043859649122807015,0.0687982755523621,0.07155720974906944,0.0730387736699729,0.07579373689158893,0.06535362578334823
2021-08-31,59.3,59.9,58.8,59.6,59.6,2882,1.6234184867020287,1.6399316790457252,1.625621312796126,1.6605849027398278,1.6605849027398278,0.03185595567867029,0.06125356125356121,0.0673352435530087,0.07078692058929235,0.07402868882001003,0.0660624850942048
2021-09-01,59.7,59.9,59.1,59.2,59.2,2882,1.6720218638739184,1.6399316790457252,1.662421985511339,1.6120707051925947,1.6120707051925947,0.013698630136986375,0.04519774011299439,0.05613701236917238,0.05979233798782677,0.06268399511739808,0.05833978904713681
2021-09-02,59.3,59.3,58.0,58.7,58.7,2882,1.6234184867020287,1.5676591328653169,1.5274861855555608,1.5514279582585526,1.5514279582585526,-0.004071937563624178,0.02748118326623478,0.04386484884410199,0.04755956098866778,0.05076614635543473,0.050277330470567226
2021-09-03,59.2,60.0,58.9,59.6,59.6,2882,1.6112676424090573,1.6519771034091266,1.637888203701197,1.6605849027398278,1.6605849027398278,0.0047201618341199255,0.03257103257103249,0.054120976299964665,0.059367223604692425,0.06284328411441617,0.06682577565632446
2021-09-06,59.5,59.8,58.8,59.2,59.2,2882,1.6477201752879735,1.6278862546823236,1.625621312796126,1.6120707051925947,1.6120707051925947,-0.0010124873439082394,0.018407018751075303,0.041031652989449045,0.04852993269571395,0.05315590977015596,0.05777248362120311
2021-09-07,59.4,59.5,58.9,59.2,59.2,2882,1.635569330995001,1.59174998159212,1.637888203701197,1.6120707051925947,1.6120707051925947,0.00033795201081439705,0.012485035060714841,0.03556851311953362,0.04455227172474646,0.05031580441416517,0.05513307984790875
2021-09-08,59.2,59.3,57.9,58.5,58.5,2882,1.6112676424090573,1.5676591328653169,1.51521929465049,1.5271708594849356,1.5271708594849356,-0.00914634146341474,-0.0037465940054496926,0.0184540389972144,0.029929577464788783,0.03547153780798636,0.0397535399016529
2021-09-09,58.3,58.7,57.8,58.7,58.7,2882,1.5019100437723065,1.4953865866849094,1.5029524037454192,1.5514279582585526,1.5514279582585526,-0.005758807588075818,-0.004916087472452824,0.01615695326024242,0.031000263458329683,0.03644325164206512,0.04090318004492266
2021-09-10,58.8,59.4,58.4,59.2,59.2,2882,1.5626642652371676,1.5797045572287183,1.5765537491758435,1.6120707051925947,1.6120707051925947,0.004070556309362313,0.00101454176530271,0.018348623853211066,0.03596115145682036,0.04225352112676067,0.04673778511227686
2021-09-13,59.2,60.5,59.1,59.9,59.9,2882,1.6112676424090573,1.7122042252261334,1.662421985511339,1.6969705509002526,1.6969705509002526,0.013536379018612472,0.01216627238932082,0.024749087591240854,0.04309969525468004,0.05109847687232398,0.05656161806208837
2021-09-14,60.3,60.6,59.6,59.8,59.8,2882,1.744926929631751,1.724249649589535,1.7237564400366923,1.684842001513444,1.684842001513444,0.009793988517392624,0.010135135135134917,0.018392370572206933,0.03675450762829387,0.04574706211527687,0.052076002814918955
2021-09-15,59.4,59.9,59.1,59.5,59.5,2882,1.635569330995001,1.6399316790457252,1.662421985511339,1.6484563533530192,1.6484563533530192,0.001346348030965976,0.004558500759750059,0.009272871197557271,0.02701303184603431,0.03795966785290619,0.04416496051477025
2021-09-16,59.7,60.3,59.4,59.7,59.7,2882,1.6720218638739184,1.6881133764993304,1.6992226582265506,1.6727134521266365,1.6727134521266365,0.0013418316001341545,0.006236305410416392,0.008445945945945945,0.02524471921689861,0.03876670378619156,0.044924154025671
2021-09-17,59.9,60.0,58.9,58.9,58.9,2882,1.696323552459862,1.6519771034091266,1.637888203701197,1.575685057032169,1.575685057032169,-0.011081262592343917,-0.006074924063449078,-0.006410256410256335,0.007009745255599311,0.022072603595474395,0.028641285365001757
2021-09-22,57.2,57.3,55.9,56.8,56.8,2882,1.368250756549613,1.3267506455972897,1.2698814765490758,1.320985519909193,1.320985519909193,-0.03630810994231423,-0.037614368010843884,-0.03891708967851107,-0.030303030303030398,-0.016075388026607615,-0.008956612771897087
2021-09-23,57.3,57.6,57.1,57.5,57.5,2882,1.3804016008425846,1.3628869186874943,1.4170841674099246,1.405885365616852,1.405885365616852,-0.01675786593707245,-0.022939677145284644,-0.024762550881953997,-0.019774974428912438,-0.005878284923928136,0.0017421602787456693
2021-09-24,58.0,58.3,57.6,57.8,57.8,2882,1.4654575108933903,1.4472048892313032,1.4784186219352782,1.4422710137772767,1.4422710137772767,-0.005847953216374328,-0.01667233752977198,-0.018120045300113307,-0.016170212765957495,-0.003035738926452236,0.005917159763313545
2021-09-27,58.0,58.9,57.8,58.7,58.7,2882,1.4654575108933903,1.5194774354117115,1.5029524037454192,1.5514279582585526,1.5514279582585526,0.013117017604418453,-0.0013610071452876044,-0.002831257078142655,-0.0031417169058334422,0.009076531664718522,0.01998262380538672
2021-09-28,58.7,59.2,58.1,59.0,59.0,2882,1.5505134209441962,1.5556137085019162,1.5397530764606318,1.5878136064189774,1.5878136064189774,0.01794340924775706,0.004084411164057095,0.002946509519492271,0.0008481764206954564,0.010550835845437223,0.022825772898006417
2021-09-29,58.0,58.4,57.2,58.0,58.0,2882,1.4654575108933903,1.4592503135947048,1.4293510583149955,1.4665281125508938,1.4665281125508938,-0.0034364261168385365,-0.009731944681577724,-0.012709940989559743,-0.014861995753715499,-0.008547008547008548,0.0033444816053512017
2021-09-30,58.0,58.0,57.5,57.9,57.9,2882,1.4654575108933903,1.4110686161410995,1.4661517310302072,1.4543995631640854,1.4543995631640854,-0.00652024708304728,-0.008221993833504571,-0.012956017729287386,-0.015138629018540697,-0.011675542810323717,-0.00023022907793257885
2021-10-01,57.4,57.4,56.6,56.9,56.9,2882,1.3925524451355569,1.3387960699606913,1.3557497128845712,1.3331140692960017,1.3331140692960017,-0.020654044750430343,-0.02099105299380578,-0.02823636570647835,-0.030251384746484852,-0.029341521664960745,-0.01890913270877632
2021-10-04,57.1,57.3,56.3,56.6,56.6,2882,1.3560999122566406,1.3267506455972897,1.3189490401693584,1.296728421135577,1.296728421135577,-0.01872399445214964,-0.02093063483826329,-0.031043140835425687,-0.033634966706505134,-0.03485437555419146,-0.025649853675331416
2021-10-05,56.1,56.5,55.4,56.4,56.4,2882,1.2345914693269184,1.2303872506900793,1.2085470220237224,1.27247132236196,1.27247132236196,-0.013296011196641096,-0.020152883947185608,-0.03137165101900621,-0.03441191576784782,-0.03741125068268706,-0.030594706084565045
2021-10-06,57.0,57.5,56.2,57.1,57.1,2882,1.3439490679636683,1.3508414943240927,1.3066821492642886,1.3573711680696188,1.3573711680696188,0.002106002106002186,-0.008508421600972304,-0.016195727084769084,-0.020667181202298348,-0.023864879649890605,-0.01968639120979744
2021-10-07,57.4,57.7,57.1,57.1,57.1,2882,1.3925524451355569,1.3749323430508957,1.4170841674099246,1.3573711680696188,1.3573711680696188,0.004927842309046005,-0.007819287576020777,-0.013135153819564432,-0.018900343642611707,-0.022193300911021292,-0.020415165551552542
2021-10-08,57.5,57.5,56.9,57.1,57.1,2882,1.4047032894285294,1.3508414943240927,1.392550385599783,1.3573711680696188,1.3573711680696188,0.004220893422441118,-0.0066109951287404755,-0.010398613518197597,-0.017718905900567832,-0.020784744134997996,-0.021030974968567952
2021-10-12,56.3,56.5,55.7,56.4,56.4,2882,1.2588931579128624,1.2303872506900793,1.245347694738935,1.27247132236196,1.27247132236196,-0.00739176346356932,-0.014847161572052427,-0.018789144050104477,-0.027837628199603583,-0.031260735142562696,-0.033253342475145775
2021-10-13,56.7,57.1,55.8,56.2,56.2,2882,1.307496535084752,1.3026597968704876,1.257614585644005,1.2482142235883436,1.2482142235883436,-0.010214864388869167,-0.013515885553800053,-0.019197207678882975,-0.02877387021515583,-0.03243578265959633,-0.03585520672499565
2021-10-14,56.5,56.9,56.1,56.6,56.6,2882,1.2831948464988072,1.2785689481436844,1.2944152583592177,1.296728421135577,1.296728421135577,-0.0014114326040929994,-0.004047158191096197,-0.01198650064005575,-0.01906412478336224,-0.023801310796826413,-0.027379997708786807
2021-10-15,57.2,58.5,57.1,58.3,58.3,2882,1.368250756549613,1.4712957379581064,1.4170841674099246,1.5029137607113185,1.5029137607113185,0.024244553759662602,0.025145067698259055,0.016742239274502854,0.011713665943600819,0.006143863040176628,0.0025795356835769316
2021-10-18,58.5,59.2,58.4,58.7,58.7,2882,1.5262117323582514,1.5556137085019162,1.5765537491758435,1.5514279582585526,1.5514279582585526,0.025506638714186024,0.028921998247151724,0.022648083623693454,0.01936268125379889,0.012907233572611898,0.009747706422018406
2021-10-19,59.0,59.2,58.3,58.4,58.4,2882,1.5869659538231125,1.5556137085019162,1.5642868582707727,1.5150423100981272,1.5150423100981272,0.013185287994448265,0.02044382316966629,0.017776228651098,0.01529902642559102,0.00793924749741113,0.004759993118082189
2021-10-20,58.8,59.0,58.1,58.3,58.3,2882,1.5626642652371676,1.5315228597751132,1.5397530764606318,1.5029137607113185,1.5029137607113185,0.004133654839820786,0.015325670498084212,0.016860465116278978,0.014089406853365844,0.006838905775076002,0.0037878787878787685
2021-10-21,58.3,59.1,58.2,58.7,58.7,2882,1.5019100437723065,1.5435682841385145,1.5520199673657027,1.5514279582585526,1.5514279582585526,0.0037619699042408684,0.019451198332754507,0.023004531195538646,0.019362681253798766,0.014587942477876127,0.010965038176703537
2021-10-22,58.7,58.7,58.1,58.3,58.3,2882,1.5505134209441962,1.4953865866849094,1.5397530764606318,1.5029137607113185,1.5029137607113185,-0.0030779753761969856,0.010398613518197474,0.015561491116014358,0.011713665943600819,0.008720326666205359,0.0045950603101665545
2021-10-25,58.2,58.7,57.9,58.4,58.4,2882,1.489759199479335,1.4953865866849094,1.51521929465049,1.5150423100981272,1.5150423100981272,-0.0003423485107840316,0.009856475877572199,0.015534430790632927,0.012921689359118728,0.011220390635822194,0.006376012407375451
2021-10-26,58.8,59.2,58.4,59.1,59.1,2882,1.5626642652371676,1.5556137085019162,1.5765537491758435,1.599942155805786,1.599942155805786,0.00922131147540982,0.01721170395869191,0.024737024621431097,0.024707412223667177,0.023766629711751662,0.018204789525067572
2021-10-27,59.0,59.0,58.3,58.7,58.7,2882,1.5869659538231125,1.5315228597751132,1.5642868582707727,1.5514279582585526,1.5514279582585526,0.0010231923601637495,0.005998286203941755,0.01510260548766431,0.018036767256330195,0.016978516978517048,0.011603860294117748
2021-10-28,58.4,58.5,57.9,58.1,58.1,2882,1.514060888065279,1.4712957379581064,1.51521929465049,1.4786566619377024,1.4786566619377024,-0.007177033492822995,-0.006837606837606813,0.0035697835099033374,0.007543570623428462,0.0056774908260057285,0.002300172512938462
2021-10-29,57.9,58.3,57.5,58.1,58.1,2882,1.453306666600418,1.4472048892313032,1.4661517310302072,1.4786566619377024,1.4786566619377024,-0.006497948016415912,-0.006497948016415791,0.0024154589371980775,0.007368877329865701,0.0052598795764411885,0.0032809532032465004
2021-11-01,58.1,58.5,57.6,57.6,57.6,2882,1.4776083551863628,1.4712957379581064,1.4784186219352782,1.4180139150036606,1.4180139150036606,-0.012345679012345779,-0.01319170806921369,-0.006782388780319535,-0.0019060821348119812,-0.003253270575205966,-0.004264146594445015
2021-11-02,57.8,58.1,57.4,57.4,57.4,2882,1.4411558223074457,1.423114040504501,1.4538848401251365,1.3937568162300435,1.3937568162300435,-0.010003449465332966,-0.014930495967050017,-0.011367550809507349,-0.006060606060606085,-0.005819592628516101,-0.006404708326120902
2021-11-03,57.5,57.8,57.3,57.6,57.6,2882,1.4047032894285294,1.3869777674142965,1.4416179492200656,1.4180139150036606,1.4180139150036606,-0.0027700831024931385,-0.010309278350515488,-0.0095150750888456,-0.00363258951738455,-0.0013869625520110662,-0.0021942487585171234
2021-11-04,58.0,58.4,57.8,57.9,57.9,2882,1.4654575108933903,1.4592503135947048,1.5029524037454192,1.4543995631640854,1.4543995631640854,0.0031185031185029903,-0.0037852718513421532,-0.005837912087912146,0.0008643042350907027,0.0038837644774255605,0.0023659761094119076
2021-11-05,57.9,58.5,57.6,58.5,58.5,2882,1.453306666600418,1.4712957379581064,1.4784186219352782,1.5271708594849356,1.5271708594849356,0.012110726643598666,0.006191950464396275,0.00423437857633331,0.010013812154696104,0.013864818024263382,0.01216909856393102
2021-11-08,58.3,58.7,58.2,58.7,58.7,2882,1.5019100437723065,1.4953865866849094,1.5520199673657027,1.5514279582585526,1.5514279582585526,0.011720096518442035,0.009111225717723931,0.00766765850308993,0.012068965517241428,0.016063144776016013,0.015102605487664185
2021-11-09,58.7,58.7,58.3,58.5,58.5,2882,1.5505134209441962,1.4953865866849094,1.5642868582707727,1.5271708594849356,1.5271708594849356,0.0044642857142858025,0.006711409395973165,0.004119464469618862,0.006798038034592479,0.011270916885631328,0.01176063645797289
2021-11-10,58.5,58.7,58.4,58.6,58.6,2882,1.5262117323582514,1.4953865866849094,1.5765537491758435,1.5392994088717442,1.5392994088717442,0.0027378507871321646,0.008605851979345954,0.005490734385724096,0.006440532417346501,0.011460922397127767,0.013723907277130722
2021-11-11,58.7,58.7,58.2,58.6,58.6,2882,1.5505134209441962,1.4953865866849094,1.5520199673657027,1.5392994088717442,1.5392994088717442,0.0003414134516899286,0.0077386070507309175,0.005605765930671571,0.004714959279897103,0.010414511345610151,0.013373299515794329
2021-11-12,58.7,59.1,58.5,58.9,58.9,2882,1.5505134209441962,1.5435682841385145,1.5888206400809144,1.575685057032169,1.575685057032169,0.004091374019774887,0.01150609651382452,0.010060592203040909,0.009339388227229916,0.01432802920713635,0.017974421016246096
2021-11-15,59.2,60.3,59.2,59.7,59.7,2882,1.6112676424090573,1.6881133764993304,1.6746888764164096,1.6727134521266365,1.6727134521266365,0.014271151885830844,0.021560574948665385,0.022260273972602815,0.022172759181576823,0.026266932544867047,0.030139192453698303
2021-11-16,59.9,60.0,59.5,60.0,60.0,2882,1.696323552459862,1.6519771034091266,1.7114895491316215,1.709099100287061,1.709099100287061,0.014198782961460384,0.02214650766609876,0.026342798494697214,0.025904077968709936,0.028877152068043033,0.03329506314580936
2021-11-17,60.3,62.2,60.2,62.2,62.2,2882,1.744926929631751,1.9169764394039568,1.7973577854671168,1.9759271867968455,1.9759271867968455,0.03874415497662003,0.051386071670047315,0.05974557019536563,0.059986366734832916,0.06223102670947466,0.06762787504291104
2021-11-18,62.1,63.5,61.7,63.0,63.0,2882,1.963642126905251,2.073566956128174,1.9813611490431773,2.072955581891312,2.072955581891312,0.03686635944700452,0.055806938159879305,0.06743476787529645,0.06970031411834615,0.07120995715160162,0.0777213890631236
2021-11-19,63.0,63.0,61.6,61.8,61.8,2882,2.072999725542001,2.0133398343111675,1.9690942581381066,1.9274129892496112,1.9274129892496112,0.007499184871209665,0.029999999999999954,0.04274465691788523,0.04621635347892313,0.04831048989008005,0.0543676069153775
2021-11-22,61.5,61.6,60.9,61.1,61.1,2882,1.8907370611474177,1.8447038932235487,1.8832260218026111,1.8425131435419533,1.8425131435419533,-0.008438818565400893,0.014276228419654825,0.02689075630252103,0.03200743180474627,0.034751388700718054,0.04005901044030877
2021-11-23,60.8,61.5,60.7,60.8,60.8,2882,1.805681151096612,1.832658468860147,1.8586922399924704,1.8061274953815276,1.8061274953815276,-0.01586273875040484,0.005457251529684231,0.017970755664694676,0.025468038455051408,0.027999458947653166,0.03237491510074711
2021-11-24,61.1,61.8,61.0,61.1,61.1,2882,1.8421336839755291,1.8687947419503508,1.895492912707682,1.8425131435419533,1.8425131435419533,-0.007472384665367135,0.0062582345191042445,0.019012675116744506,0.028446389496717683,0.031119211556635634,0.0345995371676921
2021-11-25,61.8,61.8,61.0,61.6,61.6,2882,1.927189594026334,1.8687947419503508,1.895492912707682,1.903155890475995,1.903155890475995,0.005221932114882628,0.00950508030154045,0.023142509135200932,0.033817235881513814,0.03752610658222734,0.04013057916361792
2021-11-26,61.1,61.3,60.0,60.2,60.2,2882,1.8421336839755291,1.808567620133344,1.772824003656975,1.7333561990606783,1.7333561990606783,-0.012467191601049836,-0.01553556827473419,-0.001989389920424478,0.00854414474786405,0.012649710671511277,0.015405375014056132
2021-11-29,59.5,59.9,59.0,59.3,59.3,2882,1.6477201752879735,1.6399316790457252,1.650155094606268,1.6241992545794022,1.6241992545794022,-0.02145214521452152,-0.029618720340369862,-0.017561298873426147,-0.007946465913843605,-0.003093268778158791,-0.00011241007194246361
2021-11-30,59.5,60.0,59.1,60.0,60.0,2882,1.6477201752879735,1.6519771034091266,1.662421985511339,1.709099100287061,1.709099100287061,-0.007279947054930473,-0.018163966617574856,-0.007608336089976858,0.0015858442534013185,0.008064516129032206,0.010781671159029659
2021-12-01,59.5,60.0,59.1,59.9,59.9,2882,1.6477201752879735,1.6519771034091266,1.662421985511339,1.6969705509002526,1.6969705509002526,-0.004983388704319008,-0.01609724047306171,-0.01068046685752028,-0.001999333555481582,0.005573462261616868,0.008191202872531384
2021-12-02,59.4,59.6,59.2,59.5,59.5,2882,1.635569330995001,1.6037954059555215,1.6746888764164096,1.6484563533530192,1.6484563533530192,-0.00468384074941442,-0.017016355526185266,-0.01825981740182602,-0.009983361064891871,-0.002079699449885991,0.0010094212651412377
2021-12-03,59.9,60.4,59.8,59.9,59.9,2882,1.696323552459862,1.700158800862732,1.7482902218468332,1.6969705509002526,1.6969705509002526,0.003014065639651584,-0.007292011932383125,-0.012745852104164379,-0.004487286022934952,0.0034173143929241596,0.006835499775885247
2021-12-06,59.8,60.0,59.4,60.0,60.0,2882,1.6841727081668898,1.6519771034091266,1.6992226582265506,1.709099100287061,1.709099100287061,0.002338790511192793,-0.0038186950024904015,-0.01142355008787349,-0.0039013862372373597,0.003478726251003452,0.007613076578593937
2021-12-07,60.1,60.7,59.6,60.7,60.7,2882,1.720625241045807,1.7362950739529366,1.7237564400366923,1.79399894599472,1.79399894599472,0.011666666666666714,0.007970773829292541,-0.0006585446163977469,0.005882840334742085,0.012949736332688127,0.018456375838926196
2021-12-08,61.0,61.2,60.6,60.7,60.7,2882,1.8299828396825566,1.7965221957699433,1.8464253490873994,1.79399894599472,1.79399894599472,0.00897606382978722,0.0086407444333665,0.000989445910290275,0.0041356492969396195,0.01085798028244073,0.017318435754190033
2021-12-09,60.7,61.1,60.4,60.7,60.7,2882,1.7935303068036403,1.7844767714065417,1.8218915672772578,1.79399894599472,1.79399894599472,0.0049668874172186135,0.010151439507405668,0.0035269480877329154,0.002394517380893337,0.008976063829787339,0.015842909740042373
2021-12-10,60.8,60.8,60.3,60.5,60.5,2882,1.805681151096612,1.748340498316337,1.8096246763721868,1.7697418472211028,1.7697418472211028,-0.00033046926635828033,0.006320691949434626,0.0016556291390728713,-0.0022264368763916073,0.00431606905710488,0.011142061281337007
2021-12-13,61.0,61.5,60.7,60.7,60.7,2882,1.8299828396825566,1.832658468860147,1.8586922399924704,1.79399894599472,1.79399894599472,0.0006594131223211201,0.007301692665117784,0.005410777385159033,0.00024717805058911707,0.006299734748010652,0.012735665424614786
2021-12-14,60.6,60.6,60.1,60.2,60.2,2882,1.781379462510668,1.724249649589535,1.7850908945620458,1.7333561990606783,1.7333561990606783,-0.005944517833553491,-0.0013271400132712542,-0.0022099447513812074,-0.00815553175714623,-0.003113201298270984,0.002831917374646157
2021-12-15,59.9,60.2,59.8,59.8,59.8,2882,1.696323552459862,1.6760679521359299,1.7482902218468332,1.684842001513444,1.684842001513444,-0.009605829744948865,-0.007798241247718698,-0.0074139648113312915,-0.012794056954189115,-0.01052352902243712,-0.005046863734679302
2021-12-16,60.1,60.4,60.0,60.3,60.3,2882,1.720625241045807,1.700158800862732,1.772824003656975,1.7454847484474858,1.7454847484474858,0.0,-0.0008285004142502778,0.0023271276595744775,-0.0023163467902051716,-0.003371677905593146,0.001938521185267247
2021-12-17,60.3,60.7,60.2,60.5,60.5,2882,1.744926929631751,1.7362950739529366,1.7973577854671168,1.7697418472211028,1.7697418472211028,0.003316749585406349,0.0014898195662969094,0.005317381189764165,0.002070393374741201,-0.0011227050587769934,0.004149377593360996
2021-12-20,60.1,60.5,59.9,59.9,59.9,2882,1.720625241045807,1.7122042252261334,1.7605571127519042,1.6969705509002526,1.6969705509002526,-0.003990688393747954,-0.008278145695364239,-0.0053138492195284005,-0.006880543811655462,-0.01115953512942411,-0.0064687344501574645
2021-12-21,59.9,60.5,59.9,60.3,60.3,2882,1.696323552459862,1.7122042252261334,1.7605571127519042,1.7454847484474858,1.7454847484474858,0.002327127659574596,-0.000994035785288308,0.0009960159362548998,0.00016586498590132534,-0.004753416518122463,-0.0008285004142502778
2021-12-22,60.3,60.5,60.1,60.3,60.3,2882,1.744926929631751,1.7122042252261334,1.7850908945620458,1.7454847484474858,1.7454847484474858,0.0006637902422833063,-0.0003315649867373346,0.0005530973451327119,0.000829875518672152,-0.0035034373347435765,-0.0017658095132987938
2021-12-23,60.3,60.6,60.2,60.5,60.5,2882,1.744926929631751,1.724249649589535,1.7973577854671168,1.7697418472211028,1.7697418472211028,0.003316749585406349,0.003316749585406349,0.0027624309392264798,0.0050668660187722,0.0014566642388929513,0.0004961137754257323
2021-12-24,60.6,61.4,60.5,61.1,61.1,2882,1.781379462510668,1.8206130444967454,1.8341584581823285,1.8425131435419533,1.8425131435419533,0.011254551473022291,0.012259774685222035,0.011366144338998026,0.014276228419654825,0.011857445680975229,0.009194516324395838
2021-12-27,61.4,61.5,61.1,61.3,61.3,2882,1.8785862168544454,1.832658468860147,1.907759803612753,1.8667702423155694,1.8667702423155694,0.009884678747940598,0.014564713670969922,0.013223140495867721,0.01590984421610873,0.015035103987283105,0.011606799053853345
2021-12-28,61.7,62.4,61.5,62.3,62.3,2882,1.9150387497333625,1.9410672881307591,1.9568273672330356,1.988055736183653,1.988055736183653,0.019639934533551485,0.027544120072571125,0.027939720602793882,0.030518567529567307,0.03056970819823979,0.02681024063289746
2021-12-29,62.8,63.3,62.5,63.0,63.0,2882,2.048698036956056,2.049476107401371,2.079496276283743,2.072955581891312,2.072955581891312,0.022063595068137563,0.03363412633305984,0.03686635944700464,0.03943243689160206,0.04084060269627282,0.0378912685337726
2021-12-30,63.0,63.0,62.5,62.5,62.5,2882,2.072999725542001,2.0133398343111675,2.079496276283743,2.01231283495727,2.01231283495727,0.007414571244358493,0.021742684322380225,0.026609724047306132,0.02863726135615528,0.03196618453206513,0.029936830541060205
2022-01-03,62.8,62.9,61.6,61.6,61.6,2882,2.048698036956056,2.0012944099477656,1.9690942581381066,1.903155890475995,1.903155890475995,-0.008690054715159304,0.005221932114882628,0.01060920923110579,0.012408579176596194,0.016166281755196372,0.01521727187826192
2022-01-04,61.6,62.0,61.5,62.0,62.0,2882,1.90288790544039,1.8928855906771538,1.9568273672330356,1.9516700880232285,1.9516700880232285,-0.004495825305073764,0.008294031549845354,0.015727391874181,0.01731068996636299,0.020945856935845053,0.021304634307050232
2022-01-05,61.6,62.0,61.3,61.9,61.9,2882,1.90288790544039,1.8928855906771538,1.9322935854228938,1.9395415386364199,1.9395415386364199,-0.004823151125401997,0.0040551500405515,0.012209745993677029,0.014670928612408636,0.018025129925662728,0.019041870164078236
2022-01-06,61.9,62.3,61.4,62.0,62.0,2882,1.9393404383193065,1.9290218637673575,1.9445604763279647,1.9516700880232285,1.9516700880232285,0.0,0.0029116790682625782,0.011419249592169705,0.015228426395938964,0.018263040336355188,0.02018429135585783
2022-01-07,62.0,62.5,61.8,62.0,62.0,2882,1.9514912826122788,1.9531127124941605,1.9936280399482473,1.9516700880232285,1.9516700880232285,0.0016155088852988922,0.000484105212199355,0.009552757273122004,0.014149014476159235,0.01659342821538664,0.01996051765738097
2022-01-10,62.0,62.3,61.7,62.1,62.1,2882,1.9514912826122788,1.9290218637673575,1.9813611490431773,1.963798637410037,1.963798637410037,0.0016129032258064746,0.0004833252779119386,0.00942782834850464,0.014457240872335296,0.016765996463422635,0.020542317173377157
2022-01-11,62.5,64.9,62.1,64.5,64.5,2882,2.0122455040771396,2.242202897215794,2.03042871266346,2.2548838226934373,2.2548838226934373,0.032,0.03381952235935233,0.04323916325210251,0.050403061639931704,0.052958077576074174,0.0569727426667395
2022-01-12,64.4,65.0,63.8,64.7,64.7,2882,2.2431115456436124,2.2542483215791944,2.2389658580496614,2.2791409214670546,2.2791409214670546,0.026006977481763408,0.0330512533929428,0.041532517707662676,0.049813402563686396,0.053471408102123204,0.05753514220333447
2022-01-13,64.7,67.8,64.5,67.4,67.4,2882,2.2795640785225286,2.591520203754432,2.3248340943851566,2.606611754910881,2.606611754910881,0.0508263174306206,0.06865387664499782,0.07679199062732994,0.08692146427995509,0.09266584527592257,0.09718378642357177
2022-01-14,67.0,68.4,66.5,67.7,67.7,2882,2.5590334972608892,2.6637927499348413,2.570171912486571,2.6429974030713055,2.6429974030713055,0.03707107843137258,0.06463280389998438,0.07335376810062358,0.08528374478999692,0.09256987928474605,0.0971854572956621
2022-01-17,67.3,68.0,66.5,66.5,66.5,2882,2.5954860301398055,2.6156110524812353,2.570171912486571,2.4974548104296046,2.4974548104296046,0.005139056831922664,0.03776529338327094,0.048344718864950134,0.06094447989789419,0.06906308275995124,0.07390859665177373
2022-01-18,66.6,67.2,66.2,66.9,66.9,2882,2.5104301200889996,2.5192476575740246,2.533371239771359,2.545969007976839,2.545969007976839,0.0039015606242497765,0.03608486913427308,0.04847978267683639,0.061399333650642506,0.07122269903285736,0.0763702670814116
2022-01-19,66.4,66.5,65.6,66.1,66.1,2882,2.4861284315030567,2.434929687030215,2.459769894340934,2.4489406128823705,2.4489406128823705,-0.012253436939629518,0.0170795507001077,0.031845145176397,0.04390397978521796,0.05442827973455832,0.06042780748663088
2022-01-20,65.6,66.1,65.0,65.8,65.8,2882,2.388921677159278,2.386747989576609,2.3861685489105104,2.412554964721946,2.412554964721946,-0.01201201201201197,0.006577940951506912,0.024177648645844277,0.03467253714914704,0.04563946097126887,0.052743853661138075
2022-01-21,65.2,65.3,64.2,64.4,64.4,2882,2.34031829998739,2.290384594669398,2.288033421669945,2.24275527330663,2.24275527330663,-0.02335456475583852,-0.018442310623380486,0.0004142502071251683,0.009562627371061398,0.020731630000634105,0.02831594634873335
2022-01-24,64.0,64.6,63.4,64.3,64.3,2882,2.194508168471723,2.2060666241255884,2.189898294429379,2.2306267239198205,2.2306267239198205,-0.018320610687022943,-0.02324168312319613,-0.003924403593927455,0.00547302580140726,0.016697236101448316,0.024646765112079045
2022-01-25,63.6,63.7,62.4,63.0,63.0,2882,2.1459047912998344,2.097657804854977,2.067229385378672,2.072955581891312,2.072955581891312,-0.02657601977750307,-0.04080389768574898,-0.02506963788300821,-0.01616303583977507,-0.005807347557126658,0.0027057138309724924
2022-01-26,63.0,63.7,62.8,63.3,63.3,2882,2.072999725542001,2.097657804854977,2.1162969489989543,2.109341230051737,2.109341230051737,-0.013403990024937648,-0.03417760146475427,-0.02183990934377244,-0.012249356323632624,-0.0029611895161289585,0.005826271186440686
2022-02-07,63.8,65.8,63.8,65.7,65.7,2882,2.170206479885778,2.350611716486405,2.2389658580496614,2.4004264153351382,2.4004264153351382,0.02432179607109429,0.005048187241854035,0.011391625615763687,0.023045780130800435,0.031332412407384304,0.040709646760652744
2022-02-08,65.5,66.5,65.1,66.0,66.0,2882,2.376770832866306,2.434929687030215,2.3984354398155805,2.436812063495563,2.436812063495563,0.023890784982935252,0.012269938650306704,0.011856091578086784,0.024924295364547,0.032476065327576506,0.0423246999368288
2022-02-09,66.4,66.4,65.6,66.0,66.0,2882,2.4861284315030567,2.4228842626668143,2.459769894340934,2.436812063495563,2.436812063495563,0.018518518518518563,0.013046815042210195,0.007838745800671924,0.021434651396734585,0.029320024953212655,0.039315521494934697
2022-02-10,65.9,65.9,65.1,65.8,65.8,2882,2.425374210038196,2.3626571408498074,2.3984354398155805,2.412554964721946,2.412554964721946,0.00673194614443081,0.011685116851168591,0.0034566897112648493,0.015353753568397572,0.02332814930015552,0.03296703296703288
2022-02-11,65.4,65.7,65.2,65.6,65.6,2882,2.3646199885733346,2.338566292123004,2.410702330720652,2.3882978659483287,2.3882978659483287,-0.0033424491036161204,0.009386059393752876,-0.0005078720162520922,0.009386059393752876,0.018127638440526325,0.026979074257684015
2022-02-14,64.5,64.5,63.6,64.2,64.2,2882,2.255262389936584,2.194021199762188,2.2144320762395204,2.218498174533013,2.218498174533013,-0.020146520146520044,-0.009717723276261138,-0.01864873127483948,-0.013824884792626599,-0.004342431761786618,0.0030205186959690864
2022-02-15,64.6,64.9,64.2,64.3,64.3,2882,2.2674132342295557,2.242202897215794,2.288033421669945,2.2306267239198205,2.2306267239198205,-0.013501073949064277,-0.008022215365627833,-0.013702832600470359,-0.014030514452196675,-0.0039038294708141556,0.0025987525987524506
2022-02-16,64.8,64.8,64.2,64.8,64.8,2882,2.2917149228155003,2.2301574728523916,2.288033421669945,2.2912694708538623,2.2912694708538623,-0.0021558361564519,-0.0010790812394019945,-0.004302397049784898,-0.00841622035195099,0.0018552875695731343,0.008455672563157995
2022-02-17,64.7,65.0,64.3,64.7,64.7,2882,2.2795640785225286,2.2542483215791944,2.300300312575015,2.2791409214670546,2.2791409214670546,-0.00030902348578485815,-0.00522755227552259,-0.003593429158110897,-0.010097919216646215,-0.0013582762239920025,0.00512661177567187
2022-02-18,64.1,64.6,64.1,64.6,64.6,2882,2.2066590127646943,2.2060666241255884,2.2757665307648733,2.267012372080245,2.267012372080245,0.0012399256044637059,-0.008746355685131308,-0.0035989717223650535,-0.011552291331956172,-0.004561143984221007,0.0023792283024723702
2022-02-21,64.3,64.7,64.0,64.6,64.6,2882,2.2309607013506394,2.2181120484889907,2.2634996398598033,2.267012372080245,2.267012372080245,0.0,-0.007070396557024407,-0.0023679604653559687,-0.009430345779345381,-0.0061538461538462414,0.0015503875968991367
2022-02-22,64.0,64.2,63.2,63.7,63.7,2882,2.194508168471723,2.157884926671984,2.165364512619238,2.157855427598971,2.157855427598971,-0.012096774193548186,-0.017430202066944248,-0.015557387183185565,-0.020226101668845618,-0.021024159340997033,-0.013015184381778577
2022-02-23,63.5,64.0,63.4,63.7,63.7,2882,2.133753947006862,2.133794077945181,2.189898294429379,2.157855427598971,2.157855427598971,-0.008714596949891103,-0.01393188854489151,-0.014948453608247451,-0.018111753371868936,-0.021986120493766536,-0.014084507042253468
2022-02-24,63.2,63.5,62.5,63.0,63.0,2882,2.0973014141279456,2.073566956128174,2.079496276283743,2.072955581891312,2.072955581891312,-0.014392991239048728,-0.020522388059701604,-0.02577319587628873,-0.02597402597402586,-0.03184165232358008,-0.02542154385603049
2022-02-25,62.7,63.0,61.6,62.3,62.3,2882,2.0365471926630847,2.0133398343111675,1.9690942581381066,1.988055736183653,1.988055736183653,-0.018279231011660946,-0.026410376621347053,-0.0356037151702786,-0.03395875329508448,-0.04118443733070675,-0.03644893540238185
2022-03-01,61.7,62.7,61.5,62.6,62.6,2882,1.9150387497333625,1.9772035612209637,1.9568273672330356,2.0244413843440787,2.0244413843440787,-0.007294640025372674,-0.019269935766880728,-0.02784967387928351,-0.026892585108036854,-0.03371202766115097,-0.032108436839663884
2022-03-02,62.1,62.2,61.8,62.0,62.0,2882,1.963642126905251,1.9169764394039568,1.9936280399482473,1.9516700880232285,1.9516700880232285,-0.011479591836734788,-0.025157232704402538,-0.03316353051252727,-0.03441831490422065,-0.03959353119771977,-0.0413853527804978
2022-03-03,62.3,62.5,62.0,62.1,62.1,2882,1.987943815491195,1.9531127124941605,2.018161821758389,1.963798637410037,1.963798637410037,-0.004807692307692262,-0.01942207484604459,-0.027661795407098105,-0.03120124804992189,-0.035414725069897394,-0.039839200123692124
2022-03-04,61.8,61.8,61.2,61.2,61.2,2882,1.927189594026334,1.8687947419503508,1.920026694517824,1.854641692928762,1.854641692928762,-0.013539651837524232,-0.0282629406160685,-0.03713027061044692,-0.0438993907202,-0.04601571268237932,-0.052142488384099024
2022-03-07,60.4,60.5,58.8,59.4,59.4,2882,1.7570777739247232,1.7122042252261334,1.625621312796126,1.6363278039662108,1.6363278039662108,-0.03351773511226818,-0.04899135446685882,-0.05933277027027032,-0.06918436104364198,-0.07018971886544374,-0.07749650566858211
2022-03-08,58.2,58.8,58.0,58.5,58.5,2882,1.489759199479335,1.5074320110483101,1.5274861855555608,1.5271708594849356,1.5271708594849356,-0.03529023746701848,-0.054163298302344405,-0.0679766330323951,-0.07808683318887408,-0.08007296515284949,-0.087268566673601
2022-03-09,59.0,59.4,58.6,59.0,59.0,2882,1.5869659538231125,1.5797045572287183,1.6010875309859853,1.5878136064189774,1.5878136064189774,-0.017321785476349088,-0.03877484522645828,-0.054689168980986975,-0.06505031297044614,-0.06904822014642774,-0.07528342301865108
2022-03-10,59.5,60.5,59.5,60.3,60.3,2882,1.6477201752879735,1.7122042252261334,1.7114895491316215,1.7454847484474858,1.7454847484474858,0.010388739946380775,-0.01212319790301445,-0.02919394654931855,-0.040114613180515915,-0.04612756264236908,-0.05183709838041837
2022-03-11,60.2,60.6,59.9,60.3,60.3,2882,1.7327760853387792,1.724249649589535,1.7605571127519042,1.7454847484474858,1.7454847484474858,0.013445378151260456,-0.007734079315451685,-0.02458751213199617,-0.03589415620753065,-0.04449515116942395,-0.048545731867669514
2022-03-14,60.7,61.5,60.6,61.2,61.2,2882,1.7935303068036403,1.832658468860147,1.8464253490873994,1.854641692928762,1.854641692928762,0.022385566321416694,0.008902077151335296,-0.00638597250784713,-0.018050541516245487,-0.02894135567402902,-0.03184982071292979
2022-03-15,61.3,61.5,60.9,61.3,61.3,2882,1.8664353725614728,1.832658468860147,1.8832260218026111,1.8667702423155694,1.8667702423155694,0.014564713670969922,0.012720964810837653,-0.0011948729089723646,-0.014152460598263035,-0.024630855397148706,-0.027961308737248412
2022-03-16,61.7,62.0,61.4,62.0,62.0,2882,1.9150387497333625,1.8928855906771538,1.9445604763279647,1.9516700880232285,1.9516700880232285,0.016060308095706393,0.02428547827523552,0.012079660463597814,-0.0010472891323611976,-0.01097498723838697,-0.015612595924847858
2022-03-17,62.5,63.2,62.4,63.1,63.1,2882,2.0122455040771396,2.0374306830379703,2.067229385378672,2.0850841312781205,2.0850841312781205,0.02468333874634627,0.04073890813128824,0.030708918654034672,0.018070345272668677,0.008438279102474043,0.002489011279987284
2022-03-18,63.4,63.8,63.1,63.3,63.3,2882,2.1216031027138897,2.1097032292183777,2.153097621714167,2.109341230051737,2.109341230051737,0.018012222579607665,0.040433925049309684,0.03363814500326576,0.022451946373768267,0.013253937764118142,0.005506724557873401
2022-03-21,63.3,63.8,63.2,63.6,63.6,2882,2.109452258420917,2.1097032292183777,2.165364512619238,2.1457268782121623,2.1457268782121623,0.015001595914458947,0.03819784524975532,0.037069246657245356,0.028128031037827385,0.019361456596999706,0.010111705225263324
2022-03-22,63.6,63.6,63.1,63.6,63.6,2882,2.1459047912998344,2.085612380491576,2.153097621714167,2.1457268782121623,2.1457268782121623,0.007604562737642535,0.029626032054395426,0.03594309914214362,0.02895971525643122,0.01975371985633669,0.011235955056179837
2022-03-23,64.1,65.0,64.0,64.8,64.8,2882,2.2066590127646943,2.2542483215791944,2.2634996398598033,2.2912694708538623,2.2912694708538623,0.017587939698492535,0.03929430633520442,0.05228970444949645,0.04744201083003294,0.038661281015579786,0.030971574034789853
2022-03-24,64.3,64.4,63.6,64.3,64.3,2882,2.2309607013506394,2.181975775398787,2.2144320762395204,2.2306267239198205,2.2306267239198205,0.005944931163954873,0.02470119521912346,0.04168916729668426,0.038856127312383776,0.030977424320164107,0.02393969955942455
2022-03-25,63.8,64.0,63.5,63.5,63.5,2882,2.170206479885778,2.133794077945181,2.20216518533445,2.1335983288253537,2.1335983288253537,-0.007191994996872949,0.006817821468209808,0.026179702650290845,0.025516795865633046,0.01893453145057766,0.012436224489795823
2022-03-28,62.8,63.7,62.6,63.3,63.3,2882,2.048698036956056,2.097657804854977,2.0917631671888137,2.109341230051737,2.109341230051737,-0.00938967136150237,0.0003160556257901885,0.018667524943675632,0.0214619977408422,0.01657352090961644,0.010482626509870691
2022-03-29,63.5,63.9,63.3,63.8,63.8,2882,2.133753947006862,2.1217486535817796,2.177631403524308,2.1699839769857787,2.1699839769857787,-0.0021895527056615665,0.004249960648512339,0.020908896949007865,0.028534580041915256,0.025130149752554794,0.018681143222098066
2022-03-30,64.1,64.5,64.0,64.4,64.4,2882,2.2066590127646943,2.194021199762188,2.2634996398598033,2.24275527330663,2.24275527330663,0.00845599749451947,0.009879253567508272,0.024607551972846958,0.03620273531777968,0.03430553771039449,0.0282064928153274
2022-03-31,64.5,64.7,64.2,64.5,64.5,2882,2.255262389936584,2.2181120484889907,2.288033421669945,2.2548838226934373,2.2548838226934373,0.00938967136150237,0.00923173212329833,0.02164730728616685,0.03581178737754933,0.03537947861820973,0.029967530739341008
2022-04-01,64.0,65.0,63.8,65.0,65.0,2882,2.194508168471723,2.2542483215791944,2.2389658580496614,2.315526569627479,2.315526569627479,0.012461059190031107,0.014357053682896406,0.024482504991068518,0.04066602625680434,0.04206746184429901,0.03778605641298564
2022-04-06,65.1,65.5,64.5,65.5,65.5,2882,2.3281674556944165,2.3144754433962014,2.3248340943851566,2.376169316561521,2.376169316561521,0.013304455445544545,0.019138011513925465,0.027719665271966513,0.0435752409782522,0.04793293229233321,0.04526836533858183
2022-04-07,65.3,65.7,64.5,64.8,64.8,2882,2.3524691442803616,2.338566292123004,2.3248340943851566,2.2912694708538623,2.2912694708538623,-0.0006169031462061421,0.006367448361546771,0.013027618551328743,0.02726696258719085,0.03527607361963188,0.033987553853518475
2022-04-08,65.0,65.1,64.5,65.0,65.0,2882,2.316016611401445,2.2662937459425954,2.3248340943851566,2.315526569627479,2.315526569627479,0.0006157635467979069,0.009160068312373908,0.012987012987012912,0.025560113600504964,0.03648424543946938,0.036462208993302776
2022-04-11,65.3,65.7,64.1,64.8,64.8,2882,2.3524691442803616,2.338566292123004,2.2757665307648733,2.2912694708538623,2.2912694708538623,-0.003383574284835636,0.005274588892336164,0.008089607965152396,0.018787831145350212,0.03151862464183376,0.0326693227091633
2022-04-12,64.8,65.0,64.3,64.9,64.9,2882,2.2917149228155003,2.2542483215791944,2.300300312575015,2.303398020240672,2.303398020240672,-0.001538461538461451,0.00464396284829739,0.007972665148063813,0.016683637502937335,0.030682251302248793,0.033220123116111215
2022-04-13,65.3,65.5,65.0,65.4,65.4,2882,2.3524691442803616,2.3144754433962014,2.3861685489105104,2.3640407671747137,2.3640407671747137,0.006463527239150754,0.009103533405338735,0.013848697809011948,0.0211569989850889,0.03467915453740056,0.039470198675496816
2022-04-14,65.4,65.5,64.7,64.7,64.7,2882,2.3646199885733346,2.3144754433962014,2.3493678761952985,2.2791409214670546,2.2791409214670546,-0.0040024630541872705,-0.0030816640986132946,0.0018581604211830992,0.007552752472163815,0.019604135148764606,0.027201524132091526
2022-04-15,64.4,64.5,63.8,64.0,64.0,2882,2.2431115456436124,2.194021199762188,2.2389658580496614,2.1942410757593955,2.1942410757593955,-0.011735639283508417,-0.013259327782917043,-0.00816200020663298,-0.004897768794215933,0.005404046751288305,0.015013744977796669
2022-04-18,63.7,63.8,62.5,62.8,62.8,2882,2.158055635592807,2.1097032292183777,2.079496276283743,2.048698483117695,2.048698483117695,-0.024238657551273902,-0.029216262173442583,-0.025248344370860907,-0.02332814930015552,-0.01499466716858015,-0.004386196691856537
2022-04-19,63.2,63.9,62.7,62.7,62.7,2882,2.0973014141279456,2.1217486535817796,2.104030058093884,2.0365699337308873,2.0365699337308873,-0.019086357947434275,-0.02730375426621168,-0.025994200497100228,-0.02442819355842529,-0.018041721480924543,-0.0067588974548526085
2022-04-20,63.2,63.9,62.8,63.9,63.9,2882,2.0973014141279456,2.1217486535817796,2.1162969489989543,2.1821125263725873,2.1821125263725873,0.004401131719584942,-0.006220839813374784,-0.007969364520803287,-0.005988955432838112,-0.000938086303939998,0.009850919243533712
2022-04-21,63.7,63.9,63.1,63.9,63.9,2882,2.158055635592807,2.1217486535817796,2.153097621714167,2.1821125263725873,2.1821125263725873,0.006933501418216163,-0.004827908425479043,-0.008072027320707904,-0.006220839813374784,-0.0025599400599399724,0.0069863949151652335
2022-04-22,63.2,64.2,63.1,64.2,64.2,2882,2.0973014141279456,2.157884926671984,2.153097621714167,2.218498174533013,2.218498174533013,0.01102362204724414,0.0010915328239512424,-0.0032087775592588258,-0.0010891551268086693,0.000748222970445221,0.008958038661009075
2022-04-25,63.5,63.8,62.9,63.8,63.8,2882,2.133753947006862,2.1097032292183777,2.128563839904025,2.1699839769857787,2.1699839769857787,0.0015698587127157663,-0.0035920662189599245,-0.008701056556867655,-0.006926609074636054,-0.005920847616079926,0.0008366450533361415
2022-04-26,63.4,64.0,63.4,64.0,64.0,2882,2.1216031027138897,2.133794077945181,2.189898294429379,2.1942410757593955,2.1942410757593955,0.000625390869293295,0.0009383797309978461,-0.004562422231439287,-0.004201026917690929,-0.0032394717169199855,0.002035384374510765
2022-04-27,63.0,63.2,62.0,62.0,62.0,2882,2.072999725542001,2.0374306830379703,2.018161821758389,1.9516700880232285,1.9516700880232285,-0.024850581944007525,-0.025157232704402538,-0.03215735248204812,-0.0343431196947278,-0.033424794213020574,-0.029683342897386323
2022-04-28,62.0,62.5,61.3,62.1,62.1,2882,1.9514912826122788,1.9531127124941605,1.9322935854228938,1.963798637410037,1.963798637410037,-0.017715912685858974,-0.019576886643511128,-0.02786474639949908,-0.03150343106674989,-0.030959365832345074,-0.02852375241174319
2022-04-29,62.3,62.7,62.3,62.5,62.5,2882,1.987943815491195,1.9772035612209637,2.054962494473601,2.01231283495727,2.01231283495727,-0.006043256997455624,-0.010919449279949324,-0.01904363293920694,-0.02381882077313558,-0.02331541442680331,-0.022521113543947525
2022-05-03,62.5,62.5,61.8,62.3,62.3,2882,2.0122455040771396,1.9531127124941605,1.9936280399482473,1.988055736183653,1.988055736183653,-0.004474272930648788,-0.01330376940133043,-0.019618128409567708,-0.025267933974810326,-0.025222180498185035,-0.02524251590695739
2022-05-04,62.4,63.1,62.4,62.9,62.9,2882,2.0000946597841676,2.025385258674569,2.067229385378672,2.0608270325045037,2.0608270325045037,0.008659397049390621,-0.004116529449018446,-0.008095037846930227,-0.01426108760382391,-0.015464562985224245,-0.01564945226917058
2022-05-05,63.2,63.3,62.2,62.3,62.3,2882,2.0973014141279456,2.049476107401371,2.042695603568531,1.988055736183653,1.988055736183653,-0.0019224607497597653,-0.011111111111111157,-0.014344478430545407,-0.021209740769835058,-0.02424508206991608,-0.02437751213655591
2022-05-06,61.1,61.6,60.8,61.2,61.2,2882,1.8421336839755291,1.8447038932235487,1.8709591308975404,1.854641692928762,1.854641692928762,-0.016709511568123267,-0.024390243902439043,-0.028160067753546476,-0.03576492831258867,-0.03990963855421693,-0.04040140072126694
2022-05-09,60.3,60.4,58.5,58.7,58.7,2882,1.744926929631751,1.700158800862732,1.5888206400809144,1.5514279582585526,1.5514279582585526,-0.04521795705920615,-0.05596654872949486,-0.06259980836793348,-0.07054073311693439,-0.07582341457270592,-0.0766568791946308
2022-05-10,57.6,58.3,57.3,58.0,58.0,2882,1.4168541337215017,1.4472048892313032,1.4416179492200656,1.4665281125508938,1.4665281125508938,-0.043220059386341214,-0.05844155844155846,-0.06902086677367572,-0.07665366552575019,-0.08309093208549377,-0.08464411594507859
2022-05-11,57.6,57.7,56.0,56.2,56.2,2882,1.4168541337215017,1.3749323430508957,1.2821483674541467,1.2482142235883436,1.2482142235883436,-0.05195681511470993,-0.07596185465307471,-0.09159482758620686,-0.09907021481243977,-0.10657509856288938,-0.1096324461343472
2022-05-12,55.3,55.8,54.1,54.1,54.1,2882,1.1373847149831404,1.1460692801462693,1.0490774402578036,0.9935146864653678,0.9935146864653678,-0.061415683553088116,-0.0987839413626521,-0.11620561969069924,-0.124807894523983,-0.13367922111196515,-0.13871789428995973
2022-05-13,54.7,55.1,53.6,54.3,54.3,2882,1.0644796492253077,1.0617513096024604,0.98774298573245,1.017771785238984,1.017771785238984,-0.03483825097760412,-0.0835443037974684,-0.10356592559982401,-0.11412023819234855,-0.1245888953375895,-0.13115366152861493
2022-05-16,54.6,54.6,52.7,53.2,53.2,2882,1.0523288049323354,1.0015241877854537,0.8773409675868138,0.8843577419840927,0.8843577419840927,-0.035532994923857884,-0.08779149519890267,-0.11096256684491979,-0.12435190519298832,-0.13574631230099424,-0.1436389976927617
2022-05-17,53.4,53.5,52.5,52.6,52.6,2882,0.9065186734166685,0.8690245197880385,0.852807185776672,0.8115864456632423,0.8115864456632423,-0.027366863905325386,-0.08282476024411509,-0.1098826714801445,-0.1268984978006474,-0.1386650946485885,-0.14785613997191918
2022-05-18,52.6,54.6,52.5,54.1,54.1,2882,0.8093119190728911,1.0015241877854537,0.852807185776672,0.9935146864653678,0.9935146864653678,0.008199776369735328,-0.04196918717903319,-0.074158585282373,-0.09554459583716453,-0.10779075136882371,-0.11836601662230423
2022-05-19,53.0,53.2,52.6,52.7,52.7,2882,0.8579152962447798,0.8328882466978348,0.8650740766817429,0.8237149950500509,0.8237149950500509,-0.012738853503184575,-0.050621509637903114,-0.0884455719557196,-0.11062357606952988,-0.12353645556146882,-0.13516766041244996
2022-05-20,53.4,53.5,52.8,52.9,52.9,2882,0.9065186734166685,0.8690245197880385,0.8896078584918838,0.8479720938236671,0.8479720938236671,-0.003766478342749583,-0.03255303584491602,-0.07517482517482525,-0.09888425176731123,-0.11324929596352432,-0.12619755533531551
2022-05-23,53.4,53.4,52.0,52.3,52.3,2882,0.9065186734166685,0.856979095424637,0.7914727312513185,0.7752007975028167,0.7752007975028167,-0.01171579743008323,-0.03219837157660996,-0.0746638358103326,-0.09998279125795909,-0.11637494086639193,-0.13002495148322712
2022-05-24,52.6,53.0,52.0,52.0,52.0,2882,0.8093119190728911,0.8087973979710318,0.7914727312513185,0.738815149342392,0.738815149342392,-0.015151515151515098,-0.026946107784431097,-0.06865671641791049,-0.09596662030598058,-0.11498400163387569,-0.128832300217792
2022-05-25,52.0,52.1,50.7,51.4,51.4,2882,0.7364068533150577,0.7003885787004197,0.6320031494853997,0.6660438530215416,0.6660438530215416,-0.016456180635285235,-0.029456193353474363,-0.06658595641646498,-0.0965020214448938,-0.11841383095499457,-0.13234301147873065
2022-05-26,51.7,52.5,51.3,51.5,51.5,2882,0.6999543204361415,0.7485702761540249,0.7056044949158232,0.6781724024083501,0.6781724024083501,-0.009996155324874972,-0.022770398481973486,-0.05237978410206092,-0.086312427925131,-0.10911984500415167,-0.12380196222990988
2022-05-27,52.0,53.0,51.9,52.6,52.6,2882,0.7364068533150577,0.8087973979710318,0.7792058403462476,0.8115864456632423,0.8115864456632423,0.012317167051578148,0.001332571863697076,-0.02181998512273726,-0.058865628913938074,-0.08292070576748728,-0.0989036089538602
2022-05-30,53.2,54.2,53.1,54.0,54.0,2882,0.8822169848307246,0.9533424903318484,0.9264085312070964,0.9813861370785593,0.9813861370785593,0.03250478011472281,0.026420832541341963,0.010101010101009951,-0.026413053276841188,-0.05176652384631594,-0.06960716747070984
2022-05-31,54.2,55.7,53.5,55.7,55.7,2882,1.0037254277604466,1.1340238557828688,0.9754760948273791,1.1875714766543017,1.1875714766543017,0.05015082956259434,0.05253212396069541,0.04489744872436227,0.010247574136211076,-0.016318168974286514,-0.0363877515714203
2022-06-01,54.9,55.2,54.3,54.7,54.7,2882,1.0887813378112516,1.0737967339658618,1.0736112220679443,1.0662859827862181,1.0662859827862181,0.018621973929236497,0.032465081162703024,0.028066658313494527,-0.0004568296025582198,-0.02759013012870665,-0.04930189444412258
2022-06-02,54.3,54.7,53.8,54.5,54.5,2882,1.0158762720534182,1.013569612148855,1.0122767675425908,1.042028884012601,1.042028884012601,0.0036832412523020784,0.025206922498118817,0.023794614902943,0.0030367166651329557,-0.025950814984272326,-0.04759130890662322
2022-06-06,54.3,55.0,54.0,54.8,54.8,2882,1.0158762720534182,1.0497058852390588,1.0368105493527326,1.0784145321730259,1.0784145321730259,0.001096090610157148,0.02717900656044978,0.028785982478097587,0.014533000092566816,-0.015450952209845482,-0.03724525650035145
2022-06-07,54.7,55.2,54.3,54.8,54.8,2882,1.0644796492253077,1.0737967339658618,1.0736112220679443,1.0784145321730259,1.0784145321730259,-0.0018214936247723393,0.022388059701492456,0.026729952535598355,0.018208844295800625,-0.009972539384304084,-0.031916146508067456
2022-06-08,55.2,55.2,54.7,54.8,54.8,2882,1.1252338706901688,1.0737967339658618,1.1226787856882279,1.0784145321730259,1.0784145321730259,0.001461988304093406,0.0170749814402376,0.023916292974588825,0.021244875139768794,-0.004577490372738546,-0.026758228747336035
2022-06-09,54.6,55.0,54.4,54.8,54.8,2882,1.0523288049323354,1.0497058852390588,1.0858781129730153,1.0784145321730259,1.0784145321730259,0.001096090610157148,0.010697159719660478,0.02302426882389534,0.022578839335696977,0.0013155971349218451,-0.02142857142857148
2022-06-10,54.4,54.9,54.1,54.8,54.8,2882,1.0280271163463905,1.0376604608756574,1.0490774402578036,1.0784145321730259,1.0784145321730259,0.0,0.00458295142071494,0.020357497517378226,0.02191142191142186,0.0068347174248547206,-0.017216642754662982
2022-06-13,53.6,54.0,53.1,53.8,53.8,2882,0.9308203620026132,0.9292516416050454,0.9264085312070964,0.9571290383049422,0.9571290383049422,-0.01465201465201473,-0.015913663800987826,0.0006199628022318308,0.00373134328358201,-0.0061331559890637835,-0.030339441273655822
2022-06-14,53.6,53.9,53.2,53.4,53.4,2882,0.9308203620026132,0.9172062172416438,0.9386754221121674,0.9086148407577089,0.9086148407577089,-0.016936671575846735,-0.02215711408167004,-0.008172362555720743,-0.003917179630665937,-0.009643916913946645,-0.03225806451612893
2022-06-15,53.4,54.0,53.3,53.6,53.6,2882,0.9065186734166685,0.9292516416050454,0.9509423130172373,0.932871939531326,0.932871939531326,-0.008875739644970357,-0.014705882352941124,-0.006426099851705339,-0.0011181513231457746,-0.0026793688597797974,-0.023501548551648738
2022-06-16,54.2,54.6,53.6,53.7,53.7,2882,1.0037254277604466,1.0015241877854537,0.98774298573245,0.9450004889181345,0.9450004889181345,-0.002970664686223479,-0.011049723756905973,-0.0073937153419593084,0.0011185682326622349,0.0010439191708298669,-0.01618320610687022
2022-06-17,52.8,53.5,52.7,53.0,53.0,2882,0.8336136076588351,0.8690245197880385,0.8773409675868138,0.8601006432104756,0.8601006432104756,-0.009345794392523364,-0.021237303785780214,-0.022140221402214073,-0.012207622775137605,-0.011194029850746294,-0.023461491217295176
2022-06-20,53.0,54.0,51.4,51.8,51.8,2882,0.8579152962447798,0.9292516416050454,0.717871385820894,0.7145580505687749,0.7145580505687749,-0.02448210922787202,-0.038068709377901654,-0.043339079044570385,-0.03358208955223888,-0.031775700934579494,-0.04002965159377323
2022-06-21,52.7,54.8,52.4,54.2,54.2,2882,0.8214627633658635,1.0256150365122558,0.8405402948716012,1.0056432358521763,1.0056432358521763,0.017649267743146783,0.007622234616099716,0.0007385524372230271,0.009404972530030644,0.01232723197609271,0.007247723471473581
2022-06-22,54.0,54.5,53.0,53.0,53.0,2882,0.9794237391745019,0.9894787634220521,0.9141416403020256,0.8601006432104756,0.8601006432104756,-0.0026345502446368193,-0.011378474165267664,-0.01815487217487966,-0.013861754581821649,-0.010381656583762873,-0.011992791897098202
2022-06-23,53.0,53.4,52.4,53.0,53.0,2882,0.8579152962447798,0.856979095424637,0.8405402948716012,0.8601006432104756,0.8601006432104756,0.0,-0.008047913157402335,-0.016089108910891096,-0.01532745006967028,-0.009567947376289571,-0.010024282423261357
2022-06-24,53.9,53.9,53.2,53.4,53.4,2882,0.9672728948815296,0.9172062172416438,0.9386754221121674,0.9086148407577089,0.9086148407577089,0.006028636021100097,0.002064177143929432,-0.007311934564382158,-0.009643916913946645,-0.0026148673888681468,-0.0021178522486607026
2022-06-27,53.8,54.2,53.5,53.5,53.5,2882,0.9551220505885571,0.9533424903318484,0.9754760948273791,0.9207433901445174,0.9207433901445174,0.001497566454511387,0.004506196019526753,-0.0038480635551142728,-0.008616696006671183,-0.0011948323500857471,0.0002492833104824022
2022-06-28,53.4,53.9,53.3,53.8,53.8,2882,0.9065186734166685,0.9172062172416438,0.9509423130172373,0.9571290383049422,0.9571290383049422,0.008623922009748798,0.009380863039399626,0.0029828486204325822,-0.0028727643406544013,0.0032821124869461798,0.005482182905557
2022-06-29,52.5,53.1,52.4,52.8,52.8,2882,0.7971610747799188,0.8208428223344333,0.8405402948716012,0.8358435444368585,0.8358435444368585,-0.009380863039399626,-0.007891770011274122,-0.013207076999750883,-0.018769745400483276,-0.01595348143730447,-0.013330011212159055
2022-06-30,52.6,52.7,50.9,50.9,50.9,2882,0.8093119190728911,0.772661124880828,0.6565369312955406,0.6054011060874998,0.6054011060874998,-0.037443267776096766,-0.038534189648658845,-0.044071616376612076,-0.05072734054457303,-0.05101051532552758,-0.04693546373736115
2022-07-01,51.0,51.2,49.7,49.7,49.7,2882,0.6148984103853357,0.5919797594298077,0.5093342404346926,0.4598585134457999,0.4598585134457999,-0.04679708477176827,-0.05531267819806114,-0.060609879032257875,-0.06893967778194067,-0.07213800313643474,-0.06765882941470727
2022-07-04,45.5,46.2,45.0,45.5,45.5,2882,-0.05339802572813598,-0.010291458740260124,-0.06720963210363096,-0.049540560800151734,-0.049540560800151734,-0.09972299168975068,-0.12466333205078871,-0.13090538647650576,-0.14013039780780495,-0.14602102102102105,-0.14248021108179412
2022-07-05,46.65,47.4,45.85,46.75,46.75,2882,0.08633668364104427,0.13425363362055565,0.03705894058947023,0.10206630653495283,0.10206630653495283,-0.04844290657439437,-0.08753781594613057,-0.09940281256020028,-0.10973577719590578,-0.117758067559917,-0.11583924349881797
2022-07-06,46.75,46.75,44.8,44.95,44.95,2882,0.09848752793401666,0.05595837525844699,-0.09174341391377272,-0.11624758242759739,-0.11624758242759739,-0.05487804878048779,-0.10866547689867137,-0.12435064935064934,-0.13590926566705114,-0.14478691019786907,-0.14608662613981757
2022-07-07,45.15,45.45,44.2,45.05,45.05,2882,-0.09592598075353888,-0.10063214146577029,-0.16534475934419626,-0.10411903304078972,-0.10411903304078972,-0.02888553567579227,-0.09237433262818591,-0.11243186445130356,-0.12579440159122876,-0.13654310576149045,-0.14073179260577928
2022-07-08,45.4,45.8,44.55,44.8,44.8,2882,-0.06554887002110836,-0.058473156193866234,-0.12241064117644948,-0.13444040650781064,-0.13444040650781064,-0.01343316450121133,-0.08149666837519225,-0.10774746066520621,-0.1221280556508108,-0.13490132468234653,-0.14184465089550813
2022-07-11,45.05,45.25,44.8,45.05,45.05,2882,-0.10807682504651127,-0.12472299019257335,-0.09174341391377272,-0.10411903304078972,-0.10411903304078972,-0.0059576345984115224,-0.060087627790527766,-0.09465434083601289,-0.10959580986263469,-0.12347264378550855,-0.13287565764147316
2022-07-12,44.6,44.7,43.8,43.8,43.8,2882,-0.1627556243648857,-0.19097282419128048,-0.2144123229644798,-0.25572590037589427,-0.25572590037589427,-0.020791415157612493,-0.06669507777541024,-0.10733695652173925,-0.12601017659383415,-0.14043488499882262,-0.1513820718160683
2022-07-13,45.05,45.8,45.05,45.5,45.5,2882,-0.10807682504651127,-0.058473156193866234,-0.061076186651095946,-0.049540560800151734,-0.049540560800151734,0.014719000892060744,-0.015151515151515213,-0.0631434454358271,-0.08469120901227119,-0.1005060888818598,-0.11259914185411508
2022-07-14,45.1,45.5,44.8,45.0,45.0,2882,-0.10200140290002464,-0.09460942928406996,-0.09174341391377272,-0.11018330773419355,-0.11018330773419355,0.0037921035021191546,-0.013374260030695011,-0.06315058986814709,-0.08675799086757988,-0.10344277972585285,-0.11678115799803734
2022-07-15,44.7,44.7,44.1,44.15,44.15,2882,-0.1506047800719133,-0.19097282419128048,-0.17761165024926714,-0.2132759775220648,-0.2132759775220648,-0.01230425055928421,-0.02008656087004759,-0.0688927943760984,-0.09588900834485226,-0.11284812924486584,-0.12755656555676315
2022-07-18,44.5,45.35,44.4,45.2,45.2,2882,-0.17490646865785808,-0.11267756582917182,-0.14081097753405536,-0.08592620896057648,-0.08592620896057648,0.010507489380728952,0.003886729594669723,-0.035493278327050154,-0.06808927374877573,-0.08542754239002862,-0.10112359550561786
2022-07-19,44.85,45.1,44.7,44.95,44.95,2882,-0.13237851363245517,-0.14279112673767522,-0.10401030481884273,-0.11624758242759739,-0.11624758242759739,-0.00022241992882557853,0.0023413981491805995,-0.028598184699610948,-0.06432139883430467,-0.08422296471355228,-0.10022019083205445
2022-07-20,45.6,45.95,44.85,44.9,44.9,2882,-0.041247181435163593,-0.040405019648763515,-0.08560996846123684,-0.1223118571210021,-0.1223118571210021,0.0013380909901873836,0.0013380909901873836,-0.01850772369571548,-0.05741576571848444,-0.07870978332239,-0.09524449220849006
2022-07-21,44.8,45.1,44.2,45.05,45.05,2882,-0.1384539357789418,-0.14279112673767522,-0.16534475934419626,-0.10411903304078972,-0.10411903304078972,0.004459308807134799,0.004683318465655684,-0.006761225839641322,-0.04630854723471818,-0.06902252531514783,-0.08623778776917627
2022-07-22,45.7,45.7,44.7,45.0,45.0,2882,-0.029096337142191207,-0.07051858055726691,-0.10401030481884273,-0.11018330773419355,-0.11018330773419355,-0.0004442470013326527,0.0031208203299153046,-0.0009620365573892523,-0.03882095370320932,-0.06386519658830872,-0.08116385911179176
2022-07-25,44.9,45.6,44.75,45.55,45.55,2882,-0.1263030914859694,-0.08256400492066843,-0.09787685936630772,-0.04347628610674789,-0.04347628610674789,0.010201818585052138,0.014250723669561198,0.011173597750480916,-0.01874192158552358,-0.04746967795901303,-0.064681724845996
2022-07-26,45.5,45.8,45.2,45.6,45.6,2882,-0.05339802572813598,-0.058473156193866234,-0.04267585029348919,-0.037412011413343195,-0.037412011413343195,0.008403361344537872,0.01131071190951442,0.014009339559706367,-0.008911106281243135,-0.03951470216530438,-0.05862923203963673
2022-07-27,45.6,45.6,45.0,45.25,45.25,2882,-0.041247181435163593,-0.08256400492066843,-0.06720963210363096,-0.07986193426717264,-0.07986193426717264,-0.0008831971737690252,0.004105181404637796,0.005779062013780796,-0.008382183750616343,-0.0406224822965695,-0.06045610270962374
2022-07-28,45.55,45.8,45.4,45.8,45.8,2882,-0.04732260358165021,-0.058473156193866234,-0.0181420684833483,-0.013154912639726981,-0.013154912639726981,0.007922535211267593,0.014508804961789815,0.016873889875666032,0.00931078177510864,-0.022995861598190965,-0.0438080656947005
2022-07-29,46.0,46.1,45.5,45.5,45.5,2882,0.007356195736725079,-0.02233688310366165,-0.00587517757827742,-0.049540560800151734,-0.049540560800151734,-0.0008783487044356422,0.004858657243816229,0.009167529203016427,0.00736148779542804,-0.0228082986126025,-0.04508727132813306
2022-08-01,45.5,45.55,45.2,45.45,45.45,2882,-0.05339802572813598,-0.08858671710236962,-0.04267585029348919,-0.05560483549355557,-0.05560483549355557,-0.0015377855887520472,0.0032005297428542158,0.007462686567164164,0.006310195948190052,-0.01708477508650517,-0.04188040193942782
2022-08-02,44.9,45.3,44.55,44.85,44.85,2882,-0.1263030914859694,-0.11870027801087302,-0.12241064117644948,-0.12837613181440594,-0.12837613181440594,-0.011461318051575844,-0.009824483938624578,-0.0073773515308003385,-0.004881295762147745,-0.022492480711390164,-0.04827586206896549
2022-08-03,44.7,44.95,44.5,44.95,44.95,2882,-0.1506047800719133,-0.16085926328277708,-0.12854408662898448,-0.11624758242759739,-0.11624758242759739,-0.007945265945707337,-0.007726269315673164,-0.004356172474896606,-0.0026625249611716114,-0.013562148876404232,-0.040691470441772626
2022-08-04,44.95,45.05,44.65,44.85,44.85,2882,-0.12022766933948278,-0.1488138389193764,-0.1101437502713786,-0.12837613181440594,-0.12837613181440594,-0.005984042553191558,-0.0094964664310954,-0.006351081899416635,-0.004660452729693603,-0.010501698804218309,-0.037243747987549626
2022-08-05,45.4,45.8,45.3,45.75,45.75,2882,-0.06554887002110836,-0.058473156193866234,-0.03040895938841918,-0.01921918733313082,-0.01921918733313082,0.012840380783705961,0.008709072869584302,0.01119870330803804,0.014243751039184132,0.01288522848034008,-0.012518886250809526
2022-08-08,45.4,46.25,45.25,46.15,46.15,2882,-0.06554887002110836,-0.004268746558559788,-0.03654240484095419,0.029295010214102465,0.029295010214102465,0.018538953873317065,0.016184080149730252,0.01861389052383756,0.021865485745917457,0.021153250431473276,0.0014104372355429689
2022-08-09,46.2,46.45,45.9,46.1,46.1,2882,0.031657884322669846,0.019822102168243268,0.04319238604200523,0.02323073552069863,0.02323073552069863,0.011852502194907794,0.013966787638843021,0.015791406536907863,0.01816575561813274,0.020634077222812658,0.005927919409389994
2022-08-10,45.9,46.4,45.75,46.4,46.4,2882,-0.004794648556247305,0.013799389986542074,0.024792049684399346,0.059616383681123375,0.059616383681123375,0.01199563794983636,0.017990346643264595,0.020153902528398628,0.02377406365491739,0.025958519435722964,0.01720925134276014
2022-08-11,46.5,47.3,46.5,47.2,47.2,2882,0.06811041720158613,0.12220820925715412,0.11679373147242965,0.1566447787755908,0.1566447787755908,0.018998272884283303,0.032370953630796076,0.03448275862068959,0.03890386837616256,0.04166666666666678,0.03755266532331934
2022-08-12,47.2,47.4,47.0,47.25,47.25,2882,0.15316632725239196,0.13425363362055565,0.17812818599778318,0.16270905346899464,0.16270905346899464,0.01351351351351357,0.02952391328031369,0.03218524721473813,0.03646833013435704,0.0405197093151289,0.0405197093151289
2022-08-15,47.5,47.55,47.15,47.3,47.3,2882,0.18961886013130824,0.1523217701656575,0.19652852235538906,0.16877332816239848,0.16877332816239848,0.009605122732123708,0.02647569444444442,0.030650784427658333,0.03518082836351687,0.039560439560439496,0.04024631625247412
2022-08-16,47.35,47.4,47.1,47.1,47.1,2882,0.1713925936918501,0.13425363362055565,0.19039507690285407,0.14451622938878228,0.14451622938878228,0.0010626992561106113,0.017168772270813124,0.02406145818234532,0.028384279475982627,0.03217040673211789,0.035582102678734996
2022-08-17,47.15,47.45,47.05,47.45,47.45,2882,0.14709090510590533,0.14027634580225684,0.18426163145031818,0.18696615224261173,0.18696615224261173,0.004020313161235669,0.019224573085597746,0.02839185088859996,0.03315007348538475,0.03806606869393994,0.04136947218259624
2022-08-18,47.3,47.35,47.05,47.25,47.25,2882,0.16531717154536346,0.1282309214388553,0.18426163145031818,0.16270905346899464,0.16270905346899464,-0.0004231013327691141,0.009723261032161519,0.021916228101795002,0.02633722508824325,0.031659388646288276,0.03531388087499539
2022-08-19,47.1,47.5,47.1,47.5,47.5,2882,0.14101548295941957,0.14629905798395718,0.19039507690285407,0.19303042693601555,0.19303042693601555,0.0038038884192730287,0.011283798169044096,0.024369204226870722,0.028973734091524473,0.034092393434057455,0.038743302839231566
2022-08-22,47.1,47.2,46.85,46.85,46.85,2882,0.14101548295941957,0.11016278489375343,0.15972784964017728,0.11419485592176136,0.11419485592176136,-0.008045733643870475,-0.004039115646258606,0.008321974316665549,0.013466010491590397,0.01847826086956525,0.023186401193899482
2022-08-23,46.55,46.6,46.3,46.35,46.35,2882,0.0741858393480719,0.037890238713345126,0.09225994966228789,0.05355210898771954,0.05355210898771954,-0.015505522514868244,-0.015191756082014158,-0.004581573484143262,0.0018372419755755074,0.006383533090151208,0.010390931550646862
2022-08-24,46.45,46.7,46.2,46.35,46.35,2882,0.06203499505510037,0.049935663076746656,0.07999305875721788,0.05355210898771954,0.05355210898771954,-0.010883482714468588,-0.015087122821929469,-0.006572837036507784,0.0006476683937822544,0.005117751658932148,0.009767256090919088
2022-08-25,46.35,46.85,46.35,46.55,46.55,2882,0.04988415076212799,0.06800379962184852,0.09839339511482376,0.07780920776133575,0.07780920776133575,-0.0036386986301371743,-0.00946909245664433,-0.0047038700021380985,0.0041525103812758545,0.008143110841598963,0.012984186856230744
2022-08-26,46.85,47.0,46.65,46.75,46.75,2882,0.11063837222698904,0.08607193616695039,0.13519406783003554,0.10206630653495283,0.10206630653495283,0.003865149237706519,-0.004153796996485406,-0.0018504021066116148,0.007109004739336456,0.010941960038058996,0.015421372719374476
2022-08-29,45.4,45.75,45.2,45.6,45.6,2882,-0.06554887002110836,-0.06449586837556658,-0.04267585029348919,-0.037412011413343195,-0.037412011413343195,-0.015544041450777177,-0.025120256547300848,-0.02564102564102555,-0.01782348823434388,-0.013968775677896332,-0.00984365952518803
2022-08-30,45.1,45.25,44.35,44.45,44.45,2882,-0.10200140290002464,-0.12472299019257335,-0.14694442298659036,-0.1768903293616392,-0.1768903293616392,-0.0324336090552894,-0.04429155020425719,-0.04797601199400304,-0.04218068200183152,-0.03787878787878788,-0.03446528129751631
2022-08-31,44.25,44.8,44.1,44.55,44.55,2882,-0.2052835793902886,-0.1789273998278798,-0.17761165024926714,-0.16476177997483155,-0.16476177997483155,-0.022597630539710426,-0.036131544785807046,-0.04330708661417336,-0.03961196443007288,-0.0351295157238153,-0.03204780010863664
2022-09-01,44.1,44.65,44.0,44.55,44.55,2882,-0.22350984582974676,-0.19699553637298167,-0.18987854115433803,-0.16476177997483155,-0.16476177997483155,-0.013944223107569778,-0.030467899891186194,-0.03966372062944607,-0.03930131004366823,-0.03408351762716295,-0.031697156312262324
2022-09-02,44.35,44.4,44.05,44.05,44.05,2882,-0.1931327350973162,-0.22710909728148504,-0.183745095701803,-0.22540452690887336,-0.22540452690887336,-0.013216845878136277,-0.034097138471658954,-0.046055006135855024,-0.04833918444504465,-0.04372177839527635,-0.041905314289857234
2022-09-05,44.05,44.35,43.9,44.05,44.05,2882,-0.22958526797623338,-0.23313180946318537,-0.2021454320594089,-0.22540452690887336,-0.22540452690887336,-0.006316264380780536,-0.02813017098731397,-0.04155787641427336,-0.04617549937746983,-0.04255781603199455,-0.04086224415735227
2022-09-06,44.2,44.6,44.1,44.25,44.25,2882,-0.21135900153677437,-0.203018248554682,-0.17761165024926714,-0.2011474281352563,-0.2011474281352563,-0.0009031384059606943,-0.019173223983154204,-0.033209525890321084,-0.03992189195053164,-0.03770876826722327,-0.035562497729666916
2022-09-07,44.0,44.0,43.1,43.15,43.15,2882,-0.23566069012271915,-0.2752907947350903,-0.3002805592999742,-0.33456147139014847,-0.33456147139014847,-0.01954101340604407,-0.036722848532202326,-0.05130084279956033,-0.06047574982309067,-0.060158564209792806,-0.05810019281842316
2022-09-08,43.35,43.45,43.05,43.15,43.15,2882,-0.31464117802703834,-0.3415406287337974,-0.30641400475251007,-0.33456147139014847,-0.33456147139014847,-0.013263206037045628,-0.02935552806208525,-0.04556514045565145,-0.056314926189174476,-0.0587645057150335,-0.056280527812203926
2022-09-12,43.85,44.1,43.6,44.05,44.05,2882,-0.2538869565621773,-0.26324537037168877,-0.23894610477462067,-0.22540452690887336,-0.22540452690887336,0.007317630916990631,-0.0030553355211044024,-0.020675855935971536,-0.033249204433227424,-0.037705347780496314,-0.03557744937055282
2022-09-13,44.1,44.2,43.65,43.65,43.65,2882,-0.22350984582974676,-0.25119994600828727,-0.23281265932208567,-0.27391872445610665,-0.27391872445610665,0.0,-0.007729029324846473,-0.02494415487714074,-0.038175508180466076,-0.044355898064629196,-0.043077934889838944
2022-09-14,42.65,43.0,42.55,42.85,42.85,2882,-0.39969708807784415,-0.39574503836910385,-0.3677484592778636,-0.3709471195505732,-0.3709471195505732,-0.011989854738298273,-0.022359114761578758,-0.03779940119760472,-0.051361523134824005,-0.059192903877398485,-0.05924109919865324
2022-09-15,42.9,43.45,42.65,43.1,43.1,2882,-0.3693199773454136,-0.3415406287337974,-0.3554815683727927,-0.3406257460835523,-0.3406257460835523,-0.005996309963099585,-0.013391324253176165,-0.0274539300488906,-0.041210166286635874,-0.050953450477826366,-0.05246958815770197
2022-09-16,42.7,43.05,42.6,42.8,42.8,2882,-0.3936216659313575,-0.38972232618740354,-0.36161501382532774,-0.3770113942439779,-0.3770113942439779,-0.011319011319011365,-0.016318087795909167,-0.02874432677760982,-0.043147775542141886,-0.053892745037358025,-0.05764926057759347
2022-09-19,42.95,43.0,42.65,42.75,42.75,2882,-0.363244555198927,-0.39574503836910385,-0.3554815683727927,-0.38307566893738176,-0.38307566893738176,-0.006507088078085083,-0.014522821576763382,-0.023972602739725964,-0.03916390402876889,-0.051222868303076034,-0.05667316391453058
2022-09-20,43.05,43.25,42.95,43.05,43.05,2882,-0.3510937109059555,-0.3656314774606005,-0.31868089565758007,-0.346690020776957,-0.346690020776957,0.0032626427406197496,-0.0053142329020332,-0.01329360531744225,-0.028271542238022637,-0.040946355373373905,-0.04788233993143882
2022-09-21,43.05,43.05,42.5,42.55,42.55,2882,-0.3510937109059555,-0.38972232618740354,-0.3738819047303986,-0.4073327677109988,-0.4073327677109988,-0.007001166861143623,-0.012990025516121603,-0.021914029576277676,-0.03542079909322755,-0.048226188878450295,-0.05647128390864071
2022-09-22,42.05,42.05,41.3,41.65,41.65,2882,-0.4726021538356776,-0.5101765698214171,-0.5210845955912474,-0.5164897121922739,-0.5164897121922739,-0.021381578947368342,-0.03049348230912466,-0.03832833063957508,-0.05076633810039328,-0.06349777398030305,-0.07317435003523363
2022-09-23,41.55,42.2,41.55,42.1,42.1,2882,-0.5333563753005386,-0.49210843327631437,-0.4904173683285707,-0.46191123995163597,-0.46191123995163597,-0.00754361150400755,-0.017617547544043925,-0.024258343634116036,-0.03562020387126315,-0.04897442848106968,-0.059603142101932086
2022-09-26,41.8,42.1,41.15,41.5,41.5,2882,-0.5029792645681082,-0.5041538576397159,-0.5394849319488533,-0.5346825362724863,-0.5346825362724863,-0.01588807208916295,-0.025821596244131488,-0.03435973008609323,-0.04361352768335538,-0.057418006722994276,-0.06901966649218577
2022-09-27,41.6,41.8,40.95,40.95,40.95,2882,-0.527280953154052,-0.5402901307299205,-0.5640187137589943,-0.601389557899932,-0.601389557899932,-0.019161676646706517,-0.03260099220411045,-0.04255319148936171,-0.05120481927710829,-0.06489769820971864,-0.07697509297869941
2022-09-28,41.1,41.15,39.8,39.8,39.8,2882,-0.5880351746189131,-0.6185853890920291,-0.705087959167308,-0.7408678758482289,-0.7408678758482289,-0.03398058252427198,-0.05294467578822133,-0.06294145346099526,-0.07285539572535084,-0.08568803124282114,-0.09794885354889886
2022-09-29,40.2,40.3,39.75,40.15,40.15,2882,-0.6973927732556627,-0.7209714961809408,-0.7112214046198431,-0.6984179529943993,-0.6984179529943993,-0.018337408312958436,-0.03786244907740231,-0.05022867055669456,-0.059884095299420424,-0.07236264497943713,-0.08496980286397991
2022-09-30,39.5,39.95,39.2,39.95,39.95,2882,-0.7824486833064687,-0.7631304814528449,-0.7786893045977316,-0.7226750517680156,-0.7226750517680156,-0.012849023968371535,-0.036071902521414026,-0.05016642891107923,-0.05950208934141596,-0.07131898275140634,-0.08445055574653364
2022-10-03,39.4,39.45,39.0,39.0,39.0,2882,-0.794599527599441,-0.8233576032698516,-0.8032230864078733,-0.8378962709426954,-0.8378962709426954,-0.02426820115086312,-0.05040175310445598,-0.06527123112566915,-0.07637655417406752,-0.08682214105085695,-0.10038060820422129
2022-10-04,39.45,39.65,38.9,39.55,39.55,2882,-0.7885241054529544,-0.7992667545430495,-0.8154899773129443,-0.7711892493152498,-0.7711892493152498,-0.0035273368606702086,-0.028732809430255444,-0.045838359469240184,-0.058333333333333404,-0.06866669806433376,-0.08254397834912051
2022-10-05,40.25,41.35,40.2,40.75,40.75,2882,-0.691317351109177,-0.5944945403652261,-0.6560203955470245,-0.625646656673549,-0.625646656673549,0.021815446339016987,0.005180069067587589,-0.013556039699830434,-0.02570233114166175,-0.03705279077461139,-0.05059604706247816
2022-10-06,41.2,41.2,40.55,40.8,40.8,2882,-0.5758843303259407,-0.612562676910328,-0.6130862773792778,-0.6195823819801453,-0.6195823819801453,0.019745063734066464,0.00852799406748236,-0.008666072730217926,-0.02175867649703288,-0.03244166192373369,-0.045316277981436726
2022-10-07,40.75,40.9,40.35,40.5,40.5,2882,-0.6305631296443159,-0.6486989500005326,-0.6376200591894187,-0.6559680301405699,-0.6559680301405699,0.009471585244267262,0.005087479836207924,-0.012275424762214552,-0.02585688514732418,-0.035852021139837174,-0.047842952862348576
2022-10-11,39.7,39.95,39.35,39.6,39.6,2882,-0.7581469947205238,-0.7631304814528449,-0.7602889682401257,-0.765124974621845,-0.765124974621845,-0.015904572564612165,-0.012591946141378943,-0.029253145938878775,-0.0423795417447554,-0.053265754996652995,-0.06375600914177615
2022-10-12,39.6,39.9,39.1,39.55,39.55,2882,-0.7702978390134962,-0.769153193634546,-0.7909561955028025,-0.7711892493152498,-0.7711892493152498,-0.01714711729622261,-0.010384086075315881,-0.024901380670611394,-0.03882374384835037,-0.0503745678063774,-0.06045848675614701
2022-10-13,39.15,39.35,37.4,37.45,37.45,2882,-0.8249766383318715,-0.8354030276332532,-0.9994933408890048,-1.0258887864382247,-1.0258887864382247,-0.053815058110156536,-0.0573873647118047,-0.06887120835405261,-0.08384808268607413,-0.0948859242072698,-0.10538678982362532
2022-10-14,38.15,38.5,37.65,37.65,37.65,2882,-0.9464850812615936,-0.9377891347221649,-0.9688261136263281,-1.0016316876646085,-1.0016316876646085,-0.03337612323491667,-0.04635258358662627,-0.057650592357750906,-0.07277428888067984,-0.08518806492370509,-0.09564033788382247
2022-10-17,37.5,38.0,36.85,37.65,37.65,2882,-1.025465569165913,-0.9980162565391717,-1.0669612408668934,-1.0016316876646085,-1.0016316876646085,-0.019020323084940175,-0.04076433121019112,-0.05060099184668407,-0.06685668257017159,-0.08027164354113742,-0.09061631979388911
2022-10-18,37.95,38.3,37.5,38.15,38.15,2882,-0.9707867698475375,-0.961879983448968,-0.9872264499839339,-0.9409889407305667,-0.9409889407305667,0.0015752165922813116,-0.02591599642537982,-0.03254437869822481,-0.049043434909951875,-0.06265356265356259,-0.07414148768353354
2022-10-19,38.15,38.5,37.95,38.3,38.3,2882,-0.9464850812615936,-0.9377891347221649,-0.9320254409111154,-0.9227961166503543,-0.9227961166503543,0.012156448202959854,-0.018954918032787114,-0.02436953383714011,-0.03961885656970926,-0.05399397322531246,-0.06615734720416121
2022-10-20,37.4,38.1,37.1,37.85,37.85,2882,-1.0376164134588852,-0.9859708321757702,-1.0362940136042167,-0.9773745888909915,-0.9773745888909915,-0.001845991561181442,-0.023225806451612867,-0.03262906798432434,-0.04527683188296115,-0.06046765625775703,-0.07230392156862735
2022-10-21,37.3,37.3,36.25,36.55,36.55,2882,-1.0497672577518575,-1.0823342270829814,-1.1405625862973177,-1.1350457309195008,-1.1350457309195008,-0.030503978779841,-0.04631441617743002,-0.06008914795131149,-0.07209951764407219,-0.08679792124725175,-0.09931000492853626
2022-10-24,37.0,37.4,36.85,37.0,37.0,2882,-1.0862197906307738,-1.07028880271958,-1.0669612408668934,-1.0804672586788626,-1.0804672586788626,-0.015171679531541131,-0.025674786043449676,-0.043680537606616464,-0.05455474639069899,-0.07016485725774028,-0.08359133126934984
2022-10-25,37.3,37.65,37.0,37.5,37.5,2882,-1.0497672577518575,-1.0401752418110766,-1.0485609045092874,-1.0198245117448208,-1.0198245117448208,0.0016025641025641634,-0.007017079306235948,-0.028245659497278995,-0.036856298959804856,-0.05259966651508263,-0.06615754959741013
2022-10-26,37.9,38.75,37.65,38.5,38.5,2882,-0.9768621919940241,-0.9076755738136615,-0.9688261136263281,-0.8985390178767373,-0.8985390178767373,0.02721451440768399,0.022304832713754545,-0.0005192107995845281,-0.008051529790660225,-0.022842639593908594,-0.03713892709766161
2022-10-27,38.7,39.1,38.5,38.5,38.5,2882,-0.8796554376502459,-0.8655165885417566,-0.8645575409332269,-0.8985390178767373,-0.8985390178767373,0.023663919170433412,0.01946246524559776,0.0033880635913474738,-0.006387508871540158,-0.018808298078393383,-0.03363453815261053
2022-10-28,38.55,38.6,38.0,38.25,38.25,2882,-0.8978817040897049,-0.9257437103587633,-0.9258919954585804,-0.9288603913437582,-0.9288603913437582,0.007905138339920873,0.011235955056179699,0.001308900523560135,-0.010413297975551293,-0.021789166794537282,-0.03599781576847132
2022-10-31,38.45,38.5,37.8,37.8,37.8,2882,-0.9100325483826764,-0.9377891347221649,-0.9504257772687221,-0.9834388635843961,-0.9834388635843961,-0.008134347940173243,-0.0010570824524314547,-0.005786428195686451,-0.01932805811389297,-0.029026457744669987,-0.043320538237651314
2022-11-01,37.8,38.15,37.6,38.1,38.1,2882,-0.9890130362869965,-0.9799481199940698,-0.974959559078863,-0.9470532154239705,-0.9470532154239705,-0.0034004708344232944,0.007004096735826819,0.004746835443037967,-0.010389610389610353,-0.017889364334691,-0.03193021089184385
2022-11-02,37.8,38.5,37.7,38.5,38.5,2882,-0.9890130362869965,-0.9377891347221649,-0.9626926681737922,-0.8985390178767373,-0.8985390178767373,0.007062516348417368,0.017038700303790864,0.01717305151915452,0.001365498406918577,-0.005065123010130193,-0.01798240020405574
2022-11-03,38.0,38.85,37.95,38.85,38.85,2882,-0.9647113477010517,-0.89563014945026,-0.9320254409111154,-0.8560890950229078,-0.8560890950229078,0.014360313315927005,0.023580555921486054,0.02389528243872421,0.01297177498207424,0.004966630451653146,-0.005927758113352445
2022-11-04,38.55,38.95,38.4,38.95,38.95,2882,-0.8978817040897049,-0.8835847250868585,-0.8768244318382977,-0.8439605456360992,-0.8439605456360992,0.013267429760666107,0.019766985207487958,0.02419142782014223,0.01803450078410867,0.008806008806008894,-0.0010686044026500781
2022-11-07,39.25,39.55,39.05,39.55,39.55,2882,-0.8128257940388991,-0.811312178906451,-0.7970896409553383,-0.7711892493152498,-0.7711892493152498,0.019592678525393092,0.028608582574772282,0.036516117760111946,0.03500163559044812,0.024770689744519767,0.016535298149417347
2022-11-08,39.75,39.9,39.4,39.7,39.7,2882,-0.7520715725740381,-0.769153193634546,-0.7541555227875907,-0.7529964252350365,-0.7529964252350365,0.015085655842495613,0.0266356348590639,0.0376372190277053,0.03879112971806114,0.027911553000880406,0.021966706710142395
2022-11-09,39.8,40.15,39.55,40.15,40.15,2882,-0.7459961504275523,-0.7390396327260427,-0.7357551864299848,-0.6984179529943993,-0.6984179529943993,0.018002028397565945,0.03386120767349035,0.04602692140686059,0.0497418131904045,0.038917352377995075,0.03426069036579078
2022-11-10,39.95,40.0,39.55,39.65,39.65,2882,-0.7277698839880933,-0.7571077692711445,-0.7357551864299848,-0.7590606999284413,-0.7590606999284413,0.0012626262626261907,0.01797175866495496,0.029780971344472384,0.033696148080557826,0.02714885239106787,0.021512301945124143
2022-11-11,40.8,42.0,40.7,41.9,41.9,2882,-0.6244877074978302,-0.5161992820031174,-0.5946859410216709,-0.486168338725253,-0.486168338725253,0.04254789748693689,0.06575098562889485,0.07822954194544497,0.08633653098262895,0.08420017595611441,0.07785971531469722
2022-11-14,42.0,42.1,41.6,41.75,41.75,2882,-0.4786775759821633,-0.5041538576397159,-0.4842839228760348,-0.5043611628054654,-0.5043611628054654,0.027565838050701386,0.05137245026441719,0.06568535693014542,0.07672469374597038,0.07892288608641726,0.072345890410959
2022-11-15,41.75,42.45,41.55,42.4,42.4,2882,-0.5090546867145939,-0.461994872367811,-0.4904173683285707,-0.4255255917912112,-0.4255255917912112,0.029876123390818656,0.05630293971101141,0.07332714538857465,0.0875280538634178,0.09255823541537823,0.0858801434181323
2022-11-16,42.3,42.4,41.6,41.7,41.7,2882,-0.44222504310324706,-0.4680175845495122,-0.4842839228760348,-0.5104254374988693,-0.5104254374988693,0.005303760848601708,0.030647553138902668,0.049937054133445256,0.06493009002106886,0.07214480382578302,0.06599633590388149
2022-11-17,41.7,41.7,41.1,41.55,41.55,2882,-0.5151301088610797,-0.5523355550933211,-0.5456183774013883,-0.5286182615790824,-0.5286182615790824,-0.007405637840420504,0.020132580407561825,0.040831663326653375,0.05610980491834539,0.06380255005376613,0.06143824243198369
2022-11-18,41.5,42.25,41.4,41.9,41.9,2882,-0.5394317974470244,-0.486085721094614,-0.5088177046861766,-0.486168338725253,-0.486168338725253,0.000955566172957457,0.02132845825716027,0.043240102913104955,0.05781368341327946,0.06811461201182821,0.06937768514186057
2022-11-21,41.9,42.2,41.55,42.1,42.1,2882,-0.49082842027513574,-0.49210843327631437,-0.4904173683285707,-0.46191123995163597,-0.46191123995163597,0.0040543763415217945,0.019864341085271325,0.040791100123609356,0.05606421673146888,0.06836522357001479,0.0730215368930802
2022-11-22,41.85,42.2,41.3,42.2,42.2,2882,-0.4969038424216215,-0.49210843327631437,-0.5210845955912474,-0.4497826905648274,-0.4497826905648274,0.007400334208641735,0.016132915964363153,0.03626094785954016,0.0523690773067332,0.06651839870602501,0.07319967787055474
2022-11-23,42.35,42.8,42.1,42.75,42.75,2882,-0.4361496209567604,-0.4198358870959069,-0.42294946835068126,-0.38307566893738176,-0.38307566893738176,0.015439429928741059,0.02297200287150038,0.042513412453259784,0.06046511627906977,0.07557993257183107,0.08424567781206424
2022-11-24,42.9,42.95,42.55,42.55,42.55,2882,-0.3693199773454136,-0.4017677505508042,-0.3677484592778636,-0.4073327677109988,-0.4073327677109988,0.0059101654846335705,0.011169201520912522,0.031431803490626846,0.05022831050228302,0.06550808834577052,0.07454017424975784
2022-11-25,42.55,43.0,42.45,42.55,42.55,2882,-0.4118479323708165,-0.39574503836910385,-0.38001535018293364,-0.4073327677109988,-0.4073327677109988,0.002828187603110946,0.009609680863684755,0.02546593830334186,0.04468450773385694,0.059142729128291875,0.0701261684201702
2022-11-28,42.2,42.45,41.7,42.0,42.0,2882,-0.4543758873962186,-0.461994872367811,-0.4720170319709639,-0.4740397893384445,-0.4740397893384445,-0.009667531242631542,-0.004031301873369734,0.008241978074738119,0.02589154860771849,0.04027344330509728,0.05245573003675262
2022-11-29,41.75,43.45,41.35,43.45,43.45,2882,-0.5090546867145939,-0.3415406287337974,-0.5149511501387115,-0.29817582322972286,-0.29817582322972286,0.018518518518518497,0.027794204612655336,0.03682787146038824,0.05441970515076156,0.06988082340195037,0.083991683991684
2022-11-30,43.4,43.95,43.1,43.55,43.55,2882,-0.3085657558805526,-0.28131350691679063,-0.3002805592999742,-0.2860472738429152,-0.2860472738429152,0.017048108360579097,0.02567121997173802,0.03362341772151893,0.050410033767486644,0.06703582104179931,0.08176361001862963
2022-12-01,44.05,44.5,43.75,44.15,44.15,2882,-0.22958526797623338,-0.2150636729180835,-0.2205457684170148,-0.2132759775220648,-0.2132759775220648,0.02341214649976815,0.03347378277153557,0.04045561665357446,0.0581186339125224,0.07577972709551656,0.0909764836703595
2022-12-02,43.9,44.3,43.75,44.0,44.0,2882,-0.2478115344156915,-0.23915452164488657,-0.2205457684170148,-0.2314688016022772,-0.2314688016022772,0.013124568270780573,0.024924295364546944,0.03351080488568751,0.04818057292597227,0.06614974557790154,0.08063855914858775
2022-12-05,43.25,43.25,42.75,42.85,42.85,2882,-0.3267920223200107,-0.3656314774606005,-0.34321467746772183,-0.3709471195505732,-0.3709471195505732,-0.017201834862385322,-0.0036042320660386942,0.004767859934344387,0.016788277866761656,0.033227237654320986,0.04737849839084222
2022-12-06,42.6,42.65,41.4,41.4,41.4,2882,-0.4057725102243299,-0.4379040236410088,-0.5088177046861766,-0.5468110856592948,-0.5468110856592948,-0.04144477888400107,-0.035527082119976676,-0.027712541099107556,-0.01959623468119118,-0.004903374675511985,0.0087309644670051
2022-12-07,41.4,42.1,41.25,41.4,41.4,2882,-0.5515826417399968,-0.5041538576397159,-0.5272180410437824,-0.5468110856592948,-0.5468110856592948,-0.03180542563143139,-0.03248422528628186,-0.02725563909774461,-0.021045164341451893,-0.0076701821668264695,0.006360653081067856
2022-12-08,41.2,41.45,40.7,40.75,40.75,2882,-0.5758843303259407,-0.5824491160018246,-0.5946859410216709,-0.625646656673549,-0.625646656673549,-0.031606463878326954,-0.043651724947195485,-0.04132685069008785,-0.03766678474436176,-0.025026318307972206,-0.011242316402458869
2022-12-09,41.1,41.4,40.8,41.1,41.1,2882,-0.5880351746189131,-0.5884718281835257,-0.582419050116601,-0.5831967338197196,-0.5831967338197196,-0.009638554216867436,-0.032144118685976567,-0.03187814070351755,-0.02848363077650392,-0.01867150565875547,-0.005043373007867547
2022-12-12,40.9,41.15,40.15,41.0,41.0,2882,-0.6123368632048578,-0.6185853890920291,-0.6621538409995604,-0.5953252832065281,-0.5953252832065281,-0.003160709944079809,-0.03221999291868276,-0.03256252949504473,-0.029987579109244652,-0.022412970910824934,-0.010020523964747051
2022-12-13,41.0,41.35,40.8,40.95,40.95,2882,-0.6001860189118855,-0.5944945403652261,-0.582419050116601,-0.601389557899932,-0.601389557899932,-0.002192982456140261,-0.02766235308084987,-0.031838600362518656,-0.02950586562388919,-0.024767801857585117,-0.013490725126475433
2022-12-14,40.95,41.2,40.8,40.9,40.9,2882,-0.6062614410583712,-0.612562676910328,-0.582419050116601,-0.6074538325933366,-0.6074538325933366,-0.0009770395701027418,-0.02270011947431309,-0.03019285488460323,-0.029771082908314612,-0.02665397429795346,-0.0165905265688867
2022-12-15,40.8,40.8,40.35,40.6,40.6,2882,-0.6244877074978302,-0.6607443743639341,-0.6376200591894187,-0.6438394807537614,-0.6438394807537614,-0.007577609386457961,-0.02156886371852021,-0.0343296598747323,-0.03580122306002494,-0.034666413048647066,-0.025171075273120142
2022-12-16,40.1,40.5,40.05,40.2,40.2,2882,-0.7095436175486352,-0.6968806474541378,-0.6744207319046313,-0.6923536783009947,-0.6923536783009947,-0.013012521482936436,-0.02225465158701185,-0.04026738819035494,-0.04336962341602692,-0.042629197427959016,-0.03573998560805953
2022-12-19,40.1,40.6,40.05,40.15,40.15,2882,-0.7095436175486352,-0.6848352230907362,-0.6744207319046313,-0.6984179529943993,-0.6984179529943993,-0.010108481262327506,-0.017015546578528593,-0.03863037752414407,-0.04233750745378649,-0.042360349186662295,-0.0374011028530329
2022-12-20,40.1,40.25,39.9,40.15,40.15,2882,-0.7095436175486352,-0.7269942083626412,-0.6928210682622371,-0.6984179529943993,-0.6984179529943993,-0.006188118811881188,-0.013998035363457768,-0.0335392762577228,-0.03999043577021953,-0.040300219906300956,-0.037747153984421876
2022-12-21,39.95,40.15,39.85,40.0,40.0,2882,-0.7277698839880933,-0.7390396327260427,-0.6989545137147721,-0.7166107770746117,-0.7166107770746117,-0.005469915464942786,-0.01429275505174959,-0.031633311814073556,-0.04042221422574073,-0.04232905573644897,-0.04122722914669237
2022-12-22,40.05,40.4,39.95,40.4,40.4,2882,-0.7156190396951218,-0.7089260718175393,-0.6866876228097013,-0.6680965795273784,-0.6680965795273784,0.005475360876057712,-0.003576273276606317,-0.015994154420719324,-0.02832060609704773,-0.03168592109678354,-0.032219427476344445
2022-12-23,40.35,41.5,40.3,41.15,41.15,2882,-0.6791665068162046,-0.5764264038201242,-0.6437535046419545,-0.5771324591263157,-0.5771324591263157,0.019321278176864038,0.01479654747225651,0.0069331158238172454,-0.008612901282900721,-0.013000095941667504,-0.013662511984659642
2022-12-26,41.15,41.2,40.9,41.0,41.0,2882,-0.5819597524724273,-0.612562676910328,-0.5701521592115301,-0.5953252832065281,-0.5953252832065281,0.011346817957572789,0.011097410604192426,0.00629959911641989,-0.011035397696436014,-0.015558970418747676,-0.016668665307590844
2022-12-27,41.0,41.3,41.0,41.15,41.15,2882,-0.6001860189118855,-0.6005172525469272,-0.5578852683064592,-0.5771324591263157,-0.5771324591263157,0.01006381934216995,0.014296278037959041,0.010394499918153334,-0.004656225433875613,-0.010959957698408957,-0.01208386683738806
2022-12-28,40.85,41.1,40.6,40.65,40.65,2882,-0.6184122853513436,-0.6246081012737295,-0.6069528319267419,-0.6377752060603575,-0.6377752060603575,-0.005382921458282331,0.0025897151313354757,-0.0006555764975824896,-0.013289641361733101,-0.021000915177496266,-0.02326698970806136
2022-12-29,40.5,40.6,40.05,40.1,40.1,2882,-0.6609402403767465,-0.6848352230907362,-0.6744207319046313,-0.7044822276878032,-0.7044822276878032,-0.01739769664297968,-0.00975429065316696,-0.013125512715340397,-0.021831930723258838,-0.03196214754731569,-0.03536203993264387
2022-12-30,39.75,40.25,39.6,40.0,40.0,2882,-0.7520715725740381,-0.7269942083626412,-0.7296217409774489,-0.7166107770746117,-0.7166107770746117,-0.01429275505174959,-0.011735639283508374,-0.01380670611439865,-0.01948768231400911,-0.03199264314408779,-0.03629938965628014
2023-01-03,40.0,40.1,39.75,39.95,39.95,2882,-0.7216944618416076,-0.745062344907743,-0.7112214046198431,-0.7226750517680156,-0.7226750517680156,-0.01040376517215741,-0.012483005808923383,-0.013336626327488247,-0.017220172201721912,-0.0312803103782735,-0.03583926632074315
2023-01-04,39.95,40.1,39.95,39.95,39.95,2882,-0.7277698839880933,-0.745062344907743,-0.6866876228097013,-0.7226750517680156,-0.7226750517680156,-0.004485422377273676,-0.01199455916903671,-0.011709408757318279,-0.015464235105661948,-0.02798053527980532,-0.03409090909090901
2023-01-05,40.1,40.35,40.0,40.25,40.25,2882,-0.7095436175486352,-0.7149487839992397,-0.6805541773571663,-0.6862894036075908,-0.6862894036075908,0.004993757802746638,-0.005190311418685142,-0.003219415552253654,-0.006663376110562587,-0.017525873852763215,-0.02487280949689083
2023-01-06,40.2,40.8,40.15,40.75,40.75,2882,-0.6973927732556627,-0.6607443743639341,-0.6621538409995604,-0.625646656673549,-0.625646656673549,0.01418616226978615,0.006297073712803937,0.008913097301312192,0.005676209279368312,-0.0020082288401254097,-0.011322280630812823
2023-01-09,41.15,42.0,41.15,42.0,42.0,2882,-0.5819597524724273,-0.5161992820031174,-0.5394849319488533,-0.4740397893384445,-0.4740397893384445,0.03499260719566293,0.03499260719566293,0.03678104171809435,0.03537532355478867,0.03062426383981166,0.019458715967474303
2023-01-10,41.95,41.95,41.4,41.7,41.7,2882,-0.4847529981286491,-0.5222219941848177,-0.5088177046861766,-0.5104254374988693,-0.5104254374988693,0.01881260688981195,0.02583025830258313,0.026756401838476673,0.027093596059113333,0.024419004569351126,0.01242261158094921
2023-01-11,41.6,41.7,41.4,41.4,41.4,2882,-0.527280953154052,-0.5523355550933211,-0.5088177046861766,-0.5468110856592948,-0.5468110856592948,0.004366812227074229,0.017824216349108826,0.017282332705381095,0.01913963936242239,0.017049083673168642,0.006809338521400633
2023-01-12,41.7,41.9,41.6,41.7,41.7,2882,-0.5151301088610797,-0.528244706366519,-0.4842839228760348,-0.5104254374988693,-0.5104254374988693,0.004577210310768434,0.022560078469838197,0.021808380298946526,0.025514909314478976,0.024117098089297098,0.01562817130099467
2023-01-13,41.85,42.3,41.75,41.8,41.8,2882,-0.4969038424216215,-0.4800630089129137,-0.4658835865184289,-0.4982968881120616,-0.4982968881120616,0.001917545541706404,0.020757020757020617,0.021921603781272784,0.02645957394560748,0.02551521099116779,0.02000976085895542
2023-01-16,42.0,42.1,41.7,41.75,41.75,2882,-0.4786775759821633,-0.5041538576397159,-0.4720170319709639,-0.5043611628054654,-0.5043611628054654,0.001919846412286976,0.015197568389057751,0.019702027192053835,0.023284313725490266,0.023635561221987903,0.020657621317687298
2023-01-17,41.8,42.1,41.6,42.0,42.0,2882,-0.5029792645681082,-0.5041538576397159,-0.4842839228760348,-0.4740397893384445,-0.4740397893384445,0.006470165348669925,0.01621098475683527,0.024140453547915015,0.027083205966864383,0.02875618478420613,0.027481040528418682
2023-01-30,42.95,43.15,42.2,42.7,42.7,2882,-0.363244555198927,-0.377676901824002,-0.4106825774456104,-0.3891399436307856,-0.3891399436307856,0.016908787806620817,0.026318952049032538,0.03859250851305351,0.04095563139931758,0.044111893583724616,0.04349951124144693
2023-01-31,42.7,42.8,42.45,42.55,42.55,2882,-0.3936216659313575,-0.4198358870959069,-0.38001535018293364,-0.4073327677109988,-0.4073327677109988,0.009250474383301552,0.01709095255169125,0.03176527643064973,0.03408469530348147,0.038767638298911215,0.03886063072227861
2023-02-01,42.8,43.0,42.65,43.0,43.0,2882,-0.381470821638386,-0.39574503836910385,-0.3554815683727927,-0.35275429547036086,-0.35275429547036086,0.014150943396226448,0.022349025202092365,0.037811745776347626,0.04172975592029565,0.0472989429587413,0.04792851340373685
2023-02-02,43.45,44.3,43.4,44.05,44.05,2882,-0.3024903337340659,-0.23915452164488657,-0.2634798865847624,-0.22540452690887336,-0.22540452690887336,0.027764815678954682,0.04223352655861816,0.05627048197586118,0.06343170981954246,0.06886343783364071,0.07095101098099589
2023-02-03,44.2,44.2,43.25,43.3,43.3,2882,-0.21135900153677437,-0.25119994600828727,-0.2818802229423683,-0.3163686473099361,-0.3163686473099361,0.0041743970315398825,0.020624631703005304,0.03275560502464625,0.04243153776707784,0.04746238327930708,0.05075834175935275
2023-02-06,43.15,43.2,42.6,42.65,42.65,2882,-0.3389428666129831,-0.3716541896423008,-0.36161501382532774,-0.3952042183241903,-0.3952042183241903,-0.010670378102528435,0.0023501762632197752,0.01290373654211517,0.024932412135776544,0.029248515855012213,0.03356355264752207
2023-02-07,42.9,43.2,42.7,42.8,42.8,2882,-0.3693199773454136,-0.3716541896423008,-0.34934812292025685,-0.3770113942439779,-0.3770113942439779,-0.008341056533827605,0.0032817627754336753,0.012378774737838053,0.025886864813039093,0.030084235860409148,0.03560914626769343
2023-02-08,42.9,43.0,42.7,42.85,42.85,2882,-0.3693199773454136,-0.39574503836910385,-0.34934812292025685,-0.3709471195505732,-0.3709471195505732,-0.006492000927428567,0.0019876066877119337,0.010216110019646455,0.023711401779848287,0.028860929696503987,0.034940826020449386
2023-02-09,42.55,42.8,42.5,42.6,42.6,2882,-0.4118479323708165,-0.4198358870959069,-0.3738819047303986,-0.40126849301759415,-0.40126849301759415,-0.005602240896358425,-0.005834305717619603,0.0033759912067205197,0.014587674903245116,0.021435764638181514,0.026918441141020502
2023-02-10,42.5,42.8,42.35,42.65,42.65,2882,-0.4179233545173023,-0.4198358870959069,-0.3922822410880045,-0.3952042183241903,-0.3952042183241903,-0.0014048232264105638,-0.006174997087265703,0.0030573847601127807,0.012522998397531094,0.02101886431102174,0.026062550120288578
2023-02-13,42.55,42.95,42.25,42.9,42.9,2882,-0.4118479323708165,-0.4017677505508042,-0.4045491319930754,-0.3648828448571694,-0.3648828448571694,0.0032740879326473475,-0.0008151857458948782,0.006569685593618047,0.01490418736692679,0.02528559820276277,0.02980596119223846
2023-02-14,43.2,43.75,42.95,43.6,43.6,2882,-0.33286744446649646,-0.3054043556435937,-0.31868089565758007,-0.27998299914951047,-0.27998299914951047,0.01584342963653308,0.013011152416356763,0.019962570180910754,0.027393225331369696,0.039084842707340334,0.04360314357521856
2023-02-15,43.55,43.7,42.8,42.95,42.95,2882,-0.29033948944109444,-0.311427067825294,-0.33708123201518686,-0.35881857016376467,-0.35881857016376467,0.00023288309268742452,-0.00197513651678868,0.0029578890013233967,0.009460015277043385,0.020820459190949395,0.02595748069113781
2023-02-16,43.1,43.25,42.85,43.05,43.05,2882,-0.3450182887594689,-0.3656314774606005,-0.33094778656265095,-0.346690020776957,-0.346690020776957,0.0004647920055774116,0.0026784674507975984,0.0032626427406199157,0.01056338028169004,0.020238885202388663,0.026792812847829584
2023-02-17,43.4,44.05,43.35,44.0,44.0,2882,-0.3085657558805526,-0.26926808255338996,-0.2696133320372974,-0.2314688016022772,-0.2314688016022772,0.016166281755196372,0.023136844552958898,0.02222566405947504,0.030083108978110822,0.0387648142027479,0.046954314720812254
2023-02-20,44.0,44.5,44.0,44.45,44.45,2882,-0.23566069012271915,-0.2150636729180835,-0.18987854115433803,-0.1768903293616392,-0.1768903293616392,0.019261637239165408,0.029292578441588526,0.029888785912882444,0.03691607861433494,0.044948046452583545,0.054900719879756504
2023-02-21,44.25,44.25,43.55,43.85,43.85,2882,-0.2052835793902886,-0.2451772338265869,-0.24507955022715655,-0.24966162568248956,-0.24966162568248956,0.004351809436555147,0.01293601293601299,0.01395097888083873,0.02036067481093659,0.027365165643596985,0.03803361477156165
2023-02-22,43.45,43.5,43.15,43.35,43.35,2882,-0.3024903337340659,-0.33551791655209706,-0.2941471138474392,-0.3103043726165314,-0.3103043726165314,-0.008916323731138398,0.0002307337332719224,0.0018488560203375412,0.006910167818361289,0.01318188192399383,0.023572468615953756
2023-02-23,43.25,43.55,43.2,43.3,43.3,2882,-0.3267920223200107,-0.32949520437039675,-0.28801366839490333,-0.3163686473099361,-0.3163686473099361,-0.011189769353733935,-0.0025339783460033754,0.0018509949097639587,0.003941571991653016,0.010784817218357444,0.019743297876516023
2023-02-24,43.3,43.6,43.2,43.45,43.45,2882,-0.32071660017352493,-0.32347249218869556,-0.28801366839490333,-0.29817582322972286,-0.29817582322972286,-0.005265567765567694,-0.0009197516670497137,0.0050890585241730015,0.005728835136855559,0.012631677076535881,0.020472071084667375
2023-03-01,43.35,43.55,42.6,42.75,42.75,2882,-0.31464117802703834,-0.32949520437039675,-0.36161501382532774,-0.38307566893738176,-0.38307566893738176,-0.013613290263036372,-0.016676250718803944,-0.011255878498188219,-0.0105311885198472,-0.004934593361575258,0.0018357223762840247
2023-03-02,43.2,43.2,42.6,43.0,43.0,2882,-0.33286744446649646,-0.3716541896423008,-0.36161501382532774,-0.35275429547036086,-0.35275429547036086,-0.003937919851748939,-0.009558908211447637,-0.005780346820809248,-0.005262853507605256,-0.00032547542660535866,0.005534336269389615
2023-03-03,43.0,43.2,42.9,42.9,42.9,2882,-0.35716913305244125,-0.3716541896423008,-0.324814341110116,-0.3648828448571694,-0.3648828448571694,-0.004178272980501386,-0.011748445058742342,-0.008168927250308225,-0.007461391636300656,-0.0036694690882064698,0.0015174506828527542
2023-03-06,43.3,43.75,43.2,43.6,43.6,2882,-0.32071660017352493,-0.3054043556435937,-0.28801366839490333,-0.27998299914951047,-0.27998299914951047,0.010662957811775634,0.003105947313930867,0.006463527239150534,0.009259259259259226,0.010850412686636455,0.016593479190144932
2023-03-07,43.7,43.85,43.5,43.75,43.75,2882,-0.27211322300163543,-0.2933589312801922,-0.2512129956796916,-0.2617901750692981,-0.2617901750692981,0.012731481481481415,0.007136279926335228,0.008219388538946132,0.012204291746196918,0.012684597935280817,0.018468223791417614
2023-03-08,43.4,43.75,43.3,43.75,43.75,2882,-0.3085657558805526,-0.3054043556435937,-0.2757467774898333,-0.2617901750692981,-0.2617901750692981,0.00806451612903229,0.00876181692414117,0.0069044879171460795,0.010917913465426528,0.011701045231708285,0.016614383641222343
2023-03-09,43.7,43.75,43.55,43.65,43.65,2882,-0.27211322300163543,-0.3054043556435937,-0.24507955022715655,-0.27391872445610665,-0.27391872445610665,0.0027567195037904303,0.006920415224913429,0.0045259281988339695,0.007617728531855916,0.008362594714470732,0.012761020881670467
2023-03-10,43.15,43.15,42.6,42.7,42.7,2882,-0.3389428666129831,-0.377676901824002,-0.36161501382532774,-0.3891399436307856,-0.3891399436307856,-0.018165095424235275,-0.013515074506179989,-0.016959557977131567,-0.014141414141414076,-0.013309917737313834,-0.009969858567122483
2023-03-13,42.3,42.4,42.0,42.3,42.3,2882,-0.44222504310324706,-0.4680175845495122,-0.43521635925575214,-0.43765414117801976,-0.43765414117801976,-0.02151283830673159,-0.02049322681486639,-0.02504609711124768,-0.02303828165598481,-0.020969309818080796,-0.019660859824635852
2023-03-14,41.85,41.85,41.5,41.55,41.55,2882,-0.4969038424216215,-0.5342674185482192,-0.49655081378110566,-0.5286182615790824,-0.5286182615790824,-0.028978733348913346,-0.033608559134783125,-0.038713657746587624,-0.039139735214199056,-0.03676743323442149,-0.03670788253477594
2023-03-15,41.7,42.0,41.5,41.5,41.5,2882,-0.5151301088610797,-0.5161992820031174,-0.49655081378110566,-0.5346825362724863,-0.5346825362724863,-0.01983939537080766,-0.03195707954280377,-0.03548187170746833,-0.038739938618333414,-0.036899512647946234,-0.036974009900990264
2023-03-16,40.95,41.0,40.5,40.5,40.5,2882,-0.6062614410583712,-0.636653525637131,-0.6192197228318127,-0.6559680301405699,-0.6559680301405699,-0.029009829777031905,-0.049741905208822094,-0.053812008410559956,-0.05852269425233913,-0.058095725382576034,-0.0586868099941894
2023-03-17,40.75,41.2,40.75,41.0,41.0,2882,-0.6305631296443159,-0.612562676910328,-0.588552495569136,-0.5953252832065281,-0.5953252832065281,-0.008943678994440525,-0.03370256893707266,-0.038611849304361456,-0.044734389561975806,-0.044823408815581174,-0.04558680892337542
2023-03-20,40.8,40.8,40.0,40.2,40.2,2882,-0.6244877074978302,-0.6607443743639341,-0.6805541773571663,-0.6923536783009947,-0.6923536783009947,-0.018315018315018312,-0.044903777619386874,-0.05278039585296894,-0.06025363801063644,-0.061361725973661935,-0.06140555685267326
2023-03-21,40.5,41.15,40.4,40.75,40.75,2882,-0.6609402403767465,-0.6185853890920291,-0.6314866137368836,-0.625646656673549,-0.625646656673549,-0.0009806325079676182,-0.02488633644412537,-0.035731187884524326,-0.043763932887480976,-0.04682821856287415,-0.04667212539478296
2023-03-22,41.05,41.45,41.0,41.35,41.35,2882,-0.5941105967653997,-0.5824491160018246,-0.5578852683064592,-0.5528753603526987,-0.5528753603526987,0.014474975466143363,-0.004813477737665361,-0.019367588932806237,-0.026142251530852555,-0.03138908409463566,-0.031653721556535654
2023-03-23,41.2,41.55,40.9,41.55,41.55,2882,-0.5758843303259407,-0.5704036916384239,-0.5701521592115301,-0.5286182615790824,-0.5286182615790824,0.014156700024407887,0.005079825834542664,-0.012360351794628075,-0.01877435352461924,-0.024831017649267904,-0.026019690576652592
2023-03-24,41.6,41.6,41.2,41.3,41.3,2882,-0.527280953154052,-0.5643809794567227,-0.5333514864963175,-0.5589396350461033,-0.5589396350461033,0.006580550816475652,0.0024271844660192794,-0.015807450949241585,-0.02231165295614596,-0.0291946782003668,-0.03070604341873664
2023-03-27,41.25,41.5,41.05,41.35,41.35,2882,-0.569808908179455,-0.5764264038201242,-0.5517518228539242,-0.5528753603526987,-0.5528753603526987,0.0021812893843915727,0.0059603454567570225,-0.0110809948979593,-0.018863447621307265,-0.02646324810472294,-0.028582615505090097
2023-03-28,41.55,41.8,41.5,41.55,41.55,2882,-0.5333563753005386,-0.5402901307299205,-0.49655081378110566,-0.5286182615790824,-0.5286182615790824,0.0031385803959438786,0.010825933584721887,-0.0028000000000000117,-0.011890606420927468,-0.019492165376628456,-0.02304255819421594
2023-03-29,41.55,41.85,41.4,41.85,41.85,2882,-0.5333563753005386,-0.5342674185482192,-0.5088177046861766,-0.4922326134186569,-0.4922326134186569,0.007947976878612848,0.017258142926592144,0.007462686567164234,-0.003690036900368862,-0.009982967448902277,-0.015178256265442901
2023-03-30,41.85,41.9,41.5,41.6,41.6,2882,-0.4969038424216215,-0.528244706366519,-0.49655081378110566,-0.5225539868856778,-0.5225539868856778,0.001685528533590354,0.008484848484848519,0.004750020127203899,-0.007988553714081168,-0.013797354321748464,-0.019523117413677963
2023-03-31,41.75,41.95,41.6,41.8,41.8,2882,-0.5090546867145939,-0.5222219941848177,-0.4842839228760348,-0.4982968881120616,-0.4982968881120616,0.004083593562334725,0.0113718848294217,0.011045714746432237,-0.0019102196752626146,-0.007597340930674271,-0.013918376975701897
2023-04-06,42.0,42.0,41.5,42.0,42.0,2882,-0.4786775759821633,-0.5161992820031174,-0.49655081378110566,-0.4740397893384445,-0.4740397893384445,0.005747126436781486,0.011804384485665979,0.016374929418407572,0.004784688995215379,-0.001616430541028928,-0.00838153700861773
2023-04-07,42.1,42.4,42.0,42.25,42.25,2882,-0.46652673168919095,-0.4680175845495122,-0.43521635925575214,-0.4437184158714236,-0.4437184158714236,0.008353221957040607,0.014162265962553919,0.021271452743534026,0.012582384661473902,0.005473584007615347,-0.0011033178343447124
2023-04-10,42.4,42.65,42.4,42.55,42.55,2882,-0.4300741988102747,-0.4379040236410088,-0.3861487956354695,-0.4073327677109988,-0.4073327677109988,0.012131303520456662,0.018429870751555673,0.02678571428571445,0.02124084963398531,0.012805864990954886,0.00749802683504332
2023-04-11,42.6,42.65,42.35,42.65,42.65,2882,-0.4057725102243299,-0.4379040236410088,-0.3922822410880045,-0.3952042183241903,-0.3952042183241903,0.00946745562130191,0.018142754834089232,0.025651302605210327,0.024870839841403432,0.01552454878803738,0.010823194817506468
2023-04-12,42.75,42.95,42.7,42.95,42.95,2882,-0.3875462437848718,-0.4017677505508042,-0.34934812292025685,-0.35881857016376467,-0.35881857016376467,0.011064030131826713,0.021281654975627402,0.029646795588940508,0.031769863671851487,0.022619047619047688,0.01825509720246587
2023-04-13,42.85,42.85,42.5,42.6,42.6,2882,-0.3753953994918994,-0.4138131749142057,-0.3738819047303986,-0.40126849301759415,-0.40126849301759415,0.0,0.00995732574679947,0.017353924534309822,0.022993336134958353,0.015252621544327945,0.010516327982920893
2023-04-14,42.65,43.2,42.55,43.15,43.15,2882,-0.39969708807784415,-0.3716541896423008,-0.3677484592778636,-0.33456147139014847,-0.33456147139014847,0.008648901355773666,0.019130845536136098,0.026566217287866786,0.03421415303493306,0.028948874475391215,0.023805757671623004
2023-04-17,43.2,43.2,43.0,43.2,43.2,2882,-0.33286744446649646,-0.3716541896423008,-0.3125474502050451,-0.32849719669674377,-0.32849719669674377,0.006758331391284063,0.01706886403766925,0.024748952320708544,0.03330742091729966,0.030681872405401742,0.024627426177017225
2023-04-18,43.15,43.3,42.75,43.1,43.1,2882,-0.3389428666129831,-0.3596087652789001,-0.34321467746772183,-0.3406257460835523,-0.3406257460835523,0.00232558139534887,0.01114369501466279,0.019876952200662476,0.027719821162444147,0.028836054616633383,0.022174789517372284
2023-04-19,43.1,43.2,42.65,42.75,42.75,2882,-0.3450182887594689,-0.3716541896423008,-0.3554815683727927,-0.38307566893738176,-0.38307566893738176,-0.004888268156424601,0.0007022471910112626,0.009286220193594024,0.017251635930993492,0.020432520169952603,0.013994307400379418
2023-04-20,42.65,42.95,42.55,42.95,42.95,2882,-0.39969708807784415,-0.4017677505508042,-0.3677484592778636,-0.35881857016376467,-0.35881857016376467,-0.0018591680223099766,0.003153100548873178,0.011460868200015819,0.018677734954046874,0.024570610687022928,0.01926195467310069
2023-04-21,43.0,43.0,42.35,42.7,42.7,2882,-0.35716913305244125,-0.39574503836910385,-0.3922822410880045,-0.3891399436307856,-0.3891399436307856,-0.005589194224499183,-0.0037330844610358512,0.003761165961448136,0.010411736867013839,0.017490349330410375,0.014171482859631173
2023-04-24,42.7,42.7,42.4,42.65,42.65,2882,-0.3936216659313575,-0.4318813114593076,-0.3861487956354695,-0.3952042183241903,-0.3952042183241903,-0.004202661685734292,-0.0051317937951947485,0.001330411645014827,0.007678676904902438,0.015186137294106401,0.013866877971473738
2023-04-25,42.7,43.0,42.5,42.6,42.6,2882,-0.3936216659313575,-0.39574503836910385,-0.3738819047303986,-0.40126849301759415,-0.40126849301759415,-0.0030423589983618665,-0.006182199930012844,-0.0014064697609000275,0.005250427703380419,0.011972633979475431,0.013521551211388282
2023-04-26,42.6,42.75,42.0,42.35,42.35,2882,-0.4057725102243299,-0.4258585992776073,-0.43521635925575214,-0.43158986648461506,-0.43158986648461506,-0.007033997655334214,-0.01062959934587077,-0.008119291123428943,-0.001885458402073964,0.004744958481613354,0.007853403141361215
2023-04-27,42.15,42.45,42.0,42.25,42.25,2882,-0.4604513095427052,-0.461994872367811,-0.43521635925575214,-0.4437184158714236,-0.4437184158714236,-0.006116207951070456,-0.012158054711246109,-0.010847510535352073,-0.005297233666862894,0.0004262170865694422,0.005513466344056055
2023-04-28,42.05,42.75,42.0,42.45,42.45,2882,-0.4726021538356776,-0.4258585992776073,-0.43521635925575214,-0.4194613170978065,-0.4194613170978065,-0.00023551577955718348,-0.0058548009367681494,-0.006475269152753871,-0.001646284101599254,0.0035460992907802766,0.009552499108169441
2023-05-02,42.45,42.5,41.9,42.5,42.5,2882,-0.42399877666378805,-0.45597216018611064,-0.447483250160823,-0.41339704240440267,-0.41339704240440267,0.0016497761018147603,-0.0030494956603331585,-0.005227432316454777,-0.0012337700487633392,0.0036367071270014518,0.009940987761891637
2023-05-03,42.4,42.45,42.1,42.4,42.4,2882,-0.4300741988102747,-0.461994872367811,-0.42294946835068126,-0.4255255917912112,-0.4255255917912112,0.00023590469450337367,-0.003759398496240688,-0.00718076802997186,-0.0045195750425545,0.0004719207173193964,0.006050539803060922
2023-05-04,42.35,42.5,42.1,42.5,42.5,2882,-0.4361496209567604,-0.45597216018611064,-0.42294946835068126,-0.41339704240440267,-0.41339704240440267,0.0018859028760018456,-0.0008228517691313904,-0.004139654768413717,-0.00299102691924222,0.0016969925520881402,0.007228344590591296
2023-05-05,42.5,42.65,42.35,42.65,42.65,2882,-0.4179233545173023,-0.4379040236410088,-0.3922822410880045,-0.3952042183241903,-0.3952042183241903,0.003529411764705849,0.0034113633690154837,-0.0007029053420806265,-0.0002344116268166435,0.004001883239171415,0.008830718284317458
2023-05-08,42.8,43.05,42.65,43.05,43.05,2882,-0.381470821638386,-0.38972232618740354,-0.3554815683727927,-0.346690020776957,-0.346690020776957,0.010089160018770525,0.01198871650211561,0.008826745820965438,0.008196721311475277,0.01198871650211561,0.016448921769242678
2023-05-09,43.1,43.5,43.0,43.5,43.5,2882,-0.3450182887594689,-0.33551791655209706,-0.3125474502050451,-0.29211154853631904,-0.29211154853631904,0.01588042970574497,0.020527859237536656,0.018894440974390962,0.017603368618047784,0.020982960146458205,0.02533883323512087
2023-05-10,43.5,43.5,42.8,43.05,43.05,2882,-0.2964149115875802,-0.33551791655209706,-0.33708123201518686,-0.346690020776957,-0.346690020776957,0.002328288707799635,0.008905554253573833,0.008432888264230654,0.006605483135558517,0.00904744046502913,0.013537374926427209
2023-05-11,43.35,43.7,43.25,43.7,43.7,2882,-0.31464117802703834,-0.311427067825294,-0.2818802229423683,-0.26785444976270195,-0.26785444976270195,0.01180828895577692,0.020908772339680016,0.022142523000156074,0.020908772339680016,0.022461394478240543,0.02690635647984968
2023-05-12,43.55,43.55,42.65,42.65,42.65,2882,-0.29033948944109444,-0.32949520437039675,-0.3554815683727927,-0.3952042183241903,-0.3952042183241903,-0.012502894188469534,-0.004551289532034248,-0.0019500780031201802,-0.0036792618115984083,-0.0027124351120050216,0.0012128800031300775
2023-05-15,42.7,43.45,42.4,43.35,43.35,2882,-0.3936216659313575,-0.3415406287337974,-0.3861487956354695,-0.3103043726165314,-0.3103043726165314,0.002312138728323732,0.009665773844183214,0.013402945531052857,0.012436503765983507,0.012613875262789048,0.016214104317249543
2023-05-16,43.5,43.75,43.25,43.6,43.6,2882,-0.2964149115875802,-0.3054043556435937,-0.2818802229423683,-0.27998299914951047,-0.27998299914951047,0.007626531083891802,0.012893483563712387,0.01774042950513534,0.017799824919754955,0.01745542798469144,0.020678891923527103
2023-05-17,43.6,44.0,43.4,43.95,43.95,2882,-0.2842640672946078,-0.2752907947350903,-0.2634798865847624,-0.23753307629568104,-0.23753307629568104,0.01150747986191024,0.01736111111111111,0.023759608665269116,0.02495335820895523,0.024380011187768193,0.026989134244654947
2023-05-18,44.0,44.45,43.95,44.4,44.4,2882,-0.23566069012271915,-0.22108638509978384,-0.19601198660687302,-0.1829546040550439,-0.1829546040550439,0.018582243633860865,0.023277252823231113,0.030959752321981313,0.03345941227814955,0.03347143987710075,0.03540751680982543
2023-05-19,44.6,45.2,44.55,45.15,45.15,2882,-0.1627556243648857,-0.1307457023742737,-0.12241064117644948,-0.09199048365398117,-0.09199048365398117,0.02404173281923344,0.03460128322639775,0.04368932038834953,0.0482326310290789,0.04843953185955766,0.050325682382134015
2023-05-22,45.15,45.5,45.1,45.15,45.15,2882,-0.09592598075353888,-0.09460942928406996,-0.054942741198560074,-0.09199048365398117,-0.09199048365398117,0.015748031496062895,0.02964652223489161,0.03936464088397775,0.04525986804028223,0.0464954570739848,0.047969052224371284
2023-05-23,45.15,45.4,44.7,44.8,44.8,2882,-0.09592598075353888,-0.10665485364747149,-0.10401030481884273,-0.13444040650781064,-0.13444040650781064,0.002461400760796586,0.018644838562983018,0.027680073405719454,0.03458229894347907,0.03684502869838933,0.03803823131878739
2023-05-24,44.35,44.85,44.35,44.8,44.8,2882,-0.1931327350973162,-0.1729046876461786,-0.14694442298659036,-0.13444040650781064,-0.13444040650781064,-0.0013374944271066045,0.014607632204733234,0.023921986896236317,0.03196084077166705,0.03521582401330977,0.0363173721952348
2023-05-25,44.45,44.7,44.0,44.05,44.05,2882,-0.18098189080434385,-0.19097282419128048,-0.18987854115433803,-0.22540452690887336,-0.22540452690887336,-0.01652154498772052,-0.0031681375876895356,0.00440829976438402,0.012701879418357258,0.01666358936484477,0.01810477657935281
2023-05-26,43.9,44.25,43.75,43.9,43.9,2882,-0.2478115344156915,-0.2451772338265869,-0.2205457684170148,-0.24359735098908572,-0.24359735098908572,-0.014369106421194445,-0.009364774906916534,-0.0009103322712788359,0.0073428178063331875,0.012313794216667576,0.013622719926114142
2023-05-29,44.4,45.5,44.4,44.75,44.75,2882,-0.18705731295083047,-0.09460942928406996,-0.14081097753405536,-0.14050468120121445,-0.14050468120121445,0.006522717049032819,0.006635923968057625,0.015814164648910545,0.024144638974711058,0.029966856932425127,0.03197786148051341
2023-05-30,45.0,45.1,44.45,44.5,44.5,2882,-0.11415224719299703,-0.14279112673767522,-0.1346775320815195,-0.1708260546682354,-0.1708260546682354,0.0022522522522522843,-0.0010102143899427928,0.008612873980054456,0.016097728051147352,0.02247139377785951,0.025188143142374452
2023-05-31,44.55,44.95,44.3,44.3,44.3,2882,-0.16883104651137232,-0.16085926328277708,-0.15307786843912624,-0.19508315344185245,-0.19508315344185245,0.0,-0.00628084342754601,0.0021868637357663123,0.009341535657325054,0.016288139481532318,0.01964093908239984
2023-06-01,44.5,44.7,43.8,44.0,44.0,2882,-0.17490646865785808,-0.19097282419128048,-0.2144123229644798,-0.2314688016022772,-0.2314688016022772,-0.006547753443215154,-0.012123933542882784,-0.00505012436873452,0.0007960877971114227,0.007879787428990152,0.011765607634231488
2023-06-02,44.15,44.45,44.05,44.45,44.45,2882,-0.217434423683261,-0.22108638509978384,-0.183745095701803,-0.1768903293616392,-0.1768903293616392,0.0011261261261262222,-0.0004497413986956605,0.0024054724498234034,0.008966065145840498,0.016139356254572124,0.02093940205948786
2023-06-05,44.6,45.7,44.55,45.25,45.25,2882,-0.1627556243648857,-0.07051858055726691,-0.12241064117644948,-0.07986193426717264,-0.07986193426717264,0.016853932584269662,0.0173111510791366,0.017539914549134273,0.02456696479112421,0.03178584458226937,0.03728891266141969
2023-06-06,45.25,45.45,45.05,45.25,45.25,2882,-0.0837751364605665,-0.10063214146577029,-0.061076186651095946,-0.07986193426717264,-0.07986193426717264,0.01343784994400899,0.016282987085906826,0.015029161058770788,0.022541099372916838,0.02920438520675081,0.03523221230839623
2023-06-07,45.4,45.5,45.0,45.4,45.4,2882,-0.06554887002110836,-0.09460942928406996,-0.06720963210363096,-0.061669110186960266,-0.061669110186960266,0.011811901047470496,0.018279690478860713,0.016190405133179046,0.023213883254451232,0.02980538039286832,0.03645080283083473
2023-06-08,45.45,45.45,44.2,44.6,44.6,2882,-0.059473447874621735,-0.10063214146577029,-0.16534475934419626,-0.15869750528142684,-0.15869750528142684,-0.008668593020671116,-0.0008960573476702318,-0.0020138733497424306,0.004165259484408472,0.009735114330993881,0.01644699358073471
2023-06-09,44.85,44.85,44.4,44.6,44.6,2882,-0.13237851363245517,-0.1729046876461786,-0.14081097753405536,-0.15869750528142684,-0.15869750528142684,-0.009329187027987598,-0.0024602997092371356,-0.0011943863839950911,0.0019657399606851688,0.007955161815223212,0.014635625995298506
2023-06-12,44.7,44.85,44.0,44.05,44.05,2882,-0.1506047800719133,-0.1729046876461786,-0.18987854115433803,-0.22540452690887336,-0.22540452690887336,-0.016301920500223402,-0.013216845878136277,-0.01188873934499794,-0.011167854537291706,-0.005373916184971248,0.0009088843444669856
2023-06-13,44.2,44.4,43.95,44.1,44.1,2882,-0.21135900153677437,-0.22710909728148504,-0.19601198660687302,-0.21934025221546866,-0.21934025221546866,-0.010101010101010006,-0.011210762331838564,-0.009730538922155614,-0.010600706713781001,-0.004784257086116542,0.0008321355624478796
2023-06-14,44.15,44.8,44.15,44.6,44.6,2882,-0.217434423683261,-0.1789273998278798,-0.17147820479673212,-0.15869750528142684,-0.15869750528142684,0.004730795224149602,-0.0006721935917544507,0.0017969451931717298,-0.00011209505660806092,0.005093072519944091,0.010497696548599162
2023-06-15,44.6,44.65,44.2,44.35,44.35,2882,-0.1627556243648857,-0.19699553637298167,-0.16534475934419626,-0.18901887874844775,-0.18901887874844775,0.0002255299954893552,-0.007052501959028271,-0.004265828468792046,-0.005661117650355871,-0.0011261261261260621,0.0034315019420037797
2023-06-16,44.3,44.35,43.9,43.9,43.9,2882,-0.19920815724380284,-0.23313180946318537,-0.2021454320594089,-0.24359735098908572,-0.24359735098908572,-0.006787330316742178,-0.01591571396547861,-0.014369106421194445,-0.014369106421194603,-0.012373453318335304,-0.0076853526220614
2023-06-19,44.0,44.1,43.65,43.9,43.9,2882,-0.23566069012271915,-0.26324537037168877,-0.23281265932208567,-0.24359735098908572,-0.24359735098908572,-0.006112746207833442,-0.01292861157953913,-0.01311352566504314,-0.012984093080771189,-0.01286202554416268,-0.008320469861827468
2023-06-20,44.0,44.35,43.9,44.35,44.35,2882,-0.23566069012271915,-0.23313180946318537,-0.2021454320594089,-0.18901887874844775,-0.18901887874844775,0.0029398462234283707,-0.00078855469190034,-0.0027731974216759444,-0.0023619390394780536,-0.0034155768280075935,0.0012040033110092938
2023-06-21,44.25,44.5,44.1,44.4,44.4,2882,-0.2052835793902886,-0.2150636729180835,-0.17761165024926714,-0.1829546040550439,-0.1829546040550439,0.0049796287913084205,0.0025968160776785564,-0.0017985611510790984,-0.0007876673793181882,-0.002695417789757196,0.0013155421913173468
2023-06-26,44.25,44.3,44.0,44.05,44.05,2882,-0.2052835793902886,-0.23915452164488657,-0.18987854115433803,-0.22540452690887336,-0.22540452690887336,-0.0015865820489573954,-0.004069635993669449,-0.009741476208317806,-0.008664341172499113,-0.0102458095537681,-0.00683901999098154
2023-06-27,44.05,44.3,43.9,44.15,44.15,2882,-0.22958526797623338,-0.23915452164488657,-0.2021454320594089,-0.2132759775220648,-0.2132759775220648,-0.0004527960153951353,-0.0007921240239901255,-0.007047005022865424,-0.00669328983632374,-0.007106553321638903,-0.005705277381578051
2023-06-28,43.5,43.75,43.4,43.65,43.65,2882,-0.2964149115875802,-0.3054043556435937,-0.2634798865847624,-0.27391872445610665,-0.27391872445610665,-0.01065276518585657,-0.01121304791029556,-0.015931464642669358,-0.01672579827673593,-0.017024726388326066,-0.01718703092164504
2023-06-29,43.75,43.8,43.4,43.4,43.4,2882,-0.26603780085514966,-0.29938164346189333,-0.2634798865847624,-0.30424009792312756,-0.30424009792312756,-0.012064648304120058,-0.015314804310833902,-0.01883948756593826,-0.021144629264166902,-0.021420518602029377,-0.022669268878546787
2023-06-30,43.4,43.6,43.15,43.15,43.15,2882,-0.3085657558805526,-0.32347249218869556,-0.2941471138474392,-0.33456147139014847,-0.33456147139014847,-0.01213369963369966,-0.017755520145686345,-0.021172022684310104,-0.025519421860885332,-0.025607442868756217,-0.0277151870211808
2023-07-03,43.2,43.4,43.15,43.3,43.3,2882,-0.33286744446649646,-0.3475633409154986,-0.2941471138474392,-0.3163686473099361,-0.3163686473099361,-0.005283712382265033,-0.011979463776383472,-0.015834532919160677,-0.021358345575771282,-0.02155737334478241,-0.023528527399834697
2023-07-04,43.3,43.35,43.05,43.05,43.05,2882,-0.32071660017352493,-0.3535860530971989,-0.30641400475251007,-0.346690020776957,-0.346690020776957,-0.006003232509812931,-0.015775034293552762,-0.019213244228432572,-0.025466893039049237,-0.026458616010854856,-0.027631380816142213
2023-07-05,43.1,43.45,43.1,43.2,43.2,2882,-0.3450182887594689,-0.3415406287337974,-0.3002805592999742,-0.32849719669674377,-0.32849719669674377,-0.00046274872744074314,-0.010762537210899904,-0.014523610371834762,-0.019796925520449152,-0.02169482313510572,-0.022808671065032975
2023-07-06,43.2,43.2,42.3,42.5,42.5,2882,-0.33286744446649646,-0.3716541896423008,-0.3984156865405404,-0.41339704240440267,-0.41339704240440267,-0.012546468401486969,-0.022651489019202012,-0.0281271438371828,-0.0326618868783429,-0.03580017242161629,-0.03697269534347976
2023-07-07,42.25,42.35,42.05,42.25,42.25,2882,-0.4483004652497328,-0.4740402967312125,-0.4290829138032171,-0.4437184158714236,-0.4437184158714236,-0.014232384507699473,-0.023572914259301966,-0.030370257037943795,-0.03489235337787668,-0.03968542594781333,-0.04079007113667323
2023-07-10,42.25,43.0,42.25,42.65,42.65,2882,-0.4483004652497328,-0.39574503836910385,-0.4045491319930754,-0.3952042183241903,-0.3952042183241903,-0.0018722209220687644,-0.011129144447020563,-0.018637827887712892,-0.023580586080586108,-0.02940239406490377,-0.030681818181818213
2023-07-11,43.2,43.8,43.2,43.6,43.6,2882,-0.33286744446649646,-0.29938164346189333,-0.28801366839490333,-0.27998299914951047,-0.27998299914951047,0.01774042950513551,0.01218804410911198,0.003683241252301947,-0.0006876002750399732,-0.00701466703106495,-0.008865651284382827
2023-07-12,43.3,44.0,43.3,44.0,44.0,2882,-0.32071660017352493,-0.2752907947350903,-0.2757467774898333,-0.2314688016022772,-0.2314688016022772,0.023255813953488372,0.020644861980978906,0.012735921436243533,0.008538192653716171,0.003237721738337268,0.0007960877971112609
2023-07-13,44.2,44.35,43.6,43.6,43.6,2882,-0.21135900153677437,-0.23313180946318537,-0.23894610477462067,-0.27998299914951047,-0.27998299914951047,0.008792225821378884,0.010897287271041178,0.0046854597127275474,-5.733616191726911e-05,-0.00438436244062859,-0.007624900421076449
2023-07-14,43.85,44.1,43.7,44.1,44.1,2882,-0.2538869565621773,-0.26324537037168877,-0.22667921386954978,-0.21934025221546866,-0.21934025221546866,0.011699931176875384,0.020242914979757085,0.016675632060247348,0.011990132522517374,0.008230452674897106,0.003907880259513768
2023-07-17,44.15,45.0,44.05,45.0,45.0,2882,-0.217434423683261,-0.15483655110107675,-0.183745095701803,-0.11018330773419355,-0.11018330773419355,0.021334543803903715,0.03698582786035267,0.03591160220994497,0.03187342352671407,0.02843038668982539,0.02361906206164463
2023-07-18,45.0,45.35,44.75,45.05,45.05,2882,-0.11415224719299703,-0.11267756582917182,-0.09787685936630772,-0.10411903304078972,-0.10411903304078972,0.015783540022547816,0.033375387085674925,0.035632183908045914,0.031659701150741404,0.02914972358020751,0.024290424040319707
2023-07-19,45.2,45.25,44.25,44.5,44.5,2882,-0.08985055860705227,-0.12472299019257335,-0.15921131389166124,-0.1708260546682354,-0.1708260546682354,0.001124859392575864,0.01772441395082901,0.021657610775235366,0.018364895016877443,0.016167336499817282,0.012360658224008404
2023-07-20,44.7,44.95,44.55,44.75,44.75,2882,-0.1506047800719133,-0.16085926328277708,-0.12241064117644948,-0.14050468120121445,-0.14050468120121445,0.0015666965085050896,0.018202502844141003,0.025278753627615665,0.023617544461600186,0.021269797799990758,0.018434228493399978
2023-07-21,44.6,44.75,44.35,44.4,44.4,2882,-0.1627556243648857,-0.18495011200958014,-0.14694442298659036,-0.1829546040550439,-0.1829546040550439,-0.007599463567277523,0.0053209555077549965,0.01532128973244916,0.015611597186481327,0.013467244921250772,0.011235955056179915
2023-07-24,44.4,44.4,44.0,44.2,44.2,2882,-0.18705731295083047,-0.22710909728148504,-0.18987854115433803,-0.2072117028286601,-0.2072117028286601,-0.008524001794526592,-0.0027075812274367653,0.009362868234756879,0.010863350485992027,0.009040270294950251,0.00698663426488469
2023-07-25,44.3,44.6,44.2,44.55,44.55,2882,-0.19920815724380284,-0.203018248554682,-0.16534475934419626,-0.16476177997483155,-0.16476177997483155,0.001573741007194091,0.0030395136778115055,0.015037593984962329,0.018402103097496687,0.016427104722792584,0.014999050692994072
2023-07-26,44.75,45.5,44.7,45.35,45.35,2882,-0.14452935792542757,-0.09460942928406996,-0.10401030481884273,-0.06773338488036411,-0.06773338488036411,0.015677491601343848,0.01795735129068472,0.02990158970476919,0.034679443303673355,0.033312067079839504,0.03220666894275649
2023-07-27,45.55,46.0,45.5,46.0,46.0,2882,-0.04732260358165021,-0.03438230746706318,-0.00587517757827742,0.011102186133890092,0.011102186133890092,0.02449888641425393,0.027014958696137386,0.03915662650602412,0.04640582347588732,0.046548664512900004,0.0454941475055873
2023-07-28,45.8,45.85,45.5,45.75,45.75,2882,-0.016945492849219687,-0.05245044401216504,-0.00587517757827742,-0.01921918733313082,-0.01921918733313082,0.012840380783705961,0.01768435101768439,0.028089887640449437,0.0376502608301203,0.03958371205235405,0.038906971463174574
2023-07-31,46.0,46.4,45.65,45.75,45.75,2882,0.007356195736725079,0.013799389986542074,0.012525158779328464,-0.01921918733313082,-0.01921918733313082,0.005936675461741494,0.015989340439706838,0.023337309871756546,0.034775233248515725,0.037979852981214424,0.037807183364839264
2023-08-01,46.15,47.25,46.0,47.25,47.25,2882,0.02558246217618322,0.11618549707545377,0.055459276947076114,0.16270905346899464,0.16270905346899464,0.026727509778357167,0.04419889502762431,0.05116796440489426,0.06365017727502956,0.06900452488687776,0.06912546668175115
2023-08-02,46.9,46.95,45.9,46.2,46.2,2882,0.1167137943734748,0.08004922398525005,0.04319238604200523,0.035359284907507164,0.035359284907507164,0.00021649707728956736,0.017173051519154582,0.02446596200753932,0.036513545347467556,0.042842309602275364,0.04355682716560632
2023-08-04,46.7,46.75,46.2,46.3,46.3,2882,0.0924121057875309,0.05595837525844699,0.07999305875721788,0.04748783429431484,0.04748783429431484,0.0010810810810810197,0.015907844212835857,0.022601781638813226,0.034347947500698,0.042370210275113646,0.0442823847830988
2023-08-07,46.3,46.7,46.25,46.45,46.45,2882,0.04380872861564136,0.049935663076746656,0.08612650420975287,0.06568065837452808,0.06568065837452808,0.0012933821944385055,0.014635211882918341,0.02237710931768172,0.03285341041747732,0.042648709315376114,0.04605337236797662
2023-08-08,46.7,47.2,46.6,47.05,47.05,2882,0.0924121057875309,0.11016278489375343,0.12906062237750052,0.13845195469537758,0.13845195469537758,0.0085744908896034,0.021382828611744106,0.03247750713188494,0.04110195275764788,0.05257270693512291,0.05718458600157273
2023-08-09,46.95,46.95,46.4,46.45,46.45,2882,0.12278921651996143,0.08004922398525005,0.10452684056735877,0.06568065837452808,0.06568065837452808,-0.0008604000860398376,0.004215760458328836,0.01722753485655892,0.024594684018969935,0.035997858863413265,0.041908108714344604
2023-08-10,46.5,46.85,46.4,46.6,46.6,2882,0.06811041720158613,0.06800379962184852,0.10452684056735877,0.08387348245474045,0.08387348245474045,0.0006441915396178041,0.004743423889607565,0.017393202823666562,0.024964258220609215,0.036200302410388685,0.04297224709042081
2023-08-11,47.0,47.1,46.35,46.45,46.45,2882,0.12886463866644718,0.09811736053035192,0.09839339511482376,0.06568065837452808,0.06568065837452808,-0.0032188841201717952,0.0005385029617664122,0.011615245009074524,0.018472838897111245,0.02924883669399513,0.03725482898507581
2023-08-14,46.15,46.15,44.9,45.4,45.4,2882,0.02558246217618322,-0.016314170921961316,-0.07947652300870184,-0.061669110186960266,-0.061669110186960266,-0.021340806208234576,-0.021340806208234576,-0.01268575570859012,-0.005966391154414601,0.0031818985327911956,0.01211265512372734
2023-08-15,45.4,45.6,45.3,45.4,45.4,2882,-0.06554887002110836,-0.08256400492066843,-0.03040895938841918,-0.061669110186960266,-0.061669110186960266,-0.01432913590968295,-0.02060187682019211,-0.0144004631304724,-0.006401488209224796,0.0007494599479787954,0.01053568778750563
2023-08-16,45.05,45.35,44.65,45.1,45.1,2882,-0.10807682504651127,-0.11267756582917182,-0.1101437502713786,-0.09805475834738502,-0.09805475834738502,-0.015068792312731989,-0.022540095361941896,-0.021691973969631236,-0.013021118284276307,-0.007176506846299487,0.0023335926214024666
2023-08-17,44.75,45.55,44.5,45.3,45.3,2882,-0.14452935792542757,-0.08858671710236962,-0.12854408662898448,-0.0737976595737688,-0.0737976595737688,-0.005051614320228508,-0.016286644951140065,-0.017282522235881274,-0.009511315185306709,-0.003913980386120858,0.0052146898923778225
2023-08-18,45.05,45.45,44.8,45.2,45.2,2882,-0.10807682504651127,-0.10063214146577029,-0.09174341391377272,-0.08592620896057648,-0.08592620896057648,-0.0017667844522966255,-0.01610796691336515,-0.01831607905596163,-0.012183795006283221,-0.00750955162267794,0.0009965673790279883
2023-08-21,45.25,45.45,45.15,45.4,45.4,2882,-0.0837751364605665,-0.10063214146577029,-0.048809295746025064,-0.061669110186960266,-0.061669110186960266,0.002650176678445173,-0.009490563979491703,-0.013472403302911723,-0.00889592315668829,-0.004254945826205105,0.003093239063190468
2023-08-22,45.45,45.5,44.8,45.0,45.0,2882,-0.059473447874621735,-0.09460942928406996,-0.09174341391377272,-0.11018330773419355,-0.11018330773419355,-0.004424778761062009,-0.013806706114398477,-0.021100717859473546,-0.01848519548503198,-0.01302803000394776,-0.007462412233944894
2023-08-23,44.85,45.0,44.5,44.7,44.7,2882,-0.13237851363245517,-0.15483655110107675,-0.12854408662898448,-0.1465689558946183,-0.1465689558946183,-0.009308510638297754,-0.016609833901660882,-0.024017467248908176,-0.025188092901537326,-0.019306713470820438,-0.014876033057851177
2023-08-24,44.7,44.85,44.2,44.65,44.65,2882,-0.1506047800719133,-0.1729046876461786,-0.16534475934419626,-0.152633230588023,-0.152633230588023,-0.00755723494109794,-0.013477684489615543,-0.022904661171493184,-0.025534701003928604,-0.02053261966393206,-0.016447609956678082
2023-08-25,44.4,44.7,44.2,44.5,44.5,2882,-0.18705731295083047,-0.19097282419128048,-0.16534475934419626,-0.1708260546682354,-0.1708260546682354,-0.007803790412486096,-0.012537445911461173,-0.02362319900533902,-0.027216089190075513,-0.023608916973845893,-0.020399178162606304
2023-08-28,44.5,45.4,44.5,45.4,45.4,2882,-0.17490646865785808,-0.10665485364747149,-0.12854408662898448,-0.061669110186960266,-0.061669110186960266,0.012263099219620896,0.0074337068678574,-0.0023439789041899165,-0.007161992236619269,-0.004735180638372369,-0.0015394765779634988
2023-08-29,45.6,46.05,45.45,46.05,46.05,2882,-0.041247181435163593,-0.028359595285362842,-0.012008623030812425,0.01716646082729393,0.01716646082729393,0.021970705725698952,0.020385552847329975,0.013424295774647717,0.006722413510411487,0.007879185817465516,0.011976705856499325
2023-08-30,46.1,46.15,45.75,46.1,46.1,2882,0.019507040029697463,-0.016314170921961316,0.024792049684399346,0.02323073552069863,0.02323073552069863,0.01676224084693439,0.01923502100375851,0.015045871559633111,0.009083944401882437,0.0076062248644869325,0.012296881862099462
2023-08-31,46.05,46.05,45.6,45.6,45.6,2882,0.01343161788321084,-0.028359595285362842,0.006391713326793461,-0.037412011413343195,-0.037412011413343195,0.0015374478365912647,0.0075121520106053085,0.005512679162072767,-0.0012046873288796345,-0.0035400550675232516,0.0005119578731807232
2023-09-01,45.85,46.8,45.75,46.6,46.6,2882,-0.010870070702733065,0.061981087440147326,0.024792049684399346,0.08387348245474045,0.08387348245474045,0.01414581066376493,0.026431718061674072,0.027336860670194047,0.0203634771184585,0.017778360197440266,0.02107146769893744
2023-09-04,46.6,46.7,46.25,46.65,46.65,2882,0.08026126149455852,0.049935663076746656,0.08612650420975287,0.08993775714814428,0.08993775714814428,0.009740259740259648,0.02471169686985173,0.026553216460060078,0.02123467600700523,0.01806992274453326,0.02049001020854587
2023-09-05,46.65,46.8,46.3,46.45,46.45,2882,0.08633668364104427,0.061981087440147326,0.09225994966228789,0.06568065837452808,0.06568065837452808,0.0036732929991357324,0.017079045325158772,0.020580049802255765,0.01752464403066822,0.013086150490730674,0.014450551450515098
2023-09-06,46.5,46.55,45.75,45.8,45.8,2882,0.06811041720158613,0.03186752653164394,0.024792049684399346,-0.013154912639726981,-0.013154912639726981,-0.009086975335352698,0.0004368719965049371,0.005267778753292406,0.004000657642352111,0.0001747030048915873,-0.0006545930613137299
2023-09-07,45.7,45.8,45.45,45.7,45.7,2882,-0.029096337142191207,-0.058473156193866234,-0.012008623030812425,-0.025283462026534656,-0.025283462026534656,-0.011678200692041504,-0.00403181867712765,0.0024861070488447685,0.002797739865050301,-0.0015730140697368614,-0.003090347209598234
2023-09-08,45.6,46.3,45.6,46.3,46.3,2882,-0.041247181435163593,0.001753965623140547,0.006391713326793461,0.04748783429431484,0.04748783429431484,0.0025985275010826643,0.005101487029197705,0.014016644765659234,0.01613080215077345,0.011535436511404323,0.009777907019010518
2023-09-11,46.3,46.55,46.0,46.55,46.55,2882,0.04380872861564136,0.03186752653164394,0.055459276947076114,0.07780920776133575,0.07780920776133575,0.008448873483535386,0.008012126461671818,0.01778296042562478,0.020329881089374807,0.016908423628101927,0.01464017146801323
2023-09-12,46.55,46.65,46.1,46.65,46.65,2882,0.0741858393480719,0.04391295089504547,0.067726167852147,0.08993775714814428,0.08993775714814428,0.009740259740259648,0.008866782006920341,0.017522175367165785,0.02112290686220868,0.019449300699300714,0.016155382102014896
2023-09-13,46.5,46.75,46.5,46.75,46.75,2882,0.06811041720158613,0.05595837525844699,0.11679373147242965,0.10206630653495283,0.10206630653495283,0.007760293166630727,0.009610193283662678,0.016672707502718355,0.02146719833943304,0.02136677444726037,0.01870346831305613
2023-09-14,46.85,47.0,46.6,46.9,46.9,2882,0.11063837222698904,0.08607193616695039,0.12906062237750052,0.1202591306151652,0.1202591306151652,0.005790263778683319,0.010013998061806901,0.01661849710982657,0.022956540705599975,0.024375327625371142,0.021452684307960348
2023-09-15,46.9,46.9,46.6,46.65,46.65,2882,0.1167137943734748,0.07402651180354886,0.12906062237750052,0.08993775714814428,0.08993775714814428,-0.0010706638115632603,0.004521963824289424,0.008067420586328637,0.01589721254355394,0.018736897274633058,0.01574974597183923
2023-09-18,46.6,46.6,46.3,46.4,46.4,2882,0.08026126149455852,0.037890238713345126,0.09225994966228789,0.059616383681123375,0.059616383681123375,-0.005785301049925072,-0.0003231713885597451,0.001222757678198911,0.009353926473787246,0.01239308779891774,0.01034295046271113
2023-09-19,46.45,46.6,46.3,46.35,46.35,2882,0.06203499505510037,0.037890238713345126,0.09225994966228789,0.05355210898771954,0.05355210898771954,-0.005578202102553057,-0.0011852171102250321,-0.0002875835789775321,0.006787944610371979,0.010464355788096883,0.009767256090919088
2023-09-20,46.3,46.35,45.65,45.7,45.7,2882,0.04380872861564136,0.0077766778048417385,0.012525158779328464,-0.025283462026534656,-0.025283462026534656,-0.015086206896551633,-0.014980062506735494,-0.013740018703690307,-0.008407919717927762,-0.00422713208698295,-0.003850904599287851
2023-09-21,45.5,45.55,44.7,44.9,44.9,2882,-0.05339802572813598,-0.08858671710236962,-0.10401030481884273,-0.1223118571210021,-0.1223118571210021,-0.0239130434782609,-0.030551657130519255,-0.03002808381939945,-0.026030368763557545,-0.02131740703605217,-0.020078568310781357
2023-09-22,44.85,45.0,44.55,44.7,44.7,2882,-0.13237851363245517,-0.15483655110107675,-0.12241064117644948,-0.1465689558946183,-0.1465689558946183,-0.01995176496382365,-0.03152421189470245,-0.03169903964185135,-0.03057905009759264,-0.02525186445113178,-0.023199912590596068
2023-09-25,44.75,45.0,44.6,44.85,44.85,2882,-0.14452935792542757,-0.15483655110107675,-0.11627719572391361,-0.12837613181440594,-0.12837613181440594,-0.009933774834436993,-0.024681961509187736,-0.025917613842032904,-0.026745510768729882,-0.021511475695959598,-0.01952925745099478
2023-09-26,44.7,44.85,44.4,44.45,44.45,2882,-0.1506047800719133,-0.1729046876461786,-0.14081097753405536,-0.1768903293616392,-0.1768903293616392,-0.01046304541406943,-0.028733748497760246,-0.03180135046830743,-0.0337481658605511,-0.029772558606539577,-0.027600539614248656
2023-09-27,44.3,44.7,44.2,44.6,44.6,2882,-0.19920815724380284,-0.19097282419128048,-0.16534475934419626,-0.15869750528142684,-0.15869750528142684,-0.0022371364653244164,-0.02085620197585062,-0.026838315513855637,-0.028904251265581483,-0.0264134468456669,-0.023963234489550407
2023-09-28,44.6,44.95,44.55,44.55,44.55,2882,-0.1627556243648857,-0.16085926328277708,-0.12241064117644948,-0.16476177997483155,-0.16476177997483155,-0.0017925162446785882,-0.016881827209533434,-0.026300451697508376,-0.028882833787466002,-0.027419988647775406,-0.024523757389971635
2023-10-02,44.65,44.75,44.45,44.5,44.5,2882,-0.15668020221839993,-0.18495011200958014,-0.1346775320815195,-0.1708260546682354,-0.1708260546682354,-0.002018389773491732,-0.013303769401330408,-0.02483564645726807,-0.027747432816255104,-0.028511548705409718,-0.025120490725865377
2023-10-03,44.2,44.3,44.0,44.0,44.0,2882,-0.21135900153677437,-0.23915452164488657,-0.18987854115433803,-0.2314688016022772,-0.2314688016022772,-0.009455200360198148,-0.019170753455193923,-0.0321871104919715,-0.03588058066283216,-0.03825136612021858,-0.03508771929824565
2023-10-04,43.85,43.95,43.5,43.55,43.55,2882,-0.2538869565621773,-0.28131350691679063,-0.2512129956796916,-0.2860472738429152,-0.2860472738429152,-0.015596745027124725,-0.023104531179901328,-0.03771083449952133,-0.042699346046051606,-0.046002190580503866,-0.04394277560279533
2023-10-05,43.55,44.15,43.4,44.05,44.05,2882,-0.29033948944109444,-0.25722265818998846,-0.2634798865847624,-0.22540452690887336,-0.22540452690887336,-0.0018128257421254996,-0.008217944388157199,-0.022776011240109535,-0.029842528355908025,-0.03331285112359567,-0.03250603997364369
2023-10-06,44.25,44.6,44.15,44.55,44.55,2882,-0.2052835793902886,-0.203018248554682,-0.17147820479673212,-0.16476177997483155,-0.16476177997483155,0.009517335146158953,0.003830554303740302,-0.008236865538735474,-0.017586416009702992,-0.021438298993981596,-0.02145262849611949
2023-10-11,45.05,45.95,44.95,45.95,45.95,2882,-0.10807682504651127,-0.040405019648763515,-0.07334307755616595,0.005037911440486254,0.005037911440486254,0.03444394416929313,0.03246826199303449,0.023993463081265813,0.013677476285021058,0.009890109890109952,0.00822819528250137
2023-10-12,45.95,46.15,45.5,46.15,46.15,2882,0.0012807735902393186,-0.016314170921961316,-0.00587517757827742,0.029295010214102465,0.029295010214102465,0.028985507246376746,0.03394197378738643,0.028832577840529006,0.018538953873317065,0.014731750219876907,0.012061403508771867
2023-10-13,45.85,45.85,45.3,45.3,45.3,2882,-0.010870070702733065,-0.05245044401216504,-0.03040895938841918,-0.0737976595737688,-0.0737976595737688,0.0022123893805308477,0.012969588550983862,0.011461744566835255,0.0012709288832402595,-0.002949333098560713,-0.006034009873834463
2023-10-16,45.05,45.5,45.0,45.5,45.5,2882,-0.10807682504651127,-0.09460942928406996,-0.06720963210363096,-0.049540560800151734,-0.049540560800151734,0.00021982853374379242,0.01539834858290571,0.016229898749255508,0.007082779991146531,0.0017172295363479338,-0.0012073317967292222
2023-10-17,45.55,45.6,45.15,45.25,45.25,2882,-0.04732260358165021,-0.08256400492066843,-0.048809295746025064,-0.07986193426717264,-0.07986193426717264,-0.008327854481700536,0.00824420677361864,0.010119800580400323,0.0033815621708521188,-0.0033917716500749596,-0.006440752396984472
2023-10-18,45.5,45.6,45.2,45.6,45.6,2882,-0.05339802572813598,-0.08256400492066843,-0.04267585029348919,-0.037412011413343195,-0.037412011413343195,0.0008779631255487082,0.013558568570793657,0.01657130118154134,0.012321012321012315,0.00493653032440049,0.001977587343441077
2023-10-19,45.2,45.35,44.85,45.1,45.1,2882,-0.08985055860705227,-0.11267756582917182,-0.08560996846123684,-0.09805475834738502,-0.09805475834738502,-0.005512679162072767,0.0,0.005051255385529637,0.002667852378834981,-0.0048104505935828885,-0.007882676443629718
2023-10-20,44.6,44.95,43.75,44.7,44.7,2882,-0.1627556243648857,-0.16085926328277708,-0.2205457684170148,-0.1465689558946183,-0.1465689558946183,-0.01171788635861141,-0.01139002543403739,-0.004232568500779633,-0.0043989086252016465,-0.0119363395225464,-0.015418502202643078
2023-10-23,44.45,44.8,44.0,44.1,44.1,2882,-0.18098189080434385,-0.1789273998278798,-0.18987854115433803,-0.21934025221546866,-0.21934025221546866,-0.018909899888765326,-0.024767801857585082,-0.016868544252062145,-0.0160093713393206,-0.022909558204457968,-0.027420421965742826
2023-10-24,44.1,44.35,43.85,44.15,44.15,2882,-0.22350984582974676,-0.23313180946318537,-0.2082788775119439,-0.2132759775220648,-0.2132759775220648,-0.012966689023027014,-0.0227976980965029,-0.015168414008476617,-0.014068780705672076,-0.01941186922530196,-0.025206991720331168
2023-10-25,44.2,44.35,44.1,44.15,44.15,2882,-0.21135900153677437,-0.23313180946318537,-0.17761165024926714,-0.2132759775220648,-0.2132759775220648,-0.006525652565256506,-0.01888888888888892,-0.01465555720874869,-0.013462935031562621,-0.01722909803223239,-0.02366209641751438
2023-10-26,43.75,44.2,43.55,43.85,43.85,2882,-0.26603780085514966,-0.25119994600828727,-0.24507955022715655,-0.24966162568248956,-0.24966162568248956,-0.0076940484272459,-0.020549475094929676,-0.021132524741424186,-0.019070521782898028,-0.021685779304805548,-0.02836250830932863
2023-10-27,43.95,44.4,43.9,44.2,44.2,2882,-0.24173611226920488,-0.22710909728148504,-0.2021454320594089,-0.2072117028286601,-0.2072117028286601,0.0024948968019959045,-0.010300044782803422,-0.01427297056199807,-0.010964421570821099,-0.01198140200286126,-0.018831625291353484
2023-10-30,44.2,44.4,43.75,43.95,43.95,2882,-0.21135900153677437,-0.22710909728148504,-0.2205457684170148,-0.23753307629568104,-0.23753307629568104,-0.0024965955515206407,-0.012470508931580714,-0.01970260223048326,-0.015842803560432245,-0.016030090001343325,-0.022355689022355588
2023-10-31,44.25,44.25,43.85,43.9,43.9,2882,-0.2052835793902886,-0.2451772338265869,-0.2082788775119439,-0.24359735098908572,-0.24359735098908572,-0.0024994319472848563,-0.010592742844264275,-0.019870506809555717,-0.01624649859943981,-0.016268543001837475,-0.021290825994872486
2023-11-01,44.2,44.5,44.0,44.3,44.3,2882,-0.21135900153677437,-0.2150636729180835,-0.18987854115433803,-0.19508315344185245,-0.19508315344185245,0.005903723887374906,0.0013562386980109015,-0.0085049239033125,-0.007060405693152477,-0.006949114548307605,-0.010645425444800117
2023-11-02,44.7,44.95,44.55,44.85,44.85,2882,-0.1506047800719133,-0.16085926328277708,-0.12241064117644948,-0.12837613181440594,-0.12837613181440594,0.013788426763110293,0.014361641976704856,0.005755718343548974,0.004310586127750155,0.005379959650302668,0.002794857462269424
2023-11-03,45.0,45.35,44.8,45.35,45.35,2882,-0.11415224719299703,-0.11267756582917182,-0.09174341391377272,-0.06773338488036411,-0.06773338488036411,0.019788621542613054,0.02416440831074978,0.01689214440541156,0.013464439354153843,0.015768489898311335,0.014730561253029977
2023-11-06,45.65,45.7,45.25,45.35,45.35,2882,-0.03517175928867783,-0.07051858055726691,-0.03654240484095419,-0.06773338488036411,-0.06773338488036411,0.01340782122905031,0.021281387231167667,0.01712021531100483,0.011994421199442152,0.01508639985674634,0.014995523724261614
2023-11-07,45.2,45.25,44.95,45.2,45.2,2882,-0.08985055860705227,-0.12472299019257335,-0.07334307755616595,-0.08592620896057648,-0.08592620896057648,0.00422128415907571,0.015502134351830996,0.01383177570093459,0.007916155647229434,0.01114044114357294,0.011411948981875093
2023-11-08,45.4,45.4,45.0,45.05,45.05,2882,-0.06554887002110836,-0.10665485364747149,-0.06720963210363096,-0.10411903304078972,-0.10411903304078972,-0.00243578387953956,0.010089686098654613,0.01129901227177485,0.005580357142857143,0.007289151238708376,0.007792401476454923
2023-11-09,45.15,45.2,44.95,45.15,45.15,2882,-0.09592598075353888,-0.1307457023742737,-0.07334307755616595,-0.09199048365398117,-0.09199048365398117,-0.0015479876160990776,0.009389671361502226,0.0134680134680135,0.008938547486033488,0.00848782666964475,0.009803556118835485
2023-11-10,44.8,45.1,44.8,44.95,44.95,2882,-0.1384539357789418,-0.14279112673767522,-0.09174341391377272,-0.11624758242759739,-0.11624758242759739,-0.0042091271599467815,0.0032362459546926266,0.008601346297681365,0.004862236628849296,0.0027662517289075415,0.004955844542981644
2023-11-13,45.45,45.8,45.2,45.25,45.25,2882,-0.059473447874621735,-0.058473156193866234,-0.04267585029348919,-0.07986193426717264,-0.07986193426717264,0.002881205673758764,0.00701012573717587,0.013589188381990648,0.01185152057245083,0.00837901680260295,0.0111731843575419
2023-11-14,45.55,45.75,45.35,45.45,45.45,2882,-0.04732260358165021,-0.06449586837556658,-0.024275513935883307,-0.05560483549355557,-0.05560483549355557,0.006198804516271887,0.00798403193612789,0.01609657947686114,0.01609657947686114,0.012024048096192525,0.014962036623492669
2023-11-15,45.9,46.0,45.45,45.75,45.75,2882,-0.004794648556247305,-0.03438230746706318,-0.012008623030812425,-0.01921918733313082,-0.01921918733313082,0.009710880600308933,0.011384989499281543,0.02037023269645365,0.02263202011735128,0.018885573025700392,0.020711709366749577
2023-11-16,45.8,45.85,45.5,45.65,45.65,2882,-0.016945492849219687,-0.05245044401216504,-0.00587517757827742,-0.03134773671993936,-0.03134773671993936,0.005285179475886256,0.007392695575416548,0.015422258471120219,0.019769909527532627,0.017111536919031983,0.017232414766396795
2023-11-17,45.55,45.95,45.55,45.8,45.8,2882,-0.04732260358165021,-0.040405019648763515,0.0002582678742575842,-0.013154912639726981,-0.013154912639726981,0.0048266783677051095,0.009700176366842983,0.016347362970633716,0.02186523873270838,0.019999109171083607,0.018872121908716677
2023-11-20,46.0,46.0,45.45,45.7,45.7,2882,0.007356195736725079,-0.03438230746706318,-0.012008623030812425,-0.025283462026534656,-0.025283462026534656,0.0006568863586599767,0.006718801630135471,0.011509517485613172,0.017817371937639295,0.017590737029614927,0.015405125166642018
2023-11-21,45.75,46.45,45.75,46.15,46.15,2882,-0.02302091499570545,0.019822102168243268,0.024792049684399346,0.029295010214102465,0.029295010214102465,0.0074219602706831755,0.014508683227082958,0.018089565409221114,0.025555555555555522,0.026787700796511386,0.02418996893031489
2023-11-22,46.1,46.3,46.05,46.3,46.3,2882,0.019507040029697463,0.001753965623140547,0.06159272239961112,0.04748783429431484,0.04748783429431484,0.008275261324041713,0.015016990025210898,0.01840310873231174,0.026436845313972075,0.029483701694312282,0.02725289353991771
2023-11-23,46.4,46.5,46.15,46.3,46.3,2882,0.055959572908613746,0.025844814349943603,0.07385961330468199,0.04748783429431484,0.04748783429431484,0.005428881650380022,0.01246446534003937,0.016242317822651495,0.02365686491266843,0.02838612234018905,0.027138948458182263
2023-11-24,46.4,46.5,46.1,46.3,46.3,2882,0.055959572908613746,0.025844814349943603,0.067726167852147,0.04748783429431484,0.04748783429431484,0.0032502708559047824,0.009484356262945652,0.014831592021626264,0.021285982133009734,0.02692631859113675,0.026379960097539297
2023-11-27,46.1,46.65,45.65,45.75,45.75,2882,0.019507040029697463,0.04391295089504547,0.012525158779328464,-0.01921918733313082,-0.01921918733313082,-0.008882149046793688,-0.0035935968637699914,0.002190580503833547,0.007154650522839909,0.013244153082919891,0.014000221639392732
2023-11-28,45.7,46.05,45.55,46.0,46.0,2882,-0.029096337142191207,-0.028359595285362842,0.0002582678742575842,0.011102186133890092,0.011102186133890092,-0.002818122696726544,0.0006525995214270424,0.006491138501932759,0.01032286404568414,0.017114049440587132,0.01897659307391278
2023-11-29,45.85,46.1,45.75,45.75,45.75,2882,-0.010870070702733065,-0.02233688310366165,0.024792049684399346,-0.01921918733313082,-0.01921918733313082,-0.005867014341590527,-0.004785729823798104,0.0,0.003234471794309385,0.010156767498344025,0.013326442467422199
2023-11-30,45.85,46.5,45.75,46.5,46.5,2882,-0.010870070702733065,0.025844814349943603,0.024792049684399346,0.07174493306793192,0.07174493306793192,0.00955275727312212,0.009662360221474486,0.014397905759162229,0.017839553463937785,0.024319323288395436,0.028874875539329565
2023-12-01,46.25,46.25,45.9,46.05,46.05,2882,0.037733306469155604,-0.004268746558559788,0.04319238604200523,0.01716646082729393,0.01716646082729393,0.00086937622256014,-0.0006510416666666914,0.0029766226223320084,0.007217847769028834,0.012755663074554615,0.017904509283819682
2023-12-04,46.35,46.4,46.0,46.25,46.25,2882,0.04988415076212799,0.013799389986542074,0.055459276947076114,0.041423559600911,0.041423559600911,0.003036217740186523,0.002492684512842633,0.005872118312309768,0.010597618267234774,0.015100302883982319,0.02070842682164284
2023-12-05,45.9,45.95,45.4,45.55,45.55,2882,-0.004794648556247305,-0.040405019648763515,-0.0181420684833483,-0.04347628610674789,-0.04347628610674789,-0.010212950890916969,-0.011394465545306688,-0.00949550594375183,-0.0050783596352318395,-0.0017094766371526903,0.0042256108763548674
2023-12-06,45.55,45.8,45.4,45.45,45.45,2882,-0.04732260358165021,-0.058473156193866234,-0.0181420684833483,-0.05560483549355557,-0.05560483549355557,-0.011096605744125283,-0.011741682974559514,-0.011240029006526294,-0.007696086458162591,-0.0049043219337040036,0.001064571785176883
2023-12-07,45.3,45.4,44.8,45.0,45.0,2882,-0.07769971431408074,-0.10665485364747149,-0.09174341391377272,-0.11018330773419355,-0.11018330773419355,-0.01445466491458615,-0.01875272568687308,-0.02010597372432297,-0.017359973796266005,-0.014886164623467594,-0.009683098591549092
2023-12-08,45.0,45.2,44.8,44.85,44.85,2882,-0.11415224719299703,-0.1307457023742737,-0.09174341391377272,-0.12837613181440594,-0.12837613181440594,-0.012549537648612951,-0.01892157935032254,-0.022023549934583473,-0.020528499672417662,-0.017739816031537348,-0.013454558785790334
2023-12-11,44.85,44.95,44.75,44.85,44.85,2882,-0.13237851363245517,-0.16085926328277708,-0.09787685936630772,-0.12837613181440594,-0.12837613181440594,-0.006424457244129356,-0.016986301369862983,-0.020813623462629927,-0.02010050251256285,-0.01730937773882557,-0.014105147462905273
2023-12-12,44.75,44.85,44.6,44.75,44.75,2882,-0.14452935792542757,-0.1729046876461786,-0.11627719572391361,-0.14050468120121445,-0.14050468120121445,-0.005113383726100577,-0.016483516483516484,-0.021001968934587636,-0.021537115994315063,-0.019113585550830738,-0.016915641476274078
2023-12-13,44.75,44.9,44.6,44.7,44.7,2882,-0.14452935792542757,-0.16688197546447828,-0.11627719572391361,-0.1465689558946183,-0.1465689558946183,-0.002899843854561576,-0.015310056173587251,-0.019808493531174677,-0.021507141684452353,-0.019908787931941792,-0.01830161054172757
2023-12-14,45.35,45.95,45.15,45.9,45.9,2882,-0.07162429216759411,-0.040405019648763515,-0.048809295746025064,-0.001026363252918445,-0.001026363252918445,0.01977338369251263,0.012462777103782898,0.007094273385504218,0.004486267644162344,0.005740830010079173,0.007278446289455168
2023-12-15,46.05,46.1,45.6,45.85,45.85,2882,0.01343161788321084,-0.02233688310366165,0.006391713326793461,-0.007090637946322282,-0.007090637946322282,0.014156160141561614,0.01180624517268021,0.006659836065573798,0.0033371628644893792,0.003853395805053089,0.005813315783700791
2023-12-18,45.6,45.65,45.25,45.5,45.5,2882,-0.041247181435163593,-0.07654129273896809,-0.03654240484095419,-0.049540560800151734,-0.049540560800151734,0.0035288928098808243,0.005747126436781723,-0.0006589062156819929,-0.004103967168262654,-0.004027668330268903,-0.0019741171309498443
2023-12-19,45.35,45.4,44.85,44.9,44.9,2882,-0.07162429216759411,-0.10665485364747149,-0.08560996846123684,-0.1223118571210021,-0.1223118571210021,-0.010359268238924529,-0.00608743774211397,-0.012246095182224945,-0.01589041095890414,-0.01668783671324078,-0.014918824045634198
2023-12-20,45.05,45.1,44.8,44.85,44.85,2882,-0.10807682504651127,-0.14279112673767522,-0.09174341391377272,-0.12837613181440594,-0.12837613181440594,-0.012114537444933859,-0.005873877867671362,-0.012042000146853664,-0.015421766094067143,-0.017007846403366573,-0.01587185488589825
2023-12-21,44.6,44.8,44.6,44.7,44.7,2882,-0.1627556243648857,-0.1789273998278798,-0.11627719572391361,-0.1465689558946183,-0.1465689558946183,-0.010186005314437573,-0.00853942552955524,-0.01273650887138322,-0.016988289625597907,-0.01947881021321381,-0.01884031461496237
2023-12-22,44.7,44.85,44.6,44.65,44.65,2882,-0.1506047800719133,-0.1729046876461786,-0.11627719572391361,-0.152633230588023,-0.152633230588023,-0.006010685663401672,-0.00920892044824141,-0.011803762449280667,-0.01630315047367266,-0.019586315928154296,-0.019722638954956122
2023-12-25,44.8,45.1,44.7,44.85,44.85,2882,-0.1384539357789418,-0.14279112673767522,-0.10401030481884273,-0.12837613181440594,-0.12837613181440594,0.0013395847287341431,-0.004770886497281779,-0.00532268795741854,-0.010916308303010198,-0.01445899622044463,-0.015043373229383886
2023-12-26,45.0,45.3,44.95,45.2,45.2,2882,-0.11415224719299703,-0.11870027801087302,-0.07334307755616595,-0.08592620896057648,-0.08592620896057648,0.007803790412485937,0.001995123032587085,0.002958579881656794,-0.0023176249862043876,-0.005937981086430526,-0.007175281886073969
2023-12-27,45.25,45.5,45.15,45.45,45.45,2882,-0.0837751364605665,-0.09460942928406996,-0.048809295746025064,-0.05560483549355557,-0.05560483549355557,0.01067378252168121,0.005864778134336629,0.008505917159763144,0.003532788695076257,0.00030812571529174643,-0.0014646649578907993
2023-12-28,45.45,45.8,45.35,45.8,45.8,2882,-0.059473447874621735,-0.058473156193866234,-0.024275513935883307,-0.013154912639726981,-0.013154912639726981,0.01349856162867874,0.013835085777531822,0.015070921985815437,0.01204286819136011,0.008455169984146565,0.006114304543623817
2023-12-29,45.75,45.8,45.5,45.75,45.75,2882,-0.02302091499570545,-0.058473156193866234,-0.00587517757827742,-0.01921918733313082,-0.01921918733313082,0.00748733759083894,0.012952507472600325,0.012616201859229754,0.011273209549071732,0.007842446138256194,0.005052724077328577
2024-01-02,45.6,45.6,45.25,45.5,45.5,2882,-0.041247181435163593,-0.08256400492066843,-0.03654240484095419,-0.049540560800151734,-0.049540560800151734,-0.0008783487044357981,0.007417247868924913,0.00611778580378854,0.006581494386372422,0.0025559668605677505,-0.0002929544455837575
2024-01-03,45.05,45.25,44.8,44.95,44.95,2882,-0.10807682504651127,-0.12472299019257335,-0.09174341391377272,-0.11624758242759739,-0.11624758242759739,-0.011870740822158542,-0.004870489262785009,-0.006337042222386018,-0.004925563119154278,-0.0086454060253186,-0.01150857645506524
2024-01-04,44.85,44.95,44.7,44.7,44.7,2882,-0.13237851363245517,-0.16085926328277708,-0.10401030481884273,-0.1465689558946183,-0.1465689558946183,-0.014115571239523611,-0.010076403499058759,-0.011863532532606184,-0.009637753406447375,-0.013245033112582657,-0.015852047556142487
2024-01-05,44.7,44.95,44.7,44.85,44.85,2882,-0.1506047800719133,-0.16085926328277708,-0.10401030481884273,-0.12837613181440594,-0.12837613181440594,-0.006644518272425186,-0.007084348018596419,-0.007011070110701023,-0.006149243809207164,-0.008489189547685221,-0.011497630679939792
2024-01-08,44.9,45.5,44.85,45.1,45.1,2882,-0.1263030914859694,-0.09460942928406996,-0.08560996846123684,-0.09805475834738502,-0.09805475834738502,0.001776988005331084,-0.0025434037376977107,-0.0003694126339120588,-0.0008861320336729984,-0.0021240817771485004,-0.005110482003014871
2024-01-09,45.1,45.25,44.75,44.75,44.75,2882,-0.10200140290002464,-0.12472299019257335,-0.09787685936630772,-0.14050468120121445,-0.14050468120121445,-0.0026743926899932572,-0.010065258267890682,-0.007026627218934984,-0.008529965658579773,-0.008551931939028774,-0.01210493395636334
2024-01-10,45.0,45.1,44.7,44.7,44.7,2882,-0.11415224719299703,-0.14279112673767522,-0.10401030481884273,-0.1465689558946183,-0.1465689558946183,-0.002677376171352176,-0.010076403499058759,-0.007842556969517417,-0.009582894809726858,-0.008913130238126779,-0.01226383824991713
2024-01-11,44.6,44.75,44.4,44.6,44.6,2882,-0.1627556243648857,-0.18495011200958014,-0.14081097753405536,-0.15869750528142684,-0.15869750528142684,-0.0044642857142856195,-0.010428222764588548,-0.009695803419435876,-0.011689103096781416,-0.010384308156563493,-0.01363803907113897
2024-01-12,44.5,44.65,44.5,44.5,44.5,2882,-0.17490646865785808,-0.19699553637298167,-0.12854408662898448,-0.1708260546682354,-0.1708260546682354,-0.00514196288844185,-0.009790832220738713,-0.011623602576441848,-0.012373078843699818,-0.012164801988989562,-0.014396456256921342
2024-01-15,44.65,44.9,44.45,44.45,44.45,2882,-0.15668020221839993,-0.16688197546447828,-0.1346775320815195,-0.1768903293616392,-0.1768903293616392,-0.0033632286995515376,-0.008033920999776822,-0.01244167962674966,-0.0119477632675742,-0.01292414283176425,-0.014339566856382619
2024-01-16,44.3,44.35,43.7,44.0,44.0,2882,-0.19920815724380284,-0.23313180946318537,-0.22667921386954978,-0.2314688016022772,-0.2314688016022772,-0.010123734533183415,-0.01477832512315279,-0.021207177814029515,-0.020317283607013667,-0.022178763500600128,-0.02269277755154929
2024-01-17,43.8,43.9,43.3,43.3,43.3,2882,-0.2599623787086639,-0.28733621909849183,-0.2757467774898333,-0.3163686473099361,-0.3163686473099361,-0.01969662666968541,-0.02685695021912591,-0.034057108863771654,-0.03418279150170091,-0.03649310191366267,-0.03663601305250671
2024-01-18,43.25,43.55,43.1,43.3,43.3,2882,-0.3267920223200107,-0.32949520437039675,-0.3002805592999742,-0.3163686473099361,-0.3163686473099361,-0.013892051924390946,-0.02378536805320723,-0.030958597538231995,-0.032510334040889405,-0.035290972284110066,-0.035097493036211916
2024-01-19,43.15,43.8,43.15,43.8,43.8,2882,-0.3389428666129831,-0.29938164346189333,-0.2941471138474392,-0.25572590037589427,-0.25572590037589427,0.0006854009595613695,-0.010169491525423792,-0.016835016835016835,-0.02035338850369053,-0.022321428571428572,-0.023084643693543228
2024-01-22,43.9,44.0,43.85,43.85,43.85,2882,-0.2478115344156915,-0.2752907947350903,-0.2082788775119439,-0.24966162568248956,-0.24966162568248956,0.004581901489118213,-0.006232294617563707,-0.012906130411945613,-0.018356839041862555,-0.019454382826475793,-0.02124176927941656
2024-01-23,44.2,44.2,43.85,44.2,44.2,2882,-0.21135900153677437,-0.25119994600828727,-0.2082788775119439,-0.2072117028286601,-0.2072117028286601,0.011673151750972716,0.0029498525073746893,-0.003082475001879479,-0.009801176141136935,-0.010477299185098715,-0.012952210808396567
2024-01-24,44.15,44.4,44.0,44.2,44.2,2882,-0.217434423683261,-0.22710909728148504,-0.18987854115433803,-0.2072117028286601,-0.2072117028286601,0.007522224754957954,0.0040890504316221455,-0.001956947162426439,-0.008690776562938107,-0.009856630824372709,-0.012547939084782382
2024-01-25,44.2,44.35,44.15,44.35,44.35,2882,-0.21135900153677437,-0.23313180946318537,-0.17147820479673212,-0.18901887874844775,-0.18901887874844775,0.006125226860253992,0.008069098761222795,0.001957978763461089,-0.0040981305787907134,-0.006051098162258988,-0.008938547486033488
2024-01-26,44.3,44.55,44.25,44.5,44.5,2882,-0.19920815724380284,-0.20904096073638317,-0.15921131389166124,-0.1708260546682354,-0.1708260546682354,0.006331976481230077,0.01147857711103524,0.005877034358046971,0.000730870860740965,-0.0025105352819871102,-0.004548504958616057
2024-01-29,44.3,44.5,44.25,44.4,44.4,2882,-0.19920815724380284,-0.2150636729180835,-0.15921131389166124,-0.1829546040550439,-0.1829546040550439,0.001579066095195134,0.009320300068197403,0.004676421783074297,-1.6003214769371623e-16,-0.0045289448903636205,-0.00571044675848175
2024-01-30,44.4,44.4,43.9,43.9,43.9,2882,-0.18705731295083047,-0.22710909728148504,-0.2021454320594089,-0.24359735098908572,-0.24359735098908572,-0.008357804382200079,-0.0018190086402910027,-0.005362132769428244,-0.009476534296029078,-0.014899919217305638,-0.01573184858562837
2024-01-31,43.9,44.15,43.8,44.15,44.15,2882,-0.2478115344156915,-0.25722265818998846,-0.2144123229644798,-0.2132759775220648,-0.2132759775220648,-0.002485314053321431,0.0019289685691590546,0.0011337868480724978,-0.0029358626919603107,-0.00835541979246215,-0.009571524713975982
2024-02-01,44.4,44.5,44.2,44.45,44.45,2882,-0.18705731295083047,-0.2150636729180835,-0.16534475934419626,-0.1768903293616392,-0.1768903293616392,0.0038392050587174533,0.006111362607514784,0.00816511680653208,0.004122663353476129,-0.0007193921136638748,-0.0025431969481637404
2024-02-02,44.4,44.45,44.05,44.1,44.1,2882,-0.18705731295083047,-0.22108638509978384,-0.183745095701803,-0.21934025221546866,-0.21934025221546866,-0.002262443438914059,-0.0024881248586292566,0.0008321355624478796,-0.002939181550983393,-0.0070698428423471675,-0.009952854897852161
2024-02-05,43.9,44.05,43.7,43.9,43.9,2882,-0.2478115344156915,-0.26926808255338996,-0.22667921386954978,-0.24359735098908572,-0.24359735098908572,-0.004535147392290314,-0.0071242790908062365,-0.0028770442156268584,-0.006112746207833442,-0.009923319801533713,-0.013889408857774085
2024-02-15,44.0,44.5,43.95,44.05,44.05,2882,-0.23566069012271915,-0.2150636729180835,-0.19601198660687302,-0.22540452690887336,-0.22540452690887336,-0.0018128257421256605,-0.003393665158371169,0.0004542357483534665,-0.0019259091424041678,-0.005239149089923656,-0.009926952612848922
2024-02-16,44.3,44.55,44.2,44.55,44.55,2882,-0.19920815724380284,-0.20904096073638317,-0.16534475934419626,-0.16476177997483155,-0.16476177997483155,0.007690567744854183,0.007121057985757833,0.009898745655130579,0.009574528355333962,0.006415759273482848,0.0017989655947829614
2024-02-19,44.6,45.05,44.55,45.0,45.0,2882,-0.1627556243648857,-0.1488138389193764,-0.12241064117644948,-0.11018330773419355,-0.11018330773419355,0.015342960288808659,0.015801354401805936,0.01748567983117275,0.019310266719519936,0.01630606621798639,0.012259588347767443
2024-02-20,45.0,45.1,44.8,45.1,45.1,2882,-0.11415224719299703,-0.14279112673767522,-0.09174341391377272,-0.09805475834738502,-0.09805475834738502,0.01302785265049412,0.016681695220919793,0.017752369489995375,0.020881670533642843,0.01833453757225428,0.01504182452455088
2024-02-21,45.05,45.05,44.7,44.75,44.75,2882,-0.10807682504651127,-0.1488138389193764,-0.10401030481884273,-0.14050468120121445,-0.14050468120121445,0.001342582233161832,0.007996395990539565,0.008488581730769197,0.012615262770832096,0.010751230970773056,0.007920717744660083
2024-02-22,44.75,44.9,44.7,44.9,44.9,2882,-0.14452935792542757,-0.16688197546447828,-0.10401030481884273,-0.1223118571210021,-0.1223118571210021,0.0008916629514043501,0.009102146308574022,0.010805943268797767,0.014975981915795456,0.014001806684733456,0.011754985540992262
2024-02-23,44.8,44.85,44.45,44.45,44.45,2882,-0.1384539357789418,-0.1729046876461786,-0.1346775320815195,-0.1768903293616392,-0.1768903293616392,-0.008697591436217674,-0.0016844469399212969,0.00030005250918931493,0.003499266282876197,0.004065958888637897,0.0019912086260661594
2024-02-26,44.35,44.5,44.3,44.3,44.3,2882,-0.1931327350973162,-0.2150636729180835,-0.15307786843912624,-0.19508315344185245,-0.19508315344185245,-0.008948545861297666,-0.004718040889687889,-0.0030007501875468764,-0.0010147705491036579,0.0009489809751908013,-0.0010898568153633532
2024-02-27,44.3,44.75,44.2,44.3,44.3,2882,-0.19920815724380284,-0.18495011200958014,-0.16534475934419626,-0.19508315344185245,-0.19508315344185245,-0.005388414907947957,-0.005165057264765257,-0.0027014858171994023,-0.0015776425512733893,0.0011299435028247946,-0.0006767426122265089
2024-02-29,44.3,45.05,44.25,45.05,45.05,2882,-0.19920815724380284,-0.1488138389193764,-0.15921131389166124,-0.10411903304078972,-0.10411903304078972,0.010089686098654774,0.009071564564900911,0.013194392383236948,0.013954535223947725,0.017527216876722308,0.016280031582509083
2024-03-01,45.05,45.05,44.65,44.65,44.65,2882,-0.10807682504651127,-0.1488138389193764,-0.1101437502713786,-0.152633230588023,-0.152633230588023,0.00224466891133561,-0.0012302874398836755,0.0030702411262542267,0.004442944716270132,0.007900677200902968,0.0073322053017483525
2024-03-04,44.65,44.85,44.6,44.65,44.65,2882,-0.15668020221839993,-0.1729046876461786,-0.11627719572391361,-0.152633230588023,-0.152633230588023,0.0013455931823279272,-0.0014536509001453143,0.0023196647710266027,0.003934794828555465,0.0066735807367993725,0.007370083477475991
2024-03-05,44.65,44.95,44.65,44.65,44.65,2882,-0.15668020221839993,-0.16085926328277708,-0.1101437502713786,-0.152633230588023,-0.152633230588023,-0.00022391401701757983,-0.000671441360787691,0.0020197486535009743,0.0035963137783770866,0.0054494685642226025,0.0073322053017483525
2024-03-06,44.65,44.95,44.55,44.55,44.55,2882,-0.15668020221839993,-0.16085926328277708,-0.12241064117644948,-0.16476177997483155,-0.16476177997483155,-0.003578617758890553,-0.0016806722689076267,-0.0008970621215518984,0.0012923526437039377,0.0025203654529905657,0.005038351631824079
2024-03-07,44.6,45.0,44.55,44.85,44.85,2882,-0.1627556243648857,-0.15483655110107675,-0.12241064117644948,-0.12837613181440594,-0.12837613181440594,0.004029550033579577,0.004816847765206593,0.004404299790982515,0.007525553184319911,0.008363685417509939,0.011502029769959359
2024-03-08,44.8,45.3,44.75,45.3,45.3,2882,-0.1384539357789418,-0.11870027801087302,-0.09787685936630772,-0.0737976595737688,-0.0737976595737688,0.011160714285714286,0.01398992725237829,0.012592206243945877,0.01603678367163852,0.01747450698531044,0.02065339842283134
2024-03-11,45.9,46.5,45.7,46.05,46.05,2882,-0.004794648556247305,0.025844814349943603,0.018658604231864342,0.01716646082729393,0.01716646082729393,0.02151730257320317,0.027099364335898372,0.027061185042004263,0.030662488809310596,0.03260382097049048,0.03541315345699822
2024-03-12,46.1,46.5,46.0,46.5,46.5,2882,0.019507040029697463,0.025844814349943603,0.055459276947076114,0.07174493306793192,0.07174493306793192,0.02310231023102304,0.03207191210742443,0.03478970402789125,0.038352034835036033,0.04068752517792411,0.04302964596807365
2024-03-13,46.55,46.85,46.45,46.8,46.8,2882,0.0741858393480719,0.06800379962184852,0.11066028601989464,0.10813058122835666,0.10813058122835666,0.01960784313725487,0.03299856527977039,0.03884572697003346,0.04191016864251112,0.04524947514182346,0.047409452049684955
2024-03-14,46.9,48.4,46.9,48.3,48.3,2882,0.1167137943734748,0.25470787725456917,0.1658612950927123,0.2900588220304821,0.2900588220304821,0.036703155183515794,0.05851413543721224,0.06653908435153841,0.07006369426751596,0.07500556421099483,0.07740352442560766
2024-03-15,48.5,48.5,47.3,47.65,47.65,2882,0.31112730306103037,0.26675330161797073,0.21492885871299494,0.21122325101622794,0.21122325101622794,0.012537186570335816,0.0374482908774223,0.047943699142291615,0.051470182600540704,0.0570097604259095,0.06018467015240846
2024-03-18,47.7,48.15,47.25,47.55,47.55,2882,0.213920548717253,0.2245943163460658,0.20879541326045994,0.1990947016294194,0.1990947016294194,0.004011824324324276,0.02877542189528339,0.04101291687951547,0.04580194644526301,0.051618895966029636,0.05533772286750033
2024-03-19,47.35,48.0,47.15,47.75,47.75,2882,0.1713925936918501,0.20652617980096394,0.19652852235538906,0.22335180040303648,0.22335180040303648,0.0029405587061541814,0.026219643240919813,0.040153935521347835,0.04703431641267396,0.05296815736085386,0.05711755589993371
2024-03-20,47.75,47.95,47.45,47.5,47.5,2882,0.21999597086373876,0.2005034676192636,0.2333291950706017,0.19303042693601555,0.19303042693601555,-0.005235602094240838,0.014415376401494866,0.029921942758022606,0.03881902679059592,0.04432327851552206,0.049259995582063267
2024-03-21,47.7,48.65,47.7,48.55,48.55,2882,0.213920548717253,0.2848214381630726,0.26399642233327847,0.320380195497503,0.320380195497503,0.015690376569037656,0.028710668503019475,0.04738961599309648,0.057388652945660416,0.06306109043135527,0.06918700679023672
2024-03-22,48.9,49.3,48.2,48.55,48.55,2882,0.359730680232919,0.36311669652518125,0.325330876858632,0.320380195497503,0.320380195497503,0.01187994997915799,0.0216750841750842,0.041547482837528626,0.053202451325993674,0.0588876772082878,0.06554978418318802
2024-03-25,48.6,48.6,47.8,48.1,48.1,2882,0.32327814735400273,0.27879872598137223,0.27626331323834846,0.2658017232568659,0.2658017232568659,0.00020794343938459382,0.00785751702462022,0.026827012025901965,0.03932584269662938,0.04583405809706045,0.052631578947368446
2024-03-26,47.9,48.45,47.85,48.35,48.35,2882,0.23822223730319692,0.26073058943627037,0.2823967586908844,0.2961230967238868,0.2961230967238868,0.0029039618336446317,0.009183886453767432,0.026757273306434442,0.040176410477061254,0.04821575683996019,0.05510092744135294
2024-03-27,48.1,48.35,48.05,48.2,48.2,2882,0.2625239258891417,0.24868516507286886,0.30693054050102525,0.2779302726436745,0.2779302726436745,-0.0031023784901757718,0.0031217481789803476,0.01830985915492974,0.032617428097049074,0.042162162162162224,0.048700003626210325
2024-03-28,48.4,48.45,48.0,48.25,48.25,2882,0.29897645876805795,0.26073058943627037,0.3007970950484902,0.2839945473370783,0.2839945473370783,-0.0008283288465520635,0.004266833177229645,0.014507989907485384,0.030157459300773983,0.04009484802759214,0.046486408328513695
2024-03-29,48.25,48.7,48.15,48.65,48.65,2882,0.2807501923285998,0.2908441503447738,0.31919743140609613,0.3325087448843116,0.3325087448843116,0.007037880356034019,0.010489147367327917,0.018137425880711554,0.03428115865001322,0.04533734422002577,0.051664504971897986
2024-04-01,48.9,49.2,48.7,48.95,48.95,2882,0.359730680232919,0.3510712721617806,0.3866653313839855,0.3688943930447372,0.3688943930447372,0.00969471947194717,0.013772393082738041,0.020287639824914952,0.03592402518385266,0.04773116438356173,0.0548053440597616
2024-04-02,48.75,49.05,48.7,48.95,48.95,2882,0.34150441379346086,0.3330031356166778,0.3866653313839855,0.3688943930447372,0.3688943930447372,0.007201646090535008,0.011259167441380058,0.016825924387204035,0.031231895507452655,0.04357651473159108,0.05182107939691299
2024-04-03,48.75,48.75,48.05,48.05,48.05,2882,0.34150441379346086,0.2968668625264741,0.30693054050102525,0.2597374485634612,0.2597374485634612,-0.010706197241095535,-0.008460586050350735,-0.0035943872261009007,0.008553287505903319,0.021123767426045558,0.03030519619755559
2024-04-08,48.0,48.5,47.75,48.35,48.35,2882,0.2503730815961693,0.26675330161797073,0.2701298677858135,0.2961230967238868,0.2961230967238868,-0.004939287919325005,-0.0018579686209743251,0.0025573679845175873,0.011136090343493617,0.024624904636772037,0.034077136950167695
2024-04-09,48.55,49.45,48.45,49.45,49.45,2882,0.3172027252075161,0.38118483307028395,0.3559981041213088,0.429537139978779,0.429537139978779,0.014358974358974418,0.018957345971564017,0.0228212906784335,0.029672045809474322,0.043689320388349516,0.05418369159708662
2024-04-10,49.5,49.5,48.75,48.75,48.75,2882,0.43263574599075244,0.3872075452519843,0.39279877683652054,0.3446372942711201,0.3446372942711201,0.0008211866146581636,0.0031896285626093453,0.0066767621145373875,0.012250830564784125,0.025365976779404255,0.0360950727923206
2024-04-11,49.7,50.5,49.4,49.7,49.7,2882,0.4569374345766972,0.5076617888859979,0.47253356771947996,0.4598585134457999,0.4598585134457999,0.017191977077363967,0.0199056022983788,0.023546371936569055,0.028559602649006675,0.04092489423197771,0.05226013620805251
2024-04-12,49.65,49.65,48.95,49.05,49.05,2882,0.45086201243021057,0.4052756817970862,0.4173325586466623,0.3810229424315449,0.3810229424315449,-0.0002038320423971691,0.004814094028474843,0.00801479654747212,0.012749703195168528,0.023452823102282586,0.03502848702257853
2024-04-15,48.75,49.3,48.4,48.95,48.95,2882,0.34150441379346086,0.36311669652518125,0.34986465866877287,0.3688943930447372,0.3688943930447372,-0.004676697844652234,0.0013296512222562692,0.005408736135834778,0.01000722170638604,0.017883135787065903,0.03009259259259274
2024-04-16,48.55,48.8,47.55,47.85,47.85,2882,0.3172027252075161,0.30288957470817446,0.2455960859756717,0.235480349789845,0.235480349789845,-0.020671305771592263,-0.019567667247208244,-0.016241776315789457,-0.012893243940175492,-0.007096613545816707,0.004689249720044855
2024-04-17,47.8,48.15,47.6,47.9,47.9,2882,0.22607139301022453,0.2245943163460658,0.2517295314282076,0.24154462448324884,0.24154462448324884,-0.016225097555966444,-0.016427104722792695,-0.01494378941595832,-0.012218384286229853,-0.007582977665437215,0.003456583219859624
2024-04-18,47.9,48.65,47.5,48.45,48.45,2882,0.23822223730319692,0.2848214381630726,0.2394626405231367,0.3082516461106954,0.3082516461106954,0.0002064409578861502,-0.004110996916752225,-0.0037697052775873207,-0.0015970326103754257,0.002192619559821462,0.012292370372949774
2024-04-19,47.8,48.2,47.05,47.45,47.45,2882,0.22607139301022453,0.230617028527767,0.18426163145031818,0.18696615224261173,0.18696615224261173,-0.013923524522028151,-0.02346161761679359,-0.023327615780445957,-0.022153529108706764,-0.01902005375232571,-0.010599478714161588
2024-04-22,47.9,48.6,47.75,48.4,48.4,2882,0.23822223730319692,0.27879872598137223,0.2701298677858135,0.3021873714172907,0.3021873714172907,0.008123307644240647,-0.004012758514250443,-0.0039785978872275115,-0.0024218065646416185,0.0005374788109314146,0.00672536920196902
2024-04-23,48.55,48.95,48.5,48.75,48.75,2882,0.3172027252075161,0.32095771125327716,0.36213154957384375,0.3446372942711201,0.3446372942711201,0.011620668188420733,0.00463678516228751,0.0030864197530863905,0.00458502910720733,0.006856954025362484,0.011585682171883036
2024-04-24,49.05,49.5,49.0,49.25,49.25,2882,0.37795694667237717,0.3872075452519843,0.4234660040991973,0.4052800412051619,0.4052800412051619,0.016302104828724705,0.013896037056098758,0.012957630604689333,0.013687352063394035,0.015757125768262915,0.0197039235308327
2024-04-25,48.7,48.8,48.35,48.55,48.55,2882,0.3354289916469751,0.30288957470817446,0.3437312132162379,0.320380195497503,0.320380195497503,0.001443894389438803,0.001857201815930735,-0.0008917546988613641,-0.0009260211955964359,0.0006595490333483753,0.0037904893177118544
2024-04-26,48.6,49.2,48.6,48.9,48.9,2882,0.32327814735400273,0.3510712721617806,0.37439844047891463,0.3628301183513325,0.3628301183513325,0.002665573098216169,0.009392094127360742,0.0051387461459403904,0.005552128315854329,0.0067114093959731655,0.00956575596999499
2024-04-29,49.3,50.9,49.25,50.8,50.8,2882,0.40833405740480766,0.5558434863396031,0.45413323136187406,0.5932725567006912,0.5932725567006912,0.03147208121827405,0.04462266090890401,0.04069926249658544,0.041890991129569746,0.04389281604471454,0.04699093157460844
2024-04-30,50.8,51.2,50.5,50.5,50.5,2882,0.5905967217993908,0.5919797594298077,0.6074693676752579,0.5568869085402665,0.5568869085402665,0.01814516129032255,0.032825442274261256,0.03307193999318105,0.033776867963152477,0.03606745722374945,0.038774040933868104
2024-05-02,50.2,50.7,50.0,50.3,50.3,2882,0.5176916560415583,0.5317526376128009,0.5461349131499044,0.5326298097666494,0.5326298097666494,0.00983738205179687,0.023710186221634257,0.0268100163309744,0.02826186947411459,0.030104443989350787,0.032712838762660686
2024-05-03,50.4,50.7,50.1,50.2,50.2,2882,0.5419933446275021,0.5317526376128009,0.5584018040549753,0.5205012603798418,0.5205012603798418,0.001196649381731198,0.018049077266274745,0.02407180742554059,0.024908125765618596,0.026500899721904125,0.02893451303248732
2024-05-06,50.6,51.3,50.5,50.9,50.9,2882,0.566295033213447,0.6040251837932084,0.6074693676752579,0.6054011060874998,0.6054011060874998,0.007123070834982181,0.025073003725707328,0.035745777657193264,0.03618504758511891,0.03852117848690113,0.040864319552844024
2024-05-07,51.5,51.5,50.6,50.9,50.9,2882,0.6756526318501966,0.6281160325200114,0.6197362585803288,0.6054011060874998,0.6054011060874998,0.006724683544303865,0.01993788197575388,0.03301312406981461,0.033502538071065964,0.03627997882649938,0.03919967333605557
2024-05-08,50.9,51.1,50.7,50.9,50.9,2882,0.6027475660923632,0.5799343350664061,0.6320031494853997,0.6054011060874998,0.6054011060874998,0.005134281200631872,0.015562649640861955,0.02876776931887082,0.03198337472755828,0.034384652901967315,0.03754034312892819
2024-05-09,51.2,52.4,51.0,51.7,51.7,2882,0.6392000989712804,0.7365248517906234,0.6688038222006114,0.7024295011819672,0.7024295011819672,0.015318146111547547,0.02650650253151992,0.03961391514176551,0.04507782494441084,0.04829879557159653,0.05127596841427461
2024-05-10,53.0,55.5,53.0,55.5,55.5,2882,0.8579152962447798,1.1099330070560656,0.9141416403020256,1.1633143778806847,1.1633143778806847,0.06771835321277421,0.08695652173913039,0.10557768924302782,0.11535369774919618,0.1194029850746269,0.12310286677908942
2024-05-13,56.3,56.4,54.7,55.1,55.1,2882,1.2588931579128624,1.2183418263266776,1.1226787856882279,1.1148001803334515,1.1148001803334515,0.043165467625899165,0.06617647058823518,0.08657069611516467,0.10062421972534336,0.10504993782840623,0.10984288975426346
2024-05-14,55.2,55.7,54.2,54.3,54.3,2882,1.1252338706901688,1.1340238557828688,1.0613443311628743,1.017771785238984,1.017771785238984,0.01495327102803733,0.04362867576398238,0.06255299719522533,0.07887939598648915,0.08383233532934123,0.08930422280918775
2024-05-15,55.0,57.0,54.7,56.6,56.6,2882,1.100932182104224,1.290614372507086,1.1226787856882279,1.296728421135577,1.296728421135577,0.03587115666178625,0.07522796352583588,0.09633264462809923,0.11488649234254204,0.12332790854602481,0.12943993614473853
2024-05-16,57.0,57.4,56.3,56.4,56.4,2882,1.3439490679636683,1.3387960699606913,1.3189490401693584,1.27247132236196,1.27247132236196,0.014753508456279242,0.059154929577464765,0.0824643336958608,0.10172388533476591,0.11260159393987214,0.11989939438064667
2024-05-17,56.4,56.8,56.1,56.4,56.4,2882,1.271044002205835,1.266523523780283,1.2944152583592177,1.27247132236196,1.27247132236196,0.011477761836441775,0.04696491553740475,0.071700025335698,0.09323512308586941,0.10675039246467813,0.11440426793123887
2024-05-20,56.8,56.9,55.7,56.0,56.0,2882,1.3196473793777235,1.2785689481436844,1.245347694738935,1.2239571248147265,1.2239571248147265,0.0010725777618877776,0.02979036410445025,0.054613935969868146,0.07656077281684052,0.09293883445880027,0.10073710073710074
2024-05-21,55.8,55.9,54.6,55.4,55.4,2882,1.1981389364480013,1.158114704509671,1.110411894783157,1.151185828493876,1.151185828493876,-0.013532763532763623,0.010395768739741023,0.0373236799400825,0.057908053659235334,0.07581171353114798,0.08393660731755037
2024-05-22,55.5,56.0,55.3,56.0,56.0,2882,1.161686403569085,1.1701601288730725,1.1962801311186515,1.2239571248147265,1.2239571248147265,-0.0007137758743754309,0.011926273942898514,0.041408380857922276,0.062014033756874705,0.08062212959746835,0.09101535863882847
2024-05-23,55.2,55.4,54.6,54.8,54.8,2882,1.1252338706901688,1.0978875826926642,1.110411894783157,1.0784145321730259,1.0784145321730259,-0.01651112706389104,-0.015274034141958695,0.013438540253975948,0.03381596943828684,0.05186379515528424,0.06345817970114488
2024-05-24,54.4,55.3,54.4,54.9,54.9,2882,1.0280271163463905,1.0858421583292626,1.0858781129730153,1.0905430815598343,1.0905430815598343,-0.009382894261999208,-0.01241230437128976,0.009438587889188565,0.02953586497890287,0.048590419436167716,0.06182709045193731
2024-05-27,55.7,56.0,55.2,55.6,55.6,2882,1.1859880921550299,1.1701601288730725,1.1840132402135815,1.1754429272674933,1.1754429272674933,0.0046982291290206925,-0.0007189072609633204,0.016453382084095036,0.036153559448378635,0.05538893739797287,0.07084389946393609
2024-05-28,55.6,57.3,55.6,56.8,56.8,2882,1.1738372478620576,1.3267506455972897,1.233080803833864,1.320985519909193,1.320985519909193,0.021215390147428848,0.016281982465557284,0.030977734753146118,0.05263157894736835,0.07133426383492407,0.08847013733631429
2024-05-29,56.8,56.8,55.4,55.6,55.6,2882,1.3196473793777235,1.266523523780283,1.2085470220237224,1.1754429272674933,1.1754429272674933,0.0010803024846957558,-0.003405628248790065,0.0034893514619179725,0.025546435488333585,0.04330856413720633,0.06022564754489111
2024-05-30,55.5,56.7,55.4,55.6,55.6,2882,1.161686403569085,1.2544780994168823,1.2085470220237224,1.1754429272674933,1.1754429272674933,-0.0017953321364452678,-0.0019745108598097187,-0.0011976047904190936,0.020558002936857514,0.03835954132895099,0.05506182991239439
2024-05-31,56.0,56.7,55.6,56.2,56.2,2882,1.2224406250339461,1.2544780994168823,1.233080803833864,1.2482142235883436,1.2482142235883436,0.004288777698356004,0.009157838031962743,0.008735192054565126,0.025921869295363435,0.043600980464978206,0.06124504311701403
2024-06-03,56.6,56.8,56.1,56.7,56.7,2882,1.2953456907917795,1.266523523780283,1.2944152583592177,1.3088569705223854,1.3088569705223854,0.009255962976148278,0.01685796269727399,0.015764958796130466,0.029598692573088975,0.046820766560815186,0.06448887637285276
2024-06-04,56.3,56.5,55.8,56.4,56.4,2882,1.2588931579128624,1.2303872506900793,1.257614585644005,1.27247132236196,1.27247132236196,0.00534759358288765,0.009667024704618674,0.007862759113652569,0.019062245912006368,0.03699345443847922,0.05358199196737132
2024-06-05,56.5,57.0,56.1,56.5,56.5,2882,1.2831948464988072,1.290614372507086,1.2944152583592177,1.2845998717487683,1.2845998717487683,0.003909026297086105,0.010552673940261067,0.009770046467294177,0.015730337078651686,0.03426814088013486,0.050381111730805
2024-06-06,56.6,57.6,56.6,57.5,57.5,2882,1.2953456907917795,1.3628869186874943,1.3557497128845712,1.405885365616852,1.405885365616852,0.014825273561595416,0.02349590601637581,0.026297001427891535,0.028346597514083895,0.04705368198703481,0.063534634236567
2024-06-07,57.5,58.4,57.5,58.2,58.2,2882,1.4047032894285294,1.4592503135947048,1.4661517310302072,1.4907852113245108,1.4907852113245108,0.019978969505783394,0.029906211290037118,0.036570885775350295,0.03835860838537031,0.05366065609385194,0.07011522431968618
2024-06-11,58.8,59.7,58.3,58.7,58.7,2882,1.5626642652371676,1.615840830318923,1.5642868582707727,1.5514279582585526,1.5514279582585526,0.02158022972502614,0.0330869412178812,0.04213516392472485,0.04392672950382369,0.05674371714553181,0.07286462775679307
2024-06-12,58.1,58.4,57.6,57.9,57.9,2882,1.4776083551863628,1.4592503135947048,1.4784186219352782,1.4543995631640854,1.4543995631640854,0.002423822714681327,0.01703846829439648,0.024899693179136047,0.02641375642616548,0.03711399297843368,0.053685168334849785
2024-06-13,58.4,58.8,57.8,58.1,58.1,2882,1.514060888065279,1.5074320110483101,1.5029524037454192,1.4786566619377024,1.4786566619377024,0.00034435261707994365,0.016089541797831567,0.025897586815774018,0.02859166150305407,0.03535533537671955,0.05247267677072644
2024-06-14,58.6,58.6,57.5,58.2,58.2,2882,1.538362576651224,1.4833411623215078,1.4661517310302072,1.4907852113245108,1.4907852113245108,-0.0003435245620062371,0.013231197771587834,0.023566654941962775,0.028722934158197082,0.03235419327373347,0.049278846153846166
2024-06-17,58.2,58.2,57.4,57.5,57.5,2882,1.489759199479335,1.4351594648679027,1.4538848401251365,1.405885365616852,1.405885365616852,-0.009986225895316897,-0.0012159110647908178,0.008182349503214528,0.015362881864736087,0.01849227717160261,0.03213067671872194
2024-06-18,58.0,58.9,58.0,58.9,58.9,2882,1.4654575108933903,1.5194774354117115,1.5274861855555608,1.575685057032169,1.575685057032169,0.013420509291121712,0.01920747534175462,0.028761061946902686,0.03742844561867019,0.040488976823064037,0.052224141011135566
2024-06-19,59.1,59.3,58.2,59.0,59.0,2882,1.5991167981160848,1.5676591328653169,1.5520199673657027,1.5878136064189774,1.5878136064189774,0.011312992800822581,0.01636520241171409,0.027874564459930338,0.03590553946097787,0.03880554968659779,0.048951048951048896
2024-06-20,59.0,60.2,58.8,60.1,60.1,2882,1.5869659538231125,1.6760679521359299,1.625621312796126,1.7212276496738697,1.7212276496738697,0.02315287708546147,0.028933401814757707,0.04159445407279027,0.05143456962911122,0.05557116762680894,0.0627136626193565
2024-06-21,60.1,60.4,59.7,60.1,60.1,2882,1.720625241045807,1.700158800862732,1.7360233309417632,1.7212276496738697,1.7212276496738697,0.016576454668470852,0.024373615135503658,0.03620689655172416,0.046582498911623936,0.052834419452035694,0.05747800586510262
2024-06-24,60.3,60.5,59.6,60.3,60.3,2882,1.744926929631751,1.7122042252261334,1.7237564400366923,1.7454847484474858,1.7454847484474858,0.010388739946380775,0.024116847826086987,0.03477862944743159,0.04515122627610693,0.05345911949685526,0.05801848169376532
2024-06-25,60.8,61.2,60.1,60.5,60.5,2882,1.805681151096612,1.7965221957699433,1.7850908945620458,1.7697418472211028,1.7697418472211028,0.008333333333333333,0.024381984422621024,0.033716824239662886,0.0441836382464619,0.053639846743294986,0.058185634328358236
2024-06-26,60.3,60.5,59.0,59.5,59.5,2882,1.744926929631751,1.7122042252261334,1.650155094606268,1.6484563533530192,1.6484563533530192,-0.009983361064891871,0.004728132387706995,0.013053348467650381,0.024537236332328835,0.033273131425396014,0.03754940711462443
2024-06-27,58.9,59.1,58.3,59.1,59.1,2882,1.5748151095301401,1.5435682841385145,1.5642868582707727,1.599942155805786,1.599942155805786,-0.013355592654423994,-0.0037086985839515497,0.0032820280669986724,0.014592274678111613,0.024121438968600594,0.029078878634859986
2024-06-28,59.1,59.6,58.6,59.0,59.0,2882,1.5991167981160848,1.6037954059555215,1.6010875309859853,1.5878136064189774,1.5878136064189774,-0.01139410187667548,-0.00673400673400671,-0.00011298158400182537,0.009928106812735458,0.019420830741585373,0.025789626195305726
2024-07-01,57.9,58.1,56.7,58.1,58.1,2882,1.453306666600418,1.423114040504501,1.368016603789642,1.4786566619377024,1.4786566619377024,-0.01924375422012143,-0.022872519340733255,-0.01525423728813557,-0.007092198581560389,0.001655058271843384,0.009147753589624774
2024-07-02,57.8,58.5,57.4,58.2,58.2,2882,1.4411558223074457,1.4712957379581064,1.4538848401251365,1.4907852113245108,1.4907852113245108,-0.00986730180333432,-0.020037043273278408,-0.01300169587337477,-0.006656426011264851,0.0015832587595511589,0.00959870475309358
2024-07-03,58.7,61.6,58.6,61.5,61.5,2882,1.5505134209441962,1.8447038932235487,1.6010875309859853,1.8910273410891867,1.8910273410891867,0.039202433254477996,0.03118712273641838,0.038734376759374,0.04511853173591628,0.05496088925483726,0.06309420916162486
2024-07-04,61.8,62.2,60.4,60.7,60.7,2882,1.927189594026334,1.9169764394039568,1.8218915672772578,1.79399894599472,1.79399894599472,0.020168067226890803,0.01675041876046901,0.022229706972044464,0.027855389044111598,0.037606837606837654,0.046431444661533185
2024-07-05,61.3,61.5,60.5,61.3,61.3,2882,1.8664353725614728,1.832658468860147,1.8341584581823285,1.8667702423155694,1.8667702423155694,0.022348232154769783,0.024740889334670505,0.028753636160214778,0.03468647143218824,0.04379512328020698,0.052842503005667854
2024-07-08,61.5,62.4,61.0,62.3,62.3,2882,1.8907370611474177,1.9410672881307591,1.895492912707682,1.988055736183653,1.988055736183653,0.024671052631578948,0.037987337554148515,0.039951034943245006,0.0479394449116904,0.05643356169029363,0.06550367709936704
2024-07-09,62.5,63.2,61.0,62.1,62.1,2882,2.0122455040771396,2.0374306830379703,1.895492912707682,1.963798637410037,1.963798637410037,0.008444300097434283,0.031904287138584154,0.03293413173652689,0.041596779604159625,0.049199161992295716,0.05816199023060334
2024-07-10,62.6,63.7,62.4,63.6,63.6,2882,2.024396348370112,2.097657804854977,2.067229385378672,2.1457268782121623,2.1457268782121623,0.02580645161290325,0.049678164713648956,0.05251544571932919,0.06168099490860542,0.0693388929988566,0.07955188412357136
2024-07-11,64.4,66.1,63.8,65.5,65.5,2882,2.2431115456436124,2.386747989576609,2.2389658580496614,2.376169316561521,2.376169316561521,0.040343074968233784,0.06973705699820355,0.07753893397674938,0.08668602239734552,0.09465873387258496,0.10560963258875812
2024-07-12,65.2,66.1,64.6,65.7,65.7,2882,2.34031829998739,2.386747989576609,2.3371009852902267,2.4004264153351382,2.4004264153351382,0.029135338345864764,0.061389337641357095,0.07423152387181174,0.08326463314097286,0.09201515856658456,0.10271903323262847
2024-07-15,66.0,66.0,64.1,65.0,65.0,2882,2.437525054331167,2.374702565213208,2.2757665307648733,2.315526569627479,2.315526569627479,0.009630319975147633,0.03850455344304208,0.05736904891009647,0.06513723883654242,0.07551790323648144,0.08562520877407859
2024-07-16,65.7,65.8,64.6,65.4,65.4,2882,2.401072521452251,2.350611716486405,2.3371009852902267,2.3640407671747137,2.3640407671747137,0.0055350553505534965,0.03301216237561212,0.05825242718446616,0.06601466992665043,0.07735898787559325,0.0870408332871628
2024-07-17,65.7,66.2,64.8,65.3,65.3,2882,2.401072521452251,2.398793413940011,2.3616347671003686,2.351912217787904,2.351912217787904,-0.001223615784643596,0.02527869367247605,0.05006432246998267,0.05894753912267896,0.07049180327868848,0.08005292755540848
2024-07-18,64.7,65.6,63.1,64.2,64.2,2882,2.2795640785225286,2.326520867759602,2.153097621714167,2.218498174533013,2.218498174533013,-0.014127764127764153,0.0024984384759526987,0.026761914916302473,0.03765960885728137,0.048265952583110235,0.0573702992039528
2024-07-19,64.7,64.7,61.7,62.6,62.6,2882,2.2795640785225286,2.2181120484889907,1.9813611490431773,2.0244413843440787,2.0244413843440787,-0.02945736434108525,-0.024466261492909248,-0.0026553372278278965,0.009758851520284073,0.01921198306740475,0.02813971312821644
2024-07-22,62.1,62.2,59.5,60.0,60.0,2882,1.963642126905251,1.9169764394039568,1.7114895491316215,1.709099100287061,1.709099100287061,-0.05511811023622047,-0.06162026900218952,-0.046003815984736025,-0.031945788964181945,-0.02470741222366715,-0.015532706191205406
2024-07-23,61.1,61.5,60.7,61.5,61.5,2882,1.8421336839755291,1.832658468860147,1.8586922399924704,1.8910273410891867,1.8910273410891867,-0.01945153061224477,-0.03725735754539755,-0.02556248019435941,-0.008544252780912366,-0.002012203037777527,0.0075360419397116785
2024-07-26,59.7,61.7,59.5,61.5,61.5,2882,1.6720218638739184,1.85674931758695,1.7114895491316215,1.8910273410891867,1.8910273410891867,-0.007424144609425449,-0.03408198523637508,-0.02556248019435941,-0.010140028971511275,-0.0036290583889573543,0.005559189012426478
2024-07-29,62.4,63.2,61.8,62.7,62.7,2882,2.0000946597841676,2.0374306830379703,1.9936280399482473,2.0365699337308873,2.0365699337308873,0.016866688290626,-0.010884997633696242,-0.008643406767155058,0.00625902744342803,0.014103642362683572,0.022616070457757907
2024-07-30,62.5,62.5,60.7,61.7,61.7,2882,2.0122455040771396,1.9531127124941605,1.8586922399924704,1.9152844398628037,1.9152844398628037,0.0035783994795056274,-0.02047944118113974,-0.02486566220630066,-0.011930498838978372,-0.003102177987461919,0.004395246622171629
2024-07-31,60.8,62.8,60.8,62.4,62.4,2882,1.805681151096612,1.9892489855843642,1.8709591308975404,2.000184285570462,2.000184285570462,0.007101355713363423,-0.00526064084170262,-0.013906447534766159,-0.004149377593361077,0.006841357945010848,0.013096655482194897
2024-08-01,62.9,63.1,62.4,62.8,62.8,2882,2.0608488812490284,2.025385258674569,2.067229385378672,2.048698483117695,2.048698483117695,0.009321761491481697,0.005282535617096065,-0.008316664912096075,-0.0014310701224360535,0.011793516788038798,0.017443430361289532
2024-08-02,61.5,61.7,60.6,61.3,61.3,2882,1.8907370611474177,1.85674931758695,1.8464253490873994,1.8667702423155694,1.8667702423155694,-0.014152460598263035,-0.012405348799742163,-0.029653862389193666,-0.02512722646310452,-0.013517862890247883,-0.008090614886731393
2024-08-05,59.0,59.2,55.3,55.6,55.6,2882,1.5869659538231125,1.5556137085019162,1.1962801311186515,1.1754429272674933,1.1754429272674933,-0.08492429229756424,-0.0916516909001797,-0.11058974085528411,-0.11217564870259479,-0.10322580645161288,-0.09813463098134627
2024-08-06,57.0,57.7,54.0,56.1,56.1,2882,1.3439490679636683,1.3749323430508957,1.0368105493527326,1.2360856742015351,1.2360856742015351,-0.05935613682092554,-0.07364597093791282,-0.09330891067772869,-0.10045698709211888,-0.09346519294163261,-0.0880520184231915
2024-08-07,56.1,58.7,56.1,58.6,58.6,2882,1.2345914693269184,1.4953865866849094,1.2944152583592177,1.5392994088717442,1.5392994088717442,-0.004755434782608835,-0.030122476001324068,-0.04632743842898998,-0.057574782888388416,-0.05337296459033345,-0.04653433127237226
2024-08-08,57.5,58.8,57.2,57.8,57.8,2882,1.4047032894285294,1.5074320110483101,1.4293510583149955,1.4422710137772767,1.4422710137772767,-0.0013821700069108207,-0.03746877601998335,-0.051526091237282697,-0.0672153635116598,-0.0660548086866599,-0.05817174515235458
2024-08-09,61.3,61.5,60.1,60.5,60.5,2882,1.8664353725614728,1.832658468860147,1.7850908945620458,1.7697418472211028,1.7697418472211028,0.048163548163548314,0.009174311926605457,-0.0019795447047178728,-0.021193981556382274,-0.021795369292458917,-0.014711470604201655
2024-08-12,61.2,61.6,60.4,61.0,61.0,2882,1.8542845282685014,1.8447038932235487,1.8218915672772578,1.8303845941551447,1.8303845941551447,0.037414965986394606,0.020408163265306225,0.009822315417724319,-0.009499066331087014,-0.013902360168121556,-0.0075921908893709636
2024-08-13,61.1,61.5,60.6,61.3,61.3,2882,1.8421336839755291,1.832658468860147,1.8464253490873994,1.8667702423155694,1.8667702423155694,0.024398395721925148,0.026113157013725942,0.016246684350132455,-0.0010592357206878828,-0.009052699644358266,-0.0039538536532525495
2024-08-14,61.8,62.5,61.4,61.9,61.9,2882,1.927189594026334,1.9531127124941605,1.9445604763279647,1.9395415386364199,1.9395415386364199,0.023140495867768573,0.03702462724074386,0.024043233704643088,0.011272667864727949,0.0009055041717869199,0.003729528133614464
2024-08-15,62.6,62.8,61.5,61.6,61.6,2882,2.024396348370112,1.9892489855843642,1.9568273672330356,1.903155890475995,1.903155890475995,0.005550114267058379,0.034077555816686145,0.018967798853109744,0.00950508030154045,-0.0036231884057970473,-0.002967359050445165
2024-08-16,62.6,63.3,62.1,63.0,63.0,2882,2.024396348370112,2.049476107401371,2.03042871266346,2.072955581891312,2.072955581891312,0.0200777202072538,0.05456980247740192,0.04040515248265989,0.034397832690255176,0.019417475728155387,0.018867924528301848
2024-08-19,63.2,63.2,62.2,62.3,62.3,2882,2.0973014141279456,2.0374306830379703,2.042695603568531,1.988055736183653,1.988055736183653,0.004514672686230267,0.03128621089223627,0.029298380878951428,0.024502548922874443,0.010182903100272412,0.006678875363567708
2024-08-20,62.5,62.5,61.1,61.7,61.7,2882,2.0122455040771396,1.9531127124941605,1.907759803612753,1.9152844398628037,1.9152844398628037,-0.006441223832528157,0.011973101525340278,0.01938539486727611,0.015387147206451,0.0030563142151125372,-0.003231017770597784
2024-08-21,61.4,62.2,61.3,61.9,61.9,2882,1.8785862168544454,1.9169764394039568,1.9322935854228938,1.9395415386364199,1.9395415386364199,-0.0032206119162641357,0.00978792822185973,0.023253251046947317,0.017088399605652303,0.008340392259073326,0.00021544759237318893
2024-08-22,61.7,61.8,61.0,61.4,61.4,2882,1.9150387497333625,1.8687947419503508,1.895492912707682,1.878898791702378,1.878898791702378,-0.010634869481147335,-0.004216672072656586,0.016556291390728478,0.008955714403089222,0.002809172274122902,-0.007489627673904924
2024-08-23,60.7,61.7,60.5,61.5,61.5,2882,1.7935303068036403,1.85674931758695,1.8341584581823285,1.8910273410891867,1.8910273410891867,-0.004209844559585575,-0.004209844559585575,0.017987199293754128,0.010598964752279944,0.0069421704106360374,-0.004747006149530745
2024-08-26,62.3,64.2,62.2,63.9,63.9,2882,1.987943815491195,2.157884926671984,2.042695603568531,2.1821125263725873,2.1821125263725873,0.029317010309278357,0.02981466559226433,0.0481137233460907,0.04900270869244028,0.046443076116860854,0.03498542274052473
2024-08-27,63.5,63.7,62.8,63.1,63.1,2882,2.133753947006862,2.097657804854977,2.1162969489989543,2.0850841312781205,2.0850841312781205,0.011866581141757569,0.013980395307729465,0.027129679869777615,0.03468065917848655,0.03300373256499256,0.023464532871972296
2024-08-28,63.4,63.5,62.6,63.5,63.5,2882,2.1216031027138897,2.073566956128174,2.0917631671888137,2.1335983288253537,2.1335983288253537,0.013082322910019263,0.017791312710370242,0.028173575129533713,0.04030144167758848,0.037174964066379254,0.030788377252313096
2024-08-29,63.1,63.4,62.7,63.1,63.1,2882,2.085150569834973,2.0615215317647726,2.104030058093884,2.0850841312781205,2.0850841312781205,0.0012694382735639208,0.008954269267668728,0.015884941504776182,0.03349439030382457,0.02956533089674973,0.025571567883844477
2024-08-30,63.4,63.7,63.0,63.5,63.5,2882,2.1216031027138897,2.097657804854977,2.140830730809096,2.1335983288253537,2.1335983288253537,0.001261431725007857,0.014539063748202649,0.0190435433829035,0.03817542712335487,0.034741233216008305,0.0330802603036876
2024-09-02,63.8,65.2,63.7,64.7,64.7,2882,2.170206479885778,2.2783391703059976,2.2266989671445914,2.2791409214670546,2.2791409214670546,0.017615602390688854,0.029762852140697193,0.03420716112531982,0.04998377150275881,0.05292279651087114,0.05231770127405804
2024-09-03,64.8,64.8,63.5,63.7,63.7,2882,2.2917149228155003,2.2301574728523916,2.20216518533445,2.157855427598971,2.157855427598971,0.0,0.010629858797398205,0.015625000000000062,0.027419354838709723,0.035301001170199,0.03543563068920676
2024-09-04,61.0,62.2,60.6,61.6,61.6,2882,1.8299828396825566,1.9169764394039568,1.8464253490873994,1.903155890475995,1.903155890475995,-0.027163613392293205,-0.0222222222222222,-0.01754385964912283,-0.008849557522123849,0.0016911669051645505,0.00043308791684707224
2024-09-05,62.0,63.6,61.7,62.4,62.4,2882,1.9514912826122788,2.085612380491576,1.9813611490431773,2.000184285570462,2.000184285570462,-0.012345679012345586,-0.011093502377179126,-0.005630510995431824,0.00032061558191710343,0.014964216005204973,0.012932200638493475
2024-09-06,62.2,63.7,61.8,63.5,63.5,2882,1.9757929711982236,2.097657804854977,1.9936280399482473,2.1335983288253537,2.1335983288253537,0.005064893953782961,0.0031595576619273752,0.011361223189636945,0.015512553974092302,0.03137993762993755,0.029674071671801496
2024-09-09,62.0,62.6,61.3,62.5,62.5,2882,1.9514912826122788,1.9651581368575621,1.9322935854228938,2.01231283495727,2.01231283495727,-0.0038253108065031726,-0.010449651678277449,-0.004777070063694222,-0.001677182333679482,0.010607334583791572,0.013568300989242651
2024-09-10,62.5,63.4,62.0,62.6,62.6,2882,2.0122455040771396,2.0615215317647726,2.018161821758389,2.0244413843440787,2.0244413843440787,0.001279590531030043,-0.008081128188876534,-0.004136175628380497,-0.001116961863730544,0.00798660311735146,0.014696347525394417
2024-09-11,62.3,62.9,62.3,62.5,62.5,2882,1.987943815491195,2.0012944099477656,2.054962494473601,2.01231283495727,2.01231283495727,-0.003189792663476919,-0.008093953340739646,-0.006359300476947514,-0.003189792663476919,0.0038548024413749115,0.013020692636014932
2024-09-12,63.2,63.3,62.5,62.9,62.9,2882,2.0973014141279456,2.049476107401371,2.079496276283743,2.0608270325045037,2.0608270325045037,0.0015923566878981118,-0.001428798221939932,-0.0015873015873016099,0.0021508802676650685,0.006980020491803278,0.01944894651539701
2024-09-13,63.1,63.7,62.5,63.2,63.2,2882,2.085150569834973,2.097657804854977,2.079496276283743,2.097212680664929,2.097212680664929,0.0073318457124642656,0.0038119440914866896,0.0013731910848209464,0.006770211071286408,0.010036438023397163,0.023260834367747864
2024-09-16,63.3,63.4,62.7,63.1,63.1,2882,2.109452258420917,2.0615215317647726,2.104030058093884,2.0850841312781205,2.0850841312781205,0.0038180082723512886,0.004777070063694336,0.000634316523945548,0.004537132850433873,0.00708631256384081,0.017523113308965804
2024-09-18,63.0,63.4,62.8,63.2,63.2,2882,2.072999725542001,2.0615215317647726,2.1162969489989543,2.097212680664929,2.097212680664929,0.0034931724356938526,0.007171314741035902,0.0021141649048625716,0.004929241532835145,0.007460307339157105,0.015261044176706873
2024-09-19,63.4,64.8,63.3,64.8,64.8,2882,2.1216031027138897,2.2301574728523916,2.177631403524308,2.2912694708538623,2.2912694708538623,0.021437578814627756,0.027429839860472326,0.02607410535205323,0.028000317284048438,0.0310590631364563,0.03751934674707787
2024-09-20,65.0,65.4,64.5,64.7,64.7,2882,2.316016611401445,2.3024300190328004,2.3248340943851566,2.2791409214670546,2.2791409214670546,0.014106583072100403,0.022116903633491402,0.0227631994941512,0.02373417721518987,0.027440767325160414,0.03211740933744541
2024-09-23,64.9,65.4,64.5,65.4,65.4,2882,2.3038657671084737,2.3024300190328004,2.3248340943851566,2.3640407671747137,2.3640407671747137,0.018057285180572796,0.030083477713025848,0.031762726125368256,0.03162709992901664,0.0369759624532251,0.04057279236276856
2024-09-24,65.5,66.5,65.3,66.3,66.3,2882,2.376770832866306,2.434929687030215,2.422969221625722,2.473197711655988,2.473197711655988,0.02188655980271273,0.038046031000469584,0.0442041159176815,0.04384790994253309,0.04858606946289611,0.05193568859741897
2024-09-25,67.0,67.1,66.4,67.1,67.1,2882,2.5590334972608892,2.5072022332106223,2.557905021581501,2.570226106750454,2.570226106750454,0.021931160523911024,0.04322139303482566,0.053044569993722465,0.05312720709409084,0.05762562259630539,0.061372983233153995
2024-09-26,67.6,68.6,67.4,68.3,68.3,2882,2.6319385630187218,2.6878835986616427,2.680573930632208,2.715768699392155,2.715768699392155,0.029234478601567176,0.052388289676425136,0.06441558441558429,0.06793839418341019,0.07221350078492926,0.07672096689437731
2024-09-27,69.0,69.0,66.9,67.5,67.5,2882,2.8020503831203336,2.7360652961152487,2.6192394761068543,2.6187403042976887,2.6187403042976887,0.008667065152420775,0.03274173806609548,0.046403472509301234,0.05181145305804446,0.05561115976479415,0.060820367751060894
2024-09-30,67.4,67.7,66.5,66.5,66.5,2882,2.607636874432779,2.5794747793910315,2.570171912486571,2.4974548104296046,2.4974548104296046,-0.009532320524277637,0.012330643933627681,0.027714815577993046,0.03381267003497858,0.03672985781990513,0.04319180087847737
2024-10-01,66.9,67.1,66.2,66.7,66.7,2882,2.5468826529679176,2.5072022332106223,2.533371239771359,2.521711909203222,2.521711909203222,-0.007735792918774115,0.009841029523088655,0.026364382437423138,0.03531237873496323,0.038035358565737094,0.04392737896494166
2024-10-04,66.0,66.9,65.8,66.0,66.0,2882,2.437525054331167,2.483111384483821,2.4843036761510757,2.436812063495563,2.436812063495563,-0.014925373134328358,-0.0049751243781094275,0.012062972807196816,0.022621629996901274,0.025290498974709277,0.030659517984488134
2024-10-07,66.6,68.0,66.5,68.0,68.0,2882,2.5104301200889996,2.6156110524812353,2.570171912486571,2.6793830512317305,2.6793830512317305,0.015835076187630748,0.020255063765941397,0.03690149435803601,0.04841196423065064,0.053414301648283445,0.05853051058530519
2024-10-08,67.5,68.2,67.0,67.7,67.7,2882,2.6197877187257506,2.639701901208038,2.6315063670119243,2.6429974030713055,2.6429974030713055,0.0107494774559572,0.011202389843166542,0.027314112291350487,0.039539347408829216,0.045785961443401094,0.050426687354538396
2024-10-09,68.3,68.5,67.6,67.8,67.8,2882,2.7169944730695277,2.675838174298242,2.705107712442348,2.6551259524581132,2.6551259524581132,0.00832837596668653,0.009078731954159624,0.024066055784915927,0.037649219467401185,0.04455537067849896,0.048561707392514704
2024-10-11,68.6,68.6,67.6,68.0,68.0,2882,2.753447005948444,2.6878835986616427,2.705107712442348,2.6793830512317305,2.6793830512317305,0.007407407407407408,0.009501187648456278,0.022044088176352734,0.036348395946049,0.04551045510455094,0.04943669941869437
2024-10-14,68.0,68.1,67.1,67.7,67.7,2882,2.6805419401906114,2.6276564768446358,2.6437732579169944,2.6429974030713055,2.6429974030713055,-0.002063679245283027,0.004153070305547332,0.01296758104738166,0.02778199483831787,0.03834355828220859,0.042340261739799843
2024-10-15,67.8,68.8,67.5,68.8,68.8,2882,2.656240251604667,2.7119744473884455,2.692840821537278,2.776411446326197,2.776411446326197,0.0117647058823529,0.019712464799169976,0.025335320417287675,0.039510463095867566,0.05057415098949422,0.05640290715528711
2024-10-16,68.0,68.6,67.4,67.8,67.8,2882,2.6805419401906114,2.6878835986616427,2.680573930632208,2.6551259524581132,2.6551259524581132,-0.003234342840341268,0.004444444444444402,0.007329635499207485,0.02062321240403439,0.031900645318397494,0.03854991064590246
2024-10-17,67.9,68.7,67.9,68.6,68.6,2882,2.66839109589764,2.699929023025045,2.7419083851575614,2.7521543475525796,2.7521543475525796,0.006160164271047253,0.01314429183281622,0.01599526066350687,0.02848575712143915,0.04084481398312789,0.04807496435119161
2024-10-18,68.8,69.9,68.5,69.8,69.8,2882,2.7777486945343886,2.8444741153858617,2.8155097305879853,2.8976969401942805,2.8976969401942805,0.01838342573679611,0.026168773890032148,0.030207615861458235,0.04124710971880362,0.05438066465256789,0.06364606085233904
2024-10-21,69.8,69.8,68.0,68.3,68.3,2882,2.8992571374641107,2.8324286910224594,2.7541752760626315,2.715768699392155,2.715768699392155,-0.005243227497815314,0.000732600732600691,0.006879606879606908,0.015009659681973625,0.02818088757752755,0.03836213449551502
2024-10-22,68.2,69.3,67.8,69.3,69.3,2882,2.704843628776556,2.7722015692054525,2.7296414942524896,2.8370541932602387,2.8370541932602387,0.007853403141361348,0.013454226381982851,0.0206185567010308,0.026438569206842875,0.03898050974512735,0.04946996466431094
2024-10-23,69.0,69.4,68.7,69.2,69.2,2882,2.8020503831203336,2.7842469935688547,2.8400435123981267,2.824925643873431,2.824925643873431,0.0023174971031287776,0.00977674011381879,0.01744755930209764,0.021552996752288278,0.03357629346397426,0.044370661032296976
2024-10-24,68.8,69.0,68.2,68.2,68.2,2882,2.7777486945343886,2.7360652961152487,2.7787090578727733,2.7036401500053473,2.7036401500053473,-0.011020881670533715,-0.005395945748869834,0.0010764262648009252,0.004714201532115396,0.015606385513462023,0.02685069008782933
2024-10-25,68.5,69.0,68.1,69.0,69.0,2882,2.7412961616554723,2.7360652961152487,2.7664421669677015,2.800668545099814,2.800668545099814,0.002906976744186088,0.00480559196155524,0.010544815465729333,0.014482099536866858,0.023921172909123208,0.035517758879439615
2024-10-28,68.9,69.8,68.5,69.3,69.3,2882,2.789899538827362,2.8324286910224594,2.8155097305879853,2.8370541932602387,2.8370541932602387,0.00434782608695648,0.006828417841057662,0.01167883211678828,0.017247706422018307,0.024662881476224155,0.0365458443436206
2024-10-29,69.2,69.2,68.0,68.5,68.5,2882,2.8263520717062782,2.760156144842052,2.7541752760626315,2.7400257981657723,2.7400257981657723,-0.00493898895990708,-0.004360465116279029,-0.0004863813229571708,0.005357011814779406,0.0106226025376217,0.021524084107968303
2024-10-30,68.8,69.0,68.5,68.9,68.9,2882,2.7777486945343886,2.7360652961152487,2.8155097305879853,2.7885399957130064,2.7885399957130064,0.00174469322477471,-0.00014511681903919469,0.004178002331908414,0.01018986877794873,0.014010714075469449,0.024433761213262586
2024-11-01,68.1,68.8,67.4,68.6,68.6,2882,2.692692784483583,2.7119744473884455,2.680573930632208,2.7521543475525796,2.7521543475525796,-0.00377577693871631,-0.0044986213902191595,-0.0009708737864079187,0.004245352071438911,0.007697279511134628,0.017250753793682867
2024-11-04,68.6,69.6,68.5,69.6,69.6,2882,2.753447005948444,2.808337842295656,2.8155097305879853,2.873439841420663,2.873439841420663,0.008988112496375829,0.01030628538249374,0.01202016285381912,0.016726316558322928,0.020408163265306062,0.0287741426882143
2024-11-05,69.1,69.8,68.6,69.8,69.8,2882,2.8142012274133053,2.8324286910224594,2.827776621493055,2.8976969401942805,2.8976969401942805,0.010422698320787476,0.011008111239860818,0.012866402244364748,0.016825697428800156,0.021722583289419888,0.028386209606129215
2024-11-06,69.6,69.7,69.0,69.1,69.1,2882,2.874955448878166,2.8203832666590585,2.8768441851133386,2.8127970944866214,2.8127970944866214,-0.0014450867052024352,0.0011590843233845016,0.0024177949709863226,0.005822416302765523,0.011002516533036744,0.015927468757657368
2024-11-07,69.0,70.4,69.0,69.8,69.8,2882,2.8020503831203336,2.904701237202868,2.8768441851133386,2.8976969401942805,2.8976969401942805,0.0060536177572787795,0.01042269832078727,0.010617760617760631,0.0144611583460505,0.019871420222092335,0.023660539694954973
2024-11-08,70.0,70.2,69.4,69.5,69.5,2882,2.923558826050056,2.8806103884760654,2.925911748733622,2.861311292033856,2.861311292033856,-0.0008625646923517549,0.004190145932668574,0.0054007136657346294,0.008854695892001734,0.013710618436406034,0.01722203249255982
2024-11-11,69.7,69.8,68.1,68.7,68.7,2882,2.8871062931711395,2.8324286910224594,2.7664421669677015,2.764282896939389,2.764282896939389,-0.00980109541654645,-0.006938421509106531,-0.005116817918516962,-0.0032644178454841397,0.0008741258741259072,0.0043370206130305565
2024-11-12,67.8,68.2,67.2,67.5,67.5,2882,2.656240251604667,2.639701901208038,2.656040148822066,2.6187403042976887,2.6187403042976887,-0.020603598374927475,-0.021739130434782608,-0.021739130434782608,-0.0205325400856126,-0.017467248908296984,-0.013398294762484842
2024-11-13,67.1,67.5,66.2,66.8,66.8,2882,2.571184341553861,2.5553839306642283,2.533371239771359,2.5338404585900296,2.5338404585900296,-0.024247735904177576,-0.02949295365393019,-0.029539951573849855,-0.02928140667005741,-0.026976635786284505,-0.02291565090199897
2024-11-14,66.5,67.1,66.1,66.2,66.2,2882,2.4982792757960284,2.5072022332106223,2.521104348866287,2.46106916226918,2.46106916226918,-0.0227339828757013,-0.03442240373395545,-0.03545410393394857,-0.03688077398705167,-0.034872871471891706,-0.031077718690539897
2024-11-15,67.0,68.3,66.6,66.9,66.9,2882,2.5590334972608892,2.651747325571439,2.582438803391641,2.545969007976839,2.545969007976839,-0.004760487950014775,-0.02178681093727166,-0.024022563703559537,-0.025491624180626362,-0.024155434972868775,-0.0210233647139162
2024-11-18,67.3,67.5,66.6,67.0,67.0,2882,2.5954860301398055,2.5553839306642283,2.582438803391641,2.5580975573636464,2.5580975573636464,0.0017942583732058098,-0.016585938646704764,-0.020658740986162653,-0.02204057801780749,-0.022126218693443944,-0.019703472493172027
2024-11-19,67.3,67.7,66.5,67.7,67.7,2882,2.5954860301398055,2.5794747793910315,2.570171912486571,2.6429974030713055,2.6429974030713055,0.011655708308428206,-0.0032391048292108194,-0.008881514737458556,-0.011390186915887661,-0.011909626948450033,-0.010282149992690412
2024-11-20,67.5,67.7,66.9,67.4,67.4,2882,2.6197877187257506,2.5794747793910315,2.6192394761068543,2.606611754910881,2.606611754910881,0.005369928400954645,-0.005166051660516521,-0.012212994626282295,-0.014403743511003866,-0.0154834940111012,-0.014379722154521095
2024-11-21,66.9,67.0,66.2,66.6,66.6,2882,2.5468826529679176,2.495156808847222,2.533371239771359,2.5095833598164123,2.5095833598164123,-0.007747318235995174,-0.012309061248702334,-0.021739130434782667,-0.02424730788953192,-0.026486581301526015,-0.025555989075302425
2024-11-22,67.0,67.3,66.5,66.8,66.8,2882,2.5590334972608892,2.5312930819374255,2.570171912486571,2.5338404585900296,2.5338404585900296,-0.004470938897168364,-0.005360333531864197,-0.017068864037669374,-0.02031238542201351,-0.02253438688908408,-0.022152825217136754
2024-11-25,67.4,68.0,67.1,67.3,67.3,2882,2.607636874432779,2.6156110524812353,2.6437732579169944,2.5944832055240714,2.5944832055240714,0.002084574151280533,0.0041778573560129345,-0.007472224953298714,-0.011747430249632852,-0.013774912075029276,-0.014496998096353712
2024-11-26,67.1,67.5,66.3,67.4,67.4,2882,2.571184341553861,2.5553839306642283,2.545638130676429,2.606611754910881,2.606611754910881,0.004470938897168575,0.005820026861662446,-0.0036463979501328795,-0.008896404676126606,-0.011788164917013693,-0.012888107791446916
2024-11-27,67.1,67.3,66.5,66.5,66.5,2882,2.571184341553861,2.5312930819374255,2.570171912486571,2.4974548104296046,2.4974548104296046,-0.006276150627614877,-0.007166318303971183,-0.014425452030431715,-0.020690670790074386,-0.023380132761557874,-0.02497434143003763
2024-11-28,66.8,66.8,66.1,66.3,66.3,2882,2.5347318086749446,2.4710659601204186,2.521104348866287,2.473197711655988,2.473197711655988,-0.008375710439724833,-0.01030004478280358,-0.013979773944080872,-0.02176318701586143,-0.02465576085677301,-0.027193583096938357
2024-11-29,65.8,66.1,65.0,65.7,65.7,2882,2.4132233657452224,2.386747989576609,2.3861685489105104,2.4004264153351382,2.4004264153351382,-0.014105642256902726,-0.017496635262449343,-0.019207802547770627,-0.02853763122874453,-0.03205845954387415,-0.03462800607337006
2024-12-02,66.1,67.7,66.0,67.6,67.6,2882,2.4496758986241387,2.5794747793910315,2.5088374579612176,2.630868853684496,2.630868853684496,0.013493253373313216,0.010010458688181494,0.010262030487197168,0.0010365763364429614,-0.003243880861102903,-0.005638636920814022
2024-12-03,67.9,68.9,67.8,68.9,68.9,2882,2.66839109589764,2.7240198717518482,2.7296414942524896,2.7885399957130064,2.7885399957130064,0.028358208955223965,0.027591349739000876,0.028255894935827242,0.020967622434615193,0.016164238098047366,0.013185628155482703
2024-12-04,69.0,69.0,68.4,69.0,69.0,2882,2.8020503831203336,2.7360652961152487,2.803242839682915,2.800668545099814,2.800668545099814,0.022222222222222223,0.026632941526558426,0.02749925543532211,0.022525192649674133,0.01733899504600123,0.014805373075791866
2024-12-05,69.2,69.3,68.8,69.2,69.2,2882,2.8263520717062782,2.7722015692054525,2.8523104033031967,2.824925643873431,2.824925643873431,0.016451233842538257,0.0256410256410257,0.027417598733049546,0.025945144551519642,0.020107317648446317,0.017746837925286956
2024-12-06,69.1,69.2,68.4,68.7,68.7,2882,2.8142012274133053,2.760156144842052,2.803242839682915,2.764282896939389,2.764282896939389,0.0002912055911472921,0.01537097250960695,0.01818002173698262,0.019136626613262223,0.01267688679245282,0.010145566828407553
2024-12-09,68.7,69.4,68.6,69.2,69.2,2882,2.7655978502414174,2.7842469935688547,2.827776621493055,2.824925643873431,2.824925643873431,0.0028985507246377224,0.01989683124539438,0.02336586808636517,0.026173352116853274,0.020287803727294246,0.01739769664297972
2024-12-10,68.8,69.2,68.4,68.6,68.6,2882,2.7777486945343886,2.760156144842052,2.803242839682915,2.7521543475525796,2.7521543475525796,-0.004931824775167066,0.009268795056642569,0.013593380614657024,0.016446881019410275,0.012157695939565389,0.008922443376801684
2024-12-11,68.3,69.2,68.0,68.4,68.4,2882,2.7169944730695277,2.760156144842052,2.7541752760626315,2.7278972487789646,2.7278972487789646,-0.00610287707061903,0.003521126760563514,0.009643770911237984,0.012283557791919465,0.009623900336541315,0.006030298573319765
2024-12-12,69.0,69.8,68.6,69.6,69.6,2882,2.8020503831203336,2.8324286910224594,2.827776621493055,2.873439841420663,2.873439841420663,0.010159651669085466,0.016206745510293465,0.024332810047095588,0.027457927369353402,0.027457927369353402,0.023328759066849523
2024-12-13,69.3,69.8,69.0,69.5,69.5,2882,2.83850291599925,2.8324286910224594,2.8768441851133386,2.861311292033856,2.861311292033856,0.0063712713582393865,0.009147669522288304,0.020158528231725027,0.02401650213643724,0.025981694715087177,0.021407926321461764
2024-12-16,69.5,70.7,69.4,70.1,70.1,2882,2.8628046045851945,2.940837510293072,2.925911748733622,2.934082588354705,2.934082588354705,0.012420566146735984,0.014178240740740592,0.026153996291597467,0.030503491363469144,0.03398430585875255,0.02997355274757555
2024-12-17,69.6,70.0,68.6,68.6,68.6,2882,2.874955448878166,2.856519539749262,2.827776621493055,2.7521543475525796,2.7521543475525796,-0.009243212016175834,-0.007092198581560415,0.003021737011404365,0.007786102541501203,0.011202830188679111,0.008526903851808267
2024-12-18,68.5,69.4,68.2,68.8,68.8,2882,2.7412961616554723,2.7842469935688547,2.7787090578727733,2.776411446326197,2.776411446326197,-0.007501442585112465,-0.00390907774721312,0.0036957790313168204,0.009685940710302269,0.012956419316843278,0.01161593883252451
2024-12-19,67.5,67.7,67.1,67.7,67.7,2882,2.6197877187257506,2.5794747793910315,2.6437732579169944,2.6429974030713055,2.6429974030713055,-0.017986655062373208,-0.017701683110852944,-0.013694638694638866,-0.007258596671310279,-0.004118858487790543,-0.003532528701795627
2024-12-20,67.2,67.7,66.9,67.3,67.3,2882,2.583335185846834,2.5794747793910315,2.6192394761068543,2.5944832055240714,2.5944832055240714,-0.017518248175182525,-0.021517883105553998,-0.021043444530643995,-0.013485781295807707,-0.01023589622919013,-0.008349705304518609
2024-12-23,68.0,69.0,68.0,69.0,69.0,2882,2.6805419401906114,2.7360652961152487,2.7541752760626315,2.800668545099814,2.800668545099814,0.010544815465729333,0.003490401396160484,0.0023242300987799365,0.01017495058926883,0.013573065397496802,0.01654962431861712
2024-12-24,69.0,69.1,68.6,68.9,68.9,2882,2.8020503831203336,2.7481107204786492,2.827776621493055,2.7885399957130064,2.7885399957130064,0.008194322505121485,0.0015990696322141832,0.0008715862870426568,0.0076045627376425265,0.01139099289530871,0.014378956666830353
2024-12-25,69.0,69.1,68.4,68.7,68.7,2882,2.8020503831203336,2.7481107204786492,2.803242839682915,2.764282896939389,2.764282896939389,0.005562060889929675,-0.0017436791630340677,-0.0017436791630338615,0.0030661410424878627,0.007685989204412123,0.010492253383016351
2024-12-26,68.9,69.0,68.4,68.7,68.7,2882,2.789899538827362,2.7360652961152487,2.803242839682915,2.764282896939389,2.764282896939389,0.002626970227670853,-0.0004364906154515776,-0.0012599340957548785,0.0013117621337999947,0.006445941986522087,0.009255178492728217
2024-12-27,68.6,69.3,68.5,69.3,69.3,2882,2.753447005948444,2.7722015692054525,2.8155097305879853,2.8370541932602387,2.8370541932602387,0.005513639001741083,0.008586814146412509,0.006877179387834112,0.0074138682948101595,0.01375073142188411,0.01687454145267779
2024-12-30,69.2,69.8,69.0,69.2,69.2,2882,2.8263520717062782,2.8324286910224594,2.8768441851133386,2.824925643873431,2.824925643873431,0.003480278422273707,0.008452346254736204,0.005424254165052328,0.004791636416436948,0.011163715003799108,0.014315727756877027
2024-12-31,68.6,68.7,68.1,68.3,68.3,2882,2.753447005948444,2.699929023025045,2.7664421669677015,2.715768699392155,2.715768699392155,-0.007844276583381845,-0.004228021577489521,-0.007363627555469344,-0.007844276583381845,-0.002511975698095529,0.0008303619401161201
