date,open,high,low,close,adjcp,tic,zopen,zhigh,zlow,zclose,zadjcp,zd_5,zd_10,zd_15,zd_20,zd_25,zd_30
2010-01-04,18.6,18.7,18.5,18.6,18.6,2886,-1.4774013400927093,-1.4837378465509365,-1.4653298122625358,-1.474347722477568,-1.474347722477568,0.0,0.0,0.0,0.0,0.0,0.0
2010-01-05,18.7,18.9,18.65,18.8,18.8,2886,-1.4608224276501556,-1.450781214280303,-1.4404003915636352,-1.441327084303627,-1.441327084303627,0.0,0.0,0.0,0.0,0.0,0.0
2010-01-06,18.8,19.1,18.65,19.0,19.0,2886,-1.4442435152076012,-1.4178245820096684,-1.4404003915636352,-1.408306446129686,-1.408306446129686,0.0,0.0,0.0,0.0,0.0,0.0
2010-01-07,19.0,19.15,18.8,18.8,18.8,2886,-1.411085690322493,-1.4095854239420105,-1.415470970864734,-1.441327084303627,-1.441327084303627,0.0,0.0,0.0,0.0,0.0,0.0
2010-01-08,18.8,19.15,18.7,18.95,18.95,2886,-1.4442435152076012,-1.4095854239420105,-1.4320905846640013,-1.4165616056731714,-1.4165616056731714,0.006372809346786906,0.0,0.0,0.0,0.0,0.0
2010-01-11,18.95,19.05,18.9,18.95,18.95,2886,-1.4193751465437703,-1.426063740077327,-1.3988513570654668,-1.4165616056731714,-1.4165616056731714,0.002645502645502683,0.0,0.0,0.0,0.0,0.0
2010-01-12,19.05,19.1,18.75,18.85,18.85,2886,-1.402796234101216,-1.4178245820096684,-1.4237807777643676,-1.4330719247601416,-1.4330719247601416,-0.003172924378635575,0.0,0.0,0.0,0.0,0.0
2010-01-13,18.7,18.75,18.45,18.5,18.5,2886,-1.4608224276501556,-1.4754986884832781,-1.4736396191621695,-1.4908580415645387,-1.4908580415645387,-0.016480595427963783,0.0,0.0,0.0,0.0,0.0
2010-01-14,18.5,18.7,18.5,18.55,18.55,2886,-1.4939802525352637,-1.4837378465509365,-1.4653298122625358,-1.4826028820210535,-1.4826028820210535,-0.011194029850746126,0.0,0.0,0.0,0.0,0.0
2010-01-15,18.6,18.75,18.5,18.6,18.6,2886,-1.4774013400927093,-1.4754986884832781,-1.4653298122625358,-1.474347722477568,-1.474347722477568,-0.004815409309791324,-0.008528784648187453,0.0,0.0,0.0,0.0
2010-01-18,18.45,18.5,18.35,18.5,18.5,2886,-1.5022697087565409,-1.5166944788215704,-1.4902592329614364,-1.4908580415645387,-1.4908580415645387,-0.005376344086021581,-0.013333333333333334,0.0,0.0,0.0,0.0
2010-01-19,18.5,18.6,18.3,18.35,18.35,2886,-1.4939802525352637,-1.5002161626862534,-1.4985690398610703,-1.5156235201949946,-1.5156235201949946,-0.00810810810810803,-0.018978882651697428,0.0,0.0,0.0,0.0
2010-01-20,18.4,18.5,18.1,18.2,18.2,2886,-1.510559164977818,-1.5166944788215704,-1.5318082674596047,-1.5403889988254507,-1.5403889988254507,-0.013015184381778849,-0.022818791946308762,0.0,0.0,0.0,0.0
2010-01-21,18.2,18.4,18.2,18.35,18.35,2886,-1.5437169898629264,-1.5331727949568876,-1.5151886536603378,-1.5156235201949946,-1.5156235201949946,-0.0027173913043476716,-0.012378902045209736,0.0,0.0,0.0,0.0
2010-01-22,18.15,18.4,18.05,18.05,18.05,2886,-1.5520064460842036,-1.5331727949568876,-1.5401180743592384,-1.5651544774559063,-1.5651544774559063,-0.013121924548933758,-0.023796646836127703,-0.02974377351729087,0.0,0.0,0.0
2010-01-25,18.0,18.0,17.8,17.9,17.9,2886,-1.5768748147480345,-1.5990860594981553,-1.5816671088574066,-1.5899199560863626,-1.5899199560863626,-0.014859658778205812,-0.026380201251020013,-0.035387102568708445,0.0,0.0,0.0
2010-01-26,17.9,17.9,17.25,17.3,17.3,2886,-1.5934537271905889,-1.6155643756334725,-1.6730749847533768,-1.6889818706081858,-1.6889818706081858,-0.03674832962138085,-0.0510148107515083,-0.06266931551381612,0.0,0.0,0.0
2010-01-27,17.4,17.45,17.05,17.15,17.15,2886,-1.6763482894033594,-1.6897167982423986,-1.7063142123519113,-1.7137473492386421,-1.7137473492386421,-0.03380281690140853,-0.05222437137330775,-0.06454545454545456,0.0,0.0,0.0
2010-01-28,17.25,17.45,17.2,17.2,17.2,2886,-1.7012166580671906,-1.6897167982423986,-1.6813847916530105,-1.7054921896951567,-1.7054921896951567,-0.018264840182648616,-0.042316258351893184,-0.05632772494513555,0.0,0.0,0.0
2010-01-29,17.1,17.3,16.9,17.3,17.3,2886,-1.7260850267310215,-1.7144342724453738,-1.7312436330508125,-1.6889818706081858,-1.6889818706081858,-0.004029936672423531,-0.029725182277061193,-0.0450781968721251,-0.05438644438371126,0.0,0.0
2010-02-01,17.3,17.4,17.1,17.2,17.2,2886,-1.6929272018459134,-1.6979559563100572,-1.6980044054522774,-1.7054921896951567,-1.7054921896951567,-0.0017411491584446393,-0.02824858757062147,-0.04444444444444448,-0.056241426611797096,0.0,0.0
2010-02-02,17.5,17.5,16.9,17.05,17.05,2886,-1.659769376960805,-1.68147764017474,-1.7312436330508125,-1.7302576683256123,-1.7302576683256123,-0.007566938300349185,-0.02959590210586224,-0.046420581655480894,-0.059958649207443065,0.0,0.0
2010-02-03,17.35,17.55,17.15,17.45,17.45,2886,-1.6846377456246362,-1.6732384821070816,-1.6896945985526444,-1.6642163919777302,-1.6642163919777302,0.012180974477958078,-0.002572163475278546,-0.02021336327905668,-0.033776301218161844,0.0,0.0
2010-02-04,17.45,17.45,17.2,17.25,17.25,2886,-1.6680588331820823,-1.6897167982423986,-1.6813847916530105,-1.6972370301516713,-1.6972370301516713,0.0,-0.007765314926660801,-0.026706789542975524,-0.040734046990129384,0.0,0.0
2010-02-05,16.95,17.0,16.6,16.6,16.6,2886,-1.750953395394853,-1.763869220851325,-1.781102474448614,-1.80455410421698,-1.80455410421698,-0.0298071303331384,-0.03712296983758703,-0.056281978396816285,-0.07080884410859224,-0.08073983829881484,0.0
2010-02-06,16.6,16.85,16.45,16.85,16.85,2886,-1.8089795889437923,-1.7885866950543001,-1.8060318951475152,-1.7632783064995534,-1.7632783064995534,-0.011150234741783905,-0.0166326232856724,-0.036041189931350054,-0.051238738738738555,-0.06326439848788071,0.0
2010-02-08,17.0,17.05,16.8,16.95,16.95,2886,-1.7426639391735759,-1.7556300627836663,-1.7478632468500794,-1.7467679874125832,-1.7467679874125832,-0.004112808460634564,-0.008771929824561528,-0.025115030674846668,-0.04047551655816586,-0.053812660489003135,0.0
2010-02-09,17.05,17.25,16.9,17.2,17.2,2886,-1.7343744829522987,-1.7226734305130325,-1.7312436330508125,-1.7054921896951567,-1.7054921896951567,0.013553329404832082,0.005553931598947609,-0.00692840646651276,-0.022727272727272846,-0.03598251317116912,0.0
2010-02-10,17.5,17.5,17.25,17.3,17.3,2886,-1.659769376960805,-1.68147764017474,-1.6730749847533768,-1.6889818706081858,-1.6889818706081858,0.018845700824499427,0.010809231668127297,0.0028985507246377224,-0.013542409123307238,-0.02710606231020129,0.0
2010-02-22,17.6,17.9,17.5,17.8,17.8,2886,-1.643190464518251,-1.6155643756334725,-1.6315259502552086,-1.6064302751733328,-1.6064302751733328,0.03368176538908236,0.03699388290125264,0.032882011605415845,0.017288184026289583,0.0036084799278304045,-0.0066040368337828455
2010-02-23,18.0,18.15,17.7,18.15,18.15,2886,-1.5768748147480345,-1.57436858529518,-1.5982867226566742,-1.548644158368936,-1.548644158368936,0.03832951945080102,0.05156431054461164,0.05217391304347818,0.03832951945080102,0.02519204699502946,0.013777695028858656
2010-02-24,18.0,18.2,17.8,18.0,18.0,2886,-1.5768748147480345,-1.5661294272275215,-1.5816671088574066,-1.5734096369993917,-1.5734096369993917,0.01752402487280963,0.037165082108902306,0.04066294083638465,0.030780243378668658,0.018675721561969342,0.00689912362483673
2010-02-25,18.0,18.1,17.55,17.65,17.65,2886,-1.5768748147480345,-1.582607743362838,-1.6232161433555747,-1.6311957538037891,-1.6311957538037891,-0.0073115860517436754,0.01582733812949632,0.018465089440276996,0.012331517063378254,0.000793830800634826,-0.010187868025049169
2010-02-26,17.7,17.85,17.6,17.75,17.75,2886,-1.626611552075697,-1.6238035337011305,-1.614906336455941,-1.6146854347168182,-1.6146854347168182,-0.006715165081141436,0.018651362984218035,0.022072936660268685,0.019821890261419065,0.00829356964326294,-0.0026222138977336686
2010-03-01,17.75,18.15,17.65,17.85,17.85,2886,-1.6183220958544198,-1.57436858529518,-1.6065965295563078,-1.5981751156298474,-1.5981751156298474,-0.0016778523489931535,0.017094017094017134,0.025665581306263303,0.026156941649899502,0.015705018777740037,0.005067567567567559
2010-03-02,18.05,18.05,17.85,17.95,17.95,2886,-1.5685853585267573,-1.5908469014304967,-1.573357301957773,-1.5816647965428772,-1.5816647965428772,0.006165919282511179,0.016421291053227583,0.028456837280366663,0.031757436413277676,0.02267547857793982,0.012598721323805908
2010-03-03,18.05,18.25,18.0,18.15,18.15,2886,-1.5685853585267573,-1.5578902691598628,-1.548427881258872,-1.548644158368936,-1.548644158368936,0.015668718522663747,0.020809898762654523,0.03556485355648545,0.040711009174311766,0.03454172366621056,0.02523065336094911
2010-03-04,18.3,18.3,17.7,17.75,17.75,2886,-1.527138077420372,-1.5496511110922042,-1.5982867226566742,-1.6146854347168182,-1.6146854347168182,-0.007825600894354223,-0.004765909728062846,0.011588145896656524,0.016027475672581636,0.012781011069268527,0.004053926652210936
2010-03-05,17.95,18.2,17.85,18.05,18.05,2886,-1.5851642709693117,-1.5661294272275215,-1.573357301957773,-1.5651544774559063,-1.5651544774559063,0.0055710306406686035,0.007816862088218903,0.025568181818181775,0.030692362598144264,0.03060408815804507,0.021987354911767395
2010-03-08,18.15,18.25,18.0,18.25,18.25,2886,-1.5520064460842036,-1.5578902691598628,-1.548427881258872,-1.5321338392819652,-1.5321338392819652,0.01220188574597886,0.016429963798384947,0.030491247882552388,0.039293849658314214,0.04154776851957527,0.03399433427762048
2010-03-09,18.25,18.4,18.15,18.4,18.4,2886,-1.5354275336416492,-1.5331727949568876,-1.5234984605599715,-1.5073683606515096,-1.5073683606515096,0.015452538631346643,0.02335928809788664,0.03293413173652691,0.04426787741203185,0.04891118458556589,0.042689837551945636
2010-03-10,18.4,18.45,18.15,18.3,18.3,2886,-1.510559164977818,-1.524933636889229,-1.5234984605599715,-1.5238786797384798,-1.5238786797384798,0.008264462809917474,0.016102165463631468,0.022156023086948518,0.03492153258871764,0.040837219883972244,0.03712099744970253
2010-03-11,18.2,18.35,18.0,18.05,18.05,2886,-1.5437169898629264,-1.5414119530245456,-1.548427881258872,-1.5651544774559063,-1.5651544774559063,-0.008786381109280622,0.0,0.005011135857461215,0.01905434015525771,0.024520376887274504,0.023242630385487743
2010-03-12,18.2,18.2,18.05,18.05,18.05,2886,-1.5437169898629264,-1.5661294272275215,-1.5401180743592384,-1.5651544774559063,-1.5651544774559063,-0.008786381109280622,-0.0016592920353982927,0.0022209883398113662,0.01675820306999031,0.022547020167686567,0.023823028927963796
2010-03-15,18.05,18.05,17.75,17.75,17.75,2886,-1.5685853585267573,-1.5908469014304967,-1.5899769157570405,-1.6146854347168182,-1.6146854347168182,-0.019878520154610682,-0.017708909795240747,-0.014253980007404722,-0.003368893879842912,0.004527447651386434,0.007377979568671907
2010-03-16,17.85,17.95,17.7,17.8,17.8,2886,-1.6017431834118654,-1.607325217565814,-1.5982867226566742,-1.6064302751733328,-1.6064302751733328,-0.01056142301278495,-0.014123511492661257,-0.01019462465245599,-0.0032199356012878313,0.005990731321351964,0.010406811731315056
2010-03-17,18.0,18.4,17.95,18.4,18.4,2886,-1.5768748147480345,-1.5331727949568876,-1.556737688158506,-1.5073683606515096,-1.5073683606515096,0.021654636313159187,0.017699115044247805,0.02165463631315939,0.02621305075292799,0.0367365336939372,0.042296072507552844
2010-03-18,18.4,18.45,18.1,18.3,18.3,2886,-1.510559164977818,-1.524933636889229,-1.5318082674596047,-1.5238786797384798,-1.5238786797384798,0.01328903654485061,0.009098428453267313,0.013663220088626263,0.017514595496246742,0.029130581486897105,0.034385303815355685
2010-03-19,18.3,18.35,18.1,18.2,18.2,2886,-1.527138077420372,-1.5414119530245456,-1.5318082674596047,-1.5403889988254507,-1.5403889988254507,0.0060807075732448555,0.002754820936639158,0.006451612903225833,0.009428729894619974,0.021324354657687936,0.026798307475317227
2010-03-22,18.1,18.25,17.95,18.15,18.15,2886,-1.56029590230548,-1.5578902691598628,-1.556737688158506,-1.548644158368936,-1.548644158368936,-0.0011007154650522605,0.000551267916207167,0.0025777941447245423,0.005679456988502515,0.014987137904037417,0.022343221930153853
2010-03-23,18.25,18.3,18.1,18.2,18.2,2886,-1.5354275336416492,-1.5496511110922042,-1.5318082674596047,-1.5403889988254507,-1.5403889988254507,-0.0027397260273972993,0.004415011037527696,0.004415011037527499,0.008310249307479145,0.014719000892060624,0.023238380809595036
2010-03-24,18.35,18.4,18.15,18.2,18.2,2886,-1.5188486211990948,-1.5331727949568876,-1.5234984605599715,-1.5403889988254507,-1.5403889988254507,-0.0005491488193301242,0.0049696300386526705,0.0042302740481884125,0.007751937984496156,0.011898143000111121,0.021037868162692847
2010-03-25,18.2,18.2,17.9,18.1,18.1,2886,-1.5437169898629264,-1.5661294272275215,-1.5650474950581397,-1.5568993179124209,-1.5568993179124209,-0.0038525041276828145,-0.0008280430582390597,-0.0025716385011019458,0.0009677865339417585,0.0043280435023859394,0.014194994396712766
2010-03-26,18.0,18.4,17.8,18.1,18.1,2886,-1.5768748147480345,-1.5331727949568876,-1.5816671088574066,-1.5568993179124209,-1.5568993179124209,-0.002754820936638962,-0.001103752759381679,-0.002754820936638962,0.0,0.0025479118200952347,0.012587412587412666
2010-03-29,18.2,18.4,18.15,18.35,18.35,2886,-1.5437169898629264,-1.5331727949568876,-1.5234984605599715,-1.5156235201949946,-1.5156235201949946,0.008796041781198468,0.009350935093509444,0.010648063154029642,0.012413793103448353,0.01515822084531981,0.023234200743494488
2010-03-30,18.5,18.6,18.3,18.6,18.6,2886,-1.4939802525352637,-1.5002161626862534,-1.4985690398610703,-1.474347722477568,-1.474347722477568,0.018062397372742105,0.018619934282585075,0.02366538249862409,0.024370095002065405,0.027965071294351728,0.033811949976841185
2010-03-31,18.4,18.55,18.2,18.4,18.4,2886,-1.510559164977818,-1.5084553207539118,-1.5151886536603378,-1.5073683606515096,-1.5073683606515096,0.00491534680502457,0.0076670317634171415,0.01228681459746925,0.01265822784810129,0.016013252346769695,0.019955654101995336
2010-04-01,18.4,18.65,18.35,18.6,18.6,2886,-1.510559164977818,-1.4919770046185952,-1.4902592329614364,-1.474347722477568,-1.474347722477568,0.01032047800108624,0.016949152542373006,0.0212298682284043,0.02127659574468101,0.024906325765924716,0.02838186509399221
2010-04-02,18.65,18.65,18.55,18.6,18.6,2886,-1.4691118838714328,-1.4919770046185952,-1.457020005362902,-1.474347722477568,-1.474347722477568,0.004862236628849456,0.014729950900163642,0.0191780821917809,0.019736842105263126,0.022989770102298933,0.025923883066740344
2010-04-06,18.6,18.7,18.55,18.6,18.6,2886,-1.4774013400927093,-1.4837378465509365,-1.457020005362902,-1.474347722477568,-1.474347722477568,0.0021551724137930574,0.012244897959183751,0.016023306627822267,0.01875941393947699,0.021304634307050388,0.02441711033596465
2010-04-07,18.6,18.7,18.55,18.7,18.7,2886,-1.4774013400927093,-1.4837378465509365,-1.457020005362902,-1.4578374033905976,-1.4578374033905976,0.006458557588805028,0.014925373134328086,0.0181488203266787,0.023395813380763356,0.02510689617366508,0.02888583218707007
2010-04-08,18.65,18.8,18.6,18.7,18.7,2886,-1.4691118838714328,-1.4672595304156195,-1.4487101984632682,-1.4578374033905976,-1.4578374033905976,0.0032188841201716053,0.012178619756427488,0.01704133430021751,0.02227688943556096,0.023872098116513356,0.027566626980492837
2010-04-09,18.7,18.8,18.6,18.75,18.75,2886,-1.4608224276501556,-1.4672595304156195,-1.4487101984632682,-1.4495822438471124,-1.4495822438471124,0.004284949116229344,0.011326860841423994,0.018099547511312153,0.023052789523939403,0.024366258741258626,0.028242391006306586
2010-04-12,18.75,18.8,18.6,18.75,18.75,2886,-1.4525329714288784,-1.4672595304156195,-1.4487101984632682,-1.4495822438471124,-1.4495822438471124,0.0026737967914438883,0.007793603869927415,0.016076589595375734,0.0211027910142954,0.022801658302421954,0.026366207462822873
2010-04-13,18.65,18.7,18.45,18.5,18.5,2886,-1.4691118838714328,-1.4837378465509365,-1.4736396191621695,-1.4908580415645387,-1.4908580415645387,-0.009635974304068507,-0.006444683136412323,0.0012628540501533516,0.00543478260869573,0.008614109693599457,0.01148168398031716
2010-04-14,18.5,18.7,18.45,18.65,18.65,2886,-1.4939802525352637,-1.4837378465509365,-1.4736396191621695,-1.466092562934083,-1.466092562934083,-0.0010712372790572884,0.0013422818791945545,0.0077449567723343535,0.011251186119018354,0.016238012205754045,0.018383691299599526
2010-04-15,18.75,18.8,18.55,18.75,18.75,2886,-1.4525329714288784,-1.4672595304156195,-1.457020005362902,-1.4495822438471124,-1.4495822438471124,0.0037473233404711074,0.004823151125401922,0.01114506561207983,0.015709642470205804,0.02068590092542183,0.022727272727272794
2010-04-16,18.7,18.75,18.55,18.7,18.7,2886,-1.4608224276501556,-1.4754986884832781,-1.457020005362902,-1.4578374033905976,-1.4578374033905976,0.001606855918586028,0.001606855918586028,0.006278026905829622,0.011904761904762038,0.01652533159382466,0.01824121971140742
2010-04-19,18.35,18.35,18.0,18.15,18.15,2886,-1.5188486211990948,-1.5414119530245456,-1.548427881258872,-1.548644158368936,-1.548644158368936,-0.021563342318059415,-0.025503355704698062,-0.023493543758967044,-0.017724259234203794,-0.013586956521739132,-0.011886398693403523
2010-04-20,18.25,18.25,18.05,18.2,18.2,2886,-1.5354275336416492,-1.5578902691598628,-1.5401180743592384,-1.5403889988254507,-1.5403889988254507,-0.015684153596538814,-0.020715630885122495,-0.02027633231652603,-0.015151515151515213,-0.011836247149527825,-0.009074410163339448
2010-04-21,18.2,18.35,18.1,18.2,18.2,2886,-1.5437169898629264,-1.5414119530245456,-1.5318082674596047,-1.5403889988254507,-1.5403889988254507,-0.010869565217391266,-0.018073914216347495,-0.018867924528301962,-0.015151515151515213,-0.01269393511988726,-0.008714596949891075
2010-04-22,18.1,18.1,17.8,18.0,18.0,2886,-1.56029590230548,-1.582607743362838,-1.5816671088574066,-1.5734096369993917,-1.5734096369993917,-0.0136986301369863,-0.02518277822908204,-0.02825265430987925,-0.02544667027612357,-0.022695189488543776,-0.019073569482288905
2010-04-23,18.1,18.15,17.95,18.05,18.05,2886,-1.56029590230548,-1.57436858529518,-1.556737688158506,-1.5651544774559063,-1.5651544774559063,-0.00386313465783666,-0.018755096493612334,-0.023620627479264373,-0.022607283064843667,-0.019448066058235576,-0.01634877384196189
2010-04-26,18.2,18.55,18.2,18.4,18.4,2886,-1.5437169898629264,-1.5084553207539118,-1.5151886536603378,-1.5073683606515096,-1.5073683606515096,0.01265822784810129,0.0021786492374727207,-0.003969686033923007,-0.004463681861220051,-0.0008688097306690807,0.002087682672233663
2010-04-27,18.5,18.6,18.35,18.4,18.4,2886,-1.4939802525352637,-1.5002161626862534,-1.4902592329614364,-1.5073683606515096,-1.5073683606515096,0.010433827567270605,0.0027247956403268206,-0.00325027085590459,-0.004598322964565911,-0.0014110496038206774,0.000906618313689885
2010-04-28,17.9,18.35,17.85,18.2,18.2,2886,-1.5934537271905889,-1.5414119530245456,-1.573357301957773,-1.5403889988254507,-1.5403889988254507,-0.0005491488193299293,-0.005736137667304039,-0.012301013024602021,-0.014351475764960767,-0.012265277325518431,-0.010690342453342931
2010-04-29,18.4,18.4,18.1,18.15,18.15,2886,-1.510559164977818,-1.5331727949568876,-1.5318082674596047,-1.548644158368936,-1.548644158368936,-0.004934210526315782,-0.0052069060016442245,-0.013050570962479717,-0.016393442622950928,-0.014871906209292277,-0.012961116650049849
2010-04-30,18.15,18.45,18.15,18.4,18.4,2886,-1.5520064460842036,-1.524933636889229,-1.5234984605599715,-1.5073683606515096,-1.5073683606515096,0.004915346805024764,0.010156464452374347,0.0018148820326677733,-0.002304459807509851,-0.0019527012367108573,0.0004531037607611886
2010-05-03,18.3,18.4,18.1,18.25,18.25,2886,-1.527138077420372,-1.5331727949568876,-1.5318082674596047,-1.5321338392819652,-1.5321338392819652,-0.0016411378555799309,0.001371742112482775,-0.004545454545454481,-0.009497964721845166,-0.01041101832773,-0.007792678506705195
2010-05-04,18.25,18.35,18.05,18.15,18.15,2886,-1.5354275336416492,-1.5414119530245456,-1.5401180743592384,-1.548644158368936,-1.548644158368936,-0.004388370817333972,-0.003841931942919884,-0.0087383943200437,-0.01372096182583895,-0.015406314419008487,-0.013229430953243875
2010-05-05,17.85,17.9,17.7,17.7,17.7,2886,-1.6017431834118654,-1.6155643756334725,-1.5982867226566742,-1.6229405942603037,-1.6229405942603037,-0.02371759514616656,-0.025866813428728614,-0.029959810010960916,-0.03555373927257866,-0.0379389064028699,-0.036822056956285106
2010-05-06,17.7,17.75,17.5,17.5,17.5,2886,-1.626611552075697,-1.6402818498364478,-1.6315259502552086,-1.6559612324342448,-1.6559612324342448,-0.027777777777777776,-0.034216335540838715,-0.03652046247017805,-0.04332376657099888,-0.046944777257379465,-0.046494733018525344
2010-05-07,17.3,17.45,17.3,17.35,17.35,2886,-1.6929272018459134,-1.6897167982423986,-1.6647651778537431,-1.6807267110647004,-1.6807267110647004,-0.024732996065205046,-0.038781163434903,-0.04002213205459237,-0.04788036767732192,-0.05253385757972912,-0.05337819405292344
2010-05-10,17.4,17.55,17.3,17.45,17.45,2886,-1.6763482894033594,-1.6732384821070816,-1.6647651778537431,-1.6642163919777302,-1.6642163919777302,-0.010209869540555855,-0.02812587023113353,-0.03198964497041408,-0.03896461517279359,-0.044673163254133307,-0.046795338674435485
2010-05-11,17.55,17.55,17.2,17.2,17.2,2886,-1.651479920739528,-1.6732384821070816,-1.6813847916530105,-1.7054921896951567,-1.7054921896951567,-0.01376146788990837,-0.03560414914493981,-0.04231625835189299,-0.04932983280364783,-0.05546403075233396,-0.05848006568743719
2010-05-12,17.3,17.4,17.2,17.2,17.2,2886,-1.6929272018459134,-1.6979559563100572,-1.6813847916530105,-1.7054921896951567,-1.7054921896951567,-0.008073817762398907,-0.030166337750211457,-0.038748137108792755,-0.04550499445061045,-0.05234159779614322,-0.05606878258483517
2010-05-13,17.5,17.8,17.4,17.75,17.75,2886,-1.659769376960805,-1.6320426917687891,-1.648145564054476,-1.6146854347168182,-1.6146854347168182,0.02070155261644641,0.0031082226617688453,-0.007085586425508027,-0.012242626599888642,-0.019986749116607683,-0.024725274725274686
2010-05-14,17.6,17.8,17.55,17.75,17.75,2886,-1.643190464518251,-1.6320426917687891,-1.6232161433555747,-1.6146854347168182,-1.6146854347168182,0.016027475672581636,0.00680657969370397,-0.0059734926264701765,-0.009624773329613583,-0.017817618415227932,-0.023204622580941227
2010-05-17,17.5,17.6,17.3,17.5,17.5,2886,-1.659769376960805,-1.664999324039423,-1.6647651778537431,-1.6559612324342448,-1.6559612324342448,0.001144164759725376,-0.0031330105383081583,-0.016669788349878263,-0.021799888205701345,-0.028964598823659888,-0.03501516404742219
2010-05-18,17.5,17.5,17.35,17.45,17.45,2886,-1.659769376960805,-1.68147764017474,-1.6564553709541092,-1.6642163919777302,-1.6642163919777302,-0.004563605248145939,-0.0020017157563626048,-0.01597744360902265,-0.02254586192410026,-0.029477196885428124,-0.035734020998342324
2010-05-19,17.35,17.45,17.25,17.4,17.4,2886,-1.6846377456246362,-1.6897167982423986,-1.6730749847533768,-1.6724715515212156,-1.6724715515212156,-0.009675583380762761,-0.003150959610426796,-0.015837104072398255,-0.023157894736842186,-0.029559397657557232,-0.036189069423929056
2010-05-20,17.35,17.4,17.1,17.15,17.15,2886,-1.6846377456246362,-1.6979559563100572,-1.6980044054522774,-1.7137473492386421,-1.7137473492386421,-0.017191977077363738,-0.015499425947187118,-0.02630582891748683,-0.034890264490714744,-0.04007612224336735,-0.047310434219053975
2010-05-21,16.9,16.95,16.7,16.8,16.8,2886,-1.7592428516161303,-1.7721083789189835,-1.764482860649347,-1.7715334660430389,-1.7715334660430389,-0.02665121668597919,-0.03253671177656212,-0.04036557501904019,-0.05124947056332056,-0.05564924114671155,-0.06337112060955213
2010-05-24,16.85,17.0,16.7,16.8,16.8,2886,-1.7675323078374068,-1.763869220851325,-1.764482860649347,-1.7715334660430389,-1.7715334660430389,-0.018691588785046745,-0.02890173410404604,-0.03503733486502007,-0.046943695929655395,-0.052774018944519614,-0.05996456215611296
2010-05-25,16.65,16.7,16.35,16.4,16.4,2886,-1.8006901327225155,-1.813304169257276,-1.822651508946782,-1.8375747423909214,-1.8375747423909214,-0.030159668835008962,-0.04761904761904764,-0.0516576715497304,-0.06432748538011704,-0.07155797101449272,-0.07873794588521696
2010-05-26,16.5,16.8,16.35,16.55,16.55,2886,-1.8255585013863467,-1.7968258531219587,-1.822651508946782,-1.8128092637604654,-1.8128092637604654,-0.011350059737156377,-0.03526668609734773,-0.038722168441432586,-0.0513040985955861,-0.0595522218433912,-0.06664160165429091
2010-05-27,16.65,16.75,16.4,16.65,16.65,2886,-1.8006901327225155,-1.8050650111896174,-1.8143417020471488,-1.796298944673495,-1.796298944673495,0.0006009615384614189,-0.02317395130536812,-0.02972027972027981,-0.04145077720207248,-0.0509575923392612,-0.057280362366707756
2010-05-28,16.6,16.8,16.6,16.8,16.8,2886,-1.8089795889437923,-1.7968258531219587,-1.781102474448614,-1.7715334660430389,-1.7715334660430389,0.009615384615384623,-0.00884955752212381,-0.01888261631302321,-0.02834008097165983,-0.03967074425517315,-0.04536414433184972
2010-05-31,16.95,16.95,16.7,16.95,16.95,2886,-1.750953395394853,-1.7721083789189835,-1.764482860649347,-1.7467679874125832,-1.7467679874125832,0.016796640671865697,0.0032554010062148396,-0.008191925102399097,-0.01596516690856326,-0.027873365450791502,-0.034646416706217424
2010-06-01,16.9,16.9,16.6,16.6,16.6,2886,-1.7592428516161303,-1.7803475369866422,-1.781102474448614,-1.80455410421698,-1.80455410421698,-0.006582884500299187,-0.012492563950029584,-0.0263929618768328,-0.03192885260242014,-0.043999078553328685,-0.05169951442445002
2010-06-02,16.6,16.65,16.3,16.35,16.35,2886,-1.8089795889437923,-1.8215433273249346,-1.8309613158464157,-1.8458299019344064,-1.8458299019344064,-0.01919616076784624,-0.021251122418437615,-0.037857983522950035,-0.042740046838407514,-0.05436668594563319,-0.06267915153831437
2010-06-03,16.6,16.7,16.45,16.65,16.65,2886,-1.8089795889437923,-1.813304169257276,-1.8060318951475152,-1.796298944673495,-1.796298944673495,-0.0011997600479903764,-0.00030021014710312566,-0.01595744680851082,-0.02274394717534866,-0.03366221706326186,-0.04301178273781003
2010-06-04,16.65,16.65,16.5,16.55,16.55,2886,-1.8006901327225155,-1.8215433273249346,-1.7977220882478813,-1.8128092637604654,-1.8128092637604654,-0.0042117930204572974,-0.004810583283222989,-0.017220902612826553,-0.026327401088395236,-0.03532291909536032,-0.046017869151695576
2010-06-07,16.15,16.45,16.0,16.45,16.45,2886,-1.8835846949352864,-1.8544999595955682,-1.8808201572442178,-1.829319582847436,-1.829319582847436,-0.004237288135593238,-0.008737571557698288,-0.019081693500298168,-0.02935536214780934,-0.03711074689768206,-0.04821600771456137
2010-06-08,16.45,16.55,16.3,16.35,16.35,2886,-1.8338479576076236,-1.8380216434602512,-1.8309613158464157,-1.8458299019344064,-1.8458299019344064,-0.007285974499089312,-0.014466546112115638,-0.0207626272709122,-0.03283052351375331,-0.03891370797084385,-0.05024687772291597
2010-06-09,16.4,16.55,16.25,16.35,16.35,2886,-1.8421374138289008,-1.8380216434602512,-1.8392711227460496,-1.8458299019344064,-1.8458299019344064,-0.007285974499089099,-0.013277006638503251,-0.016639935846030508,-0.0303928836174944,-0.035853284585446225,-0.046832491255343826
2010-06-10,16.85,16.85,16.4,16.6,16.6,2886,-1.7675323078374068,-1.7885866950543001,-1.8143417020471488,-1.80455410421698,-1.80455410421698,0.008505467800729074,0.0021128886205853655,0.000602772754671583,-0.012198750371913019,-0.019028483630776454,-0.029334372868141417
2010-06-11,16.9,17.1,16.8,17.05,17.05,2886,-1.7592428516161303,-1.7473909047160077,-1.7478632468500794,-1.7302576683256123,-1.7302576683256123,0.02958937198067645,0.02772754671488854,0.02669610598153363,0.016696481812760736,0.008279124778237763,-0.00039085401602507574
2010-06-14,17.2,17.35,17.15,17.25,17.25,2886,-1.7095061142884678,-1.7061951143777152,-1.6896945985526444,-1.6972370301516713,-1.6972370301516713,0.031698564593301504,0.03790613718411568,0.03686635944700461,0.02938982545129045,0.020589279375221807,0.013315057763853529
2010-06-15,17.3,17.65,17.2,17.55,17.55,2886,-1.6929272018459134,-1.6567601659717648,-1.6813847916530105,-1.6477060728907593,-1.6477060728907593,0.034787735849056596,0.04995513012264438,0.05005983246908651,0.046979865771812165,0.037479309529439606,0.032150558713977664
2010-06-17,17.65,17.75,17.5,17.7,17.7,2886,-1.6349010082969742,-1.6402818498364478,-1.6315259502552086,-1.6229405942603037,-1.6229405942603037,0.02727800348229825,0.050445103857566634,0.05419892793329364,0.05498435404559675,0.04511100614076519,0.04097235836110559
2010-06-18,17.65,17.7,17.35,17.55,17.55,2886,-1.6349010082969742,-1.6485210079041064,-1.6564553709541092,-1.6477060728907593,-1.6477060728907593,0.007462686567164326,0.03600944510035416,0.04154302670623141,0.044798333085280626,0.036743856332703204,0.03204939723610713
2010-06-21,17.7,17.8,17.5,17.65,17.65,2886,-1.626611552075697,-1.6320426917687891,-1.6315259502552086,-1.6311957538037891,-1.6311957538037891,0.006271379703534746,0.035190615835777,0.04396687697160855,0.04809976247030871,0.04289766012762935,0.03732001175433429
2010-06-22,17.7,17.7,17.55,17.65,17.65,2886,-1.626611552075697,-1.6485210079041064,-1.6232161433555747,-1.6311957538037891,-1.6311957538037891,0.0017026106696935949,0.02795573675014563,0.04109319701140378,0.04546127646971706,0.042528056704075536,0.0369137373935181
2010-06-23,17.65,17.65,17.5,17.6,17.6,2886,-1.6349010082969742,-1.6567601659717648,-1.6315259502552086,-1.6394509133472739,-1.6394509133472739,-0.0017016449234258414,0.017635154668979663,0.03407755581668636,0.03880773203482359,0.03920642418516778,0.033167009098914076
2010-06-24,17.65,17.8,17.55,17.8,17.8,2886,-1.6349010082969742,-1.6320426917687891,-1.6232161433555747,-1.6064302751733328,-1.6064302751733328,0.008498583569405221,0.020642201834862352,0.039922103213242466,0.04675095560129362,0.05002359603586591,0.043682204632072764
2010-06-25,17.75,17.9,17.6,17.65,17.65,2886,-1.6183220958544198,-1.6155643756334725,-1.614906336455941,-1.6311957538037891,-1.6311957538037891,-0.0011318619128466087,0.0059846110002848025,0.02715809893307459,0.034887129873937196,0.039948149893942804,0.035089434072915614
2010-06-28,17.8,18.05,17.75,17.85,17.85,2886,-1.6100326396331426,-1.5908469014304967,-1.5899769157570405,-1.5981751156298474,-1.5981751156298474,0.007905138339920981,0.012765957446808592,0.033584250144759804,0.04340201665935991,0.04913600564241225,0.046613896218117956
2010-06-29,18.0,18.05,17.6,17.65,17.65,2886,-1.5768748147480345,-1.5908469014304967,-1.614906336455941,-1.6311957538037891,-1.6311957538037891,-0.0033879164313948204,-0.0008491367110105049,0.017291066282420584,0.029604783432987992,0.03531206006569688,0.034583821805392725
2010-06-30,17.4,17.45,17.2,17.3,17.3,2886,-1.6763482894033594,-1.6897167982423986,-1.6813847916530105,-1.6889818706081858,-1.6889818706081858,-0.01983002832861178,-0.019274376417233355,-0.0065084226646248055,0.007131421918206882,0.012643409037696153,0.014365288771621285
2010-07-01,17.35,17.4,17.15,17.2,17.2,2886,-1.6846377456246362,-1.6979559563100572,-1.6896945985526444,-1.7054921896951567,-1.7054921896951567,-0.0188248716486025,-0.022171688459351937,-0.015455065827132403,-0.0011614401858306112,0.005260081823495024,0.00889627529572787
2010-07-02,17.4,18.35,17.35,18.0,18.0,2886,-1.6763482894033594,-1.5414119530245456,-1.6564553709541092,-1.5734096369993917,-1.5734096369993917,0.022727272727272645,0.020697476609016278,0.02486240273296645,0.04121475054229926,0.04870659519925416,0.054069880929143214
2010-07-05,18.35,18.5,18.15,18.5,18.5,2886,-1.5188486211990948,-1.5166944788215704,-1.5234984605599715,-1.4908580415645387,-1.4908580415645387,0.04342921601804848,0.04401805869074499,0.04756511891279727,0.06413574920908842,0.07358402971216346,0.07976653696498058
2010-07-06,18.2,18.55,18.2,18.5,18.5,2886,-1.5437169898629264,-1.5084553207539118,-1.5151886536603378,-1.4908580415645387,-1.4908580415645387,0.03351955307262578,0.03903397921932043,0.04264512492955107,0.05789849892780553,0.06973516826645076,0.07620709714950567
2010-07-07,18.5,18.5,18.3,18.4,18.4,2886,-1.4939802525352637,-1.5166944788215704,-1.4985690398610703,-1.5073683606515096,-1.5073683606515096,0.015452538631346643,0.028795079675705933,0.03370786516853921,0.04604889141557717,0.0595416330761257,0.06625458759899541
2010-07-08,18.6,18.65,18.3,18.4,18.4,2886,-1.4774013400927093,-1.4919770046185952,-1.4985690398610703,-1.5073683606515096,-1.5073683606515096,0.0021786492374727207,0.025355252159375775,0.03100485618229348,0.03998869577504569,0.05456212746446574,0.06245789625637573
2010-07-09,18.55,18.6,18.3,18.4,18.4,2886,-1.4856907963139865,-1.5002161626862534,-1.4985690398610703,-1.5073683606515096,-1.5073683606515096,-0.0021691973969630777,0.021087680355160877,0.02774157512567489,0.03472515113173062,0.05034821326635448,0.05889123345482427
2010-07-12,18.45,18.55,18.3,18.3,18.3,2886,-1.5022697087565409,-1.5084553207539118,-1.4985690398610703,-1.5238786797384798,-1.5238786797384798,-0.005434782608695537,0.013008580127317987,0.019687964338781686,0.025497338189969285,0.040482146918353404,0.05011476664116306
2010-07-13,18.4,18.4,18.1,18.25,18.25,2886,-1.510559164977818,-1.5331727949568876,-1.5318082674596047,-1.5321338392819652,-1.5321338392819652,-0.005449591280654028,0.006896551724137931,0.014640474425500288,0.01983794355965356,0.0334088335220838,0.04464796794504851
2010-07-14,18.65,19.25,18.65,19.25,19.25,2886,-1.4691118838714328,-1.3931071078066932,-1.4404003915636352,-1.3670306484122594,-1.3670306484122594,0.03941684665226784,0.05076419213973798,0.06373181064652786,0.07063403781979975,0.08292079207920794,0.09634551495016609
2010-07-15,19.2,19.2,19.0,19.1,19.1,2886,-1.377927865437385,-1.4013462658743518,-1.3822317432661995,-1.391796127042715,-1.391796127042715,0.0235798499464095,0.03187466234467874,0.05041246562786441,0.058171745152354605,0.06787431510678756,0.08215297450424947
2010-07-16,19.25,19.45,18.9,19.1,19.1,2886,-1.3696384092161078,-1.3601504755360594,-1.3988513570654668,-1.391796127042715,-1.391796127042715,0.015957446808510675,0.025778732545650055,0.04485776805251663,0.053647772721004,0.06193706215945739,0.0771689068521477
2010-07-19,19.1,19.35,19.05,19.2,19.2,2886,-1.3945067778799387,-1.376628791671376,-1.3739219363665656,-1.3752858079557448,-1.3752858079557448,0.011591148577450076,0.027287319422150774,0.04518236254763212,0.05465531447404565,0.06241699867197876,0.07744107744107738
2010-07-20,19.3,19.3,19.0,19.15,19.15,2886,-1.3613489529948306,-1.3848679497390346,-1.3822317432661995,-1.3835409674992303,-1.3835409674992303,-0.000521920668058722,0.02106105038656356,0.03681645912290179,0.04759299781181605,0.055212695613841685,0.0692350642099385
2010-07-21,19.15,19.25,18.9,19.05,19.05,2886,-1.3862173216586622,-1.3931071078066932,-1.3988513570654668,-1.4000512865862005,-1.4000512865862005,-0.0036610878661088014,0.012221041445271011,0.02492826398852251,0.03800572129137728,0.04624340949033384,0.058333333333333376
2010-07-22,19.15,19.25,18.9,18.9,18.9,2886,-1.3862173216586622,-1.3931071078066932,-1.3988513570654668,-1.4248167652166568,-1.4248167652166568,-0.009433962264151113,0.0015898251192367559,0.010695187165775364,0.026755398614695083,0.03527607361963181,0.04506497097041755
2010-07-23,19.05,19.2,19.0,19.05,19.05,2886,-1.402796234101216,-1.4013462658743518,-1.3822317432661995,-1.4000512865862005,-1.4000512865862005,-0.0010487676979548807,0.006073409030895273,0.014917421417155095,0.03098362873765399,0.04007425202009162,0.04862385321100914
2010-07-26,19.25,19.3,19.05,19.1,19.1,2886,-1.3696384092161078,-1.3848679497390346,-1.3739219363665656,-1.391796127042715,-1.391796127042715,0.002624671916010536,0.004470155140678457,0.015417331206805036,0.03020496224379732,0.0395123544138458,0.047436248971757716
2010-07-27,19.2,19.2,18.9,18.9,18.9,2886,-1.377927865437385,-1.4013462658743518,-1.3988513570654668,-1.4248167652166568,-1.4248167652166568,-0.005263157894736917,-0.00943396226415093,0.0033622367722526583,0.01599247412982123,0.025835866261398128,0.033351558228540155
2010-07-28,18.95,19.15,18.95,19.05,19.05,2886,-1.4193751465437703,-1.4095854239420105,-1.3905415501658331,-1.4000512865862005,-1.4000512865862005,0.0026315789473684583,-0.0005246589716683111,0.009004237288135495,0.01926163723916549,0.0307326046964615,0.03871319520174487
2010-07-29,19.15,19.2,18.9,19.1,19.1,2886,-1.3862173216586622,-1.4013462658743518,-1.3988513570654668,-1.391796127042715,-1.391796127042715,0.0031512605042018004,0.002098635886673804,0.00915815427967606,0.01676869842959815,0.030538469839214554,0.038796229151559176
2010-07-30,19.1,19.2,18.95,19.15,19.15,2886,-1.3945067778799387,-1.4013462658743518,-1.3905415501658331,-1.3835409674992303,-1.3835409674992303,0.004721930745015732,0.004458431681090862,0.00913402424029503,0.01631949051346676,0.029902118963106235,0.038503253796095295
2010-08-02,19.3,19.95,19.3,19.85,19.85,2886,-1.3613489529948306,-1.2777588948594745,-1.3323729018683974,-1.2679687338904355,-1.2679687338904355,0.03331598125976057,0.0376372190277053,0.040356394129979205,0.04970914859862513,0.06297525971939606,0.0722002160604969
2010-08-03,19.95,20.15,19.9,20.15,20.15,2886,-1.253586022118229,-1.2448022625888409,-1.2326552190727942,-1.2184377766295242,-1.2184377766295242,0.035457348406988574,0.047841913676546964,0.04911489066296416,0.06094510991180723,0.07329285181634163,0.08352751389137826
2010-08-04,20.25,20.25,19.9,20.0,20.0,2886,-1.2038492847905664,-1.2283239464535236,-1.2326552190727942,-1.2432032552599799,-1.2432032552599799,0.01781170483460567,0.03492884864165592,0.03860135018175518,0.04863022676628645,0.059209829467217576,0.0708548991611635
2010-08-05,20.15,20.2,19.95,20.05,20.05,2886,-1.2204281972331208,-1.2365631045211822,-1.2243454121731603,-1.2349480957164944,-1.2349480957164944,0.010584677419354881,0.031378600823045236,0.03778467908902713,0.04672409292612912,0.05548536534007171,0.06923828992978415
2010-08-06,20.2,20.2,19.95,20.05,20.05,2886,-1.2121387410118436,-1.2365631045211822,-1.2243454121731603,-1.2349480957164944,-1.2349480957164944,0.0014985014985015553,0.02610030706243611,0.03439380911435948,0.04223521767381416,0.05094873676486012,0.06469599079564566
2010-08-09,20.1,20.5,20.1,20.45,20.45,2886,-1.2287176534543973,-1.1871281561152311,-1.199415991474259,-1.1689068193686123,-1.1689068193686123,0.015392254220456739,0.03939008894536206,0.05051369863013704,0.057120703024037246,0.0675506368761746,0.08096202977711213
2010-08-10,20.6,20.6,20.2,20.45,20.45,2886,-1.1458230912416265,-1.170649839979914,-1.1827963776749921,-1.1689068193686123,-1.1689068193686123,0.012376237623762377,0.031265758951084084,0.04585748380497793,0.05114366486764314,0.06322137880836007,0.07565529937757513
2010-08-11,19.55,19.6,19.1,19.25,19.25,2886,-1.319901671888445,-1.3354330013330835,-1.365612129466932,-1.3670306484122594,-1.3670306484122594,-0.03990024937655864,-0.030226700251889237,-0.016183986371379886,-0.01053713698278087,-0.0009341914054391054,0.009086143630962712
2010-08-12,19.0,19.35,18.95,19.25,19.25,2886,-1.411085690322493,-1.376628791671376,-1.3905415501658331,-1.3670306484122594,-1.3670306484122594,-0.032176973353443966,-0.030958973068210518,-0.017355793772332817,-0.010918432883750731,-0.002694021344938328,0.005484460694698377
2010-08-13,19.25,19.3,19.05,19.25,19.25,2886,-1.3696384092161078,-1.3848679497390346,-1.3739219363665656,-1.3670306484122594,-1.3670306484122594,-0.024328433857070474,-0.031446540880503145,-0.01802414555347722,-0.01129943502824853,-0.004447662391394215,0.0033009034051424205
2010-08-16,19.25,19.45,19.0,19.25,19.25,2886,-1.3696384092161078,-1.3601504755360594,-1.3822317432661995,-1.3670306484122594,-1.3670306484122594,-0.012314007183170958,-0.028513752207923352,-0.018524813052345518,-0.011426370522531964,-0.006400330339630552,0.001995315346577635
2010-08-17,19.3,19.3,19.15,19.2,19.2,2886,-1.3613489529948306,-1.3848679497390346,-1.3573023225672987,-1.3752858079557448,-1.3752858079557448,-0.002079002079002219,-0.02636916835699795,-0.022071307300509352,-0.014120667522464807,-0.010921079744487933,-0.0018195996880686323
2010-08-18,19.2,19.5,19.15,19.5,19.5,2886,-1.377927865437385,-1.3519113174684008,-1.3573023225672987,-1.325754850694833,-1.325754850694833,0.010886469673405955,-0.008642602948652678,-0.008306492625869005,0.0001282215668674305,0.004016064257028082,0.011848136296808889
2010-08-19,19.3,19.45,19.1,19.2,19.2,2886,-1.3613489529948306,-1.3601504755360594,-1.365612129466932,-1.3752858079557448,-1.3752858079557448,-0.004149377593361091,-0.01965790145519538,-0.023894255210981312,-0.016015374759769378,-0.011633892721095574,-0.00509543138440295
2010-08-20,19.25,19.35,19.15,19.2,19.2,2886,-1.3696384092161078,-1.376628791671376,-1.3573023225672987,-1.3752858079557448,-1.3752858079557448,-0.0036325895173845504,-0.015384615384615422,-0.024059640799728877,-0.016393442622950834,-0.011837364899639755,-0.00646830530401035
2010-08-23,19.3,19.8,19.2,19.65,19.65,2886,-1.3613489529948306,-1.30247636906245,-1.348992515667665,-1.3009893720643773,-1.3009893720643773,0.0155038759689921,0.011843460350154503,-0.0005086469989827855,0.005243637293771539,0.01038667215137794,0.014455343314403592
2010-08-24,19.9,20.1,19.65,19.9,19.9,2886,-1.261875478339506,-1.2530414206564988,-1.2742042535709623,-1.2597135743469507,-1.2597135743469507,0.02103642893791689,0.027627162406403127,0.0130663499066688,0.015435642301313864,0.021665468733956292,0.024453024453024344
2010-08-25,19.8,19.8,19.2,19.2,19.2,2886,-1.2784543907820598,-1.30247636906245,-1.348992515667665,-1.3752858079557448,-1.3752858079557448,-0.011837364899639755,-0.008264462809917363,-0.019908116385911032,-0.020657995409334235,-0.01457606241018266,-0.011498198043590334
2010-08-26,19.2,19.25,18.7,18.9,18.9,2886,-1.377927865437385,-1.3931071078066932,-1.4320905846640013,-1.4248167652166568,-1.4248167652166568,-0.024264326277749042,-0.021992238033635224,-0.03143149982917663,-0.03546823169175812,-0.029973311435023593,-0.026609442060085968
2010-08-27,19.0,19.6,18.95,19.4,19.4,2886,-1.411085690322493,-1.3354330013330835,-1.3905415501658331,-1.3422651697818038,-1.3422651697818038,-0.0005151983513653562,0.0031023784901759196,-0.0035952747817156565,-0.010582685196991105,-0.005026156528874886,-0.0013726835964310545
2010-08-30,19.5,19.8,19.45,19.7,19.7,2886,-1.3281911281097223,-1.30247636906245,-1.3074434811694968,-1.2927342125208918,-1.2927342125208918,0.014418125643666383,0.016249677585762255,0.014418125643666197,0.005102040816326422,0.009117918246081203,0.013200754328818844
2010-08-31,19.6,19.65,19.35,19.35,19.35,2886,-1.311612215667168,-1.3271938432654256,-1.3240630949687637,-1.3505203293252885,-1.3505203293252885,0.0020714655618851736,-0.0025773195876287198,0.00017229496898674883,-0.010736196319018447,-0.009723643807574091,-0.005141388174807088
2010-09-01,19.65,19.95,19.45,19.7,19.7,2886,-1.3033227594458914,-1.2777588948594745,-1.3074434811694968,-1.2927342125208918,-1.2927342125208918,0.014940752189592949,0.014418125643666383,0.016686736624806325,0.00793041698644142,0.006848614944290952,0.011726440126679708
2010-09-02,19.9,19.9,19.7,19.75,19.75,2886,-1.261875478339506,-1.285998052927133,-1.2658944466713287,-1.2844790529774064,-1.2844790529774064,0.008682328907047914,0.014120667522464624,0.017516743946419364,0.011264720942140238,0.008064516129032322,0.01282051282051282
2010-09-03,19.9,19.95,19.75,19.85,19.85,2886,-1.261875478339506,-1.2777588948594745,-1.2575846397716948,-1.2679687338904355,-1.2679687338904355,0.009150991357397218,0.015864892528147507,0.02056555269922909,0.016905737704918128,0.011722731906218349,0.016558552406964876
2010-09-06,19.95,20.0,19.7,19.85,19.85,2886,-1.253586022118229,-1.269519736791816,-1.2658944466713287,-1.2679687338904355,-1.2679687338904355,0.007614213197969652,0.014826175869120793,0.018471010774756255,0.018471010774756255,0.011722731906218167,0.015258716221976075
2010-09-07,19.9,19.9,19.75,19.85,19.85,2886,-1.261875478339506,-1.285998052927133,-1.2575846397716948,-1.2679687338904355,-1.2679687338904355,0.002525252525252561,0.015085655842495613,0.016211604095563128,0.020041109969167553,0.012341901264789927,0.013617021276595878
2010-09-08,19.85,19.95,19.55,19.95,19.95,2886,-1.2701649345607826,-1.2777588948594745,-1.2908238673702292,-1.2514584148034653,-1.2514584148034653,0.005037783375314754,0.01630157921548633,0.019764866246379284,0.023339317773788063,0.017545649291033236,0.017165193745751157
2010-09-09,20.0,20.0,19.7,19.75,19.75,2886,-1.2452965658969517,-1.269519736791816,-1.2658944466713287,-1.2844790529774064,-1.2844790529774064,-0.0050377833753149324,0.0017752979964494112,0.007653061224489723,0.011782786885245923,0.007961620904358415,0.005856888209829488
2010-09-10,19.85,19.85,19.7,19.8,19.8,2886,-1.2701649345607826,-1.2942372109947913,-1.2658944466713287,-1.276223893433921,-1.276223893433921,-0.0020161290322582,0.00227790432801831,0.008146639511201636,0.0129172528456325,0.011029411764705937,0.007291843310157945
2010-09-13,20.0,20.5,19.95,20.5,20.5,2886,-1.2452965658969517,-1.1871281561152311,-1.2243454121731603,-1.1606516598251269,-1.1606516598251269,0.026539809714571917,0.033526594403831565,0.04078524284988987,0.04538500764915843,0.04666598590830174,0.04175489116625743
2010-09-14,20.7,20.9,20.45,20.9,20.9,2886,-1.1292441787990728,-1.1212148915739635,-1.141247343176824,-1.094610383477245,-1.094610383477245,0.03567888999008914,0.04552276138069017,0.0575139146567718,0.06118304138106109,0.06610895735564168,0.06073422432752508
2010-09-15,21.0,21.2,20.8,21.2,21.2,2886,-1.0795074414714103,-1.0717799431680126,-1.0830786948793882,-1.045079426216333,-1.045079426216333,0.03768967205090551,0.05263157894736854,0.06550510973362379,0.07178968655207289,0.07712630830200168,0.07378017896336318
2010-09-16,21.15,21.25,20.9,20.9,20.9,2886,-1.0546390728075794,-1.063540785100354,-1.0664590810801213,-1.094610383477245,-1.094610383477245,0.01161665053242974,0.031843989138484304,0.043434847728407076,0.052101686383085655,0.05833502126797637,0.05706819522886288
2010-09-17,21.2,21.3,20.8,20.8,20.8,2886,-1.0463496165863022,-1.0553016270326954,-1.0830786948793882,-1.1111207025642151,-1.1111207025642151,-0.0028763183125600318,0.022113022113022077,0.03362597316547968,0.0428678866883931,0.04997476022211015,0.0506819329853511
2010-09-20,20.8,21.0,20.75,20.9,20.9,2886,-1.1126652663565184,-1.1047365754386462,-1.0913885017790221,-1.094610383477245,-1.094610383477245,-0.001910219675262784,0.021755072109508517,0.03448275862068959,0.04460827189803815,0.05151942040652029,0.054933961470513895
2010-09-21,21.1,21.15,20.7,21.1,21.1,2886,-1.062928529028856,-1.080019101235671,-1.0996983086786558,-1.0615897453033032,-1.0615897453033032,0.005719733079123022,0.025267249757045654,0.03838582677165378,0.05145135168805295,0.057538091419406745,0.06386554621848753
2010-09-23,20.7,21.5,20.7,21.5,21.5,2886,-1.1292441787990728,-1.0223449947620615,-1.0996983086786558,-0.995548468955421,-0.995548468955421,0.021863117870722475,0.03689414034241623,0.0518590998043054,0.0652793261488915,0.07328274760383406,0.07994976977814976
2010-09-24,21.25,21.5,20.95,21.2,21.2,2886,-1.038060160365025,-1.0223449947620615,-1.0581492741804877,-1.045079426216333,-1.045079426216333,0.004739336492890894,0.015325670498084306,0.03229995130660593,0.04446360389210475,0.054097056483691196,0.06141522029372496
2010-09-27,21.3,21.4,21.1,21.3,21.3,2886,-1.0297707041437478,-1.0388233108973788,-1.0332198534815864,-1.0285691071293621,-1.0285691071293621,0.004716981132075539,0.012838801711840207,0.03231017770597744,0.04450165502022815,0.05466428995840775,0.06278586278586276
2010-09-28,21.3,21.3,20.95,21.05,21.05,2886,-1.0297707041437478,-1.0553016270326954,-1.0581492741804877,-1.0698449048467886,-1.0698449048467886,-0.008478568064060278,-0.0016599478302110572,0.016253620856131457,0.028836754643206248,0.03940351570215297,0.04717685100737919
2010-09-29,21.05,21.3,20.95,21.15,21.15,2886,-1.0712179852501331,-1.0553016270326954,-1.0581492741804877,-1.0533345857598184,-1.0533345857598184,-0.004237288135593381,0.0018948365703457674,0.016826923076922976,0.029197080291970698,0.04176928381440247,0.04876033057851226
2010-09-30,21.0,21.1,20.8,21.0,21.0,2886,-1.0795074414714103,-1.0882582593033292,-1.0830786948793882,-1.078100064390274,-1.078100064390274,-0.00662251655629125,-0.0042674253200568925,0.006229036895064638,0.018675721561969342,0.030725434377147226,0.03874690849134386
2010-10-01,21.0,21.1,20.9,21.05,21.05,2886,-1.0795074414714103,-1.0882582593033292,-1.0664590810801213,-1.0698449048467886,-1.0698449048467886,-0.0028422548555188188,-0.0026060175313906524,0.004453634483855763,0.017891682785299855,0.028836754643206248,0.0380537519520014
2010-10-04,21.1,21.4,21.1,21.35,21.35,2886,-1.062928529028856,-1.0388233108973788,-1.0332198534815864,-1.0203139475858767,-1.0203139475858767,0.010890151515151705,0.008979206049149398,0.013770180436847232,0.02866779089376048,0.0395364689843218,0.04914004914004914
2010-10-05,21.35,21.35,21.0,21.1,21.1,2886,-1.0214812479224706,-1.0470624689650367,-1.0498394672808538,-1.0615897453033032,-1.0615897453033032,-0.0014197823000473798,-0.0037771482530688525,0.0,0.013570313438212986,0.0245702631834515,0.034398235149930796
2010-10-06,21.3,21.75,21.3,21.7,21.7,2886,-1.0297707041437478,-0.9811492044237691,-0.9999806258830519,-0.96252783078148,-0.96252783078148,0.021657250470809665,0.021657250470809665,0.025843050740624027,0.037780966044954525,0.048917246713070406,0.060692464358452165
2010-10-07,21.7,21.85,21.5,21.7,21.7,2886,-0.9634550543735314,-0.9646708882884519,-0.9667413982845174,-0.96252783078148,-0.96252783078148,0.014967259120673372,0.020696142991533457,0.02422907488986777,0.033456363852839656,0.0448767334360554,0.0563894523326571
2010-10-08,21.7,21.8,21.4,21.65,21.65,2886,-0.9634550543735314,-0.9729100463561104,-0.983361012083785,-0.9707829903249654,-0.9707829903249654,0.006976744186046446,0.01619338183524989,0.01946319259142995,0.026431195922721397,0.038668201880636986,0.049273021001615465
2010-10-11,21.7,21.75,21.1,21.25,21.25,2886,-0.9634550543735314,-0.9811492044237691,-1.0332198534815864,-1.0368242666728475,-1.0368242666728475,-0.010707635009311007,-0.0023474178403756203,-0.000783699059561084,0.004016064257028153,0.01674641148325366,0.026818071998067152
2010-10-12,21.35,21.35,20.85,21.0,21.0,2886,-1.0214812479224706,-1.0470624689650367,-1.0747688879797546,-1.078100064390274,-1.078100064390274,-0.021435228331780094,-0.013853017140173828,-0.012848636790974456,-0.00896649362907021,0.00257805786307658,0.01261753596399565
2010-10-13,21.1,21.15,20.9,21.0,21.0,2886,-1.062928529028856,-1.080019101235671,-1.0664590810801213,-1.078100064390274,-1.078100064390274,-0.015009380863039413,-0.013157894736842158,-0.012539184952978013,-0.009200283085633417,0.00038109756097573705,0.00993908303943556
2010-10-14,21.2,21.75,21.2,21.5,21.5,2886,-1.0463496165863022,-0.9811492044237691,-1.0166002396823195,-0.995548468955421,-0.995548468955421,0.0103383458646616,0.007969995311767376,0.010971786833855844,0.013672795851013633,0.02118362306450071,0.03101023017902804
2010-10-15,21.7,21.7,21.4,21.6,21.6,2886,-0.9634550543735314,-0.9893883624914277,-0.983361012083785,-0.9790381498684502,-0.9790381498684502,0.015514809590973289,0.01005377601122298,0.014402003757044542,0.01670981407389993,0.022340022718667234,0.0327516136743963
2010-10-18,21.6,21.6,20.95,20.95,20.95,2886,-0.9800339668160852,-1.0058666786267443,-1.0581492741804877,-1.0863552239337595,-1.0863552239337595,-0.012258368694012332,-0.018505504802061354,-0.015044663845792209,-0.014233619574167838,-0.010579011995843969,-7.95481664146918e-05
2010-10-19,20.95,20.95,20.75,20.9,20.9,2886,-1.0877968976926875,-1.1129757335063049,-1.0913885017790221,-1.094610383477245,-1.094610383477245,-0.013685700802265346,-0.019929660023446694,-0.01693320790216383,-0.016586283966592293,-0.013685700802265346,-0.004129606099110684
2010-10-20,20.7,20.8,20.5,20.6,20.6,2886,-1.1292441787990728,-1.13769320770928,-1.1329375362771903,-1.1441413407381562,-1.1441413407381562,-0.024159166271908953,-0.028988922931887578,-0.029370190042406062,-0.029560711341420222,-0.027292473321371205,-0.019592289997620305
2010-10-21,20.6,20.8,20.5,20.65,20.65,2886,-1.1458230912416265,-1.13769320770928,-1.1329375362771903,-1.1358861811946712,-1.1358861811946712,-0.013849092645654378,-0.02179062055897683,-0.02594339622641513,-0.02525371725277336,-0.02391756475704293,-0.01830282861896846
2010-10-22,20.65,20.65,20.45,20.55,20.55,2886,-1.13753363502035,-1.162410681912256,-1.141247343176824,-1.1523965002816416,-1.1523965002816416,-0.008683068017366123,-0.021428571428571394,-0.029133858267716556,-0.028483630776503756,-0.028001135181155934,-0.024293740602991217
2010-10-25,20.5,21.0,20.5,20.85,20.85,2886,-1.162402003684181,-1.1047365754386462,-1.1329375362771903,-1.1028655430207297,-1.1028655430207297,0.006760019314340926,-0.005248091603053407,-0.013406940063091394,-0.013251301467108428,-0.013904653802497184,-0.011692210459788417
2010-10-26,20.95,21.2,20.85,21.2,21.2,2886,-1.0877968976926875,-1.0717799431680126,-1.0747688879797546,-1.045079426216333,-1.045079426216333,0.02070293692826173,0.01048617731172557,0.002838221381267847,0.0029568302779420462,0.0020797882397428856,0.003787878787878707
2010-10-27,21.3,21.4,20.95,21.2,21.2,2886,-1.0297707041437478,-1.0388233108973788,-1.0581492741804877,-1.045079426216333,-1.045079426216333,0.014839636189564496,0.00952380952380949,0.004421983575489595,0.002838221381267847,0.0018903591682419257,0.0033128253667769393
2010-10-28,21.0,21.35,20.85,21.2,21.2,2886,-1.0795074414714103,-1.0470624689650367,-1.0747688879797546,-1.045079426216333,-1.045079426216333,0.00952380952380949,0.010968049594659057,0.0060107560898449135,0.0023640661938534617,0.0024588613580478554,0.003312825366777108
2010-10-29,21.3,21.3,20.9,21.25,21.25,2886,-1.0297707041437478,-1.0553016270326954,-1.0664590810801213,-1.0368242666728475,-1.0368242666728475,0.005203405865657663,0.015046572725101567,0.009661070636680213,0.004253308128544248,0.004728132387706923,0.005124162396531381
2010-11-01,21.2,21.55,21.2,21.45,21.45,2886,-1.0463496165863022,-1.014105836694403,-1.0166002396823195,-1.0038036284989065,-1.0038036284989065,0.008936970837253118,0.022158684774838993,0.018518518518518375,0.013465627214741326,0.013896766874645514,0.013545440226807306
2010-11-02,21.6,21.65,21.25,21.45,21.45,2886,-0.9800339668160852,-0.9976275205590863,-1.0082904327826856,-1.0038036284989065,-1.0038036284989065,0.006569685593618047,0.019486692015209132,0.01706970128022757,0.012628348872890447,0.013130549782732018,0.012668187898339811
2010-11-03,21.45,21.6,21.35,21.45,21.45,2886,-1.0049023354799167,-1.0058666786267443,-0.9916708189834181,-1.0038036284989065,-1.0038036284989065,0.004213483146067576,0.01538461538461535,0.015624999999999918,0.013226263580538553,0.012556646525679675,0.012110726643598666
2010-11-04,21.45,21.6,21.35,21.4,21.4,2886,-1.0049023354799167,-1.0058666786267443,-0.9916708189834181,-1.012058788042392,-1.012058788042392,0.0,0.00943396226415091,0.013577518155983345,0.011581186480737292,0.00943396226415091,0.009910335063709337
2010-11-05,21.6,21.65,21.45,21.65,21.65,2886,-0.9800339668160852,-0.9976275205590863,-0.9750512051841512,-0.9707829903249654,-0.9707829903249654,0.007914338919925426,0.01595495072735804,0.025256511444356658,0.023398723705979552,0.02007161703731617,0.02098561659985854
2010-11-08,21.65,21.75,21.4,21.5,21.5,2886,-0.9717445105948086,-0.9811492044237691,-0.983361012083785,-0.995548468955421,-0.995548468955421,0.0004653327128897889,0.005847953216374269,0.01638827607942015,0.015708042990433428,0.012717852096090419,0.0135931484246093
2010-11-09,21.3,21.45,21.1,21.4,21.4,2886,-1.0297707041437478,-1.0305841528297202,-1.0332198534815864,-1.012058788042392,-1.012058788042392,-0.003724394785847221,0.00023369946249118977,0.010069225928256832,0.010029498525073679,0.007438094341399175,0.008324171509344854
2010-11-10,21.35,21.4,21.15,21.35,21.35,2886,-1.0214812479224706,-1.0388233108973788,-1.0249100465819532,-1.0203139475858767,-1.0203139475858767,-0.0051258154706428655,-0.0028024287716019954,0.00533668183958562,0.006838009903324667,0.005747126436781772,0.005652378709373575
2010-11-11,21.1,21.35,21.1,21.3,21.3,2886,-1.062928529028856,-1.0470624689650367,-1.0332198534815864,-1.0285691071293621,-1.0285691071293621,-0.0065298507462686825,-0.005602240896358425,0.0009398496240602975,0.004953998584571853,0.004148595134829388,0.0028248587570620866
2010-11-12,21.1,21.2,20.75,20.85,20.85,2886,-1.062928529028856,-1.0717799431680126,-1.0913885017790221,-1.1028655430207297,-1.1028655430207297,-0.020206766917293218,-0.024789522918615577,-0.021126760563380247,-0.014533853243530542,-0.015580736543909268,-0.018053375196232315
2010-11-15,20.85,20.85,20.3,20.45,20.45,2886,-1.1043758101352412,-1.1294540496416214,-1.1661767638757248,-1.1689068193686123,-1.1689068193686123,-0.029425723777883293,-0.039003759398496325,-0.03870260106549675,-0.03229622619188458,-0.03300548515226044,-0.035529004873447595
2010-11-16,20.35,20.7,20.1,20.7,20.7,2886,-1.187270372348012,-1.1541715238445973,-1.199415991474259,-1.1276310216511858,-1.1276310216511858,-0.010989010989011009,-0.023815137939165246,-0.025423728813559445,-0.02000236714404069,-0.020628311884935652,-0.02312411514865512
2010-11-17,20.5,20.5,20.0,20.05,20.05,2886,-1.162402003684181,-1.1871281561152311,-1.2160356052735266,-1.2349480957164944,-1.2349480957164944,-0.029995162070633814,-0.04818419178732497,-0.05260670971806599,-0.04953780516710112,-0.049672954782443914,-0.051336645374970305
2010-11-18,20.05,20.25,20.0,20.1,20.1,2886,-1.2370071096756745,-1.2283239464535236,-1.2160356052735266,-1.226692936173009,-1.226692936173009,-0.016152716593245145,-0.039885359445903865,-0.046941678520625654,-0.04592381630473467,-0.04476760764185914,-0.04656494584552117
2010-11-19,20.25,20.3,20.0,20.25,20.25,2886,-1.2038492847905664,-1.220084788385865,-1.2160356052735266,-1.2019274575425534,-1.2019274575425534,-0.002954209748892283,-0.026208223130560145,-0.036784525130806885,-0.03811898824367661,-0.03516295025729002,-0.037318754456857624
2010-11-22,20.3,20.4,20.2,20.25,20.25,2886,-1.1955598285692892,-1.2036064722505484,-1.1827963776749921,-1.2019274575425534,-1.2019274575425534,-0.000986679822397611,-0.020319303338171175,-0.033105204520133616,-0.03674634320371035,-0.03387404580152676,-0.03579081025315444
2010-11-23,20.25,20.35,20.0,20.15,20.15,2886,-1.2038492847905664,-1.2118456303182064,-1.2160356052735266,-1.2184377766295242,-1.2184377766295242,-0.0004960317460318235,-0.01922608907276725,-0.03388205210164634,-0.03910348116356702,-0.03726708074534167,-0.03925619834710748
2010-11-24,20.0,20.2,19.9,20.0,20.0,2886,-1.2452965658969517,-1.2365631045211822,-1.2326552190727942,-1.2432032552599799,-1.2432032552599799,-0.007444168734491245,-0.020088192062714363,-0.036608863198458484,-0.043519846963175686,-0.04333684109824925,-0.04489016236867229
2010-11-25,20.0,20.55,20.0,20.5,20.5,2886,-1.2452965658969517,-1.1788889980475725,-1.2160356052735266,-1.1606516598251269,-1.1606516598251269,0.013346515076618862,0.00836202656173134,-0.009661835748792237,-0.017964071856287425,-0.019138755980861177,-0.019451530612244715
2010-11-26,20.5,20.5,20.25,20.4,20.4,2886,-1.162402003684181,-1.1871281561152311,-1.1744865707753585,-1.1771619789120977,-1.1771619789120977,0.006910167818361155,0.005669213704707835,-0.010509296685529598,-0.020760830433217376,-0.02364315114386921,-0.02236421725239609
2010-11-29,20.7,20.7,20.15,20.45,20.45,2886,-1.1292441787990728,-1.1541715238445973,-1.191106184574626,-1.1689068193686123,-1.1689068193686123,0.007389162561576284,0.008134089228493919,-0.004704737183647026,-0.015999037651870544,-0.02050004789730821,-0.019184652278177557
2010-11-30,20.3,20.5,20.25,20.25,20.25,2886,-1.1955598285692892,-1.1871281561152311,-1.1744865707753585,-1.2019274575425534,-1.2019274575425534,-0.0034448818897637934,0.0004940711462449609,-0.010747435271128597,-0.022801302931596098,-0.028310940499040302,-0.02776666399935984
2010-12-01,20.6,21.35,20.5,21.25,21.25,2886,-1.1458230912416265,-1.0470624689650367,-1.1329375362771903,-1.0368242666728475,-1.0368242666728475,0.03305785123966941,0.043713163064833034,0.03844274311777173,0.025950512975256558,0.0195758564437193,0.019184652278177387
2010-12-02,21.45,21.8,21.25,21.5,21.5,2886,-1.0049023354799167,-0.9729100463561104,-1.0082904327826856,-0.995548468955421,-0.995548468955421,0.03514684641309583,0.04878048780487805,0.04997558196321016,0.037770001206709244,0.030977270547616804,0.029775684521433678
2010-12-03,21.45,21.45,21.05,21.15,21.15,2886,-1.0049023354799167,-1.0305841528297202,-1.04152966038122,-1.0533345857598184,-1.0533345857598184,0.010994263862332718,0.027197668771248115,0.03187510164254346,0.02210945994925696,0.014388489208632955,0.01204242762580758
2010-12-06,21.2,21.6,21.2,21.45,21.45,2886,-1.0463496165863022,-1.0058666786267443,-1.0166002396823195,-1.0038036284989065,-1.0038036284989065,0.01562500000000009,0.035731530661516096,0.04311881990598134,0.036732721121314545,0.028776978417266084,0.025416301489921102
2010-12-07,21.45,21.5,21.25,21.5,21.5,2886,-1.0049023354799167,-1.0223449947620615,-1.0082904327826856,-0.995548468955421,-0.995548468955421,0.0060832943378569294,0.03142240345406578,0.04284559417946643,0.03889828460980912,0.031076155764435228,0.02731544158636611
2010-12-08,21.4,21.55,21.3,21.3,21.3,2886,-1.013191791701194,-1.014105836694403,-0.9999806258830519,-1.0285691071293621,-1.0285691071293621,-0.0037418147801684676,0.01549463647199043,0.02898550724637688,0.029358463211308528,0.021778758514823016,0.01759694243172239
2010-12-09,21.5,21.75,21.45,21.5,21.5,2886,-0.9966128792586396,-0.9811492044237691,-0.9750512051841512,-0.995548468955421,-0.995548468955421,0.0056127221702524524,0.0201660735468565,0.03398525168323182,0.038521917642796916,0.0311750599520383,0.026661360923199377
2010-12-10,21.45,21.6,21.25,21.6,21.6,2886,-1.0049023354799167,-1.0058666786267443,-1.0082904327826856,-0.9790381498684502,-0.9790381498684502,0.006054960409874363,0.019108280254777125,0.03431763766959307,0.04146576663452263,0.03607060629316955,0.0308622335348394
2010-12-13,21.6,21.65,21.45,21.5,21.5,2886,-0.9800339668160852,-0.9976275205590863,-0.9750512051841512,-0.995548468955421,-0.995548468955421,0.0009310986964618051,0.009389671361502313,0.025437201907790224,0.034026692316941186,0.03127398311588629,0.026008112622285934
2010-12-14,21.5,21.55,21.0,21.25,21.25,2886,-0.9966128792586396,-1.014105836694403,-1.0498394672808538,-1.0368242666728475,-1.0368242666728475,-0.008399440037330832,-0.007009345794392457,0.009980988593155764,0.020653218059558102,0.0195758564437193,0.014400509189275162
2010-12-15,21.1,21.2,20.85,21.1,21.1,2886,-1.062928529028856,-1.0717799431680126,-1.0747688879797546,-1.0615897453033032,-1.0615897453033032,-0.013557737260402016,-0.013327098433481253,-0.000631512472371428,0.010899508923224296,0.012864823348694522,0.007801305524598025
2010-12-16,21.1,21.25,21.05,21.15,21.15,2886,-1.062928529028856,-1.063540785100354,-1.04152966038122,-1.0533345857598184,-1.0533345857598184,-0.00797373358348976,-0.009367681498829172,-0.00031510950055165876,0.01075268817204291,0.015557476231633442,0.010591701839611245
2010-12-17,21.15,21.5,21.15,21.35,21.35,2886,-1.0546390728075794,-1.0223449947620615,-1.0249100465819532,-1.0203139475858767,-1.0203139475858767,0.003761165961447968,-0.0009358914365931691,0.006126295947219557,0.017635843660629216,0.024177300201477566,0.020635805911879444
2010-12-20,21.45,21.55,21.3,21.35,21.35,2886,-1.0049023354799167,-1.014105836694403,-0.9999806258830519,-1.0203139475858767,-1.0203139475858767,0.005178907721280575,-0.00046816479400756377,0.003289473684210707,0.014975041597337832,0.02241164639402373,0.02087982148549556
2010-12-21,21.4,21.55,21.35,21.55,21.55,2886,-1.013191791701194,-1.014105836694403,-0.9916708189834181,-0.9872933094119356,-0.9872933094119356,0.011737089201877934,0.008659021764568158,0.00858034321372856,0.02108505093579739,0.030311723082807437,0.03019679706796276
2010-12-22,21.5,21.8,21.45,21.7,21.7,2886,-0.9966128792586396,-0.9729100463561104,-0.9750512051841512,-0.96252783078148,-0.96252783078148,0.013071895424836655,0.013781826676010191,0.014176663031624922,0.02406795658329391,0.034219807454008024,0.03678929765886268
2010-12-23,21.75,22.3,21.65,22.15,22.15,2886,-0.9551655981522542,-0.8905184656795256,-0.9418119775856167,-0.8882313948901124,-0.8882313948901124,0.024514338575393042,0.03167210060549603,0.03311567164179092,0.041250440709836536,0.05155715913406753,0.05685884691848906
2010-12-24,22.2,22.2,21.85,21.85,21.85,2886,-0.8805604921607607,-0.9069967818148429,-0.9085727499870817,-0.9377623521510238,-0.9377623521510238,0.00598526703499091,0.016515468713654356,0.016909711448960592,0.023658936519091244,0.03417266187050366,0.04088924176260425
2010-12-27,22.0,22.6,21.8,22.3,22.3,2886,-0.9137183170458689,-0.8410835172735747,-0.9168825568867155,-0.8634659162596562,-0.8634659162596562,0.01780009128251926,0.03360370799536507,0.035123007891072304,0.040233236151603534,0.051390853371051384,0.05921469284357185
2010-12-28,22.35,22.4,22.1,22.15,22.15,2886,-0.8556921234969291,-0.874040149544209,-0.8670237154889135,-0.8882313948901124,-0.8882313948901124,0.005447117566954199,0.022386337410570018,0.026096355775169992,0.02867758040171832,0.04039455143259744,0.04968012005370818
2010-12-29,22.1,22.8,22.1,22.7,22.7,2886,-0.8971394046033145,-0.8081268850029408,-0.8670237154889135,-0.797424639911774,-0.797424639911774,0.02114260008996846,0.04009163802978236,0.047047970479704604,0.05068271233510756,0.060846808112907554,0.07126002831524295
2010-12-30,22.7,22.7,22.15,22.25,22.25,2886,-0.79766592994799,-0.8246052011382581,-0.8587139085892804,-0.8717210758031416,-0.8717210758031416,0.0,0.014360610895828643,0.023930050621260742,0.02806977012821985,0.036426308924911326,0.046484283138668966
2010-12-31,22.25,22.75,22.25,22.45,22.45,2886,-0.8722710359394835,-0.8163660430705995,-0.8420942947900129,-0.8387004376292005,-0.8387004376292005,0.0035762181493071907,0.018371512814697098,0.030446756425948455,0.03420476793734866,0.04176334106728532,0.052261542067026115
2011-01-03,22.5,22.85,22.5,22.85,22.85,2886,-0.8308237548330982,-0.7998877269352822,-0.8005452602918447,-0.7726591612813178,-0.7726591612813178,0.01645907473309629,0.02951115116017126,0.044491848240134226,0.049248077143841364,0.05562228587267858,0.06667704037967795
2011-01-04,22.9,22.9,22.3,22.4,22.4,2886,-0.7645081050628819,-0.7916485688676242,-0.8337844878903792,-0.846955597172686,-0.846955597172686,-0.005770084332001889,0.005385996409335612,0.020346188885514673,0.026463512429831623,0.03073808209092579,0.042022018917661615
2011-01-05,22.4,22.6,21.55,21.85,21.85,2886,-0.8474026672756526,-0.8410835172735747,-0.9584315913848837,-0.9377623521510238,-0.9377623521510238,-0.022808586762075044,-0.01995963220453002,-0.006968641114982377,0.0,0.0043206471777900895,0.013529184383455795
2011-01-06,21.85,22.1,21.6,22.1,22.1,2886,-0.9385866857096998,-0.9234750979501595,-0.95012178448525,-0.8964865544335973,-0.8964865544335973,-0.010300044782803422,-0.008524001794526592,0.0015105740181269635,0.01005484460694693,0.014692378328741977,0.022595820158864806
2011-01-07,22.0,22.1,21.4,21.7,21.7,2886,-0.9137183170458689,-0.9234750979501595,-0.983361012083785,-0.96252783078148,-0.96252783078148,-0.021641118124436448,-0.025813692480359116,-0.01765504753282015,-0.00845327850125651,-0.004678469865150163,0.002078042022627319
2011-01-10,21.7,21.9,21.5,21.75,21.75,2886,-0.9634550543735314,-0.9564317302207939,-0.9667413982845174,-0.9542726712379945,-0.9542726712379945,-0.009562841530054683,-0.021152115211521258,-0.016578749058025644,-0.006735928758990791,-0.0029338956633354753,0.0023811352638451124
2011-01-11,21.75,22.25,21.6,22.15,22.15,2886,-0.9551655981522542,-0.8987576237471843,-0.95012178448525,-0.8882313948901124,-0.8882313948901124,0.01095390232770401,-0.0031503150315031632,-0.0003008876184747071,0.009456534123276563,0.014194139194139135,0.017844834188557795
2011-01-12,22.15,22.4,22.1,22.3,22.3,2886,-0.8888499483820379,-0.874040149544209,-0.8670237154889135,-0.8634659162596562,-0.8634659162596562,0.013636363636363669,0.005410279531109152,0.004655353656705138,0.013521190773775844,0.01919561243144432,0.023092215935158304
2011-01-13,22.35,22.45,22.05,22.4,22.4,2886,-0.8556921234969291,-0.8658009914765504,-0.8753335223885473,-0.846955597172686,-0.846955597172686,0.015412511332728753,0.009236314485244347,0.00840336134453785,0.015182415590301259,0.022084321956561334,0.02626756261453883
2011-01-14,22.5,22.55,22.2,22.2,22.2,2886,-0.8308237548330982,-0.8493226753412333,-0.8504041016896466,-0.879976235346627,-0.879976235346627,0.0018050541516245102,0.001353179972936452,-0.001648928196672261,0.0041841004184100935,0.011850501367365452,0.015476099717923205
2011-01-17,22.2,22.25,21.65,21.7,21.7,2886,-0.8805604921607607,-0.8987576237471843,-0.9418119775856167,-0.96252783078148,-0.96252783078148,-0.020316027088036086,-0.016096123328043548,-0.02237573209190567,-0.01920903954802263,-0.011299435028248638,-0.0077732053040695795
2011-01-18,21.6,22.2,21.55,22.05,22.05,2886,-0.9800339668160852,-0.9069967818148429,-0.9584315913848837,-0.9047417139770827,-0.9047417139770827,-0.003615002259376335,0.0013623978201635393,-0.006309148264984093,-0.0045146726862301525,0.003184713375796191,0.007385974263306275
2011-01-19,22.05,22.15,21.9,22.1,22.1,2886,-0.9054288608245917,-0.9152359398825015,-0.9002629430874486,-0.8964865544335973,-0.8964865544335973,0.0004526935264826421,0.002494896801996066,-0.002257336343114996,-0.003157419936851614,0.0036330608537693846,0.008441706593657254
2011-01-20,22.0,22.35,22.0,22.2,22.2,2886,-0.9137183170458689,-0.8822793076118671,-0.8836433292881811,-0.879976235346627,-0.879976235346627,0.00680272108843531,0.006574472908637478,0.0024081878386514708,0.0012402751155710838,0.006255099265705815,0.01192737217959432
2011-01-21,22.15,22.5,21.85,22.25,22.25,2886,-0.8888499483820379,-0.8575618334088919,-0.9085727499870817,-0.8717210758031416,-0.8717210758031416,0.008612873980054293,0.006331976481230238,0.005271084337349419,0.002590965416244111,0.006878450538510319,0.013205828779599397
2011-01-24,22.6,23.0,22.6,22.6,22.6,2886,-0.8142448423905438,-0.775170252732307,-0.7839256464925771,-0.8139349589987442,-0.8139349589987442,0.016187050359712202,0.01824735300743416,0.02185380557648836,0.017674209163570948,0.020408163265306364,0.02742839824215799
2011-01-25,22.8,22.95,22.65,22.7,22.7,2886,-0.7810870175054356,-0.7834094107999656,-0.775615839592944,-0.797424639911774,-0.797424639911774,0.014751899865891743,0.020224719101123563,0.025447974702604997,0.020912975039352202,0.022798954672433838,0.029711952823769452
2011-01-26,22.75,23.0,22.75,22.95,22.95,2886,-0.7893764737267128,-0.775170252732307,-0.7589962257936765,-0.7561488421943475,-0.7561488421943475,0.018189884649511986,0.02845619538427058,0.033318325078793266,0.031576581638386364,0.031738895882035746,0.03814837153196624
2011-01-27,23.0,23.7,22.85,23.5,23.5,2886,-0.7479291926203275,-0.6598220397850884,-0.742376611994409,-0.6653420872160092,-0.6653420872160092,0.03070175438596488,0.04793756967670008,0.05365416230757728,0.05333930972658007,0.05390617992645089,0.0592742844264143
2011-01-28,23.5,23.8,23.5,23.6,23.6,2886,-0.6650346304075568,-0.6433437236497712,-0.634349122299172,-0.6488317681290383,-0.6488317681290383,0.022973558734287,0.04586749390649236,0.05216228265715551,0.05510226891695548,0.05507868383404877,0.06019766397124904
2011-02-08,23.7,23.8,23.25,23.35,23.35,2886,-0.6318768055224486,-0.6433437236497712,-0.6758981567973401,-0.6901075658464648,-0.6901075658464648,0.005598621877691756,0.027276726792785068,0.03608933589705661,0.04275985262922868,0.04194556001784923,0.04583457748581683
2011-02-09,23.35,23.55,22.85,22.85,22.85,2886,-0.6899029990713877,-0.6845395139880636,-0.742376611994409,-0.7726591612813178,-0.7726591612813178,-0.017204301075268755,0.0017536168347215759,0.011808118081180928,0.019406647334374406,0.01836170781709595,0.021457308895842665
2011-02-10,22.7,22.85,22.1,22.1,22.1,2886,-0.79766592994799,-0.7998877269352822,-0.8670237154889135,-0.8964865544335973,-0.8964865544335973,-0.042461005199306776,-0.03112669881630867,-0.020824102791315854,-0.01460260840486013,-0.014009101454448114,-0.01265822784810118
2011-02-11,22.1,22.25,21.6,21.9,21.9,2886,-0.8971394046033145,-0.8987576237471843,-0.95012178448525,-0.9295071926075389,-0.9295071926075389,-0.037785588752196966,-0.0386303775241441,-0.028250258837450238,-0.023084643693543072,-0.022321428571428572,-0.021229050279329673
2011-02-14,22.0,22.5,21.8,22.3,22.3,2886,-0.9137183170458689,-0.8575618334088919,-0.9168825568867155,-0.8634659162596562,-0.8634659162596562,-0.008888888888888858,-0.021285933728330018,-0.010794026319680725,-0.006570887626684524,-0.004197552915959685,-0.004019651630191886
2011-02-15,21.9,22.45,21.25,22.4,22.4,2886,-0.9302972294884233,-0.8658009914765504,-1.0082904327826856,-0.846955597172686,-0.846955597172686,0.004034065441505885,-0.01603338458159464,-0.008410801239486555,-0.0035587188612100466,0.0010725777618877776,0.0002977076510866795
2011-02-16,22.4,22.55,22.05,22.25,22.25,2886,-0.8474026672756526,-0.8493226753412333,-0.8753335223885473,-0.8717210758031416,-0.8717210758031416,0.0027039206849931822,-0.020686619718309963,-0.01563191269724238,-0.010451412052479406,-0.005364327223960706,-0.0065485935407053756
2011-02-17,22.25,22.25,21.8,21.9,21.9,2886,-0.8722710359394835,-0.8987576237471843,-0.9168825568867155,-0.9295071926075389,-0.9295071926075389,-0.011286681715575621,-0.03161618394870676,-0.030544488711819293,-0.025150233696861687,-0.021097800822456856,-0.021010281627179366
2011-02-18,22.4,23.1,22.4,23.0,23.0,2886,-0.8474026672756526,-0.7586919365969899,-0.8171648740911122,-0.7478936826508621,-0.7478936826508621,0.02816271792579359,0.01927764236649673,0.015751508906227108,0.022449433207379535,0.026419136022848927,0.02701495869613755
2011-02-21,23.0,23.0,22.65,22.8,22.8,2886,-0.7479291926203275,-0.775170252732307,-0.775615839592944,-0.7809143208248032,-0.7809143208248032,0.014686248331108227,0.014009339559706529,0.005291005291005335,0.012208657047724846,0.015499732763228333,0.017554299315679745
2011-02-22,22.5,22.55,22.1,22.3,22.3,2886,-0.8308237548330982,-0.8493226753412333,-0.8670237154889135,-0.8634659162596562,-0.8634659162596562,-0.006681514476614636,-0.003574620196604193,-0.01588702559576359,-0.011305697184659676,-0.0077422799679628,-0.0039455073326880585
2011-02-23,22.2,22.55,22.0,22.1,22.1,2886,-0.8805604921607607,-0.8493226753412333,-0.8836433292881811,-0.8964865544335973,-0.8964865544335973,-0.01427297056199807,-0.009190764402600237,-0.022988505747126416,-0.02028150282611103,-0.0165539337842647,-0.012437625679600764
2011-02-24,22.4,22.4,21.8,21.8,21.8,2886,-0.8474026672756526,-0.874040149544209,-0.9168825568867155,-0.9460175116945091,-0.9460175116945091,-0.02678571428571419,-0.021324354657687897,-0.0329735324560106,-0.03293778418542736,-0.029039729200071307,-0.025770892298525305
2011-02-25,22.0,22.05,21.3,21.45,21.45,2886,-0.9137183170458689,-0.9317142560178181,-0.9999806258830519,-1.0038036284989065,-1.0038036284989065,-0.02897238569488459,-0.03508771929824567,-0.04269562630169609,-0.046878471450788856,-0.043008833764611495,-0.04048311339745028
2011-03-01,21.55,21.9,21.55,21.8,21.8,2886,-0.9883234230373624,-0.9564317302207939,-0.9584315913848837,-0.9460175116945091,-0.9460175116945091,-0.004111466423024367,-0.017132551848512128,-0.021836673646425275,-0.030356944290003223,-0.026698812393963857,-0.024972046216921368
2011-03-02,21.5,21.7,21.4,21.4,21.4,2886,-0.9966128792586396,-0.9893883624914277,-0.983361012083785,-1.012058788042392,-1.012058788042392,-0.014279134039613185,-0.03079710144927551,-0.034150744696855924,-0.045601516334039506,-0.044045385508800175,-0.04236276849642015
2011-03-03,21.5,21.95,21.4,21.75,21.75,2886,-0.9966128792586396,-0.9481925721531352,-0.983361012083785,-0.9542726712379945,-0.9542726712379945,0.005083179297597016,-0.012709940989559743,-0.015094339622641456,-0.027932960893854747,-0.027889514615178433,-0.026119402985074574
2011-03-04,21.95,21.95,21.7,21.95,21.95,2886,-0.9220077732671461,-0.9481925721531352,-0.9335021706859831,-0.9212520330640535,-0.9212520330640535,0.01292108906322093,-0.0038574994327207103,-0.005587435819994028,-0.0167973124300112,-0.018687410586552187,-0.01665048906144999
2011-03-07,21.95,22.15,21.8,22.05,22.05,2886,-0.9220077732671461,-0.9152359398825015,-0.9168825568867155,-0.9047417139770827,-0.9047417139770827,0.01193207893529149,0.0050136736554240195,-0.0015094339622640652,-0.009100101112234605,-0.01395224040783477,-0.01165396683101755
2011-03-08,22.1,22.2,22.05,22.1,22.1,2886,-0.8971394046033145,-0.9069967818148429,-0.8753335223885473,-0.8964865544335973,-0.8964865544335973,0.011441647597254004,0.010516689529035226,0.0013593112822838556,-0.003494532747153672,-0.011451064591161375,-0.009264793783622249
2011-03-09,22.3,22.5,22.3,22.5,22.5,2886,-0.8639815797182063,-0.8575618334088919,-0.8337844878903792,-0.8304452780857151,-0.8304452780857151,0.019483461712732204,0.027866605756052966,0.019175600181186876,0.016489722159476035,0.006621331424480857,0.007462686567164233
2011-03-10,22.55,22.7,22.4,22.7,22.7,2886,-0.822534298611821,-0.8246052011382581,-0.8171648740911122,-0.797424639911774,-0.797424639911774,0.01976639712488775,0.03416856492027335,0.026839565741857512,0.025872782736413875,0.015569076592698756,0.015432789085215785
2011-03-11,22.4,22.55,22.2,22.3,22.3,2886,-0.8474026672756526,-0.8493226753412333,-0.8504041016896466,-0.8634659162596562,-0.8634659162596562,-0.0013434841021048426,0.013636363636363669,0.007530120481927765,0.007340485601355231,-0.0011645614978053995,-0.0027576954609823696
2011-03-14,22.1,22.1,21.2,22.0,22.0,2886,-0.8971394046033145,-0.9234750979501595,-1.0166002396823195,-0.912996873520568,-0.912996873520568,-0.014336917562724026,-0.0024937655860349,-0.0030211480362537656,-0.006435587670768807,-0.011946465463038052,-0.015880116305077338
2011-03-15,21.5,21.8,20.5,20.7,20.7,2886,-0.9966128792586396,-0.9729100463561104,-1.1329375362771903,-1.1276310216511858,-1.1276310216511858,-0.060798548094373864,-0.0567327409432673,-0.0559440559440561,-0.061756373937677085,-0.06546275395033857,-0.07188761022268728
2011-03-16,20.9,21.1,20.65,21.0,21.0,2886,-1.0960863539139647,-1.0882582593033292,-1.1080081155782895,-1.078100064390274,-1.078100064390274,-0.03403863845446175,-0.04131476831773573,-0.03846153846153846,-0.04512902125724678,-0.04787812840043514,-0.056179775280898875
2011-03-17,20.75,21.15,20.65,21.1,21.1,2886,-1.1209547225777956,-1.080019101235671,-1.1080081155782895,-1.0615897453033032,-1.0615897453033032,-0.014939309056956129,-0.03388278388278381,-0.030924678505817295,-0.03806701618418041,-0.040298371691076106,-0.049406817840516475
2011-03-18,21.15,21.55,21.05,21.3,21.3,2886,-1.0546390728075794,-1.014105836694403,-1.04152966038122,-1.0285691071293621,-1.0285691071293621,0.0037700282752119833,-0.021814006888633657,-0.020239190432382762,-0.02761926500798906,-0.02978955998906789,-0.03801279638690245
2011-03-21,21.3,21.7,21.1,21.6,21.6,2886,-1.0297707041437478,-0.9893883624914277,-1.0332198534815864,-0.9790381498684502,-0.9790381498684502,0.02175969725638621,-0.005982512655315024,-0.006896551724137866,-0.010762537210899904,-0.01558654634946656,-0.02166528270551816
2011-03-22,21.7,22.4,21.5,22.1,22.1,2886,-0.9634550543735314,-0.874040149544209,-0.9667413982845174,-0.8964865544335973,-0.8964865544335973,0.03174603174603173,0.01702715140358955,0.015158474965549005,0.013761467889908289,0.007568159022522128,0.0032533857910268136
2011-03-23,22.1,22.4,22.0,22.4,22.4,2886,-0.8971394046033145,-0.874040149544209,-0.8836433292881811,-0.846955597172686,-0.846955597172686,0.032258064516129004,0.03130755064456721,0.0257975881544802,0.027287319422150833,0.02124555484635714,0.01833611153205027
2011-03-24,22.5,22.65,22.35,22.5,22.5,2886,-0.8308237548330982,-0.8328443592059166,-0.8254746809907454,-0.8304452780857151,-0.8304452780857151,0.023657870791628732,0.03686635944700464,0.028023149558330792,0.030927835051546424,0.025337222019686353,0.023425062542642736
2011-03-25,22.6,22.7,22.45,22.6,22.6,2886,-0.8142448423905438,-0.8246052011382581,-0.8088550671914785,-0.8139349589987442,-0.8139349589987442,0.016187050359712202,0.04003681546249429,0.03055175558595539,0.03361536702492565,0.028581831421809745,0.02719490947655494
2011-03-28,22.7,22.8,22.5,22.6,22.6,2886,-0.79766592994799,-0.8081268850029408,-0.8005452602918447,-0.8139349589987442,-0.8139349589987442,0.007130124777183766,0.03717301514456183,0.02883156297420348,0.03090432204356264,0.029331390052833025,0.026106696935300926
2011-03-29,22.65,22.85,22.6,22.75,22.75,2886,-0.8059553861692672,-0.7998877269352822,-0.7839256464925771,-0.7891694803682886,-0.7891694803682886,0.007975188303057143,0.03432598317799495,0.03362108132666962,0.03550295857988154,0.0362576295891409,0.032214156079854686
2011-03-30,22.75,23.1,22.75,23.0,23.0,2886,-0.7893764737267128,-0.7586919365969899,-0.7589962257936765,-0.7478936826508621,-0.7478936826508621,0.013662406346408211,0.03626943005181346,0.04339936488734296,0.043083900226757336,0.04631061777818201,0.04261106074342691
2011-03-31,23.0,23.2,22.9,23.15,23.15,2886,-0.7479291926203275,-0.7422136204616733,-0.7340668050947758,-0.7231282040204065,-0.7231282040204065,0.014460999123575735,0.033482142857142856,0.048776804590758144,0.04656419529837257,0.0511260443152923,0.0479855138071525
2011-04-01,23.15,23.15,22.9,23.0,23.0,2886,-0.7230608239564965,-0.7504527785293318,-0.7340668050947758,-0.7478936826508621,-0.7478936826508621,0.004366812227074298,0.019051838723969858,0.039783001808318216,0.037321005750366475,0.042044218919898554,0.03946971979511908
2011-04-06,23.2,23.6,23.15,23.6,23.6,2886,-0.7147713677352193,-0.676300355920405,-0.6925177705966076,-0.6488317681290383,-0.6488317681290383,0.021645021645021644,0.03645147123407985,0.061787642471505595,0.06067415730337085,0.06507807563859555,0.06562311860325121
2011-04-07,23.6,23.65,23.3,23.45,23.45,2886,-0.6484557179650025,-0.668061197852747,-0.6675883498977063,-0.6735972467594946,-0.6735972467594946,0.009036144578313136,0.02379393145601389,0.04640785363676926,0.050744931107874834,0.055165586753059714,0.05781520186452128
2011-04-08,23.2,23.45,23.15,23.45,23.45,2886,-0.7147713677352193,-0.7010178301233808,-0.6925177705966076,-0.6735972467594946,-0.6735972467594946,0.005143591941706001,0.01912212081703597,0.03883638511518025,0.04851330203442867,0.05128664933201838,0.055989192434704245
2011-04-11,23.3,23.45,23.05,23.35,23.35,2886,-0.6981924552926649,-0.7010178301233808,-0.7091373843958746,-0.6901075658464648,-0.6901075658464648,-0.000855798031664357,0.011041350941762241,0.027578113539680142,0.04252706775309747,0.04380867232901209,0.049516817739156484
2011-04-12,23.15,23.15,22.7,22.8,22.8,2886,-0.7230608239564965,-0.7504527785293318,-0.7673060326933102,-0.7809143208248032,-0.7809143208248032,-0.02271753107586803,-0.013627514600908556,-0.0010223455527968496,0.016835767644107377,0.01767541510444567,0.02326277208467371
2011-04-13,22.8,23.0,22.55,22.95,22.95,2886,-0.7810870175054356,-0.775170252732307,-0.7922354533922109,-0.7561488421943475,-0.7561488421943475,-0.010775862068965518,-0.008639308855291546,0.0016002327611288314,0.021361815754338976,0.022727272727272638,0.02768863348011041
2011-04-14,22.95,22.95,22.7,22.8,22.8,2886,-0.7562186488416047,-0.7834094107999656,-0.7673060326933102,-0.7809143208248032,-0.7809143208248032,-0.011703511053315976,-0.01533146188728123,-0.0069686411149825845,0.009966777408637937,0.014776571123375661,0.01945003353454068
2011-04-15,22.8,23.0,22.5,22.5,22.5,2886,-0.7810870175054356,-0.775170252732307,-0.8005452602918447,-0.8304452780857151,-0.8304452780857151,-0.01660839160839172,-0.026184808483012204,-0.020319303338171193,-0.006622516556291328,0.0014242478191206867,0.004389554348634906
2011-04-18,22.55,22.9,22.45,22.85,22.85,2886,-0.822534298611821,-0.7916485688676242,-0.8088550671914785,-0.7726591612813178,-0.7726591612813178,0.0030728709394205567,-0.009750812567713884,-0.0060896041757284485,0.004947773501924165,0.016730444068701666,0.01834657951422427
2011-04-19,22.55,22.7,22.5,22.55,22.55,2886,-0.822534298611821,-0.8246052011382581,-0.8005452602918447,-0.8221901185422297,-0.8221901185422297,-0.007919049714034303,-0.020842379504993354,-0.01899651972157776,-0.010964912280701754,0.0029354207436398747,0.00408163265306115
2011-04-20,22.7,23.15,22.65,23.05,23.05,2886,-0.79766592994799,-0.7504527785293318,-0.775615839592944,-0.7396385231073768,-0.7396385231073768,0.01318681318681306,0.003264417845484191,0.0014482259232440982,0.0077604109738770135,0.023262008345911432,0.0248240088921823
2011-04-21,23.2,23.9,23.1,23.9,23.9,2886,-0.7147713677352193,-0.6268654075144546,-0.7008275774962408,-0.599300810868127,-0.599300810868127,0.04048759251197213,0.03822762814943507,0.034930715935334956,0.04082743603701688,0.05500132426944463,0.05978863350824031
2011-04-22,24.2,24.55,24.05,24.35,24.35,2886,-0.5489822433096779,-0.519756352634894,-0.5429412464032017,-0.5250043749767589,-0.5250043749767589,0.043273350471293985,0.05365642578970151,0.05032350826743355,0.05594102341717271,0.06854484816570129,0.07679834905660383
2011-04-25,24.6,24.7,24.15,24.2,24.2,2886,-0.482666593539461,-0.49503887843191874,-0.5263216326039348,-0.5497698536072151,-0.5497698536072151,0.024989411266412378,0.04332830351368825,0.04071100917431187,0.045582199179088345,0.05621508379888253,0.06780408883659339
2011-04-26,23.75,24.1,23.6,24.0,24.0,2886,-0.6235873493011714,-0.5939087752438202,-0.6177295084999044,-0.5827904917811562,-0.5827904917811562,0.004184100418410101,0.02938022732146681,0.02915951972555745,0.03381434417402542,0.04257167680278021,0.056338028169013975
2011-04-27,24.15,25.3,24.1,25.15,25.15,2886,-0.5572716995309551,-0.39616898162001674,-0.5346314395035681,-0.39292182228099465,-0.39292182228099465,0.03412828947368414,0.06862120246441464,0.07371566813718498,0.07743386526721634,0.08583023918487159,0.10186199342825845
2011-04-28,25.2,25.85,25.0,25.05,25.05,2886,-0.38319311888413654,-0.3055382428757733,-0.3850549153101627,-0.40943214136796485,-0.40943214136796485,0.020366598778004074,0.054292929292929254,0.06459838504037413,0.06788873494617931,0.07603092783505153,0.09055289508053975
2011-04-29,25.05,25.05,24.35,25.0,25.0,2886,-0.4080614875479675,-0.43736477195830914,-0.4930824050053998,-0.4176873009114503,-0.4176873009114503,0.012965964343598067,0.04123281965847557,0.05782792665726377,0.06123315292369745,0.0691070817653096,0.08209493579570039
2011-05-03,25.0,25.1,24.75,24.9,24.9,2886,-0.4163509437692447,-0.42912561389065057,-0.42660394980833094,-0.4341976199984211,-0.4341976199984211,0.0032232070910555317,0.02828825108403892,0.04900997050975974,0.05307676041446375,0.060477001703577435,0.07188979767541963
2011-05-04,24.9,24.95,24.55,24.75,24.75,2886,-0.4329298562117991,-0.45384308809362633,-0.45984317740686537,-0.45896309862887674,-0.45896309862887674,-0.008810572687224625,0.012891344383057144,0.037011173184357524,0.042873696407879414,0.05024187388610715,0.06018419361747719
2011-05-05,24.7,25.25,24.55,25.25,25.25,2886,-0.46608768109690724,-0.40440813968767536,-0.45984317740686537,-0.3764115031940238,-0.3764115031940238,0.010404161664665786,0.024133035895356012,0.05120732722731059,0.06025614108754981,0.06666103413315322,0.07599431818181826
2011-05-06,25.0,25.1,24.65,24.7,24.7,2886,-0.4163509437692447,-0.42912561389065057,-0.44322356360759846,-0.4672182581723622,-0.4672182581723622,-0.008828250401284064,-0.001414998989286442,0.022915516289342956,0.03444665480054436,0.03999999999999997,0.04868383809793368
2011-05-09,24.75,25.25,24.65,24.9,24.9,2886,-0.45779822487563004,-0.40440813968767536,-0.44322356360759846,-0.4341976199984211,-0.4341976199984211,0.0,0.004437273093989489,0.024410312671420752,0.03966597077244256,0.04507680684965995,0.0534480327175292
2011-05-10,24.95,25.0,24.8,24.85,24.85,2886,-0.4246403999905219,-0.44560393002596776,-0.4182941429086972,-0.4424527795419059,-0.4424527795419059,-0.001607071112896569,-0.00020116676725001026,0.01677577741407529,0.034339229968782636,0.040010044362601464,0.047860004216740526
2011-05-11,24.9,25.0,24.6,24.8,24.8,2886,-0.4329298562117991,-0.44560393002596776,-0.45153337050723164,-0.45070793908539136,-0.45070793908539136,-0.004016064257028027,-0.005414076599157731,0.008540056933712925,0.027979274611398992,0.03479929900692662,0.042527849786309815
2011-05-12,24.6,24.75,24.4,24.55,24.55,2886,-0.482666593539461,-0.48679972036426017,-0.48477259810576667,-0.4919837368028178,-0.4919837368028178,-0.008481421647818954,-0.013065326633165801,-0.005670311867152716,0.014253253460028871,0.022746208965172442,0.02920626048071543
2011-05-13,24.65,24.65,24.4,24.45,24.45,2886,-0.4743771373181844,-0.5032780364995774,-0.48477259810576667,-0.5084940558897887,-0.5084940558897887,-0.010522055847834947,-0.014708845456377129,-0.011188999730385715,0.006690684508491935,0.01688570953252381,0.022584692597239612
2011-05-16,24.35,24.6,24.25,24.25,24.25,2886,-0.5241138746458464,-0.5115171945672353,-0.5097020188046674,-0.5415146940637298,-0.5415146940637298,-0.013425549227013906,-0.019805982215036315,-0.019012944983818867,-0.005128205128205128,0.007227114138561201,0.012455639830213718
2011-05-17,24.3,24.3,23.85,24.25,24.25,2886,-0.5324033308671235,-0.5609521429731864,-0.5761804740017362,-0.5415146940637298,-0.5415146940637298,-0.008585445625511072,-0.017223910840932145,-0.019145206956990814,-0.007977091429740246,0.005723291307232983,0.010908080316820678
2011-05-18,24.15,24.3,24.05,24.3,24.3,2886,-0.5572716995309551,-0.5609521429731864,-0.5429412464032017,-0.5332595345202443,-0.5332595345202443,-0.0024630541871920658,-0.013398294762484848,-0.017917284116933784,-0.009477224090492129,0.00529538308787012,0.011165822872598551
2011-05-19,24.3,25.0,24.2,24.55,24.55,2886,-0.5324033308671235,-0.44560393002596776,-0.518011825704301,-0.4919837368028178,-0.4919837368028178,0.007799671592775094,-0.00040716612377856524,-0.006206989610039094,-0.0023366859697245734,0.01295593332233042,0.020224407812716505
2011-05-20,24.8,24.8,24.3,24.35,24.35,2886,-0.44950876865435285,-0.47856056229660154,-0.5013922119050336,-0.5250043749767589,-0.5250043749767589,0.00041084634346760736,-0.007135575942915277,-0.01243747465188597,-0.011368250101502279,0.002140093834883513,0.010653016048699695
2011-05-23,24.3,24.3,23.95,24.05,24.05,2886,-0.5324033308671235,-0.5609521429731864,-0.5595608602024693,-0.5745353322376708,-0.5745353322376708,-0.0102880658436214,-0.015957446808510804,-0.02209270805096245,-0.022953483648182053,-0.012725779967159226,-0.0026264860381531342
2011-05-24,24.0,24.05,23.85,24.05,24.05,2886,-0.5821400681947861,-0.6021479333114788,-0.5761804740017362,-0.5745353322376708,-0.5745353322376708,-0.008656224237427753,-0.012725779967159226,-0.0198342616492325,-0.022655694402113215,-0.014667322189446105,-0.003590664272890457
2011-05-25,24.0,24.05,23.85,23.95,23.95,2886,-0.5821400681947861,-0.6021479333114788,-0.5761804740017362,-0.5910456513246416,-0.5910456513246416,-0.009921455146754939,-0.013388259526261558,-0.021783526208305037,-0.026620605567974034,-0.02101046435578793,-0.009307135470527464
2011-05-26,24.05,24.3,23.9,24.15,24.15,2886,-0.573850611973509,-0.5609521429731864,-0.567870667102103,-0.5580250131507005,-0.5580250131507005,0.001659062629614085,-0.0035073241180111764,-0.010651372388365488,-0.016493585827733706,-0.014607475110168274,-0.0026842865992154153
2011-05-27,24.25,24.6,24.2,24.25,24.25,2886,-0.5406927870884007,-0.5115171945672353,-0.518011825704301,-0.5415146940637298,-0.5415146940637298,0.006641760066417755,0.001445385091885201,-0.005332239540607015,-0.010809708341831554,-0.011092080580703123,-0.0005495260337959369
2011-05-30,24.25,24.8,24.15,24.8,24.8,2886,-0.5406927870884007,-0.47856056229660154,-0.5263216326039348,-0.45070793908539136,-0.45070793908539136,0.02310231023102305,0.02183765966213422,0.017505470459518564,0.012038359518465543,0.010594947025264938,0.01889893179950702
2011-05-31,24.8,24.8,24.4,24.5,24.5,2886,-0.44950876865435285,-0.47856056229660154,-0.48477259810576667,-0.5002388963463033,-0.5002388963463033,0.00698725852856548,0.008437950195513409,0.006160164271047169,0.0006126199714110912,-0.0021179537308569406,0.004304160688665727
2011-06-01,24.5,24.85,24.5,24.8,24.8,2886,-0.4992455059820154,-0.470321404228943,-0.46815298430649915,-0.45070793908539136,-0.45070793908539136,0.012244897959183702,0.018689669336619506,0.018480492813141652,0.01276161306789178,0.00878620240807048,0.013485901103392131
2011-06-02,24.5,24.75,24.5,24.65,24.65,2886,-0.4992455059820154,-0.48679972036426017,-0.46815298430649915,-0.4754734177158476,-0.4754734177158476,0.0020325203252031365,0.012112502566208242,0.012043246202271634,0.007870796279259901,0.0035010584595342176,0.0051651488378414495
2011-06-03,24.6,24.7,24.45,24.55,24.55,2886,-0.482666593539461,-0.49503887843191874,-0.4764627912061329,-0.4919837368028178,-0.4919837368028178,-0.004460665044606627,0.007179487179487209,0.007661786838144784,0.004089979550102308,0.0002444589308996181,0.00020370747606433102
2011-06-07,24.55,24.55,24.25,24.5,24.5,2886,-0.4909560497607382,-0.519756352634894,-0.5097020188046674,-0.5002388963463033,-0.5002388963463033,-0.004065040650406562,0.003276003276003352,0.004922067268252707,0.0028653295128939944,-0.000978633175664692,-0.002036659877800436
2011-06-08,24.3,24.6,24.25,24.3,24.3,2886,-0.5324033308671235,-0.5115171945672353,-0.5097020188046674,-0.5332595345202443,-0.5332595345202443,-0.010586319218240962,-0.005931683370832464,-0.0034176349965823164,-0.004200389304374517,-0.00816326530612242,-0.010317675807765285
2011-06-09,24.35,24.9,24.35,24.75,24.75,2886,-0.5241138746458464,-0.46208224616128496,-0.4930824050053998,-0.45896309862887674,-0.45896309862887674,0.0081466395112016,0.009174311926605562,0.013790278536318777,0.014344262295082027,0.01020408163265306,0.006984471417915661
2011-06-10,24.9,25.25,24.6,24.6,24.6,2886,-0.4329298562117991,-0.40440813968767536,-0.45153337050723164,-0.48372857725933244,-0.48372857725933244,0.0024449877750612175,0.0012210012210012672,0.0075085324232082,0.008093433049892493,0.005148320666830155,0.0016286644951141165
2011-06-13,24.4,24.9,24.25,24.45,24.45,2886,-0.5158244184245697,-0.46208224616128496,-0.5097020188046674,-0.5084940558897887,-0.5084940558897887,-0.002854812398042426,-0.005693371289141951,0.0010918520540465562,0.0019465218727589154,-0.000572269457161662,-0.003667481662591826
2011-06-14,24.5,24.8,24.5,24.8,24.8,2886,-0.4992455059820154,-0.47856056229660154,-0.46815298430649915,-0.45070793908539136,-0.45070793908539136,0.008950366151342508,0.008540056933712925,0.01334786161808777,0.015145313139582521,0.013900245298446436,0.010869565217391264
2011-06-15,24.75,24.75,24.25,24.4,24.4,2886,-0.45779822487563004,-0.48679972036426017,-0.5097020188046674,-0.5167492154332741,-0.5167492154332741,-0.008130081300813123,-0.007323026851098586,-0.003946115117703126,-0.001534526854220007,-0.001718353653547093,-0.004758667573079557
2011-06-16,24.2,24.3,23.85,24.0,24.0,2886,-0.5489822433096779,-0.5609521429731864,-0.5761804740017362,-0.5827904917811562,-0.5827904917811562,-0.018404907975460093,-0.02040816326530612,-0.02040816326530612,-0.017299621250895812,-0.016796394920114713,-0.020074855392990833
2011-06-17,24.0,24.4,23.9,24.4,24.4,2886,-0.5821400681947861,-0.5444738268378698,-0.567870667102103,-0.5167492154332741,-0.5167492154332741,-0.00040966816878349507,-0.0030643513789582366,-0.004758667573079557,-0.0006143764079459582,-0.00016390755613839272,-0.0025889085706500663
2011-06-20,24.4,24.45,23.15,23.3,23.3,2886,-0.5158244184245697,-0.5362346687702112,-0.6925177705966076,-0.6983627253899503,-0.6983627253899503,-0.036393713813068614,-0.043121149897330624,-0.04716466739367499,-0.04361210877373012,-0.043435421627391405,-0.04573378839590445
2011-06-21,23.45,24.05,23.45,23.9,23.9,2886,-0.673324086628834,-0.6021479333114788,-0.6426589291988056,-0.599300810868127,-0.599300810868127,-0.004166666666666578,-0.01605599011939072,-0.02022410494670671,-0.018681995483473553,-0.01823858034834056,-0.019822282980177755
2011-06-22,24.1,24.75,24.05,24.45,24.45,2886,-0.5655611557522318,-0.48679972036426017,-0.5429412464032017,-0.5084940558897887,-0.5084940558897887,0.018325697625989228,0.005965850648014795,0.00246002460024595,0.003076923076923048,0.0040243101182652515,0.0032827246614689494
2011-06-23,24.45,24.6,24.2,24.2,24.2,2886,-0.5075349622032926,-0.5115171945672353,-0.518011825704301,-0.5497698536072151,-0.5497698536072151,0.0062370062370061775,-0.002061855670103122,-0.006160164271047315,-0.007688364941055869,-0.006078528010514198,-0.006160164271047315
2011-06-24,24.2,24.4,24.0,24.05,24.05,2886,-0.5489822433096779,-0.5444738268378698,-0.5512510533028355,-0.5745353322376708,-0.5745353322376708,0.002919099249374639,-0.005992973754908021,-0.01069518716577532,-0.013636829693427645,-0.011427162117724524,-0.011643835616438279
2011-06-27,23.8,24.0,23.55,23.8,23.8,2886,-0.6152978930798942,-0.6103870913791374,-0.6260393153995382,-0.6158111299550972,-0.6158111299550972,-0.011627906976744087,-0.013675922088686357,-0.018961253091508548,-0.022988505747126384,-0.02081790504402192,-0.021046136971275796
2011-06-28,24.0,24.2,23.75,24.0,24.0,2886,-0.5821400681947861,-0.5774304591085035,-0.5928000878010037,-0.5827904917811562,-0.5827904917811562,-0.004149377593361055,-0.0020790020790021086,-0.00935608145294441,-0.013157894736842117,-0.012508229098090932,-0.01248114113290363
2011-06-29,24.4,24.95,24.05,24.9,24.9,2886,-0.5158244184245697,-0.45384308809362633,-0.5429412464032017,-0.4341976199984211,-0.4341976199984211,0.02935097147581634,0.03319502074688785,0.02609890109890108,0.023007395234182364,0.0230914619114143,0.02363823227132577
2011-06-30,24.8,25.1,24.8,25.1,25.1,2886,-0.44950876865435285,-0.42912561389065057,-0.4182941429086972,-0.4011769818244795,-0.4011769818244795,0.02995486253590497,0.03676166873192898,0.03334705640181154,0.030589201396017434,0.029363517060367498,0.03073027171309294
2011-07-01,25.3,26.05,25.1,25.95,25.95,2886,-0.36661420644158216,-0.2725816106051395,-0.3684353015108952,-0.26083926958522974,-0.26083926958522974,0.04848484848484846,0.06505232916068118,0.0643970467596389,0.0626535626535627,0.06108930323846908,0.06359724024865084
2011-07-04,26.1,26.15,25.7,25.85,25.85,2886,-0.23398290690114892,-0.2561032944698229,-0.26871761871529193,-0.2773495886722,-0.2773495886722,0.027424483306836153,0.04995938261575971,0.05625170253336974,0.055748417398407274,0.05424143556280595,0.05733178812461656
2011-07-05,25.85,26.1,25.6,25.95,25.95,2886,-0.27543018800753427,-0.2643424525374809,-0.28533723251455884,-0.26083926958522974,-0.26083926958522974,0.01565557729941286,0.04531722054380665,0.057026476578411346,0.05670365468797728,0.0563380281690141,0.058679540354932995
2011-07-06,26.0,26.15,26.0,26.0,26.0,2886,-0.2505618193437033,-0.2561032944698229,-0.21885877731748996,-0.25258411004174436,-0.25258411004174436,0.008925106713232458,0.04083266613290631,0.05448154657293514,0.05508775489499855,0.05579468854056698,0.0579140105791402
2011-07-07,25.8,26.1,25.7,26.0,26.0,2886,-0.28371964422881146,-0.2643424525374809,-0.26871761871529193,-0.25258411004174436,-0.25258411004174436,0.0019267822736031104,0.03338632750397441,0.04881000403388467,0.052418538757336645,0.05374077976817705,0.0549807263136539
2011-07-08,26.0,26.45,25.85,26.15,26.15,2886,-0.2505618193437033,-0.20666834606387188,-0.24378819801639065,-0.2278186314112887,-0.2278186314112887,0.006156213928434019,0.030744974379188064,0.04991970021413257,0.055180066579239226,0.05724913075119286,0.05820462669454386
2011-07-11,26.1,26.1,25.9,26.05,26.05,2886,-0.23398290690114892,-0.2643424525374809,-0.23547839111675747,-0.24432895049825892,-0.24432895049825892,0.0007683442182097415,0.017776909552647074,0.03826225587883622,0.04776269482151835,0.050657417117044454,0.05160465585682578
2011-07-12,25.75,26.0,25.45,25.7,25.7,2886,-0.29200910045008865,-0.2808207686727981,-0.3102666532134601,-0.30211506730265625,-0.30211506730265625,-0.010777521170130913,-0.002522802251115767,0.019436731455771458,0.03181772558466313,0.03453828194187266,0.036220684093810906
2011-07-13,25.6,26.1,25.6,26.05,26.05,2886,-0.3168774691139196,-0.2643424525374809,-0.28533723251455884,-0.24432895049825892,-0.24432895049825892,0.0023085802231628426,0.006568778979907193,0.028966425279789373,0.04241696678671478,0.04568079640333968,0.048149141630901234
2011-07-14,26.0,26.05,25.7,25.9,25.9,2886,-0.2505618193437033,-0.2725816106051395,-0.26871761871529193,-0.2690944291287152,-0.2690944291287152,-0.0026954177897574234,-0.0023112480739598895,0.018482107746755756,0.032489535579031205,0.037743408926997214,0.040578545600642744
2011-07-15,25.95,26.6,25.9,26.45,26.45,2886,-0.2588512755649805,-0.1819508718608961,-0.23547839111675747,-0.1782876741503768,-0.1782876741503768,0.016135228582404845,0.016916570549788453,0.03360687768659645,0.05012406947890816,0.05664749121124942,0.06012024048096193
2011-07-18,26.4,27.0,26.35,26.55,26.55,2886,-0.184246169573487,-0.11603760731962845,-0.16069012902005425,-0.16177735506340596,-0.16177735506340596,0.01607347876004585,0.018021472392637992,0.030134505949301626,0.04733727810650885,0.05709507883420931,0.06129247168554304
2011-07-19,26.55,27.05,26.5,26.6,26.6,2886,-0.15937780090965542,-0.10779844925196985,-0.13576070832115358,-0.15352219551992055,-0.15352219551992055,0.011022424933485334,0.017402945113788558,0.025179856115107875,0.043751226211496894,0.056058440527235145,0.06032420940738781
2011-07-20,26.7,26.8,26.35,26.7,26.7,2886,-0.13450943224582446,-0.14899423959026226,-0.16069012902005425,-0.13701187643295032,-0.13701187643295032,0.00983358547655074,0.018500858287240247,0.024296675191815838,0.04307061236448868,0.05617088607594929,0.06092715231788071
2011-07-21,26.5,26.7,25.9,26.25,26.25,2886,-0.1676672571309326,-0.16547255572557945,-0.23547839111675747,-0.21130831232431788,-0.21130831232431788,-0.009807619766125916,0.00038109756097566935,0.00408007140124948,0.02140077821011676,0.03468663776113516,0.040978189028420424
2011-07-22,26.35,27.1,26.1,26.95,26.95,2886,-0.19253562579476358,-0.09955929118431125,-0.20223916351822246,-0.09573607871552384,-0.09573607871552384,0.012777151446824361,0.02393617021276592,0.02823349866463176,0.042754884890694546,0.05802449748743725,0.06542795018778405
2011-07-25,27.0,27.0,26.45,26.65,26.65,2886,-0.0847726949181619,-0.11603760731962845,-0.14407051522078734,-0.14526703597643573,-0.14526703597643573,0.0007510326699212591,0.010235026535253829,0.014722680543216148,0.02549302549302541,0.040771694134187325,0.05052230471059719
2011-07-26,26.8,27.95,26.7,27.65,27.65,2886,-0.11793051980327007,0.0405063959658826,-0.10252148072261914,0.0198361548932702,0.0198361548932702,0.030178837555886826,0.04045155221072434,0.04827499052192581,0.056553305311425314,0.07353626339493703,0.08587511454378849
2011-07-27,27.5,28.75,27.5,28.2,28.2,2886,-0.0018781327053912099,0.17233292504841843,0.030435429671519198,0.11064290987160857,0.11064290987160857,0.03905674281503325,0.052631578947368425,0.06321477943948721,0.07081830263907356,0.08855091484598165,0.10199296600234464
2011-07-28,27.7,28.35,27.7,28.2,28.2,2886,0.031279692179716954,0.1064196605071508,0.06367465727005363,0.11064290987160857,0.11064290987160857,0.024337086814384505,0.04367135455218356,0.05736782902137223,0.06455266138165348,0.08186910151154748,0.0959968907889621
2011-07-29,27.8,28.25,27.6,27.75,27.75,2886,0.047858604622271324,0.08994134437183361,0.04705504347078671,0.036346473980241024,0.036346473980241024,0.0021668472372698548,0.02209944751381221,0.036350056018922064,0.04401805869074513,0.05859464408331446,0.07384714608190913
2011-08-01,27.85,29.05,27.85,28.7,28.7,2886,0.056148060843548515,0.22176787345436944,0.0886040779689549,0.19319450530646154,0.19319450530646154,0.02135231316725971,0.048784944271880175,0.0648033638387336,0.07400130975769466,0.0867095797046573,0.1029270479728432
2011-08-02,28.7,28.8,27.9,28.2,28.2,2886,0.19706881660525835,0.18057208311607703,0.09691388486858807,0.11064290987160857,0.11064290987160857,-0.0003544842254518969,0.024523160762942805,0.03982300884955759,0.05086640581330346,0.06102791782677388,0.0777756545002865
2011-08-03,27.8,27.8,27.4,27.7,27.7,2886,0.047858604622271324,0.01578892176290738,0.013815815872251683,0.028091314436755613,0.028091314436755613,-0.014585556741373306,0.002714932126696807,0.01726037458685256,0.02897473997028236,0.03784188834769569,0.05430093884800823
2011-08-04,28.0,29.55,27.9,28.2,28.2,2886,0.08101642950737949,0.30415945413095424,0.09691388486858807,0.11064290987160857,0.11064290987160857,0.003201707577374468,0.013659237958303342,0.02982349360925136,0.04328523862375132,0.05168941597672855,0.06791214339813163
2011-08-05,26.55,27.7,26.35,26.6,26.6,2886,-0.15937780090965542,-0.0006893943724098171,-0.16069012902005425,-0.15352219551992055,-0.15352219551992055,-0.04591104734576761,-0.042648911283066235,-0.028960817717205992,-0.01672673505221331,-0.008941877794336752,0.004089336269267101
2011-08-08,26.0,27.0,24.75,25.7,25.7,2886,-0.2505618193437033,-0.11603760731962845,-0.42660394980833094,-0.30211506730265625,-0.30211506730265625,-0.05791788856304992,-0.07186710003611431,-0.059870747469820754,-0.04938043277233207,-0.042259819631810275,-0.032197326303897586
2011-08-09,24.2,26.4,24.1,25.35,25.35,2886,-0.5489822433096779,-0.21490750413153048,-0.5346314395035681,-0.35990118410705296,-0.35990118410705296,-0.05091725945338822,-0.07683903860160231,-0.06983855185909978,-0.06171925603775332,-0.05445729205520319,-0.046992481203007516
2011-08-10,27.0,27.1,26.05,26.7,26.7,2886,-0.0847726949181619,-0.09955929118431125,-0.21054897041785622,-0.13701187643295032,-0.13701187643295032,0.0071671067521689065,-0.02233614060783581,-0.02030332681017604,-0.012939001848428888,-0.005141962888441824,0.001500375093773278
2011-08-11,26.1,26.8,25.85,26.2,26.2,2886,-0.23398290690114892,-0.14899423959026226,-0.24378819801639065,-0.21956347186780328,-0.21956347186780328,0.0034469551895823934,-0.033566949465142146,-0.03853211009174314,-0.03196009606502858,-0.024063175147135542,-0.01860407042077661
2011-08-12,26.5,26.55,25.55,25.55,25.55,2886,-0.1676672571309326,-0.1901900299285547,-0.2936470394141926,-0.3268805459331119,-0.3268805459331119,-0.013513513513513433,-0.04983265154332452,-0.05916288204246946,-0.054404145077720165,-0.047423756617701956,-0.042473454091192984
2011-08-15,25.9,26.15,25.5,26.1,26.1,2886,-0.2671407317862577,-0.2561032944698229,-0.30195684631382635,-0.23607379095477352,-0.23607379095477352,0.0046189376443418395,-0.01990236575291029,-0.03761061946902653,-0.03324381887211782,-0.0269907545481657,-0.022166718701217548
2011-08-16,26.3,26.35,25.65,25.8,25.8,2886,-0.20082508201604077,-0.2231466621991885,-0.27702742561492566,-0.28560474821568543,-0.28560474821568543,-0.010356731875719201,-0.02235695339143601,-0.04432646005679709,-0.042937957896689194,-0.03831817504100202,-0.03322508118910817
2011-08-17,25.7,26.3,25.6,25.95,25.95,2886,-0.30029855667136585,-0.2313858202668471,-0.28533723251455884,-0.26083926958522974,-0.26083926958522974,0.0011574074074071768,-0.010108716383749649,-0.033399553017134403,-0.036032689450223095,-0.03258276170593494,-0.02754356379988756
2011-08-18,25.8,26.05,25.6,25.85,25.85,2886,-0.28371964422881146,-0.2725816106051395,-0.28533723251455884,-0.2773495886722,-0.2773495886722,0.0,-0.005003849114703579,-0.0314724615961034,-0.03903345724907053,-0.03623890835880985,-0.031109445277361255
2011-08-19,25.05,25.6,24.45,24.65,24.65,2886,-0.4080614875479675,-0.3467340332140657,-0.4764627912061329,-0.4754734177158476,-0.4754734177158476,-0.03973509933774833,-0.04401783982935835,-0.06922592825676535,-0.07970879223445977,-0.07850467289719631,-0.07435223432219316
2011-08-22,24.65,25.45,24.3,24.95,24.95,2886,-0.4743771373181844,-0.3714515074170415,-0.5013922119050336,-0.42594246045493567,-0.42594246045493567,-0.01926100628930825,-0.02956048230260605,-0.04891994917407884,-0.0655430711610487,-0.06505283669339731,-0.06179493607420398
2011-08-23,24.0,25.2,23.8,25.1,25.1,2886,-0.5821400681947861,-0.41264729775533393,-0.58449028090137,-0.4011769818244795,-0.4011769818244795,-0.00790513833992092,-0.022775939264161993,-0.03560450819672128,-0.055414432213754694,-0.0573124014121534,-0.0554440541896638
2011-08-24,25.2,25.85,24.5,25.45,25.45,2886,-0.38319311888413654,-0.3055382428757733,-0.46815298430649915,-0.3433908650200827,-0.3433908650200827,0.00992063492063492,-0.004303599374021887,-0.016488470951951537,-0.037261206733497365,-0.0423690547862735,-0.041551594275671545
2011-08-25,26.0,26.1,24.9,25.05,25.05,2886,-0.2505618193437033,-0.2643424525374809,-0.40167452910943025,-0.40943214136796485,-0.40943214136796485,0.0003993610223642797,-0.01552367852230299,-0.024025974025974044,-0.04671296736751958,-0.05571471652593491,-0.05560791705937787
2011-08-26,25.4,25.45,24.6,25.0,25.0,2886,-0.3500352939990284,-0.3714515074170415,-0.45153337050723164,-0.4176873009114503,-0.4176873009114503,-0.004380724810832315,-0.01536037810161483,-0.021909233176838898,-0.04361132364192797,-0.05482041587901699,-0.05577237819463678
2011-08-29,25.4,25.9,25.25,25.35,25.35,2886,-0.3500352939990284,-0.2972990848081153,-0.34350588081199457,-0.35990118410705296,-0.35990118410705296,0.006351726875744348,0.001382579498321159,-0.007309750685289018,-0.023967658099913455,-0.039699977271005445,-0.04110452654141972
2011-08-30,25.8,25.8,25.2,25.4,25.4,2886,-0.28371964422881146,-0.31377740094343193,-0.3518156877116283,-0.35164602456356814,-0.35164602456356814,0.005940594059405884,0.004945598417408507,-0.005481597494127021,-0.0167424755637279,-0.034514216207997744,-0.037757292587447894
2011-08-31,25.6,25.65,25.05,25.65,25.65,2886,-0.3168774691139196,-0.3384948751464077,-0.376745108410529,-0.3103702268461417,-0.3103702268461417,0.014234875444839836,0.01604278074866315,0.007067137809187128,-0.003109211037699256,-0.02121651530183931,-0.02699626983625224
2011-09-01,25.8,26.5,25.75,25.8,25.8,2886,-0.28371964422881146,-0.19842918799621329,-0.26040781181565814,-0.28560474821568543,-0.28560474821568543,0.014150943396226393,0.02218700475435811,0.01401807939211329,0.007418976962124081,-0.011872845653006461,-0.02074898785425115
2011-09-02,26.2,26.2,25.7,25.85,25.85,2886,-0.21740399445859515,-0.2478641364021643,-0.26871761871529193,-0.2773495886722,-0.2773495886722,0.009371339320577838,0.019321766561514273,0.015185233669328448,0.010851500635448229,-0.00706768072520554,-0.017483846446218067
2011-09-05,25.4,25.4,24.9,24.9,24.9,2886,-0.3500352939990284,-0.3796906654847001,-0.40167452910943025,-0.4341976199984211,-0.4341976199984211,-0.024294670846395024,-0.017945178465785912,-0.019041365725541732,-0.024772348967002852,-0.03794142647399735,-0.05148879436226271
2011-09-06,24.5,24.5,23.25,23.3,23.3,2886,-0.4992455059820154,-0.5279955107025526,-0.6758981567973401,-0.6983627253899503,-0.6983627253899503,-0.07171314741035859,-0.07447864945382324,-0.07600793126239251,-0.0837593393629571,-0.09289106906486021,-0.10750766087844746
2011-09-07,23.8,23.85,22.3,23.3,23.3,2886,-0.6152978930798942,-0.6351045655821126,-0.8337844878903792,-0.6983627253899503,-0.6983627253899503,-0.053999187982135675,-0.06650641025641026,-0.06948881789137387,-0.07759303246239116,-0.08663269306154452,-0.10188873185147107
2011-09-08,23.5,24.0,23.3,23.7,23.7,2886,-0.6650346304075568,-0.6103870913791374,-0.6675883498977063,-0.6323214490420681,-0.6323214490420681,-0.021065675340768343,-0.04531722054380665,-0.04806533672513049,-0.05709170479411175,-0.06435057244374257,-0.0811579219436547
2011-09-09,23.9,24.2,23.65,23.9,23.9,2886,-0.5987189806373405,-0.5774304591085035,-0.6094197016002713,-0.599300810868127,-0.599300810868127,0.003358522250209836,-0.032975925551284556,-0.038100348806010285,-0.04600339287496271,-0.05241455871857899,-0.0687706993960647
2011-09-13,23.4,23.4,22.25,22.4,22.4,2886,-0.6816135428501112,-0.7092569881910394,-0.8420942947900129,-0.846955597172686,-0.846955597172686,-0.039451114922813106,-0.08271908271908271,-0.09225989463730935,-0.09922589725545396,-0.10721402949382229,-0.12001571400510705
2011-09-14,22.6,22.8,20.85,21.15,21.15,2886,-0.8142448423905438,-0.8081268850029408,-1.0747688879797546,-1.0533345857598184,-1.0533345857598184,-0.07601572739187426,-0.11856636799333191,-0.13367012561441843,-0.14146539476354777,-0.15135221892303985,-0.16137985725614581
2011-09-15,21.75,21.85,21.2,21.65,21.65,2886,-0.9551655981522542,-0.9646708882884519,-1.0166002396823195,-0.9707829903249654,-0.9707829903249654,-0.04033687943262412,-0.08243271879635532,-0.10389072847682125,-0.11343161343161343,-0.12419093851132688,-0.1346346012923857
2011-09-16,22.1,23.15,22.1,22.95,22.95,2886,-0.8971394046033145,-0.7504527785293318,-0.8670237154889135,-0.7561488421943475,-0.7561488421943475,0.024096385542168638,-0.01544401544401542,-0.044546211490424516,-0.05458290422245105,-0.06669377795851975,-0.07621092177646577
2011-09-19,22.75,22.75,22.0,22.1,22.1,2886,-0.7893764737267128,-0.8163660430705995,-0.8836433292881811,-0.8964865544335973,-0.8964865544335973,0.002267573696145157,-0.036407237846086654,-0.07246782316731938,-0.08479138627187077,-0.09618845084246674,-0.10502159827213811
2011-09-20,22.1,22.4,21.3,21.75,21.75,2886,-0.8971394046033145,-0.874040149544209,-0.9999806258830519,-0.9542726712379945,-0.9542726712379945,-0.007755474452554661,-0.03846153846153835,-0.07786885245901637,-0.09327774882751436,-0.1041271933437681,-0.11447377349528401
2011-09-21,22.15,22.55,21.7,22.2,22.2,2886,-0.8888499483820379,-0.8493226753412333,-0.9335021706859831,-0.879976235346627,-0.879976235346627,0.0031631269769543738,-0.013771657041314915,-0.050199657729606335,-0.06888958792072973,-0.08013590784784955,-0.09227204579528422
2011-09-22,21.6,21.6,21.0,21.1,21.1,2886,-0.9800339668160852,-1.0058666786267443,-1.0498394672808538,-1.0615897453033032,-1.0615897453033032,-0.041780199818347026,-0.05338716913414077,-0.08539228435197221,-0.10687830687830682,-0.11862990810359231,-0.13061392665842583
2011-09-23,20.1,20.5,19.8,20.1,20.1,2886,-1.2287176534543973,-1.1871281561152311,-1.249274832872061,-1.226692936173009,-1.226692936173009,-0.06293706293706285,-0.08344733242134056,-0.1141472014103129,-0.14019890920757136,-0.15225643188528043,-0.16481994459833788
2011-09-26,20.1,20.2,19.0,19.0,19.0,2886,-1.2287176534543973,-1.2365631045211822,-1.3822317432661995,-1.408306446129686,-1.408306446129686,-0.08785405664906393,-0.11380597014925378,-0.14542728635682162,-0.17668724948542955,-0.19093851132686065,-0.20329862324411208
2011-09-27,19.95,19.95,19.4,19.65,19.65,2886,-1.253586022118229,-1.2777588948594745,-1.3157532880691305,-1.3009893720643773,-1.3009893720643773,-0.037236648701617095,-0.07158043940467756,-0.10205635948210211,-0.137874300756828,-0.15563767617738056,-0.16854724964739062
2011-09-28,19.95,20.3,19.65,20.1,20.1,2886,-1.253586022118229,-1.220084788385865,-1.2742042535709623,-1.226692936173009,-1.226692936173009,0.005502751375687815,-0.04558404558404546,-0.07245039224734658,-0.10775718566196864,-0.12881414701803043,-0.1426133939997155
2011-09-29,20.0,21.15,19.85,20.9,20.9,2886,-1.2452965658969517,-1.080019101235671,-1.2409650259724274,-1.094610383477245,-1.094610383477245,0.04761904761904758,-0.004050512270669567,-0.028358902835890258,-0.06235980260206373,-0.08693752730449973,-0.10204081632653048
2011-09-30,21.25,21.85,21.2,21.35,21.35,2886,-1.038060160365025,-0.9646708882884519,-1.0166002396823195,-1.0203139475858767,-1.0203139475858767,0.05693069306930704,0.02521008403361355,-0.0001561036528255005,-0.03251387787470267,-0.061208336997625366,-0.0767567567567567
2011-10-03,20.8,20.85,20.1,20.15,20.15,2886,-1.1126652663565184,-1.1294540496416214,-1.199415991474259,-1.2184377766295242,-1.2184377766295242,-0.01370533529123843,-0.02326708676684459,-0.04517453798767983,-0.07494548375989901,-0.1063508958665957,-0.12295973884657234
2011-10-04,19.6,20.2,19.5,20.2,20.2,2886,-1.311612215667168,-1.2365631045211822,-1.299133674269863,-1.2101826170860388,-1.2101826170860388,-0.01655306718597857,-0.013431013431013534,-0.03610625099411473,-0.06253625710639286,-0.0958732432190493,-0.11468224981738498
2011-10-05,20.25,20.35,19.9,19.9,19.9,2886,-1.2038492847905664,-1.2118456303182064,-1.2326552190727942,-1.2597135743469507,-1.2597135743469507,-0.029268292682926897,-0.017041244751790512,-0.0466304694985629,-0.06911472342416089,-0.10044299792062207,-0.12115412925069921
2011-10-06,20.5,21.15,20.5,20.8,20.8,2886,-1.162402003684181,-1.080019101235671,-1.1329375362771903,-1.1111207025642151,-1.1111207025642151,0.01562500000000019,0.02893890675241162,-0.0008006405124098825,-0.02129161275144087,-0.051441079897847505,-0.07507596531534867
2011-10-07,21.4,21.95,21.35,21.6,21.6,2886,-1.013191791701194,-0.9481925721531352,-0.9916708189834181,-0.9790381498684502,-0.9790381498684502,0.05211885046273747,0.0606432604959489,0.042135734963010686,0.021397328289395934,-0.007352941176470594,-0.034564958283670885
2011-10-11,22.5,22.75,22.4,22.5,22.5,2886,-0.8308237548330982,-0.8163660430705995,-0.8171648740911122,-0.8304452780857151,-0.8304452780857151,0.07142857142857142,0.08616944243301956,0.08416318663668484,0.06748902858498396,0.04041431610098966,0.009421265141319015
2011-10-12,22.4,22.4,21.9,22.15,22.15,2886,-0.8474026672756526,-0.874040149544209,-0.9002629430874486,-0.8882313948901124,-0.8882313948901124,0.03553062178588116,0.05652277605533025,0.0659287776708374,0.05150723949679568,0.029466443576872704,-0.0015026296018032302
2011-10-13,22.7,22.7,22.15,22.35,22.35,2886,-0.79766592994799,-0.8246052011382581,-0.8587139085892804,-0.8552107567161708,-0.8552107567161708,0.0214808043875685,0.05474280320906088,0.07503607503607497,0.05798816568047344,0.0405996833969645,0.01215186051777514
2011-10-14,22.0,22.05,21.7,21.7,21.7,2886,-0.9137183170458689,-0.9317142560178181,-0.9335021706859831,-0.96252783078148,-0.96252783078148,-0.016319129646418993,0.02021626704278325,0.041766682669227125,0.027097384924860867,0.013355748575698038,-0.011389521640091117
2011-10-17,22.0,22.5,21.75,22.3,22.3,2886,-0.9137183170458689,-0.8575618334088919,-0.9251923637863493,-0.8634659162596562,-0.8634659162596562,0.004504504504504569,0.043763164053358235,0.06308596853646913,0.0571225408864659,0.04410525330087105,0.021374045801526805
2011-10-18,21.8,22.05,21.65,21.8,21.8,2886,-0.946876141930977,-0.9317142560178181,-0.9418119775856167,-0.9460175116945091,-0.9460175116945091,-0.011786038077969085,0.012540640966093803,0.030083477713025674,0.0341555977229601,0.024725016452007136,0.0046854597127275474
2011-10-19,22.15,22.15,21.65,22.0,22.0,2886,-0.8888499483820379,-0.9152359398825015,-0.9418119775856167,-0.912996873520568,-0.912996873520568,-0.00136177939173859,0.013357899585444456,0.03189493433395871,0.0430247718383311,0.034904506538715054,0.018439935190185948
2011-10-20,21.95,22.0,21.4,21.45,21.45,2886,-0.9220077732671461,-0.9399534140854767,-0.983361012083785,-1.0038036284989065,-1.0038036284989065,-0.018306636155606505,-0.018980105190944552,0.0018682858477346636,0.01876038945618616,0.008462623413258097,-0.004178272980501386
2011-10-21,21.7,21.85,21.5,21.85,21.85,2886,-0.9634550543735314,-0.9646708882884519,-0.9667413982845174,-0.9377623521510238,-0.9377623521510238,-0.0013711151736746404,-0.005461993627673985,0.01754113629307661,0.035913239303069826,0.026882225773098935,0.016673129119813924
2011-10-24,22.35,22.75,22.25,22.55,22.55,2886,-0.8556921234969291,-0.8163660430705995,-0.8420942947900129,-0.8221901185422297,-0.8221901185422297,0.028271773825809438,0.021980512123272122,0.04624188060624821,0.06292717416922011,0.06057755620355583,0.051118707271597306
2011-10-25,22.75,23.0,22.55,22.8,22.8,2886,-0.7893764737267128,-0.775170252732307,-0.7922354533922109,-0.7809143208248032,-0.7809143208248032,0.030275643922277364,0.031907671418873136,0.04924068108605616,0.06517168885774367,0.07092531705025841,0.06459143968871593
2011-10-26,22.5,22.8,22.4,22.7,22.7,2886,-0.8308237548330982,-0.8081268850029408,-0.8171648740911122,-0.797424639911774,-0.797424639911774,0.019308486753480007,0.0248306997742664,0.036687471456842806,0.05299779659051383,0.0643285821455362,0.05942750466708135
2011-10-27,22.75,23.1,22.55,22.75,22.75,2886,-0.7893764737267128,-0.7586919365969899,-0.7922354533922109,-0.7891694803682886,-0.7891694803682886,0.009764758100310645,0.02523659305993685,0.03003320253546654,0.048870447210696284,0.06557377049180321,0.05912476722532569
2011-10-28,23.8,23.95,23.35,23.5,23.5,2886,-0.6152978930798942,-0.618626249446796,-0.6592785429980725,-0.6653420872160092,-0.6653420872160092,0.027996500437445185,0.05051408135896285,0.055389221556886276,0.07699358386801099,0.0957754359787374,0.09090909090909084
2011-10-31,23.6,23.9,23.15,23.35,23.35,2886,-0.6484557179650025,-0.6268654075144546,-0.6925177705966076,-0.6901075658464648,-0.6901075658464648,0.014335360556038308,0.0389321468298109,0.04318689501116911,0.06523722627737241,0.08222098628105307,0.08327534214799341
2011-11-01,23.0,23.6,22.85,23.3,23.3,2886,-0.7479291926203275,-0.676300355920405,-0.742376611994409,-0.6983627253899503,-0.6983627253899503,0.0077854671280278235,0.02983425414364644,0.03847868073094637,0.05537311742724494,0.07136288394335126,0.0789534614494095
2011-11-02,22.25,22.95,22.25,22.8,22.8,2886,-0.8722710359394835,-0.7834094107999656,-0.8420942947900129,-0.7809143208248032,-0.7809143208248032,-0.014693171996542928,0.004184100418410148,0.01423487544483971,0.026680175616345718,0.04233336381091699,0.05409153952843281
2011-11-03,22.65,22.7,21.95,22.0,22.0,2886,-0.8059553861692672,-0.8246052011382581,-0.8919531361878148,-0.912996873520568,-0.912996873520568,-0.043062200956937885,-0.03339191564147619,-0.02033546088763546,-0.014005602240896359,0.0022779043280182557,0.017419454293201884
2011-11-04,22.5,22.8,22.45,22.65,22.65,2886,-0.8308237548330982,-0.8081268850029408,-0.8088550671914785,-0.8056797994552595,-0.8056797994552595,-0.007449605609114886,-0.008318739054290774,0.005772646536412034,0.010935059138585022,0.028610354223433197,0.044982698961937614
2011-11-07,22.5,22.5,22.2,22.35,22.35,2886,-0.8308237548330982,-0.8575618334088919,-0.8504041016896466,-0.8552107567161708,-0.8552107567161708,-0.011936339522546245,-0.020595968448729136,-0.007695722953973598,-0.00412164420184922,0.013145965548504203,0.02758620689655179
2011-11-08,22.65,22.65,22.05,22.1,22.1,2886,-0.8059553861692672,-0.8328443592059166,-0.8753335223885473,-0.8964865544335973,-0.8964865544335973,-0.012511170688114437,-0.028571428571428508,-0.01966582877421255,-0.014382874344965905,-0.0017165055560574693,0.011287370347773008
2011-11-09,22.4,22.45,21.9,22.05,22.05,2886,-0.8474026672756526,-0.8658009914765504,-0.9002629430874486,-0.9047417139770827,-0.9047417139770827,-0.008097165991902662,-0.027992065241348823,-0.022028385570668222,-0.016393442622950807,-0.007293354943273863,0.005319148936170071
2011-11-10,21.2,21.55,20.55,20.55,20.55,2886,-1.0463496165863022,-1.014105836694403,-1.1246277293775564,-1.1523965002816416,-1.1523965002816416,-0.06335460346399288,-0.08524371244157575,-0.0861251111769938,-0.07961034598589183,-0.07590610666426817,-0.06371022856708938
2011-11-11,20.55,20.75,20.2,20.65,20.65,2886,-1.1541125474629037,-1.1459323657769387,-1.1827963776749921,-1.1358861811946712,-1.1358861811946712,-0.041318477251624915,-0.06898106402164117,-0.0783992859268074,-0.07295173961840629,-0.0711586901763226,-0.05879671832269839
2011-11-14,21.05,21.3,20.65,20.7,20.7,2886,-1.0712179852501331,-1.0553016270326954,-1.1080081155782895,-1.1276310216511858,-1.1276310216511858,-0.02404526166902412,-0.05544147843942505,-0.07105459985041147,-0.06735751295336792,-0.06739953144710753,-0.05558512660634189
2011-11-15,20.55,20.7,20.2,20.45,20.45,2886,-1.1541125474629037,-1.1541715238445973,-1.1827963776749921,-1.1689068193686123,-1.1689068193686123,-0.02059386973180092,-0.054553860379103085,-0.07577583609520952,-0.07581064286521305,-0.07524645021253511,-0.06741658432773437
2011-11-16,20.35,20.6,19.8,19.8,19.8,2886,-1.187270372348012,-1.170649839979914,-1.249274832872061,-1.276223893433921,-1.276223893433921,-0.030837004405286295,-0.07172995780590723,-0.09726443768996958,-0.10071534007039845,-0.10081743869209804,-0.09650924024640666
2011-11-17,19.35,19.75,19.2,19.55,19.55,2886,-1.3530594967735534,-1.3107155271301083,-1.348992515667665,-1.3174996911513475,-1.3174996911513475,-0.03361344537815108,-0.07280056912497036,-0.09990791896869251,-0.10822214619682968,-0.10763191528208875,-0.10744178968193571
2011-11-18,19.3,20.0,19.25,19.7,19.7,2886,-1.3613489529948306,-1.269519736791816,-1.3406827087680313,-1.2927342125208918,-1.2927342125208918,-0.01696606786427145,-0.05242905242905242,-0.0822981366459627,-0.09695163878065545,-0.09748946307494946,-0.09908536585365858
2011-11-21,19.6,19.95,19.5,19.7,19.7,2886,-1.311612215667168,-1.2777588948594745,-1.299133674269863,-1.2927342125208918,-1.2927342125208918,-0.007056451612903076,-0.04019488428745429,-0.07177634678812644,-0.09101395778059769,-0.09316884551647951,-0.09646842990368454
2011-11-22,20.5,20.5,19.6,19.8,19.8,2886,-1.162402003684181,-1.1871281561152311,-1.2825140604705956,-1.276223893433921,-1.276223893433921,0.004566210045662093,-0.0243902439024389,-0.05669366364935673,-0.08003252410268324,-0.08519682128996493,-0.08811789990789072
2011-11-23,19.6,19.75,19.05,19.05,19.05,2886,-1.311612215667168,-1.3107155271301083,-1.3739219363665656,-1.4000512865862005,-1.4000512865862005,-0.026073619631901742,-0.04726181545386331,-0.08148505303760838,-0.1073102155576382,-0.11502369227910444,-0.11846367422489583
2011-11-24,19.15,19.9,19.15,19.8,19.8,2886,-1.3862173216586622,-1.285998052927133,-1.3573023225672987,-1.276223893433921,-1.276223893433921,0.00968893421723617,-0.006024096385542041,-0.038523794108125425,-0.06570720773858685,-0.07735321528424977,-0.08013937282229971
2011-11-25,19.9,20.0,19.2,19.25,19.25,2886,-1.261875478339506,-1.269519736791816,-1.348992515667665,-1.3670306484122594,-1.3670306484122594,-0.013831967213114733,-0.026794742163801875,-0.05482815057283145,-0.0824594852240229,-0.09861397265405498,-0.10228509249183904
2011-11-28,19.55,19.7,19.45,19.55,19.55,2886,-1.319901671888445,-1.318954685197767,-1.3074434811694968,-1.3174996911513475,-1.3174996911513475,0.0030785017957926483,-0.00584795321637419,-0.031219028741328,-0.05964405964405957,-0.07939348276511583,-0.08438061041292651
2011-11-29,19.9,19.9,19.55,19.8,19.8,2886,-1.261875478339506,-1.285998052927133,-1.2908238673702292,-1.276223893433921,-1.276223893433921,0.015905592611595624,0.010204081632653024,-0.011318242343541939,-0.039534319670143155,-0.06232240954726269,-0.06976744186046509
2011-11-30,19.8,19.8,19.3,19.5,19.5,2886,-1.2784543907820598,-1.30247636906245,-1.3323729018683974,-1.325754850694833,-1.325754850694833,-0.004085801838610921,-0.003576903423607577,-0.017962061440322433,-0.04645476772616133,-0.07089765580331632,-0.08026098577155874
2011-12-01,20.85,20.85,20.5,20.85,20.85,2886,-1.1043758101352412,-1.1294540496416214,-1.1329375362771903,-1.1028655430207297,-1.1028655430207297,0.0535624052551795,0.05837563451776661,0.048968639946335886,0.02243471864656139,-0.0029648048967100783,-0.015658194979935494
2011-12-02,20.85,21.1,20.6,20.75,20.75,2886,-1.1043758101352412,-1.0882582593033292,-1.1163179224779227,-1.1193758621077006,-1.1193758621077006,0.03285216525634645,0.04771522342842718,0.04358759430008385,0.02229338588496123,-0.0024997596384964496,-0.018680539134547154
2011-12-05,20.9,20.9,20.25,20.55,20.55,2886,-1.0960863539139647,-1.1212148915739635,-1.1744865707753585,-1.1523965002816416,-1.1523965002816416,0.012814194184327155,0.03318250377073907,0.034048976853404855,0.016949152542372937,-0.006766553890768514,-0.025065232861548152
2011-12-06,20.55,20.55,20.05,20.15,20.15,2886,-1.1541125474629037,-1.1788889980475725,-1.207725798373893,-1.2184377766295242,-1.2184377766295242,-0.010314341846758392,0.011292346298619717,0.014942914707857633,0.001989060169069895,-0.020132269986384045,-0.04001905669366381
2011-12-07,20.4,20.6,20.35,20.6,20.6,2886,-1.1789809161267353,-1.170649839979914,-1.1578669569760909,-1.1441413407381562,-1.1441413407381562,0.0009718172983478898,0.02589641434262964,0.03482920294708631,0.0280723643169058,0.006055870287165576,-0.015296367112810719
2011-12-08,20.5,20.6,20.1,20.45,20.45,2886,-1.162402003684181,-1.170649839979914,-1.199415991474259,-1.1689068193686123,-1.1689068193686123,-0.002439024390243937,0.015140233308513086,0.02420701168614362,0.02084113315861727,0.0017634956402469565,-0.01887094194786491
2011-12-09,20.05,20.55,20.0,20.35,20.35,2886,-1.2370071096756745,-1.1788889980475725,-1.2160356052735266,-1.1854171384555827,-1.1854171384555827,-0.003428011753183167,0.004690199950629417,0.016991504247876054,0.016610465842387886,0.001377817143982002,-0.018725387768223026
2011-12-12,20.85,20.85,20.6,20.75,20.75,2886,-1.1043758101352412,-1.1294540496416214,-1.1163179224779227,-1.1193758621077006,-1.1193758621077006,0.014173998044965745,0.018404907975460124,0.03336653386454192,0.036463536463536304,0.02428670155000498,0.004761520458397367
2011-12-13,20.3,20.5,20.0,20.05,20.05,2886,-1.1955598285692892,-1.1871281561152311,-1.2160356052735266,-1.2349480957164944,-1.2349480957164944,-0.019080234833659518,-0.017156862745097937,-0.0023221098026208523,0.0025000000000000356,-0.006245043616177697,-0.024014278760343937
2011-12-14,20.35,20.35,20.0,20.05,20.05,2886,-1.187270372348012,-1.2118456303182064,-1.2160356052735266,-1.2349480957164944,-1.2349480957164944,-0.013772749631086946,-0.019799560009777614,-0.005620763762605562,0.0018738288569642905,-0.002289012738853472,-0.019639801157199932
2011-12-15,19.85,19.85,19.25,19.25,19.25,2886,-1.2701649345607826,-1.2942372109947913,-1.3406827087680313,-1.3670306484122594,-1.3670306484122594,-0.04181184668989547,-0.051490514905148964,-0.04355746936071556,-0.03737967245905749,-0.03961285172620238,-0.054518664047151416
2011-12-16,19.5,19.6,19.25,19.45,19.45,2886,-1.3281911281097223,-1.3354330013330835,-1.3406827087680313,-1.3340100102383183,-1.3340100102383183,-0.023103967855349114,-0.0354574758244483,-0.03426017874875875,-0.026770077558168806,-0.027305461092218587,-0.03966425279789341
2011-12-19,19.35,19.35,18.1,18.2,18.2,2886,-1.3530594967735534,-1.376628791671376,-1.5318082674596047,-1.5403889988254507,-1.5403889988254507,-0.06185567010309275,-0.08680381334671353,-0.09226932668329184,-0.08588648920140637,-0.08524326497788508,-0.09520258513547117
2011-12-20,18.5,18.5,17.6,17.65,17.65,2886,-1.4939802525352637,-1.5166944788215704,-1.614906336455941,-1.6311957538037891,-1.6311957538037891,-0.06712473572938688,-0.1031504065040651,-0.11336235766912246,-0.10869839666708765,-0.10786494136676104,-0.11602671118530884
2011-12-21,18.85,18.85,18.65,18.85,18.85,2886,-1.435954058986324,-1.459020372347961,-1.4404003915636352,-1.4330719247601416,-1.4330719247601416,0.00910064239828703,-0.03358113304280959,-0.05101527101862721,-0.04761904761904757,-0.045376278739998006,-0.050855991943605135
2011-12-22,19.1,19.7,19.05,19.6,19.6,2886,-1.3945067778799387,-1.318954685197767,-1.3739219363665656,-1.309244531607862,-1.309244531607862,0.045333333333333406,0.009268795056642805,-0.009100101112234743,-0.00922532541387595,-0.007494429815677521,-0.011515508111288479
2011-12-23,20.1,20.7,20.05,20.4,20.4,2886,-1.2287176534543973,-1.1541715238445973,-1.207725798373893,-1.1771619789120977,-1.1771619789120977,0.07708553326293544,0.05019305019305008,0.03256284798380281,0.02822580645161284,0.031553398058252365,0.029263370332996887
2011-12-26,20.4,20.4,20.0,20.05,20.05,2886,-1.1789809161267353,-1.2036064722505484,-1.2160356052735266,-1.2349480957164944,-1.2349480957164944,0.03832211289487323,0.03590803409971585,0.016562447186073907,0.009312861817266484,0.013137948458817664,0.012711507702668679
2011-12-27,20.0,20.2,19.7,20.15,20.15,2886,-1.2452965658969517,-1.2365631045211822,-1.2658944466713287,-1.2184377766295242,-1.2184377766295242,0.017163048965168917,0.04053705138135813,0.02163258407976993,0.013454042499685567,0.017471217935770375,0.018276762402088483
2011-12-28,20.25,20.25,20.0,20.0,20.0,2886,-1.2038492847905664,-1.2283239464535236,-1.2160356052735266,-1.2432032552599799,-1.2432032552599799,-0.0019960079840318935,0.03305785123966945,0.016088060965283646,0.004646490016325563,0.00796290696502375,0.010356150543066343
2011-12-29,20.0,20.2,19.8,20.2,20.2,2886,-1.2452965658969517,-1.2365631045211822,-1.249274832872061,-1.2101826170860388,-1.2101826170860388,0.001984126984126942,0.038293497815471464,0.027118644067796512,0.0163522012578616,0.01722227817504274,0.019343986543313686
2011-12-30,20.5,20.65,20.2,20.2,20.2,2886,-1.162402003684181,-1.162410681912256,-1.1827963776749921,-1.2101826170860388,-1.2101826170860388,0.003976143141153174,0.03430619559651808,0.027641173478039478,0.017760423227106463,0.015279453156413273,0.018487394957983218
2012-01-02,20.2,20.2,19.45,19.45,19.45,2886,-1.2121387410118436,-1.2365631045211822,-1.3074434811694968,-1.3340100102383183,-1.3340100102383183,-0.027500000000000035,-0.010429916051895107,-0.006131834440470158,-0.017304534545913915,-0.02221998793484819,-0.018915510718789406
2012-01-03,19.5,20.1,19.5,19.95,19.95,2886,-1.3281911281097223,-1.2530414206564988,-1.299133674269863,-1.2514584148034653,-1.2514584148034653,-0.0005010020040079165,0.0032687955745537484,0.019764866246379284,0.008467079489447586,0.002613327972660549,0.006051437216338931
2012-01-04,20.2,20.55,20.15,20.3,20.3,2886,-1.2121387410118436,-1.1788889980475725,-1.191106184574626,-1.193672297999068,-1.193672297999068,0.013986013986014043,0.013479780329505898,0.03677221654749757,0.02693815606424681,0.018564977420973457,0.02155497777405022
2012-01-05,20.4,20.45,20.15,20.45,20.45,2886,-1.1789809161267353,-1.1953673141828898,-1.191106184574626,-1.1689068193686123,-1.1689068193686123,0.018933731938216194,0.016654238130748063,0.04018311291963373,0.034526369040090925,0.026915737671989442,0.027982573726541646
2012-01-06,20.4,20.5,20.15,20.4,20.4,2886,-1.1789809161267353,-1.1871281561152311,-1.191106184574626,-1.1771619789120977,-1.1771619789120977,0.014420686225758287,0.014168530947054446,0.03430792631401044,0.031866464339908904,0.02512562814070352,0.023496947905343277
2012-01-09,20.35,20.35,19.9,20.2,20.2,2886,-1.187270372348012,-1.2118456303182064,-1.2326552190727942,-1.2101826170860388,-1.2101826170860388,-0.0029615004935833527,0.003477396920019885,0.017290582507973832,0.023173356971001625,0.01579000301719803,0.012362178416304685
2012-01-10,20.45,20.8,20.35,20.7,20.7,2886,-1.170691459905458,-1.13769320770928,-1.1578669569760909,-1.1276310216511858,-1.1276310216511858,0.014208721215090777,0.025513995541243527,0.03190428713858409,0.04677623261694062,0.03978300180831816,0.0358632193494578
2012-01-11,20.9,20.9,20.45,20.45,20.45,2886,-1.0960863539139647,-1.1212148915739635,-1.141247343176824,-1.1689068193686123,-1.1689068193686123,0.0004892367906067301,0.010874938210578293,0.01404958677685941,0.033089163930285485,0.027534921113455846,0.02173369972520603
2012-01-12,20.65,20.65,20.4,20.45,20.45,2886,-1.13753363502035,-1.162410681912256,-1.1495571500764576,-1.1689068193686123,-1.1689068193686123,0.0004892367906065562,0.009627252530239461,0.011208175374979392,0.02996726265424339,0.027534921113455846,0.022414798766769477
2012-01-13,20.65,20.75,20.4,20.45,20.45,2886,-1.13753363502035,-1.1459323657769387,-1.1495571500764576,-1.1689068193686123,-1.1689068193686123,0.0,0.008382642998027698,0.01104152933421223,0.027380055262496948,0.027328443685321033,0.022926219258024117
2012-01-16,20.9,20.9,19.5,19.55,19.55,2886,-1.0960863539139647,-1.1212148915739635,-1.299133674269863,-1.3174996911513475,-1.3174996911513475,-0.037893700787401556,-0.03647116806308519,-0.03185869924067337,-0.02115408686944546,-0.015510121865243217,-0.020459290187891346
2012-01-17,19.65,19.75,19.2,19.7,19.7,2886,-1.3033227594458914,-1.3107155271301083,-1.348992515667665,-1.2927342125208918,-1.2927342125208918,-0.02087475149105376,-0.027880582284727253,-0.022979004794180923,-0.018679950186799504,-0.007256601491634669,-0.012201236837706785
2012-01-18,19.6,19.6,18.95,19.0,19.0,2886,-1.311612215667168,-1.3354330013330835,-1.3905415501658331,-1.408306446129686,-1.408306446129686,-0.041855774079677346,-0.05636950583560954,-0.05456958036158571,-0.05390265156230547,-0.04050095949904048,-0.044746103569632836
2012-01-30,19.55,19.7,19.3,19.3,19.3,2886,-1.319901671888445,-1.318954685197767,-1.3323729018683974,-1.358775488868774,-1.358775488868774,-0.015306122448979626,-0.035964035964035905,-0.036765929129928536,-0.03824592001993264,-0.025449404160775492,-0.02778943833431278
2012-01-31,19.45,20.45,19.4,20.3,20.3,2886,-1.3364805843309995,-1.1953673141828898,-1.3157532880691305,-1.193672297999068,-1.193672297999068,0.03730199284619318,0.014492753623188363,0.012805587892898592,0.01183800623052963,0.023288637967537038,0.02267002518891684
2012-02-01,20.4,21.5,20.2,20.95,20.95,2886,-1.1789809161267353,-1.0223449947620615,-1.1827963776749921,-1.0863552239337595,-1.0863552239337595,0.055415617128463365,0.0430669653970624,0.04004633460201896,0.041899788636081126,0.050230599558852965,0.05506127245257663
2012-02-02,21.45,21.65,21.05,21.35,21.35,2886,-1.0049023354799167,-0.9976275205590863,-1.04152966038122,-1.0203139475858767,-1.0203139475858767,0.05797819623389503,0.05955334987593067,0.055015648163399766,0.0586339407462502,0.062400477707006435,0.07286432160804035
2012-02-03,21.5,21.65,21.0,21.6,21.6,2886,-0.9966128792586396,-0.9976275205590863,-1.0498394672808538,-0.9790381498684502,-0.9790381498684502,0.04347826086956532,0.06587712805329408,0.0628177792356899,0.06679837016915682,0.06898940908641008,0.08261632278005199
2012-02-04,21.9,22.7,21.8,22.15,22.15,2886,-0.9302972294884233,-0.8246052011382581,-0.9168825568867155,-0.8882313948901124,-0.8882313948901124,0.041372825575928494,0.08392463909958404,0.08383624204860533,0.08871958712214284,0.09070317116407321,0.1048299941807299
2012-02-06,22.05,22.15,21.45,21.5,21.5,2886,-0.9054288608245917,-0.9152359398825015,-0.9750512051841512,-0.995548468955421,-0.995548468955421,-0.0004649000464900773,0.0467380720545278,0.048269137006338295,0.05340519353258188,0.056407232704402496,0.06876553438276717
2012-02-07,21.8,22.2,21.65,21.8,21.8,2886,-0.946876141930977,-0.9069967818148429,-0.9418119775856167,-0.9460175116945091,-0.9460175116945091,0.005535055350553551,0.04984348663616663,0.057396928051738086,0.06199001339666324,0.0674762511017532,0.07725251194201939
2012-02-08,22.15,22.65,22.1,22.6,22.6,2886,-0.8888499483820379,-0.8328443592059166,-0.8670237154889135,-0.8139349589987442,-0.8139349589987442,0.03055175558595539,0.07337924483495616,0.0895066688092561,0.09390125847047441,0.10136452241715409,0.10775263458867743
2012-02-09,22.55,22.7,22.3,22.7,22.7,2886,-0.822534298611821,-0.8246052011382581,-0.8337844878903792,-0.797424639911774,-0.797424639911774,0.0248306997742664,0.059509918319719884,0.08647096362476078,0.09239653512993272,0.10044599573395381,0.10569897710667325
2012-02-10,22.7,23.0,22.45,22.95,22.95,2886,-0.79766592994799,-0.775170252732307,-0.8088550671914785,-0.7561488421943475,-0.7561488421943475,0.028686687584043056,0.05323542909591557,0.08974358974358977,0.09782348720401828,0.10666409489825421,0.11182882519176425
2012-02-13,23.0,23.1,22.65,22.85,22.85,2886,-0.7479291926203275,-0.7586919365969899,-0.775615839592944,-0.7726591612813178,-0.7726591612813178,0.01195748449955711,0.036516216829213126,0.07681432610744575,0.08667221495660452,0.09623872577240454,0.10262184333279709
2012-02-14,22.8,22.8,22.15,22.5,22.5,2886,-0.7810870175054356,-0.8081268850029408,-0.8587139085892804,-0.8304452780857151,-0.8304452780857151,-0.009683098591549246,0.013513513513513545,0.05058365758754858,0.06420716566158202,0.07316607841266826,0.08147080028839204
2012-02-15,22.5,22.75,22.1,22.75,22.75,2886,-0.8308237548330982,-0.8163660430705995,-0.8670237154889135,-0.7891694803682886,-0.7891694803682886,0.0,0.018352730528200543,0.052266419981498564,0.0708401976935751,0.0793244140810322,0.08895093737534908
2012-02-16,22.5,22.55,21.9,21.95,21.95,2886,-0.8308237548330982,-0.8493226753412333,-0.9002629430874486,-0.9212520330640535,-0.9212520330640535,-0.028761061946902748,-0.01899441340782126,0.006111535523300207,0.02954971857410877,0.03811956110480502,0.047399395578177315
2012-02-17,22.2,22.45,21.45,21.5,21.5,2886,-0.8805604921607607,-0.8658009914765504,-0.9750512051841512,-0.995548468955421,-0.995548468955421,-0.036306588973554405,-0.03630658897355456,-0.021095765670056058,0.005965610012867062,0.014821108279052206,0.023809523809523808
2012-02-20,21.7,21.7,21.4,21.4,21.4,2886,-0.9634550543735314,-0.9893883624914277,-0.983361012083785,-1.012058788042392,-1.012058788042392,-0.028156221616712124,-0.04035874439461893,-0.028891241869611416,-0.0009337068160599031,0.0081974936398756,0.01711026615969579
2012-02-21,21.3,21.35,20.95,21.25,21.25,2886,-1.0297707041437478,-1.0470624689650367,-1.0581492741804877,-1.0368242666728475,-1.0368242666728475,-0.02388608176389525,-0.04472915261856586,-0.036572464863231145,-0.01185770750988154,-0.0008463419221365752,0.007109004739336425
2012-02-22,21.2,22.05,21.1,22.0,22.0,2886,-1.0463496165863022,-0.9317142560178181,-1.0332198534815864,-0.912996873520568,-0.912996873520568,0.01757631822386691,-0.008338967771016396,-0.004524886877828118,0.01757631822386674,0.03189493433395871,0.039288245020077175
2012-02-23,21.95,22.0,21.5,21.5,21.5,2886,-0.9220077732671461,-0.9399534140854767,-0.9667413982845174,-0.995548468955421,-0.995548468955421,-0.0013934045517882553,-0.025606163607523127,-0.026855763427881887,-0.011266957921361278,0.006460069281902355,0.013752455795677855
2012-02-24,21.95,21.95,21.5,21.9,21.9,2886,-0.9220077732671461,-0.9481925721531352,-0.9667413982845174,-0.9295071926075389,-0.9295071926075389,0.013419713095788948,-0.0027322404371585736,-0.008002415823644839,0.0011428571428570779,0.022408963585434025,0.03026501489728701
2012-02-29,22.0,22.9,22.0,22.9,22.9,2886,-0.9137183170458689,-0.7916485688676242,-0.8836433292881811,-0.764404001737833,-0.764404001737833,0.045184847101779765,0.04256772137491458,0.032927379341452435,0.04067257441490568,0.06422529974904738,0.07310215557638232
2012-03-01,22.5,22.7,22.1,22.55,22.55,2886,-0.8308237548330982,-0.8246052011382581,-0.8670237154889135,-0.8221901185422297,-0.8221901185422297,0.01714027965719436,0.026399635867091573,0.014851485148514773,0.02105501471587049,0.04214807283482757,0.05283635514745939
2012-03-02,22.6,22.7,21.8,21.85,21.85,2886,-0.8142448423905438,-0.8246052011382581,-0.9168825568867155,-0.9377623521510238,-0.9377623521510238,-0.013098464317976316,-0.0013711151736746404,-0.014433919711321618,-0.011759384893713162,0.005800036825630859,0.018331520894826835
2012-03-03,21.6,21.7,21.45,21.6,21.6,2886,-0.9800339668160852,-0.9893883624914277,-0.9750512051841512,-0.9790381498684502,-0.9790381498684502,-0.025270758122743625,-0.011215381094071915,-0.02247699502187356,-0.023066485753052826,-0.01044529961517292,0.004884856943475247
2012-03-05,21.4,21.45,21.05,21.15,21.15,2886,-1.013191791701194,-1.0305841528297202,-1.04152966038122,-1.0533345857598184,-1.0533345857598184,-0.039073148568832324,-0.03026134800550207,-0.03761565296526641,-0.04125113327289212,-0.034334763948497805,-0.01711718689489594
2012-03-06,21.0,21.15,20.5,20.8,20.8,2886,-1.0795074414714103,-1.080019101235671,-1.1329375362771903,-1.1111207025642151,-1.1111207025642151,-0.03659101435849942,-0.043678160919540195,-0.04761904761904758,-0.05561861520998856,-0.051181461545479576,-0.03390617742684612
2012-03-07,20.4,20.65,20.3,20.35,20.35,2886,-1.1789809161267353,-1.162410681912256,-1.1661767638757248,-1.1854171384555827,-1.1854171384555827,-0.037825059101654714,-0.06048014773776556,-0.062067905976340335,-0.0729985195308051,-0.07069138734130978,-0.05597649605690414
2012-03-08,20.8,21.4,20.5,21.15,21.15,2886,-1.1126652663565184,-1.0388233108973788,-1.1329375362771903,-1.0533345857598184,-1.0533345857598184,0.006663493574488196,-0.019698725376593312,-0.020379805465493343,-0.03336380255941517,-0.03380539058931028,-0.02105993982874343
2012-03-09,21.0,21.3,20.7,21.25,21.25,2886,-1.0795074414714103,-1.0553016270326954,-1.0996983086786558,-1.0368242666728475,-1.0368242666728475,0.014804202483285688,-0.01392111368909516,-0.013615967816803489,-0.025564599335091184,-0.02861583470469911,-0.019833948339483383
2012-03-12,21.3,21.3,20.9,21.05,21.05,2886,-1.0297707041437478,-1.0553016270326954,-1.0664590810801213,-1.0698449048467886,-1.0698449048467886,0.006214149139579302,-0.019333799208013005,-0.021537031298419485,-0.030512377662636633,-0.03581898131183568,-0.03166449436479334
2012-03-13,21.25,21.75,21.25,21.65,21.65,2886,-1.038060160365025,-0.9811492044237691,-1.0082904327826856,-0.9707829903249654,-0.9707829903249654,0.026552868658131754,0.014526710402999002,0.005573618207152857,-0.0001154601085325611,-0.008608846964007641,-0.0061208875286918015
2012-03-14,22.2,22.45,21.9,22.0,22.0,2886,-0.8805604921607607,-0.8658009914765504,-0.9002629430874486,-0.912996873520568,-0.912996873520568,0.027077497665733048,0.03359173126614969,0.019462465245597856,0.017223442376603802,0.007049345417925474,0.008326331067145448
2012-03-15,22.2,22.3,21.85,22.15,22.15,2886,-0.8805604921607607,-0.8905184656795256,-0.9085727499870817,-0.8882313948901124,-0.8882313948901124,0.02451433857539321,0.03917429040581755,0.025937934228809745,0.025581664544507395,0.014751695070551383,0.013962005035477048
2012-03-16,22.1,22.1,21.6,21.6,21.6,2886,-0.8971394046033145,-0.9234750979501595,-0.95012178448525,-0.9790381498684502,-0.9790381498684502,-0.004149377593360826,0.013370865587614363,0.00015434480629729222,0.00092678405931416,-0.008446566287182978,-0.011215381094071915
2012-03-19,21.6,21.8,21.2,21.4,21.4,2886,-0.9800339668160852,-0.9729100463561104,-1.0166002396823195,-1.012058788042392,-1.012058788042392,-0.0165441176470588,0.0028116213683225064,-0.0075745864894110684,-0.008111239860950206,-0.014823681060675937,-0.019248395967002827
2012-03-20,21.4,21.45,21.15,21.25,21.25,2886,-1.013191791701194,-1.0305841528297202,-1.0249100465819532,-1.0368242666728475,-1.0368242666728475,-0.019833948339483383,-0.00631283610007005,-0.009477936606587934,-0.014721224063985117,-0.018838304552590324,-0.0257507450141362
2012-03-21,21.4,21.5,21.25,21.45,21.45,2886,-1.013191791701194,-1.0223449947620615,-1.0082904327826856,-1.0038036284989065,-1.0038036284989065,-0.005563282336578627,-0.0020935101186323195,0.0032740879326473475,-0.005908932916232082,-0.007679496669133992,-0.016055045871559696
2012-03-22,21.45,21.8,21.45,21.7,21.7,2886,-1.0049023354799167,-0.9729100463561104,-0.9750512051841512,-0.96252783078148,-0.96252783078148,0.010242085661080189,0.006960556844547498,0.01544220870379028,0.006376811594202865,0.005840363400389249,-0.0032154340836011365
2012-03-23,22.0,22.15,21.85,21.95,21.95,2886,-0.9137183170458689,-0.9152359398825015,-0.9085727499870817,-0.9212520330640535,-0.9212520330640535,0.018561484918793437,0.01526364477335809,0.026020567154876825,0.016909891128098143,0.01742838602020957,0.009427454587261361
2012-03-26,21.95,21.95,21.3,21.35,21.35,2886,-0.9220077732671461,-0.9481925721531352,-0.9999806258830519,-1.0203139475858767,-1.0203139475858767,-0.008820798514391723,-0.013856812933025273,-0.0026471504204295233,-0.00962542038733601,-0.01010756676557847,-0.01575105647329996
2012-03-27,21.45,21.5,21.3,21.4,21.4,2886,-1.0049023354799167,-1.0223449947620615,-0.9999806258830519,-1.012058788042392,-1.012058788042392,-0.007881316643486402,-0.010404624277456713,-0.002175940317065598,-0.0038403351565228965,-0.007789317507418364,-0.011242876944401617
2012-03-28,21.6,21.6,21.15,21.3,21.3,2886,-0.9800339668160852,-1.0058666786267443,-1.0249100465819532,-1.0285691071293621,-1.0285691071293621,-0.011142061281336975,-0.011830201809324937,-0.009762900976290137,-0.0056022408963585894,-0.012517385257301788,-0.014041043048912098
2012-03-29,21.2,21.25,20.8,21.1,21.1,2886,-1.0463496165863022,-1.063540785100354,-1.0830786948793882,-1.0615897453033032,-1.0615897453033032,-0.014939309056956129,-0.01631701631701622,-0.018908865468071735,-0.013211738571261492,-0.020154174793350098,-0.020805940134581046
2012-03-30,20.85,21.05,20.8,20.85,20.85,2886,-1.1043758101352412,-1.0964974173709878,-1.0830786948793882,-1.1028655430207297,-1.1028655430207297,-0.01650943396226405,-0.024561403508771864,-0.029329608938547438,-0.023190442726633915,-0.03059326762134993,-0.03075850313783212
2012-04-02,20.75,21.05,20.65,20.9,20.9,2886,-1.1209547225777956,-1.0964974173709878,-1.1080081155782895,-1.094610383477245,-1.094610383477245,-0.009947891994315698,-0.019929660023446694,-0.026548672566371858,-0.02027422946208841,-0.026457983976150776,-0.027530050407134635
2012-04-03,21.15,21.6,21.15,21.4,21.4,2886,-1.0546390728075794,-1.0058666786267443,-1.0249100465819532,-1.012058788042392,-1.012058788042392,0.013737565135007066,0.0028116213683223395,-0.0024860161591050917,0.0017554125219425567,-0.0003736920777280769,-0.0042652190771617785
2012-04-05,20.8,21.35,20.75,21.15,21.15,2886,-1.1126652663565184,-1.0470624689650367,-1.0913885017790221,-1.0533345857598184,-1.0533345857598184,0.003320683111954304,-0.00750821210699203,-0.011528275432310305,-0.011797687186076452,-0.009460472086923858,-0.015744977894981835
2012-04-06,21.1,21.25,20.8,21.1,21.1,2886,-1.062928529028856,-1.063540785100354,-1.0830786948793882,-1.0615897453033032,-1.0615897453033032,0.0009487666034157081,-0.007058823529411698,-0.010628321350422002,-0.014018691588784915,-0.010411781258793629,-0.01669902912621347
2012-04-09,20.65,21.1,20.55,20.85,20.85,2886,-1.13753363502035,-1.0882582593033292,-1.1246277293775564,-1.1028655430207297,-1.1028655430207297,-0.010910815939278957,-0.013718070009460697,-0.0200532664891115,-0.024789522918615418,-0.02075897050535413,-0.027367438967501136
2012-04-10,21.1,21.3,20.8,21.0,21.0,2886,-1.062928529028856,-1.0553016270326954,-1.0830786948793882,-1.078100064390274,-1.078100064390274,-0.004739336492891062,-0.004975124378109305,-0.011764705882352941,-0.01765875336217992,-0.013436061260922571,-0.0189971971348491
2012-04-11,20.8,21.5,20.7,21.35,21.35,2886,-1.1126652663565184,-1.0223449947620615,-1.0996983086786558,-1.0203139475858767,-1.0203139475858767,0.012328117591275561,0.011848341232227487,0.00439077936333701,-0.0005851375073141856,0.0019710906701710697,-0.00023413720440173286
2012-04-12,21.5,21.5,21.1,21.25,21.25,2886,-0.9966128792586396,-1.0223449947620615,-1.0332198534815864,-1.0368242666728475,-1.0368242666728475,0.006631927996210354,0.007347712728134514,0.0003138239447668675,-0.0035169988276670242,-0.004404047976011884,-0.002893563775709741
2012-04-13,21.55,21.55,21.35,21.4,21.4,2886,-0.9883234230373624,-1.014105836694403,-0.9916708189834181,-1.012058788042392,-1.012058788042392,0.010864430798299332,0.013017751479289873,0.008324171509345023,0.005284791544333395,0.002154163154444103,0.004852089528877683
2012-04-16,21.1,21.5,21.0,21.45,21.45,2886,-1.062928529028856,-1.0223449947620615,-1.0498394672808538,-1.0038036284989065,-1.0038036284989065,0.007515265382808838,0.012508850601840952,0.012269938650306823,0.00798872180451136,0.004119464469618995,0.007436399217221046
2012-04-17,21.55,21.7,21.25,21.5,21.5,2886,-0.9883234230373624,-0.9893883624914277,-1.0082904327826856,-0.995548468955421,-0.995548468955421,0.005142589995325059,0.012002824193927935,0.014150943396226448,0.010101010101010095,0.005612722170252619,0.00923173212329833
2012-04-18,21.8,22.1,21.55,21.7,21.7,2886,-0.946876141930977,-0.9234750979501595,-0.9584315913848837,-0.96252783078148,-0.96252783078148,0.011183597390493868,0.019976498237367836,0.022620169651272233,0.018420743869529427,0.014872322514264232,0.017187500000000022
2012-04-19,21.8,22.2,21.55,22.0,22.0,2886,-0.946876141930977,-0.9069967818148429,-0.9584315913848837,-0.912996873520568,-0.912996873520568,0.01804720037019901,0.02996254681647943,0.0344827586206897,0.031169439887508747,0.028902815452249486,0.028598145406374263
2012-04-20,22.0,22.3,21.55,21.55,21.55,2886,-0.9137183170458689,-0.8905184656795256,-0.9584315913848837,-0.9872933094119356,-0.9872933094119356,-0.004158964879851955,0.006774118196682998,0.011895445296603562,0.01043254014769681,0.008989605768330543,0.006930924382836232
2012-04-23,21.45,22.3,21.4,22.3,22.3,2886,-1.0049023354799167,-0.8905184656795256,-0.983361012083785,-0.8634659162596562,-0.8634659162596562,0.022466758367721155,0.03480278422273782,0.042380803988781704,0.04474115717966746,0.042738239970073776,0.04027367438967501
2012-04-24,22.3,22.35,22.05,22.3,22.3,2886,-0.8639815797182063,-0.8822793076118671,-0.8753335223885473,-0.8634659162596562,-0.8634659162596562,0.015020482476103698,0.028597785977859825,0.03785293205088423,0.042421409372443555,0.040985902343385484,0.03825560642507965
2012-04-25,22.4,22.65,22.15,22.15,22.15,2886,-0.8474026672756526,-0.8328443592059166,-0.8587139085892804,-0.8882313948901124,-0.8882313948901124,0.004079782411604546,0.017922794117647085,0.028478563689831295,0.03359776014932333,0.032249044645353726,0.03047220283786916
2012-04-26,22.4,22.5,22.25,22.4,22.4,2886,-0.8474026672756526,-0.8575618334088919,-0.8420942947900129,-0.846955597172686,-0.846955597172686,0.011743450767840922,0.023999999999999935,0.036077705827936984,0.042587851989760256,0.042054335690360996,0.041456799690042574
2012-04-27,22.6,22.6,22.25,22.55,22.55,2886,-0.8142448423905438,-0.8410835172735747,-0.8420942947900129,-0.8221901185422297,-0.8221901185422297,0.009400179051029581,0.02546612096407452,0.03837298541826565,0.046039661370752626,0.04737575476079886,0.04778130566096195
2012-04-30,22.3,23.1,22.3,23.1,23.1,2886,-0.8639815797182063,-0.7586919365969899,-0.8337844878903792,-0.7313833635638913,-0.7313833635638913,0.02666666666666673,0.042654028436019134,0.05640243902439029,0.0659898477157362,0.07063403781979964,0.07084910762574377
2012-05-02,23.0,23.1,22.75,22.9,22.9,2886,-0.7479291926203275,-0.7586919365969899,-0.7589962257936765,-0.764404001737833,-0.764404001737833,0.012378426171529672,0.027136129176945526,0.041224613519248075,0.05190629306384912,0.058323320085035435,0.05912279349418018
2012-05-03,22.6,22.8,22.5,22.5,22.5,2886,-0.8142448423905438,-0.8081268850029408,-0.8005452602918447,-0.8304452780857151,-0.8304452780857151,-0.008373732921991967,0.00558659217877095,0.019483461712732204,0.030927835051546424,0.037727146942163906,0.038621326357901185
2012-05-04,22.5,22.7,22.3,22.45,22.45,2886,-0.8308237548330982,-0.8246052011382581,-0.8337844878903792,-0.8387004376292005,-0.8387004376292005,-0.011013215859030838,0.0013380909901873836,0.013544018058690778,0.025582457743261705,0.03322901325478651,0.034721155323398395
2012-05-07,22.05,22.4,21.8,22.35,22.35,2886,-0.9054288608245917,-0.874040149544209,-0.9168825568867155,-0.8552107567161708,-0.8552107567161708,-0.013680494263018633,-0.006666666666666604,0.00615246098439392,0.018107277075504132,0.02626503811185613,0.029084490829560158
2012-05-08,22.45,22.5,22.1,22.35,22.35,2886,-0.8391132110543754,-0.8575618334088919,-0.8670237154889135,-0.8552107567161708,-0.8552107567161708,-0.007107952021323705,-0.00688735836480787,0.003442083208620233,0.014640789921688869,0.02344537045516991,0.028453102231766187
2012-05-09,22.0,22.25,21.85,21.85,21.85,2886,-0.9137183170458689,-0.8987576237471843,-0.9085727499870817,-0.9377623521510238,-0.9377623521510238,-0.020179372197309385,-0.02715939447907388,-0.020032889819106097,-0.009968282736746664,-0.0011885170963611379,0.004674687715533917
2012-05-10,21.85,22.3,21.85,22.25,22.25,2886,-0.9385866857096998,-0.8905184656795256,-0.9085727499870817,-0.8717210758031416,-0.8717210758031416,0.0,-0.009790832220738713,-0.0037313432835820366,0.006104453990504092,0.015518028297581006,0.021735802847084172
2012-05-11,22.15,22.25,21.2,21.4,21.4,2886,-0.8888499483820379,-0.8987576237471843,-1.0166002396823195,-1.012058788042392,-1.012058788042392,-0.029038112522686052,-0.043361645060348786,-0.04007177033492828,-0.032659057520623806,-0.02372262773722642,-0.01744719926538136
2012-05-14,21.4,21.65,21.3,21.65,21.65,2886,-1.013191791701194,-0.9976275205590863,-0.9999806258830519,-0.9707829903249654,-0.9707829903249654,-0.011415525114155252,-0.02827648114901268,-0.029147982062780364,-0.021911000677659793,-0.013307811503053418,-0.006804801590335819
2012-05-15,21.55,21.7,21.3,21.7,21.7,2886,-0.9883234230373624,-0.9893883624914277,-0.9999806258830519,-0.96252783078148,-0.96252783078148,-0.003215434083601299,-0.019873532068654078,-0.025157232704402618,-0.020205440794672156,-0.012559155442300683,-0.005803298717165478
2012-05-16,21.7,21.8,21.0,21.0,21.0,2886,-0.9634550543735314,-0.9729100463561104,-1.0498394672808538,-1.078100064390274,-1.078100064390274,-0.027777777777777842,-0.04328018223234621,-0.05291641611545409,-0.050740196632387935,-0.044412085911903855,-0.03802107191937693
2012-05-17,21.3,21.75,21.1,21.55,21.55,2886,-1.0297707041437478,-0.9811492044237691,-1.0332198534815864,-0.9872933094119356,-0.9872933094119356,0.004193849021435221,-0.013955616563715384,-0.026355421686746934,-0.02554827040470259,-0.01974163027656482,-0.013052438745133964
2012-05-18,21.15,21.3,20.75,20.8,20.8,2886,-1.0546390728075794,-1.0553016270326954,-1.0913885017790221,-1.1111207025642151,-1.1111207025642151,-0.025304592314901554,-0.04103273397879209,-0.05569007263922502,-0.05690319655406933,-0.05308203587362304,-0.04689170612494272
2012-05-21,20.95,21.15,20.85,21.05,21.05,2886,-1.0877968976926875,-1.080019101235671,-1.0747688879797546,-1.0698449048467886,-1.0698449048467886,-0.008011310084825715,-0.02365491651205928,-0.03998175737306165,-0.04448479346345894,-0.04108965014577248,-0.03536240739326365
2012-05-22,21.3,21.3,21.05,21.2,21.2,2886,-1.0297707041437478,-1.0553016270326954,-1.04152966038122,-1.045079426216333,-1.045079426216333,0.003787878787878707,-0.011424574492888832,-0.027522935779816578,-0.03526734926052342,-0.033816425120773146,-0.029007633587786238
2012-05-23,20.9,20.95,20.4,20.5,20.5,2886,-1.0960863539139647,-1.1129757335063049,-1.1495571500764576,-1.1606516598251269,-1.1606516598251269,-0.02473834443387265,-0.03801032379164706,-0.05268022181146013,-0.06328535526616395,-0.0640124189571729,-0.06035141329258975
2012-05-24,20.5,20.7,19.65,19.95,19.95,2886,-1.162402003684181,-1.1541715238445973,-1.2742042535709623,-1.2514584148034653,-1.2514584148034653,-0.036231884057971016,-0.053605313092979244,-0.07079646017699098,-0.08381171067738229,-0.08620373763283246,-0.08360128617363345
2012-05-25,20.0,20.0,19.7,19.85,19.85,2886,-1.2452965658969517,-1.269519736791816,-1.2658944466713287,-1.2679687338904355,-1.2679687338904355,-0.03217942467089208,-0.05137395459976102,-0.06792925340428856,-0.08303499249335948,-0.08718844845028959,-0.08623599815866202
2012-05-28,20.0,20.5,19.85,20.3,20.3,2886,-1.2452965658969517,-1.1871281561152311,-1.2409650259724274,-1.193672297999068,-1.193672297999068,-0.0029469548133594656,-0.023569023569023496,-0.0406427221172024,-0.057348502437891774,-0.06434365781710902,-0.06394097755917615
2012-05-29,20.5,21.0,20.45,20.9,20.9,2886,-1.162402003684181,-1.1047365754386462,-1.141247343176824,-1.094610383477245,-1.094610383477245,0.029556650246305313,0.009174311926605394,-0.007754391517645229,-0.024504084014002434,-0.034195933456562015,-0.03545881086070307
2012-05-30,20.9,21.05,20.6,20.9,20.9,2886,-1.0960863539139647,-1.0964974173709878,-1.1163179224779227,-1.094610383477245,-1.094610383477245,0.02551521099116779,0.009661835748792237,-0.00476190476190483,-0.019929660023446694,-0.03169014084507047,-0.03456771114019546
2012-05-31,20.35,20.75,20.1,20.75,20.75,2886,-1.187270372348012,-1.1459323657769387,-1.199415991474259,-1.1193758621077006,-1.1193758621077006,0.010223953261927987,0.006304558680892462,-0.007177033492822899,-0.022954679223072427,-0.03613898179115581,-0.040092521202775656
2012-06-01,20.3,20.45,20.1,20.2,20.2,2886,-1.1955598285692892,-1.1953673141828898,-1.199415991474259,-1.2101826170860388,-1.2101826170860388,-0.01989325570111597,-0.017509727626459286,-0.029779058597502447,-0.04378698224852074,-0.05783582089552248,-0.06293490026287316
2012-06-04,19.65,19.9,19.2,19.4,19.4,2886,-1.3033227594458914,-1.285998052927133,-1.348992515667665,-1.3422651697818038,-1.3422651697818038,-0.05041605482134122,-0.0487864672713901,-0.06144170295113706,-0.07519961863901803,-0.08980013136905328,-0.09704444961601122
2012-06-05,19.8,20.05,19.75,20.05,20.05,2886,-1.2784543907820598,-1.2612805787241574,-1.2575846397716948,-1.2349480957164944,-1.2349480957164944,-0.010365251727541823,-0.011341222879684438,-0.024805447470817026,-0.03894547633313361,-0.05388825972064912,-0.06352171882297988
2012-06-06,20.25,20.4,20.0,20.15,20.15,2886,-1.2038492847905664,-1.2036064722505484,-1.2160356052735266,-1.2184377766295242,-1.2184377766295242,0.001989060169070072,-0.004692516670783029,-0.017232970248739966,-0.03020093851522069,-0.044208329380514125,-0.05569007263922531
2012-06-07,20.7,20.7,20.4,20.5,20.5,2886,-1.1292441787990728,-1.1541715238445973,-1.1495571500764576,-1.1606516598251269,-1.1606516598251269,0.021934197407776735,0.009852216748768438,0.0032626427406198906,-0.009183180280328553,-0.023902485477573513,-0.03680501174628042
2012-06-08,20.8,21.1,20.7,20.8,20.8,2886,-1.1126652663565184,-1.0882582593033292,-1.0996983086786558,-1.1111207025642151,-1.1111207025642151,0.03072348860257686,0.019857808286344748,0.017944535073409484,0.006776379477250754,-0.006495987772258275,-0.020254357041921797
2012-06-11,21.15,21.3,21.1,21.3,21.3,2886,-1.0546390728075794,-1.0553016270326954,-1.0332198534815864,-1.0285691071293621,-1.0285691071293621,0.035992217898832786,0.039277872651866476,0.04156479217603919,0.031851762141213456,0.019431415717430782,0.00527019586250302
2012-06-12,21.0,21.35,21.0,21.2,21.2,2886,-1.0795074414714103,-1.0470624689650367,-1.0498394672808538,-1.045079426216333,-1.045079426216333,0.01972101972101973,0.03288672350791721,0.03667481662591687,0.028252697950769956,0.01688411358403668,0.003550295857988132
2012-06-13,21.35,21.75,21.05,21.65,21.65,2886,-1.0214812479224706,-0.9811492044237691,-1.04152966038122,-0.9707829903249654,-0.9707829903249654,0.026552868658131754,0.050970873786407626,0.05472556024683347,0.04842615012106538,0.03886756238003833,0.026877470355731216
2012-06-14,21.65,21.8,21.4,21.4,21.4,2886,-0.9717445105948086,-0.9729100463561104,-0.983361012083785,-1.012058788042392,-1.012058788042392,0.006111894687353033,0.03556738446648921,0.03765960885728125,0.0366961366113599,0.02854945688743638,0.01678808995882159
2012-06-15,21.6,21.7,21.3,21.3,21.3,2886,-0.9800339668160852,-0.9893883624914277,-0.9999806258830519,-1.0285691071293621,-1.0285691071293621,-0.0032756200280765905,0.025270758122743788,0.027992277992277905,0.03060360469335915,0.023940005768676144,0.013883379611265428
2012-06-18,22.0,22.0,21.7,21.75,21.75,2886,-0.9137183170458689,-0.9399534140854767,-0.9335021706859831,-0.9542726712379945,-0.9542726712379945,0.013513513513513473,0.03522132317943846,0.044835868694955976,0.05059775389445716,0.04537152744400667,0.03629000238227587
2012-06-19,21.65,21.7,21.4,21.6,21.6,2886,-0.9717445105948086,-0.9893883624914277,-0.983361012083785,-0.9790381498684502,-0.9790381498684502,0.0027855153203343677,0.02055279943302633,0.0353091548170635,0.04234527687296423,0.0383616959907702,0.03037048815391972
2012-06-20,21.6,21.65,21.4,21.6,21.6,2886,-0.9800339668160852,-0.9976275205590863,-0.983361012083785,-0.9790381498684502,-0.9790381498684502,0.003251277287505819,0.013608634443923169,0.032998565279770506,0.03958609072313809,0.037165082108902375,0.030780243378668727
2012-06-21,21.1,21.3,20.95,21.05,21.05,2886,-1.062928529028856,-1.0553016270326954,-1.0581492741804877,-1.0698449048467886,-1.0698449048467886,-0.01910531220876049,-0.014743739761291726,0.005733397037744912,0.01044041761670455,0.011727386330866257,0.006454697585464881
2012-06-22,20.75,21.3,20.6,21.3,21.3,2886,-1.1209547225777956,-1.0553016270326954,-1.1163179224779227,-1.0285691071293621,-1.0285691071293621,-0.007455731593662635,-0.005370067709549308,0.014124742104427877,0.018895001195886132,0.022760011524056475,0.018570176137722265
2012-06-25,21.2,21.5,21.05,21.05,21.05,2886,-1.0463496165863022,-1.0223449947620615,-1.04152966038122,-1.0698449048467886,-1.0698449048467886,-0.012664165103189474,-0.01589527816736792,-0.0029996842437637786,0.005133102542676457,0.010755786036684922,0.007578779417630714
2012-06-26,21.0,21.0,20.85,21.0,21.0,2886,-1.0795074414714103,-1.1047365754386462,-1.0747688879797546,-1.078100064390274,-1.078100064390274,-0.00943396226415091,-0.017313991576977116,-0.008342515347080082,0.0025062656641604963,0.008742434431741695,0.006309400207651025
2012-06-27,21.15,21.75,20.95,21.7,21.7,2886,-1.0546390728075794,-0.9811492044237691,-1.0581492741804877,-0.96252783078148,-0.96252783078148,0.022620169651272407,0.015204678362573066,0.0197368421052629,0.033948779035139896,0.0399693280935493,0.03869166334264062
2012-06-28,21.8,21.8,21.45,21.5,21.5,2886,-0.946876141930977,-0.9729100463561104,-0.9750512051841512,-0.995548468955421,-0.995548468955421,0.008916001877053088,0.0053776011222820665,0.007183010618363313,0.022592152199762256,0.027331804281345524,0.029200574437530064
2012-06-29,21.6,21.85,21.45,21.85,21.85,2886,-0.9800339668160852,-0.9646708882884519,-0.9750512051841512,-0.9377623521510238,-0.9377623521510238,0.020074696545284765,0.019123134328358216,0.020233463035019467,0.03517706976193312,0.04007996953541502,0.044205495818399075
2012-07-02,22.05,22.4,22.0,22.2,22.2,2886,-0.9054288608245917,-0.874040149544209,-0.8836433292881811,-0.879976235346627,-0.879976235346627,0.02540415704387994,0.03327903188270869,0.03367996275027158,0.044828803388633987,0.0529311326124075,0.05899189060263942
2012-07-03,22.4,22.7,22.25,22.55,22.55,2886,-0.8474026672756526,-0.8246052011382581,-0.8420942947900129,-0.8221901185422297,-0.8221901185422297,0.026867030965391614,0.04494902687673784,0.04559505409582694,0.05509416306000711,0.06619385342789609,0.07338357794525988
2012-07-04,22.7,22.9,22.6,22.85,22.85,2886,-0.79766592994799,-0.7916485688676242,-0.7839256464925771,-0.7726591612813178,-0.7726591612813178,0.029743127534925647,0.05275282193043075,0.05558977517708653,0.06242008601650592,0.0764085170529491,0.08362314258615249
2012-07-05,22.8,23.0,22.8,22.95,22.95,2886,-0.7810870175054356,-0.775170252732307,-0.7506864188940428,-0.7561488421943475,-0.7561488421943475,0.02090747330960849,0.04818451701301666,0.05517241379310341,0.06102635228848805,0.07665603302683432,0.08322844556324743
2012-07-06,23.0,23.0,22.7,22.85,22.85,2886,-0.7479291926203275,-0.775170252732307,-0.7673060326933102,-0.7726591612813178,-0.7726591612813178,0.007495590828924237,0.036281179138322024,0.04560707748627209,0.05142068330840905,0.06666044253571081,0.07344190416536168
2012-07-09,22.7,22.75,22.45,22.6,22.6,2886,-0.79766592994799,-0.8163660430705995,-0.8088550671914785,-0.8139349589987442,-0.8139349589987442,-0.0070298769771529055,0.017788786309389758,0.031492469192149763,0.03681614864089928,0.04872389791183298,0.05788734591980035
2012-07-10,22.55,22.7,22.3,22.4,22.4,2886,-0.822534298611821,-0.8246052011382581,-0.8337844878903792,-0.846955597172686,-0.846955597172686,-0.014518257809062993,0.002461400760796586,0.019881620883290204,0.02481985588470762,0.03492884864165573,0.046077210460772004
2012-07-11,22.5,23.15,22.35,23.1,23.1,2886,-0.8308237548330982,-0.7504527785293318,-0.8254746809907454,-0.7313833635638913,-0.7313833635638913,0.014047410008779643,0.0273515677118078,0.046985949539205416,0.053351573187414576,0.06148331954783555,0.0750853242320819
2012-07-12,23.05,23.3,22.95,23.15,23.15,2886,-0.7396397363990503,-0.725735304326356,-0.7257569981951421,-0.7231282040204065,-0.7231282040204065,0.014460999123575735,0.02207505518763797,0.04263624080468393,0.05143635744294296,0.0586244741174317,0.07341576506955172
2012-07-13,23.05,23.3,22.95,23.25,23.25,2886,-0.7396397363990503,-0.725735304326356,-0.7257569981951421,-0.7066178849334357,-0.7066178849334357,0.015283842794759889,0.02018429135585787,0.04104477611940304,0.051322631697942475,0.05845397432395532,0.07299438504730407
2012-07-16,23.25,23.25,22.85,22.85,22.85,2886,-0.7064819115139421,-0.7339744623940146,-0.742376611994409,-0.7726591612813178,-0.7726591612813178,-0.004357298474945441,-0.00021877050973524416,0.017666270783848054,0.03067207938655856,0.03731614309061191,0.04896710022953327
2012-07-17,22.8,23.4,22.8,23.4,23.4,2886,-0.7810870175054356,-0.7092569881910394,-0.7506864188940428,-0.68185240630298,-0.68185240630298,0.010799136069114472,0.0200523103748909,0.03478773584905638,0.0512129380053907,0.05805751492132388,0.06873715460150714
2012-07-18,23.35,23.35,22.85,22.9,22.9,2886,-0.6899029990713877,-0.7174961462586974,-0.742376611994409,-0.764404001737833,-0.764404001737833,-0.009086975335352698,-0.0019612115929397126,0.009106933019976513,0.02575587905935047,0.03311377785798061,0.041540327471194696
2012-07-19,23.0,23.2,22.9,22.9,22.9,2886,-0.7479291926203275,-0.7422136204616733,-0.7340668050947758,-0.764404001737833,-0.764404001737833,-0.006938421509106838,-0.0017436791630341193,0.004973668812170858,0.02152336344373823,0.030324844776387992,0.037764350453172155
2012-07-20,22.85,23.15,22.85,23.15,23.15,2886,-0.7727975612841584,-0.7504527785293318,-0.742376611994409,-0.7231282040204065,-0.7231282040204065,0.004774305555555531,0.007836308228123628,0.012095598950743094,0.02843180808529545,0.03811659192825102,0.04538270489952581
2012-07-23,22.9,23.1,22.75,23.1,23.1,2886,-0.7645081050628819,-0.7586919365969899,-0.7589962257936765,-0.7313833635638913,-0.7313833635638913,0.0004330879168473416,0.0034752389226760144,0.007267441860465168,0.021558872305140992,0.033372103426679886,0.04030623733393378
2012-07-24,23.0,23.15,22.8,23.15,23.15,2886,-0.7479291926203275,-0.7504527785293318,-0.7506864188940428,-0.7231282040204065,-0.7231282040204065,0.004774305555555531,0.0023814678501840104,0.007690075449796675,0.018926056338027998,0.03274446823697351,0.03951504265828464
2012-07-25,22.9,23.3,22.8,23.3,23.3,2886,-0.7645081050628819,-0.725735304326356,-0.7506864188940428,-0.6983627253899503,-0.6983627253899503,0.0077854671280278235,0.008003460956089219,0.012896681640341988,0.021929824561403508,0.03629247464863898,0.043673012318029183
2012-07-26,23.3,23.5,23.05,23.05,23.05,2886,-0.6981924552926649,-0.6927786720557222,-0.7091373843958746,-0.7396385231073768,-0.7396385231073768,-0.004319654427645697,-0.0023804371348192907,0.0017383746197306693,0.007540159545405005,0.02153873426697397,0.02993744414655934
2012-07-27,23.1,23.4,23.1,23.4,23.4,2886,-0.7313502801777731,-0.7092569881910394,-0.7008275774962408,-0.68185240630298,-0.68185240630298,0.008620689655172384,0.012110726643598666,0.015331212033555036,0.019385754737529806,0.03320381490639361,0.042316258351893066
2012-07-30,23.45,24.2,23.4,23.7,23.7,2886,-0.673324086628834,-0.5774304591085035,-0.6509687360984394,-0.6323214490420681,-0.6323214490420681,0.01629502572898795,0.02133160956690373,0.025086505190311345,0.029092488059053328,0.041575107673376015,0.05263157894736853
2012-07-31,23.8,24.35,23.65,24.35,24.35,2886,-0.6152978930798942,-0.5527129849055278,-0.6094197016002713,-0.5250043749767589,-0.5250043749767589,0.03353140916808161,0.04506437768240346,0.04731182795698931,0.05320069204152251,0.06387626703949667,0.07711589501621952
2012-08-01,24.35,24.5,24.15,24.25,24.25,2886,-0.5241138746458464,-0.5279955107025526,-0.5263216326039348,-0.5415146940637298,-0.5415146940637298,0.021052631578947368,0.03477704288457441,0.0395827379251214,0.045709357481673075,0.05480643758155727,0.06851729455827274
2012-08-03,24.1,24.15,24.0,24.0,24.0,2886,-0.5655611557522318,-0.5856696171761622,-0.5512510533028355,-0.5827904917811562,-0.5827904917811562,0.0025062656641604963,0.019324697387980542,0.026372059871703515,0.03259115843820588,0.03941100043308792,0.052939455981281094
2012-08-06,24.2,24.5,24.2,24.25,24.25,2886,-0.5489822433096779,-0.5279955107025526,-0.518011825704301,-0.5415146940637298,-0.5415146940637298,0.005806719203649962,0.025153244557176022,0.03411513859275057,0.040214477211796246,0.04588976106271026,0.0593374590462323
2012-08-07,24.35,24.4,23.9,24.05,24.05,2886,-0.5241138746458464,-0.5444738268378698,-0.567870667102103,-0.5745353322376708,-0.5745353322376708,-0.005376344086021464,0.01263157894736845,0.02209944751381229,0.028437032285653314,0.033963886500429884,0.046031170714026834
2012-08-08,23.15,23.35,23.1,23.3,23.3,2886,-0.7230608239564965,-0.7174961462586974,-0.7008275774962408,-0.6983627253899503,-0.6983627253899503,-0.027951606174384715,-0.019566589522406894,-0.009494119314155981,-0.005548442168160436,0.0004293688278231672,0.01004262697781963
2012-08-09,23.3,23.7,23.2,23.7,23.7,2886,-0.6981924552926649,-0.6598220397850884,-0.6842079636969739,-0.6323214490420681,-0.6323214490420681,-0.006705783738474588,-0.004410838059231272,0.005231160752156151,0.010230179028132926,0.016120734007888767,0.02442187162308181
2012-08-10,23.7,23.7,23.2,23.35,23.35,2886,-0.6318768055224486,-0.6598220397850884,-0.6842079636969739,-0.6901075658464648,-0.6901075658464648,-0.016013485040033672,-0.02034822739668552,-0.01087263484891278,-0.005112910097997335,0.00042844901456733347,0.006610145135795334
2012-08-13,23.4,23.4,23.0,23.15,23.15,2886,-0.6816135428501112,-0.7092569881910394,-0.7174471912955083,-0.7231282040204065,-0.7231282040204065,-0.015312632922160908,-0.027719445611087787,-0.019344817848065535,-0.013424248881312498,-0.008650222678999581,-0.003872633390705826
2012-08-14,23.05,23.3,22.55,22.7,22.7,2886,-0.7396397363990503,-0.725735304326356,-0.7922354533922109,-0.797424639911774,-0.797424639911774,-0.023235800344234045,-0.04259805989034169,-0.03731976251060231,-0.03229244378130678,-0.02808700119883537,-0.023935789021069152
2012-08-15,22.85,22.95,22.65,22.75,22.75,2886,-0.7727975612841584,-0.7834094107999656,-0.775615839592944,-0.7891694803682886,-0.7891694803682886,-0.016428880242109773,-0.033970276008492596,-0.03410699122558737,-0.028815368196371427,-0.026529738981600385,-0.0220661985957873
2012-08-16,22.9,23.05,22.65,22.85,22.85,2886,-0.7645081050628819,-0.7669310946646485,-0.775615839592944,-0.7726591612813178,-0.7726591612813178,-0.004790940766550498,-0.023921401110636425,-0.028624061215813883,-0.024442309744903322,-0.02183219178082183,-0.017767588479724764
2012-08-17,22.9,22.95,22.65,22.9,22.9,2886,-0.7645081050628819,-0.7834094107999656,-0.775615839592944,-0.764404001737833,-0.764404001737833,0.0013117621337997876,-0.017167381974249017,-0.026084491068897226,-0.02230761020386399,-0.019271948608137166,-0.015547753815289882
2012-08-20,22.8,22.9,22.65,22.65,22.65,2886,-0.7810870175054356,-0.7916485688676242,-0.775615839592944,-0.8056797994552595,-0.8056797994552595,-0.005270092226614009,-0.021175453759723507,-0.03466401477482594,-0.03194785767710235,-0.028980536740118405,-0.02601591055686951
2012-08-21,22.85,23.3,22.85,23.3,23.3,2886,-0.7727975612841584,-0.725735304326356,-0.742376611994409,-0.6983627253899503,-0.6983627253899503,0.01791175185670599,0.010188597442011836,-0.005831318446878113,-0.004592545124426004,-0.001884852638793563,0.0009307653755280996
2012-08-22,23.4,23.6,23.3,23.4,23.4,2886,-0.6816135428501112,-0.676300355920405,-0.6675883498977063,-0.68185240630298,-0.68185240630298,0.016507384882710644,0.01408450704225349,0.0011409013120365352,-0.0008539709649871723,0.0023989033584645896,0.003789232859083341
2012-08-23,23.4,23.55,23.2,23.3,23.3,2886,-0.6816135428501112,-0.6845395139880636,-0.6842079636969739,-0.6983627253899503,-0.6983627253899503,0.008221549112938178,0.011504232689385743,-0.0004290004290003437,-0.0051238257899230335,-0.0025684931506848767,-0.0007862197126723268
2012-08-24,23.3,23.3,23.0,23.05,23.05,2886,-0.6981924552926649,-0.725735304326356,-0.7174471912955083,-0.7396385231073768,-0.7396385231073768,-0.0038893690579083775,0.0019560965007606236,-0.008459994264410615,-0.015798462852263065,-0.013523923649747452,-0.011366073343341221
2012-08-27,23.1,23.2,22.8,22.8,22.8,2886,-0.7313502801777731,-0.7422136204616733,-0.7506864188940428,-0.7809143208248032,-0.7809143208248032,-0.015968925334484137,-0.007400957771005579,-0.015118790496760168,-0.025224454895254374,-0.02363823227132593,-0.02145922746781116
2012-08-28,22.65,22.7,22.45,22.45,22.45,2886,-0.8059553861692672,-0.8246052011382581,-0.8088550671914785,-0.8387004376292005,-0.8387004376292005,-0.0239130434782609,-0.021573327522336063,-0.025748589613771324,-0.03761654699389139,-0.03755466003601137,-0.0359290008588607
2012-08-29,22.6,22.8,22.55,22.65,22.65,2886,-0.8142448423905438,-0.8081268850029408,-0.7922354533922109,-0.8056797994552595,-0.8056797994552595,-0.008752735229759424,-0.012426422498364951,-0.015217391304347887,-0.025492094223943256,-0.028147258216768462,-0.0262950490793151
2012-08-30,22.55,22.7,22.2,22.3,22.3,2886,-0.822534298611821,-0.8246052011382581,-0.8504041016896466,-0.8634659162596562,-0.8634659162596562,-0.015452538631346486,-0.025349650349650428,-0.026484284051222457,-0.03650896521926977,-0.041519814321327154,-0.04051631409107206
2012-08-31,22.4,22.55,22.25,22.55,22.55,2886,-0.8474026672756526,-0.8493226753412333,-0.8420942947900129,-0.8221901185422297,-0.8221901185422297,0.0,-0.012913110089735091,-0.01327304550758465,-0.022646007151370565,-0.029940634947947947,-0.029272492466637955
2012-09-03,22.8,22.95,22.6,22.6,22.6,2886,-0.7810870175054356,-0.7834094107999656,-0.7839256464925771,-0.8139349589987442,-0.8139349589987442,0.003998223011994663,-0.010507880910682945,-0.00949598246895537,-0.01696389734667234,-0.026449556302231444,-0.026351690960005655
2012-09-04,22.65,22.65,22.15,22.25,22.25,2886,-0.8059553861692672,-0.8328443592059166,-0.8587139085892804,-0.8717210758031416,-0.8717210758031416,-0.009790832220738713,-0.021332746866065667,-0.02355178466939725,-0.028384279475982474,-0.03912592848505782,-0.04025880661394681
2012-09-05,22.2,22.25,21.85,21.9,21.9,2886,-0.8805604921607607,-0.8987576237471843,-0.9085727499870817,-0.9295071926075389,-0.9295071926075389,-0.018817204301075346,-0.030329864954615995,-0.03651561812582498,-0.04073587385019725,-0.05022118136872226,-0.053655023406553856
2012-09-06,22.0,22.1,21.85,21.9,21.9,2886,-0.9137183170458689,-0.9234750979501595,-0.9085727499870817,-0.9295071926075389,-0.9295071926075389,-0.015287769784172657,-0.024281577188683526,-0.03382352941176482,-0.03693931398416901,-0.04633339139522746,-0.051742801472180286
2012-09-07,22.4,22.45,22.15,22.25,22.25,2886,-0.8474026672756526,-0.8658009914765504,-0.8587139085892804,-0.8717210758031416,-0.8717210758031416,0.0031559963931469923,-0.0051419628884416925,-0.01650213643730653,-0.0191756667401366,-0.028129640953961817,-0.03547431543963579
2012-09-10,22.3,22.55,22.3,22.5,22.5,2886,-0.8639815797182063,-0.8493226753412333,-0.8337844878903792,-0.8304452780857151,-0.8304452780857151,0.015342960288808495,0.007387508394895865,-0.005011792452830187,-0.006732148769451489,-0.01419558359621458,-0.023366852347536743
2012-09-11,22.55,22.55,22.2,22.2,22.2,2886,-0.822534298611821,-0.8493226753412333,-0.8504041016896466,-0.879976235346627,-0.879976235346627,0.0022573363431151565,-0.004930524428507371,-0.015084294587400172,-0.018892940006629035,-0.024175824175824208,-0.03429275719567915
2012-09-12,22.35,22.6,22.3,22.45,22.45,2886,-0.8556921234969291,-0.8410835172735747,-0.8337844878903792,-0.8387004376292005,-0.8387004376292005,0.008535489667565198,0.007178106774338275,-0.0011864155420436282,-0.007186290768380383,-0.011709808064800065,-0.020719738276990248
2012-09-13,22.6,22.65,22.5,22.55,22.55,2886,-0.8142448423905438,-0.8328443592059166,-0.8005452602918447,-0.8221901185422297,-0.8221901185422297,0.007146047342563651,0.01053103293748597,0.005499405469679021,-0.00210200243389753,-0.0052933392148213935,-0.013920268202026168
2012-09-14,22.9,23.35,22.8,23.35,23.35,2886,-0.7645081050628819,-0.7174961462586974,-0.7506864188940428,-0.6901075658464648,-0.6901075658464648,0.03272888102609474,0.04264344719803519,0.04024354024354036,0.03227232537577383,0.029995588883987633,0.022030930843303202
2012-09-17,23.4,23.8,23.35,23.45,23.45,2886,-0.6816135428501112,-0.6433437236497712,-0.6592785429980725,-0.6735972467594946,-0.6735972467594946,0.028508771929824497,0.04314946619217093,0.042685638061360644,0.034863195057369775,0.03385944802045662,0.02760736196319014
2012-09-18,22.9,23.2,22.6,22.95,22.95,2886,-0.7645081050628819,-0.7422136204616733,-0.7839256464925771,-0.7561488421943475,-0.7561488421943475,0.0,0.017738359201773773,0.018943318040550664,0.013580655846306768,0.011369645690111172,0.007315288953913575
2012-09-19,22.85,23.1,22.75,22.8,22.8,2886,-0.7727975612841584,-0.7586919365969899,-0.7589962257936765,-0.7809143208248032,-0.7809143208248032,-0.009556907037358769,0.007067137809187285,0.011834319526627175,0.008291873963515755,0.004670838106988547,0.0014641288433382867
2012-09-20,22.75,23.0,22.35,22.5,22.5,2886,-0.7893764737267128,-0.775170252732307,-0.8254746809907454,-0.8304452780857151,-0.8304452780857151,-0.022164276401564605,-0.00881057268722464,-0.0020697811945594407,-0.003211872854136583,-0.007936507936507924,-0.009973599295981222
2012-09-21,22.55,22.7,22.45,22.6,22.6,2886,-0.822534298611821,-0.8246052011382581,-0.8088550671914785,-0.8139349589987442,-0.8139349589987442,-0.011373578302712075,-0.005937981086430681,0.0022172949002217607,0.0022172949002217607,-0.0029998235397915257,-0.004478378973643634
2012-09-24,22.6,22.6,22.35,22.5,22.5,2886,-0.8142448423905438,-0.8410835172735747,-0.8254746809907454,-0.8304452780857151,-0.8304452780857151,-0.007498897220996831,-0.010336485594897865,-0.0019222238651487452,-0.0015531395606833878,-0.007148530579825216,-0.007936507936507924
2012-09-25,22.5,22.7,22.5,22.6,22.6,2886,-0.8308237548330982,-0.8246052011382581,-0.8005452602918447,-0.8139349589987442,-0.8139349589987442,0.0,-0.007683863885839613,0.001477104874446159,0.002550737495841391,-0.0015021648846867068,-0.003380861384683286
2012-09-26,22.55,22.7,22.3,22.65,22.65,2886,-0.822534298611821,-0.8246052011382581,-0.8337844878903792,-0.8056797994552595,-0.8056797994552595,0.0035445281346919936,-0.006361044088615906,0.0014738393515106015,0.004768770100920402,0.0020350380463636055,-0.0010291090855632304
2012-09-27,22.7,22.8,22.55,22.8,22.8,2886,-0.79766592994799,-0.8081268850029408,-0.7922354533922109,-0.7809143208248032,-0.7809143208248032,0.007512152010605466,-0.0008764241893076062,0.005438777010142493,0.010302426055167747,0.009564293304994734,0.005660516062633266
2012-09-28,22.8,22.8,22.45,22.6,22.6,2886,-0.7810870175054356,-0.8081268850029408,-0.8088550671914785,-0.8139349589987442,-0.8139349589987442,-0.001325673884224531,-0.006375027478566544,-0.004405286343612241,0.0013291980505095763,0.0015066914827616287,-0.002721188497462709
2012-10-01,22.4,22.55,22.35,22.35,22.35,2886,-0.8474026672756526,-0.8493226753412333,-0.8254746809907454,-0.8552107567161708,-0.8552107567161708,-0.011061946902654867,-0.012591119946984763,-0.014984574702512113,-0.00919871439654215,-0.008781266631186663,-0.013317636671326577
2012-10-02,22.55,22.7,22.5,22.7,22.7,2886,-0.822534298611821,-0.8246052011382581,-0.8005452602918447,-0.797424639911774,-0.797424639911774,0.00353669319186553,0.003980539584254749,-0.0010268446530733598,0.005314437555358611,0.006294884298253209,0.0030193681419838684
2012-10-03,22.5,22.55,22.2,22.3,22.3,2886,-0.8308237548330982,-0.8493226753412333,-0.8504041016896466,-0.8634659162596562,-0.8634659162596562,-0.011086474501108647,-0.01152482269503553,-0.018197828001173928,-0.013274336283185872,-0.010823278921220559,-0.013055985837574759
2012-10-04,22.35,22.45,22.2,22.35,22.35,2886,-0.8556921234969291,-0.8658009914765504,-0.8504041016896466,-0.8552107567161708,-0.8552107567161708,-0.004897595725734614,-0.008649367930805068,-0.015418502202643078,-0.012045529892805716,-0.008693338064401578,-0.009454867779583454
2012-10-05,22.35,22.75,22.3,22.7,22.7,2886,-0.8556921234969291,-0.8163660430705995,-0.8337844878903792,-0.797424639911774,-0.797424639911774,0.009786476868327352,0.006428729771669234,0.0019126085037514833,0.002428792227864701,0.006562610854912917,0.006577488729583923
2012-10-08,22.7,22.7,22.25,22.3,22.3,2886,-0.79766592994799,-0.8246052011382581,-0.8420942947900129,-0.8634659162596562,-0.8634659162596562,-0.007565643079661846,-0.010428222764588548,-0.012400354295836918,-0.014800088358736353,-0.010647737355811822,-0.010428222764588548
2012-10-09,22.4,22.5,22.3,22.3,22.3,2886,-0.8474026672756526,-0.8575618334088919,-0.8337844878903792,-0.8634659162596562,-0.8634659162596562,-0.0040196516301920435,-0.009109086869584618,-0.01050140511758622,-0.015017667844522962,-0.010735515925827383,-0.010208610741233772
2012-10-11,22.1,22.25,22.0,22.0,22.0,2886,-0.8971394046033145,-0.8987576237471843,-0.8836433292881811,-0.912996873520568,-0.912996873520568,-0.01477832512315279,-0.019607843137255113,-0.02149740548554489,-0.0273018680225489,-0.02421715603654763,-0.022584228063680097
2012-10-12,22.0,22.1,21.75,21.95,21.95,2886,-0.9137183170458689,-0.9234750979501595,-0.9251923637863493,-0.9212520330640535,-0.9212520330640535,-0.013483146067415762,-0.018116752404383856,-0.022126522126522104,-0.028223574986164884,-0.026521199219442924,-0.024299896280930672
2012-10-15,21.9,21.95,21.65,21.8,21.8,2886,-0.9302972294884233,-0.9481925721531352,-0.9418119775856167,-0.9460175116945091,-0.9460175116945091,-0.012233801540552766,-0.021324354657687897,-0.02649598094671019,-0.0315415370946245,-0.032401242787394605,-0.029889490469480095
2012-10-16,21.8,22.05,21.8,22.0,22.0,2886,-0.946876141930977,-0.9317142560178181,-0.9168825568867155,-0.912996873520568,-0.912996873520568,-0.00045433893684679744,-0.010791366906474751,-0.01610017889087654,-0.019498607242339833,-0.02265659706796986,-0.02011728899116611
2012-10-17,22.1,22.1,21.7,21.9,21.9,2886,-0.8971394046033145,-0.9234750979501595,-0.9335021706859831,-0.9295071926075389,-0.9295071926075389,-0.001367989056087603,-0.011732851985559638,-0.01852405138930404,-0.021666294393567254,-0.026580140456929614,-0.024064171122994617
2012-10-18,21.9,22.15,21.8,22.15,22.15,2886,-0.9302972294884233,-0.9152359398825015,-0.9168825568867155,-0.8882313948901124,-0.8882313948901124,0.008652094717668384,0.00022578460149013345,-0.005834829443446994,-0.009059389330052592,-0.014942630970381662,-0.013289776523869725
2012-10-19,22.15,22.15,21.8,22.0,22.0,2886,-0.8888499483820379,-0.9152359398825015,-0.9168825568867155,-0.912996873520568,-0.912996873520568,0.001365498406918577,-0.0049751243781094275,-0.010197960407918412,-0.0146680103011981,-0.02065527065527075,-0.02011728899116611
2012-10-22,21.8,22.1,21.7,21.95,21.95,2886,-0.946876141930977,-0.9234750979501595,-0.9335021706859831,-0.9212520330640535,-0.9212520330640535,-0.002272727272727305,-0.0038574994327207103,-0.01051840721262213,-0.015474321596770526,-0.020439128882542037,-0.021908652060898648
2012-10-23,21.95,22.05,21.9,22.0,22.0,2886,-0.9220077732671461,-0.9317142560178181,-0.9002629430874486,-0.912996873520568,-0.912996873520568,0.0,-0.00022722108611674644,-0.007220216606498201,-0.012123933542882784,-0.015659955257270756,-0.01895206243032333
2012-10-24,21.75,22.0,21.7,21.8,21.8,2886,-0.9551655981522542,-0.9399534140854767,-0.9335021706859831,-0.9460175116945091,-0.9460175116945091,-0.008189262966332857,-0.007059895240264228,-0.013574660633484194,-0.019343229869545647,-0.022596843615495035,-0.02729233286234839
2012-10-25,21.95,22.0,21.75,21.75,21.75,2886,-0.9220077732671461,-0.9399534140854767,-0.9251923637863493,-0.9542726712379945,-0.9542726712379945,-0.006849315068493086,-0.008207934336525296,-0.014201541018280674,-0.019607843137254846,-0.022998832090557766,-0.028511873743765445
2012-10-26,21.8,21.8,21.1,21.1,21.1,2886,-0.946876141930977,-0.9729100463561104,-1.0332198534815864,-1.0615897453033032,-1.0615897453033032,-0.028545119705340582,-0.03410391393911639,-0.040036396724294925,-0.04524886877828054,-0.049806358641808435,-0.055505819158459944
2012-10-29,21.05,21.3,21.0,21.15,21.15,2886,-1.0712179852501331,-1.0553016270326954,-1.0498394672808538,-1.0533345857598184,-1.0533345857598184,-0.01901669758812617,-0.028925619834710703,-0.03321651683681243,-0.039836567926455624,-0.045060502076937174,-0.050149700598802416
2012-10-30,21.15,21.45,21.15,21.4,21.4,2886,-1.0546390728075794,-1.0305841528297202,-1.0249100465819532,-1.012058788042392,-1.012058788042392,-0.0018656716417910053,-0.014732965009208279,-0.01909854851031327,-0.02638762511373969,-0.03184943901556282,-0.035963660935505765
2012-10-31,21.4,21.4,21.0,21.25,21.25,2886,-1.013191791701194,-1.0388233108973788,-1.0498394672808538,-1.0368242666728475,-1.0368242666728475,-0.003750586029067128,-0.01870237820364817,-0.022838749233598996,-0.030012552778728694,-0.036281179138322024,-0.04027098231087689
2012-11-01,21.0,21.1,20.75,21.05,21.05,2886,-1.0795074414714103,-1.0882582593033292,-1.0913885017790221,-1.0698449048467886,-1.0698449048467886,-0.006606890042472891,-0.02297516825249466,-0.02920830130668714,-0.036392767223620885,-0.042572546165741985,-0.0467924528301886
2012-11-02,21.3,21.6,21.3,21.6,21.6,2886,-1.0297707041437478,-1.0058666786267443,-0.9999806258830519,-0.9790381498684502,-0.9790381498684502,0.014560826679192217,0.004417577307602829,-0.0027700831024931793,-0.00951507508884556,-0.015407056249430095,-0.020556227327690437
2012-11-05,21.5,21.5,21.2,21.3,21.3,2886,-0.9966128792586396,-1.0223449947620615,-1.0166002396823195,-1.0285691071293621,-1.0285691071293621,-0.0009380863039399424,-0.0065298507462686825,-0.015104808877928543,-0.020126509488211614,-0.02677510737457729,-0.03225806451612891
2012-11-06,21.5,21.5,21.15,21.3,21.3,2886,-0.9966128792586396,-1.0223449947620615,-1.0249100465819532,-1.0285691071293621,-1.0285691071293621,0.0,-0.003275620028076756,-0.012974976830398405,-0.017867435158501407,-0.024903863761215915,-0.03049613108784714
2012-11-07,21.4,21.6,21.3,21.5,21.5,2886,-1.013191791701194,-1.0058666786267443,-0.9999806258830519,-0.995548468955421,-0.995548468955421,0.007025761124121713,0.007497656982193072,-0.0024744819053509597,-0.00681371982907961,-0.013580473481372701,-0.019756838905775086
2012-11-08,21.3,21.35,21.05,21.25,21.25,2886,-1.0297707041437478,-1.0470624689650367,-1.04152966038122,-1.0368242666728475,-1.0368242666728475,-0.0065451145395044675,-0.0018788163457021676,-0.011321339950372161,-0.016658954187875958,-0.023168152983359443,-0.029089247639354252
2012-11-09,21.05,21.2,20.85,21.2,21.2,2886,-1.0712179852501331,-1.0717799431680126,-1.0747688879797546,-1.045079426216333,-1.045079426216333,-0.005161895823557155,-0.004694835680751241,-0.01119402985074636,-0.017267354270483357,-0.02340151096370014,-0.029007633587786238
2012-11-12,21.3,21.3,21.05,21.1,21.1,2886,-1.0297707041437478,-1.0553016270326954,-1.04152966038122,-1.0615897453033032,-1.0615897453033032,-0.007992477668077017,-0.009157079126555378,-0.013250194855806615,-0.02031340684852002,-0.02513398632415452,-0.03136954858454477
2012-11-13,21.2,21.2,20.8,20.8,20.8,2886,-1.0463496165863022,-1.0717799431680126,-1.0830786948793882,-1.1111207025642151,-1.1111207025642151,-0.01747756258856861,-0.020485048269366552,-0.023626975434204372,-0.03154463973926195,-0.03632320237212745,-0.04287138584247266
2012-11-14,20.8,20.9,20.65,20.85,20.85,2886,-1.1126652663565184,-1.1212148915739635,-1.1080081155782895,-1.1028655430207297,-1.1028655430207297,-0.009030418250950462,-0.01627742392073597,-0.01836158192090398,-0.026837806301050142,-0.03140388367555507,-0.037840332256575765
2012-11-15,20.8,20.8,20.5,20.5,20.5,2886,-1.1126652663565184,-1.13769320770928,-1.1329375362771903,-1.1606516598251269,-1.1606516598251269,-0.01866921972235522,-0.030274361400189242,-0.031038285804317146,-0.03947522548904773,-0.04500139755893029,-0.051365108745950926
2012-11-16,20.7,20.85,20.6,20.8,20.8,2886,-1.1292441787990728,-1.1294540496416214,-1.1163179224779227,-1.1111207025642151,-1.1111207025642151,-0.000480538202787026,-0.012345679012345585,-0.01592808705251518,-0.02267120873957468,-0.028944911297852517,-0.0351758793969849
2012-11-19,20.9,21.2,20.9,21.0,21.0,2886,-1.0960863539139647,-1.0717799431680126,-1.0664590810801213,-1.078100064390274,-1.078100064390274,0.010101010101010142,-0.0014265335235378572,-0.0059955822025874956,-0.011066635271956815,-0.018141013652515345,-0.023331524688008774
2012-11-20,21.3,21.4,21.15,21.4,21.4,2886,-1.0297707041437478,-1.0388233108973788,-1.0249100465819532,-1.012058788042392,-1.012058788042392,0.02343376374940195,0.01711026615969579,0.012937835279267743,0.009195944352746838,0.0016850777008051568,-0.003337731894745121
2012-11-21,21.4,21.55,21.0,21.2,21.2,2886,-1.013191791701194,-1.014105836694403,-1.0498394672808538,-1.045079426216333,-1.045079426216333,0.01048617731172557,0.009043312708234236,0.00362947767082205,0.0011806375442738408,-0.00637420322459689,-0.010963377653370793
2012-11-22,21.4,21.65,21.3,21.35,21.35,2886,-1.013191791701194,-0.9976275205590863,-0.9999806258830519,-1.0203139475858767,-1.0203139475858767,0.009456264775413847,0.015699333967649946,0.009774554627148052,0.009217679035688976,0.0021592189260232525,-0.0029576587795765523
2012-11-23,21.65,21.9,21.55,21.9,21.9,2886,-0.9717445105948086,-0.9564317302207939,-0.9584315913848837,-0.9295071926075389,-0.9295071926075389,0.024801123069723967,0.03840682788051203,0.03480863128051652,0.033262561924982226,0.028169014084506942,0.02280688098388712
2012-11-26,22.0,22.4,22.0,22.4,22.4,2886,-0.9137183170458689,-0.874040149544209,-0.8836433292881811,-0.846955597172686,-0.846955597172686,0.034642032332563515,0.05560791705937776,0.05477946947104069,0.053745736798776825,0.05075523032179365,0.04518236254763186
2012-11-27,22.4,22.5,22.2,22.4,22.4,2886,-0.8474026672756526,-0.8575618334088919,-0.8504041016896466,-0.846955597172686,-0.846955597172686,0.025171624713958844,0.04770813844714667,0.05114969497888298,0.0512730259298368,0.04996718852535854,0.04453252506411743
2012-11-28,22.4,22.45,22.15,22.4,22.4,2886,-0.8474026672756526,-0.8658009914765504,-0.8587139085892804,-0.846955597172686,-0.846955597172686,0.014033499320959653,0.04016716972370552,0.04819840898455768,0.04844371635853014,0.04878733963854284,0.04372136367166262
2012-11-29,22.5,22.65,22.45,22.55,22.55,2886,-0.8308237548330982,-0.8328443592059166,-0.8088550671914785,-0.8221901185422297,-0.8221901185422297,0.009852216748768582,0.03725850965961355,0.05095541401273887,0.05177238805970146,0.05423094904160823,0.05005820721769496
2012-11-30,22.55,22.75,22.5,22.75,22.75,2886,-0.822534298611821,-0.8163660430705995,-0.8005452602918447,-0.7891694803682886,-0.7891694803682886,0.011111111111111112,0.03715523136539783,0.055194805194805255,0.058262588673101585,0.0603094705443699,0.05813953488372093
2012-12-03,22.7,22.9,22.55,22.75,22.75,2886,-0.79766592994799,-0.7916485688676242,-0.7922354533922109,-0.7891694803682886,-0.7891694803682886,0.007975188303057143,0.02894617819990957,0.04983848638670965,0.0547056096430227,0.0571561338289963,0.05682873954784778
2012-12-04,22.6,22.7,22.5,22.7,22.7,2886,-0.8142448423905438,-0.8246052011382581,-0.8005452602918447,-0.797424639911774,-0.797424639911774,0.0030932390631903104,0.020683453237410113,0.04144364581740323,0.04898336414048053,0.05229000556276638,0.05336426914153126
2012-12-05,22.7,22.9,22.55,22.85,22.85,2886,-0.79766592994799,-0.7916485688676242,-0.7922354533922109,-0.7726591612813178,-0.7726591612813178,0.005721830985915606,0.019861638027226076,0.04195166438668498,0.052631578947368335,0.056110186725827425,0.05860551308779247
2012-12-06,22.85,22.9,22.65,22.9,22.9,2886,-0.7727975612841584,-0.7916485688676242,-0.775615839592944,-0.764404001737833,-0.764404001737833,0.0048266783677051095,0.015070921985815597,0.03666817564508838,0.05094079853143641,0.05481345002303076,0.05904115924156008
2012-12-07,22.9,23.0,22.8,22.9,22.9,2886,-0.7645081050628819,-0.775170252732307,-0.7506864188940428,-0.764404001737833,-0.764404001737833,0.0035056967572304246,0.010591350397175571,0.030139451192082688,0.04685714285714279,0.052292987776858486,0.05611068408916211
2012-12-10,22.9,23.0,22.5,22.5,22.5,2886,-0.7645081050628819,-0.775170252732307,-0.8005452602918447,-0.8304452780857151,-0.8304452780857151,-0.011857707509881405,-0.007498897220996831,0.007613076578593737,0.02529049897470949,0.03163686382393403,0.035514305438367796
2012-12-11,22.5,22.55,22.1,22.2,22.2,2886,-0.8308237548330982,-0.8493226753412333,-0.8670237154889135,-0.879976235346627,-0.879976235346627,-0.020732245258050237,-0.019867549668874142,-0.008190618019359653,0.008403361344537758,0.01620433946717931,0.020455067800505645
2012-12-12,22.5,22.95,22.4,22.9,22.9,2886,-0.8308237548330982,-0.7834094107999656,-0.8171648740911122,-0.764404001737833,-0.764404001737833,0.009700176366842983,0.00881057268722464,0.017928582012149908,0.035379224595908164,0.04556661492101167,0.04997707473635946
2012-12-13,23.0,23.0,22.8,23.0,23.0,2886,-0.7479291926203275,-0.775170252732307,-0.7506864188940428,-0.7478936826508621,-0.7478936826508621,0.013215859030837036,0.01121125522092779,0.01739899734591571,0.034056423513543904,0.0467868195885672,0.05142857142857143
2012-12-14,22.8,23.0,22.75,23.0,23.0,2886,-0.7810870175054356,-0.775170252732307,-0.7589962257936765,-0.7478936826508621,-0.7478936826508621,0.012323943661971882,0.01010101010101012,0.014109347442680789,0.028967676993624913,0.04336780983487568,0.0491902987911503
2012-12-17,22.9,22.95,22.55,22.7,22.7,2886,-0.7645081050628819,-0.7834094107999656,-0.7922354533922109,-0.797424639911774,-0.797424639911774,-0.0026362038664322815,-0.0028552602679552505,0.0,0.011699164345404028,0.02677763705446003,0.03330551551475587
2012-12-18,22.65,22.9,22.65,22.9,22.9,2886,-0.8059553861692672,-0.7916485688676242,-0.775615839592944,-0.764404001737833,-0.764404001737833,0.0,0.005047180162387467,0.00733137829912013,0.01721265963353689,0.031903388608507666,0.03988496178006511
2012-12-19,23.0,23.2,22.8,22.9,22.9,2886,-0.7479291926203275,-0.7422136204616733,-0.7506864188940428,-0.764404001737833,-0.764404001737833,0.0,0.0048266783677051095,0.005856515373352834,0.013386436552715939,0.028104516476609394,0.03768597537950308
2012-12-20,22.8,22.8,22.5,22.6,22.6,2886,-0.7810870175054356,-0.8081268850029408,-0.8005452602918447,-0.8139349589987442,-0.8139349589987442,-0.009640666082383825,-0.00702987697715275,-0.007465963987703037,-0.0026478375992938534,0.010823866177654731,0.022007838408200246
2012-12-21,22.65,22.7,22.3,22.4,22.4,2886,-0.8059553861692672,-0.8246052011382581,-0.8337844878903792,-0.846955597172686,-0.846955597172686,-0.013215859030836882,-0.013650374284456286,-0.015240328253223955,-0.01256336786422747,-0.0009811791990012295,0.011134517002708373
2012-12-22,22.3,22.55,22.3,22.45,22.45,2886,-0.8639815797182063,-0.8493226753412333,-0.8337844878903792,-0.8387004376292005,-0.8387004376292005,-0.008830022075055156,-0.011231006386258645,-0.012173657964212405,-0.010468319559228681,-0.0013345195729537872,0.01133718747653721
2012-12-24,22.4,22.5,22.35,22.45,22.45,2886,-0.8474026672756526,-0.8575618334088919,-0.8254746809907454,-0.8387004376292005,-0.8387004376292005,-0.00487588652482267,-0.012318521777386763,-0.011448701012769619,-0.010577346848832016,-0.0031968741674808063,0.008837627321749655
2012-12-25,22.3,22.75,22.3,22.75,22.75,2886,-0.8639815797182063,-0.8163660430705995,-0.8337844878903792,-0.7891694803682886,-0.7891694803682886,0.009764758100310645,0.001540832049306632,0.0020554984583763215,0.0018716283166354917,0.007350336521431118,0.019417475728155352
2012-12-26,22.7,22.8,22.65,22.75,22.75,2886,-0.79766592994799,-0.8081268850029408,-0.775615839592944,-0.7891694803682886,-0.7891694803682886,0.008421985815602894,0.0026443367122079646,0.002497062279671053,0.0014306151645208504,0.004858657243816229,0.016002977298102017
2012-12-27,22.75,22.75,22.35,22.5,22.5,2886,-0.7893764737267128,-0.8163660430705995,-0.8254746809907454,-0.8304452780857151,-0.8304452780857151,-0.0035429583702392313,-0.006183745583038894,-0.007352941176470485,-0.009028848271305805,-0.00723614542887405,0.0023015814091619014
2012-12-28,22.75,22.8,22.55,22.6,22.6,2886,-0.7893764737267128,-0.8081268850029408,-0.7922354533922109,-0.8139349589987442,-0.8139349589987442,-0.0004422821760282181,-0.0013256738842243741,-0.003234342840340955,-0.004295627271725811,-0.0031757233592097176,0.0043700466632102634
2013-01-02,22.75,22.9,22.6,22.9,22.9,2886,-0.7893764737267128,-0.7916485688676242,-0.7839256464925771,-0.764404001737833,-0.764404001737833,0.00881057268722464,0.01193106495802015,0.007922535211267751,0.008477375316525334,0.00916622598272496,0.015446012859359962
2013-01-03,23.0,23.1,22.9,23.1,23.1,2886,-0.7479291926203275,-0.7586919365969899,-0.7340668050947758,-0.7313833635638913,-0.7313833635638913,0.014492753623188488,0.019867549668874298,0.016129032258064536,0.01672535211267617,0.01672535211267617,0.02144594295821371
2013-01-04,23.05,23.05,22.8,22.95,22.95,2886,-0.7396397363990503,-0.7669310946646485,-0.7506864188940428,-0.7561488421943475,-0.7561488421943475,0.006137658921525672,0.011681728014106104,0.009678838539375225,0.010012102541533684,0.009412385643912677,0.012425556944342152
2013-01-07,22.9,22.9,22.65,22.8,22.8,2886,-0.7645081050628819,-0.7916485688676242,-0.775615839592944,-0.7809143208248032,-0.7809143208248032,-0.0030607783121992453,0.0033003300330032687,0.0036683785766692166,0.0036315615714758724,0.0027267129914679217,0.004479036639988405
2013-01-08,22.8,22.9,22.65,22.85,22.85,2886,-0.7810870175054356,-0.7916485688676242,-0.775615839592944,-0.7726591612813178,-0.7726591612813178,-0.0030541012216405007,0.0037338018888645225,0.005426811381636754,0.005058280184737277,0.004748922698091817,0.006017023774581903
2013-01-09,22.85,23.0,22.7,22.9,22.9,2886,-0.7727975612841584,-0.775170252732307,-0.7673060326933102,-0.764404001737833,-0.764404001737833,-0.0008726003490401211,0.003945637878123624,0.007626870049867938,0.005709266578831753,0.006593406593406531,0.0074791025076989944
2013-01-10,23.0,23.4,22.9,23.4,23.4,2886,-0.7479291926203275,-0.7092569881910394,-0.7340668050947758,-0.68185240630298,-0.68185240630298,0.01827676240208869,0.022950819672131084,0.028119507908611625,0.026540908093880256,0.027577727033198513,0.027968955923268417
2013-01-11,23.5,23.65,23.35,23.35,23.35,2886,-0.6650346304075568,-0.668061197852747,-0.6592785429980725,-0.6901075658464648,-0.6901075658464648,0.012575888985255973,0.018094615216917492,0.023673827268741898,0.0235616438356165,0.02457218078104442,0.02457218078104442
2013-01-14,23.2,23.5,22.9,23.5,23.5,2886,-0.7147713677352193,-0.6927786720557222,-0.7340668050947758,-0.6653420872160092,-0.6653420872160092,0.012931034482758652,0.020186672454959836,0.026948288419519323,0.0290093048713739,0.03006925572017182,0.030024106947183812
2013-01-15,23.5,23.5,23.15,23.3,23.3,2886,-0.6650346304075568,-0.6927786720557222,-0.6925177705966076,-0.6983627253899503,-0.6983627253899503,0.0004293688278231672,0.008439731659813906,0.01569311246730599,0.018913304908713284,0.019872187691499635,0.020437956204379645
2013-01-16,23.4,23.5,23.1,23.1,23.1,2886,-0.6816135428501112,-0.6927786720557222,-0.7008275774962408,-0.7313833635638913,-0.7313833635638913,-0.009858551221603104,-0.0010810810810810197,0.005076142131979716,0.009725713036826738,0.00952713923608076,0.011088415523781755
2013-01-17,23.2,23.3,22.8,22.8,22.8,2886,-0.7147713677352193,-0.725735304326356,-0.7506864188940428,-0.7809143208248032,-0.7809143208248032,-0.017664799655320987,-0.012773327560078011,-0.00812064965197219,-0.0031697453273580945,-0.0034093889325988226,-0.0019697964543664566
2013-01-18,23.15,23.3,23.05,23.2,23.2,2886,-0.7230608239564965,-0.725735304326356,-0.7091373843958746,-0.714873044476921,-0.714873044476921,0.0008628127696289721,0.0034602076124568277,0.007965242577842153,0.01298984826983967,0.013720178274927906,0.0150951651717348
2013-01-21,23.1,23.2,22.9,23.0,23.0,2886,-0.7313502801777731,-0.7422136204616733,-0.7340668050947758,-0.7478936826508621,-0.7478936826508621,-0.0034662045060659375,-0.006050129645635288,-0.0021691973969631545,0.002943420909190126,0.004981211220833731,0.006197593875318952
2013-01-22,23.1,23.3,23.05,23.25,23.25,2886,-0.7313502801777731,-0.725735304326356,-0.7091373843958746,-0.7066178849334357,-0.7066178849334357,0.00780234070221065,0.003019844693701479,0.006784064665127159,0.012079660463597618,0.014929282346778363,0.01602330662782231
2013-01-23,23.25,23.25,23.1,23.25,23.25,2886,-0.7064819115139421,-0.7339744623940146,-0.7008275774962408,-0.7066178849334357,-0.7066178849334357,0.0064935064935064315,0.0015076459185871265,0.005767844268204738,0.010320478001086398,0.014309397085768947,0.014471674787288212
2013-01-24,23.0,23.15,22.9,22.95,22.95,2886,-0.7479291926203275,-0.7504527785293318,-0.7340668050947758,-0.7561488421943475,-0.7561488421943475,-0.007782101167315316,-0.009495036685368963,-0.006780150028851839,-0.00314909327831476,0.0011341825161404362,0.001308900523560104
2013-01-25,22.9,23.2,22.9,23.2,23.2,2886,-0.7645081050628819,-0.7422136204616733,-0.7340668050947758,-0.714873044476921,-0.714873044476921,0.003026372676177982,0.0019434247462750227,0.0033155542741818266,0.006725970926448148,0.010981349137179661,0.011922070369293403
2013-01-28,23.35,23.6,23.35,23.6,23.6,2886,-0.6899029990713877,-0.676300355920405,-0.6592785429980725,-0.6488317681290383,-0.6488317681290383,0.015053763440860277,0.018778329376214216,0.018265496907809674,0.021645021645021644,0.026265437467385754,0.028471818710052412
2013-01-29,23.7,23.8,23.5,23.65,23.65,2886,-0.6318768055224486,-0.6433437236497712,-0.634349122299172,-0.6405766085855535,-0.6405766085855535,0.013716245177882414,0.0193965517241379,0.018080068876452783,0.021487960263470413,0.026297517792049908,0.029230434467251768
2013-01-30,23.8,23.8,23.65,23.7,23.7,2886,-0.6152978930798942,-0.6433437236497712,-0.6094197016002713,-0.6323214490420681,-0.6323214490420681,0.011955593509820716,0.018916595012897736,0.017895490336435116,0.02188207394631871,0.0262405819693426,0.03021082373397089
2013-01-31,23.7,24.15,23.55,24.15,24.15,2886,-0.6318768055224486,-0.5856696171761622,-0.6260393153995382,-0.5580250131507005,-0.5580250131507005,0.020710059171597565,0.03227185296003415,0.03499999999999999,0.03893310389331044,0.04319654427645789,0.04787387908591257
2013-02-01,24.15,24.2,24.0,24.15,24.15,2886,-0.5572716995309551,-0.5774304591085035,-0.5512510533028355,-0.5580250131507005,-0.5580250131507005,0.012578616352201288,0.02809706257982105,0.032639680729760485,0.036258313666595106,0.04067913470654137,0.045529980518074865
2013-02-04,24.3,25.8,24.3,25.6,25.6,2886,-0.5324033308671235,-0.31377740094343193,-0.5013922119050336,-0.3186253863896265,-0.3186253863896265,0.055670103092783564,0.07789473684210532,0.08812694814395032,0.0919172531456601,0.09729961423060451,0.103210514975221
2013-02-05,25.3,25.75,25.0,25.2,25.2,2886,-0.36661420644158216,-0.3220165590110905,-0.3850549153101627,-0.3846666627375092,-0.3846666627375092,0.02605863192182428,0.05241177698893293,0.06538895152198422,0.06949602122015912,0.07536058718101912,0.08169981399341819
2013-02-06,25.45,25.9,25.35,25.4,25.4,2886,-0.3417458377777512,-0.2972990848081153,-0.32688626701272705,-0.35164602456356814,-0.35164602456356814,0.020080321285140562,0.051324503311258214,0.06692803136376352,0.07229551451187329,0.07928953853998486,0.0857020730925411
2013-02-18,25.8,25.8,25.15,25.2,25.2,2886,-0.28371964422881146,-0.31377740094343193,-0.3601254946112621,-0.3846666627375092,-0.3846666627375092,0.003584229390680998,0.03342218576994059,0.05146036161335192,0.05982546525076225,0.06698280972139897,0.07340621894079209
2013-02-19,25.1,25.2,24.85,25.0,25.0,2886,-0.3997720313266903,-0.41264729775533393,-0.4099843360090634,-0.4176873009114503,-0.4176873009114503,-0.011075949367088653,0.017708121310808154,0.0379186271796293,0.04777870913663037,0.054852320675105516,0.061496001698393477
2013-02-20,25.35,25.55,25.15,25.35,25.35,2886,-0.35832475022030497,-0.35497319128172433,-0.3601254946112621,-0.35990118410705296,-0.35990118410705296,0.004756242568371168,0.024656426839126895,0.04564828818919301,0.058344640434192706,0.06503655155028996,0.07203270369326206
2013-02-21,25.2,25.2,24.9,24.9,24.9,2886,-0.38319311888413654,-0.41264729775533393,-0.40167452910943025,-0.4341976199984211,-0.4341976199984211,-0.010727056019070305,0.0014076010456464969,0.02244730358609363,0.03609695204410693,0.04253893820130624,0.04959955037234771
2013-02-22,24.75,24.95,24.55,24.7,24.7,2886,-0.45779822487563004,-0.45384308809362633,-0.45984317740686537,-0.4672182581723622,-0.4672182581723622,-0.013184178985217811,-0.010614860805127201,0.01022494887525577,0.02436495593571808,0.03105693771915177,0.038542396636299825
2013-02-23,24.9,24.95,24.65,24.9,24.9,2886,-0.4329298562117991,-0.45384308809362633,-0.44322356360759846,-0.4341976199984211,-0.4341976199984211,-0.0028033640368442247,-0.005591054313099065,0.013018714401952819,0.02818209972127583,0.036808794137241856,0.04431706976093955
2013-02-25,24.9,24.9,24.4,24.4,24.4,2886,-0.4329298562117991,-0.46208224616128496,-0.48477259810576667,-0.5167492154332741,-0.5167492154332741,-0.018108651911468925,-0.026531019349690772,-0.010543390105433965,0.0050458243229328514,0.014215645523318745,0.021276595744680833
2013-02-26,24.15,24.6,24.15,24.4,24.4,2886,-0.5572716995309551,-0.5115171945672353,-0.5263216326039348,-0.5167492154332741,-0.5167492154332741,-0.010543390105433965,-0.02184806574463827,-0.012678715942810727,0.002156278878735065,0.012700257325475263,0.019001879306744553
2013-02-27,24.6,24.65,24.35,24.45,24.45,2886,-0.482666593539461,-0.5032780364995774,-0.4930824050053998,-0.5084940558897887,-0.5084940558897887,-0.004884004884004925,-0.01688781664656205,-0.012786002691790031,0.0017412680528526244,0.012841756420878156,0.018820751441072352
2013-03-01,24.5,24.95,24.5,24.95,24.95,2886,-0.4992455059820154,-0.45384308809362633,-0.46815298430649915,-0.42594246045493567,-0.42594246045493567,0.013403736799350198,0.005035246727089627,0.004024144869215205,0.018679187506379487,0.030395638886594713,0.036703601108033224
2013-03-04,24.95,24.95,24.5,24.65,24.65,2886,-0.4246403999905219,-0.45384308809362633,-0.46815298430649915,-0.4754734177158476,-0.4754734177158476,0.0032560032560031865,-0.004844570044408599,-0.009377093101138686,0.0029498525073746954,0.014904479578392553,0.02246802627030754
2013-03-05,24.85,25.2,24.7,25.1,25.1,2886,-0.44121931243307566,-0.41264729775533393,-0.43491375670796467,-0.4011769818244795,-0.4011769818244795,0.015783083771752495,0.012913640032284112,0.006146445750935436,0.01732698348363571,0.03020850435068151,0.03862068965517242
2013-03-06,25.45,25.45,24.9,24.95,24.95,2886,-0.3417458377777512,-0.3714515074170415,-0.40167452910943025,-0.42594246045493567,-0.42594246045493567,0.005237711522965311,0.008488278092158482,0.0018739124615178768,0.008488278092158338,0.020783896571475443,0.030353086929589074
2013-03-07,24.9,25.15,24.9,25.0,25.0,2886,-0.4329298562117991,-0.42088645582299256,-0.40167452910943025,-0.4176873009114503,-0.4176873009114503,0.002807862013638198,0.010101010101010102,0.004419445560466171,0.007759750075582085,0.019908616187989683,0.03000755338872478
2013-03-08,25.1,25.55,25.1,25.4,25.4,2886,-0.3997720313266903,-0.35497319128172433,-0.3684353015108952,-0.35164602456356814,-0.35164602456356814,0.015187849720223781,0.023368251410153033,0.02049015668943357,0.02038766696796225,0.03260427677046913,0.043192552536107695
2013-03-11,25.4,25.6,25.3,25.4,25.4,2886,-0.3500352939990284,-0.3467340332140657,-0.3351960739123608,-0.35164602456356814,-0.35164602456356814,0.009137862534763626,0.02131081624447115,0.019943782626154444,0.01783209777599666,0.028506640751538737,0.039492531205238386
2013-03-12,25.4,25.4,24.9,24.9,24.9,2886,-0.3500352939990284,-0.3796906654847001,-0.40167452910943025,-0.4341976199984211,-0.4341976199984211,-0.009152407481098447,-0.0008025682182985383,0.0001338867318248971,-0.0037011103330999756,0.0054918429979001464,0.016672337529771954
2013-03-13,25.2,25.25,24.8,24.8,24.8,2886,-0.38319311888413654,-0.40440813968767536,-0.4182941429086972,-0.45070793908539136,-0.45070793908539136,-0.011952191235059789,-0.006410256410256416,-0.0024135156878519197,-0.006111612062919541,-0.0004836369498628447,0.010114724051320407
2013-03-14,24.85,25.1,24.75,24.9,24.9,2886,-0.44121931243307566,-0.42912561389065057,-0.42660394980833094,-0.4341976199984211,-0.4341976199984211,-0.007177033492823096,-0.0041991601679665655,0.0016090104585679463,-0.0015037593984961553,0.0015284369720859245,0.011920888648062697
2013-03-15,25.0,25.3,24.75,25.25,25.25,2886,-0.4163509437692447,-0.39616898162001674,-0.42660394980833094,-0.3764115031940238,-0.3764115031940238,0.007984031936127716,0.008587976832434585,0.01419199357343695,0.01283594063377458,0.013079762477933082,0.023372061604971538
2013-03-18,25.0,25.0,24.4,24.45,24.45,2886,-0.4163509437692447,-0.44560393002596776,-0.48477259810576667,-0.5084940558897887,-0.5084940558897887,-0.016492357200321807,-0.022586448131121237,-0.016756032171581815,-0.017776438686351412,-0.01948989412897019,-0.011055682890656603
2013-03-19,24.45,24.6,24.4,24.4,24.4,2886,-0.5075349622032926,-0.5115171945672353,-0.48477259810576667,-0.5167492154332741,-0.5167492154332741,-0.0145395799676898,-0.02184806574463827,-0.018766756032171657,-0.018602312719959865,-0.021887276517277295,-0.01467223044824337
2013-03-20,24.4,24.6,24.15,24.2,24.2,2886,-0.5158244184245697,-0.5115171945672353,-0.5263216326039348,-0.5497698536072151,-0.5497698536072151,-0.017857142857142766,-0.026940088459991886,-0.026287553648068774,-0.024390243902439043,-0.027721976697468915,-0.02353732347007407
2013-03-21,24.2,24.35,24.1,24.1,24.1,2886,-0.5489822433096779,-0.5527129849055278,-0.5346314395035681,-0.5662801726941854,-0.5662801726941854,-0.01552287581699328,-0.0274414850686037,-0.02939991945227535,-0.026852412679184298,-0.030024953714883628,-0.028160494656899016
2013-03-22,24.1,24.1,23.9,23.95,23.95,2886,-0.5655611557522318,-0.5939087752438202,-0.567870667102103,-0.5910456513246416,-0.5910456513246416,-0.011147811725846536,-0.02780596711995124,-0.03284425898505853,-0.03144272571024163,-0.03380668065192839,-0.034533727492609474
2013-03-25,24.25,24.5,24.25,24.35,24.35,2886,-0.5406927870884007,-0.5279955107025526,-0.5097020188046674,-0.5250043749767589,-0.5250043749767589,0.006198347107438105,-0.007337953526294178,-0.015896537787956393,-0.014170040485829873,-0.016320594651369473,-0.01867275658248245
2013-03-26,24.35,24.35,24.15,24.15,24.15,2886,-0.5241138746458464,-0.5527129849055278,-0.5263216326039348,-0.5580250131507005,-0.5580250131507005,0.0,-0.012471887139644377,-0.021474878444084324,-0.021772151898734236,-0.02305825242718448,-0.02673293927995704
2013-03-27,24.4,24.4,24.25,24.35,24.35,2886,-0.5158244184245697,-0.5444738268378698,-0.5097020188046674,-0.5250043749767589,-0.5250043749767589,0.007030603804797424,-0.002458009012699661,-0.011769480519480485,-0.01357099453109179,-0.013371150729335425,-0.01702213550427222
2013-03-28,24.35,24.4,23.9,24.15,24.15,2886,-0.5241138746458464,-0.5444738268378698,-0.567870667102103,-0.5580250131507005,-0.5580250131507005,-0.0016535758577925878,-0.007602219026094197,-0.017627118644067807,-0.021078232671260626,-0.02028397565922921,-0.023716480258725213
2013-03-29,24.1,24.2,23.95,24.15,24.15,2886,-0.5655611557522318,-0.5774304591085035,-0.5595608602024693,-0.5580250131507005,-0.5580250131507005,-0.00330169211721,-0.0030959752321982597,-0.014285714285714344,-0.01948842874543242,-0.01940880298846833,-0.022069244786394077
2013-04-01,24.2,24.25,24.0,24.0,24.0,2886,-0.5489822433096779,-0.569191301040845,-0.5512510533028355,-0.5827904917811562,-0.5827904917811562,-0.006622516556291397,-0.007444168734491304,-0.016662114176454364,-0.024291086492529736,-0.024072869225764428,-0.026566619346988344
2013-04-02,23.95,24.1,23.75,23.95,23.95,2886,-0.5904295244160633,-0.5939087752438202,-0.5928000878010037,-0.5910456513246416,-0.5910456513246416,-0.007048092868988316,-0.007665216490573803,-0.016157743393126013,-0.024042379788101056,-0.025392691462521457,-0.02721364744110472
2013-04-03,24.2,24.2,24.0,24.15,24.15,2886,-0.5489822433096779,-0.5774304591085035,-0.5512510533028355,-0.5580250131507005,-0.5580250131507005,0.0029069767441859107,0.0008288437629505188,-0.006172839506172927,-0.014285714285714344,-0.01685393258426972,-0.017493897477624074
2013-04-08,23.6,23.6,23.25,23.25,23.25,2886,-0.6484557179650025,-0.676300355920405,-0.6758981567973401,-0.7066178849334357,-0.7066178849334357,-0.027196652719665215,-0.033063006862133426,-0.038859032658123245,-0.04761904761904767,-0.051639745472344525,-0.05198776758409767
2013-04-09,23.5,23.8,23.35,23.55,23.55,2886,-0.6650346304075568,-0.6433437236497712,-0.6592785429980725,-0.6570869276725237,-0.6570869276725237,-0.009671993271656873,-0.018954384503228425,-0.021874567354284946,-0.0316611842105263,-0.03720359771054784,-0.03825210999183232
2013-04-10,23.55,23.6,23.35,23.6,23.6,2886,-0.6567451741862796,-0.676300355920405,-0.6592785429980725,-0.6488317681290383,-0.6488317681290383,-0.004219409282700332,-0.013790221479314597,-0.01748542880932534,-0.026000825423029117,-0.033499877139814664,-0.034501568253102424
2013-04-11,23.55,23.65,23.4,23.55,23.55,2886,-0.6567451741862796,-0.668061197852747,-0.6509687360984394,-0.6570869276725237,-0.6570869276725237,-0.002963590177815273,-0.013405948889819722,-0.01724857421059941,-0.02534919813760996,-0.03309246181639039,-0.03542903952488218
2013-04-12,23.55,23.6,23.3,23.4,23.4,2886,-0.6567451741862796,-0.676300355920405,-0.6675883498977063,-0.68185240630298,-0.68185240630298,-0.002982530890498521,-0.01577287066246057,-0.02132998745294862,-0.028743384870810525,-0.03679920968140289,-0.04026249230979557
2013-04-15,23.3,23.4,22.95,23.2,23.2,2886,-0.6981924552926649,-0.7092569881910394,-0.7257569981951421,-0.714873044476921,-0.714873044476921,-0.011082693947144142,-0.02027027027027029,-0.027253668763102812,-0.03363532229511615,-0.04219304764263886,-0.046836483155299945
2013-04-16,23.05,23.1,22.85,22.95,22.95,2886,-0.7396397363990503,-0.7586919365969899,-0.742376611994409,-0.7561488421943475,-0.7561488421943475,-0.016709511568123267,-0.0258913412563667,-0.035038542396636396,-0.039447525374071465,-0.04866522964682486,-0.05451798956330668
2013-04-17,23.0,23.0,22.55,22.7,22.7,2886,-0.7479291926203275,-0.775170252732307,-0.7922354533922109,-0.797424639911774,-0.797424639911774,-0.019861830742659795,-0.031156636790439625,-0.04111517882286678,-0.0464188195757194,-0.0547968021319123,-0.0623063683304647
2013-04-18,22.65,22.95,22.55,22.75,22.75,2886,-0.8059553861692672,-0.7834094107999656,-0.7922354533922109,-0.7891694803682886,-0.7891694803682886,-0.010869565217391304,-0.024024024024023972,-0.03519932145886338,-0.040994836126040685,-0.049310488926034256,-0.05719021964359714
2013-04-19,22.8,23.15,22.75,23.1,23.1,2886,-0.7810870175054356,-0.7504527785293318,-0.7589962257936765,-0.7313833635638913,-0.7313833635638913,0.0069747166521360125,-0.00452488687782792,-0.016881827209533184,-0.023978028942642823,-0.03193361830525509,-0.04023267086766832
2013-04-22,23.2,23.4,23.15,23.25,23.25,2886,-0.7147713677352193,-0.7092569881910394,-0.6925177705966076,-0.7066178849334357,-0.7066178849334357,0.013071895424836633,0.001939237233354954,-0.00796472763476038,-0.015873015873015872,-0.02294503277861823,-0.031653477717617576
2013-04-23,23.0,23.2,22.75,23.2,23.2,2886,-0.7479291926203275,-0.7422136204616733,-0.7589962257936765,-0.714873044476921,-0.714873044476921,0.008695652173913012,0.0012947777298229427,-0.007415858528237403,-0.016428192898781106,-0.021674959939276497,-0.030775657986352793
2013-04-24,23.0,23.45,23.0,23.35,23.35,2886,-0.7479291926203275,-0.7010178301233808,-0.7174471912955083,-0.6901075658464648,-0.6901075658464648,0.009511456982274053,0.008857204579822937,0.0008572653236176413,-0.007966011683483803,-0.013519222644697942,-0.021716360589344216
2013-04-25,23.3,23.35,23.15,23.25,23.25,2886,-0.6981924552926649,-0.7174961462586974,-0.6925177705966076,-0.7066178849334357,-0.7066178849334357,0.0008609556607834512,0.005840363400389271,-0.0014316392269148885,-0.010322443332978598,-0.015831357941076967,-0.023656215005599075
2013-04-26,23.2,23.3,22.9,22.9,22.9,2886,-0.7147713677352193,-0.725735304326356,-0.7340668050947758,-0.764404001737833,-0.764404001737833,-0.012505390254419973,-0.007153696076306208,-0.012931034482758652,-0.022203245089666934,-0.0285083997963686,-0.03578947368421044
2013-04-29,22.9,22.95,22.55,22.7,22.7,2886,-0.7645081050628819,-0.7834094107999656,-0.7922354533922109,-0.797424639911774,-0.797424639911774,-0.016464471403812783,-0.01368672604822947,-0.020002878111958614,-0.02773316200878042,-0.034699778873958406,-0.04125017598197944
2013-04-30,22.8,23.0,22.75,22.75,22.75,2886,-0.7810870175054356,-0.775170252732307,-0.7589962257936765,-0.7891694803682886,-0.7891694803682886,-0.010439321444106066,-0.010654490106544791,-0.015577672003461681,-0.02266136827408441,-0.030594852565195306,-0.03574456061034177
2013-05-02,23.0,23.3,22.9,23.2,23.2,2886,-0.7479291926203275,-0.725735304326356,-0.7340668050947758,-0.714873044476921,-0.714873044476921,0.010452961672473799,0.006725970926448303,0.005054151624548757,-0.0016137708445401364,-0.00947826829476551,-0.014931710423890882
2013-05-03,23.35,23.55,23.3,23.4,23.4,2886,-0.6899029990713877,-0.6845395139880636,-0.6675883498977063,-0.68185240630298,-0.68185240630298,0.017833840800347986,0.01254868022501078,0.014157757873446884,0.008186126669538893,0.00034199726402185014,-0.005031535681383425
2013-05-06,23.55,23.65,23.35,23.6,23.6,2886,-0.6567451741862796,-0.668061197852747,-0.6592785429980725,-0.6488317681290383,-0.6488317681290383,0.020319930825767506,0.018998272884283147,0.022235056309558278,0.018009274237032417,0.010187483948292232,0.004326547982126388
2013-05-07,23.55,23.6,23.4,23.5,23.5,2886,-0.6567451741862796,-0.676300355920405,-0.6509687360984394,-0.6653420872160092,-0.6653420872160092,0.009016745384285138,0.013586370498166819,0.017022504327755386,0.013149385643457629,0.007027768255056629,0.0009228366579114669
2013-05-08,23.6,23.85,23.5,23.5,23.5,2886,-0.6484557179650025,-0.6351045655821126,-0.634349122299172,-0.6653420872160092,-0.6653420872160092,0.002559726962457283,0.012276545337066713,0.015411205530750503,0.013258596529050383,0.008151008151008205,0.001562721977553571
2013-05-09,23.7,23.85,23.55,23.55,23.55,2886,-0.6318768055224486,-0.6351045655821126,-0.6260393153995382,-0.6570869276725237,-0.6570869276725237,0.0017014036580179797,0.013557133634603025,0.015086206896551786,0.015523932729624813,0.011076764554353387,0.004835727492533065
2013-05-10,23.55,23.7,23.4,23.4,23.4,2886,-0.6567451741862796,-0.6598220397850884,-0.6509687360984394,-0.68185240630298,-0.68185240630298,-0.004678860059549254,0.006451612903225746,0.0067402839523877656,0.009382076997735411,0.005586592178770907,-0.0004983270449207774
2013-05-13,23.6,23.6,23.3,23.3,23.3,2886,-0.6484557179650025,-0.676300355920405,-0.6675883498977063,-0.6983627253899503,-0.6983627253899503,-0.006396588486140664,0.0004293688278231672,0.001863265013616306,0.005285298241829305,0.002754346703391292,-0.0032796235562527302
2013-05-14,23.5,23.6,23.3,23.35,23.35,2886,-0.6650346304075568,-0.676300355920405,-0.6675883498977063,-0.6901075658464648,-0.6901075658464648,-0.002988898377455027,-0.00021408691928918882,0.0037254621005876013,0.007116670260944693,0.004733218588640404,0.0
2013-05-15,23.4,23.7,23.4,23.65,23.65,2886,-0.6816135428501112,-0.6598220397850884,-0.6509687360984394,-0.6405766085855535,-0.6405766085855535,0.008528784648187604,0.008743868628705407,0.015311963365769845,0.018518518518518507,0.017466873171571105,0.013571428571428562
2013-05-16,23.8,24.45,23.8,24.3,24.3,2886,-0.6152978930798942,-0.5362346687702112,-0.58449028090137,-0.5332595345202443,-0.5332595345202443,0.029661016949152512,0.03162810443642543,0.040388183245326184,0.04291845493562232,0.04417325541423164,0.04098243609881497
2013-05-17,24.3,24.5,24.2,24.2,24.2,2886,-0.5324033308671235,-0.5279955107025526,-0.518011825704301,-0.5497698536072151,-0.5497698536072151,0.018518518518518573,0.023905225301459603,0.03330486763450032,0.03540485613434594,0.03871576959395661,0.036328598957961415
2013-05-20,24.2,24.6,24.0,24.5,24.5,2886,-0.5489822433096779,-0.5115171945672353,-0.5512510533028355,-0.5002388963463033,-0.5002388963463033,0.020833333333333332,0.03266596417281343,0.0413714933408899,0.0451103764530234,0.04961014480335881,0.04865173348551846
2013-05-21,24.5,24.55,24.25,24.3,24.3,2886,-0.4992455059820154,-0.519756352634894,-0.5097020188046674,-0.5332595345202443,-0.5332595345202443,0.004547333608929286,0.020793950850661668,0.028208744710860417,0.034262609065758814,0.0390832121782262,0.038535508227081725
2013-05-22,24.3,24.4,24.25,24.25,24.25,2886,-0.5324033308671235,-0.5444738268378698,-0.5097020188046674,-0.5415146940637298,-0.5415146940637298,-0.0024681201151788863,0.015494137353433727,0.021769662921348274,0.02983331563860285,0.03464459424865592,0.035366113997011304
2013-05-23,24.25,24.3,23.6,23.75,23.75,2886,-0.5406927870884007,-0.5609521429731864,-0.6177295084999044,-0.6240662894985827,-0.6240662894985827,-0.018595041322314022,-0.006276150627615004,-0.0008413967185527797,0.007743714861567727,0.011499148211243593,0.013801935116676187
2013-05-24,23.75,23.8,23.5,23.55,23.55,2886,-0.6235873493011714,-0.6433437236497712,-0.634349122299172,-0.6570869276725237,-0.6570869276725237,-0.02160365600332362,-0.015262387622830794,-0.009671993271656723,-0.0013781405703382767,0.0016161959850290836,0.005264655663062103
2013-05-27,23.5,24.0,23.45,23.95,23.95,2886,-0.6650346304075568,-0.6103870913791374,-0.6426589291988056,-0.5910456513246416,-0.5910456513246416,-0.0004173622704508165,-0.0012510425354462526,0.006161602016524215,0.0133276919822298,0.01715790367790692,0.021539773939006142
2013-05-28,23.8,24.1,23.8,24.0,24.0,2886,-0.6152978930798942,-0.5939087752438202,-0.58449028090137,-0.5827904917811562,-0.5827904917811562,0.004184100418410101,-0.00187149095446031,0.006852188505104209,0.012658227848101297,0.017984390906005933,0.02250940850671018
2013-05-29,24.1,24.15,23.85,24.0,24.0,2886,-0.5655611557522318,-0.5856696171761622,-0.5761804740017362,-0.5827904917811562,-0.5827904917811562,0.0062893081761005686,-0.003322259136212701,0.0054461667364892755,0.009994739610731225,0.016604540833615702,0.020986954055587023
2013-05-30,23.85,23.95,23.6,23.7,23.7,2886,-0.607008436858617,-0.618626249446796,-0.6177295084999044,-0.6323214490420681,-0.6323214490420681,-0.005872483221476534,-0.01332223147377187,-0.007537688442211044,-0.0036784025223332477,0.003302006604013183,0.006796941376380483
2013-05-31,23.95,24.1,23.65,24.1,24.1,2886,-0.5904295244160633,-0.5939087752438202,-0.6094197016002713,-0.5662801726941854,-0.5662801726941854,0.006263048016701551,0.003748438150770506,0.007244357759821621,0.01164865148494085,0.018769022658099536,0.021835912656349554
2013-06-03,23.8,23.9,23.7,23.75,23.75,2886,-0.6152978930798942,-0.6268654075144546,-0.6011098947006375,-0.6240662894985827,-0.6240662894985827,-0.006691760769552642,-0.0077292667641530085,-0.008626687073883414,-0.0033571128829207653,0.002532714225411512,0.006071731149392873
2013-06-04,23.75,23.8,23.4,23.4,23.4,2886,-0.6235873493011714,-0.6433437236497712,-0.6509687360984394,-0.68185240630298,-0.68185240630298,-0.016393442622950845,-0.018662193331935428,-0.02337228714524202,-0.01783840503672616,-0.013407538578294877,-0.00896449495306005
2013-06-05,23.4,23.45,23.2,23.2,23.2,2886,-0.6816135428501112,-0.7010178301233808,-0.6842079636969739,-0.714873044476921,-0.714873044476921,-0.018197206940330224,-0.02274641954507172,-0.030505641454241558,-0.025619487610247772,-0.0225817323896192,-0.01743488388508515
2013-06-06,23.1,23.2,22.9,22.9,22.9,2886,-0.7313502801777731,-0.7422136204616733,-0.7340668050947758,-0.764404001737833,-0.764404001737833,-0.02428632296548787,-0.03191714225322353,-0.039295203468046457,-0.03690463673641053,-0.03473276007418655,-0.029523944059895564
2013-06-07,22.9,23.1,22.8,22.95,22.95,2886,-0.7645081050628819,-0.7586919365969899,-0.7506864188940428,-0.7561488421943475,-0.7561488421943475,-0.01247848537005175,-0.027336300063572773,-0.03381981476284036,-0.03388760260997698,-0.03189066059225528,-0.02699265121537592
2013-06-10,23.05,23.45,23.0,23.4,23.4,2886,-0.7396397363990503,-0.7010178301233808,-0.7174471912955083,-0.68185240630298,-0.68185240630298,0.009926629261976714,-0.0059473237043330745,-0.011824324324324372,-0.01515151515151513,-0.012574900835513622,-0.008614602457280187
2013-06-11,23.3,23.4,23.2,23.2,23.2,2886,-0.6981924552926649,-0.7092569881910394,-0.6842079636969739,-0.714873044476921,-0.714873044476921,0.003026372676178136,-0.011082693947144142,-0.017226772098277457,-0.023260709399010714,-0.02051844971713251,-0.017781541066892535
2013-06-13,23.0,23.1,22.7,22.7,22.7,2886,-0.7479291926203275,-0.7586919365969899,-0.7673060326933102,-0.797424639911774,-0.797424639911774,-0.01432913590968295,-0.027003857693956388,-0.034179549000141876,-0.04239611896224436,-0.040331444998731744,-0.03888222426081433
2013-06-14,22.7,22.8,22.6,22.6,22.6,2886,-0.79766592994799,-0.8081268850029408,-0.7839256464925771,-0.8139349589987442,-0.8139349589987442,-0.01610796691336515,-0.02670111972437558,-0.035287421741604916,-0.04318374259102439,-0.0430216802168021,-0.04230524754573055
2013-06-17,22.7,22.8,22.6,22.65,22.65,2886,-0.79766592994799,-0.8081268850029408,-0.7839256464925771,-0.8056797994552595,-0.8056797994552595,-0.01134875600174603,-0.018418201516793097,-0.03067047075606285,-0.03791016247212496,-0.03968455863647927,-0.039168552036199046
2013-06-18,22.75,22.8,22.6,22.65,22.65,2886,-0.7893764737267128,-0.8081268850029408,-0.7839256464925771,-0.8056797994552595,-0.8056797994552595,-0.004833040421792749,-0.013716525146962673,-0.027061855670103052,-0.03411513859275057,-0.03862478777589135,-0.037876106194690375
2013-06-19,22.7,22.85,22.6,22.65,22.65,2886,-0.79766592994799,-0.7998877269352822,-0.7839256464925771,-0.8056797994552595,-0.8056797994552595,0.0,-0.010484927916120663,-0.023285899094437373,-0.030705039049962603,-0.03748087710351853,-0.036716756450241
2013-06-20,22.6,22.75,22.45,22.7,22.7,2886,-0.8142448423905438,-0.8163660430705995,-0.8088550671914785,-0.797424639911774,-0.797424639911774,0.0022075055187638286,-0.006129597197898294,-0.01745779829750408,-0.0253327608415629,-0.0337958627734741,-0.03349418109565706
2013-06-21,22.5,22.8,22.05,22.8,22.8,2886,-0.8308237548330982,-0.8081268850029408,-0.8753335223885473,-0.7809143208248032,-0.7809143208248032,0.0048479506390480135,-0.0013140604467804461,-0.010559814841602733,-0.01903839948370438,-0.02705470683622074,-0.02820203168288692
2013-06-24,22.6,22.6,22.25,22.25,22.25,2886,-0.8142448423905438,-0.8410835172735747,-0.8420942947900129,-0.8717210758031416,-0.8717210758031416,-0.015922158337018995,-0.022407732864674783,-0.0292321116928446,-0.04001725811670795,-0.04735399897242671,-0.05009250035577069
2013-06-25,22.2,22.5,22.05,22.1,22.1,2886,-0.8805604921607607,-0.8575618334088919,-0.8753335223885473,-0.8964865544335973,-0.8964865544335973,-0.017777777777777715,-0.023420238621299053,-0.03112669881630852,-0.04266839939354557,-0.04987102321582115,-0.054882394868139624
2013-06-26,22.35,22.35,22.0,22.1,22.1,2886,-0.8556921234969291,-0.8822793076118671,-0.8836433292881811,-0.8964865544335973,-0.8964865544335973,-0.012952210808396567,-0.018650088809946633,-0.027431421446384104,-0.03871248368856026,-0.0462627308820989,-0.05319528739735796
2013-06-27,22.25,22.5,22.25,22.4,22.4,2886,-0.8722710359394835,-0.8575618334088919,-0.8420942947900129,-0.846955597172686,-0.846955597172686,0.0031347962382443674,-0.004001778568252708,-0.011910013233348175,-0.022261021388040224,-0.030219066585851606,-0.03862660944206018
2013-06-28,22.45,22.8,22.4,22.75,22.75,2886,-0.8391132110543754,-0.8081268850029408,-0.8171648740911122,-0.7891694803682886,-0.7891694803682886,0.019265232974910382,0.010886469673405955,0.0039717563989408585,-0.004920721705850222,-0.013357619914996805,-0.02143522833178012
2013-07-01,22.75,23.1,22.55,23.0,23.0,2886,-0.7893764737267128,-0.7586919365969899,-0.7922354533922109,-0.7478936826508621,-0.7478936826508621,0.023587004895416163,0.020408163265306162,0.014855125753787292,0.008440206072563962,-0.001562771314464222,-0.008976660682226162
2013-07-02,23.1,23.15,22.8,23.0,23.0,2886,-0.7313502801777731,-0.7504527785293318,-0.7506864188940428,-0.7478936826508621,-0.7478936826508621,0.015452538631346642,0.018826135105204905,0.016050655279045794,0.01010101010101012,8.69640838334831e-05,-0.006836991723641669
2013-07-03,23.0,23.05,22.6,23.0,23.0,2886,-0.7479291926203275,-0.7669310946646485,-0.7839256464925771,-0.7478936826508621,-0.7478936826508621,0.007446342531756379,0.017249004865103962,0.01664947694121123,0.01098901098901099,0.0018294276504922727,-0.0049751243781095385
2013-07-04,22.85,23.45,22.8,23.4,23.4,2886,-0.7727975612841584,-0.7010178301233808,-0.7506864188940428,-0.68185240630298,-0.68185240630298,0.016066000868432524,0.031746031746031696,0.032201146890163235,0.028119507908611466,0.020319176768117255,0.013572047357782236
2013-07-05,23.6,23.6,23.3,23.3,23.3,2886,-0.6484557179650025,-0.676300355920405,-0.6675883498977063,-0.6983627253899503,-0.6983627253899503,0.006914433880726022,0.02507699076110868,0.025678650036683893,0.02282704126426704,0.016668121127497944,0.00989669869248004
2013-07-08,23.2,23.3,22.95,23.15,23.15,2886,-0.7147713677352193,-0.725735304326356,-0.7257569981951421,-0.7231282040204065,-0.7231282040204065,-0.0008631851532153464,0.014460999123575735,0.01758241758241752,0.015796401930671323,0.011800699300699283,0.003975424647632743
2013-07-09,23.2,23.7,23.15,23.65,23.65,2886,-0.7147713677352193,-0.6598220397850884,-0.6925177705966076,-0.6405766085855535,-0.6405766085855535,0.015021459227467874,0.02937976060935787,0.03652300949598242,0.0371669773051199,0.03383458646616545,0.026104562875117344
2013-07-10,23.85,24.5,23.85,24.3,24.3,2886,-0.607008436858617,-0.5279955107025526,-0.5761804740017362,-0.5332595345202443,-0.5332595345202443,0.031409168081493986,0.04763957749514983,0.05990113405059601,0.06310838893142307,0.06057960893854756,0.05384893386338997
2013-07-11,24.35,24.8,24.3,24.75,24.75,2886,-0.5241138746458464,-0.47856056229660154,-0.5013922119050336,-0.45896309862887674,-0.45896309862887674,0.038606798153587835,0.0563380281690141,0.07313195548489669,0.07796167247386755,0.07730477931574839,0.072202166064982
2013-07-12,24.75,24.85,24.6,24.85,24.85,2886,-0.45779822487563004,-0.470321404228943,-0.45153337050723164,-0.4424527795419059,-0.4424527795419059,0.029411764705882387,0.05118443316412863,0.07112068965517251,0.07703976595514139,0.07799757070969988,0.07474951344337931
2013-07-15,24.4,24.85,24.4,24.85,24.85,2886,-0.5158244184245697,-0.470321404228943,-0.48477259810576667,-0.4424527795419059,-0.4424527795419059,0.01511437908496736,0.043022035676810164,0.06317741015402183,0.07192925698263794,0.07445520581113824,0.07358870967741934
2013-07-16,24.8,24.85,24.5,24.75,24.75,2886,-0.44950876865435285,-0.470321404228943,-0.46815298430649915,-0.45896309862887674,-0.45896309862887674,0.002024291497975737,0.03125,0.05095541401273882,0.06280193236714969,0.06763868518678291,0.0677308024158756
2013-07-17,24.75,25.2,24.3,25.1,25.1,2886,-0.45779822487563004,-0.41264729775533393,-0.5013922119050336,-0.4011769818244795,-0.4011769818244795,0.009654062751407965,0.03676166873192898,0.05684210526315796,0.07219137120888498,0.07919855533579837,0.08018935590302699
2013-07-18,25.0,25.1,24.85,25.0,25.0,2886,-0.4163509437692447,-0.42912561389065057,-0.4099843360090634,-0.4176873009114503,-0.4176873009114503,0.0036130068245682975,0.025851456709068635,0.045004876689424454,0.06269925611052078,0.0706638115631691,0.0731148948347403
2013-07-19,25.0,25.1,24.75,24.95,24.95,2886,-0.4163509437692447,-0.42912561389065057,-0.42660394980833094,-0.42594246045493567,-0.42594246045493567,0.0008022462896108935,0.01691461177909106,0.03656003323639381,0.05574949751401667,0.06423818461013496,0.06783650759683275
2013-07-22,25.0,25.2,25.0,25.0,25.0,2886,-0.4163509437692447,-0.41264729775533393,-0.3850549153101627,-0.4176873009114503,-0.4176873009114503,0.0016025641025640682,0.01132686084142385,0.03291557636689162,0.05174589819099707,0.06211232899991518,0.06685633001422474
2013-07-23,25.15,25.45,24.8,25.15,25.15,2886,-0.39148257510541373,-0.3714515074170415,-0.4182941429086972,-0.39292182228099465,-0.39292182228099465,0.004392971246006367,0.011258544431041318,0.032995618838992234,0.051311526805308774,0.06396480243675425,0.07059240865555153
2013-07-24,25.15,25.2,24.9,25.15,25.15,2886,-0.39148257510541373,-0.41264729775533393,-0.40167452910943025,-0.39292182228099465,-0.39292182228099465,0.003992015968063787,0.007814065317571641,0.026949775418538036,0.04465212876427827,0.059482685988709885,0.06763831894721949
2013-07-25,25.0,25.15,24.85,24.95,24.95,2886,-0.4163509437692447,-0.42088645582299256,-0.4099843360090634,-0.42594246045493567,-0.42594246045493567,-0.00359424920127795,-0.0010010010010010862,0.014502575223637652,0.030885239128189183,0.04708746013093854,0.05578672684956618
2013-07-26,25.0,25.2,24.9,25.0,25.0,2886,-0.4163509437692447,-0.41264729775533393,-0.40167452910943025,-0.4176873009114503,-0.4176873009114503,-0.0019960079840319646,0.0004001600640255306,0.011872638963842405,0.028171910343409365,0.045325305234989115,0.054333309903704254
2013-07-29,24.9,25.05,24.85,25.0,25.0,2886,-0.4329298562117991,-0.43736477195830914,-0.4099843360090634,-0.4176873009114503,-0.4176873009114503,-0.0019960079840319646,-0.0001999600079985026,0.006846556584776549,0.023960679909891498,0.04053941563306419,0.050861706599411395
2013-07-30,25.2,25.45,25.15,25.45,25.45,2886,-0.38319311888413654,-0.3714515074170415,-0.3601254946112621,-0.3433908650200827,-0.3433908650200827,0.013540422142572674,0.014955134596211367,0.02004008016032064,0.03718797758532849,0.053394039735099305,0.06559665038381018
2013-07-31,25.45,25.45,25.05,25.05,25.05,2886,-0.3417458377777512,-0.3714515074170415,-0.376745108410529,-0.40943214136796485,-0.40943214136796485,-0.0015942606616179992,-0.0007977662544874182,0.0020000000000000282,0.016639610389610395,0.03179833594200519,0.045347058005285976
2013-08-01,25.1,25.45,24.95,25.35,25.35,2886,-0.3997720313266903,-0.3714515074170415,-0.3933647222097965,-0.35990118410705296,-0.35990118410705296,0.007151370679380203,0.00975901214897449,0.012380191693290682,0.02475997978777163,0.039104771273979363,0.053981013096805426
2013-08-02,25.45,25.65,25.4,25.65,25.65,2886,-0.3417458377777512,-0.3384948751464077,-0.3185764601130939,-0.3103702268461417,-0.3103702268461417,0.013833992094861575,0.018867924528301803,0.02218384697130719,0.031985515992757924,0.04642624020887736,0.062258420762009964
2013-08-05,25.65,25.85,25.45,25.7,25.7,2886,-0.30858801289264304,-0.3055382428757733,-0.3102666532134601,-0.30211506730265625,-0.30211506730265625,0.010220125786163584,0.01802337096454751,0.021868787276341978,0.028720104072851044,0.043866774979691235,0.059284193171669955
2013-08-06,25.65,25.65,25.2,25.25,25.25,2886,-0.30858801289264304,-0.3384948751464077,-0.3518156877116283,-0.3764115031940238,-0.3764115031940238,-0.0059055118110235665,-0.00019798059790136627,0.0026472534745201758,0.007481296758104738,0.021853500607041648,0.03625170998632009
2013-08-07,25.0,25.4,24.85,25.1,25.1,2886,-0.4163509437692447,-0.3796906654847001,-0.4099843360090634,-0.4011769818244795,-0.4011769818244795,-0.012199921290830331,-0.005940594059405884,-0.0033090668431501845,-9.959167413595165e-05,0.012341695571509274,0.025885558583106396
2013-08-08,24.95,25.2,24.85,25.1,25.1,2886,-0.4246403999905219,-0.41264729775533393,-0.4099843360090634,-0.4011769818244795,-0.4011769818244795,-0.010252365930599291,-0.006530773797743881,-0.0035728463676060465,-0.0007961783439488862,0.00957284208832755,0.022125695669879323
2013-08-09,25.1,25.1,24.65,24.95,24.95,2886,-0.3997720313266903,-0.42912561389065057,-0.44322356360759846,-0.42594246045493567,-0.42594246045493567,-0.010705789056304644,-0.01227236737925569,-0.009527590313616593,-0.006965174129353262,0.0008825417201541247,0.012992285830288278
2013-08-12,24.8,24.95,24.75,24.8,24.8,2886,-0.44950876865435285,-0.45384308809362633,-0.42660394980833094,-0.45070793908539136,-0.45070793908539136,-0.009584664536741151,-0.017432646592710033,-0.014960942671785986,-0.012837098218728154,-0.0077618628470832625,0.004455245038477238
2013-08-13,23.9,23.95,23.2,23.3,23.3,2886,-0.5987189806373405,-0.618626249446796,-0.6842079636969739,-0.6983627253899503,-0.6983627253899503,-0.05476673427991878,-0.06893106893106885,-0.06998403406067058,-0.06986027944111776,-0.06725380304243393,-0.05668016194331978
2013-08-14,23.3,23.3,23.0,23.2,23.2,2886,-0.6981924552926649,-0.725735304326356,-0.7174471912955083,-0.714873044476921,-0.714873044476921,-0.04408735063864855,-0.06602254428341388,-0.0691453791627658,-0.07032658785814462,-0.06961822264998412,-0.06098219104155414
2013-08-15,23.0,23.2,22.9,23.0,23.0,2886,-0.7479291926203275,-0.7422136204616733,-0.7340668050947758,-0.7478936826508621,-0.7478936826508621,-0.03563941299790362,-0.06523064417801261,-0.07233127184727076,-0.07463287064976855,-0.07504222633314578,-0.06857451403887682
2013-08-16,23.0,23.3,22.9,23.2,23.2,2886,-0.7479291926203275,-0.725735304326356,-0.7340668050947758,-0.714873044476921,-0.714873044476921,-0.012765957446808541,-0.04761904761904762,-0.05971359092137272,-0.06328858382961552,-0.06451612903225812,-0.060348319157553745
2013-08-19,23.2,23.2,23.0,23.05,23.05,2886,-0.7147713677352193,-0.7422136204616733,-0.7174471912955083,-0.7396385231073768,-0.7396385231073768,-0.004319654427645697,-0.04336999377464211,-0.06084476436235226,-0.06566680178354267,-0.06785829828534458,-0.06629759654334323
2013-08-20,23.0,23.2,22.95,23.0,23.0,2886,-0.7479291926203275,-0.7422136204616733,-0.7257569981951421,-0.7478936826508621,-0.7478936826508621,-0.0038977912516239203,-0.03644742354419778,-0.05660377358490562,-0.06361323155216285,-0.06723984102522512,-0.0675045611189945
2013-08-22,23.0,23.05,22.8,22.95,22.95,2886,-0.7479291926203275,-0.7669310946646485,-0.7506864188940428,-0.7561488421943475,-0.7561488421943475,-0.003906249999999994,-0.0298034242232087,-0.05321782178217833,-0.06144565995296996,-0.0660100927885398,-0.06783103168155978
2013-08-23,23.05,23.05,22.9,22.95,22.95,2886,-0.7396397363990503,-0.7669310946646485,-0.7340668050947758,-0.7561488421943475,-0.7561488421943475,-0.0034737299174989944,-0.020904436860068196,-0.04692691029900328,-0.05759162303664921,-0.06288280930992239,-0.06555374592833874
2013-08-26,23.0,23.05,22.9,23.0,23.0,2886,-0.7479291926203275,-0.7669310946646485,-0.7340668050947758,-0.7478936826508621,-0.7478936826508621,0.00043497172683766897,-0.010539901053989997,-0.03779110305396733,-0.05164416039583553,-0.057840406357529184,-0.06116062317164425
2013-08-27,23.0,23.1,22.95,23.0,23.0,2886,-0.7479291926203275,-0.7586919365969899,-0.7257569981951421,-0.7478936826508621,-0.7478936826508621,0.0008703220191470659,-0.002818122696726544,-0.03049037515807234,-0.04771762757478521,-0.054742725628801746,-0.058791433637975614
2013-08-28,22.9,23.0,22.5,22.65,22.65,2886,-0.7645081050628819,-0.775170252732307,-0.8005452602918447,-0.8056797994552595,-0.8056797994552595,-0.01134875600174603,-0.015217391304347887,-0.03821656050955423,-0.056741280583029706,-0.06528557279630244,-0.07045143638850897
2013-08-29,22.75,22.85,22.65,22.65,22.65,2886,-0.7893764737267128,-0.7998877269352822,-0.775615839592944,-0.8056797994552595,-0.8056797994552595,-0.008752735229759424,-0.01285683155371548,-0.03149942987457232,-0.05200376687244951,-0.06141223272003976,-0.0673255095738112
2013-08-30,22.85,22.85,22.7,22.85,22.85,2886,-0.7727975612841584,-0.7998877269352822,-0.7673060326933102,-0.7726591612813178,-0.7726591612813178,0.0008760402978538383,-0.00348887919755771,-0.01664036723569072,-0.03860313453244979,-0.04981703260146375,-0.05630506607929515
2013-09-02,22.85,22.85,22.75,22.8,22.8,2886,-0.7727975612841584,-0.7998877269352822,-0.7589962257936765,-0.7809143208248032,-0.7809143208248032,0.0004387889425187171,-0.00393184796854521,-0.01270207852194009,-0.034920634920634894,-0.048414023372287146,-0.05557473248187774
2013-09-03,23.3,23.35,23.05,23.2,23.2,2886,-0.6981924552926649,-0.7174961462586974,-0.7091373843958746,-0.714873044476921,-0.714873044476921,0.016206745510293517,0.012879283999126905,0.009280742459396656,-0.012765957446808541,-0.028801071667783087,-0.03661153020970313
2013-09-04,23.2,23.6,23.1,23.6,23.6,2886,-0.7147713677352193,-0.676300355920405,-0.7008275774962408,-0.6488317681290383,-0.6488317681290383,0.025195482189400445,0.027650772915306127,0.025789626195305723,0.00779331696380916,-0.008986310573612103,-0.01789429879317504
2013-09-05,23.6,23.6,23.35,23.45,23.45,2886,-0.6484557179650025,-0.676300355920405,-0.6592785429980725,-0.6735972467594946,-0.6735972467594946,0.011647972389991353,0.018900716923745328,0.018531924134935537,0.004928219412899011,-0.01263157894736845,-0.02182981090100126
2013-09-06,23.45,23.45,23.25,23.35,23.35,2886,-0.673324086628834,-0.7010178301233808,-0.6758981567973401,-0.6901075658464648,-0.6901075658464648,0.003006872852233689,0.01279548904792894,0.013161700896731167,0.004409076244757464,-0.013519222644697942,-0.023829431438127102
2013-09-09,23.35,23.4,23.15,23.2,23.2,2886,-0.6899029990713877,-0.7092569881910394,-0.6925177705966076,-0.714873044476921,-0.714873044476921,-0.006849315068493157,0.005417118093174431,0.006653167486259724,0.0017271157167529857,-0.015781435601561318,-0.02766135792120705
2013-09-10,23.35,23.55,23.2,23.55,23.55,2886,-0.6899029990713877,-0.6845395139880636,-0.6842079636969739,-0.6570869276725237,-0.6570869276725237,0.005121638924455868,0.01815823605706866,0.020363951473136865,0.01959086481220898,0.0027250276760623373,-0.01098901098901099
2013-09-11,23.55,23.55,23.3,23.4,23.4,2886,-0.6567451741862796,-0.6845395139880636,-0.6675883498977063,-0.68185240630298,-0.68185240630298,0.00042753313381793776,0.008403361344537674,0.012694748990190251,0.012877394221404586,-0.0005125576627370773,-0.014460199354204705
2013-09-12,23.4,23.55,23.35,23.55,23.55,2886,-0.6816135428501112,-0.6845395139880636,-0.6592785429980725,-0.6570869276725237,-0.6570869276725237,0.005980350277658992,0.010946555054732887,0.017425115207373387,0.018598615916955004,0.008565310492505323,-0.006049521665728653
2013-09-13,23.55,23.6,23.4,23.55,23.55,2886,-0.6567451741862796,-0.676300355920405,-0.6509687360984394,-0.6570869276725237,-0.6570869276725237,0.004264392324093877,0.007917825807832173,0.015669925244393482,0.017388486877632565,0.01125042940570268,-0.0035260930888574957
2013-09-14,23.5,23.6,23.4,23.45,23.45,2886,-0.6650346304075568,-0.676300355920405,-0.6509687360984394,-0.6735972467594946,-0.6735972467594946,-0.0021276595744681155,0.0008536064874092861,0.010050251256281449,0.012521588946459376,0.009557430687101676,-0.004668930390492336
2013-09-16,23.55,24.0,23.55,23.95,23.95,2886,-0.6567451741862796,-0.6103870913791374,-0.6260393153995382,-0.5910456513246416,-0.5910456513246416,0.015691263782866727,0.018932142097425938,0.02878006872852241,0.03210514975220846,0.03259463654393394,0.019076661229700056
2013-09-17,23.9,24.15,23.85,24.1,24.1,2886,-0.5987189806373405,-0.5856696171761622,-0.5761804740017362,-0.5662801726941854,-0.5662801726941854,0.01602023608768982,0.02313733814476764,0.03094253529160144,0.036113499570077374,0.037630241970205904,0.027134536155704093
2013-09-18,24.2,24.3,24.1,24.1,24.1,2886,-0.5489822433096779,-0.5609521429731864,-0.5346314395035681,-0.5662801726941854,-0.5662801726941854,0.011330255979857304,0.020321761219305845,0.026696961090599193,0.03355848611557853,0.03602441750494388,0.028595817328211613
2013-09-23,24.1,24.75,24.1,24.7,24.7,2886,-0.5655611557522318,-0.48679972036426017,-0.5346314395035681,-0.4672182581723622,-0.4672182581723622,0.026600166251039094,0.039781098716059636,0.04675801666902098,0.05533005767998299,0.058722674667809734,0.05480427046263337
2013-09-24,24.65,24.75,24.35,24.75,24.75,2886,-0.4743771373181844,-0.48679972036426017,-0.4930824050053998,-0.45896309862887674,-0.45896309862887674,0.017680921052631568,0.0351317440401504,0.043130092722674915,0.05352772161328085,0.05805403556771532,0.05724049551473728
2013-09-25,24.45,24.8,24.25,24.8,24.8,2886,-0.5075349622032926,-0.47856056229660154,-0.5097020188046674,-0.45070793908539136,-0.45070793908539136,0.012658227848101212,0.03182858331599753,0.04055944055944064,0.05162726598113013,0.0570283863268264,0.05937633489961541
2013-09-26,24.7,24.7,24.2,24.2,24.2,2886,-0.46608768109690724,-0.49503887843191874,-0.518011825704301,-0.5497698536072151,-0.5497698536072151,-0.012647898816809415,0.0035247771096826577,0.013683328679139961,0.02282333051563817,0.02934921310080807,0.03242320819112635
2013-09-27,24.25,24.6,24.2,24.6,24.6,2886,-0.5406927870884007,-0.5115171945672353,-0.518011825704301,-0.48372857725933244,-0.48372857725933244,-0.0004063388866313698,0.015689512799339347,0.027139874739039754,0.03546248553088503,0.0434340006786563,0.04740278172012489
2013-09-30,24.4,24.5,24.25,24.25,24.25,2886,-0.5158244184245697,-0.5279955107025526,-0.5097020188046674,-0.5415146940637298,-0.5415146940637298,-0.011011419249592296,-0.0016467682173733696,0.00999583506872145,0.017731612632462465,0.0263246995090572,0.030672239144294153
2013-10-01,24.3,24.55,24.25,24.4,24.4,2886,-0.5324033308671235,-0.519756352634894,-0.5097020188046674,-0.5167492154332741,-0.5167492154332741,-0.002044989775051154,0.000615132253434366,0.012868410128684197,0.020600230053330535,0.030231379834487312,0.035287461989958295
2013-10-02,24.3,24.4,23.95,23.95,23.95,2886,-0.5324033308671235,-0.5444738268378698,-0.5595608602024693,-0.5910456513246416,-0.5910456513246416,-0.013591433278418382,-0.017838835349600114,-0.006910850034554299,0.00020881186051363563,0.009611331253688625,0.014902182357510967
2013-10-03,24.05,24.85,24.05,24.7,24.7,2886,-0.573850611973509,-0.470321404228943,-0.5429412464032017,-0.4672182581723622,-0.4672182581723622,0.013125512715340307,0.010431581100429495,0.02052058945048889,0.029166666666666636,0.037640732649974674,0.044176706827309314
2013-10-04,24.55,24.95,24.55,24.85,24.85,2886,-0.4909560497607382,-0.45384308809362633,-0.45984317740686537,-0.4424527795419059,-0.4424527795419059,0.017191977077363967,0.013458401305057025,0.02305475504322776,0.0324054840049855,0.04009710363301516,0.047712739793408954
2013-10-07,24.8,25.0,24.65,24.9,24.9,2886,-0.44950876865435285,-0.44560393002596776,-0.44322356360759846,-0.4341976199984211,-0.4341976199984211,0.013843648208469051,0.014669926650366726,0.021328958162428205,0.031162646236670366,0.038625177275381596,0.04695164681149251
2013-10-08,24.9,25.1,24.8,25.1,25.1,2886,-0.4329298562117991,-0.42912561389065057,-0.4182941429086972,-0.4011769818244795,-0.4011769818244795,0.016194331983805755,0.02136317395727374,0.02490812576561874,0.03537176446323612,0.04296517909083349,0.052263834544438205
2013-10-09,25.0,25.2,24.95,25.15,25.15,2886,-0.4163509437692447,-0.41264729775533393,-0.3933647222097965,-0.39292182228099465,-0.39292182228099465,0.008420208500400853,0.0219422998780983,0.023606023606023537,0.03402199609415153,0.041666666666666526,0.051201671891326975
2013-10-11,25.3,25.4,25.05,25.1,25.1,2886,-0.36661420644158216,-0.3796906654847001,-0.376745108410529,-0.4011769818244795,-0.4011769818244795,0.0031974420463629838,0.016194331983805755,0.018806656744689544,0.02837242650824552,0.037018674599239826,0.04554290474868109
2013-10-14,24.95,25.25,24.95,25.1,25.1,2886,-0.4246403999905219,-0.40440813968767536,-0.3933647222097965,-0.4011769818244795,-0.4011769818244795,0.001196649381731198,0.0141414141414142,0.016057212252057817,0.02511741882785387,0.034198599093531186,0.041998201065522885
2013-10-15,25.1,25.35,25.1,25.35,25.35,2886,-0.3997720313266903,-0.3879298235523581,-0.3684353015108952,-0.35990118410705296,-0.35990118410705296,0.007551669316375249,0.019710378117457843,0.024380387931034416,0.03153611393692786,0.04106776180698152,0.04874853478590641
2013-10-16,25.3,25.4,25.1,25.2,25.2,2886,-0.36661420644158216,-0.3796906654847001,-0.3684353015108952,-0.3846666627375092,-0.3846666627375092,0.0007942811755361228,0.010425020048115541,0.01708596798062688,0.021794221996958858,0.031518624641833796,0.03910384166036702
2013-10-17,25.2,25.3,25.0,25.0,25.0,2886,-0.38319311888413654,-0.39616898162001674,-0.3850549153101627,-0.4176873009114503,-0.4176873009114503,-0.005964214711729566,-0.0017967658215211882,0.008471157724888958,0.011531458628363347,0.020908199934661746,0.028312881332693614
2013-10-18,25.0,25.15,24.85,25.15,25.15,2886,-0.4163509437692447,-0.42088645582299256,-0.4099843360090634,-0.39292182228099465,-0.39292182228099465,-0.00039745627980942424,0.002391390992427211,0.01193669527896982,0.015443625719188319,0.024106197573092073,0.032288958817895536
2013-10-21,25.0,25.15,24.5,24.7,24.7,2886,-0.4163509437692447,-0.42088645582299256,-0.46815298430649915,-0.4672182581723622,-0.4672182581723622,-0.015151515151515112,-0.014955134596211367,-0.0064360418342719284,-0.003931847968545222,0.0039018045846203903,0.012087686949395687
2013-10-22,24.6,24.8,24.5,24.7,24.7,2886,-0.482666593539461,-0.47856056229660154,-0.46815298430649915,-0.4672182581723622,-0.4672182581723622,-0.01002004008016032,-0.014168828577130331,-0.007633587786259593,-0.003931847968545365,0.00202839756592295,0.010224948875255624
2013-10-23,24.75,24.95,24.75,24.85,24.85,2886,-0.45779822487563004,-0.45384308809362633,-0.42660394980833094,-0.4424527795419059,-0.4424527795419059,-0.001205787781350528,-0.007191370355573159,-0.002808988764044955,0.0019151295232335218,0.005828543673601631,0.014078759436849575
2013-10-24,24.7,24.95,24.65,24.95,24.95,2886,-0.46608768109690724,-0.45384308809362633,-0.44322356360759846,-0.42594246045493567,-0.42594246045493567,0.0032167269802976218,-0.002399040383846552,-0.0014674493062967787,0.005642885933091518,0.008243756566717735,0.01622428891453398
2013-10-25,24.8,25.0,24.75,24.9,24.9,2886,-0.44950876865435285,-0.44560393002596776,-0.42660394980833094,-0.4341976199984211,-0.4341976199984211,0.0032232070910555317,-0.0036014405762304865,-0.0040000000000000565,0.0022137250955925197,0.004923722657195751,0.012126549691755247
2013-10-28,24.9,25.3,24.7,25.3,25.3,2886,-0.4329298562117991,-0.39616898162001674,-0.43491375670796467,-0.3681563436505384,-0.3681563436505384,0.014434643143544484,0.011595361855258005,0.010787055533359806,0.016881028938906677,0.0190928864899702,0.02595296025952948
2013-10-29,25.0,25.1,24.7,24.85,24.85,2886,-0.4163509437692447,-0.42912561389065057,-0.43491375670796467,-0.4424527795419059,-0.4424527795419059,-0.004805766920304263,-0.0044070512820512595,-0.007059136920617834,-0.002408671216378913,0.0007248711340207891,0.005937120496559234
2013-10-30,24.9,25.1,24.75,25.1,25.1,2886,-0.4329298562117991,-0.42912561389065057,-0.42660394980833094,-0.4011769818244795,-0.4011769818244795,0.003197442046362841,0.006012024048096278,0.002930207778369771,0.006213670074163204,0.010222973516863935,0.013800067317401625
2013-10-31,24.9,25.4,24.9,25.4,25.4,2886,-0.4329298562117991,-0.3796906654847001,-0.40167452910943025,-0.35164602456356814,-0.35164602456356814,0.011549183592194168,0.016406562625050025,0.014241980567017127,0.01528929749175564,0.02131081624447115,0.02391830153184615
2013-11-01,25.3,25.3,24.7,24.95,24.95,2886,-0.36661420644158216,-0.39616898162001674,-0.43491375670796467,-0.42594246045493567,-0.42594246045493567,-0.006767515923566806,-0.000800961153384186,-0.0033288948069241956,-0.00319616460247696,0.0020080321285140847,0.004630561707268049
2013-11-04,24.75,24.8,24.55,24.55,24.55,2886,-0.45779822487563004,-0.47856056229660154,-0.45984317740686537,-0.4919837368028178,-0.4919837368028178,-0.016820184221065206,-0.016229212582648672,-0.017869049206560825,-0.018588846691984802,-0.013977026267170154,-0.012072434607645902
2013-11-05,24.55,24.7,24.4,24.5,24.5,2886,-0.4909560497607382,-0.49503887843191874,-0.48477259810576667,-0.5002388963463033,-0.5002388963463033,-0.016064257028112393,-0.017445357930619562,-0.01764234161988764,-0.01980396079215833,-0.01638027942829618,-0.01381993827988745
2013-11-06,24.5,24.5,24.15,24.3,24.3,2886,-0.4992455059820154,-0.5279955107025526,-0.5263216326039348,-0.5332595345202443,-0.5332595345202443,-0.01778496362166537,-0.023311897106109397,-0.02331189710610926,-0.026247245041073976,-0.024253132026983447,-0.021279452238705743
2013-11-07,24.3,24.3,24.1,24.15,24.15,2886,-0.5324033308671235,-0.5609521429731864,-0.5346314395035681,-0.5580250131507005,-0.5580250131507005,-0.013883217639853139,-0.026209677419354923,-0.027125016785282615,-0.030315197751455494,-0.030587668593449097,-0.026471378661650082
2013-11-08,24.1,24.35,24.1,24.2,24.2,2886,-0.5655611557522318,-0.5527129849055278,-0.5346314395035681,-0.5497698536072151,-0.5497698536072151,-0.0057518488085456275,-0.02143145976546709,-0.022617124394184118,-0.026548672566371827,-0.02780009641651937,-0.024455791453910337
2013-11-11,24.2,24.2,23.75,23.85,23.85,2886,-0.5489822433096779,-0.5774304591085035,-0.5928000878010037,-0.6075559704116119,-0.6075559704116119,-0.014462809917355284,-0.029896278218425845,-0.0345432465254351,-0.03820949692509318,-0.040318686624818745,-0.037594996301029054
2013-11-12,24.0,24.3,23.95,24.3,24.3,2886,-0.5821400681947861,-0.5609521429731864,-0.5595608602024693,-0.5332595345202443,-0.5332595345202443,0.005794701986754842,-0.009376273950264998,-0.015264082128866756,-0.01798343099616071,-0.021266312228129337,-0.019502353732347044
2013-11-13,24.4,24.4,23.8,23.95,23.95,2886,-0.5158244184245697,-0.5444738268378698,-0.58449028090137,-0.5910456513246416,-0.5910456513246416,-0.005811540058115278,-0.019045668646323975,-0.02708192281652002,-0.02967689658665039,-0.03357275441852947,-0.033039499360742956
2013-11-14,24.0,24.05,23.75,23.95,23.95,2886,-0.5821400681947861,-0.6021479333114788,-0.5928000878010037,-0.5910456513246416,-0.5910456513246416,-0.004158004158004217,-0.013185002060156728,-0.024439918533604946,-0.027608607389362556,-0.03169725883399379,-0.03303949936074282
2013-11-15,23.95,24.05,23.8,23.8,23.8,2886,-0.5904295244160633,-0.6021479333114788,-0.58449028090137,-0.6158111299550972,-0.6158111299550972,-0.007092198581560207,-0.014696750155247233,-0.027645376549094342,-0.031043256997455443,-0.03573454339194546,-0.037930337532843875
2013-11-18,23.8,24.05,23.75,23.75,23.75,2886,-0.6152978930798942,-0.6021479333114788,-0.5928000878010037,-0.6240662894985827,-0.6240662894985827,-0.008350730688935253,-0.013499480789200387,-0.025574398249453015,-0.03120538445849482,-0.03565047912944616,-0.038526415221645016
2013-11-19,23.75,23.9,23.75,23.8,23.8,2886,-0.6235873493011714,-0.6268654075144546,-0.5928000878010037,-0.6158111299550972,-0.6158111299550972,-0.0020964360587002392,-0.008539887523432694,-0.02071046495679607,-0.02738046587658364,-0.03118130749816813,-0.035069937157916155
2013-11-20,23.8,24.2,23.75,24.1,24.1,2886,-0.6152978930798942,-0.5774304591085035,-0.5928000878010037,-0.5662801726941854,-0.5662801726941854,0.009212730318257908,0.00479466333124878,-0.0056388392243157765,-0.013608922541696492,-0.01720903678329651,-0.02158468096623586
2013-11-21,24.0,24.0,23.7,23.7,23.7,2886,-0.5821400681947861,-0.6103870913791374,-0.6011098947006375,-0.6323214490420681,-0.6323214490420681,-0.005455308434746225,-0.01002506265664154,-0.017548708028188566,-0.027492819039803107,-0.0314671025745811,-0.03593220338983049
2013-11-22,23.7,24.0,23.7,24.0,24.0,2886,-0.6318768055224486,-0.6103870913791374,-0.6011098947006375,-0.5827904917811562,-0.5827904917811562,0.005446166736489425,0.003344481605351248,-0.002493765586035007,-0.013360739979444987,-0.017359973796265946,-0.02227050516023901
2013-11-25,24.25,24.65,24.2,24.2,24.2,2886,-0.5406927870884007,-0.5032780364995774,-0.518011825704301,-0.5497698536072151,-0.5497698536072151,0.010016694490817964,0.01022750991442277,0.006795174039661507,-0.002884219200659408,-0.008359285363055118,-0.01291638341264445
2013-11-26,24.35,24.6,24.25,24.55,24.55,2886,-0.5241138746458464,-0.5115171945672353,-0.5097020188046674,-0.4919837368028178,-0.4919837368028178,0.018249688925757002,0.02376980817347791,0.02121464226289509,0.012162440733869228,0.0062300188540043225,0.0024499795835035637
2013-11-27,24.5,24.65,24.4,24.55,24.55,2886,-0.4992455059820154,-0.5032780364995774,-0.48477259810576667,-0.4919837368028178,-0.4919837368028178,0.014462809917355431,0.02121464226289524,0.02050713592905635,0.01331131978124039,0.006725170179611314,0.0033376472992301654
2013-11-28,24.5,24.8,24.45,24.65,24.65,2886,-0.4992455059820154,-0.47856056229660154,-0.4764627912061329,-0.4754734177158476,-0.4754734177158476,0.010660106601065929,0.02239734549979258,0.02324616023246155,0.019016122364613364,0.011323541478624903,0.007905138339920877
2013-11-29,24.65,24.85,24.6,24.85,24.85,2886,-0.4743771373181844,-0.470321404228943,-0.45153337050723164,-0.4424527795419059,-0.4424527795419059,0.011807817589576658,0.026223415238488604,0.029696132596685163,0.027496382054992725,0.019612670277367534,0.01649850013635135
2013-12-02,24.85,24.85,24.6,24.7,24.7,2886,-0.44121931243307566,-0.470321404228943,-0.45153337050723164,-0.4672182581723622,-0.4672182581723622,0.0016220600162205655,0.01604278074866298,0.02108309218685399,0.020977575694946644,0.014457039592574205,0.010362694300518156
2013-12-03,24.7,24.9,24.55,24.55,24.55,2886,-0.46608768109690724,-0.46208224616128496,-0.45984317740686537,-0.4919837368028178,-0.4919837368028178,-0.004460665044606627,0.006766454787779484,0.014183420545304339,0.014672452986154182,0.008793556870480038,0.004432321854756261
2013-12-04,24.5,24.55,24.35,24.45,24.45,2886,-0.4992455059820154,-0.519756352634894,-0.4930824050053998,-0.5084940558897887,-0.5084940558897887,-0.007711038961039013,0.001228501228501275,0.008663366336633551,0.01022621629996896,0.005758946935417547,0.0008869482158696164
2013-12-05,24.4,24.75,24.35,24.55,24.55,2886,-0.5158244184245697,-0.48679972036426017,-0.4930824050053998,-0.4919837368028178,-0.4919837368028178,-0.0028432168968317117,0.0018363599265455274,0.011120263591433113,0.01352048715037659,0.011286867688251809,0.005529387671513332
2013-12-06,24.45,24.6,24.3,24.3,24.3,2886,-0.5075349622032926,-0.5115171945672353,-0.5013922119050336,-0.5332595345202443,-0.5332595345202443,-0.008567931456548382,-0.009578153658039655,-0.0005483959418699697,0.002992467237643239,0.002061855670103122,-0.003894240623078453
2013-12-09,24.4,24.7,24.4,24.65,24.65,2886,-0.5158244184245697,-0.49503887843191874,-0.48477259810576667,-0.4754734177158476,-0.4754734177158476,0.006122448979591778,0.0028478437754270434,0.01135120350109397,0.015761821366024383,0.016327203760204387,0.011351203501094118
2013-12-10,24.55,24.95,24.5,24.95,24.95,2886,-0.4909560497607382,-0.45384308809362633,-0.46815298430649915,-0.42594246045493567,-0.42594246045493567,0.015052888527257828,0.013403736799350198,0.02044989775051125,0.02674897119341558,0.027933421226104187,0.023519759332695234
2013-12-11,24.95,25.3,24.9,25.25,25.25,2886,-0.4246403999905219,-0.39616898162001674,-0.40167452910943025,-0.3764115031940238,-0.3764115031940238,0.02061438965238472,0.02268124746861072,0.029491709703723962,0.03632259388467055,0.038667215137803426,0.03561419099049828
2013-12-12,25.2,25.2,25.0,25.0,25.0,2886,-0.38319311888413654,-0.41264729775533393,-0.3850549153101627,-0.4176873009114503,-0.4176873009114503,0.006846556584776405,0.011122345803842207,0.015709642470205853,0.023855841097573445,0.026947091685836446,0.0259216195882635
2013-12-13,24.9,25.25,24.85,25.25,25.25,2886,-0.4329298562117991,-0.40440813968767536,-0.4099843360090634,-0.3764115031940238,-0.3764115031940238,0.009192645883293382,0.01958409045023216,0.02240518288567963,0.031033074724377212,0.03543016484868371,0.035755794079442106
2013-12-16,25.0,25.3,24.7,25.2,25.2,2886,-0.4163509437692447,-0.39616898162001674,-0.43491375670796467,-0.3846666627375092,-0.3846666627375092,0.0027855153203341313,0.015514809590973266,0.01763359806165032,0.025954198473282414,0.031096563011456545,0.03278688524590167
2013-12-17,25.0,25.35,25.0,25.0,25.0,2886,-0.4163509437692447,-0.3879298235523581,-0.3850549153101627,-0.4176873009114503,-0.4176873009114503,-0.005568814638026931,0.005631536604987955,0.008335574079053523,0.01533150573662306,0.021742684322380103,0.023890784982935103
2013-12-18,25.0,25.05,24.65,24.7,24.7,2886,-0.4163509437692447,-0.43736477195830914,-0.44322356360759846,-0.4672182581723622,-0.4672182581723622,-0.013184178985217673,-0.007434197307614979,-0.004166106706087827,0.0019267822736032043,0.008245571067025805,0.011051985264019631
2013-12-19,24.4,24.6,24.25,24.5,24.5,2886,-0.5158244184245697,-0.5115171945672353,-0.5097020188046674,-0.5002388963463033,-0.5002388963463033,-0.017248295226634566,-0.01527331189710621,-0.011831137402527548,-0.007795889440113355,-0.0008156606851549581,0.0023866348448687447
2013-12-20,24.45,24.6,24.4,24.5,24.5,2886,-0.5075349622032926,-0.5115171945672353,-0.48477259810576667,-0.5002388963463033,-0.5002388963463033,-0.01129943502824849,-0.016064257028112393,-0.010900282599919098,-0.008799433599676245,-0.0019553527782304797,0.0019766887056097975
2013-12-23,24.5,24.9,24.5,24.8,24.8,2886,-0.4992455059820154,-0.46208224616128496,-0.46815298430649915,-0.45070793908539136,-0.45070793908539136,0.004048582995951474,-0.004615693357415149,0.000941746266648876,0.002121426406707829,0.008540056933712925,0.012933968686181066
2013-12-24,24.8,24.9,24.7,24.75,24.75,2886,-0.44950876865435285,-0.46208224616128496,-0.43491375670796467,-0.45896309862887674,-0.45896309862887674,0.0040567951318459,-0.005824462743522779,-0.0016135538523597882,-0.0003029385034838043,0.004953711222998209,0.010272807673991366
2013-12-25,24.75,24.9,24.7,24.8,24.8,2886,-0.45779822487563004,-0.46208224616128496,-0.43491375670796467,-0.45070793908539136,-0.45070793908539136,0.005269558167815119,-0.0020120724346076742,-0.0005373455131649059,0.0012111425111021857,0.0058403634003894355,0.011144332699103168
2013-12-26,24.75,24.95,24.75,24.9,24.9,2886,-0.45779822487563004,-0.45384308809362633,-0.42660394980833094,-0.4341976199984211,-0.4341976199984211,0.006060606060606003,0.0024154589371980163,0.0025499932894914564,0.00474124886512659,0.007933937823834114,0.013912453342382015
2013-12-27,24.85,25.0,24.8,24.9,24.9,2886,-0.44121931243307566,-0.44560393002596776,-0.4182941429086972,-0.4341976199984211,-0.4341976199984211,0.0028191703584372423,0.0038298730094738507,0.0009379606056544235,0.004639903167238186,0.006467259498787395,0.012400894490750288
2013-12-30,25.0,25.15,24.95,25.15,25.15,2886,-0.4163509437692447,-0.42088645582299256,-0.3933647222097965,-0.39292182228099465,-0.39292182228099465,0.010040160642570281,0.014112903225806364,0.009634684865515794,0.013806308576035521,0.01501331826620374,0.020629015894487637
2013-12-31,25.2,25.3,25.1,25.1,25.1,2886,-0.38319311888413654,-0.39616898162001674,-0.3684353015108952,-0.4011769818244795,-0.4011769818244795,0.005206247496996355,0.011688835147118206,0.007223113964686986,0.010670424803704472,0.012096774193548416,0.01681182904597945
2014-01-02,25.0,25.45,25.0,25.25,25.25,2886,-0.4163509437692447,-0.3714515074170415,-0.3850549153101627,-0.3764115031940238,-0.3764115031940238,0.007581803671189198,0.015483611502111465,0.013242375601926095,0.01507537688442211,0.016996938939906437,0.021302413374679814
2014-01-03,25.15,25.3,25.0,25.0,25.0,2886,-0.39148257510541373,-0.39616898162001674,-0.3850549153101627,-0.4176873009114503,-0.4176873009114503,-0.0031897926634769473,0.0034115994380895386,0.003210272873194153,0.004116879204739398,0.006360196441510252,0.009421265141319015
2014-01-06,24.9,25.0,24.8,24.85,24.85,2886,-0.4329298562117991,-0.44560393002596776,-0.4182941429086972,-0.4424527795419059,-0.4424527795419059,-0.008775428799361742,-0.004008016032064043,-0.0017407605784679747,-0.003009027081243703,0.0003220352628612478,0.0022181891510385044
2014-01-07,24.85,24.95,24.7,24.7,24.7,2886,-0.44121931243307566,-0.45384308809362633,-0.43491375670796467,-0.4672182581723622,-0.4672182581723622,-0.011208967173739037,-0.009623095429029751,-0.0064360418342719284,-0.009126466753585364,-0.005716125915787757,-0.004500570967958681
2014-01-08,24.7,25.0,24.7,24.85,24.85,2886,-0.46608768109690724,-0.44560393002596776,-0.43491375670796467,-0.4424527795419059,-0.4424527795419059,-0.003208985158443574,-0.004008016032064043,0.0,-0.0029090179556624744,-0.00016093988895138743,0.0011414758611427824
2014-01-09,24.7,24.9,24.5,24.6,24.6,2886,-0.46608768109690724,-0.46208224616128496,-0.46815298430649915,-0.48372857725933244,-0.48372857725933244,-0.008064516129032228,-0.013237063778579956,-0.009794713538172647,-0.011651265568501372,-0.010458567980691795,-0.008996911507989628
2014-01-10,24.7,24.75,24.5,24.6,24.6,2886,-0.46608768109690724,-0.48679972036426017,-0.46815298430649915,-0.48372857725933244,-0.48372857725933244,-0.004854368932038731,-0.012048192771084223,-0.01006036217303823,-0.010856453558504063,-0.010538170702276584,-0.008930369972470181
2014-01-13,24.7,24.85,24.65,24.65,24.65,2886,-0.46608768109690724,-0.470321404228943,-0.44322356360759846,-0.4754734177158476,-0.4754734177158476,-0.0012155591572123637,-0.009045226130653323,-0.008447304907482075,-0.0076489533011272655,-0.009085061907058977,-0.006649204110417053
2014-01-14,24.6,24.7,24.55,24.65,24.65,2886,-0.482666593539461,-0.49503887843191874,-0.45984317740686537,-0.4754734177158476,-0.4754734177158476,-0.0008107012565869305,-0.007049345417925507,-0.008048289738430697,-0.006549118387909377,-0.009085061907058977,-0.006582482536270991
2014-01-15,24.65,24.95,24.65,24.8,24.8,2886,-0.4743771373181844,-0.45384308809362633,-0.44322356360759846,-0.45070793908539136,-0.45070793908539136,0.005677210056771979,0.00020165355918527948,-0.0021459227467811653,-0.00010079629069655392,-0.002814636107760365,-0.0008728933055797244
2014-01-16,24.95,25.0,24.85,24.85,24.85,2886,-0.4246403999905219,-0.44560393002596776,-0.4099843360090634,-0.4424527795419059,-0.4424527795419059,0.005665722379603422,0.003837608563926433,-0.00026820437173130115,0.0016122531237403928,-0.00016093988895138743,0.000603986309643671
2014-01-17,24.75,24.8,24.65,24.7,24.7,2886,-0.45779822487563004,-0.47856056229660154,-0.44322356360759846,-0.4672182581723622,-0.4672182581723622,-0.0012131014961584143,-0.0010111223458039284,-0.005769488796457988,-0.004834810636583441,-0.005716125915787899,-0.005636070853462039
2014-01-20,24.7,24.95,24.65,24.85,24.85,2886,-0.46608768109690724,-0.45384308809362633,-0.44322356360759846,-0.4424527795419059,-0.4424527795419059,0.0032297133629391136,0.005055611729019211,0.00040257648953321727,0.0005032712632109851,0.0009667284298718018,-0.00033523298692589445
2014-01-21,24.85,24.85,24.65,24.7,24.7,2886,-0.44121931243307566,-0.470321404228943,-0.44322356360759846,-0.4672182581723622,-0.4672182581723622,-0.0032284100080709564,-0.0010111223458039284,-0.004433696090286295,-0.005335749521796187,-0.004273159719422644,-0.006436041834272071
2014-01-22,24.7,24.85,24.65,24.85,24.85,2886,-0.46608768109690724,-0.470321404228943,-0.44322356360759846,-0.4424527795419059,-0.4424527795419059,0.0024203307785398255,0.005055611729019211,0.0022855606345792588,0.0005032712632109851,0.002016129032258093,-0.00026820437173130115
2014-01-23,24.9,24.9,24.7,24.75,24.75,2886,-0.4329298562117991,-0.46208224616128496,-0.43491375670796467,-0.45896309862887674,-0.45896309862887674,-0.000807428340734886,0.000404203718674275,-0.00040387722132463697,-0.0034225890879807067,-0.002096605112490912,-0.003623188405797096
2014-01-24,24.7,24.75,24.55,24.7,24.7,2886,-0.46608768109690724,-0.48679972036426017,-0.45984317740686537,-0.4672182581723622,-0.4672182581723622,-0.002825999192571671,-0.002020202020202049,-0.0016168148746968129,-0.005035246727089627,-0.004433696090286153,-0.005235602094240798
2014-01-27,24.45,24.45,24.25,24.45,24.45,2886,-0.5075349622032926,-0.5362346687702112,-0.5097020188046674,-0.5084940558897887,-0.5084940558897887,-0.009720534629404698,-0.011322280630812824,-0.010655516590234775,-0.014212276988206941,-0.014430828764914425,-0.014245397124042545
2014-02-05,24.0,24.2,23.9,24.0,24.0,2886,-0.5821400681947861,-0.5774304591085035,-0.567870667102103,-0.5827904917811562,-0.5827904917811562,-0.02240325865580451,-0.026961281167646428,-0.027027027027027074,-0.030107092341887288,-0.03132063287051985,-0.030825144703190144
2014-02-06,23.95,24.3,23.9,24.05,24.05,2886,-0.5904295244160633,-0.5609521429731864,-0.567870667102103,-0.5745353322376708,-0.5745353322376708,-0.013940139401393865,-0.02196014640097597,-0.02288732394366194,-0.02602004657284594,-0.0282042993373202,-0.027562504211874044
2014-02-07,24.2,24.35,24.1,24.35,24.35,2886,-0.5489822433096779,-0.5527129849055278,-0.5346314395035681,-0.5250043749767589,-0.5250043749767589,0.0016454134101194036,-0.007742461287693469,-0.010028459140804965,-0.012070189674409145,-0.015365952284674444,-0.014967637540453113
2014-02-10,24.35,24.45,24.2,24.2,24.2,2886,-0.5241138746458464,-0.5362346687702112,-0.518011825704301,-0.5497698536072151,-0.5497698536072151,-0.0004130524576621876,-0.011841567986933409,-0.015059015059015099,-0.01655999187239658,-0.02032224111407979,-0.020639417239983873
2014-02-11,24.2,24.35,24.2,24.25,24.25,2886,-0.5489822433096779,-0.5527129849055278,-0.518011825704301,-0.5415146940637298,-0.5415146940637298,0.0033098882912700987,-0.007367990176013087,-0.011951650142604903,-0.01332519580917508,-0.017263738045063964,-0.018284866068416488
2014-02-12,24.35,24.45,24.15,24.25,24.25,2886,-0.5241138746458464,-0.5362346687702112,-0.5263216326039348,-0.5415146940637298,-0.5415146940637298,0.0012386457473161677,-0.005536190280910315,-0.01087695445275319,-0.012421095499898177,-0.0158279220779221,-0.017555705604321414
2014-02-13,24.3,24.3,24.05,24.1,24.1,2886,-0.5324033308671235,-0.5609521429731864,-0.5429412464032017,-0.5662801726941854,-0.5662801726941854,-0.005365249690466323,-0.00863842040312632,-0.015120555782590967,-0.017028653002957087,-0.02032520325203252,-0.022774886801378545
2014-02-14,24.15,24.3,24.0,24.05,24.05,2886,-0.5572716995309551,-0.5609521429731864,-0.5512510533028355,-0.5745353322376708,-0.5745353322376708,-0.004964832436905149,-0.00783828382838289,-0.0150170648464164,-0.01796651694569217,-0.0204463994786575,-0.023812745230685942
2014-02-17,24.05,24.15,23.95,23.95,23.95,2886,-0.573850611973509,-0.5856696171761622,-0.5595608602024693,-0.5910456513246416,-0.5910456513246416,-0.007048092868988316,-0.008897165321746323,-0.01709986320109444,-0.02075028109986727,-0.022847817217462353,-0.026620605567974034
2014-02-18,24.0,24.2,23.9,24.15,24.15,2886,-0.5821400681947861,-0.5774304591085035,-0.567870667102103,-0.5580250131507005,-0.5580250131507005,0.00207468879668038,0.0006215040397762821,-0.006990131578947439,-0.011562468024148119,-0.013560983579772925,-0.017493897477624216
2014-02-19,24.1,24.1,23.85,24.0,24.0,2886,-0.5655611557522318,-0.5939087752438202,-0.5761804740017362,-0.5827904917811562,-0.5827904917811562,-0.0020790020790021086,-0.005593536357986245,-0.011260642680582116,-0.01639344262295076,-0.018565469861781328,-0.022071307300509387
2014-02-20,23.9,24.0,23.8,23.8,23.8,2886,-0.5987189806373405,-0.6103870913791374,-0.58449028090137,-0.6158111299550972,-0.6158111299550972,-0.007919966652772042,-0.012857735379510524,-0.016664371298719147,-0.022587268993839865,-0.02506963788300829,-0.02850534049935373
2014-02-21,24.0,24.25,23.95,24.25,24.25,2886,-0.5821400681947861,-0.569191301040845,-0.5595608602024693,-0.5415146940637298,-0.5415146940637298,0.009155222638368658,0.006224066390041434,0.0033098882912700987,-0.002878289473684222,-0.0060660709894254945,-0.008788064582055992
2014-02-24,24.1,24.15,23.85,24.0,24.0,2886,-0.5655611557522318,-0.5856696171761622,-0.5761804740017362,-0.5827904917811562,-0.5827904917811562,-0.0016638935108152725,-0.003322259136212701,-0.005112615724747886,-0.011735639283508344,-0.015344219250020321,-0.017668326625281467
2014-02-25,24.0,24.1,23.85,24.0,24.0,2886,-0.5821400681947861,-0.5939087752438202,-0.5761804740017362,-0.5827904917811562,-0.5827904917811562,-0.00041649312786330744,-0.002286426938266461,-0.0038738240177087786,-0.01000309374033205,-0.014292755051749732,-0.01652779674907796
2014-02-26,24.0,24.15,23.95,24.15,24.15,2886,-0.5821400681947861,-0.5856696171761622,-0.5595608602024693,-0.5580250131507005,-0.5580250131507005,0.004575707154742073,0.0043668122270741055,0.001936108422071644,-0.0026842865992152687,-0.007316672147320139,-0.009637071970473629
2014-02-27,24.15,24.25,24.05,24.2,24.2,2886,-0.5572716995309551,-0.569191301040845,-0.5429412464032017,-0.5497698536072151,-0.5497698536072151,0.0033167495854063787,0.006027852837247956,0.003594138789051525,0.0007236638064715515,-0.00427913100724172,-0.0067040634833766865
2014-03-03,24.1,24.15,23.7,23.9,23.9,2886,-0.5655611557522318,-0.5856696171761622,-0.6011098947006375,-0.599300810868127,-0.599300810868127,-0.006237006237006326,-0.005823627287853601,-0.007612456747404854,-0.009942004971002567,-0.015082831945932568,-0.01807723911257195
2014-03-04,23.7,23.85,23.7,23.7,23.7,2886,-0.6318768055224486,-0.6351045655821126,-0.6011098947006375,-0.6323214490420681,-0.6323214490420681,-0.012088370154230895,-0.013116801998750687,-0.014553014553014611,-0.016189290161892925,-0.021712210022290093,-0.02509255450431933
2014-03-05,23.8,23.9,23.7,23.7,23.7,2886,-0.6152978930798942,-0.6268654075144546,-0.6011098947006375,-0.6323214490420681,-0.6323214490420681,-0.009611366485582968,-0.011264080100125286,-0.013048306496390863,-0.014655441222326126,-0.01985111662531019,-0.02382096519530445
2014-03-06,23.85,23.95,23.7,23.85,23.85,2886,-0.607008436858617,-0.618626249446796,-0.6011098947006375,-0.6075559704116119,-0.6075559704116119,-0.0008378718056137232,-0.004383218534752679,-0.0056976097832128975,-0.008109794135994873,-0.012258759214776748,-0.01656243557143827
2014-03-07,24.0,24.2,23.9,24.2,24.2,2886,-0.5821400681947861,-0.5774304591085035,-0.567870667102103,-0.5497698536072151,-0.5497698536072151,0.013824884792626807,0.008543446551364946,0.00861350375104197,0.006132418667498069,0.0033167495854062308,-0.0013068299057708167
2014-03-10,24.0,24.1,23.9,23.9,23.9,2886,-0.5821400681947861,-0.5939087752438202,-0.567870667102103,-0.599300810868127,-0.599300810868127,0.0012568077084206594,-0.0025041736227046025,-0.003474635163307951,-0.005409904286308887,-0.00772232832350743,-0.012396694214876063
2014-03-11,23.9,23.95,23.75,23.75,23.75,2886,-0.5987189806373405,-0.618626249446796,-0.5928000878010037,-0.6240662894985827,-0.6240662894985827,-0.005443886097152535,-0.007729266764152861,-0.009178139340842526,-0.010725814849526201,-0.012391882900864865,-0.017309151093028198
2014-03-12,23.7,23.75,23.55,23.6,23.6,2886,-0.6318768055224486,-0.6515828817174298,-0.6260393153995382,-0.6488317681290383,-0.6488317681290383,-0.010896898575021019,-0.012345679012345602,-0.01392757660167126,-0.015641293013555786,-0.017239943366369533,-0.021829234595192065
2014-03-13,23.6,23.8,23.35,23.35,23.35,2886,-0.6484557179650025,-0.6433437236497712,-0.6592785429980725,-0.6901075658464648,-0.6901075658464648,-0.017255892255892115,-0.01952550913289928,-0.02260359983256589,-0.02423735896364389,-0.02659663164915798,-0.030382725448127708
2014-03-14,23.3,23.35,23.15,23.15,23.15,2886,-0.6981924552926649,-0.7174961462586974,-0.6925177705966076,-0.7231282040204065,-0.7231282040204065,-0.016985138004246374,-0.023618726275833078,-0.029214425496225983,-0.030670993405213093,-0.033483633934535725,-0.036420395421436005
2014-03-17,23.15,23.15,22.9,23.15,23.15,2886,-0.7230608239564965,-0.7504527785293318,-0.7340668050947758,-0.7231282040204065,-0.7231282040204065,-0.010683760683760684,-0.02052041463930609,-0.026219854178351158,-0.028841111693759833,-0.03154283801874169,-0.034276576513940164
2014-03-18,23.15,23.6,23.15,23.45,23.45,2886,-0.7230608239564965,-0.676300355920405,-0.6925177705966076,-0.6735972467594946,-0.6735972467594946,0.0047129391602399075,-0.006776789495976287,-0.012076955483780459,-0.015223097112860922,-0.017759906174080714,-0.020058503969912263
2014-03-19,23.4,23.4,23.2,23.25,23.25,2886,-0.6816135428501112,-0.7092569881910394,-0.6842079636969739,-0.7066178849334357,-0.7066178849334357,-0.000859475719810897,-0.013367281985996085,-0.01843512524627079,-0.02177343010413387,-0.02450281111017872,-0.026789451653411348
2014-03-20,23.15,23.15,22.9,22.9,22.9,2886,-0.7230608239564965,-0.7504527785293318,-0.7340668050947758,-0.764404001737833,-0.764404001737833,-0.012079378774805916,-0.02428632296548787,-0.029798051122722918,-0.03426462836056932,-0.03700588730025242,-0.03996646171045291
2014-03-21,22.9,22.95,22.75,22.75,22.75,2886,-0.7645081050628819,-0.7834094107999656,-0.7589962257936765,-0.7891694803682886,-0.7891694803682886,-0.015151515151515213,-0.024651661307609832,-0.03218944980147465,-0.03846153846153847,-0.041136306162016315,-0.04451910961780774
2014-03-24,22.75,22.95,22.6,22.8,22.8,2886,-0.7893764737267128,-0.7834094107999656,-0.7839256464925771,-0.7809143208248032,-0.7809143208248032,-0.009986973512809397,-0.01787637303467582,-0.027027027027027008,-0.033386327503974474,-0.036999493157627884,-0.04033672395650644
2014-03-25,22.8,23.15,22.75,23.0,23.0,2886,-0.7810870175054356,-0.7504527785293318,-0.7589962257936765,-0.7478936826508621,-0.7478936826508621,0.002615518744551102,-0.006050129645635288,-0.016533637400228052,-0.022835900159320292,-0.026990439123445224,-0.03028599536223724
2014-03-26,23.05,23.3,23.0,23.1,23.1,2886,-0.7396397363990503,-0.725735304326356,-0.7174471912955083,-0.7313833635638913,-0.7313833635638913,0.008293321693583643,0.00043308791684718766,-0.010565391205025828,-0.016707459827604482,-0.02102051195117811,-0.02449324324324317
2014-03-27,23.0,23.25,23.0,23.05,23.05,2886,-0.7479291926203275,-0.7339744623940146,-0.7174471912955083,-0.7396385231073768,-0.7396385231073768,0.00479511769834348,-0.00043365134431923514,-0.010446479679450442,-0.016533333333333303,-0.02156379998302074,-0.024957698815566684
2014-03-28,23.0,23.35,23.0,23.35,23.35,2886,-0.7479291926203275,-0.7174961462586974,-0.7174471912955083,-0.6901075658464648,-0.6901075658464648,0.012575888985255817,0.011698440207972251,0.004877349017357622,-0.0019234879247701712,-0.0080713678844519,-0.011221681134871927
2014-03-31,23.2,23.6,23.1,23.6,23.6,2886,-0.7147713677352193,-0.676300355920405,-0.7008275774962408,-0.6488317681290383,-0.6488317681290383,0.01636520241171415,0.0205405405405406,0.016511127063891018,0.009409751924721935,0.003657395594114233,0.0
2014-04-01,23.35,23.45,23.25,23.4,23.4,2886,-0.6899029990713877,-0.7010178301233808,-0.6758981567973401,-0.68185240630298,-0.68185240630298,0.00429184549356214,0.012110726643598512,0.00891060649611959,0.0014979670447248699,-0.0038314176245209165,-0.0077037246448513
2014-04-02,23.35,23.5,23.3,23.4,23.4,2886,-0.6899029990713877,-0.6927786720557222,-0.6675883498977063,-0.68185240630298,-0.68185240630298,0.0017123287671232511,0.011454506159498466,0.009490940465918847,0.0021413276231262166,-0.0028125799028384064,-0.0066506296872788865
2014-04-03,23.4,23.5,23.3,23.4,23.4,2886,-0.6816135428501112,-0.6927786720557222,-0.6675883498977063,-0.68185240630298,-0.68185240630298,-0.001280409731114005,0.009273237006685352,0.009345794392523293,0.003107919837102047,-0.0015360983102919168,-0.0058065429825803734
2014-04-07,23.35,23.45,23.15,23.35,23.35,2886,-0.6899029990713877,-0.7010178301233808,-0.6925177705966076,-0.6901075658464648,-0.6901075658464648,-0.0034144259496371445,0.004517100451710063,0.006610145135795487,0.0027914966716771003,-0.0022220323049311854,-0.007298235669240983
2014-04-08,23.4,23.5,23.35,23.45,23.45,2886,-0.6816135428501112,-0.6927786720557222,-0.6592785429980725,-0.6735972467594946,-0.6735972467594946,0.0021367521367521673,0.006006006006006031,0.010050251256281449,0.008060182697474477,0.0028224426958603725,-0.0019153011278996257
2014-04-09,23.5,23.7,23.45,23.7,23.7,2886,-0.6650346304075568,-0.6598220397850884,-0.6426589291988056,-0.6323214490420681,-0.6323214490420681,0.010230179028132926,0.013686911890504718,0.020086083213773243,0.018916595012897736,0.01351351351351347,0.00915477964658292
2014-04-10,23.75,23.85,23.65,23.85,23.85,2886,-0.6235873493011714,-0.6351045655821126,-0.6094197016002713,-0.6075559704116119,-0.6075559704116119,0.012738853503184744,0.016840758900021298,0.02477800057290196,0.024814695456010335,0.019666524155622096,0.015758091993185733
2014-04-11,23.7,23.85,23.65,23.85,23.85,2886,-0.6318768055224486,-0.6351045655821126,-0.6094197016002713,-0.6075559704116119,-0.6075559704116119,0.008883248730964502,0.013384321223709424,0.021996857591772695,0.023714990878849748,0.019666524155622096,0.01619088197699186
2014-04-14,23.85,23.9,23.75,23.75,23.75,2886,-0.607008436858617,-0.6268654075144546,-0.5928000878010037,-0.6240662894985827,-0.6240662894985827,0.0012647554806069806,0.007423117709437994,0.014812704742914153,0.018111670774836542,0.01617319869929831,0.012577275634193209
2014-04-15,23.75,23.85,23.7,23.8,23.8,2886,-0.6235873493011714,-0.6351045655821126,-0.6011098947006375,-0.6158111299550972,-0.6158111299550972,0.0004203446826398303,0.008688281415554222,0.014060502769492896,0.01883561643835622,0.018486819582334755,0.014853244261246661
2014-04-16,23.8,23.9,23.7,23.7,23.7,2886,-0.6152978930798942,-0.6268654075144546,-0.6011098947006375,-0.6323214490420681,-0.6323214490420681,-0.003783102143757876,0.0031746031746031447,0.007795889440113405,0.014012193817520616,0.014294273731062212,0.010589154999644725
2014-04-17,23.7,23.9,23.7,23.8,23.8,2886,-0.6318768055224486,-0.6268654075144546,-0.6011098947006375,-0.6158111299550972,-0.6158111299550972,0.0008410428931875346,0.005704627086414602,0.010043853444617406,0.017094017094017186,0.018225378625823494,0.01470901726710733
2014-04-18,23.8,23.9,23.75,23.85,23.85,2886,-0.6152978930798942,-0.6268654075144546,-0.5928000878010037,-0.6075559704116119,-0.6075559704116119,0.002943650126156446,0.0059046815689582696,0.009880028228652122,0.017166009169421195,0.019492177481405467,0.01684075890002145
2014-04-21,23.7,23.8,23.65,23.7,23.7,2886,-0.6318768055224486,-0.6433437236497712,-0.6094197016002713,-0.6323214490420681,-0.6323214490420681,-0.0029448885149348037,-0.0018951358180668838,0.0025380710659897937,0.008725260693764558,0.01212845917321485,0.011164047500533316
2014-04-22,23.7,23.7,23.55,23.55,23.55,2886,-0.6318768055224486,-0.6598220397850884,-0.6260393153995382,-0.6570869276725237,-0.6570869276725237,-0.007166947723440058,-0.008629762155335795,-0.003666619658722146,0.000743652395623153,0.005035848412427387,0.005264655663062103
2014-04-23,23.55,23.65,23.45,23.45,23.45,2886,-0.6567451741862796,-0.668061197852747,-0.6426589291988056,-0.6735972467594946,-0.6735972467594946,-0.00929446556822978,-0.011799410029498573,-0.00803722504230124,-0.004457652303120375,0.0007681802663025215,0.0014234875444839048
2014-04-24,23.45,23.6,23.4,23.6,23.6,2886,-0.673324086628834,-0.676300355920405,-0.6509687360984394,-0.6488317681290383,-0.6488317681290383,-0.0012695725772323798,-0.004429445264711954,-0.002254791431792461,0.0008481764206956374,0.006568284568796531,0.007829181494661932
2014-04-25,23.4,23.45,23.1,23.1,23.1,2886,-0.6816135428501112,-0.7010178301233808,-0.7008275774962408,-0.7313833635638913,-0.7313833635638913,-0.016183986371379855,-0.022429115531104573,-0.022566995768688213,-0.020460086928866816,-0.015093374264517746,-0.01317194731221076
2014-04-28,23.0,23.2,22.95,23.15,23.15,2886,-0.7479291926203275,-0.7422136204616733,-0.7257569981951421,-0.7231282040204065,-0.7231282040204065,-0.009413778348309901,-0.017819261773440887,-0.01989839119390357,-0.017923427722982267,-0.013634426927993196,-0.011035955856176706
2014-04-29,23.15,23.2,23.05,23.15,23.15,2886,-0.7230608239564965,-0.7422136204616733,-0.7091373843958746,-0.7231282040204065,-0.7231282040204065,-0.006011163589523426,-0.015103169538396105,-0.01906779661016976,-0.016985138004246374,-0.014222449327201634,-0.011035955856176706
2014-04-30,23.15,23.15,23.05,23.1,23.1,2886,-0.7230608239564965,-0.7504527785293318,-0.7091373843958746,-0.7313833635638913,-0.7313833635638913,-0.005167958656330792,-0.01471529110684576,-0.0195246179966043,-0.018483110261312885,-0.01651907356948236,-0.012679868927197614
2014-05-02,23.1,23.3,23.05,23.25,23.25,2886,-0.7313502801777731,-0.725735304326356,-0.7091373843958746,-0.7066178849334357,-0.7066178849334357,0.00431965442764585,-0.005985463873450066,-0.011479591836734675,-0.011794708320050999,-0.010385630373712427,-0.00626869924490675
2014-05-05,23.25,23.25,23.1,23.1,23.1,2886,-0.7064819115139421,-0.7339744623940146,-0.7008275774962408,-0.7313833635638913,-0.7313833635638913,-0.0021598272138227716,-0.009221531203088135,-0.01576480613549216,-0.017543859649122716,-0.016853932584269548,-0.012961116650049603
2014-05-06,23.1,23.5,23.0,23.45,23.45,2886,-0.7313502801777731,-0.6927786720557222,-0.7174471912955083,-0.6735972467594946,-0.6735972467594946,0.010340370529943922,0.006869901245169607,0.0,-0.002870203040289255,-0.0021276595744681155,0.0009960159362549842
2014-05-07,23.35,23.6,23.2,23.6,23.6,2886,-0.6899029990713877,-0.676300355920405,-0.6842079636969739,-0.6488317681290383,-0.6488317681290383,0.012875536480686725,0.013092938398798167,0.006969136680415332,0.003188097768331683,0.004255319148936231,0.006253553155201888
2014-05-08,23.6,23.75,23.35,23.6,23.6,2886,-0.6484557179650025,-0.6515828817174298,-0.6592785429980725,-0.6488317681290383,-0.6488317681290383,0.00854700854700867,0.012441012441012403,0.0072556551429791595,0.003401360544217766,0.003913561340820093,0.005396194262993402
2014-05-09,23.55,23.65,23.5,23.5,23.5,2886,-0.6567451741862796,-0.668061197852747,-0.634349122299172,-0.6653420872160092,-0.6653420872160092,0.0021321961620469386,0.008583690987124432,0.003844510892780857,-0.00010637166258914067,-0.0005103776794826856,0.0005676979846720918
2014-05-12,23.5,23.55,23.2,23.2,23.2,2886,-0.6650346304075568,-0.6845395139880636,-0.6842079636969739,-0.714873044476921,-0.714873044476921,-0.01150404772049438,-0.004719004719004695,-0.007132667617689066,-0.01150404772049423,-0.012933968686181161,-0.012415750266051842
2014-05-13,23.25,23.55,23.25,23.5,23.5,2886,-0.7064819115139421,-0.6845395139880636,-0.6758981567973401,-0.6653420872160092,-0.6653420872160092,0.0008517887563883975,0.006639537374169954,0.006280331144733155,0.0018117872748588055,-0.00042535091450453266,0.00014186409419778072
2014-05-14,23.55,23.6,23.4,23.6,23.6,2886,-0.6567451741862796,-0.676300355920405,-0.6509687360984394,-0.6488317681290383,-0.6488317681290383,0.005110732538330536,0.008978195810175324,0.010418153275296087,0.0065038916728863815,0.0035720360605543486,0.0043977869201305975
2014-05-15,23.5,23.75,23.4,23.75,23.75,2886,-0.6650346304075568,-0.6515828817174298,-0.6509687360984394,-0.6240662894985827,-0.6240662894985827,0.010208421948107274,0.012577275634193056,0.01597034079566526,0.012793176972281481,0.009864784420443886,0.010280042538107074
2014-05-16,23.65,23.75,23.5,23.75,23.75,2886,-0.6401662617437258,-0.6515828817174298,-0.634349122299172,-0.6240662894985827,-0.6240662894985827,0.008064516129032313,0.010423314188470428,0.015535917901938425,0.012901162170807208,0.01003657395594117,0.009778911564625868
2014-05-19,23.65,23.8,23.6,23.8,23.8,2886,-0.6401662617437258,-0.6433437236497712,-0.6177295084999044,-0.6158111299550972,-0.6158111299550972,0.0050675675675676095,0.009544008483563158,0.015647226173541983,0.01514182128385585,0.012249064307587473,0.011331444759206758
2014-05-20,23.8,23.85,23.5,23.5,23.5,2886,-0.6152978930798942,-0.6351045655821126,-0.634349122299172,-0.6653420872160092,-0.6653420872160092,-0.00760135135135134,-0.0033927056827820967,0.001847378144095481,0.0027736291871133466,-8.509914049878496e-05,-0.0016285491751044678
2014-05-21,23.5,23.55,23.3,23.4,23.4,2886,-0.6650346304075568,-0.6845395139880636,-0.6675883498977063,-0.68185240630298,-0.68185240630298,-0.010152284263959475,-0.006791171477079952,-0.003124112468048884,-0.0011738341692456903,-0.0036617559397088507,-0.0058065429825805235
2014-05-22,23.45,23.85,23.45,23.8,23.8,2886,-0.673324086628834,-0.6351045655821126,-0.6426589291988056,-0.6158111299550972,-0.6158111299550972,0.006342494714587829,0.009329940627650654,0.011904761904761953,0.01514182128385585,0.01319710515112793,0.011045029736618436
2014-05-23,23.7,24.2,23.7,24.15,24.15,2886,-0.6318768055224486,-0.5774304591085035,-0.6011098947006375,-0.5580250131507005,-0.5580250131507005,0.01769911504424771,0.021357580883907608,0.024173027989821898,0.028863563744807686,0.02748468345813467,0.025477707006369334
2014-05-26,24.2,24.45,24.15,24.35,24.35,2886,-0.5489822433096779,-0.5362346687702112,-0.5263216326039348,-0.5250043749767589,-0.5250043749767589,0.02139261744966465,0.02483164983164998,0.029018171573461083,0.03462927554705763,0.035113076007481744,0.03323903818953331
2014-05-27,24.4,24.5,24.25,24.5,24.5,2886,-0.5158244184245697,-0.5279955107025526,-0.5097020188046674,-0.5002388963463033,-0.5002388963463033,0.019134775374376075,0.02682313495389776,0.032303370786516815,0.038025632877873146,0.040074715571404115,0.03850229600847764
2014-05-28,24.5,24.85,24.5,24.85,24.85,2886,-0.4992455059820154,-0.470321404228943,-0.46815298430649915,-0.4424527795419059,-0.4424527795419059,0.021372790793259332,0.0360642067959142,0.04338698390482862,0.04907651715039584,0.052609284988139805,0.05177765237020313
2014-05-29,24.85,24.9,24.6,24.65,24.65,2886,-0.44121931243307566,-0.46208224616128496,-0.45153337050723164,-0.4754734177158476,-0.4754734177158476,0.006122448979591778,0.023883696780893013,0.03195646106614563,0.03723963812329047,0.04201893811295215,0.041916167664670524
2014-05-30,24.65,25.05,24.6,25.05,25.05,2886,-0.4743771373181844,-0.43736477195830914,-0.45153337050723164,-0.40943214136796485,-0.40943214136796485,0.014991896272285291,0.03491014253253455,0.04418507711546472,0.05009431984908825,0.056338028169014016,0.05696202531645576
2014-06-03,25.0,25.0,24.6,24.8,24.8,2886,-0.4163509437692447,-0.44560393002596776,-0.45153337050723164,-0.45070793908539136,-0.45070793908539136,0.001211142511102042,0.020366179798395435,0.029187992806750426,0.03592314118629906,0.0428054831385083,0.045017206264484785
2014-06-04,24.6,24.95,24.5,24.8,24.8,2886,-0.482666593539461,-0.45384308809362633,-0.46815298430649915,-0.45070793908539136,-0.45070793908539136,-0.0012082158679017775,0.014937589523224964,0.025499655410062046,0.03301051754660004,0.039919490103991866,0.04340509080709642
2014-06-05,24.6,24.95,24.55,24.8,24.8,2886,-0.482666593539461,-0.45384308809362633,-0.45984317740686537,-0.45070793908539136,-0.45070793908539136,-0.0008058017727638829,0.009155645981688765,0.022118422860283097,0.030435234237041725,0.0370494271138245,0.0415791684166316
2014-06-06,24.8,24.9,24.75,24.8,24.8,2886,-0.44950876865435285,-0.46208224616128496,-0.42660394980833094,-0.45070793908539136,-0.45070793908539136,-0.0020120724346076742,0.005065856129685917,0.0191780821917809,0.027872759299554427,0.03410891501959794,0.03961433661706142
2014-06-09,24.8,24.85,24.75,24.85,24.85,2886,-0.44950876865435285,-0.470321404228943,-0.42660394980833094,-0.4424527795419059,-0.4424527795419059,0.0016122531237405362,0.0042432814710044045,0.01816443594646264,0.027071709030791532,0.03343591449721376,0.039893988003905846
2014-06-10,24.85,25.0,24.8,25.0,25.0,2886,-0.44121931243307566,-0.44560393002596776,-0.4182941429086972,-0.4176873009114503,-0.4176873009114503,0.00603621730382288,0.007658202337766937,0.02096378981758774,0.02944204241301199,0.03639830859796037,0.043405676126878096
2014-06-11,24.85,25.0,24.75,24.9,24.9,2886,-0.44121931243307566,-0.44560393002596776,-0.42660394980833094,-0.4341976199984211,-0.4341976199984211,0.001206272617611626,0.0020120724346075316,0.013018714401952819,0.02237733524943536,0.029776674937965215,0.03670807022413439
2014-06-12,24.9,24.95,24.65,24.95,24.95,2886,-0.4329298562117991,-0.45384308809362633,-0.44322356360759846,-0.42594246045493567,-0.42594246045493567,0.0020080321285140847,0.0036202735317778074,0.010803511141120825,0.021598935407923018,0.029545266980275542,0.036201287464525486
2014-06-13,24.8,24.9,24.75,24.85,24.85,2886,-0.44950876865435285,-0.46208224616128496,-0.42660394980833094,-0.4424527795419059,-0.4424527795419059,-0.002408671216378913,-0.001205787781350528,0.003905197953137661,0.015218057399652835,0.02330752759018279,0.029553929015329584
2014-06-16,24.85,24.95,24.7,24.9,24.9,2886,-0.44121931243307566,-0.45384308809362633,-0.43491375670796467,-0.4341976199984211,-0.4341976199984211,-0.0008025682182985383,0.0014076010456463537,0.003897325628275662,0.014876706745465597,0.023007395234182364,0.029280055115397816
2014-06-17,24.9,24.9,24.65,24.75,24.75,2886,-0.4329298562117991,-0.46208224616128496,-0.44322356360759846,-0.45896309862887674,-0.45896309862887674,-0.004825090470446218,-0.0044247787610620665,-0.0032219089810712163,0.00681379029797622,0.014261126137201974,0.02075886719824018
2014-06-18,24.8,24.85,24.65,24.8,24.8,2886,-0.44950876865435285,-0.470321404228943,-0.44322356360759846,-0.45070793908539136,-0.45070793908539136,-0.0020120724346076742,-0.0024135156878519197,-0.0020120724346076742,0.006187240085201333,0.014149014476159323,0.02092624356775298
2014-06-19,24.8,24.8,24.6,24.8,24.8,2886,-0.44950876865435285,-0.47856056229660154,-0.45153337050723164,-0.45070793908539136,-0.45070793908539136,-0.0008058017727638829,-0.0024135156878519197,-0.001878186208746989,0.003337716192980664,0.012162272467553744,0.019247893691348886
2014-06-20,24.75,24.9,24.6,24.6,24.6,2886,-0.45779822487563004,-0.46208224616128496,-0.45153337050723164,-0.48372857725933244,-0.48372857725933244,-0.006863140896245384,-0.009661835748792208,-0.009794713538172647,-0.006361708573159603,0.002608412129116548,0.009644982556946563
2014-06-23,24.6,24.8,24.55,24.6,24.6,2886,-0.482666593539461,-0.47856056229660154,-0.45984317740686537,-0.48372857725933244,-0.48372857725933244,-0.004451639012545505,-0.008664114446907106,-0.008597528210639353,-0.0072639225181597945,0.0012210012210012672,0.008127860118844522
2014-06-24,24.6,24.85,24.6,24.8,24.8,2886,-0.482666593539461,-0.470321404228943,-0.45153337050723164,-0.45070793908539136,-0.45070793908539136,0.0032362459546924874,0.0002016535591854228,-0.0005373455131649059,-0.00010079629069655392,0.0077204388459976145,0.014107544469433606
2014-06-25,24.8,24.85,24.6,24.85,24.85,2886,-0.44950876865435285,-0.470321404228943,-0.45153337050723164,-0.4424527795419059,-0.4424527795419059,0.0048524059846340875,0.0024203307785398255,0.0013431833445265947,0.001208702659145896,0.0075413558222510516,0.014285714285714344
2014-06-26,24.85,25.0,24.75,25.0,25.0,2886,-0.44121931243307566,-0.44560393002596776,-0.42660394980833094,-0.4176873009114503,-0.4176873009114503,0.009285425918449755,0.00826779592659818,0.006846556584776405,0.006947940791461059,0.010999676480103464,0.0184682237914177
2014-06-27,25.0,25.0,24.9,24.95,24.95,2886,-0.4163509437692447,-0.44560393002596776,-0.40167452910943025,-0.42594246045493567,-0.42594246045493567,0.004428341384863101,0.005845595646039088,0.004428341384863101,0.004327261749018744,0.007104222168402436,0.014777657266811278
2014-06-30,24.95,25.0,24.75,24.85,24.85,2886,-0.4246403999905219,-0.44560393002596776,-0.42660394980833094,-0.4424527795419059,-0.4424527795419059,-0.0016070711128967114,0.002016129032258093,0.00040257648953321727,0.0007047216349542675,0.0019353277961455455,0.009205360768918366
2014-07-01,25.0,25.0,24.85,25.0,25.0,2886,-0.4163509437692447,-0.44560393002596776,-0.4099843360090634,-0.4176873009114503,-0.4176873009114503,0.002807862013638198,0.007049345417925507,0.00644122383252833,0.006339941632283483,0.006927662316739334,0.01365049330990657
2014-07-02,25.0,25.05,24.65,24.8,24.8,2886,-0.4163509437692447,-0.43736477195830914,-0.44322356360759846,-0.45070793908539136,-0.45070793908539136,-0.004815409309791372,-0.0010070493454178682,-0.0013422818791945547,-0.0017107779007747561,-0.0016103059581320108,0.0037776578521316936
2014-07-03,24.85,24.85,24.65,24.65,24.65,2886,-0.44121931243307566,-0.470321404228943,-0.44322356360759846,-0.4754734177158476,-0.4754734177158476,-0.008048289738430697,-0.006449012494961715,-0.006582482536270991,-0.007449164485605084,-0.007329252577319817,-0.003973331537477247
2014-07-04,24.7,24.8,24.5,24.65,24.65,2886,-0.46608768109690724,-0.47856056229660154,-0.46815298430649915,-0.4754734177158476,-0.4754734177158476,-0.0056474384832594015,-0.006649204110417195,-0.006048387096774279,-0.007149330379619454,-0.007329252577319532,-0.005112336876093038
2014-07-07,24.65,24.75,24.55,24.75,24.75,2886,-0.4743771373181844,-0.48679972036426017,-0.45984317740686537,-0.45896309862887674,-0.45896309862887674,-0.0008074283407347426,-0.003221908981071359,-0.0016135538523599313,-0.0029207372343639042,-0.0028203062046736616,-0.001881973383519441
2014-07-08,24.75,25.15,24.7,25.1,25.1,2886,-0.45779822487563004,-0.42088645582299256,-0.43491375670796467,-0.4011769818244795,-0.4011769818244795,0.012505042355788717,0.009654062751407965,0.011552928533046692,0.01097573255462696,0.010792525773195758,0.011213321694756032
2014-07-09,25.1,25.15,25.0,25.1,25.1,2886,-0.3997720313266903,-0.42088645582299256,-0.3850549153101627,-0.4011769818244795,-0.4011769818244795,0.01006036217303823,0.008639742816958,0.010738255033557152,0.010568696527428399,0.010304298824665924,0.010399194901040043
2014-07-10,25.2,25.4,25.2,25.4,25.4,2886,-0.38319311888413654,-0.3796906654847001,-0.3518156877116283,-0.35164602456356814,-0.35164602456356814,0.015999999999999945,0.019057171514543544,0.021173948003216175,0.021721641190667558,0.02139295480135099,0.021721641190667707
2014-07-11,25.4,25.4,25.25,25.35,25.35,2886,-0.3500352939990284,-0.3796906654847001,-0.34350588081199457,-0.35990118410705296,-0.35990118410705296,0.008353221957040606,0.01542159022631705,0.017119165440684876,0.01868595539481629,0.018481317798312608,0.01875418620227737
2014-07-14,25.3,25.55,25.15,25.35,25.35,2886,-0.36661420644158216,-0.35497319128172433,-0.3601254946112621,-0.35990118410705296,-0.35990118410705296,0.0035629453681710155,0.013391964821107369,0.015082754938601112,0.017765733212887644,0.017663588920112456,0.018344938403856467
2014-07-15,25.5,26.3,25.45,26.05,26.05,2886,-0.333456381556474,-0.2313858202668471,-0.3102666532134601,-0.24432895049825892,-0.24432895049825892,0.02357563850687614,0.037022292993630704,0.03964347479047488,0.043147462208429146,0.0440044886181468,0.04471626228193311
2014-07-16,26.05,26.25,26.0,26.15,26.15,2886,-0.24227236312242612,-0.2396249783345057,-0.21885877731748996,-0.2278186314112887,-0.2278186314112887,0.019095869056897693,0.0354385270243516,0.040037120509081314,0.044329073482428094,0.04591632669386448,0.04683746997598056
2014-07-17,26.15,26.2,25.9,26.1,26.1,2886,-0.22569345067987234,-0.2478641364021643,-0.23547839111675747,-0.23607379095477352,-0.23607379095477352,0.011627906976744214,0.02755905511811035,0.035029742233972365,0.03963353913563039,0.04199936122644521,0.04302650859198102
2014-07-18,26.05,26.1,25.9,26.1,26.1,2886,-0.24227236312242612,-0.2643424525374809,-0.23547839111675747,-0.23607379095477352,-0.23607379095477352,0.005780346820809331,0.02172636523781561,0.03189246178176074,0.0365369340746625,0.03992349988046851,0.041223404255319215
2014-07-21,26.2,26.3,26.0,26.2,26.2,2886,-0.21740399445859515,-0.2313858202668471,-0.21885877731748996,-0.21956347186780328,-0.21956347186780328,0.0030627871362938256,0.01985208252238231,0.03217334208798423,0.037212984956452796,0.04174950298210739,0.04333974912059459
2014-07-22,26.2,26.3,26.1,26.3,26.3,2886,-0.21740399445859515,-0.2313858202668471,-0.20223916351822246,-0.20305315278083244,-0.20305315278083244,0.004967520061138806,0.018984889577683007,0.03258735767569683,0.038089599368462596,0.043154053625257704,0.045517789703836346
2014-07-24,26.35,26.5,26.3,26.5,26.5,2886,-0.19253562579476358,-0.19842918799621329,-0.168999935919688,-0.1700325146068914,-0.1700325146068914,0.009908536585365777,0.021194605009633938,0.035830618892508194,0.0425887675813909,0.04825949367088603,0.05123966942148765
2014-07-25,26.6,26.75,26.4,26.6,26.6,2886,-0.15108834468837823,-0.15723339765792085,-0.1523803221204211,-0.15352219551992055,-0.15352219551992055,0.00987091875474583,0.020329881089374804,0.0344827586206898,0.04323953328757732,0.04922688545282442,0.05290935479614737
2014-07-28,26.6,26.8,26.45,26.8,26.8,2886,-0.15108834468837823,-0.14899423959026226,-0.14407051522078734,-0.12050155734597949,-0.12050155734597949,0.012084592145015116,0.022315468243372286,0.036483176485754734,0.04728409534974603,0.05345911949685532,0.05810357307363299
2014-07-29,26.85,27.0,26.2,26.5,26.5,2886,-0.10964106358199288,-0.11603760731962845,-0.18561954971895553,-0.1700325146068914,-0.1700325146068914,-0.0015071590052750244,0.006456513482719261,0.02027720739219701,0.03223293407342475,0.03856403825050956,0.04406067371462352
2014-07-30,26.5,26.6,26.25,26.4,26.4,2886,-0.1676672571309326,-0.1819508718608961,-0.17730974281932177,-0.1865428336938622,-0.1865428336938622,-0.006024096385542307,0.0013275175421959638,0.013046815042210278,0.0255414198310187,0.032056293979671635,0.03787183855326947
2014-07-31,26.45,26.45,26.1,26.45,26.45,2886,-0.1759567133522098,-0.20666834606387188,-0.20223916351822246,-0.1782876741503768,-0.1782876741503768,-0.003766478342749583,0.00208372797878385,0.011472275334608059,0.02420135527589545,0.03143035407892674,0.03759398496240597
2014-08-01,26.0,26.2,25.8,25.9,25.9,2886,-0.2505618193437033,-0.2478641364021643,-0.2520980049160244,-0.2690944291287152,-0.2690944291287152,-0.019310867095796973,-0.018009478672985836,-0.010821133036282685,0.00048285852245289384,0.008566978193146373,0.014558986746751955
2014-08-04,25.75,26.05,25.5,26.05,26.05,2886,-0.29200910045008865,-0.2725816106051395,-0.30195684631382635,-0.24432895049825892,-0.24432895049825892,-0.007996953541508029,-0.012135001896093924,-0.006862371330537676,0.003563517287874454,0.012672990203700845,0.018506451192493133
2014-08-05,25.8,25.8,25.05,25.3,25.3,2886,-0.28371964422881146,-0.31377740094343193,-0.376745108410529,-0.3681563436505384,-0.3681563436505384,-0.02767102229054569,-0.037290715372907166,-0.035332994407727476,-0.02636136232441802,-0.017170383031621616,-0.011718750000000028
2014-08-06,25.2,25.95,25.2,25.95,25.95,2886,-0.38319311888413654,-0.2890599267404567,-0.3518156877116283,-0.26083926958522974,-0.26083926958522974,0.0007713073659854658,-0.011240236235473355,-0.010297482837528455,-0.0029776198251847863,0.0065942591155934115,0.012156276409022837
2014-08-07,26.0,26.1,25.9,26.1,26.1,2886,-0.2505618193437033,-0.2643424525374809,-0.23547839111675747,-0.23607379095477352,-0.23607379095477352,0.00928074245939669,-0.004006868918145408,-0.004450095359186151,0.0008628127696288868,0.010374729018272076,0.016355140186915813
2014-08-08,26.05,26.1,25.7,26.0,26.0,2886,-0.24227236312242612,-0.2643424525374809,-0.26871761871529193,-0.25258411004174436,-0.25258411004174436,0.0046367851622873815,-0.00554599349780071,-0.008012209080503522,-0.004117590730632889,0.004403924901491183,0.011148561057816902
2014-08-11,26.2,26.4,26.1,26.35,26.35,2886,-0.21740399445859515,-0.21490750413153048,-0.20223916351822246,-0.19479799323734703,-0.19479799323734703,0.01580570547417131,0.009578544061302681,0.004702592780884518,0.0073592659848992666,0.015257763735840363,0.022903726708074668
2014-08-12,26.35,26.4,26.05,26.25,26.25,2886,-0.19253562579476358,-0.21490750413153048,-0.21054897041785622,-0.21130831232431788,-0.21130831232431788,0.004592422502870165,0.006711409395973182,0.0007624857033929096,0.0018128041217442225,0.009072038133312857,0.017179023508137502
2014-08-13,25.2,25.45,25.2,25.45,25.45,2886,-0.38319311888413654,-0.3714515074170415,-0.3518156877116283,-0.3433908650200827,-0.3433908650200827,-0.022281982328083053,-0.020400307929176333,-0.027636271013754567,-0.0276053109179481,-0.022206854157061605,-0.014393597108371504
2014-08-14,25.45,25.5,25.15,25.15,25.15,2886,-0.3417458377777512,-0.3632123493493829,-0.3601254946112621,-0.39292182228099465,-0.39292182228099465,-0.026702786377709162,-0.027079303675048464,-0.035782747603833875,-0.037228442913197574,-0.033807145601229445,-0.026451612903225816
2014-08-15,25.25,25.3,24.95,25.0,25.0,2886,-0.37490366266285935,-0.39616898162001674,-0.3933647222097965,-0.4176873009114503,-0.4176873009114503,-0.024960998439937754,-0.02950310559006217,-0.03759784421917105,-0.0409513762347752,-0.0389790113016068,-0.03269491197523708
2014-08-18,25.0,25.1,24.8,24.85,24.85,2886,-0.4163509437692447,-0.42912561389065057,-0.4182941429086972,-0.4424527795419059,-0.4424527795419059,-0.019337016574585572,-0.030811232449297805,-0.0385607428424039,-0.04441453566621807,-0.04401015618988978,-0.03874669589323713
2014-08-19,25.1,25.25,25.0,25.1,25.1,2886,-0.3997720313266903,-0.40440813968767536,-0.3850549153101627,-0.4011769818244795,-0.4011769818244795,-0.00039824771007558786,-0.020296643247462765,-0.025368884286823677,-0.032755298651252325,-0.034020935960591143,-0.029514112643381822
2014-08-20,25.1,25.4,25.1,25.3,25.3,2886,-0.3997720313266903,-0.3796906654847001,-0.3684353015108952,-0.3681563436505384,-0.3681563436505384,0.008771929824561358,-0.00997847779299546,-0.014797507788161956,-0.023166023166023085,-0.02519842798797873,-0.022033243138770787
2014-08-21,25.45,25.7,25.3,25.55,25.55,2886,-0.3417458377777512,-0.3302557170787491,-0.3351960739123608,-0.3268805459331119,-0.3268805459331119,0.015500794912559497,0.001960784313725518,-0.002732240437158481,-0.011700996035199767,-0.01465483995372152,-0.012941858219045812
2014-08-22,25.5,26.25,25.45,26.1,26.1,2886,-0.333456381556474,-0.2396249783345057,-0.3102666532134601,-0.23607379095477352,-0.23607379095477352,0.028368794326241085,0.023128185025480197,0.018205461638491623,0.010550769528603406,0.0065561126108755,0.007397877130910251
2014-08-25,26.35,26.35,25.65,25.75,25.75,2886,-0.19253562579476358,-0.2231466621991885,-0.27702742561492566,-0.2938599077591708,-0.2938599077591708,0.007433489827856075,0.011787819253438142,0.005335762623633386,-0.0009699321047526122,-0.00640530946133664,-0.006622516556291398
2014-08-26,25.95,26.05,25.8,26.0,26.0,2886,-0.2588512755649805,-0.2725816106051395,-0.2520980049160244,-0.25258411004174436,-0.25258411004174436,0.010101010101010022,0.022615535889872144,0.013250194855806557,0.009708737864077669,0.0035510267098965084,0.0021842477193884783
2014-08-27,26.1,26.2,25.8,26.2,26.2,2886,-0.23398290690114892,-0.2478641364021643,-0.2520980049160244,-0.21956347186780328,-0.21956347186780328,0.010802469135802514,0.027450980392156835,0.020381669479423464,0.017871017871017907,0.011426806670784549,0.009698760357119859
2014-08-28,26.2,26.2,25.75,25.9,25.9,2886,-0.21740399445859515,-0.2478641364021643,-0.26040781181565814,-0.2690944291287152,-0.2690944291287152,-0.0034628703347441272,0.012707722385141713,0.00922197688011422,0.007292173067574137,0.000772797527047897,-0.0015420200462605686
2014-08-29,25.85,25.9,25.65,25.8,25.8,2886,-0.27543018800753427,-0.2972990848081153,-0.27702742561492566,-0.28560474821568543,-0.28560474821568543,-0.0050134978789047055,0.005651919703761433,0.005847953216374353,0.003598171739764704,-0.0018570102135562448,-0.005013497878904842
2014-09-01,25.95,26.05,25.9,26.0,26.0,2886,-0.2588512755649805,-0.2725816106051395,-0.23547839111675747,-0.25258411004174436,-0.25258411004174436,0.0007698229407236171,0.008925106713232458,0.014568158168574461,0.011476366465668086,0.007127362875736018,0.0028284906145537637
2014-09-02,25.9,26.0,25.6,25.65,25.65,2886,-0.2671407317862577,-0.2808207686727981,-0.28533723251455884,-0.3103702268461417,-0.3103702268461417,-0.010034735623311659,-0.006776379477250754,0.002475247524752446,-0.0028185440761980796,-0.005119851058878206,-0.009971051785140034
2014-09-03,25.8,25.95,25.7,25.95,25.95,2886,-0.28371964422881146,-0.2890599267404567,-0.26871761871529193,-0.26083926958522974,-0.26083926958522974,0.0034802784222736386,0.002317497103128709,0.012880562060889863,0.008844396928758975,0.007219375873311596,0.002059467112884589
2014-09-04,25.95,26.0,25.8,26.0,26.0,2886,-0.2588512755649805,-0.2808207686727981,-0.2520980049160244,-0.25258411004174436,-0.25258411004174436,0.004636785162287657,0.0025062656641603133,0.012592496429962245,0.010984738018858709,0.009865610191874518,0.004636785162287519
2014-09-05,26.0,26.0,25.65,25.65,25.65,2886,-0.2505618193437033,-0.2808207686727981,-0.27702742561492566,-0.3103702268461417,-0.3103702268461417,-0.0077369439071567825,-0.009269988412514425,-0.0027216174183516263,-0.0019455252918288216,-0.003341622629779378,-0.007672964085369953
2014-09-09,25.9,25.9,25.6,25.7,25.7,2886,-0.2671407317862577,-0.2972990848081153,-0.28533723251455884,-0.30211506730265625,-0.30211506730265625,-0.0034897246994959235,-0.007146996329920755,-0.002974266132160783,0.0012661926560825505,-0.0008552989658658743,-0.004326209078582093
2014-09-10,25.7,25.75,25.35,25.65,25.65,2886,-0.30029855667136585,-0.3220165590110905,-0.32688626701272705,-0.3103702268461417,-0.3103702268461417,-0.0054284606436603555,-0.0077369439071567825,-0.006327479338843001,0.00048756704046803664,-0.003341622629779378,-0.0051712992889464664
2014-09-11,25.7,25.7,25.45,25.45,25.45,2886,-0.30029855667136585,-0.3302557170787491,-0.3102666532134601,-0.3433908650200827,-0.3433908650200827,-0.009342156481120998,-0.012609117361784649,-0.014457209242287395,-0.007313505607020965,-0.01034375486078699,-0.011714452139020098
2014-09-12,25.45,25.45,25.25,25.4,25.4,2886,-0.3417458377777512,-0.3714515074170415,-0.34350588081199457,-0.35164602456356814,-0.35164602456356814,-0.006648416112632057,-0.012633624878522947,-0.016012396694214902,-0.009746588693957116,-0.011211460604173301,-0.012313674659753719
2014-09-15,25.4,25.7,25.25,25.7,25.7,2886,-0.3500352939990284,-0.3302557170787491,-0.34350588081199457,-0.30211506730265625,-0.30211506730265625,0.00469116497263491,-0.0005833171300796041,-0.0033609100310237595,0.0005839984426707033,0.0009347250350522243,-0.0003889537145080343
2014-09-16,25.75,25.75,25.25,25.25,25.25,2886,-0.29200910045008865,-0.3220165590110905,-0.34350588081199457,-0.3764115031940238,-0.3764115031940238,-0.009415457041977323,-0.01521060842433686,-0.019544395547501828,-0.017700836413149262,-0.014903245942571704,-0.016872160934458154
2014-09-17,25.35,25.55,25.1,25.1,25.1,2886,-0.35832475022030497,-0.35497319128172433,-0.3684353015108952,-0.4011769818244795,-0.4011769818244795,-0.011032308904649235,-0.01895641977721319,-0.023092890503372997,-0.02353627698891268,-0.018994762760884746,-0.022458782292613316
2014-09-18,25.2,25.25,25.05,25.2,25.2,2886,-0.38319311888413654,-0.40440813968767536,-0.376745108410529,-0.3846666627375092,-0.3846666627375092,-0.005132254243979432,-0.012152097216777685,-0.016649323621227858,-0.019455252918287938,-0.014701282452299215,-0.01760769280748481
2014-09-19,25.2,25.25,25.0,25.05,25.05,2886,-0.38319311888413654,-0.40440813968767536,-0.3850549153101627,-0.40943214136796485,-0.40943214136796485,-0.008313539192398944,-0.014361597481802024,-0.020336331638639012,-0.0243427458617332,-0.020412951665884502,-0.022121014964215997
2014-09-22,25.0,25.2,24.95,25.2,25.2,2886,-0.4163509437692447,-0.41264729775533393,-0.3933647222097965,-0.3846666627375092,-0.3846666627375092,0.00158982511923685,-0.006700827749310137,-0.012925969447708513,-0.01677721420210703,-0.014855355746677054,-0.0152403282532238
2014-09-23,25.2,25.2,25.0,25.1,25.1,2886,-0.38319311888413654,-0.41264729775533393,-0.3850549153101627,-0.4011769818244795,-0.4011769818244795,-0.0011937922801433002,-0.008297115764519846,-0.014526894385551667,-0.01943549174724089,-0.019148104728409474,-0.017548437601931012
2014-09-24,25.15,25.25,24.85,24.95,24.95,2886,-0.39148257510541373,-0.40440813968767536,-0.4099843360090634,-0.42594246045493567,-0.42594246045493567,-0.005976095617529965,-0.011489698890649868,-0.01861806739215941,-0.023292229399099584,-0.024781113195747356,-0.02176043912958256
2014-09-25,25.1,25.15,24.75,24.75,24.75,2886,-0.3997720313266903,-0.42088645582299256,-0.42660394980833094,-0.45896309862887674,-0.45896309862887674,-0.010395841663334588,-0.01668653158522043,-0.023411811127186516,-0.028363921876533523,-0.031765902511540475,-0.028713454117339356
2014-09-26,24.7,25.2,24.55,25.1,25.1,2886,-0.46608768109690724,-0.41264729775533393,-0.45984317740686537,-0.4011769818244795,-0.4011769818244795,0.003197442046362841,-0.0015910898965791228,-0.007251153592617016,-0.013073822864445082,-0.017381772627622888,-0.014913657770800589
2014-09-29,25.1,25.15,24.8,24.8,24.8,2886,-0.3997720313266903,-0.42088645582299256,-0.4182941429086972,-0.45070793908539136,-0.45070793908539136,-0.005613472333600664,-0.00998003992015968,-0.016913319238900604,-0.022948882103811664,-0.027145771222344135,-0.02643287097618433
2014-09-30,24.9,25.0,24.7,24.95,24.95,2886,-0.4329298562117991,-0.44560393002596776,-0.43491375670796467,-0.42594246045493567,-0.42594246045493567,0.0016057808109192753,-0.0027977617905675573,-0.009003045147623597,-0.015001973943940093,-0.020031421838177594,-0.020672510794190788
2014-10-01,24.95,24.95,24.65,24.75,24.75,2886,-0.4246403999905219,-0.45384308809362633,-0.44322356360759846,-0.45896309862887674,-0.45896309862887674,-0.0048250904704463604,-0.009405643386031596,-0.01459854014598542,-0.021158789796321936,-0.02597402597402598,-0.028077753779697484
2014-10-02,24.95,24.95,24.5,24.6,24.6,2886,-0.4246403999905219,-0.45384308809362633,-0.46815298430649915,-0.48372857725933244,-0.48372857725933244,-0.009661835748792208,-0.013039117352056139,-0.0183559457302473,-0.02448696341826098,-0.029432652095005077,-0.033082214215525645
2014-10-03,24.7,25.05,24.6,25.05,25.05,2886,-0.46608768109690724,-0.43736477195830914,-0.45153337050723164,-0.40943214136796485,-0.40943214136796485,0.008860249697945986,0.0050150451354062184,0.000532552256690129,-0.004767580452920042,-0.010350821744626933,-0.014749262536873156
2014-10-06,25.0,25.05,24.8,24.85,24.85,2886,-0.4163509437692447,-0.43736477195830914,-0.4182941429086972,-0.4424527795419059,-0.4424527795419059,0.0004025764895330742,-0.0016070711128968538,-0.005204163330664633,-0.01114206128133709,-0.016776133576006942,-0.021011162179908
2014-10-07,24.85,25.0,24.75,24.9,24.9,2886,-0.44121931243307566,-0.44560393002596776,-0.42660394980833094,-0.4341976199984211,-0.4341976199984211,0.0028191703584372423,0.001206272617611626,-0.0022706023774543243,-0.00757273814268638,-0.013079667063020287,-0.01794517846578605
2014-10-08,24.9,25.25,24.85,25.15,25.15,2886,-0.4329298562117991,-0.40440813968767536,-0.4099843360090634,-0.39292182228099465,-0.39292182228099465,0.009634684865515794,0.010445962233828767,0.007612179487179539,0.003391182924396603,-0.002380007933359868,-0.0069755198736510685
2014-10-09,25.3,25.45,25.15,25.3,25.3,2886,-0.36661420644158216,-0.3714515074170415,-0.3601254946112621,-0.3681563436505384,-0.3681563436505384,0.00998003992015968,0.014231308879534993,0.013351134846462045,0.009677741195251055,0.004606099110546365,0.00013176966662276405
2014-10-13,25.0,25.05,24.65,24.65,24.65,2886,-0.4163509437692447,-0.43736477195830914,-0.44322356360759846,-0.4754734177158476,-0.4754734177158476,-0.012815378454144986,-0.010040160642570281,-0.011627906976744293,-0.014788169464428636,-0.0191006764822921,-0.023955652346070104
2014-10-14,24.65,24.8,24.55,24.75,24.75,2886,-0.4743771373181844,-0.47856056229660154,-0.45984317740686537,-0.45896309862887674,-0.45896309862887674,-0.008016032064128228,-0.005824462743522779,-0.006423123243677386,-0.008909800780859092,-0.013708456204670486,-0.018636003172085462
2014-10-15,24.75,24.75,24.45,24.5,24.5,2886,-0.45779822487563004,-0.48679972036426017,-0.4764627912061329,-0.5002388963463033,-0.5002388963463033,-0.014877362283876054,-0.014084507042253577,-0.014877362283876195,-0.0174453579306197,-0.021799888205701484,-0.026618990862137395
2014-10-16,24.25,24.6,24.2,24.3,24.3,2886,-0.5406927870884007,-0.5115171945672353,-0.518011825704301,-0.5332595345202443,-0.5332595345202443,-0.016194331983805613,-0.020358798629308568,-0.021213748657357565,-0.023900381602731426,-0.027688860435339177,-0.03283582089552236
2014-10-17,24.5,24.5,23.9,23.9,23.9,2886,-0.4992455059820154,-0.5279955107025526,-0.567870667102103,-0.599300810868127,-0.599300810868127,-0.02129402129402128,-0.0337578330301193,-0.03512313282196209,-0.03745469190495381,-0.04131568391496194,-0.046162032725821596
2014-10-20,24.1,24.3,24.05,24.2,24.2,2886,-0.5655611557522318,-0.5609521429731864,-0.5429412464032017,-0.5497698536072151,-0.5497698536072151,-0.0053431976983147975,-0.01825557809330626,-0.020639417239983734,-0.0237014624306607,-0.02740937223695839,-0.03187091612214977
2014-10-21,24.1,24.25,24.05,24.15,24.15,2886,-0.5655611557522318,-0.569191301040845,-0.5429412464032017,-0.5580250131507005,-0.5580250131507005,-0.0024783147459728322,-0.017493897477624074,-0.02094594594594605,-0.02365069739235904,-0.026994359387590722,-0.03193479422768574
2014-10-22,24.3,24.35,24.15,24.25,24.25,2886,-0.5324033308671235,-0.5527129849055278,-0.5263216326039348,-0.5415146940637298,-0.5415146940637298,0.0037251655629139016,-0.010809708341831554,-0.015028432168968216,-0.01792042118052036,-0.021388216303470587,-0.026039226186491737
2014-10-23,24.15,24.5,24.15,24.4,24.4,2886,-0.5572716995309551,-0.5279955107025526,-0.5263216326039348,-0.5167492154332741,-0.5167492154332741,0.009098428453267115,-0.0016366612111294067,-0.007995663369020287,-0.010743969187107261,-0.01422107304460247,-0.018371999463591412
2014-10-24,24.35,24.4,24.15,24.35,24.35,2886,-0.5241138746458464,-0.5444738268378698,-0.5263216326039348,-0.5250043749767589,-0.5250043749767589,0.0032962505150390723,0.0002053809817211977,-0.009357200976403454,-0.011969973625481767,-0.0148879359171452,-0.018936341659951606
2014-10-27,24.4,24.75,24.35,24.75,24.75,2886,-0.5158244184245697,-0.48679972036426017,-0.4930824050053998,-0.45896309862887674,-0.45896309862887674,0.015176374077112281,0.016218435639499058,0.007736156351791584,0.0049741143031165275,0.0017809439002671613,-0.0019490557161100433
2014-10-28,24.9,25.05,24.85,24.95,24.95,2886,-0.4329298562117991,-0.43736477195830914,-0.4099843360090634,-0.42594246045493567,-0.42594246045493567,0.016707416462917693,0.02358974358974356,0.01560379918588872,0.012786685609904515,0.010285066407515442,0.007131324004305817
2014-10-29,25.15,25.2,24.95,25.1,25.1,2886,-0.39148257510541373,-0.41264729775533393,-0.3933647222097965,-0.4011769818244795,-0.4011769818244795,0.01578308377175235,0.0272150603642316,0.021155410903173442,0.01856548645632558,0.016358924522189677,0.013390754323396968
2014-10-30,25.0,25.05,24.8,25.0,25.0,2886,-0.4163509437692447,-0.43736477195830914,-0.4182941429086972,-0.4176873009114503,-0.4176873009114503,0.006846556584776405,0.020199959192001526,0.017501017501017638,0.013993104846887141,0.012227710745809361,0.00948919846557654
2014-10-31,25.2,25.25,24.9,25.2,25.2,2886,-0.38319311888413654,-0.40440813968767536,-0.40167452910943025,-0.3846666627375092,-0.3846666627375092,0.007999999999999972,0.022934848792368637,0.025919392047767678,0.020862872189588842,0.019582456708205284,0.01756511205330098
2014-11-03,25.2,25.2,24.9,25.0,25.0,2886,-0.38319311888413654,-0.41264729775533393,-0.40167452910943025,-0.4176873009114503,-0.4176873009114503,-0.0019960079840319646,0.011531458628363347,0.01681127982646438,0.012863364732097746,0.01165425704111364,0.009557140934176934
2014-11-04,25.1,25.3,24.95,25.0,25.0,2886,-0.3997720313266903,-0.39616898162001674,-0.3933647222097965,-0.4176873009114503,-0.4176873009114503,-0.0023942537909019262,0.008064516129032228,0.016122476629183105,0.012555690562981057,0.011326860841423994,0.009829002288945695
2014-11-05,25.05,25.2,24.95,25.1,25.1,2886,-0.4080614875479675,-0.41264729775533393,-0.3933647222097965,-0.4011769818244795,-0.4011769818244795,0.001596169193934665,0.008639742816958144,0.018531042878398643,0.016194331983805755,0.01512577853271869,0.013868318298101536
2014-11-06,25.2,25.2,24.8,24.85,24.85,2886,-0.38319311888413654,-0.41264729775533393,-0.4182941429086972,-0.4424527795419059,-0.4424527795419059,-0.007191370355573301,-0.003208985158443574,0.006888168557536391,0.006684221186955606,0.0048524059846340875,0.003905197953137805
2014-11-07,24.85,24.95,24.7,24.75,24.75,2886,-0.44121931243307566,-0.45384308809362633,-0.43491375670796467,-0.45896309862887674,-0.45896309862887674,-0.0076182838813152074,-0.008810572687224625,0.0005390109149709688,0.003751394099158373,0.0005659767141008792,-0.00013466199838393355
2014-11-10,24.75,25.3,24.75,25.3,25.3,2886,-0.45779822487563004,-0.39616898162001674,-0.42660394980833094,-0.3681563436505384,-0.3681563436505384,0.012000000000000028,0.010989010989011075,0.019750100765820316,0.02470635884973686,0.02238745655863582,0.021809369951534697
2014-11-11,25.3,25.35,25.1,25.2,25.2,2886,-0.36661420644158216,-0.3879298235523581,-0.3684353015108952,-0.3846666627375092,-0.3846666627375092,0.006389776357827482,0.0059880239520957515,0.012861736334405013,0.019726858877086525,0.01777059773828747,0.01722282023681389
2014-11-12,25.2,25.2,24.85,25.1,25.1,2886,-0.38319311888413654,-0.41264729775533393,-0.4099843360090634,-0.4011769818244795,-0.4011769818244795,0.0023961661341853945,0.0019960079840319646,0.006549926480417083,0.014448822875618944,0.01340439276485791,0.012981771709154597
2014-11-13,25.1,25.15,24.9,25.15,25.15,2886,-0.3997720313266903,-0.42088645582299256,-0.40167452910943025,-0.39292182228099465,-0.39292182228099465,0.001992031872509847,0.003391182924396603,0.006536819637139692,0.01472664918297351,0.015423126614986994,0.014453781512604937
2014-11-14,25.0,25.15,24.9,25.15,25.15,2886,-0.4163509437692447,-0.42088645582299256,-0.40167452910943025,-0.39292182228099465,-0.39292182228099465,-0.0011914217633042549,0.003591380686352748,0.004392971246006225,0.012174263004326329,0.01566917050319044,0.013704151551793482
2014-11-17,25.0,25.1,24.65,24.7,24.7,2886,-0.4163509437692447,-0.42912561389065057,-0.44322356360759846,-0.4672182581723622,-0.4672182581723622,-0.014365522745410992,-0.013184178985217811,-0.013446944481427353,-0.0069353703889837946,-0.0025843967048942034,-0.003965320250016778
2014-11-18,24.9,25.0,24.75,25.0,25.0,2886,-0.4329298562117991,-0.44560393002596776,-0.42660394980833094,-0.4176873009114503,-0.4176873009114503,-0.0007993605115907104,-0.0011985617259289308,-0.0015974440894568351,0.0034115994380895386,0.009122467102607536,0.00792904179545755
2014-11-19,25.1,25.2,24.85,25.1,25.1,2886,-0.3997720313266903,-0.41264729775533393,-0.4099843360090634,-0.4011769818244795,-0.4011769818244795,0.0031974420463629838,0.0027966440271674103,0.0023961661341852522,0.005709706501051719,0.012178401483990773,0.011688835147118206
2014-11-20,24.9,25.15,24.85,24.9,24.9,2886,-0.4329298562117991,-0.42088645582299256,-0.4099843360090634,-0.4341976199984211,-0.4341976199984211,-0.0028033640368442247,-0.005392450569203319,-0.005326231691078685,-0.003302311618132676,0.003142373700749168,0.003964787312680575
2014-11-21,24.95,25.15,24.9,25.05,25.05,2886,-0.4246403999905219,-0.42088645582299256,-0.40167452910943025,-0.40943214136796485,-0.40943214136796485,0.004008016032064185,-0.0005984440454817701,0.00106567203942989,0.0012990906365543664,0.007318642432041121,0.010352245227211513
2014-11-24,25.15,25.15,25.0,25.15,25.15,2886,-0.39148257510541373,-0.42088645582299256,-0.3850549153101627,-0.39292182228099465,-0.39292182228099465,0.004392971246006367,0.003992015968063787,0.004660452729693619,0.004493260109835133,0.009796836103750092,0.013704151551793482
2014-11-25,25.05,25.05,24.95,25.0,25.0,2886,-0.4080614875479675,-0.43736477195830914,-0.3933647222097965,-0.4176873009114503,-0.4176873009114503,-0.0015974440894568351,-0.0011985617259289308,-0.0013315579227697067,-0.0015974440894568351,0.0024057738572573666,0.007319857632126715
2014-11-26,25.1,25.1,24.8,25.0,25.0,2886,-0.3997720313266903,-0.42912561389065057,-0.4182941429086972,-0.4176873009114503,-0.4176873009114503,-0.0007993605115907104,-0.0007993605115907104,-0.0010655301012252425,-0.0013980427401637764,0.0012014417300761368,0.006643849406080094
2014-11-27,25.0,25.25,24.95,25.1,25.1,2886,-0.4163509437692447,-0.40440813968767536,-0.3933647222097965,-0.4011769818244795,-0.4011769818244795,0.001596169193934665,0.0033979612232660746,0.0022627445760682184,0.0023961661341853945,0.004080326426114101,0.009586377958034456
2014-11-28,25.15,25.2,25.0,25.2,25.2,2886,-0.39148257510541373,-0.41264729775533393,-0.3850549153101627,-0.3846666627375092,-0.3846666627375092,0.004384216819449957,0.007194244604316536,0.005051847912789234,0.006389776357827482,0.006711409395972982,0.011845011041959515
2014-12-01,24.8,24.9,24.5,24.55,24.55,2886,-0.44950876865435285,-0.46208224616128496,-0.46815298430649915,-0.4919837368028178,-0.4919837368028178,-0.016820184221065206,-0.0181963607278545,-0.018915678699879947,-0.01868691915659043,-0.0189418158567775,-0.01471571906354517
2014-12-02,24.5,24.55,23.7,23.8,23.8,2886,-0.4992455059820154,-0.519756352634894,-0.6011098947006375,-0.6158111299550972,-0.6158111299550972,-0.037606146380913856,-0.043600562587904394,-0.045326915363016404,-0.046378844034859354,-0.047161502121867135,-0.04436860068259373
2014-12-03,23.8,24.0,23.6,23.9,23.9,2886,-0.6152978930798942,-0.6103870913791374,-0.6177295084999044,-0.599300810868127,-0.599300810868127,-0.024887800897592797,-0.034928326266908886,-0.03822937625754538,-0.040064263480269195,-0.04131568391496194,-0.0399035886448848
2014-12-04,24.05,24.55,24.05,24.45,24.45,2886,-0.573850611973509,-0.519756352634894,-0.5429412464032017,-0.5084940558897887,-0.5084940558897887,0.0028712059064805876,-0.010922330097087504,-0.014245397124042403,-0.01718420259270419,-0.01838766661313628,-0.017875075316328592
2014-12-05,24.45,24.5,24.3,24.45,24.45,2886,-0.5075349622032926,-0.5279955107025526,-0.5013922119050336,-0.5084940558897887,-0.5084940558897887,0.009079653322327646,-0.008515815085158186,-0.012387235761411137,-0.016591251885369588,-0.017203955301873176,-0.018006560010710115
2014-12-08,24.55,24.55,24.15,24.2,24.2,2886,-0.4909560497607382,-0.519756352634894,-0.5263216326039348,-0.5497698536072151,-0.5497698536072151,0.0016556291390728123,-0.014858538571137878,-0.021167587973574365,-0.02448856192683671,-0.02600016099170896,-0.027331189710610923
2014-12-09,24.2,24.45,24.2,24.35,24.35,2886,-0.5489822433096779,-0.5362346687702112,-0.518011825704301,-0.5250043749767589,-0.5250043749767589,0.0032962505150390723,-0.006122448979591778,-0.013371150729335425,-0.01675752069452839,-0.018936341659951606,-0.020514883346741813
2014-12-10,24.2,24.25,23.9,24.0,24.0,2886,-0.5489822433096779,-0.569191301040845,-0.567870667102103,-0.5827904917811562,-0.5827904917811562,-0.01193906957595715,-0.01639344262295076,-0.02465456515849359,-0.028733306353702987,-0.03132063287051985,-0.03316771854438032
2014-12-11,24.0,24.2,23.8,24.0,24.0,2886,-0.5821400681947861,-0.5774304591085035,-0.58449028090137,-0.5827904917811562,-0.5827904917811562,-0.008264462809917326,-0.01193906957595715,-0.02227050516023901,-0.02646790386370536,-0.02998949155282505,-0.0318676885841066
2014-12-12,24.2,24.2,23.9,24.15,24.15,2886,-0.5489822433096779,-0.5774304591085035,-0.567870667102103,-0.5580250131507005,-0.5580250131507005,0.00041425020712502114,-0.001447178002894362,-0.0137489790362103,-0.018392439792704017,-0.022979205437333033,-0.02443950717026865
2014-12-15,24.0,24.0,23.85,23.95,23.95,2886,-0.5821400681947861,-0.6103870913791374,-0.5761804740017362,-0.5910456513246416,-0.5910456513246416,-0.005811540058115424,-0.007253886010362724,-0.018710734771920395,-0.02503561978424596,-0.028949075575738004,-0.031148867313915703
2014-12-16,24.05,24.1,23.85,23.95,23.95,2886,-0.573850611973509,-0.5939087752438202,-0.5761804740017362,-0.5910456513246416,-0.5910456513246416,-0.0024989587671802884,-0.007870753935376874,-0.015888234488426245,-0.02294747577766446,-0.026976517429105448,-0.029775167105529653
2014-12-17,24.1,24.1,23.75,23.75,23.75,2886,-0.5655611557522318,-0.5939087752438202,-0.5928000878010037,-0.6240662894985827,-0.6240662894985827,-0.008764607679465812,-0.015544041450777202,-0.02075316107751514,-0.028431172018817764,-0.032980456026058584,-0.036120129870129754
2014-12-18,23.9,23.95,23.8,23.85,23.85,2886,-0.5987189806373405,-0.618626249446796,-0.58449028090137,-0.6075559704116119,-0.6075559704116119,-0.0033430839949853026,-0.008934136713068766,-0.01323955316508069,-0.022240442759044805,-0.026848376040476345,-0.030750474126253088
2014-12-19,23.95,24.1,23.85,24.0,24.0,2886,-0.5904295244160633,-0.5939087752438202,-0.5761804740017362,-0.5827904917811562,-0.5827904917811562,0.004184100418410101,-0.0008326394671108711,-0.0037359900373598945,-0.01396877567789646,-0.01888643610497914,-0.023662621194657278
2014-12-22,24.0,24.2,23.9,24.1,24.1,2886,-0.5821400681947861,-0.5774304591085035,-0.567870667102103,-0.5662801726941854,-0.5662801726941854,0.0071040534893439915,0.003748438150770655,0.0016625103906900542,-0.007720020586721564,-0.013830919060479476,-0.01799660441426145
2014-12-23,24.15,24.25,24.05,24.25,24.25,2886,-0.5572716995309551,-0.569191301040845,-0.5429412464032017,-0.5415146940637298,-0.5415146940637298,0.010837849103793163,0.010416666666666666,0.006641760066417755,0.0,-0.00647328744673868,-0.01060791513667897
2014-12-24,24.25,24.35,24.15,24.3,24.3,2886,-0.5406927870884007,-0.5527129849055278,-0.5263216326039348,-0.5332595345202443,-0.5332595345202443,0.008298755186721962,0.011235955056179758,0.007601935038009685,0.003510220937435509,-0.0031178208073516594,-0.007488087134104843
2014-12-25,24.3,24.35,24.15,24.25,24.25,2886,-0.5324033308671235,-0.5527129849055278,-0.5263216326039348,-0.5415146940637298,-0.5415146940637298,0.0028949545078577454,0.008106422781126596,0.006084912183653632,0.0032061226600475982,-0.00410677618069821,-0.008315158124318421
2014-12-26,24.25,24.35,24.2,24.3,24.3,2886,-0.5406927870884007,-0.5527129849055278,-0.518011825704301,-0.5332595345202443,-0.5332595345202443,0.0024752475247524224,0.00955546323223932,0.008577753182069891,0.007149518184644054,-0.0008223684210526141,-0.005117707267144319
2014-12-27,24.35,24.4,24.25,24.3,24.3,2886,-0.5241138746458464,-0.5444738268378698,-0.5097020188046674,-0.5332595345202443,-0.5332595345202443,0.0008237232289950401,0.00808960796515247,0.008298755186721962,0.0076715737093095045,0.0005764638063082805,-0.004574315559500298
2014-12-29,24.3,24.45,24.2,24.45,24.45,2886,-0.5324033308671235,-0.5362346687702112,-0.518011825704301,-0.5084940558897887,-0.5084940558897887,0.005345394736842065,0.01221279238252942,0.01424225663716801,0.012527176726369124,0.007665677546983183,0.002323039081716242
2014-12-30,24.45,24.5,24.3,24.45,24.45,2886,-0.5075349622032926,-0.5279955107025526,-0.5013922119050336,-0.5084940558897887,-0.5084940558897887,0.0041067761806980645,0.009287925696594338,0.012981632371219413,0.011375387797311213,0.008580150152627457,0.0032141147507351356
2014-12-31,24.4,24.45,24.25,24.45,24.45,2886,-0.5158244184245697,-0.5362346687702112,-0.5097020188046674,-0.5084940558897887,-0.5084940558897887,0.00246002460024595,0.006794317479925845,0.011724137931034403,0.011375387797311213,0.009663032705649232,0.0038319419734499857
2015-01-05,24.25,24.4,24.0,24.1,24.1,2886,-0.5406927870884007,-0.5444738268378698,-0.5512510533028355,-0.5662801726941854,-0.5662801726941854,-0.01026694045174538,-0.008026342868902933,-0.0026210511794729995,-0.0023802131843111848,-0.0029786529869268424,-0.009249743062692616
2015-01-06,23.9,24.0,23.75,23.8,23.8,2886,-0.5987189806373405,-0.6103870913791374,-0.5928000878010037,-0.6158111299550972,-0.6158111299550972,-0.018556701030927807,-0.01916340407995054,-0.014628760695556103,-0.01398239254272392,-0.01416618341479574,-0.019769357495881257
2015-01-07,23.8,23.85,23.7,23.7,23.7,2886,-0.6152978930798942,-0.6351045655821126,-0.6011098947006375,-0.6323214490420681,-0.6323214490420681,-0.01659751037344407,-0.021065675340768343,-0.018091423836486705,-0.01680149346608592,-0.018145662440964553,-0.022142758905240083
2015-01-08,24.0,24.0,23.75,23.8,23.8,2886,-0.5821400681947861,-0.6103870913791374,-0.5928000878010037,-0.6158111299550972,-0.6158111299550972,-0.007092198581560207,-0.01490066225165575,-0.014084507042253515,-0.012243203984229163,-0.01383939670174841,-0.01639344262295074
2015-01-09,24.0,24.05,23.7,23.8,23.8,2886,-0.5821400681947861,-0.6021479333114788,-0.6011098947006375,-0.6158111299550972,-0.6158111299550972,-0.0016778523489932528,-0.013062409288824435,-0.013948349675459163,-0.011833091135561559,-0.01277584204413472,-0.014628760695555958
2015-01-12,23.7,23.85,23.7,23.7,23.7,2886,-0.6318768055224486,-0.6351045655821126,-0.6011098947006375,-0.6323214490420681,-0.6323214490420681,-0.002525252525252621,-0.01475784660153816,-0.017277125086385674,-0.015064935064935095,-0.01569897832045837,-0.01673350850504782
2015-01-13,23.7,23.95,23.65,23.9,23.9,2886,-0.6318768055224486,-0.618626249446796,-0.6094197016002713,-0.599300810868127,-0.599300810868127,0.005046257359125358,-0.004788673745575617,-0.008435900981883696,-0.0066500415627597734,-0.006897697997174599,-0.0075437746556854405
2015-01-14,23.8,23.95,23.7,23.8,23.8,2886,-0.6152978930798942,-0.618626249446796,-0.6011098947006375,-0.6158111299550972,-0.6158111299550972,0.0,-0.006263048016701403,-0.011354195513708117,-0.010497869244361345,-0.010148061886541332,-0.011696311163402296
2015-01-15,23.8,23.9,23.65,23.7,23.7,2886,-0.6152978930798942,-0.6268654075144546,-0.6094197016002713,-0.6323214490420681,-0.6323214490420681,-0.003364171572750139,-0.007329842931937202,-0.013869625520111055,-0.014553014553014611,-0.013814913448735196,-0.01557632398753894
2015-01-16,23.7,23.8,23.55,23.55,23.55,2886,-0.6318768055224486,-0.6433437236497712,-0.6260393153995382,-0.6570869276725237,-0.6570869276725237,-0.007585335018963177,-0.009880176581879311,-0.0182045580878266,-0.020178905762429766,-0.019322062130423864,-0.020586400499064295
2015-01-19,23.75,23.85,23.55,23.6,23.6,2886,-0.6235873493011714,-0.6351045655821126,-0.6260393153995382,-0.6488317681290383,-0.6488317681290383,-0.004639392661324311,-0.0056878028228353915,-0.014202172096908933,-0.017280866125338294,-0.016338779593197857,-0.01734906315058977
2015-01-20,23.7,23.75,23.55,23.6,23.6,2886,-0.6318768055224486,-0.6515828817174298,-0.6260393153995382,-0.6488317681290383,-0.6488317681290383,-0.0021141649048624592,-0.004849251528568351,-0.012276785714285553,-0.016256773655689893,-0.015764450746517646,-0.016530073621336214
2015-01-21,23.75,23.8,23.65,23.8,23.8,2886,-0.6235873493011714,-0.6433437236497712,-0.6094197016002713,-0.6158111299550972,-0.6158111299550972,0.006342494714587829,0.003161222339304501,-0.0020964360587002392,-0.0069886304370501895,-0.007175037543800979,-0.007437269757419943
2015-01-22,23.85,24.0,23.8,23.95,23.95,2886,-0.607008436858617,-0.6103870913791374,-0.58449028090137,-0.5910456513246416,-0.5910456513246416,0.010548523206751054,0.008845829823083289,0.005598320503848826,0.0,-0.0012510425354462526,-0.0011121924092868322
2015-01-23,24.25,24.3,24.0,24.0,24.0,2886,-0.5406927870884007,-0.5609521429731864,-0.5512510533028355,-0.5827904917811562,-0.5827904917811562,0.008827238335435092,0.010101010101010034,0.00896860986547076,0.0026109660574412533,0.0005836738097221625,0.0009731683581259597
2015-01-26,24.0,24.1,23.85,24.1,24.1,2886,-0.5821400681947861,-0.5939087752438202,-0.5761804740017362,-0.5662801726941854,-0.5662801726941854,0.008790288823775675,0.012605042016806753,0.01317264573991028,0.007209278027374336,0.00458524385160496,0.005213764337851929
2015-01-27,24.15,24.25,23.95,24.25,24.25,2886,-0.5572716995309551,-0.569191301040845,-0.5595608602024693,-0.5415146940637298,-0.5415146940637298,0.009575353871773391,0.017411369834277286,0.01819454163750876,0.013584117032392864,0.010585097516252764,0.011048572024181804
2015-01-28,24.25,24.35,24.15,24.25,24.25,2886,-0.5406927870884007,-0.5527129849055278,-0.5263216326039348,-0.5415146940637298,-0.5415146940637298,0.005806719203649813,0.015494137353433727,0.01662940190050299,0.01400794480451603,0.010585097516252764,0.010627214002917232
2015-01-29,24.25,24.25,24.05,24.25,24.25,2886,-0.5406927870884007,-0.569191301040845,-0.5429412464032017,-0.5415146940637298,-0.5415146940637298,0.0033098882912700987,0.013160643409233244,0.015352407536636447,0.014432127170048058,0.010669334000166867,0.009925730547650446
2015-01-30,24.2,24.3,24.1,24.2,24.2,2886,-0.5489822433096779,-0.5609521429731864,-0.5346314395035681,-0.5497698536072151,-0.5497698536072151,-0.0004130524576621876,0.008333333333333304,0.012128816394813849,0.012870147535837498,0.008669556518839695,0.0073539614263909755
2015-02-02,24.2,24.4,24.2,24.4,24.4,2886,-0.5489822433096779,-0.5444738268378698,-0.518011825704301,-0.5167492154332741,-0.5167492154332741,0.005356407086938566,0.013289036544850362,0.01850563517462077,0.020600230053330535,0.016836139356559424,0.015115795312716531
2015-02-03,24.4,24.45,24.2,24.25,24.25,2886,-0.5158244184245697,-0.5362346687702112,-0.518011825704301,-0.5415146940637298,-0.5415146940637298,-0.0008240626287597682,0.004348726444398444,0.011259382819015678,0.013372335979941507,0.010669334000166718,0.008665511265164596
2015-02-04,24.4,24.6,24.35,24.6,24.6,2886,-0.5158244184245697,-0.5115171945672353,-0.4930824050053998,-0.48372857725933244,-0.48372857725933244,0.010682004930156334,0.01547987616099071,0.023578363384188616,0.026068821689259645,0.02500000000000006,0.022727272727272735
2015-02-05,24.6,24.75,24.55,24.75,24.75,2886,-0.482666593539461,-0.48679972036426017,-0.45984317740686537,-0.45896309862887674,-0.45896309862887674,0.01268412438625214,0.018308989919769605,0.026828930991564016,0.03028410864814233,0.030734632683658305,0.02832213835606945
2015-02-06,24.65,24.7,24.25,24.35,24.35,2886,-0.4743771373181844,-0.49503887843191874,-0.5097020188046674,-0.5250043749767589,-0.5250043749767589,-0.0049039640375970975,0.0004108463434677534,0.00800331171519242,0.012474012474012502,0.014245251582805677,0.011562694731011673
2015-02-09,24.35,24.35,24.2,24.25,24.25,2886,-0.5241138746458464,-0.5527129849055278,-0.518011825704301,-0.5415146940637298,-0.5415146940637298,-0.007774140752864209,-0.004311229726955468,0.0020661157024793684,0.00716436507112447,0.00982760056633633,0.007478188616535242
2015-02-10,24.2,24.55,24.2,24.35,24.35,2886,-0.5489822433096779,-0.519756352634894,-0.518011825704301,-0.5250043749767589,-0.5250043749767589,-0.004497138184791473,-0.0006156371844859663,0.004123711340206244,0.01037344398340249,0.01306373772674307,0.011562694731011673
2015-02-11,24.5,24.55,24.35,24.35,24.35,2886,-0.4992455059820154,-0.519756352634894,-0.4930824050053998,-0.5250043749767589,-0.5250043749767589,-0.002458009012699806,-0.0010256410256409673,0.0026077408729069133,0.00922184229613512,0.011969079876984616,0.011702790665466513
2015-02-12,24.4,24.6,24.3,24.6,24.6,2886,-0.5158244184245697,-0.5115171945672353,-0.5013922119050336,-0.48372857725933244,-0.48372857725933244,0.009023789991796507,0.0077836952068824775,0.011097410604192337,0.017685386286068812,0.021001079106831584,0.021877596233730295
2015-02-13,24.35,24.7,24.35,24.7,24.7,2886,-0.5241138746458464,-0.49503887843191874,-0.4930824050053998,-0.4672182581723622,-0.4672182581723622,0.010224948875255624,0.009811937857726837,0.013264050321345436,0.019397441188609116,0.023622047244094502,0.025676517406048968
2015-02-24,24.85,25.15,24.75,25.05,25.05,2886,-0.44121931243307566,-0.42088645582299256,-0.42660394980833094,-0.40943214136796485,-0.40943214136796485,0.017878911011783735,0.021406727828746266,0.024959083469721744,0.030758152453451235,0.03580879920608665,0.03884434614321264
2015-02-25,25.15,25.2,24.9,25.1,25.1,2886,-0.39148257510541373,-0.41264729775533393,-0.40167452910943025,-0.4011769818244795,-0.4011769818244795,0.01373182552504038,0.019910605444941016,0.024629201251871083,0.029637985847605377,0.03582040277319256,0.039050641644818467
2015-02-26,24.9,25.05,24.9,24.95,24.95,2886,-0.4329298562117991,-0.43736477195830914,-0.40167452910943025,-0.42594246045493567,-0.42594246045493567,0.0028135048231509936,0.012375735443294629,0.01656933315224771,0.021076324943728283,0.027679380509102767,0.03106274536813839
2015-03-02,24.95,25.0,24.5,24.5,24.5,2886,-0.4246403999905219,-0.44560393002596776,-0.46815298430649915,-0.5002388963463033,-0.5002388963463033,-0.014481094127111944,-0.00487408610885463,-0.002442996742670958,0.001532958610117585,0.007815713698066691,0.011491089245166135
2015-03-03,24.6,24.85,24.55,24.8,24.8,2886,-0.482666593539461,-0.470321404228943,-0.45984317740686537,-0.45070793908539136,-0.45070793908539136,-0.0032154340836013603,0.005473342793431908,0.00813008130081298,0.012141618202224239,0.018062397372742255,0.022469593898165247
2015-03-04,24.55,24.8,24.55,24.7,24.7,2886,-0.4909560497607382,-0.47856056229660154,-0.45984317740686537,-0.4672182581723622,-0.4672182581723622,-0.004433696090286153,-0.00040469445568602037,0.0032493907392363236,0.00682767757056967,0.012129159154236985,0.016949152542372826
2015-03-05,24.65,24.75,24.5,24.55,24.55,2886,-0.4743771373181844,-0.48679972036426017,-0.46815298430649915,-0.4919837368028178,-0.4919837368028178,-0.006072874493927068,-0.00727860897695106,-0.003652597402597253,0.00010184336490482856,0.004418623680550041,0.009872480460715689
2015-03-06,24.75,24.9,24.55,24.8,24.8,2886,-0.45779822487563004,-0.46208224616128496,-0.45984317740686537,-0.45070793908539136,-0.45070793908539136,0.005269558167815264,0.0010090817356206714,0.005949161709031974,0.009155645981688765,0.012989134874601658,0.01875941393947709
2015-03-09,24.8,24.8,24.5,24.6,24.6,2886,-0.44950876865435285,-0.47856056229660154,-0.46815298430649915,-0.48372857725933244,-0.48372857725933244,-0.0036452004860267257,-0.007063572149343982,-0.001758420127147288,0.00030497102775237507,0.0037538762852948374,0.009299781181619251
2015-03-10,24.8,24.85,24.5,24.6,24.6,2886,-0.44950876865435285,-0.470321404228943,-0.46815298430649915,-0.48372857725933244,-0.48372857725933244,-0.0020283975659228055,-0.006662628709872769,-0.0024330900243308483,-0.0005078720162518756,0.0027718897766184965,0.00785250938886991
2015-03-11,24.5,24.8,24.4,24.65,24.65,2886,-0.4992455059820154,-0.47856056229660154,-0.48477259810576667,-0.4754734177158476,-0.4754734177158476,0.0004058441558440751,-0.0030333670374116414,-0.0014852822036187758,0.001015228426395737,0.003909749938910015,0.008454929769534847
2015-03-12,24.8,25.2,24.7,25.2,25.2,2886,-0.44950876865435285,-0.41264729775533393,-0.43491375670796467,-0.3846666627375092,-0.3846666627375092,0.017359709325797324,0.018799272286234077,0.018456149804661055,0.021380079035363254,0.024723487312947174,0.028711389304667295
2015-03-13,25.2,25.3,25.0,25.0,25.0,2886,-0.38319311888413654,-0.39616898162001674,-0.3850549153101627,-0.4176873009114503,-0.4176873009114503,0.007658202337766937,0.010509296685529426,0.00860677783754698,0.012453174040700513,0.01535212411664351,0.018883303898926833
2015-03-16,25.2,25.25,24.9,24.9,24.9,2886,-0.38319311888413654,-0.40440813968767536,-0.40167452910943025,-0.4341976199984211,-0.4341976199984211,0.001206272617611626,0.004842615012106434,0.0037624294544477445,0.008097165991902806,0.010223953261927755,0.013499762566989896
2015-03-17,25.15,25.3,25.0,25.05,25.05,2886,-0.39148257510541373,-0.39616898162001674,-0.3850549153101627,-0.40943214136796485,-0.40943214136796485,0.003605769230769225,0.009877040919169562,0.00886024969794613,0.012734990903577978,0.014909650757637085,0.01815472158244135
2015-03-18,25.05,25.75,25.05,25.65,25.65,2886,-0.4080614875479675,-0.3220165590110905,-0.376745108410529,-0.3103702268461417,-0.3103702268461417,0.019475357710651765,0.030120481927710847,0.03136308805790113,0.03406571255795198,0.03711790393013083,0.04035692557290615
2015-03-19,25.8,26.0,25.7,25.9,25.9,2886,-0.28371964422881146,-0.2808207686727981,-0.26871761871529193,-0.2690944291287152,-0.2690944291287152,0.023715415019762903,0.03455162772119027,0.03918683964156732,0.040892193308550116,0.044439067666747184,0.048158640226628954
2015-03-20,25.8,25.9,25.6,25.7,25.7,2886,-0.28371964422881146,-0.2972990848081153,-0.28533723251455884,-0.30211506730265625,-0.30211506730265625,0.010220125786163443,0.022885572139303454,0.029097704217832206,0.030060120240480964,0.03453828194187266,0.03803433187478963
2015-03-23,25.7,25.95,25.7,25.9,25.9,2886,-0.30029855667136585,-0.2890599267404567,-0.26871761871529193,-0.2690944291287152,-0.2690944291287152,0.010140405616224712,0.02553949712928117,0.03324468085106378,0.035378772736358255,0.04066216650594651,0.04379365932294463
2015-03-24,25.9,25.95,25.65,25.85,25.85,2886,-0.2671407317862577,-0.2890599267404567,-0.27702742561492566,-0.2773495886722,-0.2773495886722,0.0019379844961240585,0.018518518518518615,0.02837819917782793,0.031010070794695522,0.03615520282186953,0.03947456604785212
2015-03-25,25.85,25.85,25.5,25.5,25.5,2886,-0.27543018800753427,-0.3055382428757733,-0.30195684631382635,-0.3351357054765973,-0.3351357054765973,-0.010477299185098935,0.0013744354997054836,0.012306470821754614,0.016138673042438777,0.020081606528522238,0.023890784982935252
2015-03-26,25.35,25.55,25.35,25.5,25.5,2886,-0.35832475022030497,-0.35497319128172433,-0.32688626701272705,-0.3351357054765973,-0.3351357054765973,-0.007395873880887417,0.000196116885663956,0.009767687434002092,0.015329484371889229,0.018207954000958437,0.022180652057723193
2015-03-27,25.35,25.45,25.05,25.05,25.05,2886,-0.35832475022030497,-0.3714515074170415,-0.376745108410529,-0.40943214136796485,-0.40943214136796485,-0.019953051643192412,-0.017647058823529384,-0.00870597546497819,-0.002786624203821667,-0.0008774728781111206,0.003538759431127927
2015-03-30,25.4,25.8,25.2,25.65,25.65,2886,-0.3500352939990284,-0.31377740094343193,-0.3518156877116283,-0.3103702268461417,-0.3103702268461417,0.005488043904351117,0.002932551319648066,0.01223362273086039,0.018766756032171445,0.02134267739109651,0.026342114038012593
2015-03-31,25.95,26.0,25.65,25.95,25.95,2886,-0.2588512755649805,-0.2808207686727981,-0.27702742561492566,-0.26083926958522974,-0.26083926958522974,0.01645123384253812,0.011104617182933962,0.020448289421942573,0.02833366356251238,0.03123509775870282,0.03613495707726083
2015-04-01,25.95,25.95,25.75,25.8,25.8,2886,-0.2588512755649805,-0.2890599267404567,-0.26040781181565814,-0.28560474821568543,-0.28560474821568543,0.008206330597889834,0.004672897196261721,0.011500261369576709,0.02016607354685653,0.024053346034770107,0.02802497011555304
2015-04-02,25.9,26.0,25.8,25.95,25.95,2886,-0.2671407317862577,-0.2808207686727981,-0.2520980049160244,-0.26083926958522974,-0.26083926958522974,0.010514018691588769,0.010317305820517974,0.0153906351897744,0.02326498422712933,0.028618994767718318,0.031809145129224684
2015-04-07,26.0,26.1,25.9,26.05,26.05,2886,-0.2505618193437033,-0.2643424525374809,-0.23547839111675747,-0.24432895049825892,-0.24432895049825892,0.006568778979907193,0.012830482115085608,0.016519250780437134,0.024682859671550844,0.03078505856283643,0.033456757471568385
2015-04-08,26.05,26.05,25.85,25.85,25.85,2886,-0.24227236312242612,-0.2725816106051395,-0.24378819801639065,-0.2773495886722,-0.2773495886722,-0.0027006172839504914,0.0052498541707176796,0.006228104320747377,0.014322150284481146,0.02069019979467744,0.0238299557726584
2015-04-09,25.9,26.1,25.9,25.9,25.9,2886,-0.2671407317862577,-0.2643424525374809,-0.23547839111675747,-0.2690944291287152,-0.2690944291287152,-0.00038595137012756135,0.006998444790046646,0.005955463490419437,0.013698630136986217,0.020890815924319968,0.024187701838792364
2015-04-10,26.0,26.1,26.0,26.1,26.1,2886,-0.2505618193437033,-0.2643424525374809,-0.21885877731748996,-0.23607379095477352,-0.23607379095477352,0.005005775895263864,0.012412723041117155,0.012543644122591522,0.018635964484340184,0.02650829859199257,0.030670001316309238
2015-04-13,26.1,26.3,26.05,26.3,26.3,2886,-0.23398290690114892,-0.2313858202668471,-0.21054897041785622,-0.20305315278083244,-0.20305315278083244,0.009984639016897005,0.017014694508893955,0.019248159152564247,0.02424301431214107,0.031534358330718625,0.03692995137337367
2015-04-14,26.3,26.4,26.05,26.2,26.2,2886,-0.20082508201604077,-0.21490750413153048,-0.21054897041785622,-0.21956347186780328,-0.21956347186780328,0.004986574606827734,0.008662175168431102,0.014062701586892013,0.017969888295288918,0.025360050093926098,0.03129305254871095
2015-04-15,26.2,26.4,25.9,26.0,26.0,2886,-0.21740399445859515,-0.21490750413153048,-0.23547839111675747,-0.25258411004174436,-0.25258411004174436,-0.0038314176245211272,-0.00038446751249525423,0.006062169482780706,0.00804497431423862,0.015307716338644152,0.021410331958357953
2015-04-16,26.2,26.4,26.0,26.4,26.4,2886,-0.21740399445859515,-0.21490750413153048,-0.21885877731748996,-0.1865428336938622,-0.1865428336938622,0.007633587786259515,0.013241220495106462,0.020092735703245733,0.020881670533642517,0.028037383177570048,0.03495589676576279
2015-04-17,26.25,26.4,26.2,26.2,26.2,2886,-0.20911453823731796,-0.21490750413153048,-0.18561954971895553,-0.21956347186780328,-0.21956347186780328,-0.0007627765064835841,0.004023759340869915,0.010542555926973519,0.012071463061323033,0.017791935358557796,0.025105966742745317
2015-04-20,26.1,26.4,26.05,26.25,26.25,2886,-0.23398290690114892,-0.21490750413153048,-0.21054897041785622,-0.21130831232431788,-0.21130831232431788,0.0015261350629531744,0.004784688995215311,0.0105222635698704,0.013317892298783975,0.018073223704622925,0.024790162014444724
2015-04-21,26.25,26.3,26.05,26.25,26.25,2886,-0.20911453823731796,-0.2313858202668471,-0.21054897041785622,-0.21130831232431788,-0.21130831232431788,0.0011441647597254438,0.0040160642570281286,0.007419726237687162,0.01224332401426791,0.016102810250058077,0.02286011170281852
2015-04-22,26.15,26.45,26.1,26.45,26.45,2886,-0.22569345067987234,-0.20666834606387188,-0.20223916351822246,-0.1782876741503768,-0.1782876741503768,0.005321170657544546,0.009349360809005816,0.013021830716200547,0.0188751926040061,0.021393265369168926,0.028182701652089324
2015-04-23,26.4,28.3,26.35,28.25,28.25,2886,-0.184246169573487,0.09818050243949221,-0.16069012902005425,0.118898069415094,0.118898069415094,0.058845577211394315,0.0684568835098334,0.07564411727376562,0.08320552147239256,0.08553642791269608,0.0929842661851947
2015-04-24,28.3,28.35,27.1,28.25,28.25,2886,0.130753166835042,0.1064196605071508,-0.03604302552554968,0.118898069415094,0.118898069415094,0.04282022886674036,0.05983867942224719,0.06899596367305741,0.0775245542099742,0.08121555419473377,0.08793324775353023
2015-04-27,28.35,28.4,27.95,28.0,28.0,2886,0.1390426230563192,0.11465881857480882,0.10522369176822183,0.07762227169766751,0.07762227169766751,0.020408163265305944,0.04380242311276797,0.054084577738737497,0.0629211350479263,0.06821303219899284,0.07444359171143505
2015-04-28,28.2,28.25,27.65,28.05,28.05,2886,0.11417425439248766,0.08994134437183361,0.055364850370419876,0.08587743124115292,0.08587743124115292,0.008992805755395683,0.038504257682339976,0.050692970408290745,0.05879022364820236,0.06629666235839746,0.07217939733707071
2015-04-29,28.25,28.5,27.65,27.7,27.7,2886,0.12246371061376483,0.13113713471012603,0.055364850370419876,0.028091314436755613,0.028091314436755613,-0.012477718360071352,0.01913171449595289,0.03281133482475761,0.04154916337657456,0.05011752217757233,0.05503713578366027
2015-04-30,27.6,27.85,27.3,27.3,27.3,2886,0.014700779737163164,0.02402807983056598,-0.002803797927015241,-0.037949961911126526,-0.037949961911126526,-0.020100502512562894,0.001100110011001142,0.014367104285360418,0.02390998593530236,0.03268270540172495,0.036840106342575105
2015-05-04,27.55,27.75,27.05,27.05,27.05,2886,0.006411323515885978,0.007549763695248782,-0.04435283242518343,-0.07922575962855301,-0.07922575962855301,-0.020637219406227255,-0.011149698409797102,0.0027183986160880073,0.012160898035547213,0.020831760887614143,0.025527612789081205
2015-05-05,27.2,27.35,26.85,27.05,27.05,2886,-0.05161487003305375,-0.058363500846018844,-0.07759206002371787,-0.07922575962855301,-0.07922575962855301,-0.01385344513306595,-0.014033169309276528,0.000863344844598063,0.010082150858849871,0.01844879518072297,0.0240393715691841
2015-05-06,27.05,27.45,26.9,27.45,27.45,2886,-0.07648323869688473,-0.04188518471070223,-0.0692822531240847,-0.01318448328067087,-0.01318448328067087,0.00512632735261824,-0.003810560696788257,0.012541497602360747,0.02234636871508372,0.02978691476590638,0.03689247041047581
2015-05-07,27.4,27.4,27.0,27.35,27.35,2886,-0.018457045147945585,-0.05012434277836083,-0.05266263932481719,-0.02969480236764111,-0.02969480236764111,0.004038179148311285,-0.010671007415445764,0.00551470588235302,0.01578458681522751,0.023424637030384717,0.03123232577138202
2015-05-08,27.4,27.4,27.05,27.2,27.2,2886,-0.018457045147945585,-0.05012434277836083,-0.04435283242518343,-0.054460280998097355,-0.054460280998097355,-0.000734753857457736,-0.012345679012345675,-0.0019569471624266595,0.007780659503519854,0.015910958392470382,0.023839397741530724
2015-05-11,27.5,27.5,26.8,26.9,26.9,2886,-0.0018781327053912099,-0.03364602664304363,-0.08590186692335162,-0.10399123825900924,-0.10399123825900924,-0.010665685913938917,-0.018427294289363346,-0.01465201465201473,-0.0048094709581946934,0.0030576478484598845,0.010771543086172293
2015-05-12,27.3,27.5,27.05,27.25,27.25,2886,-0.03503595759049937,-0.03364602664304363,-0.04435283242518343,-0.04620512145461194,-0.04620512145461194,0.0007344840249724412,-0.002927186242224729,-0.004263093788063355,0.006370602899085804,0.014142165984369147,0.021683434356058233
2015-05-13,27.5,28.2,27.45,27.8,27.8,2886,-0.0018781327053912099,0.081702186304175,0.02212562277188544,0.04460163352372644,0.04460163352372644,0.018315018315018316,0.018128547885002785,0.012013105205678859,0.02365828960692265,0.03192279138827021,0.038734587121683844
2015-05-14,27.75,27.75,26.8,26.9,26.9,2886,0.03956914840099414,0.007549763695248782,-0.08590186692335162,-0.10399123825900924,-0.10399123825900924,-0.011392870268283803,-0.01193755739210295,-0.02181818181818187,-0.011120301442882032,-0.003039063079089791,0.0035441149039357905
2015-05-15,27.05,27.2,26.8,27.15,27.15,2886,-0.07648323869688473,-0.08308097504899464,-0.08590186692335162,-0.06271544054158276,-0.06271544054158276,-0.0018382352941176733,-0.00220507166482906,-0.010087506076810913,-0.003303964757709246,0.004365196803788181,0.011361519836095964
2015-05-18,27.15,27.55,27.05,27.55,27.55,2886,-0.05990432625433093,-0.02540686857538503,-0.04435283242518343,0.0033258358062999574,0.0033258358062999574,0.00804976216611804,0.010638297872340394,0.0062089116143170826,0.008880344227776373,0.01698043558508678,0.024036674513691188
2015-05-19,27.85,27.95,27.4,27.45,27.45,2886,0.056148060843548515,0.0405063959658826,0.013815815872251683,-0.01318448328067087,-0.01318448328067087,0.002922908293752351,0.005494505494505442,0.0039010118249421847,0.0030145245272678593,0.011571344339622643,0.01842691070986889
2015-05-20,27.8,27.85,27.45,27.6,27.6,2886,0.047858604622271324,0.02402807983056598,0.02212562277188544,0.011580995349785371,0.011580995349785371,0.009879253567508217,0.010433827567270603,0.010495484500854232,0.006014215418261574,0.015004413062665669,0.02203295685984086
2015-05-21,27.35,27.35,26.7,27.0,27.0,2886,-0.026746501369222183,-0.058363500846018844,-0.10252148072261914,-0.08748091917203842,-0.08748091917203842,-0.012797074954296212,-0.01026392961876837,-0.009779951100244464,-0.01684114701866176,-0.008519388954171538,-0.0016023665721682442
2015-05-22,27.1,27.1,26.85,26.95,26.95,2886,-0.06819378247560753,-0.09955929118431125,-0.07759206002371787,-0.09573607871552384,-0.09573607871552384,-0.01318198462101805,-0.011190607228031673,-0.01076716016150752,-0.0163336070809381,-0.011154325970499817,-0.004739336492890884
2015-05-25,26.95,26.95,26.6,26.7,26.7,2886,-0.0930621511394391,-0.12427676538728705,-0.11914109452188607,-0.13701187643295032,-0.13701187643295032,-0.01621223286661746,-0.019643840646227158,-0.019103600293901655,-0.02269399707174235,-0.021045684534721644,-0.014699551017897912
2015-05-26,26.95,27.2,26.85,27.2,27.2,2886,-0.0930621511394391,-0.08308097504899464,-0.07759206002371787,-0.054460280998097355,-0.054460280998097355,0.004060538944259985,-0.001101726037458727,-0.001101726037458727,-0.0029325513196481615,-0.004100761570005797,0.0026417644529089673
2015-05-27,27.2,27.4,27.15,27.4,27.4,2886,-0.05161487003305375,-0.05012434277836083,-0.02773321862591651,-0.021439642824156283,-0.021439642824156283,0.012939001848428756,0.007723427730783408,0.006366307541625808,0.005596843747132891,0.0015351999415162511,0.008527084227961303
2015-05-28,27.5,27.5,27.05,27.25,27.25,2886,-0.0018781327053912099,-0.03364602664304363,-0.04435283242518343,-0.04620512145461194,-0.04620512145461194,0.005535055350553453,0.0009182736455463205,0.0011021307861868,0.0009182736455463205,-0.005111354508944891,0.0014700477765527066
2015-05-29,27.45,27.5,27.05,27.5,27.5,2886,-0.010167588926668398,-0.03364602664304363,-0.04435283242518343,-0.004929323737185456,-0.004929323737185456,0.01065784638000732,0.008804108584005812,0.009544787077826652,0.009730126675234227,0.005116959064327506,0.009297773427942276
2015-06-01,27.35,27.7,27.15,27.4,27.4,2886,-0.026746501369222183,-0.0006893943724098171,-0.02773321862591651,-0.021439642824156283,-0.021439642824156283,0.0018281535648993475,0.005689117269223753,0.004644341236861347,0.005412347491055898,0.002708043621459345,0.004153432689958334
2015-06-02,27.5,27.6,27.2,27.5,27.5,2886,-0.0018781327053912099,-0.01716771050772643,-0.019423411726282754,-0.004929323737185456,-0.004929323737185456,0.0032834731849688543,0.009174311926605505,0.007695126419933942,0.008249312557286946,0.007104665641251104,0.006281636884796007
2015-06-03,27.5,27.6,27.2,27.3,27.3,2886,-0.0018781327053912099,-0.01716771050772643,-0.019423411726282754,-0.037949961911126526,-0.037949961911126526,-0.0032858707557501393,0.0029390154298310745,0.0015898251192368717,0.001191895113229994,0.0008798944126705129,-0.0023145328298209006
2015-06-04,27.2,27.3,26.6,27.0,27.0,2886,-0.05161487003305375,-0.06660265891367745,-0.11914109452188607,-0.08748091917203842,-0.08748091917203842,-0.012435991221653122,-0.008082292432035227,-0.009658882503973537,-0.009174311926605505,-0.00910158543746334,-0.013938766814778654
2015-06-05,27.2,27.2,26.8,26.85,26.85,2886,-0.05161487003305375,-0.08308097504899464,-0.08590186692335162,-0.11224639780249407,-0.11224639780249407,-0.013230429988974621,-0.013230429988974621,-0.014437782943839381,-0.014045717433213872,-0.013955196474476643,-0.01774282055972182
2015-06-08,27.2,27.6,26.95,27.45,27.45,2886,-0.05161487003305375,-0.01716771050772643,-0.06097244622445095,-0.01318448328067087,-0.01318448328067087,0.00844966936076416,0.006047278724573779,0.007832578631746471,0.00696991929567136,0.007487337590839045,0.005187671650900179
2015-06-09,27.3,27.5,27.0,27.0,27.0,2886,-0.03503595759049937,-0.03364602664304363,-0.05266263932481719,-0.08748091917203842,-0.08748091917203842,-0.004424778761061853,-0.009719420502475594,-0.007596177407498174,-0.009083402146985785,-0.008956100425781686,-0.010082493125572817
2015-06-10,27.1,27.85,27.1,27.7,27.7,2886,-0.06819378247560753,0.02402807983056598,-0.03604302552554968,0.028091314436755613,0.028091314436755613,0.01838235294117647,0.014837882396043275,0.017883390494855517,0.01679361292098741,0.01636457033829889,0.016016627949627122
2015-06-11,27.7,27.8,27.4,27.4,27.4,2886,0.031279692179716954,0.01578892176290738,0.013815815872251683,-0.021439642824156283,-0.021439642824156283,0.004398826979472047,0.00329549615525435,0.005873715124816452,0.004859264692399256,0.005283240387437568,0.005381604696673118
2015-06-12,27.5,27.8,27.45,27.8,27.8,2886,-0.0018781327053912099,0.01578892176290738,0.02212562277188544,0.04460163352372644,0.04460163352372644,0.01201310520567899,0.016825164594001626,0.01843936988643304,0.018315018315018316,0.019061583577712593,0.019435276861019476
2015-06-15,27.95,28.0,27.6,27.6,27.6,2886,0.0727269732861023,0.048745554033541194,0.04705504347078671,0.011580995349785371,0.011580995349785371,0.003636363636363688,0.008771929824561346,0.008894845863287398,0.010896438055123267,0.010692837263805668,0.011421242289134579
2015-06-16,27.9,27.95,27.65,27.9,27.9,2886,0.06443751706482512,0.0405063959658826,0.055364850370419876,0.06111195261069668,0.06111195261069668,0.007947976878612676,0.018248175182481754,0.018124315776669488,0.021043000914913058,0.020706812028974998,0.02135448444173272
2015-06-17,27.9,27.95,27.4,27.65,27.65,2886,0.06443751706482512,0.0405063959658826,0.013815815872251683,0.0198361548932702,0.0198361548932702,-0.0007228044813877692,0.007836704938946466,0.008388037928519346,0.01180129905772553,0.01178278688524574,0.011955593509820716
2015-06-18,27.8,28.1,27.6,27.8,27.8,2886,0.047858604622271324,0.06522387016885839,0.04705504347078671,0.04460163352372644,0.04460163352372644,0.0018018018018018274,0.010357986552789262,0.012504552628384265,0.01580341646113094,0.015933343078497295,0.01688715478875813
2015-06-22,28.1,28.3,28.0,28.0,28.0,2886,0.09759534194993387,0.09818050243949221,0.11353349866785559,0.07762227169766751,0.07762227169766751,0.007556675062972323,0.013391241404270626,0.018552200800290942,0.021152443471918376,0.021972406745017763,0.02320482367988299
2015-06-23,28.25,28.25,28.0,28.05,28.05,2886,0.12246371061376483,0.08994134437183361,0.11353349866785559,0.08587743124115292,0.08587743124115292,0.0060975609756096895,0.013001083423618744,0.018765133171912796,0.020463847203274214,0.023050550733095233,0.02359810242063015
2015-06-24,28.0,28.1,27.9,28.1,28.1,2886,0.08101642950737949,0.06522387016885839,0.09691388486858807,0.09413259078463834,0.09413259078463834,0.0064469914040115785,0.010791366906474845,0.019100580270793057,0.0206120039952784,0.023903221104795175,0.02436357008323712
2015-06-25,28.2,28.3,27.9,28.0,28.0,2886,0.11417425439248766,0.09818050243949221,0.09691388486858807,0.07762227169766751,0.07762227169766751,0.0003572704537335321,0.006108515989938848,0.013758146270818342,0.015873015873015872,0.019664967225054595,0.020470145174026632
2015-06-26,28.15,28.15,27.85,27.95,27.95,2886,0.10588479817121046,0.0734630282365164,0.0886040779689549,0.06936711215418209,0.06936711215418209,-0.0024982155603140714,0.0023310023310022495,0.009632751354605625,0.012772896095660678,0.016437559095206857,0.01735015772870662
2015-06-29,27.8,27.9,27.5,27.65,27.65,2886,0.047858604622271324,0.03226723789822399,0.030435429671519198,0.0198361548932702,0.0198361548932702,-0.010733452593917735,-0.007893792608539608,-0.0031246244441774863,0.001630139467487707,0.004504831795393402,0.005820298290287252
2015-06-30,27.85,28.05,27.5,27.8,27.8,2886,0.056148060843548515,0.05698471210119979,0.030435429671519198,0.04460163352372644,0.04460163352372644,-0.0035842293906809273,-0.003226963069200298,0.0014409221902016982,0.006334841628959302,0.008342401160681917,0.010970361840111492
2015-07-01,27.65,28.05,27.6,27.9,27.9,2886,0.022990235958439763,0.05698471210119979,0.04705504347078671,0.06111195261069668,0.06111195261069668,0.0014357501794686142,0.0003585514521334372,0.00287562904385341,0.009224091155724198,0.01094282194361896,0.014053792100799614
2015-07-02,28.0,28.05,27.8,28.0,28.0,2886,0.08101642950737949,0.05698471210119979,0.08029427106932115,0.07762227169766751,0.07762227169766751,0.005025125628140596,0.0026857654431512727,0.005747126436781743,0.011560693641618507,0.013684744044602003,0.01719544683942854
2015-07-03,27.95,28.0,27.5,28.0,28.0,2886,0.0727269732861023,0.048745554033541194,0.030435429671519198,0.07762227169766751,0.07762227169766751,0.004664513814137157,0.001968151726605823,0.004304160688665746,0.009736747205192917,0.01258498481122519,0.015965166908563182
2015-07-06,27.65,28.0,27.65,27.7,27.7,2886,0.022990235958439763,0.048745554033541194,0.055364850370419876,0.028091314436755613,0.028091314436755613,-0.006456241032998682,-0.0077019523553644945,-0.006218607988519446,-0.002610495994238834,0.001446131597975385,0.00416893239079204
2015-07-07,27.85,27.95,27.5,27.5,27.5,2886,0.056148060843548515,0.0405063959658826,0.030435429671519198,-0.004929323737185456,-0.004929323737185456,-0.011502516175413383,-0.012921751615218805,-0.013157894736842122,-0.00990099009900985,-0.005928282244071771,-0.004044184221645493
2015-07-08,27.5,27.7,26.65,26.65,26.65,2886,-0.0018781327053912099,-0.0006893943724098171,-0.1108312876222529,-0.14526703597643573,-0.14526703597643573,-0.03336960464272767,-0.03842684466895176,-0.04079184163167377,-0.0398991263622445,-0.03546869344914949,-0.03418700169122971
2015-07-09,26.0,27.2,25.5,26.9,26.9,2886,-0.2505618193437033,-0.08308097504899464,-0.30195684631382635,-0.10399123825900924,-0.10399123825900924,-0.016453382084095167,-0.025538851657308525,-0.030048076923077007,-0.029494001984306035,-0.025856449627000875,-0.024537652604859152
2015-07-13,26.9,27.1,26.6,27.1,27.1,2886,-0.10135160736071629,-0.09955929118431125,-0.11914109452188607,-0.07097060008506759,-0.07097060008506759,-0.002576370997423509,-0.015261627906976678,-0.021189501565133613,-0.021748939626387354,-0.018755883843869836,-0.01710693344617049
2015-07-14,27.2,27.6,27.15,27.5,27.5,2886,-0.05161487003305375,-0.01716771050772643,-0.02773321862591651,-0.004929323737185456,-0.004929323737185456,0.013638039071138865,-0.00018178512997646092,-0.00554484088717451,-0.006772009029345372,-0.00520908696281272,-0.002599286707368631
2015-07-15,27.35,27.65,27.2,27.65,27.65,2886,-0.026746501369222183,-0.008928552440068417,-0.019423411726282754,0.0198361548932702,0.0198361548932702,0.018041237113402137,0.0058202982902873825,0.0008445945945945981,-0.0014445648248467406,-7.232749891517591e-05,0.0025380710659898584
2015-07-16,27.8,27.85,27.45,27.65,27.65,2886,0.047858604622271324,0.02402807983056598,0.02212562277188544,0.0198361548932702,0.0198361548932702,0.0105994152046782,0.0067358456217001695,0.0019326005556225755,-0.0009935868485232919,-0.0010116337885686193,0.0023563530904477537
2015-07-17,27.65,27.65,26.9,27.0,27.0,2886,0.022990235958439763,-0.008928552440068417,-0.0692822531240847,-0.08748091917203842,-0.08748091917203842,-0.01387874360847343,-0.013338205737255691,-0.019251725390483275,-0.023331524688008667,-0.023508137432188016,-0.020852221214868516
2015-07-20,27.4,27.45,26.9,27.15,27.15,2886,-0.018457045147945585,-0.04188518471070223,-0.0692822531240847,-0.06271544054158276,-0.06271544054158276,-0.008762322015334008,-0.004765395894428246,-0.01188887540943836,-0.016749660479855214,-0.017727930535455932,-0.015591007976794769
2015-07-21,27.15,27.2,26.75,26.85,26.85,2886,-0.05990432625433093,-0.08308097504899464,-0.09421167382298538,-0.11224639780249407,-0.11224639780249407,-0.015040352164343365,-0.012686155543298359,-0.020906770390178707,-0.025585193249863847,-0.02724440257952331,-0.026468455402465445
2015-07-22,26.9,27.15,26.75,26.9,26.9,2886,-0.10135160736071629,-0.09132013311665324,-0.09421167382298538,-0.10399123825900924,-0.10399123825900924,-0.007746219107340366,-0.008660401695227546,-0.016932634912900524,-0.021729248113464994,-0.024443316167404184,-0.024006772691540137
2015-07-23,26.8,27.0,26.65,26.65,26.65,2886,-0.11793051980327007,-0.11603760731962845,-0.1108312876222529,-0.14526703597643573,-0.14526703597643573,-0.00966183574879246,-0.01787359498802283,-0.023093841642228705,-0.028258887876025603,-0.031754105507920447,-0.03266787658802185
2015-07-24,26.9,26.9,26.4,26.55,26.55,2886,-0.10135160736071629,-0.13251592345494564,-0.1523803221204211,-0.16177735506340596,-0.16177735506340596,-0.010067114093959715,-0.020295202952029544,-0.023298589822194956,-0.029339182890046684,-0.033842794759825316,-0.03495486763191371
2015-07-27,26.4,26.45,25.75,25.95,25.95,2886,-0.184246169573487,-0.20666834606387188,-0.26040781181565814,-0.26083926958522974,-0.26083926958522974,-0.0237020316027089,-0.03835464146748181,-0.04054720236628054,-0.04779378038712039,-0.05312705247026197,-0.055103774729942906
2015-07-28,26.0,26.35,25.75,26.25,26.25,2886,-0.2505618193437033,-0.2231466621991885,-0.26040781181565814,-0.21130831232431788,-0.21130831232431788,-0.007936507936507969,-0.022710349962769768,-0.025974025974025948,-0.03430515956957592,-0.039727831431079844,-0.042378549279503935
2015-07-29,26.25,26.25,25.85,26.1,26.1,2886,-0.20911453823731796,-0.2396249783345057,-0.24378819801639065,-0.23607379095477352,-0.23607379095477352,-0.007604562737642559,-0.022654933533046262,-0.028174258408837072,-0.036811513977304255,-0.04248294078802557,-0.0461107388682462
2015-07-30,26.1,26.8,26.05,26.75,26.75,2886,-0.23398290690114892,-0.14899423959026226,-0.21054897041785622,-0.1287567168894649,-0.1287567168894649,0.01633738601823707,0.005072327634792469,-0.004218885717830995,-0.010724852071005885,-0.016688722246728446,-0.02098328656825658
2015-07-31,26.8,27.0,26.45,27.0,27.0,2886,-0.11793051980327007,-0.11603760731962845,-0.14407051522078734,-0.08748091917203842,-0.08748091917203842,0.022340022718667304,0.014465526958482118,0.00483810941570521,0.00037050759540576376,-0.0060374024444117755,-0.011049386484341586
2015-08-03,27.0,27.05,26.45,26.95,26.95,2886,-0.0847726949181619,-0.10779844925196985,-0.14407051522078734,-0.09573607871552384,-0.09573607871552384,0.012777151446824361,0.013348373754465142,0.003350707371556212,0.0004640371229698112,-0.006414983040849544,-0.011855292104619799
2015-08-04,27.15,27.45,26.95,27.4,27.4,2886,-0.05990432625433093,-0.04188518471070223,-0.06097244622445095,-0.021439642824156283,-0.021439642824156283,0.020864381520119313,0.028142589118198877,0.02035749751737836,0.017736094344878654,0.010548056354650653,0.005381604696673249
2015-08-05,27.5,27.6,27.25,27.4,27.4,2886,-0.0018781327053912099,-0.01716771050772643,-0.011113604826648998,-0.021439642824156283,-0.021439642824156283,0.011070110701106906,0.02621722846441945,0.02099118121972423,0.017925141636481772,0.011144733928703078,0.006181528857335198
2015-08-06,27.55,27.6,27.1,27.2,27.2,2886,0.006411323515885978,-0.01716771050772643,-0.03604302552554968,-0.054460280998097355,-0.054460280998097355,0.000367782272894504,0.016632405157914285,0.014672966923650875,0.009463722397476304,0.004802364240857,-6.12707554683592e-05
2015-08-07,27.1,27.3,26.8,26.85,26.85,2886,-0.06819378247560753,-0.06660265891367745,-0.08590186692335162,-0.11224639780249407,-0.11224639780249407,-0.011413843888070516,0.002426731379503368,0.001990297300659332,-0.0034332374501253086,-0.0064387211367671685,-0.011535157688059856
2015-08-10,26.65,26.8,26.55,26.7,26.7,2886,-0.14279888846710162,-0.14899423959026226,-0.12745090142151982,-0.13701187643295032,-0.13701187643295032,-0.015123570638141043,-0.005956813104988705,-0.0024906600249065916,-0.00826446280991723,-0.01008453210737055,-0.015547225465495
2015-08-11,26.95,27.0,26.2,26.2,26.2,2886,-0.0930621511394391,-0.11603760731962845,-0.18561954971895553,-0.21956347186780328,-0.21956347186780328,-0.024934871604019287,-0.024390243902439067,-0.019583385306224277,-0.024481057432746863,-0.026456599286563735,-0.03225806451612896
2015-08-12,25.95,25.95,24.55,24.75,24.75,2886,-0.2588512755649805,-0.2890599267404567,-0.45984317740686537,-0.45896309862887674,-0.45896309862887674,-0.060364464692482786,-0.0737275449101796,-0.06884875846501123,-0.07346747777257834,-0.0765614506380122,-0.08237038867947849
2015-08-13,23.6,24.15,23.6,23.9,23.9,2886,-0.6484557179650025,-0.5856696171761622,-0.6177295084999044,-0.599300810868127,-0.599300810868127,-0.06931464174454834,-0.09589559296387354,-0.09458264932440963,-0.09896324222431668,-0.10460062940206821,-0.1094827050860088
2015-08-14,23.9,24.15,23.9,24.05,24.05,2886,-0.5987189806373405,-0.5856696171761622,-0.567870667102103,-0.5745353322376708,-0.5745353322376708,-0.04259554140127376,-0.07995409334353468,-0.08311094166984367,-0.08823808169841711,-0.09511626156971915,-0.0994757863205192
2015-08-17,24.3,24.3,23.8,24.0,24.0,2886,-0.5324033308671235,-0.5609521429731864,-0.58449028090137,-0.5827904917811562,-0.5827904917811562,-0.023596419853539538,-0.07138711549622746,-0.08045977011494258,-0.0846681922196796,-0.09276479927421186,-0.09683893627696942
2015-08-18,24.1,24.15,23.6,23.6,23.6,2886,-0.5655611557522318,-0.5856696171761622,-0.6177295084999044,-0.6488317681290383,-0.6488317681290383,-0.019118869492934364,-0.07323777734144898,-0.08962324803908965,-0.09431065911925535,-0.10259335310670013,-0.10730046652376735
2015-08-19,23.7,23.7,22.7,22.7,22.7,2886,-0.6318768055224486,-0.6598220397850884,-0.7673060326933102,-0.797424639911774,-0.797424639911774,-0.040169133192388976,-0.09181836367273448,-0.11661694123751458,-0.12177193152142389,-0.13026819923371655,-0.13611569199543314
2015-08-20,22.7,23.25,22.55,23.0,23.0,2886,-0.79766592994799,-0.7339744623940146,-0.7922354533922109,-0.7478936826508621,-0.7478936826508621,-0.02002556455048994,-0.06408952187182093,-0.09614880796436988,-0.10383791155269832,-0.11244886933703795,-0.1206270311603899
2015-08-21,22.35,22.9,22.3,22.55,22.55,2886,-0.8556921234969291,-0.7916485688676242,-0.8337844878903792,-0.8221901185422297,-0.8221901185422297,-0.026758739749676196,-0.06605922551252856,-0.10337972166998004,-0.11447084233261336,-0.12379546161019583,-0.13302575932333707
2015-08-24,22.3,22.75,21.15,22.3,22.3,2886,-0.8639815797182063,-0.8163660430705995,-1.0249100465819532,-0.8634659162596562,-0.8634659162596562,-0.02321506789312313,-0.05927019616114734,-0.10225442834138483,-0.11796697320280833,-0.12692819669563846,-0.13733075435203096
2015-08-25,22.2,23.1,22.1,22.55,22.55,2886,-0.8805604921607607,-0.7586919365969899,-0.8670237154889135,-0.8221901185422297,-0.8221901185422297,-0.0030946065428824176,-0.03384747215081402,-0.080217539089055,-0.10150413387787639,-0.11115490737091054,-0.12205567451820121
2015-08-26,22.45,23.1,21.75,22.9,22.9,2886,-0.8391132110543754,-0.7586919365969899,-0.9251923637863493,-0.764404001737833,-0.764404001737833,0.010591350397175412,-0.011012740228892358,-0.054370268410185815,-0.08170426065162913,-0.09163030543435154,-0.1028989292243405
2015-08-27,22.9,23.1,22.75,22.9,22.9,2886,-0.7645081050628819,-0.7586919365969899,-0.7589962257936765,-0.764404001737833,-0.764404001737833,0.01148409893992924,-0.006723053567555894,-0.04304220643543674,-0.07456051727621738,-0.0861931364724661,-0.09729978319427122
2015-08-28,23.15,23.8,23.1,23.7,23.7,2886,-0.7230608239564965,-0.6433437236497712,-0.7008275774962408,-0.6323214490420681,-0.6323214490420681,0.03629208570179267,0.029539530842745427,-0.0008431703204045542,-0.03580146460537018,-0.049947887436863576,-0.06169580996370836
2015-08-31,23.75,24.4,23.05,24.4,24.4,2886,-0.6235873493011714,-0.5444738268378698,-0.7091373843958746,-0.5167492154332741,-0.5167492154332741,0.04765993988836408,0.05810928013876843,0.03536067892503531,-0.00214701973213381,-0.0194502491560843,-0.0304635761589405
2015-09-01,23.9,23.95,23.5,23.5,23.5,2886,-0.5987189806373405,-0.618626249446796,-0.634349122299172,-0.6653420872160092,-0.6653420872160092,0.0008517887563885489,0.01952277657266808,0.0048460661345495985,-0.03122745542615687,-0.05142488092354892,-0.062063460387148266
2015-09-02,23.4,23.75,23.05,23.4,23.4,2886,-0.6816135428501112,-0.6515828817174298,-0.7091373843958746,-0.68185240630298,-0.68185240630298,-0.00763358778625968,0.012110726643598666,0.004435541565316857,-0.02733035435934735,-0.051325711505716444,-0.061685490877497993
2015-09-03,23.7,23.7,23.3,23.6,23.6,2886,-0.6318768055224486,-0.6598220397850884,-0.6675883498977063,-0.6488317681290383,-0.6488317681290383,-0.005059021922428223,0.018119068162208873,0.013890877846197943,-0.011621819704742952,-0.038304808475957526,-0.04979197423164654
2015-09-04,23.55,23.6,23.35,23.45,23.45,2886,-0.6567451741862796,-0.676300355920405,-0.6592785429980725,-0.6735972467594946,-0.6735972467594946,-0.00929446556822978,0.007735281478298226,0.009180892267967198,-0.010861541706211127,-0.03885564390523829,-0.051886792452830253
2015-09-07,23.45,23.75,23.45,23.65,23.65,2886,-0.673324086628834,-0.6515828817174298,-0.6426589291988056,-0.6405766085855535,-0.6405766085855535,0.005527210884353699,0.010467848750266927,0.018811028144744436,0.004033113988537417,-0.025385312783318213,-0.04082736244423405
2015-09-08,23.5,23.6,23.35,23.35,23.35,2886,-0.6650346304075568,-0.676300355920405,-0.6592785429980725,-0.6901075658464648,-0.6901075658464648,-0.005959982971477248,-0.005748350010645008,0.006610145135795487,-0.0026695141484249863,-0.0312811151676068,-0.04926710097719859
2015-09-09,23.9,24.1,23.8,23.95,23.95,2886,-0.5987189806373405,-0.5939087752438202,-0.58449028090137,-0.5910456513246416,-0.5910456513246416,0.01483050847457618,0.015260703688003521,0.02878006872852241,0.02470852497593328,-0.0006676124509721372,-0.02198325733342425
2015-09-10,23.8,24.05,23.8,23.95,23.95,2886,-0.6152978930798942,-0.6021479333114788,-0.58449028090137,-0.5910456513246416,-0.5910456513246416,0.011829319814110737,0.01076176408525001,0.025988861916321687,0.024598930481283393,0.004782681657996341,-0.01824144291863088
2015-09-11,24.1,24.1,23.9,23.95,23.95,2886,-0.5655611557522318,-0.5939087752438202,-0.567870667102103,-0.5910456513246416,-0.5910456513246416,0.007572570466975167,0.00969645868465432,0.02190300099559089,0.024818142918271214,0.00969645868465432,-0.014132821075741105
2015-09-14,24.0,24.0,23.65,23.75,23.75,2886,-0.5821400681947861,-0.6103870913791374,-0.6094197016002713,-0.6240662894985827,-0.6240662894985827,-0.0016813787305590226,0.004016064257028215,0.009206798866855452,0.01680402440329651,0.006270655029234949,-0.018054024255788344
2015-09-15,23.8,23.95,23.6,23.8,23.8,2886,-0.6152978930798942,-0.618626249446796,-0.6177295084999044,-0.6158111299550972,-0.6158111299550972,-0.003350083752093879,0.00485539370909867,0.00776287932251236,0.018508612389001863,0.012507444907683166,-0.01108033240997226
2015-09-16,23.65,23.8,23.65,23.8,23.8,2886,-0.6401662617437258,-0.6433437236497712,-0.6094197016002713,-0.6158111299550972,-0.6158111299550972,-0.0020964360587002392,0.003161222339304501,0.005209066591581086,0.016116981534849025,0.014146923470257557,-0.006124721603563541
2015-09-17,24.0,24.25,23.9,24.2,24.2,2886,-0.5821400681947861,-0.569191301040845,-0.567870667102103,-0.5497698536072151,-0.5497698536072151,0.012552301255230157,0.017447971410552834,0.0183756487585917,0.030554668370062862,0.030664395229982915,0.01481688565837287
2015-09-18,24.1,24.15,23.9,23.9,23.9,2886,-0.5655611557522318,-0.5856696171761622,-0.567870667102103,-0.599300810868127,-0.599300810868127,0.0004185851820844709,0.002937473772555465,0.0051871582784241395,0.014861995753715407,0.018147737922808143,0.0063864130816197896
2015-09-21,23.65,23.65,23.25,23.25,23.25,2886,-0.6401662617437258,-0.668061197852747,-0.6758981567973401,-0.7066178849334357,-0.7066178849334357,-0.022698612862547252,-0.022698612862547252,-0.018987341772151868,-0.014726136243246113,-0.008275038389353463,-0.016220028208744693
2015-09-22,23.35,23.5,23.25,23.5,23.5,2886,-0.6899029990713877,-0.6927786720557222,-0.6758981567973401,-0.6653420872160092,-0.6653420872160092,-0.00969237252423095,-0.012812434362528869,-0.008438818565400814,-0.0061323747092408365,0.002559726962457283,-0.001840577658218873
2015-09-23,23.25,23.35,22.95,22.95,22.95,2886,-0.7064819115139421,-0.7174961462586974,-0.7257569981951421,-0.7561488421943475,-0.7561488421943475,-0.0258913412563667,-0.03184982071292987,-0.030418250950570443,-0.029495718363463434,-0.021321961620468937,-0.022711142654364868
2015-09-24,23.0,23.15,22.75,22.75,22.75,2886,-0.7479291926203275,-0.7504527785293318,-0.7589962257936765,-0.7891694803682886,-0.7891694803682886,-0.022346368715083782,-0.0354038583845665,-0.036561264822134384,-0.0376480541455161,-0.029436860068259144,-0.029643847302196644
2015-09-25,22.75,22.8,22.4,22.4,22.4,2886,-0.7893764737267128,-0.8081268850029408,-0.8171648740911122,-0.846955597172686,-0.846955597172686,-0.02481497605572487,-0.04396073410157922,-0.048562933597621455,-0.04984093319194065,-0.044123922505760964,-0.04232578024796916
2015-09-30,21.85,22.8,21.8,22.8,22.8,2886,-0.9385866857096998,-0.8081268850029408,-0.9168825568867155,-0.7809143208248032,-0.7809143208248032,-0.0034965034965035767,-0.022926933790443544,-0.029236446210615982,-0.029580761864226295,-0.02788436940393962,-0.02355460385438975
2015-10-01,22.6,22.95,22.45,22.6,22.6,2886,-0.8142448423905438,-0.7834094107999656,-0.8088550671914785,-0.8139349589987442,-0.8139349589987442,-0.004405286343612241,-0.026491492569459187,-0.03569904707722938,-0.03624733475479735,-0.03649386084583894,-0.03073624017155104
2015-10-02,22.65,22.9,22.65,22.9,22.9,2886,-0.8059553861692672,-0.7916485688676242,-0.775615839592944,-0.764404001737833,-0.764404001737833,0.009255178492728113,-0.009729729729729792,-0.019971469329529326,-0.022411953041622287,-0.023703956343792673,-0.018150635986851602
2015-10-05,23.1,23.1,22.7,22.8,22.8,2886,-0.7313502801777731,-0.7586919365969899,-0.7673060326933102,-0.7809143208248032,-0.7809143208248032,0.004405286343612398,-0.008048727430933163,-0.021039072563331984,-0.02501603592046172,-0.027801466825856963,-0.022158684774839132
2015-10-06,22.9,23.15,22.65,22.7,22.7,2886,-0.7645081050628819,-0.7504527785293318,-0.775615839592944,-0.797424639911774,-0.797424639911774,-0.0026362038664324372,-0.007216269407391173,-0.021832806664751403,-0.02773316200878042,-0.030411754655732093,-0.026656185235475006
2015-10-07,22.5,23.0,22.5,22.95,22.95,2886,-0.8308237548330982,-0.775170252732307,-0.8005452602918447,-0.7561488421943475,-0.7561488421943475,0.007020623080298383,0.005036128749726229,-0.008782032824647118,-0.015549597855227913,-0.01729896377494219,-0.01684992146223037
2015-10-08,23.0,23.05,22.75,22.75,22.75,2886,-0.7479291926203275,-0.7669310946646485,-0.7589962257936765,-0.7891694803682886,-0.7891694803682886,-0.0030674846625766993,-0.0004393673110721249,-0.01444043321299634,-0.022871255234618228,-0.024609843937575097,-0.02569593147751612
2015-10-12,22.95,22.95,22.75,22.8,22.8,2886,-0.7562186488416047,-0.7834094107999656,-0.7589962257936765,-0.7809143208248032,-0.7809143208248032,0.0,0.0024181138711806232,-0.009413468501086097,-0.018299246501614668,-0.02145922746781116,-0.0234151913192463
2015-10-13,22.8,22.95,22.6,22.95,22.95,2886,-0.7810870175054356,-0.7834094107999656,-0.7839256464925771,-0.7561488421943475,-0.7561488421943475,0.005256241787122252,0.008126509993410882,0.0007267441860464703,-0.009708737864077732,-0.013921113689095196,-0.01706046113212935
2015-10-14,22.65,22.75,22.5,22.55,22.55,2886,-0.8059553861692672,-0.8163660430705995,-0.8005452602918447,-0.8221901185422297,-0.8221901185422297,-0.010964912280701754,-0.010096575943810224,-0.012841091492776718,-0.024020774724085533,-0.029606678715896475,-0.03260403260403267
2015-10-15,22.6,23.05,22.55,23.0,23.0,2886,-0.8142448423905438,-0.7669310946646485,-0.7922354533922109,-0.7478936826508621,-0.7478936826508621,0.008329679964927563,0.008771929824561372,0.007593457943925332,-0.0029261948629023087,-0.009133206961916239,-0.011319673305631267
2015-10-16,23.0,23.25,22.95,23.05,23.05,2886,-0.7479291926203275,-0.7339744623940146,-0.7257569981951421,-0.7396385231073768,-0.7396385231073768,0.007870572802798414,0.00897351718100249,0.01111273578008483,0.0008684324793747101,-0.0064655172413792495,-0.008531077496594772
2015-10-19,23.05,23.2,23.0,23.1,23.1,2886,-0.7396397363990503,-0.7422136204616733,-0.7174471912955083,-0.7313833635638913,-0.7313833635638913,0.007413868294810367,0.010277717034769273,0.012861736334405129,0.004566210045662118,-0.0028490028490028036,-0.0059528078605751355
2015-10-20,23.15,23.55,23.1,23.5,23.5,2886,-0.7230608239564965,-0.6845395139880636,-0.7008275774962408,-0.6653420872160092,-0.6653420872160092,0.019965277777777814,0.02463483758447793,0.028146419717077327,0.023519163763066165,0.015206497321583027,0.011405207660856337
2015-10-21,23.4,23.45,23.1,23.15,23.15,2886,-0.6816135428501112,-0.7010178301233808,-0.7008275774962408,-0.7231282040204065,-0.7231282040204065,-0.00043177892918847645,0.007397737162750137,0.010622817229336235,0.00992474642818188,0.001470842706350533,-0.0032292787944027054
2015-10-22,23.05,23.5,23.05,23.5,23.5,2886,-0.7396397363990503,-0.6927786720557222,-0.7091373843958746,-0.6653420872160092,-0.6653420872160092,0.010318142734307756,0.020186672454959836,0.02381643915190242,0.02463483758447793,0.017051848004847308,0.012058570198104976
2015-10-23,23.65,23.85,23.45,23.85,23.85,2886,-0.6401662617437258,-0.6351045655821126,-0.6426589291988056,-0.6075559704116119,-0.6075559704116119,0.018360375747224735,0.030460142579390878,0.03530603385906522,0.0391024942816687,0.03211009174311946,0.026395065270405964
2015-10-26,23.8,24.2,23.75,24.2,24.2,2886,-0.6152978930798942,-0.5774304591085035,-0.5928000878010037,-0.5497698536072151,-0.5497698536072151,0.023688663282571857,0.039295683916684365,0.04656191437220691,0.05148815989572013,0.04653174191316368,0.04108410410841049
2015-10-27,23.8,24.2,23.65,24.2,24.2,2886,-0.6152978930798942,-0.5774304591085035,-0.6094197016002713,-0.5497698536072151,-0.5497698536072151,0.017661900756938527,0.033746262281076425,0.04235463029432883,0.048186247969680594,0.046531741913164,0.04071100917431187
2015-10-28,24.0,24.15,23.8,24.15,24.15,2886,-0.5821400681947861,-0.5856696171761622,-0.58449028090137,-0.5580250131507005,-0.5580250131507005,0.007089241034195235,0.024607551972846767,0.03588790391764367,0.042071197411003146,0.04391804270770287,0.03826311263972488
2015-10-29,23.85,24.15,23.7,23.9,23.9,2886,-0.607008436858617,-0.5856696171761622,-0.6011098947006375,-0.599300810868127,-0.599300810868127,-0.0066500415627597734,0.010143702451394693,0.022386995579637664,0.028842014636246152,0.03195164075993085,0.027294218783580557
2015-10-30,23.8,23.85,23.4,23.7,23.7,2886,-0.6152978930798942,-0.6351045655821126,-0.6509687360984394,-0.6323214490420681,-0.6323214490420681,-0.013732833957553136,-0.0010537407797682667,0.01109215017064838,0.01782263259609187,0.022962707182320602,0.018843591029590854
2015-11-02,22.85,23.1,22.85,23.0,23.0,2886,-0.7727975612841584,-0.7586919365969899,-0.742376611994409,-0.7478936826508621,-0.7478936826508621,-0.03320722992854137,-0.030149694286316673,-0.019329164297896523,-0.012451696006869866,-0.007337073802330673,-0.01011405207660854
2015-11-03,23.05,23.45,23.0,23.25,23.25,2886,-0.7396397363990503,-0.7010178301233808,-0.7174471912955083,-0.7066178849334357,-0.7066178849334357,-0.01483050847457633,-0.018573237653018205,-0.009514342516330711,-0.002680965147453083,0.0025873221216040844,0.0020112052865967614
2015-11-04,23.25,23.45,23.1,23.3,23.3,2886,-0.7064819115139421,-0.7010178301233808,-0.7008275774962408,-0.6983627253899503,-0.6983627253899503,-0.005548442168160436,-0.017085003163889376,-0.00949411931415613,-0.001820713291207044,0.0031860845604065107,0.0050323508267433705
2015-11-05,23.2,23.35,23.1,23.35,23.35,2886,-0.7147713677352193,-0.7174961462586974,-0.7008275774962408,-0.6901075658464648,-0.6901075658464648,0.0012864493996569955,-0.0143520472773322,-0.0083522083805209,-0.0005350454788656732,0.004387474191328299,0.007044278320874094
2015-11-06,23.25,23.3,22.8,22.85,22.85,2886,-0.7064819115139421,-0.725735304326356,-0.7506864188940428,-0.7726591612813178,-0.7726591612813178,-0.012958963282937394,-0.03136922424756246,-0.02903682719546743,-0.022146143147533895,-0.017542351019003966,-0.013598100582775793
2015-11-09,22.85,23.1,22.85,23.05,23.05,2886,-0.7727975612841584,-0.7586919365969899,-0.742376611994409,-0.7396385231073768,-0.7396385231073768,-0.0047495682210707876,-0.018104366347177877,-0.02039949001274955,-0.014114627887083054,-0.009198762035763353,-0.00510754621969638
2015-11-10,22.85,22.85,22.6,22.65,22.65,2886,-0.7727975612841584,-0.7998877269352822,-0.7839256464925771,-0.8056797994552595,-0.8056797994552595,-0.01692708333333351,-0.02873070325900522,-0.03507526270945758,-0.030601326770811184,-0.026141542694986843,-0.022231815238506543
2015-11-11,22.65,22.65,22.5,22.6,22.6,2886,-0.8059553861692672,-0.8328443592059166,-0.8005452602918447,-0.8139349589987442,-0.8139349589987442,-0.013100436681222584,-0.024390243902438928,-0.03569904707722938,-0.03284476302556963,-0.02812419368710759,-0.024670934330719936
2015-11-12,22.5,22.6,22.45,22.55,22.55,2886,-0.8308237548330982,-0.8410835172735747,-0.8088550671914785,-0.8221901185422297,-0.8221901185422297,-0.008355321020228727,-0.020842379504993503,-0.03522532800912724,-0.03405440137074327,-0.02960667871589618,-0.026478630018707726
2015-11-13,22.5,22.55,22.3,22.3,22.3,2886,-0.8308237548330982,-0.8493226753412333,-0.8337844878903792,-0.8634659162596562,-0.8634659162596562,-0.014582412726469368,-0.02577544779379641,-0.0416845724108292,-0.04322642926096736,-0.039621016365202336,-0.03685574431327376
2015-11-16,22.3,22.5,22.15,22.45,22.45,2886,-0.8639815797182063,-0.8575618334088919,-0.8587139085892804,-0.8387004376292005,-0.8387004376292005,-0.0026654820079963894,-0.0168600832056055,-0.030377195508206153,-0.0354457572502685,-0.032577781608204785,-0.029748613412086695
2015-11-17,22.6,22.85,22.55,22.65,22.65,2886,-0.8142448423905438,-0.7998877269352822,-0.7922354533922109,-0.8056797994552595,-0.8056797994552595,0.006219458018658241,-0.005488474204171241,-0.01735357917570508,-0.025072635316905182,-0.0234543416400792,-0.020893371757925112
2015-11-18,22.6,22.6,22.25,22.3,22.3,2886,-0.8142448423905438,-0.8410835172735747,-0.8420942947900129,-0.8634659162596562,-0.8634659162596562,-0.006681514476614636,-0.0165380374862183,-0.027333527188136173,-0.03837861147046143,-0.0381297446514838,-0.035467128027681524
2015-11-19,22.35,22.7,22.25,22.7,22.7,2886,-0.8556921234969291,-0.8246052011382581,-0.8420942947900129,-0.797424639911774,-0.797424639911774,0.009786476868327352,0.003980539584254749,-0.006419608987452653,-0.01943844492440602,-0.02036941135853607,-0.017812071825196604
2015-11-20,22.55,22.7,22.5,22.7,22.7,2886,-0.822534298611821,-0.8246052011382581,-0.8005452602918447,-0.797424639911774,-0.797424639911774,0.006205673758865432,0.004647045806594399,-0.0035118525021948332,-0.016996860452527806,-0.019777182830987214,-0.01774123755949821
2015-11-23,22.7,22.75,22.5,22.5,22.5,2886,-0.79766592994799,-0.8163660430705995,-0.8005452602918447,-0.8304452780857151,-0.8304452780857151,-0.003101462117855573,-0.0017746228926352773,-0.01084407971864007,-0.022058024557209618,-0.02740555027232646,-0.025974025974026035
2015-11-24,22.45,22.8,22.45,22.6,22.6,2886,-0.8391132110543754,-0.8081268850029408,-0.8088550671914785,-0.8139349589987442,-0.8139349589987442,0.0017730496453901908,0.0028844020412690354,-0.004551460872118561,-0.014284156580525594,-0.021560308251796736,-0.02115065328809629
2015-11-25,22.55,22.6,22.35,22.45,22.45,2886,-0.822534298611821,-0.8410835172735747,-0.8254746809907454,-0.8387004376292005,-0.8387004376292005,-0.006197432492253235,-0.0031083481349911315,-0.008684133058581048,-0.017182882784283763,-0.02687472908539233,-0.027507039202945553
2015-11-26,22.65,22.75,22.55,22.55,22.55,2886,-0.8059553861692672,-0.8163660430705995,-0.7922354533922109,-0.8221901185422297,-0.8221901185422297,-0.0004432624113474296,0.0013321492007105301,-0.0019179699026262856,-0.00987925356750814,-0.020927405349079664,-0.022540095361941747
2015-11-27,22.7,22.7,22.4,22.4,22.4,2886,-0.79766592994799,-0.8246052011382581,-0.8171648740911122,-0.846955597172686,-0.846955597172686,-0.004444444444444508,-0.005770084332001732,-0.007238883143743566,-0.013650374284456286,-0.02498476538695924,-0.028129293513630933
2015-11-30,22.3,22.5,22.1,22.5,22.5,2886,-0.8639815797182063,-0.8575618334088919,-0.8670237154889135,-0.8304452780857151,-0.8304452780857151,0.0,-0.0015531395606833878,-0.0011837821840779993,-0.00815516861362128,-0.01772461363834798,-0.022942751682709667
2015-12-01,22.55,22.6,22.35,22.55,22.55,2886,-0.822534298611821,-0.8410835172735747,-0.8254746809907454,-0.8221901185422297,-0.8221901185422297,0.002667852378834981,0.0011098779134296175,0.0013321492007105301,-0.0044150110375275,-0.012697022767075268,-0.019423104797796728
2015-12-02,22.5,22.5,22.25,22.25,22.25,2886,-0.8308237548330982,-0.8575618334088919,-0.8420942947900129,-0.8717210758031416,-0.8717210758031416,-0.008908685968819567,-0.011989342806394297,-0.010964587346273499,-0.01537780727956633,-0.02257951150940063,-0.031204644412191514
2015-12-03,22.15,22.35,22.1,22.3,22.3,2886,-0.8888499483820379,-0.8822793076118671,-0.8670237154889135,-0.8634659162596562,-0.8634659162596562,-0.0044642857142856195,-0.008007117437722406,-0.008007117437722406,-0.010867154579729473,-0.01762114537444928,-0.02733352718813602
2015-12-04,22.2,22.35,22.15,22.25,22.25,2886,-0.8805604921607607,-0.8822793076118671,-0.8587139085892804,-0.8717210758031416,-0.8717210758031416,-0.0053643272239605475,-0.008246044127479485,-0.010084532107370758,-0.011769931157006466,-0.017312958219238714,-0.027251530166132236
2015-12-07,22.3,22.35,22.25,22.25,22.25,2886,-0.8639815797182063,-0.8822793076118671,-0.8420942947900129,-0.8717210758031416,-0.8717210758031416,-0.003136200716845891,-0.007139669790272364,-0.009496958005638722,-0.010011123470522866,-0.01600919865558119,-0.024479356960175384
2015-12-08,22.25,22.25,21.75,21.75,21.75,2886,-0.8722710359394835,-0.8987576237471843,-0.9251923637863493,-0.9542726712379945,-0.9542726712379945,-0.01850180505415163,-0.02575587905935047,-0.02916232703466742,-0.030316540347748538,-0.03556225611919134,-0.04297447931944851
2015-12-09,21.6,21.7,21.4,21.4,21.4,2886,-0.9800339668160852,-0.9893883624914277,-0.983361012083785,-1.012058788042392,-1.012058788042392,-0.026830377444292855,-0.036903690369036915,-0.04221990153662532,-0.04336164506034863,-0.04787328706175478,-0.054561519770267415
2015-12-10,21.45,21.8,21.3,21.8,21.8,2886,-1.0049023354799167,-0.9729100463561104,-0.9999806258830519,-0.9460175116945091,-0.9460175116945091,-0.004111466423024205,-0.015579137502822256,-0.02169035153328351,-0.023844173290048086,-0.02739359328990797,-0.03390206071349437
2015-12-11,21.75,21.9,21.4,21.45,21.45,2886,-0.9551655981522542,-0.9564317302207939,-0.983361012083785,-1.0038036284989065,-1.0038036284989065,-0.012885411872986707,-0.02721088435374156,-0.033783783783783786,-0.0376850605652759,-0.04061186152607573,-0.046242774566474104
2015-12-14,21.3,21.5,21.15,21.15,21.15,2886,-1.0297707041437478,-1.0223449947620615,-1.0249100465819532,-1.0533345857598184,-1.0533345857598184,-0.01673640167364014,-0.034907597535934316,-0.04341926729986435,-0.04836895388076503,-0.050803339018041384,-0.056996358772386235
2015-12-15,21.2,21.25,21.1,21.15,21.15,2886,-1.0463496165863022,-1.063540785100354,-1.0332198534815864,-1.0533345857598184,-1.0533345857598184,-0.011220196353436114,-0.02870264064293915,-0.03921865536038764,-0.045146726862302484,-0.048240482404824016,-0.054043980618710505
2015-12-16,21.3,21.6,21.3,21.35,21.35,2886,-1.0297707041437478,-1.0058666786267443,-0.9999806258830519,-1.0203139475858767,-1.0203139475858767,-0.0014031805425630303,-0.015448466682038151,-0.026891522333637185,-0.03404592240696744,-0.03707378675807305,-0.04231459330143548
2015-12-17,21.4,21.75,21.35,21.75,21.75,2886,-1.013191791701194,-0.9811492044237691,-0.9916708189834181,-0.9542726712379945,-0.9542726712379945,0.01778193729527387,0.005547850208044264,-0.006244288760280072,-0.013829063704375413,-0.017615176151761544,-0.022032374100719513
2015-12-18,21.45,21.6,21.35,21.35,21.35,2886,-1.0049023354799167,-1.0058666786267443,-0.9916708189834181,-1.0203139475858767,-1.0203139475858767,0.0,-0.008820798514391723,-0.021390374331550728,-0.028993746446844763,-0.034024070219889395,-0.037854889589905356
2015-12-21,21.1,21.2,20.9,21.15,21.15,2886,-1.062928529028856,-1.0717799431680126,-1.0664590810801213,-1.0533345857598184,-1.0533345857598184,-0.009367681498829172,-0.013065795613625811,-0.026541884013501136,-0.03512773722627736,-0.04081632653061234,-0.04413980114492332
2015-12-22,21.1,21.25,21.1,21.25,21.25,2886,-1.062928529028856,-1.063540785100354,-1.0332198534815864,-1.0368242666728475,-1.0368242666728475,-0.005615348619560012,-0.006080449017773739,-0.018022181146025905,-0.02757121610799676,-0.033827407474765835,-0.03759057971014485
2015-12-23,21.3,21.5,21.25,21.5,21.5,2886,-1.0297707041437478,-1.0223449947620615,-1.0082904327826856,-0.995548468955421,-0.995548468955421,0.004672897196261749,0.0051425899953248914,-0.0041685965724872565,-0.013987617518917667,-0.021036335488571156,-0.024648419779222885
2015-12-24,21.5,21.55,21.4,21.4,21.4,2886,-0.9966128792586396,-1.014105836694403,-0.983361012083785,-1.012058788042392,-1.012058788042392,0.003281762775433508,0.002341920374707127,-0.006038086391082166,-0.015978848143464775,-0.02327704244637159,-0.027493751420131808
2015-12-25,21.4,21.45,21.35,21.45,21.45,2886,-1.013191791701194,-1.0305841528297202,-0.9916708189834181,-1.0038036284989065,-1.0038036284989065,0.00468384074941442,0.00468384074941442,-0.0012416576129132678,-0.01152073732718894,-0.018755718206770362,-0.02396481116335526
2015-12-28,21.45,21.55,21.35,21.55,21.55,2886,-1.0049023354799167,-1.014105836694403,-0.9916708189834181,-0.9872933094119356,-0.9872933094119356,0.0055996266915539425,0.0074801309022907965,0.0055996266915539425,-0.0047338644498325436,-0.012464485381724795,-0.018074119076549124
2015-12-29,21.55,21.55,21.35,21.45,21.45,2886,-0.9883234230373624,-1.014105836694403,-0.9916708189834181,-1.0038036284989065,-1.0038036284989065,-0.0009315323707498638,0.001400560224089689,0.0018682858477346636,-0.00682949415441606,-0.014970609845701713,-0.020846013390140163
2015-12-30,21.5,21.5,21.2,21.2,21.2,2886,-0.9966128792586396,-1.0223449947620615,-1.0166002396823195,-1.045079426216333,-1.045079426216333,-0.009808500700607233,-0.009577201588414007,-0.0091914628446798,-0.016012996054769038,-0.02421062321642287,-0.030635573845450466
2015-12-31,21.25,21.3,21.2,21.25,21.25,2886,-1.038060160365025,-1.0553016270326954,-1.0166002396823195,-1.0368242666728475,-1.0368242666728475,-0.006080449017773739,-0.004916881292437388,-0.0051498127340823706,-0.01128300569966266,-0.019562609578296555,-0.02619720461315201
2016-01-04,21.3,21.4,20.95,21.0,21.0,2886,-1.0297707041437478,-1.0388233108973788,-1.0581492741804877,-1.078100064390274,-1.078100064390274,-0.013621418506340965,-0.015009380863039413,-0.015471167369901468,-0.020065328978068116,-0.028587288370802204,-0.035148173673328606
2016-01-05,21.0,21.1,20.8,20.9,20.9,2886,-1.0795074414714103,-1.0882582593033292,-1.0830786948793882,-1.094610383477245,-1.094610383477245,-0.01228733459357302,-0.01854895515379195,-0.019393181107288115,-0.021650087770626197,-0.030342395842999137,-0.037383894987333875
2016-01-06,20.9,20.9,20.55,20.55,20.55,2886,-1.0960863539139647,-1.1212148915739635,-1.1246277293775564,-1.1523965002816416,-1.1523965002816416,-0.020495710200190642,-0.03180212014134279,-0.034001880288310686,-0.0353244924304658,-0.043028778988544264,-0.050515940243339
2016-01-07,20.5,20.5,19.95,20.0,20.0,2886,-1.162402003684181,-1.1871281561152311,-1.2243454121731603,-1.2432032552599799,-1.2432032552599799,-0.03567984570877541,-0.05100830367734279,-0.055861526357199064,-0.058047804073943166,-0.06472128694350918,-0.07242791991961045
2016-01-08,20.1,20.4,20.05,20.25,20.25,2886,-1.2287176534543973,-1.2036064722505484,-1.207725798373893,-1.2019274575425534,-1.2019274575425534,-0.014118792599805217,-0.03387404580152676,-0.03952569169960469,-0.04277948475537687,-0.049385034269082695,-0.05748196416104272
2016-01-11,20.2,20.3,20.05,20.1,20.1,2886,-1.2121387410118436,-1.220084788385865,-1.207725798373893,-1.226692936173009,-1.226692936173009,-0.01277013752455786,-0.03481392557022799,-0.04285714285714279,-0.04682868998221682,-0.05260180995475095,-0.0611132736473336
2016-01-12,20.1,20.3,20.05,20.25,20.25,2886,-1.2287176534543973,-1.220084788385865,-1.207725798373893,-1.2019274575425534,-1.2019274575425534,0.0009886307464161924,-0.021502778448900715,-0.03295128939828086,-0.037661874777236565,-0.04191900075700224,-0.050781249999999944
2016-01-13,20.3,20.45,20.15,20.2,20.2,2886,-1.1955598285692892,-1.1953673141828898,-1.191106184574626,-1.2101826170860388,-1.2101826170860388,0.001984126984126942,-0.017987360233349587,-0.032103497843795,-0.03786615860919258,-0.041472905001423664,-0.049635379910609255
2016-01-14,20.05,20.1,19.95,20.0,20.0,2886,-1.2370071096756745,-1.2530414206564988,-1.2243454121731603,-1.2432032552599799,-1.2432032552599799,-0.007936507936507943,-0.02200488997555009,-0.03707270101107348,-0.04431967506868945,-0.048434675040441556,-0.05571293673276675
2016-01-15,20.0,20.1,19.8,19.85,19.85,2886,-1.2452965658969517,-1.2530414206564988,-1.249274832872061,-1.2679687338904355,-1.2679687338904355,-0.01145418326693229,-0.02264894140817335,-0.03951612903225805,-0.04716188647545893,-0.052053486150907345,-0.059167390789161924
2016-01-18,19.5,19.75,19.2,19.65,19.65,2886,-1.3281911281097223,-1.3107155271301083,-1.348992515667665,-1.3009893720643773,-1.3009893720643773,-0.01700850425212623,-0.02602230483271386,-0.04364049318624278,-0.05289793951078444,-0.05836687751581385,-0.06480526691520591
2016-01-19,19.6,20.0,19.5,20.0,20.0,2886,-1.311612215667168,-1.269519736791816,-1.299133674269863,-1.2432032552599799,-1.2432032552599799,0.003009027081243667,-0.004232013940751847,-0.021685961193543043,-0.0333494441759303,-0.039477475746806386,-0.044738099028817105
2016-01-20,19.8,19.95,19.5,19.55,19.55,2886,-1.2784543907820598,-1.2777588948594745,-1.299133674269863,-1.3174996911513475,-1.3174996911513475,-0.013124684502776277,-0.021766324743557604,-0.03773584905660373,-0.051201164765833355,-0.058194431062722894,-0.06294935293177836
2016-01-21,19.6,19.65,19.2,19.25,19.25,2886,-1.311612215667168,-1.3271938432654256,-1.348992515667665,-1.3670306484122594,-1.3670306484122594,-0.020854526958290952,-0.03314917127071824,-0.046400264200792636,-0.06063193851409051,-0.06887878494727676,-0.07414829659318642
2016-01-22,19.45,19.6,19.05,19.3,19.3,2886,-1.3364805843309995,-1.3354330013330835,-1.3739219363665656,-1.358775488868774,-1.358775488868774,-0.01278772378516624,-0.025990411304567276,-0.03772644174837964,-0.05334150827713053,-0.062013996889580085,-0.06800804828973835
2016-01-25,19.45,20.0,19.35,20.0,20.0,2886,-1.3364805843309995,-1.269519736791816,-1.3240630949687637,-1.2432032552599799,-1.2432032552599799,0.0193679918450562,0.009845998485231017,0.0005002501250624317,-0.01550578390351963,-0.0254361173374914,-0.031945788964182
2016-01-26,19.75,19.95,19.7,19.8,19.8,2886,-1.286743847003337,-1.2777588948594745,-1.2658944466713287,-1.276223893433921,-1.276223893433921,0.011235955056179716,0.002024291497975845,-0.005857740585774082,-0.021134593993325842,-0.03263631033808886,-0.039534319670142995
2016-01-27,19.9,19.95,19.65,19.8,19.8,2886,-1.261875478339506,-1.2777588948594745,-1.2742042535709623,-1.276223893433921,-1.276223893433921,0.008660213958227109,0.004056795131845935,-0.003355704697986565,-0.017125837676842833,-0.029887310142087183,-0.03743315508021388
2016-01-28,19.8,20.5,19.8,20.25,20.25,2886,-1.2784543907820598,-1.1871281561152311,-1.249274832872061,-1.2019274575425534,-1.2019274575425534,0.021180030257185987,0.025576095213978356,0.018440905280804717,0.007588008458763343,-0.005402750491159108,-0.013798701298701378
2016-01-29,20.25,21.3,20.25,21.15,21.15,2886,-1.2038492847905664,-1.0553016270326954,-1.1744865707753585,-1.0533345857598184,-1.0533345857598184,0.047029702970296995,0.06415094339622635,0.06050476349657346,0.05263157894736829,0.03931203931203917,0.03103672408189796
2016-01-30,21.2,21.6,21.05,21.55,21.55,2886,-1.0463496165863022,-1.0058666786267443,-1.04152966038122,-0.9872933094119356,-0.9872933094119356,0.05070697220867883,0.07400946922501865,0.07534930139720548,0.07107355864811131,0.05875994890439233,0.05019493177387938
2016-02-01,21.5,21.7,21.2,21.7,21.7,2886,-0.9966128792586396,-0.9893883624914277,-1.0166002396823195,-0.96252783078148,-0.96252783078148,0.038774533269507055,0.07239930812947862,0.07763615295480877,0.07638888888888884,0.06581532416502947,0.056560902377667706
2016-02-02,21.7,21.85,21.55,21.7,21.7,2886,-0.9634550543735314,-0.9646708882884519,-0.9584315913848837,-0.96252783078148,-0.96252783078148,0.02021626704278325,0.06112469437652812,0.07231098665788162,0.07332756275503885,0.06529209621993118,0.05578981511514749
2016-02-03,21.4,21.6,21.1,21.3,21.3,2886,-1.013191791701194,-1.0058666786267443,-1.0332198534815864,-1.0285691071293621,-1.0285691071293621,-0.00837988826815641,0.031227305737109638,0.04805642119074954,0.05016639960557122,0.045450083439677935,0.03666450356911099
2016-02-15,21.0,21.4,20.85,21.3,21.3,2886,-1.0795074414714103,-1.0388233108973788,-1.0747688879797546,-1.0285691071293621,-1.0285691071293621,-0.009762900976289972,0.021337808678974054,0.043095004897159596,0.04745512662896483,0.04534746760895168,0.03683271134187901
2016-02-16,21.2,21.8,21.2,21.7,21.7,2886,-1.0463496165863022,-0.9729100463561104,-1.0166002396823195,-0.96252783078148,-0.96252783078148,0.007428040854224705,0.0321046373365042,0.05561861520998852,0.06294391378888073,0.06351695745932168,0.05587543589327711
2016-02-17,21.6,21.8,21.4,21.6,21.6,2886,-0.9800339668160852,-0.9729100463561104,-0.983361012083785,-0.9790381498684502,-0.9790381498684502,0.003717472118959028,0.018627682150436198,0.04532989191805115,0.05455876968143553,0.05716523101018025,0.05092442426208239
2016-02-18,21.65,21.8,21.6,21.75,21.75,2886,-0.9717445105948086,-0.9729100463561104,-0.95012178448525,-0.9542726712379945,-0.9542726712379945,0.010218300046446764,0.016355140186915956,0.04517059106198949,0.0578793774319065,0.06201171874999998,0.05770789431026102
2016-02-19,21.7,21.7,21.4,21.6,21.6,2886,-0.9634550543735314,-0.9893883624914277,-0.983361012083785,-0.9790381498684502,-0.9790381498684502,0.00046317739694326623,0.0030183422335733124,0.030206677265500945,0.046511627906976785,0.05140186915887855,0.04973270694961931
2016-02-22,21.8,21.9,21.5,21.7,21.7,2886,-0.946876141930977,-0.9564317302207939,-0.9667413982845174,-0.96252783078148,-0.96252783078148,0.0013844023996308786,0.005094951366373295,0.027137898390659554,0.0466658627758351,0.05329579652460903,0.05382436260623234
2016-02-23,21.8,21.8,21.45,21.7,21.7,2886,-0.946876141930977,-0.9729100463561104,-0.9750512051841512,-0.96252783078148,-0.96252783078148,0.0013844023996307144,0.004397130293913394,0.021657250470809665,0.041516678665706665,0.05003387206038899,0.052631578947368286
2016-02-24,21.65,21.7,21.45,21.6,21.6,2886,-0.9717445105948086,-0.9893883624914277,-0.9750512051841512,-0.9790381498684502,-0.9790381498684502,-0.0032302722658051103,0.00023153507756436945,0.011235955056179869,0.032751613674396475,0.042471042471042594,0.04659613986917545
2016-02-25,21.6,21.75,21.5,21.7,21.7,2886,-0.9800339668160852,-0.9811492044237691,-0.9667413982845174,-0.96252783078148,-0.96252783078148,0.0018467220683286772,0.004862236628849125,0.009928637914985937,0.03222737543108566,0.04427333974975929,0.04949218120264389
2016-02-26,21.9,21.9,21.7,21.9,21.9,2886,-0.9302972294884233,-0.9564317302207939,-0.9335021706859831,-0.9295071926075389,-0.9295071926075389,0.008287292817679546,0.01131378434541681,0.014045377373051289,0.03521626093122181,0.05005753739930958,0.05593056894889104
2016-03-01,21.8,21.9,21.6,21.8,21.8,2886,-0.946876141930977,-0.9564317302207939,-0.95012178448525,-0.9460175116945091,-0.9460175116945091,0.002759889604415764,0.004376871688550972,0.0073937153419593405,0.024436090225563888,0.04136810929588228,0.048496993987975925
2016-03-02,21.95,22.05,21.75,21.8,21.8,2886,-0.9220077732671461,-0.9317142560178181,-0.9251923637863493,-0.9460175116945091,-0.9460175116945091,0.0018382352941177713,0.003914344922864419,0.0066184392796677545,0.020121665886757293,0.03710751665080881,0.045647134063474364
2016-03-03,21.8,22.3,21.8,22.3,22.3,2886,-0.946876141930977,-0.8905184656795256,-0.9168825568867155,-0.8634659162596562,-0.8634659162596562,0.0182648401826485,0.023640119348175375,0.02780765094484569,0.037450569899976895,0.05627131489200449,0.06613545816733066
2016-03-04,22.4,22.65,22.35,22.6,22.6,2886,-0.8474026672756526,-0.8328443592059166,-0.8254746809907454,-0.8139349589987442,-0.8139349589987442,0.02355072463768114,0.03337905807041628,0.03876206526735102,0.044603651490640155,0.06433079024206459,0.07636132719479292
2016-03-07,22.8,23.0,22.7,23.0,23.0,2886,-0.7810870175054356,-0.775170252732307,-0.7673060326933102,-0.7478936826508621,-0.7478936826508621,0.03139013452914795,0.044979554747841814,0.051668952903520755,0.05637845906533467,0.07557052001496445,0.09021962395323112
2016-03-08,22.9,22.95,22.7,22.85,22.85,2886,-0.7645081050628819,-0.7834094107999656,-0.7673060326933102,-0.7726591612813178,-0.7726591612813178,0.015104398045313187,0.032768361581920966,0.03989684466019427,0.04540775477524892,0.061507014772832755,0.0779996854851393
2016-03-09,22.7,22.85,22.35,22.85,22.85,2886,-0.79766592994799,-0.7998877269352822,-0.8254746809907454,-0.7726591612813178,-0.7726591612813178,0.005721830985915449,0.027428057553956806,0.036281179138322024,0.042308130915725946,0.0559149722735675,0.07260209669848225
2016-03-10,22.8,22.9,22.75,22.9,22.9,2886,-0.7810870175054356,-0.7916485688676242,-0.7589962257936765,-0.764404001737833,-0.764404001737833,0.002626970227670541,0.02369244523915948,0.03448275862068975,0.041737745934265914,0.052196287447160414,0.07009345794392524
2016-03-11,22.85,22.95,22.6,22.9,22.9,2886,-0.7727975612841584,-0.7834094107999656,-0.7839256464925771,-0.764404001737833,-0.764404001737833,0.0,0.0182303245887061,0.03091236494597843,0.038902120902801325,0.04623538011695892,0.06453862245293263
2016-03-14,22.85,23.0,22.8,22.8,22.8,2886,-0.7727975612841584,-0.775170252732307,-0.7506864188940428,-0.7809143208248032,-0.7809143208248032,-0.0026246719160104427,0.00974313551815761,0.02272727272727261,0.03085791793828421,0.036834924965893696,0.05409153952843281
2016-03-15,22.85,22.85,22.3,22.4,22.4,2886,-0.7727975612841584,-0.7998877269352822,-0.8337844878903792,-0.846955597172686,-0.846955597172686,-0.016249451032059773,-0.010600706713781006,0.002685765443151241,0.01026045777426989,0.016333938294010864,0.03067484662576676
2016-03-16,22.55,22.7,22.25,22.7,22.7,2886,-0.822534298611821,-0.8246052011382581,-0.8420942947900129,-0.797424639911774,-0.797424639911774,-0.0017590149516270514,-0.0013198416190056132,0.013091341862541057,0.02148723140960734,0.027800416553472825,0.0401710707194134
2016-03-17,22.8,23.0,22.75,22.85,22.85,2886,-0.7810870175054356,-0.775170252732307,-0.7589962257936765,-0.7726591612813178,-0.7726591612813178,0.005279366476023078,0.0028527540048276373,0.0160071142730102,0.025353376710791905,0.032441713356226275,0.042189281641961264
2016-03-18,22.9,23.0,22.8,23.0,23.0,2886,-0.7645081050628819,-0.775170252732307,-0.7506864188940428,-0.7478936826508621,-0.7478936826508621,0.01098901098901099,0.007667031763417337,0.018750922781632894,0.02919789685647147,0.036783267219617694,0.043951887434753194
2016-03-21,22.95,22.95,22.6,22.95,22.95,2886,-0.7562186488416047,-0.7834094107999656,-0.7839256464925771,-0.7561488421943475,-0.7561488421943475,0.007462686567164097,0.005696757230499518,0.013394171327642092,0.023867945572161507,0.03146067415730334,0.03744443607323136
2016-03-22,22.75,22.9,22.65,22.9,22.9,2886,-0.7893764737267128,-0.7916485688676242,-0.775615839592944,-0.764404001737833,-0.764404001737833,0.0008741258741258555,0.003285870755750243,0.007922535211267751,0.018909899888765166,0.02626153984045884,0.032461677186654596
2016-03-23,22.8,23.0,22.75,23.0,23.0,2886,-0.7810870175054356,-0.775170252732307,-0.7589962257936765,-0.7478936826508621,-0.7478936826508621,0.002615518744551102,0.007005253940455348,0.008771929824561372,0.020408163265306162,0.028346597514083728,0.03471545325035606
2016-03-24,22.8,22.95,22.7,22.95,22.95,2886,-0.7810870175054356,-0.7834094107999656,-0.7673060326933102,-0.7561488421943475,-0.7561488421943475,-0.00043554006968647924,0.004596191726854911,0.004669487815555339,0.015149839654981805,0.023639607493309435,0.030534351145038156
2016-03-25,22.95,23.0,22.85,22.95,22.95,2886,-0.7562186488416047,-0.775170252732307,-0.742376611994409,-0.7561488421943475,-0.7561488421943475,0.0,0.004376367614879556,0.003644314868804613,0.012351124834583041,0.021452732775502744,0.028609845372376284
2016-03-28,22.95,23.0,22.9,22.9,22.9,2886,-0.7562186488416047,-0.775170252732307,-0.7340668050947758,-0.764404001737833,-0.764404001737833,-0.0017436791630339647,0.0017497812773402952,0.0017497812773402952,0.007922535211267593,0.016873889875666032,0.0239213056114463
2016-03-29,22.95,23.0,22.8,22.9,22.9,2886,-0.7562186488416047,-0.775170252732307,-0.7506864188940428,-0.764404001737833,-0.764404001737833,-0.0017436791630341193,-0.000436490615451836,0.0016037323224959306,0.005488474204171241,0.01471109535625668,0.021485391420712003
2016-03-30,23.0,23.1,22.9,22.9,22.9,2886,-0.7479291926203275,-0.7586919365969899,-0.7340668050947758,-0.764404001737833,-0.764404001737833,-0.0008726003490401211,-0.001308329699084219,0.001457725947521783,0.003066141042487811,0.012557481429076712,0.0196660482374768
2016-03-31,22.95,23.0,22.8,22.9,22.9,2886,-0.7562186488416047,-0.775170252732307,-0.7506864188940428,-0.764404001737833,-0.764404001737833,-0.000436490615451836,-0.0015260518857639677,0.001457725947521783,0.0017497812773402952,0.010234692076936463,0.017702392415376644
2016-04-01,22.7,22.9,22.6,22.65,22.65,2886,-0.79766592994799,-0.7916485688676242,-0.7839256464925771,-0.8056797994552595,-0.8056797994552595,-0.00875273522975927,-0.01091703056768559,-0.008752735229759424,-0.009294696555494898,-0.002466308464723022,0.005251867741696984
2016-04-06,22.65,22.65,22.3,22.3,22.3,2886,-0.8059553861692672,-0.8328443592059166,-0.8337844878903792,-0.8634659162596562,-0.8634659162596562,-0.018917729872415297,-0.023428946792204954,-0.022644265887508938,-0.023108093308509315,-0.01857230877563582,-0.011305697184659676
2016-04-07,22.2,22.3,22.05,22.3,22.3,2886,-0.8805604921607607,-0.8905184656795256,-0.8753335223885473,-0.8634659162596562,-0.8634659162596562,-0.013710747456877432,-0.02085620197585062,-0.022358614642700485,-0.021929824561403508,-0.01943540585700482,-0.012181616832779562
2016-04-08,22.05,22.3,22.0,22.25,22.25,2886,-0.9054288608245917,-0.8905184656795256,-0.8836433292881811,-0.8717210758031416,-0.8717210758031416,-0.010231316725978667,-0.019823788546255324,-0.023266022827041162,-0.022837066315327167,-0.022407732864674935,-0.015196223074653152
2016-04-11,22.2,22.55,22.05,22.5,22.5,2886,-0.8805604921607607,-0.8493226753412333,-0.8753335223885473,-0.8304452780857151,-0.8304452780857151,0.004464285714285778,-0.006841756786581223,-0.011278746154972792,-0.01098901098901099,-0.011770906535488434,-0.005451598644467275
2016-04-12,22.5,22.7,22.45,22.6,22.6,2886,-0.8308237548330982,-0.8246052011382581,-0.8088550671914785,-0.8139349589987442,-0.8139349589987442,0.009379187137114822,-0.0008841732979663825,-0.005719313682358073,-0.005937981086430526,-0.007378777231201499,-0.002354326074161169
2016-04-13,22.6,22.85,22.55,22.8,22.8,2886,-0.8142448423905438,-0.7998877269352822,-0.7922354533922109,-0.7809143208248032,-0.7809143208248032,0.013783903957314304,0.008403361344537872,0.003521126760563305,0.002859027930503685,0.0017574692442881873,0.005143277002204283
2016-04-14,23.0,23.1,22.95,22.95,22.95,2886,-0.7479291926203275,-0.7586919365969899,-0.7257569981951421,-0.7561488421943475,-0.7561488421943475,0.014588859416445707,0.014813177094848431,0.00997506234413949,0.008237232289950576,0.008170795993674377,0.010049145455879045
2016-04-15,23.0,23.05,22.95,23.0,23.0,2886,-0.7479291926203275,-0.7669310946646485,-0.7257569981951421,-0.7478936826508621,-0.7478936826508621,0.01010101010101012,0.016574585635359115,0.01217544374358209,0.009768411809900127,0.01010101010101012,0.01047082082448561
2016-04-18,23.0,23.05,22.9,23.0,23.0,2886,-0.7479291926203275,-0.7669310946646485,-0.7340668050947758,-0.7478936826508621,-0.7478936826508621,0.005684302579798976,0.016125469405787428,0.012026987386330306,0.009436032477507126,0.009923597084394602,0.009436032477507126
2016-04-19,23.0,23.05,22.95,23.0,23.0,2886,-0.7479291926203275,-0.7669310946646485,-0.7257569981951421,-0.7478936826508621,-0.7478936826508621,0.002178649237472798,0.014556682840758636,0.011878574571051456,0.009436032477507126,0.009746246378084173,0.008845675853497964
2016-04-20,23.05,23.05,22.9,23.0,23.0,2886,-0.7396397363990503,-0.7669310946646485,-0.7340668050947758,-0.7478936826508621,-0.7478936826508621,0.0004349717268378236,0.011433597185575989,0.011581879489810813,0.009325287986834824,0.00939173176511903,0.008845675853497964
2016-04-21,23.0,23.05,22.9,23.0,23.0,2886,-0.7479291926203275,-0.7669310946646485,-0.7340668050947758,-0.7478936826508621,-0.7478936826508621,0.0,0.008329679964927563,0.011285358346768172,0.009103871887682333,0.00832967996492772,0.00862447010670949
2016-04-22,23.0,23.1,22.9,23.05,23.05,2886,-0.7479291926203275,-0.7586919365969899,-0.7340668050947758,-0.7396385231073768,-0.7396385231073768,0.0017383746197305147,0.006989951944080391,0.013038382654556117,0.011186663742048651,0.00990185769365576,0.010521701008329767
2016-04-25,23.0,23.05,22.9,23.0,23.0,2886,-0.7479291926203275,-0.7669310946646485,-0.7340668050947758,-0.7478936826508621,-0.7478936826508621,-0.0004345936549327059,0.0026155187445509468,0.01054481546572928,0.008882552911503323,0.007446342531756536,0.008182349503214528
2016-04-26,23.0,23.05,22.95,23.0,23.0,2886,-0.7479291926203275,-0.7669310946646485,-0.7257569981951421,-0.7478936826508621,-0.7478936826508621,-0.0004345936549327059,0.0008703220191472206,0.00950987564008771,0.008771929824561372,0.007446342531756536,0.008035062089116154
2016-04-27,23.0,23.25,22.95,23.15,23.15,2886,-0.7479291926203275,-0.7339744623940146,-0.7257569981951421,-0.7231282040204065,-0.7231282040204065,0.004774305555555531,0.005865739734955377,0.013572679509632169,0.014794520547945143,0.013661441457220317,0.014090676790538178
2016-04-28,23.3,23.5,22.8,23.1,23.1,2886,-0.6981924552926649,-0.6927786720557222,-0.7506864188940428,-0.7313833635638913,-0.7313833635638913,0.0017346053772766324,0.003039513677811717,0.009027373325567864,0.012159053565560296,0.01111791998599323,0.010867186930202093
2016-04-29,23.0,23.1,22.7,22.9,22.9,2886,-0.7479291926203275,-0.7586919365969899,-0.7673060326933102,-0.764404001737833,-0.764404001737833,-0.005644811115935694,-0.005212858384013945,-0.0015986048539457425,0.0033957717165078575,0.002539182208212934,0.0018228217280348944
2016-05-03,23.1,23.2,22.95,23.1,23.1,2886,-0.7313502801777731,-0.7422136204616733,-0.7257569981951421,-0.7313833635638913,-0.7313833635638913,0.0021691973969631545,0.003039513677811717,0.005367764398665223,0.01171575604949078,0.011029411764705833,0.010204081632653102
2016-05-04,23.2,23.2,22.9,23.05,23.05,2886,-0.7147713677352193,-0.7422136204616733,-0.7340668050947758,-0.7396385231073768,-0.7396385231073768,-0.00043365134431923514,0.0006511829824180841,0.0018835120254999953,0.008642380483535788,0.008664449501137931,0.007944027403250412
2016-05-05,23.0,23.0,22.8,22.8,22.8,2886,-0.7479291926203275,-0.775170252732307,-0.7506864188940428,-0.7809143208248032,-0.7809143208248032,-0.008264462809917411,-0.00934173365196595,-0.008982903506229939,-0.0033876079117036635,-0.002100840336134533,-0.002770083102493042
2016-05-06,22.8,22.9,22.45,22.8,22.8,2886,-0.7810870175054356,-0.7916485688676242,-0.8088550671914785,-0.7809143208248032,-0.7809143208248032,-0.0056694286960313565,-0.008480104370515188,-0.008551964052761216,-0.004475493941709383,-0.0019261075118193172,-0.002624671916010598
2016-05-09,22.8,22.95,22.6,22.9,22.9,2886,-0.7810870175054356,-0.7834094107999656,-0.7839256464925771,-0.764404001737833,-0.764404001737833,-0.001308329699084219,-0.003481288076588418,-0.003914745541539794,-0.0015260518857641223,0.0024514095604971716,0.0018958728306838024
2016-05-10,22.9,23.1,22.9,23.05,23.05,2886,-0.7645081050628819,-0.7586919365969899,-0.7340668050947758,-0.7396385231073768,-0.7396385231073768,0.005671902268760864,0.002827931259516977,0.002464482458683753,0.0038105606967883347,0.008752735229759268,0.008311461067366636
2016-05-11,23.05,23.05,22.7,22.85,22.85,2886,-0.7396397363990503,-0.7669310946646485,-0.7673060326933102,-0.7726591612813178,-0.7726591612813178,-0.0013111888111888607,-0.005224205485415802,-0.00580130529369106,-0.005440696409140369,-0.00034998687549197513,-0.0002916727431821952
2016-05-12,22.8,23.0,22.8,22.9,22.9,2886,-0.7810870175054356,-0.775170252732307,-0.7506864188940428,-0.764404001737833,-0.764404001737833,0.0,-0.0019612115929397126,-0.003336718409981198,-0.003481288076588264,0.0007866445240799374,0.001895872830683958
2016-05-13,22.85,23.15,22.85,23.15,23.15,2886,-0.7727975612841584,-0.7504527785293318,-0.742376611994409,-0.7231282040204065,-0.7231282040204065,0.007836308228123628,0.008714596949891037,0.007105568445475512,0.0069595476294039395,0.01021120614417866,0.01246446534003937
2016-05-16,23.05,23.15,23.0,23.0,23.0,2886,-0.7396397363990503,-0.7504527785293318,-0.7174471912955083,-0.7478936826508621,-0.7478936826508621,0.0004349717268378236,0.0017421602787456073,0.0007251631617113438,0.00043497172683766897,0.0023533513466400266,0.005757597842722879
2016-05-17,23.0,23.1,22.85,23.0,23.0,2886,-0.7479291926203275,-0.7586919365969899,-0.742376611994409,-0.7478936826508621,-0.7478936826508621,0.0008703220191470659,0.002178649237472798,0.0007251631617113438,0.00043497172683766897,0.0014804493599234728,0.0056110179989798375
2016-05-18,22.95,23.2,22.9,23.2,23.2,2886,-0.7562186488416047,-0.7422136204616733,-0.7340668050947758,-0.714873044476921,-0.714873044476921,0.006507592190889309,0.010232963204876962,0.008841861139295542,0.008695652173913012,0.009134406263592904,0.013543031891655689
2016-05-19,23.0,23.1,22.85,22.9,22.9,2886,-0.7479291926203275,-0.7586919365969899,-0.742376611994409,-0.764404001737833,-0.764404001737833,-0.0065075921908894635,-0.0032644178454843457,-0.003481288076588418,-0.004131332898456137,-0.004088022962512011,-0.000436490615451836
2016-05-20,22.95,23.2,22.85,23.0,23.0,2886,-0.7562186488416047,-0.7422136204616733,-0.742376611994409,-0.7478936826508621,-0.7478936826508621,-0.000868809730668965,0.00021743857360306842,0.0011607661056297425,0.00021743857360306842,0.00017394329448590116,0.002906976744186036
2016-05-23,22.9,23.5,22.65,23.45,23.45,2886,-0.7645081050628819,-0.6927786720557222,-0.775615839592944,-0.6735972467594946,-0.6735972467594946,0.014712245781047316,0.017353579175704927,0.01912212081703613,0.018900716923745484,0.01894499000608325,0.020748694138131005
2016-05-24,23.4,23.5,23.1,23.25,23.25,2886,-0.6816135428501112,-0.6927786720557222,-0.7008275774962408,-0.7066178849334357,-0.7066178849334357,0.0038860103626944483,0.00780234070221065,0.009991311902693485,0.009662360221474486,0.009815844336344644,0.010942821943619035
2016-05-25,23.35,23.6,23.25,23.45,23.45,2886,-0.6899029990713877,-0.676300355920405,-0.6758981567973401,-0.6735972467594946,-0.6735972467594946,0.010340370529943922,0.013834846519671436,0.017500723170378745,0.017353579175704927,0.0177067962850446,0.018384481760278036
2016-05-26,23.45,23.6,23.4,23.55,23.55,2886,-0.673324086628834,-0.676300355920405,-0.6509687360984394,-0.6570869276725237,-0.6570869276725237,0.008997429305912786,0.01530502263418842,0.019627651897820744,0.020806241872561786,0.021071800208116574,0.021618104258549545
2016-05-27,23.55,23.6,23.4,23.55,23.55,2886,-0.6567451741862796,-0.676300355920405,-0.6509687360984394,-0.6570869276725237,-0.6570869276725237,0.004264392324093877,0.013557133634603025,0.017425115207373387,0.01981162715167276,0.020098761153946054,0.020732500180596778
2016-05-30,23.55,23.8,23.45,23.7,23.7,2886,-0.6567451741862796,-0.6433437236497712,-0.6426589291988056,-0.6323214490420681,-0.6323214490420681,0.00851063829787231,0.016949152542372864,0.021551724137931036,0.024532584026802074,0.02544132917964698,0.02619614635202411
2016-05-31,23.7,24.0,23.7,23.9,23.9,2886,-0.6318768055224486,-0.6103870913791374,-0.6011098947006375,-0.599300810868127,-0.599300810868127,0.011426153195090816,0.021585808933532763,0.027662319048301454,0.031394972488941596,0.03248660791429076,0.03351351351351345
2016-06-01,23.85,24.15,23.85,24.15,24.15,2886,-0.607008436858617,-0.5856696171761622,-0.5761804740017362,-0.5580250131507005,-0.5580250131507005,0.015986537652503113,0.028097062579821207,0.034556618592032066,0.039715854052308666,0.041217556264551,0.04259605698661669
2016-06-02,24.15,24.3,24.0,24.3,24.3,2886,-0.5572716995309551,-0.5609521429731864,-0.5512510533028355,-0.5332595345202443,-0.5332595345202443,0.015886287625418168,0.02835378755818866,0.0368368653107666,0.04280656581911806,0.04561101549053367,0.0471128985923587
2016-06-03,24.3,24.35,24.15,24.25,24.25,2886,-0.5324033308671235,-0.5527129849055278,-0.5263216326039348,-0.5415146940637298,-0.5415146940637298,0.007896924355777277,0.02083771837507882,0.031475967673330586,0.0374331550802139,0.04139826505196265,0.04308552584414663
2016-06-04,24.2,24.25,24.05,24.2,24.2,2886,-0.5489822433096779,-0.569191301040845,-0.5429412464032017,-0.5497698536072151,-0.5497698536072151,0.0016556291390729596,0.015526647083508226,0.02585841458245032,0.03242320819112619,0.0369354700488473,0.039221299742341696
2016-06-06,24.2,24.4,24.1,24.2,24.2,2886,-0.5489822433096779,-0.5444738268378698,-0.5346314395035681,-0.5497698536072151,-0.5497698536072151,-0.0008257638315441608,0.01149425287356316,0.022391212505280995,0.02989679753165233,0.034984175861774075,0.037439268362389165
2016-06-07,24.3,24.5,24.2,24.5,24.5,2886,-0.5324033308671235,-0.5279955107025526,-0.518011825704301,-0.5002388963463033,-0.5002388963463033,0.00864553314121041,0.019558884727424005,0.031289462606987624,0.03901611535199329,0.04522184300341291,0.048053614715528215
2016-06-08,24.45,24.8,24.4,24.75,24.75,2886,-0.5075349622032926,-0.47856056229660154,-0.48477259810576667,-0.45896309862887674,-0.45896309862887674,0.015176374077112429,0.02484472049689447,0.03643216080402014,0.04551695004752352,0.05238540692235747,0.05633802816901394
2016-06-13,24.65,24.65,24.2,24.35,24.35,2886,-0.4743771373181844,-0.5032780364995774,-0.518011825704301,-0.5250043749767589,-0.5250043749767589,-0.002049180327868736,0.0049525381758151465,0.015853149770546474,0.026019172021489657,0.03265479219677706,0.03742100404743309
2016-06-14,24.15,24.45,24.05,24.45,24.45,2886,-0.5572716995309551,-0.5362346687702112,-0.5429412464032017,-0.5084940558897887,-0.5084940558897887,0.0,0.005965850648014795,0.017195950630980325,0.027095148078134828,0.034176465612046195,0.03939350999008074
2016-06-15,24.35,24.45,24.2,24.45,24.45,2886,-0.5241138746458464,-0.5362346687702112,-0.518011825704301,-0.5084940558897887,-0.5084940558897887,-0.002040816326530641,0.0036945812807881715,0.01382170006910845,0.02397654695843374,0.03173263566545711,0.037408952690757266
2016-06-16,24.2,24.25,23.75,23.75,23.75,2886,-0.5489822433096779,-0.569191301040845,-0.5928000878010037,-0.6240662894985827,-0.6240662894985827,-0.024640657084188968,-0.02343750000000001,-0.01601988675597279,-0.006483999163354846,0.0006741383668997319,0.006711409395973225
2016-06-17,23.85,24.2,23.85,24.15,24.15,2886,-0.607008436858617,-0.5774304591085035,-0.5761804740017362,-0.5580250131507005,-0.5580250131507005,-0.0033016921172101463,-0.006377288623740018,-0.0011029918654351647,0.007614477938875454,0.015388496468214063,0.02171767028627832
2016-06-20,24.2,24.4,24.1,24.4,24.4,2886,-0.5489822433096779,-0.5444738268378698,-0.5346314395035681,-0.5167492154332741,-0.5167492154332741,0.006600660066006607,0.0032894736842104563,0.0068775790921594615,0.015080603224128845,0.023747587480070442,0.029970451667370238
2016-06-21,24.3,24.55,24.15,24.55,24.55,2886,-0.5324033308671235,-0.519756352634894,-0.5263216326039348,-0.4919837368028178,-0.4919837368028178,0.011953833470733682,0.008006569492917276,0.010703993412927047,0.018989312026564266,0.027368597254770668,0.033901874078753565
2016-06-22,24.4,24.55,24.25,24.5,24.5,2886,-0.5158244184245697,-0.519756352634894,-0.5097020188046674,-0.5002388963463033,-0.5002388963463033,0.009476720230737553,0.004716013942997826,0.0069872585285656276,0.014282757193127668,0.022708298547336806,0.029700196133370705
2016-06-23,24.25,24.45,24.15,24.3,24.3,2886,-0.5406927870884007,-0.5362346687702112,-0.5263216326039348,-0.5332595345202443,-0.5332595345202443,-0.003281378178835186,-0.0026677611327723264,-0.0016433853738701376,0.0042359747907842835,0.01250000000000003,0.019224047535826735
2016-06-24,24.3,24.45,23.55,23.8,23.8,2886,-0.5324033308671235,-0.5362346687702112,-0.6260393153995382,-0.6158111299550972,-0.6158111299550972,-0.020979020979020897,-0.019365471775854917,-0.02084476138233685,-0.01693515076414705,-0.00981860542519542,-0.0030021643510437243
2016-06-27,23.6,23.65,23.4,23.45,23.45,2886,-0.6484557179650025,-0.668061197852747,-0.6509687360984394,-0.6735972467594946,-0.6735972467594946,-0.027777777777777846,-0.03019023986765924,-0.033122594832325505,-0.03119190249948368,-0.025110168786895974,-0.01807523204689797
2016-06-28,23.4,24.05,23.2,24.05,24.05,2886,-0.6816135428501112,-0.6021479333114788,-0.6842079636969739,-0.5745353322376708,-0.5745353322376708,0.001248959200666011,-0.003728251864125926,-0.007974700948714351,-0.007121477964702362,-0.0011628872829970197,0.005574912891986043
2016-06-29,24.05,24.25,23.9,24.25,24.25,2886,-0.573850611973509,-0.569191301040845,-0.567870667102103,-0.5415146940637298,-0.5415146940637298,0.011681268251981692,0.005389718076285347,0.00013747594171007566,0.00041254125412547706,0.005473090637697897,0.012173913043478311
2016-06-30,24.4,24.4,24.0,24.3,24.3,2886,-0.5158244184245697,-0.5444738268378698,-0.5512510533028355,-0.5332595345202443,-0.5332595345202443,0.013767209011264157,0.005170630816959669,0.002751031636863814,0.002165171667182266,0.006127856906260486,0.012710981454469668
2016-07-01,24.35,24.45,24.25,24.3,24.3,2886,-0.5241138746458464,-0.5362346687702112,-0.5097020188046674,-0.5332595345202443,-0.5332595345202443,0.00955546323223932,0.004547333608929286,0.003993940228618684,0.002165171667182266,0.004879662558928068,0.01074523396880414
2016-07-04,24.3,24.5,24.2,24.4,24.4,2886,-0.5324033308671235,-0.5279955107025526,-0.518011825704301,-0.5167492154332741,-0.5167492154332741,0.0057708161582852675,0.008681273253410388,0.007986780501239256,0.005978148835291528,0.00759828212751904,0.012938490278834877
2016-07-05,24.4,24.4,24.2,24.3,24.3,2886,-0.5158244184245697,-0.5444738268378698,-0.518011825704301,-0.5332595345202443,-0.5332595345202443,-0.0004113533525297413,0.005586592178771015,0.00427056068328979,0.0016488046166530381,0.0024752475247525694,0.007601935038009685
2016-07-06,24.25,24.3,23.75,23.8,23.8,2886,-0.5406927870884007,-0.5609521429731864,-0.5928000878010037,-0.6158111299550972,-0.6158111299550972,-0.01734104046242767,-0.012243203984229017,-0.014628760695556103,-0.0181518151815182,-0.01798976728833155,-0.01388025688833633
2016-07-07,23.9,24.0,23.75,23.8,23.8,2886,-0.5987189806373405,-0.6103870913791374,-0.5928000878010037,-0.6158111299550972,-0.6158111299550972,-0.013266998341625218,-0.010189228529839923,-0.014764730233200045,-0.016732080148729647,-0.017422178185120846,-0.014356709000552073
2016-07-11,24.1,24.25,24.0,24.05,24.05,2886,-0.5655611557522318,-0.569191301040845,-0.5512510533028355,-0.5745353322376708,-0.5745353322376708,-0.0008309098462816608,-0.0008309098462816608,-0.0041407867494823135,-0.0049648324369052955,-0.006690897075830127,-0.004690302110635948
2016-07-12,24.2,24.2,24.0,24.05,24.05,2886,-0.5489822433096779,-0.5774304591085035,-0.5512510533028355,-0.5745353322376708,-0.5745353322376708,0.002083333333333363,-0.0033153750518028114,-0.0031776733904394024,-0.004346926102256279,-0.006362584696744336,-0.005376344086021464
2016-07-13,24.3,24.5,24.15,24.5,24.5,2886,-0.5324033308671235,-0.5279955107025526,-0.5263216326039348,-0.5002388963463033,-0.5002388963463033,0.019134775374376075,0.01344364012409511,0.015614204780986532,0.014177791576114977,0.011727783283779422,0.01211787386394946
2016-07-14,24.3,24.6,24.25,24.6,24.6,2886,-0.5324033308671235,-0.5115171945672353,-0.5097020188046674,-0.48372857725933244,-0.48372857725933244,0.01652892561983465,0.016109045848822823,0.01947782842934117,0.01800124146492871,0.015186530207989374,0.015270326042096615
2016-07-15,24.6,24.9,24.5,24.9,24.9,2886,-0.482666593539461,-0.46208224616128496,-0.46815298430649915,-0.4341976199984211,-0.4341976199984211,0.019656019656019676,0.025957972805933212,0.030202730657840165,0.027969862730931768,0.026888815572418238,0.02659245516388372
2016-07-18,24.95,25.0,24.8,24.9,24.9,2886,-0.4246403999905219,-0.44560393002596776,-0.4182941429086972,-0.4341976199984211,-0.4341976199984211,0.012606750711671359,0.023427866831072612,0.027086484256840355,0.02638087386644685,0.026634781891646624,0.025746652935118436
2016-07-19,24.8,24.95,24.6,24.95,24.95,2886,-0.44950876865435285,-0.45384308809362633,-0.45153337050723164,-0.42594246045493567,-0.42594246045493567,0.007266855066612826,0.02316998154603245,0.024921265233465804,0.027277406073082773,0.027679380509102767,0.026819397763906867
2016-07-20,24.9,25.0,24.75,24.95,24.95,2886,-0.4329298562117991,-0.44560393002596776,-0.42660394980833094,-0.42594246045493567,-0.42594246045493567,0.003620273531777951,0.02044989775051125,0.02240131129627101,0.026432171140594544,0.026833484237385838,0.025764012607921
2016-07-21,24.95,25.1,24.95,25.1,25.1,2886,-0.4246403999905219,-0.42912561389065057,-0.3933647222097965,-0.4011769818244795,-0.4011769818244795,0.0056089743589743815,0.021155410903173293,0.02616516762060524,0.03133025166923484,0.03190264759085676,0.03065973172734751
2016-07-22,24.95,25.05,24.85,24.95,24.95,2886,-0.4246403999905219,-0.43736477195830914,-0.4099843360090634,-0.42594246045493567,-0.42594246045493567,-0.0008009611533840438,0.010325976918404495,0.01822881240647526,0.02379975379565047,0.023715739373050868,0.023869776349086946
2016-07-25,25.05,25.1,24.85,25.05,25.05,2886,-0.4080614875479675,-0.42912561389065057,-0.4099843360090634,-0.40943214136796485,-0.40943214136796485,0.0020000000000000282,0.010284331518451404,0.020228074938908477,0.02527371329172208,0.02630285152409044,0.02755178778970413
2016-07-26,25.0,25.0,24.85,25.0,25.0,2886,-0.4163509437692447,-0.44560393002596776,-0.4099843360090634,-0.4176873009114503,-0.4176873009114503,-0.00039984006397447274,0.004419445560466028,0.016535646516671314,0.01999184006527956,0.023248199083169673,0.024590163934426288
2016-07-27,25.05,25.05,24.85,25.0,25.0,2886,-0.4080614875479675,-0.43736477195830914,-0.4099843360090634,-0.4176873009114503,-0.4176873009114503,-0.0007993605115908523,0.0024057738572573666,0.014610389610389588,0.018018935152193938,0.0224948875255624,0.023820899597297128
2016-07-28,24.9,25.05,24.8,25.0,25.0,2886,-0.4329298562117991,-0.43736477195830914,-0.4182941429086972,-0.4176873009114503,-0.4176873009114503,0.0,0.0008006405124099109,0.01132686084142385,0.01646676153689779,0.021659174499387052,0.023052789523939552
2016-07-29,24.9,25.1,24.85,25.0,25.0,2886,-0.4329298562117991,-0.42912561389065057,-0.4099843360090634,-0.4176873009114503,-0.4176873009114503,-0.00039984006397447274,0.0004001600640255306,0.008064516129032228,0.015022330491270703,0.020491468691321693,0.02131136379110785
2016-08-01,25.0,25.1,24.9,25.0,25.0,2886,-0.4163509437692447,-0.42912561389065057,-0.40167452910943025,-0.4176873009114503,-0.4176873009114503,0.0,0.0,0.005496715377396435,0.013581998783701636,0.01849588527662351,0.020130576713819473
2016-08-02,25.0,25.0,24.8,24.9,24.9,2886,-0.4163509437692447,-0.44560393002596776,-0.4182941429086972,-0.4341976199984211,-0.4341976199984211,-0.003202562049639644,-0.0038007601520305026,-0.0008025682182985383,0.008505467800729076,0.012030564135912835,0.015359521544107592
2016-08-03,24.7,25.0,24.65,24.95,24.95,2886,-0.46608768109690724,-0.44560393002596776,-0.44322356360759846,-0.42594246045493567,-0.42594246045493567,-0.0008009611533840438,-0.0018003600720143292,0.0,0.009202143796136942,0.012581168831168778,0.016845537291128802
2016-08-04,24.95,25.0,24.7,25.0,25.0,2886,-0.4246403999905219,-0.44560393002596776,-0.43491375670796467,-0.4176873009114503,-0.4176873009114503,0.0012014417300761368,0.0006003602161297006,0.0009342052582410287,0.00877635428225567,0.013376570733684567,0.018191691555796852
2016-08-05,24.95,25.35,24.9,25.35,25.35,2886,-0.4246403999905219,-0.3879298235523581,-0.40167452910943025,-0.35990118410705296,-0.35990118410705296,0.012380191693290826,0.0129870129870131,0.013729672087443507,0.019710378117457843,0.02581741663968914,0.030976750491425623
2016-08-08,25.4,25.5,25.35,25.5,25.5,2886,-0.3500352939990284,-0.3632123493493829,-0.32688626701272705,-0.3351357054765973,-0.3351357054765973,0.01431980906921253,0.017151974471479845,0.01809954751131221,0.022761455931013842,0.029886914378029015,0.03469263542300671
2016-08-09,25.5,25.8,25.4,25.8,25.8,2886,-0.333456381556474,-0.31377740094343193,-0.3185764601130939,-0.28560474821568543,-0.28560474821568543,0.018957345971563996,0.025844930417495117,0.027751958571238827,0.031175059952038415,0.03965183752417802,0.043548604557098615
2016-08-10,25.8,26.0,25.7,25.9,25.9,2886,-0.28371964422881146,-0.2808207686727981,-0.26871761871529193,-0.2690944291287152,-0.2690944291287152,0.015288122304978464,0.02614896988906484,0.029139072847682013,0.03228377839776813,0.040996784565916385,0.04498688723017933
2016-08-11,26.0,26.0,25.8,26.0,26.0,2886,-0.2505618193437033,-0.2808207686727981,-0.2520980049160244,-0.25258411004174436,-0.25258411004174436,0.011279657720731199,0.026045777426992902,0.030655391120507403,0.03338632750397456,0.041332906119833535,0.046558432845833726
2016-08-12,26.0,26.2,25.95,26.0,26.0,2886,-0.2505618193437033,-0.2478641364021643,-0.22716858421712371,-0.25258411004174436,-0.25258411004174436,0.006191950464396152,0.02201257861635215,0.02780339965739886,0.031132262542137766,0.03767560664112399,0.044176706827309294
2016-08-15,24.6,24.6,24.15,24.15,24.15,2886,-0.482666593539461,-0.5115171945672353,-0.5263216326039348,-0.5580250131507005,-0.5580250131507005,-0.05553382870551434,-0.04752514296982838,-0.04305904107779697,-0.04081024724456373,-0.03631284916201118,-0.029925687889134404
2016-08-16,24.25,24.3,24.0,24.15,24.15,2886,-0.5406927870884007,-0.5609521429731864,-0.5512510533028355,-0.5580250131507005,-0.5580250131507005,-0.04318541996830427,-0.04469936708860756,-0.04090548054011125,-0.03928393833913479,-0.03646664538780727,-0.029600857219394646
2016-08-17,24.15,24.45,24.05,24.25,24.25,2886,-0.5572716995309551,-0.5362346687702112,-0.5429412464032017,-0.5415146940637298,-0.5415146940637298,-0.026495383380168613,-0.03808012693375648,-0.03501790688420211,-0.033960760880390364,-0.03209068412229592,-0.025517379947759617
2016-08-18,24.15,24.5,24.1,24.35,24.35,2886,-0.5572716995309551,-0.5279955107025526,-0.5346314395035681,-0.5250043749767589,-0.5250043749767589,-0.009357200976403596,-0.03161662358321727,-0.02936486845601905,-0.028525832834629956,-0.027711228238300415,-0.0222192477579975
2016-08-19,24.35,24.45,23.8,23.8,23.8,2886,-0.5241138746458464,-0.5362346687702112,-0.58449028090137,-0.6158111299550972,-0.6158111299550972,-0.014084507042253515,-0.047619047619047665,-0.04825379898693683,-0.04828551434569627,-0.04799999999999997,-0.0443046446258867
2016-08-22,22.6,22.7,22.05,22.3,22.3,2886,-0.8142448423905438,-0.8246052011382581,-0.8753335223885473,-0.8634659162596562,-0.8634659162596562,-0.06184265881363058,-0.09606809890555333,-0.10177228786251331,-0.10333735424205859,-0.10427377892030848,-0.102435097605152
2016-08-23,22.1,22.35,22.0,22.25,22.25,2886,-0.8971394046033145,-0.8822793076118671,-0.8836433292881811,-0.8717210758031416,-0.8717210758031416,-0.04873877725523731,-0.08492699979436566,-0.09736308316430015,-0.10037400181946825,-0.10238825238018384,-0.10227960459955632
2016-08-24,22.2,22.2,21.7,21.7,21.7,2886,-0.8805604921607607,-0.9069967818148429,-0.9335021706859831,-0.96252783078148,-0.96252783078148,-0.05157342657342671,-0.09186022180372465,-0.11186903137789908,-0.11671924290220832,-0.11996106740206025,-0.12116098548768142
2016-08-25,21.55,22.2,21.55,22.1,22.1,2886,-0.9883234230373624,-0.9069967818148429,-0.9584315913848837,-0.8964865544335973,-0.8964865544335973,-0.014712438698172015,-0.05977451606041258,-0.08828382838283817,-0.09509673456853304,-0.0993561007417067,-0.10193024043345748
2016-08-26,21.9,22.1,21.85,22.05,22.05,2886,-0.9302972294884233,-0.9234750979501595,-0.9085727499870817,-0.9047417139770827,-0.9047417139770827,-0.0013586956521739644,-0.04586758978797052,-0.08201498751040795,-0.09165808444902154,-0.09712554254360808,-0.10048952950775081
2016-08-29,22.0,22.05,21.9,22.0,22.0,2886,-0.9137183170458689,-0.9317142560178181,-0.9002629430874486,-0.912996873520568,-0.912996873520568,-0.000908265213442467,-0.03909150469534846,-0.07511210762331846,-0.08808290155440414,-0.0946502057613169,-0.09897610921501711
2016-08-30,22.0,22.1,21.9,21.95,21.95,2886,-0.9137183170458689,-0.9234750979501595,-0.9002629430874486,-0.9212520330640535,-0.9212520330640535,-0.0004553734061931495,-0.031973539140022114,-0.06714832129196764,-0.08455844020435825,-0.09214988832823234,-0.09732693625771079
2016-08-31,21.9,21.95,21.6,21.6,21.6,2886,-0.9302972294884233,-0.9481925721531352,-0.95012178448525,-0.9790381498684502,-0.9790381498684502,-0.015496809480401087,-0.03614457831325311,-0.07070127635164208,-0.09281814363712729,-0.1015722485650111,-0.10762239206775448
2016-09-01,21.55,21.55,21.05,21.25,21.25,2886,-0.9883234230373624,-1.014105836694403,-1.04152966038122,-1.0368242666728475,-1.0368242666728475,-0.02388608176389525,-0.038461538461538526,-0.0731317243384706,-0.10043390835009004,-0.11058094759752217,-0.11740274124325077
2016-09-02,21.3,21.5,21.3,21.4,21.4,2886,-1.0297707041437478,-1.0223449947620615,-0.9999806258830519,-1.012058788042392,-1.012058788042392,-0.01109057301293893,-0.021043000914913124,-0.05393457117595059,-0.08644610458911428,-0.098871483914435,-0.10678260869565219
2016-09-05,21.6,22.15,21.55,22.05,22.05,2886,-0.9800339668160852,-0.9152359398825015,-0.9584315913848837,-0.9047417139770827,-0.9047417139770827,0.018475750577367306,0.009846576597206313,-0.019128113879003546,-0.051714869368885086,-0.06686415573423607,-0.07579462102689487
2016-09-06,22.1,22.2,22.0,22.15,22.15,2886,-0.8971394046033145,-0.9069967818148429,-0.8836433292881811,-0.8882313948901124,-0.8882313948901124,0.02120792992162274,0.014891179839633416,-0.008800715990453564,-0.039878630255743466,-0.058248299319727935,-0.06789170991723958
2016-09-07,22.15,22.3,22.1,22.25,22.25,2886,-0.8888499483820379,-0.8905184656795256,-0.8670237154889135,-0.8717210758031416,-0.8717210758031416,0.01970669110907423,0.016910420475319807,0.0016506602641057405,-0.027853631895139237,-0.04963266700837174,-0.06005773428148997
2016-09-08,22.25,22.65,22.1,22.6,22.6,2886,-0.8722710359394835,-0.8328443592059166,-0.8670237154889135,-0.8139349589987442,-0.8139349589987442,0.023087369850611206,0.03055175558595539,0.022778699653039698,-0.005172224056344215,-0.030708526333847897,-0.04203461674320016
2016-09-09,22.45,22.55,22.3,22.4,22.4,2886,-0.8391132110543754,-0.8493226753412333,-0.8337844878903792,-0.846955597172686,-0.846955597172686,0.004934948407357534,0.019804234008650067,0.0180275715800637,-0.0061009428729895876,-0.03439951719975853,-0.04701127419697953
2016-09-10,22.1,22.3,22.0,22.15,22.15,2886,-0.8971394046033145,-0.8905184656795256,-0.8836433292881811,-0.8882313948901124,-0.8882313948901124,-0.007171671896010764,0.00773430391264794,0.007123370718399335,-0.012813370473537668,-0.039628858827610046,-0.05382315249893229
2016-09-12,22.05,22.1,21.9,21.9,21.9,2886,-0.9054288608245917,-0.9234750979501595,-0.9002629430874486,-0.9295071926075389,-0.9295071926075389,-0.01617250673854445,-0.0034129692832765798,-0.003186162949476733,-0.019036954087346056,-0.044002095337873345,-0.0604890604890605
2016-09-13,21.95,22.15,21.85,22.05,22.05,2886,-0.9220077732671461,-0.9152359398825015,-0.9085727499870817,-0.9047417139770827,-0.9047417139770827,-0.007650765076507568,0.0013623978201635393,0.002576538344952934,-0.007427413909520556,-0.030939615012745038,-0.05011487650775404
2016-09-14,22.0,22.05,21.85,21.85,21.85,2886,-0.9137183170458689,-0.9317142560178181,-0.9085727499870817,-0.9377623521510238,-0.9377623521510238,-0.009968282736746664,-0.010416666666666526,-0.0057636887608068475,-0.010864644635581481,-0.03267221533557639,-0.0544536602957086
2016-09-19,21.9,22.5,21.9,22.45,22.45,2886,-0.9302972294884233,-0.8575618334088919,-0.9002629430874486,-0.8387004376292005,-0.8387004376292005,0.016757246376811478,0.011945007888212783,0.020299954552340498,0.019411965035758812,0.0001782054709080164,-0.024407909031650646
2016-09-20,22.35,22.6,22.2,22.5,22.5,2886,-0.8556921234969291,-0.8410835172735747,-0.8504041016896466,-0.8304452780857151,-0.8304452780857151,0.015801354401805936,0.012145748987854393,0.02102556345484788,0.021218654260751053,0.0053619302949062106,-0.01796755655779452
2016-09-21,22.5,22.5,22.35,22.5,22.5,2886,-0.8308237548330982,-0.8575618334088919,-0.8254746809907454,-0.8304452780857151,-0.8304452780857151,0.010327795240233357,0.010554682236694498,0.019329507701600687,0.020639600816511602,0.008335574079053666,-0.013230027044806785
2016-09-22,22.55,22.6,22.15,22.3,22.3,2886,-0.822534298611821,-0.8410835172735747,-0.8587139085892804,-0.8634659162596562,-0.8634659162596562,-0.0008960573476702318,0.001347103726987029,0.008137432188065247,0.010192525481313768,0.0028782155063860433,-0.01682709971342483
2016-09-23,22.1,22.5,22.05,22.5,22.5,2886,-0.8971394046033145,-0.8575618334088919,-0.8753335223885473,-0.8304452780857151,-0.8304452780857151,0.0022271714922049313,0.01078167115902974,0.013361357153580715,0.018329938900203718,0.015251331107300667,-0.0028805672501660863
2016-09-26,22.45,22.45,22.1,22.2,22.2,2886,-0.8391132110543754,-0.8658009914765504,-0.8670237154889135,-0.879976235346627,-0.879976235346627,-0.008928571428571397,-0.0017985611510790984,-0.002546053616893893,0.004411265693926033,0.004615802335052961,-0.010621703929287676
2016-09-29,22.1,22.4,21.85,22.35,22.35,2886,-0.8971394046033145,-0.874040149544209,-0.9085727499870817,-0.8552107567161708,-0.8552107567161708,-0.0008940545373265992,0.004043126684636112,0.003291934759838592,0.010397830018083363,0.011312217194570135,-0.0012661056081030356
2016-09-30,22.2,22.3,22.05,22.05,22.05,2886,-0.8805604921607607,-0.8905184656795256,-0.8753335223885473,-0.9047417139770827,-0.9047417139770827,-0.010323159784560162,-0.010101010101010006,-0.00987876066457112,-0.003389830508474544,-0.0019011406844107182,-0.01158012700784458
2016-10-03,22.1,22.1,21.95,21.95,21.95,2886,-0.8971394046033145,-0.9234750979501595,-0.8919531361878148,-0.9212520330640535,-0.9212520330640535,-0.011706438541197729,-0.014147765551313779,-0.013483146067415762,-0.008693688607880728,-0.00687720568274353,-0.012669615413449426
2016-10-04,21.9,22.0,21.8,21.85,21.85,2886,-0.9302972294884233,-0.9399534140854767,-0.9168825568867155,-0.9377623521510238,-0.9377623521510238,-0.010416666666666685,-0.01863911969458788,-0.01576576576576567,-0.014545044537151788,-0.010954191562556462,-0.013469787041914148
2016-10-05,21.7,22.0,21.65,21.85,21.85,2886,-0.9634550543735314,-0.9399534140854767,-0.9418119775856167,-0.9377623521510238,-0.9377623521510238,-0.00726942298955005,-0.015987390227426273,-0.014137464280343032,-0.015544041450777151,-0.010595906538670449,-0.01056603773584894
2016-10-06,21.8,22.05,21.75,21.95,21.95,2886,-0.946876141930977,-0.9317142560178181,-0.9251923637863493,-0.9212520330640535,-0.9212520330640535,0.0009119927040583481,-0.009029345372460465,-0.009029345372460465,-0.01081568273997305,-0.005977719409473685,-0.005512346145133255
2016-10-07,21.8,21.95,21.8,21.85,21.85,2886,-0.946876141930977,-0.9481925721531352,-0.9168825568867155,-0.9377623521510238,-0.9377623521510238,-0.001827318410232782,-0.01064070636178399,-0.013395544852498345,-0.014656144306651603,-0.010327022375214896,-0.009444654325651627
2016-10-11,21.8,21.9,21.7,21.8,21.8,2886,-0.946876141930977,-0.9564317302207939,-0.9335021706859831,-0.9460175116945091,-0.9460175116945091,-0.0027447392497713754,-0.01066485137281595,-0.014911884319927623,-0.015912425234172176,-0.012949379697546018,-0.01186069351061419
2016-10-12,21.8,21.95,21.6,21.85,21.85,2886,-0.946876141930977,-0.9481925721531352,-0.95012178448525,-0.9377623521510238,-0.9377623521510238,-0.0004574565416284543,-0.005461993627674145,-0.012652507907817492,-0.011982817092471199,-0.011759384893713162,-0.00922007255139056
2016-10-13,21.9,21.9,21.6,21.65,21.65,2886,-0.9302972294884233,-0.9564317302207939,-0.95012178448525,-0.9707829903249654,-0.9707829903249654,-0.0077910174152154765,-0.012092174309833474,-0.01932658915899136,-0.019363605480693102,-0.02124773960217009,-0.017695099818511983
2016-10-14,21.65,21.75,21.6,21.65,21.65,2886,-0.9717445105948086,-0.9811492044237691,-0.95012178448525,-0.9707829903249654,-0.9707829903249654,-0.005055147058823504,-0.00892652780956742,-0.016802906448683062,-0.018251898877678422,-0.020539268910604445,-0.01717485057123404
2016-10-17,21.65,21.7,21.5,21.6,21.6,2886,-0.9717445105948086,-0.9893883624914277,-0.9667413982845174,-0.9790381498684502,-0.9790381498684502,-0.005066789497927196,-0.009174311926605472,-0.016393442622950633,-0.019852524106636415,-0.021827732995199835,-0.01892505677517022
2016-10-18,21.6,21.8,21.6,21.8,21.8,2886,-0.9800339668160852,-0.9729100463561104,-0.95012178448525,-0.9460175116945091,-0.9460175116945091,0.00414555504375863,0.0006885471654808615,-0.005776831863788478,-0.010215664018161085,-0.011965192168237824,-0.010140759800211868
2016-10-19,21.7,21.9,21.7,21.85,21.85,2886,-0.9634550543735314,-0.9564317302207939,-0.9335021706859831,-0.9377623521510238,-0.9377623521510238,0.006448641179180127,0.0029837043837503455,-0.0015232292460014367,-0.007945516458569678,-0.008350730688935328,-0.008770603357023964
2016-10-20,21.85,21.95,21.75,21.85,21.85,2886,-0.9385866857096998,-0.9481925721531352,-0.9251923637863493,-0.9377623521510238,-0.9377623521510238,0.004597701149425352,0.002983704383750182,-0.0004574565416284543,-0.006592407365310118,-0.00735962202435047,-0.009444654325651627
2016-10-21,21.85,22.0,21.8,22.0,22.0,2886,-0.9385866857096998,-0.9399534140854767,-0.9168825568867155,-0.912996873520568,-0.912996873520568,0.00824931255728688,0.009637448370812174,0.007479774080293116,0.001365498406918577,-0.0002726529128421239,-0.0025691400936981297
2016-10-24,22.0,22.0,21.8,21.8,21.8,2886,-0.9137183170458689,-0.9399534140854767,-0.9168825568867155,-0.9460175116945091,-0.9460175116945091,-0.002744739249771213,0.0006885471654808615,-0.0009165902841429685,-0.006154547526783589,-0.009180983546950195,-0.011113631208890948
2016-10-25,21.8,22.0,21.75,22.0,22.0,2886,-0.946876141930977,-0.9399534140854767,-0.9251923637863493,-0.912996873520568,-0.912996873520568,0.004566210045662165,0.008942903003898202,0.008095310829387468,0.003649635036496435,0.0,-0.0016638935108154065
2016-10-26,21.95,21.95,21.85,21.85,21.85,2886,-0.9220077732671461,-0.9481925721531352,-0.9085727499870817,-0.9377623521510238,-0.9377623521510238,-0.0022831050228310826,0.0020637468470535063,0.0012219337100962554,-0.0017133066818959622,-0.006818181818181754,-0.007344589990156672
2016-10-27,21.85,21.85,21.7,21.7,21.7,2886,-0.9385866857096998,-0.9646708882884519,-0.9335021706859831,-0.96252783078148,-0.96252783078148,-0.007773205304069418,-0.005043558000917147,-0.005195599022004888,-0.007432818753573535,-0.012289485662266708,-0.013113014477374396
2016-10-28,21.7,21.75,21.6,21.65,21.65,2886,-0.9634550543735314,-0.9811492044237691,-0.95012178448525,-0.9707829903249654,-0.9707829903249654,-0.006880733944954226,-0.007336084364970366,-0.0065769348424595175,-0.008131943649066635,-0.01303792851932918,-0.014640066752636075
2016-10-31,21.55,21.65,21.45,21.6,21.6,2886,-0.9883234230373624,-0.9976275205590863,-0.9750512051841512,-0.9790381498684502,-0.9790381498684502,-0.007352941176470594,-0.009628610729023422,-0.008112658809122876,-0.009401513414354428,-0.013698630136986172,-0.016468088335736417
2016-11-01,21.6,21.6,21.5,21.55,21.55,2886,-0.9800339668160852,-1.0058666786267443,-0.9667413982845174,-0.9872933094119356,-0.9872933094119356,-0.0055376095985233496,-0.010787238925866395,-0.009650735294117686,-0.010787238925866556,-0.01463191586648378,-0.01799954431533377
2016-11-02,21.5,21.55,21.4,21.5,21.5,2886,-0.9966128792586396,-1.014105836694403,-0.983361012083785,-0.995548468955421,-0.995548468955421,-0.004629629629629695,-0.011494252873563218,-0.010887900628737991,-0.012288962903411133,-0.015116811726981141,-0.019756838905775086
2016-11-03,21.6,22.05,21.6,22.0,22.0,2886,-0.9800339668160852,-0.9317142560178181,-0.95012178448525,-0.912996873520568,-0.912996873520568,0.015697137580793916,0.010797151389846221,0.01102941176470581,0.01033295063145816,0.008156905874805116,0.003725952399057121
2016-11-04,22.0,22.1,21.8,21.9,21.9,2886,-0.9137183170458689,-0.9234750979501595,-0.9168825568867155,-0.9295071926075389,-0.9295071926075389,0.00875172731460146,0.00666513445185013,0.005663554262972671,0.005856011023079468,0.004402861860208976,7.610929294459932e-05
2016-11-07,21.95,22.05,21.95,21.95,21.95,2886,-0.9220077732671461,-0.9317142560178181,-0.8919531361878148,-0.9212520330640535,-0.9212520330640535,0.007805325987144248,0.00826825907211758,0.006880733944954063,0.007921019400757637,0.006880733944954063,0.0031992687385740534
2016-11-08,22.05,22.6,22.05,22.55,22.55,2886,-0.9054288608245917,-0.8410835172735747,-0.8753335223885473,-0.8221901185422297,-0.8221901185422297,0.025932666060054774,0.03321878579610545,0.03203661327231118,0.03369241347696536,0.03326612903225802,0.030229193634356135
2016-11-09,22.6,22.85,22.0,22.0,22.0,2886,-0.8142448423905438,-0.7998877269352822,-0.8836433292881811,-0.912996873520568,-0.912996873520568,-0.0036231884057970243,0.007326007326007333,0.00640439158279966,0.008133806850727551,0.007787448465414646,0.00586756077116499
2016-11-10,22.65,22.95,22.5,22.9,22.9,2886,-0.8059553861692672,-0.7834094107999656,-0.8005452602918447,-0.764404001737833,-0.764404001737833,0.02875112309074576,0.04280510018214926,0.044231646146830776,0.04637879826365093,0.047000731528895334,0.045900890614295455
2016-11-11,23.0,23.15,22.75,22.9,22.9,2886,-0.7479291926203275,-0.7504527785293318,-0.7589962257936765,-0.764404001737833,-0.764404001737833,0.019590382902938457,0.036902875254697654,0.04138244656662103,0.04339902038956604,0.04518484710177994,0.04502585944630352
2016-11-14,22.75,23.8,22.75,23.25,23.25,2886,-0.7893764737267128,-0.6433437236497712,-0.7589962257936765,-0.7066178849334357,-0.7066178849334357,0.023327464788732447,0.0449438202247191,0.05267129489888322,0.05537902859736717,0.05845397432395532,0.059064682660188286
2016-11-15,23.3,23.5,23.15,23.25,23.25,2886,-0.6981924552926649,-0.6927786720557222,-0.6925177705966076,-0.7066178849334357,-0.7066178849334357,0.017060367454068266,0.03702051739518279,0.04871447902571034,0.05191720393620635,0.05566654558663289,0.0569783300500076
2016-11-16,23.45,23.5,23.05,23.05,23.05,2886,-0.673324086628834,-0.6927786720557222,-0.7091373843958746,-0.7396385231073768,-0.7396385231073768,-0.0008669267446900552,0.021040974529346685,0.03595505617977531,0.04004512126339534,0.0443095324392895,0.04598396611707753
2016-11-17,23.0,23.0,22.75,23.0,23.0,2886,-0.7479291926203275,-0.775170252732307,-0.7589962257936765,-0.7478936826508621,-0.7478936826508621,-0.0038977912516239203,0.014332965821389163,0.0296970601402776,0.03510351035103499,0.03950103950103961,0.041902604756511926
2016-11-18,22.9,22.9,22.7,22.7,22.7,2886,-0.7645081050628819,-0.7916485688676242,-0.7673060326933102,-0.797424639911774,-0.797424639911774,-0.015184381778741927,-0.002417051197539146,0.013091341862540734,0.01999550662772396,0.02399855647780601,0.027149321266968226
2016-11-21,22.75,23.2,22.75,23.1,23.1,2886,-0.7893764737267128,-0.7422136204616733,-0.7589962257936765,-0.7313833635638913,-0.7313833635638913,0.0034752389226758596,0.010056843025798007,0.02636255924170634,0.03494623655913984,0.039229800251934656,0.04328189687617625
2016-11-22,23.1,23.25,22.8,23.25,23.25,2886,-0.7313502801777731,-0.7339744623940146,-0.7506864188940428,-0.7066178849334357,-0.7066178849334357,0.009991311902693173,0.013513513513513457,0.02785145888594176,0.03875795822629285,0.04325585569415787,0.04776926543488052
2016-11-23,23.0,23.05,22.85,22.85,22.85,2886,-0.7479291926203275,-0.7669310946646485,-0.742376611994409,-0.7726591612813178,-0.7726591612813178,-0.005657093124456006,-0.007600434310531907,0.006164685160722331,0.018611389724729924,0.023470393263459684,0.028198590070496403
2016-11-24,22.8,23.2,22.8,23.2,23.2,2886,-0.7810870175054356,-0.7422136204616733,-0.7506864188940428,-0.714873044476921,-0.714873044476921,0.007819287576020684,0.00628930817610061,0.017990346643264595,0.030767521937132024,0.03663985701519215,0.041526374859708226
2016-11-25,23.2,23.2,23.0,23.05,23.05,2886,-0.7147713677352193,-0.7422136204616733,-0.7174471912955083,-0.7396385231073768,-0.7396385231073768,-0.001732351667388443,-0.0008669267446900552,0.008017492711370273,0.02092791495958366,0.028008206226028176,0.03262898529082349
2016-11-28,23.1,23.2,23.05,23.2,23.2,2886,-0.7313502801777731,-0.7422136204616733,-0.7091373843958746,-0.714873044476921,-0.714873044476921,0.0038944180008654203,0.005853024062432325,0.010893246187363835,0.023943506565155048,0.032120295399946514,0.036871508379888236
2016-11-29,23.1,23.25,23.0,23.0,23.0,2886,-0.7313502801777731,-0.7339744623940146,-0.7174471912955083,-0.7478936826508621,-0.7478936826508621,-0.002601908065914949,-0.0017361111111110742,0.0008703220191470659,0.011878574571051613,0.021405098143707224,0.026098594691054973
2016-11-30,23.0,23.05,22.75,22.75,22.75,2886,-0.7479291926203275,-0.7669310946646485,-0.7589962257936765,-0.7891694803682886,-0.7891694803682886,-0.01258680555555552,-0.011299435028248655,-0.012158054711246096,-0.0018646484589227544,0.008690254500310276,0.013588772555134762
2016-12-01,22.85,23.1,22.85,22.9,22.9,2886,-0.7727975612841584,-0.7586919365969899,-0.742376611994409,-0.764404001737833,-0.764404001737833,-0.003481288076588418,-0.004347826086956583,-0.005644811115936,0.002736726874657909,0.013184673922661476,0.018683274021352232
2016-12-02,22.8,23.1,22.8,23.05,23.05,2886,-0.7810870175054356,-0.7586919365969899,-0.7506864188940428,-0.7396385231073768,-0.7396385231073768,0.003046127067014808,0.0006511829824180841,0.0004340277777778456,0.006770037126010096,0.017300732633065717,0.02376193648678659
2016-12-05,23.0,23.05,22.8,22.8,22.8,2886,-0.7479291926203275,-0.7669310946646485,-0.7506864188940428,-0.7809143208248032,-0.7809143208248032,-0.004366812227074143,-0.008911106281243288,-0.00912646675358528,-0.005994550408719315,0.004139874922927756,0.011161209254194783
2016-12-06,23.0,23.25,22.95,23.25,23.25,2886,-0.7479291926203275,-0.7339744623940146,-0.7257569981951421,-0.7066178849334357,-0.7066178849334357,0.013071895424836633,0.01064985872636372,0.0104302477183834,0.012079660463597774,0.02090102748748569,0.029216467463479584
2016-12-07,23.3,23.3,23.1,23.25,23.25,2886,-0.6981924552926649,-0.725735304326356,-0.7008275774962408,-0.7066178849334357,-0.7066178849334357,0.008676789587852464,0.008895638967238094,0.009845084696684674,0.00933362274799218,0.01777271931360527,0.027094684140774553
2016-12-08,23.2,23.5,23.1,23.5,23.5,2886,-0.7147713677352193,-0.6927786720557222,-0.7008275774962408,-0.6653420872160092,-0.6653420872160092,0.014242555028053598,0.018418201516793097,0.019227989012577787,0.018859744201170547,0.02602165560600769,0.0353943310324571
2016-12-09,23.45,23.75,23.4,23.75,23.75,2886,-0.673324086628834,-0.6515828817174298,-0.6509687360984394,-0.6240662894985827,-0.6240662894985827,0.018876018876018932,0.026139554979477227,0.026953012395503094,0.027804825273179786,0.033597353990773716,0.04319180087847735
2016-12-12,23.7,23.75,23.55,23.75,23.75,2886,-0.6318768055224486,-0.6515828817174298,-0.6260393153995382,-0.6240662894985827,-0.6240662894985827,0.010638297872340425,0.023706896551724168,0.0250323694432455,0.026694045174537974,0.030368763557483698,0.03991826607312277
2016-12-13,23.65,23.7,23.55,23.7,23.7,2886,-0.6401662617437258,-0.6598220397850884,-0.6260393153995382,-0.6323214490420681,-0.6323214490420681,0.004662992793556568,0.018478727975934514,0.021551724137931036,0.023537033038220762,0.026151714582611674,0.03448275862068946
2016-12-14,23.7,23.7,23.25,23.4,23.4,2886,-0.6318768055224486,-0.6598220397850884,-0.6758981567973401,-0.68185240630298,-0.68185240630298,-0.009314140558848386,0.0027855153203341643,0.007029120642662334,0.009817671809256625,0.010711817553559136,0.01857225769007526
2016-12-15,23.4,23.5,23.3,23.4,23.4,2886,-0.6816135428501112,-0.6927786720557222,-0.6675883498977063,-0.68185240630298,-0.68185240630298,-0.00847457627118656,0.0006414368184734047,0.006451612903225746,0.008946857820416064,0.009839461418953668,0.016507384882710644
2016-12-16,23.5,23.8,23.5,23.75,23.75,2886,-0.6650346304075568,-0.6433437236497712,-0.634349122299172,-0.6240662894985827,-0.6240662894985827,0.00635593220338977,0.012577275634193209,0.019459150093003284,0.02172510217251033,0.023442213220718645,0.02895515921727215
2016-12-19,23.65,23.7,23.35,23.4,23.4,2886,-0.6401662617437258,-0.6598220397850884,-0.6592785429980725,-0.68185240630298,-0.68185240630298,-0.005524861878452997,-0.00489049542845001,0.003861003861003702,0.006018916595012769,0.008099259003963263,0.011673151750972745
2016-12-20,23.35,23.4,23.2,23.3,23.3,2886,-0.6899029990713877,-0.7092569881910394,-0.6842079636969739,-0.6983627253899503,-0.6983627253899503,-0.006396588486140664,-0.00935374149659859,-0.0012858979854263861,0.0016120365394949564,0.0037046609804427724,0.006262146404664355
2016-12-21,23.3,23.3,23.15,23.15,23.15,2886,-0.6981924552926649,-0.725735304326356,-0.6925177705966076,-0.7231282040204065,-0.7231282040204065,-0.010683760683760684,-0.01531263292216076,-0.008848294562580442,-0.00547739233165079,-0.0029287621672839112,-0.0018683529749927998
2016-12-22,23.15,23.2,23.0,23.0,23.0,2886,-0.7230608239564965,-0.7422136204616733,-0.7174471912955083,-0.7478936826508621,-0.7478936826508621,-0.013722126929674111,-0.01960784313725479,-0.01555143387073762,-0.011496722896744464,-0.009389266948057388,-0.008478229630694013
2016-12-23,22.85,23.15,22.85,22.9,22.9,2886,-0.7727975612841584,-0.7504527785293318,-0.742376611994409,-0.764404001737833,-0.764404001737833,-0.010799136069114472,-0.020320855614973175,-0.019411932629175135,-0.015477214101461714,-0.014035994144493413,-0.012789193849691056
2016-12-26,22.95,23.15,22.9,23.0,23.0,2886,-0.7562186488416047,-0.7504527785293318,-0.7340668050947758,-0.7478936826508621,-0.7478936826508621,-0.0030342436064152703,-0.012875536480686725,-0.015691868758915855,-0.010752688172043012,-0.009559900094737804,-0.008121900380938659
2016-12-27,23.0,23.0,22.8,22.85,22.85,2886,-0.7479291926203275,-0.775170252732307,-0.7506864188940428,-0.7726591612813178,-0.7726591612813178,-0.005657093124455851,-0.015722593150979753,-0.020994001713795993,-0.016887167903624753,-0.01534086012238206,-0.014023732470334381
2016-12-28,22.85,23.1,22.85,23.0,23.0,2886,-0.7727975612841584,-0.7586919365969899,-0.742376611994409,-0.7478936826508621,-0.7478936826508621,0.002178649237472798,-0.007551240560949329,-0.013863084178933862,-0.010965383788432703,-0.009133206961916239,-0.007479861910241753
2016-12-29,22.9,23.0,22.75,22.8,22.8,2886,-0.7645081050628819,-0.775170252732307,-0.7589962257936765,-0.7809143208248032,-0.7809143208248032,-0.004801396769969421,-0.013627514600908556,-0.020478304453673202,-0.01935483870967739,-0.017071908949818818,-0.015827338129496424
2016-12-30,23.0,23.15,22.85,23.0,23.0,2886,-0.7479291926203275,-0.7504527785293318,-0.742376611994409,-0.7478936826508621,-0.7478936826508621,0.003052769297863074,-0.0017361111111110742,-0.009758897818599458,-0.01064630605441455,-0.008364232128998991,-0.007622608945778766
2017-01-03,22.9,23.1,22.8,23.1,23.1,2886,-0.7645081050628819,-0.7586919365969899,-0.7506864188940428,-0.7313833635638913,-0.7313833635638913,0.0065359477124182375,0.0039113428943938905,-0.0035945363048166274,-0.006985491671144454,-0.003880983182406203,-0.0033079246368473082
2017-01-04,23.15,23.45,23.05,23.45,23.45,2886,-0.7230608239564965,-0.7010178301233808,-0.7091373843958746,-0.6735972467594946,-0.6735972467594946,0.016471608149111357,0.018458197611292106,0.012230215827338048,0.007627027607691414,0.010427438814202038,0.01150251617541333
2017-01-05,23.4,23.7,23.2,23.65,23.65,2886,-0.6816135428501112,-0.6598220397850884,-0.6842079636969739,-0.6405766085855535,-0.6405766085855535,0.0193965517241379,0.024918743228602352,0.02012940330697333,0.015348288075560722,0.01746687317157126,0.018957345971564038
2017-01-06,23.7,23.7,23.5,23.7,23.7,2886,-0.6318768055224486,-0.6598220397850884,-0.634349122299172,-0.6323214490420681,-0.6323214490420681,0.013686911890504564,0.023979261179520244,0.02140497055020828,0.017058255551979283,0.01821618834851347,0.020378874856486772
2017-01-09,23.7,23.7,23.35,23.35,23.35,2886,-0.6318768055224486,-0.6598220397850884,-0.6592785429980725,-0.6901075658464648,-0.6901075658464648,-0.0042643923240937255,0.006899525657611045,0.0074787861354810295,0.0028991731987543863,0.002662315355547972,0.004877349017357775
2017-01-10,23.3,23.65,23.25,23.6,23.6,2886,-0.6981924552926649,-0.668061197852747,-0.6758981567973401,-0.6488317681290383,-0.6488317681290383,0.002123142250530816,0.015053763440860277,0.01768003449762845,0.013963480128893785,0.012006861063464885,0.015053763440860277
2017-01-11,23.7,23.7,23.55,23.7,23.7,2886,-0.6318768055224486,-0.6598220397850884,-0.6260393153995382,-0.6323214490420681,-0.6323214490420681,0.00423728813559313,0.015641739875723096,0.020818377602297242,0.01825993555316867,0.015511183477590278,0.018332855915210507
2017-01-12,23.75,23.9,23.7,23.9,23.9,2886,-0.6235873493011714,-0.6268654075144546,-0.6011098947006375,-0.599300810868127,-0.599300810868127,0.010570824524312896,0.020277481323372374,0.027220630372492817,0.025751072961373297,0.022941277178565374,0.025237720740687686
2017-01-13,23.9,23.95,23.65,23.9,23.9,2886,-0.5987189806373405,-0.618626249446796,-0.6094197016002713,-0.599300810868127,-0.599300810868127,0.008864499788940518,0.015508816656044123,0.024578450985996037,0.024651661307609832,0.022241231822070127,0.023773827372028104
2017-01-16,23.85,23.85,23.6,23.6,23.6,2886,-0.607008436858617,-0.6351045655821126,-0.6177295084999044,-0.6488317681290383,-0.6488317681290383,-0.005897219882055626,0.00021190930281850216,0.00969766115231032,0.012115363996997914,0.009668862839052205,0.010129833071764937
2017-01-17,23.6,23.75,23.5,23.5,23.5,2886,-0.6484557179650025,-0.6515828817174298,-0.634349122299172,-0.6653420872160092,-0.6653420872160092,-0.009274873524451891,-0.0057118679923842414,0.003987467957846631,0.007610676385464766,0.005820921075158483,0.0048460661345495985
2017-01-18,23.5,23.55,23.2,23.3,23.3,2886,-0.6650346304075568,-0.6845395139880636,-0.6842079636969739,-0.6983627253899503,-0.6983627253899503,-0.014382402707275798,-0.013547840812870311,-0.005831318446878113,-0.0009647336263265453,-0.002055850608189216,-0.0037768118007552695
2017-01-19,23.25,23.55,23.15,23.4,23.4,2886,-0.7064819115139421,-0.6845395139880636,-0.6925177705966076,-0.68185240630298,-0.68185240630298,-0.0059473237043330745,-0.008264462809917517,-0.0026992470521380557,0.0027855153203341643,0.0022271714922047305,0.0002849814762040913
2017-01-20,23.25,23.4,23.25,23.3,23.3,2886,-0.7064819115139421,-0.7092569881910394,-0.6758981567973401,-0.6983627253899503,-0.6983627253899503,-0.005123825789923184,-0.010825727021863681,-0.008369981557667702,-0.002141327623126369,-0.001884852638793563,-0.003705815279361431
2017-01-23,23.5,23.6,23.35,23.55,23.55,2886,-0.6650346304075568,-0.676300355920405,-0.6592785429980725,-0.6570869276725237,-0.6570869276725237,0.0059803502776591445,-0.001060445387062506,0.0007082152974503846,0.007163476959264425,0.009170380527939758,0.0072711719418306975
2017-01-24,23.55,23.6,23.25,23.3,23.3,2886,-0.6567451741862796,-0.676300355920405,-0.6758981567973401,-0.6983627253899503,-0.6983627253899503,-0.0029952931108257054,-0.010405606285835676,-0.01047565118912795,-0.004167111870926387,-0.0013715069432537494,-0.002781938797346513
2017-02-02,23.35,23.4,23.1,23.3,23.3,2886,-0.6899029990713877,-0.7092569881910394,-0.7008275774962408,-0.6983627253899503,-0.6983627253899503,-0.002995293110825857,-0.008721548606679357,-0.010055232969834363,-0.0051238257899230335,-0.0013715069432540534,-0.0022125472842766053
2017-02-03,23.25,23.35,23.15,23.2,23.2,2886,-0.7064819115139421,-0.7174961462586974,-0.6925177705966076,-0.714873044476921,-0.714873044476921,-0.005572224603514897,-0.01002773629187111,-0.013045944412932426,-0.009816474605207019,-0.005742693065912417,-0.006211180124223736
2017-02-06,23.3,23.65,23.2,23.6,23.6,2886,-0.6981924552926649,-0.668061197852747,-0.6842079636969739,-0.6488317681290383,-0.6488317681290383,0.008978195810175324,0.008331553086947245,0.004255319148936231,0.00553898593949734,0.010360476068156557,0.010634501463136173
2017-02-07,23.6,23.7,23.4,23.7,23.7,2886,-0.6484557179650025,-0.6598220397850884,-0.6509687360984394,-0.6323214490420681,-0.6323214490420681,0.011955593509820561,0.012171684817424734,0.0075102734873176745,0.008296107211231665,0.013253527148353943,0.014989293361884277
2017-02-08,23.6,23.65,23.45,23.6,23.6,2886,-0.6484557179650025,-0.668061197852747,-0.6426589291988056,-0.6488317681290383,-0.6488317681290383,0.005110732538330536,0.007470651013874096,0.003259175286949185,0.0029749256268593403,0.00794396514905627,0.010418153275296087
2017-02-09,23.5,23.6,23.45,23.45,23.45,2886,-0.6650346304075568,-0.676300355920405,-0.6426589291988056,-0.6735972467594946,-0.6735972467594946,-0.002552105487026743,0.0004266211604094714,-0.0024106636415202106,-0.0033999150021250253,0.000511989077566213,0.0037811229221660003
2017-02-10,23.6,23.85,23.55,23.7,23.7,2886,-0.6484557179650025,-0.6351045655821126,-0.6260393153995382,-0.6323214490420681,-0.6323214490420681,0.0038119440914866523,0.009799744354495118,0.008796821793416587,0.0071178157866780166,0.00997187420097139,0.013686911890504718
2017-02-13,23.7,23.9,23.7,23.9,23.9,2886,-0.6318768055224486,-0.6268654075144546,-0.6011098947006375,-0.599300810868127,-0.599300810868127,0.009716941275876656,0.015724606884827925,0.017309875141884052,0.015185303175108767,0.016588685665674053,0.02093122597180685
2017-02-14,23.9,23.95,23.8,23.85,23.85,2886,-0.5987189806373405,-0.618626249446796,-0.58449028090137,-0.6075559704116119,-0.6075559704116119,0.006329113924050723,0.012308998302207245,0.014461931093151997,0.011986846292564015,0.012996941896024504,0.017419125488802062
2017-02-15,23.9,24.2,23.8,24.2,24.2,2886,-0.5987189806373405,-0.5774304591085035,-0.58449028090137,-0.5497698536072151,-0.5497698536072151,0.01595298068849702,0.023255813953488403,0.027310032545634688,0.025532365716707243,0.0259453959640496,0.03059124139399518
2017-02-16,24.25,24.45,23.85,23.9,23.9,2886,-0.5406927870884007,-0.5362346687702112,-0.5761804740017362,-0.599300810868127,-0.599300810868127,-0.0004182350480970959,0.008013496415014665,0.012854923011724721,0.01239013025521537,0.01245446073032282,0.01630049610205526
2017-02-17,23.9,23.95,23.6,23.6,23.6,2886,-0.5987189806373405,-0.618626249446796,-0.6177295084999044,-0.6488317681290383,-0.6488317681290383,-0.01213897028045189,-0.0063157894736841505,-0.0004235493434984333,0.00031789763696106124,-0.00016946280291466628,0.0026908369919274567
2017-02-18,23.6,23.9,23.6,23.85,23.85,2886,-0.6484557179650025,-0.6268654075144546,-0.6177295084999044,-0.6075559704116119,-0.6075559704116119,-0.0012562814070352234,0.003154574132492233,0.00859881590076135,0.011021619330224738,0.010165184243964506,0.011807961535742024
2017-02-20,23.85,23.9,23.65,23.9,23.9,2886,-0.607008436858617,-0.6268654075144546,-0.6094197016002713,-0.599300810868127,-0.599300810868127,0.0004185851820846197,0.004412691741962465,0.009716941275876656,0.012497352255878065,0.01134055517941777,0.01264035025774995
2017-02-21,23.9,24.05,23.8,24.05,24.05,2886,-0.5987189806373405,-0.6021479333114788,-0.58449028090137,-0.5745353322376708,-0.5745353322376708,0.007963118189438295,0.008808724832214952,0.013912310286677835,0.017666349307098293,0.016913319238900725,0.017630465444287778
2017-02-22,24.1,24.25,24.0,24.15,24.15,2886,-0.5655611557522318,-0.569191301040845,-0.5512510533028355,-0.5580250131507005,-0.5580250131507005,0.010037641154328668,0.010037641154328668,0.01570166830225703,0.020063357972544788,0.02036504985634594,0.020853881921938957
2017-02-23,24.15,24.25,24.0,24.1,24.1,2886,-0.5572716995309551,-0.569191301040845,-0.5512510533028355,-0.5662801726941854,-0.5662801726941854,0.003748438150770655,0.006263048016701551,0.01104740595720887,0.01644875579924085,0.01790843047812128,0.01809476871083579
2017-02-24,24.1,24.1,23.9,23.9,23.9,2886,-0.5655611557522318,-0.5939087752438202,-0.567870667102103,-0.599300810868127,-0.599300810868127,-0.004995836802664488,-0.00208768267223385,0.001816403521028201,0.006739679865206258,0.009461057611082962,0.009361582318575238
2017-03-01,23.9,24.1,23.85,24.05,24.05,2886,-0.5987189806373405,-0.5939087752438202,-0.5761804740017362,-0.5745353322376708,-0.5745353322376708,0.0,0.0033375052148518266,0.007118927973199402,0.011992425836314064,0.015024900818772603,0.014696575486955884
2017-03-02,24.1,24.15,23.8,23.85,23.85,2886,-0.5655611557522318,-0.5856696171761622,-0.58449028090137,-0.6075559704116119,-0.6075559704116119,-0.006663890045814103,-0.0035512847294755507,-0.0019528525596316073,0.0024167279604917933,0.005989539395984455,0.00590468156895842
2017-03-03,23.8,24.0,23.7,23.7,23.7,2886,-0.6152978930798942,-0.6103870913791374,-0.6011098947006375,-0.6323214490420681,-0.6323214490420681,-0.009197324414715819,-0.008990173531256527,-0.008921103986618401,-0.004724409448818927,-0.0010116337885685766,-0.00042176296921121937
2017-03-06,23.7,23.95,23.65,23.95,23.95,2886,-0.6318768055224486,-0.618626249446796,-0.6094197016002713,-0.5910456513246416,-0.5910456513246416,0.0025115110925074207,0.0,0.0008357709987463257,0.004192872117400329,0.008590920576097054,0.010051310887748644
2017-03-07,23.95,24.0,23.8,24.0,24.0,2886,-0.5904295244160633,-0.6103870913791374,-0.58449028090137,-0.5827904917811562,-0.5827904917811562,0.0037641154328731195,0.0014604631754642245,0.0026458710486005907,0.005446166736489425,0.009506183225372217,0.01201771030993043
2017-03-08,23.95,24.05,23.9,23.9,23.9,2886,-0.5904295244160633,-0.6021479333114788,-0.567870667102103,-0.599300810868127,-0.599300810868127,0.0008375209380234328,-0.0027122887544334543,-0.0016708437761070467,0.0008375209380232838,0.0047082562636624305,0.007376185458377119
2017-03-09,23.85,23.9,23.7,23.7,23.7,2886,-0.607008436858617,-0.6268654075144546,-0.6011098947006375,-0.6323214490420681,-0.6323214490420681,-0.006289308176100718,-0.009611366485582968,-0.008644729503625371,-0.007745446933221634,-0.004369013611157904,-0.001334363368214044
2017-03-10,23.75,24.0,23.7,23.85,23.85,2886,-0.6235873493011714,-0.6103870913791374,-0.6011098947006375,-0.6075559704116119,-0.6075559704116119,-0.0012562814070350749,-0.002092050209204902,-0.0022312090363965005,-0.002300773896674324,0.0010073029463611562,0.0042105263157895334
2017-03-13,23.9,23.95,23.7,23.75,23.75,2886,-0.5987189806373405,-0.618626249446796,-0.6011098947006375,-0.6240662894985827,-0.6240662894985827,-0.003775167785234745,-0.0048187722606328086,-0.006830220239754845,-0.006587890829237788,-0.004109359275411042,-0.0004909868836361106
2017-03-14,23.8,23.95,23.8,23.8,23.8,2886,-0.6152978930798942,-0.618626249446796,-0.58449028090137,-0.6158111299550972,-0.6158111299550972,0.0,-0.0023055963110458905,-0.0046005855290673124,-0.0042882543666978605,-0.0023474178403754776,0.000911193663699514
2017-03-15,23.85,23.95,23.8,23.85,23.85,2886,-0.607008436858617,-0.618626249446796,-0.58449028090137,-0.6075559704116119,-0.6075559704116119,0.0025220680958386835,0.0006293266205160716,-0.002370329057445695,-0.002196422968308689,-0.0005028916268542831,0.002592307153366378
2017-03-16,23.95,23.95,23.8,23.95,23.95,2886,-0.5904295244160633,-0.618626249446796,-0.58449028090137,-0.5910456513246416,-0.5910456513246416,0.00461409395973152,0.004403438876074667,0.0020920502092050507,0.0025115110925072715,0.003099346624224933,0.005879882402351977
2017-03-17,24.0,24.15,23.95,24.15,24.15,2886,-0.5821400681947861,-0.5856696171761622,-0.5595608602024693,-0.5580250131507005,-0.5580250131507005,0.010460251046025106,0.010883214734198326,0.010460251046025106,0.01035456542202693,0.010291164658634482,0.013074180241907325
2017-03-20,24.1,24.25,24.05,24.25,24.25,2886,-0.5655611557522318,-0.569191301040845,-0.5429412464032017,-0.5415146940637298,-0.5415146940637298,0.010416666666666666,0.013795986622073656,0.01421999163529888,0.013160643409233244,0.013541753740700562,0.01577771572186549
2017-03-21,24.25,24.35,24.2,24.35,24.35,2886,-0.5406927870884007,-0.5527129849055278,-0.518011825704301,-0.5250043749767589,-0.5250043749767589,0.00995437577768569,0.016489250678355383,0.01712614870509623,0.01627712854757932,0.016956231206147625,0.01889950484692119
2017-03-22,24.0,24.25,24.0,24.25,24.25,2886,-0.5821400681947861,-0.569191301040845,-0.5512510533028355,-0.5415146940637298,-0.5415146940637298,0.0024803637866886614,0.010837849103793313,0.012385193431672705,0.011364821186529074,0.01210350584307175,0.013937282229965106
2017-03-23,24.35,24.35,24.05,24.15,24.15,2886,-0.5241138746458464,-0.5527129849055278,-0.5429412464032017,-0.5580250131507005,-0.5580250131507005,-0.00330169211721,0.004784688995215246,0.007369299221356881,0.0069842593557801255,0.008014024542950022,0.008982661374556083
2017-03-24,24.05,24.2,24.0,24.1,24.1,2886,-0.573850611973509,-0.5774304591085035,-0.5512510533028355,-0.5662801726941854,-0.5662801726941854,-0.004954582989265111,0.0016625103906900542,0.004166666666666726,0.005004170141785011,0.005591254276892129,0.005983024906080618
2017-03-27,24.0,24.2,23.9,24.05,24.05,2886,-0.5821400681947861,-0.5774304591085035,-0.567870667102103,-0.5745353322376708,-0.5745353322376708,-0.005376344086021464,-0.0016604400166043648,0.001805054151624535,0.0030236680221041212,0.00275183455637087,0.003407273485849547
2017-03-28,24.2,24.2,23.9,24.1,24.1,2886,-0.5489822433096779,-0.5774304591085035,-0.567870667102103,-0.5662801726941854,-0.5662801726941854,-0.0012432656444260727,-0.0008291873963514106,0.003609106052193198,0.0046899426784784036,0.004417771109444096,0.005213764337851929
2017-03-29,24.3,24.55,24.25,24.55,24.55,2886,-0.5324033308671235,-0.519756352634894,-0.5097020188046674,-0.4919837368028178,-0.4919837368028178,0.014882182720132262,0.014882182720132262,0.0205071359290565,0.022384174908901672,0.022064945878434685,0.022987707479686054
2017-03-30,24.6,24.8,24.6,24.7,24.7,2886,-0.482666593539461,-0.47856056229660154,-0.45153337050723164,-0.4672182581723622,-0.4672182581723622,0.01646090534979418,0.017927055429631102,0.02390493298328027,0.02681355227603407,0.02719787074773351,0.02852383926712481
2017-03-31,24.8,24.8,24.45,24.5,24.5,2886,-0.44950876865435285,-0.47856056229660154,-0.4764627912061329,-0.5002388963463033,-0.5002388963463033,0.00492206726825256,0.00823045267489709,0.013793103448275812,0.016808466486822892,0.018287614297589416,0.019346785937174947
2017-04-05,24.75,24.85,24.2,24.45,24.45,2886,-0.45779822487563004,-0.470321404228943,-0.518011825704301,-0.5084940558897887,-0.5084940558897887,-0.0004088307440720181,0.005345394736842065,0.00977422907488993,0.013681592039800924,0.015618509595414191,0.016068707577226764
2017-04-06,24.4,24.45,24.1,24.15,24.15,2886,-0.5158244184245697,-0.5362346687702112,-0.5346314395035681,-0.5580250131507005,-0.5580250131507005,-0.013077237433592166,-0.006172839506172927,-0.0035758492642003667,0.0009325458501708547,0.002740408570004939,0.003184713375796234
2017-04-07,24.1,24.15,23.9,23.95,23.95,2886,-0.5655611557522318,-0.5856696171761622,-0.567870667102103,-0.5910456513246416,-0.5910456513246416,-0.016427104722792695,-0.013185002060156728,-0.012099546267014974,-0.007459593866556142,-0.005398671096345474,-0.005192107995846314
2017-04-10,24.05,24.3,24.0,24.3,24.3,2886,-0.573850611973509,-0.5609521429731864,-0.5512510533028355,-0.5332595345202443,-0.5332595345202443,0.001236093943139579,0.0006176652254478306,0.001373626373626442,0.00579470198675499,0.008382438376628689,0.008996539792387622
2017-04-11,24.15,24.25,24.1,24.1,24.1,2886,-0.5572716995309551,-0.569191301040845,-0.5346314395035681,-0.5662801726941854,-0.5662801726941854,-0.0037205456800329193,-0.007617871113856383,-0.006731693913999057,-0.0029992760368186167,-0.0005805755992367834,0.0007612983597481247
2017-04-12,24.05,24.1,23.95,24.1,24.1,2886,-0.573850611973509,-0.5939087752438202,-0.5595608602024693,-0.5662801726941854,-0.5662801726941854,-0.0008291873963515577,-0.00782214903252358,-0.0063221550302362105,-0.0037205456800329193,-0.0008291873963515577,0.0007612983597481247
2017-04-13,24.1,24.15,24.0,24.1,24.1,2886,-0.5655611557522318,-0.5856696171761622,-0.5512510533028355,-0.5662801726941854,-0.5662801726941854,-0.00041476565740348445,-0.00782214903252358,-0.0056388392243157765,-0.00433794670522621,-0.0009948598905654496,0.0004843285131114667
2017-04-14,24.1,24.1,23.95,24.0,24.0,2886,-0.5655611557522318,-0.5939087752438202,-0.5595608602024693,-0.5827904917811562,-0.5827904917811562,-0.004975124378109347,-0.00969671962038372,-0.009083402146986061,-0.008776458440887912,-0.005305039787798413,-0.00359811790755602
2017-04-17,24.0,24.05,23.95,24.0,24.0,2886,-0.5821400681947861,-0.6021479333114788,-0.5595608602024693,-0.5827904917811562,-0.5827904917811562,-0.0024937655860348597,-0.006828057107386681,-0.008674101610904475,-0.008878794135866192,-0.005799502899751474,-0.003804911795226497
2017-04-18,24.1,24.15,23.95,24.05,24.05,2886,-0.5655611557522318,-0.5856696171761622,-0.5595608602024693,-0.5745353322376708,-0.5745353322376708,0.0,-0.0029021558872305256,-0.006472046268245647,-0.006608839322593975,-0.004058307106178377,-0.002212695339510492
2017-04-19,23.95,24.0,23.85,23.9,23.9,2886,-0.5904295244160633,-0.6103870913791374,-0.5761804740017362,-0.599300810868127,-0.599300810868127,-0.00458142440649727,-0.006856430500727162,-0.012260641961702722,-0.012090523922703334,-0.010515856586900775,-0.008367332826222307
2017-04-20,23.85,24.0,23.85,24.0,24.0,2886,-0.607008436858617,-0.6103870913791374,-0.5761804740017362,-0.5827904917811562,-0.5827904917811562,0.00041684035014581114,-0.0020790020790021086,-0.007854485324514169,-0.007238883143743566,-0.006704742984852354,-0.00421824216859138
2017-04-21,24.0,24.2,23.95,24.15,24.15,2886,-0.5821400681947861,-0.5774304591085035,-0.5595608602024693,-0.5580250131507005,-0.5580250131507005,0.005412156536219776,0.003323639385126643,-0.0005518002483103449,-0.0008274720728176717,-0.0009928021841648428,0.0016590626296142327
2017-04-24,24.2,24.2,23.9,24.05,24.05,2886,-0.5489822433096779,-0.5774304591085035,-0.567870667102103,-0.5745353322376708,-0.5745353322376708,0.0008322929671244101,0.00020794343938444602,-0.002902155887230379,-0.004758948893027041,-0.005294068988336362,-0.0029710495405238296
2017-04-25,24.1,24.35,24.05,24.35,24.35,2886,-0.5655611557522318,-0.5527129849055278,-0.5429412464032017,-0.5250043749767589,-0.5250043749767589,0.010792860107928815,0.011632737847943546,0.00995437577768569,0.007134732706028308,0.006780782270735197,0.008768901470689747
2017-04-26,24.25,24.55,24.25,24.55,24.55,2886,-0.5406927870884007,-0.519756352634894,-0.5097020188046674,-0.4919837368028178,-0.4919837368028178,0.01362510322047902,0.018038565208376475,0.01796821008984106,0.014358020865613061,0.014546656748491772,0.01593213325056892
2017-04-27,24.45,24.55,24.4,24.5,24.5,2886,-0.5075349622032926,-0.519756352634894,-0.48477259810576667,-0.5002388963463033,-0.5002388963463033,0.0074013157894736725,0.014282757193127668,0.014913007456503704,0.011456290638868815,0.012229383572963269,0.012884999655481325
2017-04-28,24.35,24.55,24.2,24.25,24.25,2886,-0.5241138746458464,-0.519756352634894,-0.518011825704301,-0.5415146940637298,-0.5415146940637298,-0.003697617091207737,0.0028949545078577454,0.0037251655629137537,0.0017556542393884899,0.0019005123120146641,0.00199710763721516
2017-05-02,24.25,24.5,24.25,24.45,24.45,2886,-0.5406927870884007,-0.5279955107025526,-0.5097020188046674,-0.5084940558897887,-0.5084940558897887,0.001228501228501275,0.009287925696594338,0.011584609019445493,0.010539367637941683,0.009663032705649232,0.00956575596999499
2017-05-03,24.5,24.6,24.4,24.55,24.55,2886,-0.4992455059820154,-0.5115171945672353,-0.48477259810576667,-0.4919837368028178,-0.4919837368028178,0.003679476696647582,0.011328527291452199,0.014462809917355431,0.014567620621965191,0.013039531237105146,0.013137079579063135
2017-05-04,24.6,24.65,24.5,24.65,24.65,2886,-0.482666593539461,-0.5032780364995774,-0.46815298430649915,-0.4754734177158476,-0.4754734177158476,0.006944444444444515,0.012320328542094338,0.017054050336954906,0.018279458845399114,0.01615961744579091,0.016704475149515265
2017-05-05,24.45,24.6,24.45,24.5,24.5,2886,-0.5075349622032926,-0.5115171945672353,-0.4764627912061329,-0.5002388963463033,-0.5002388963463033,0.0008169934640522702,0.004098360655737763,0.009754087099876418,0.011351909184726464,0.009310373238856352,0.010309278350515464
2017-05-08,24.6,24.65,24.35,24.5,24.5,2886,-0.482666593539461,-0.5032780364995774,-0.4930824050053998,-0.5002388963463033,-0.5002388963463033,-0.0012229922543824353,0.0026601186822180363,0.008368774866236788,0.010205133491392586,0.009393539881344675,0.00996221229817934
2017-05-09,24.5,24.5,24.3,24.5,24.5,2886,-0.4992455059820154,-0.5279955107025526,-0.5013922119050336,-0.5002388963463033,-0.5002388963463033,-0.001629991850040715,0.0008169934640522702,0.0069872585285656276,0.009788768675940267,0.009726343554236757,0.009476720230737553
2017-05-10,24.5,24.5,24.3,24.45,24.45,2886,-0.4992455059820154,-0.5279955107025526,-0.5013922119050336,-0.5084940558897887,-0.5084940558897887,-0.0028548123980425707,-0.0016333197223357572,0.003831941973450132,0.007001647446458061,0.007748742890116331,0.0069325279703478385
2017-05-11,24.4,24.6,24.4,24.6,24.6,2886,-0.5158244184245697,-0.5115171945672353,-0.48477259810576667,-0.48372857725933244,-0.48372857725933244,0.0036719706242351454,0.004286589099816452,0.008059008332195151,0.012137420283892274,0.013680567001813117,0.01234567901234556
2017-05-12,24.5,24.7,24.45,24.7,24.7,2886,-0.4992455059820154,-0.49503887843191874,-0.4764627912061329,-0.4672182581723622,-0.4672182581723622,0.006109979633401164,0.007546400163165503,0.010224948875255624,0.014998972673104518,0.016879374228077403,0.015624999999999958
2017-05-15,24.7,24.8,24.6,24.8,24.8,2886,-0.46608768109690724,-0.47856056229660154,-0.45153337050723164,-0.45070793908539136,-0.45070793908539136,0.0077204388459976145,0.009361009361009379,0.01252041371801858,0.017435897435897466,0.019569149810886328,0.019387545386038263
2017-05-16,24.8,24.95,24.7,24.95,24.95,2886,-0.44950876865435285,-0.45384308809362633,-0.43491375670796467,-0.42594246045493567,-0.42594246045493567,0.010121457489878543,0.013403736799350198,0.01615530817268523,0.021598935407923018,0.024640657084188822,0.02520202711957266
2017-05-17,24.85,24.95,24.6,24.75,24.75,2886,-0.44121931243307566,-0.45384308809362633,-0.45153337050723164,-0.45896309862887674,-0.45896309862887674,-0.00040387722132463697,0.004464285714285836,0.006916192026037498,0.011959521619135252,0.015342960288808466,0.0166358595194084
2017-05-18,24.6,24.75,24.5,24.6,24.6,2886,-0.482666593539461,-0.48679972036426017,-0.46815298430649915,-0.48372857725933244,-0.48372857725933244,-0.006462035541195482,-0.001420742845544962,0.0006779661016950212,0.004389098703684871,0.008362026561731456,0.01026694045174538
2017-05-19,24.6,24.65,24.45,24.5,24.5,2886,-0.482666593539461,-0.5032780364995774,-0.4764627912061329,-0.5002388963463033,-0.5002388963463033,-0.008899676375404486,-0.005480008118530609,-0.0033898305084745285,-0.0007137758743755214,0.00360478453219732,0.00567831976465753
2017-05-22,24.6,24.7,24.5,24.6,24.6,2886,-0.482666593539461,-0.49503887843191874,-0.46815298430649915,-0.48372857725933244,-0.48372857725933244,-0.0032414910858994447,-0.001825928180158316,-0.00027092928745601634,0.0024449877750612175,0.006711409395973215,0.008885850991114226
2017-05-23,24.65,24.8,24.65,24.7,24.7,2886,-0.4743771373181844,-0.47856056229660154,-0.44322356360759846,-0.4672182581723622,-0.4672182581723622,0.0028420625253754253,0.001419014798297188,0.003113577907134064,0.005188727235730908,0.009646827992151615,0.012433392539964528
2017-05-24,24.7,24.75,24.55,24.65,24.65,2886,-0.46608768109690724,-0.48679972036426017,-0.45984317740686537,-0.4754734177158476,-0.4754734177158476,0.001625355546525768,-0.0014178651002633236,0.0008120178643929994,0.0025419420437214034,0.006615485135576423,0.00962523039115281
2017-05-25,24.65,24.65,24.45,24.65,24.65,2886,-0.4743771373181844,-0.5032780364995774,-0.4764627912061329,-0.4754734177158476,-0.4754734177158476,0.0012185215272136937,-0.001620089104900879,0.0008120178643929994,0.002338111212768161,0.005383799657394627,0.008867667121418758
2017-05-26,24.6,24.6,24.4,24.5,24.5,2886,-0.482666593539461,-0.5115171945672353,-0.48477259810576667,-0.5002388963463033,-0.5002388963463033,-0.004874086108854487,-0.006890960680988981,-0.005278116118554568,-0.0037613093422790523,-0.0015486184693127682,0.0021816198527407106
2017-05-31,24.45,24.45,24.25,24.25,24.25,2886,-0.5075349622032926,-0.5362346687702112,-0.5097020188046674,-0.5415146940637298,-0.5415146940637298,-0.012219959266802473,-0.014828356693073409,-0.014761646803900323,-0.013927010267357837,-0.011897970825523513,-0.008382743815170653
2017-06-01,24.25,24.35,24.2,24.25,24.25,2886,-0.5406927870884007,-0.5527129849055278,-0.518011825704301,-0.5415146940637298,-0.5415146940637298,-0.008585445625511072,-0.012018741087797848,-0.014094050684374613,-0.013525882233296026,-0.012219959266802473,-0.00872053413271554
2017-06-02,24.3,24.4,24.25,24.4,24.4,2886,-0.5324033308671235,-0.5444738268378698,-0.5097020188046674,-0.5167492154332741,-0.5167492154332741,-0.00040966816878334957,-0.004487964096287207,-0.00786120899972914,-0.007121057985757913,-0.006190941674812684,-0.0030643513789582366
2017-06-03,24.4,24.55,24.35,24.5,24.5,2886,-0.5158244184245697,-0.519756352634894,-0.4930824050053998,-0.5002388963463033,-0.5002388963463033,0.004922067268252707,0.0,-0.003524945770065049,-0.002747532308944848,-0.002036659877800436,0.00020412329046740172
2017-06-05,24.45,24.6,24.45,24.6,24.6,2886,-0.5075349622032926,-0.5115171945672353,-0.4764627912061329,-0.48372857725933244,-0.48372857725933244,0.008196721311475526,0.0036719706242351454,0.0008136696501221777,0.0011191372469225114,0.0018734218457277581,0.00346726493983279
2017-06-06,24.6,24.7,24.55,24.7,24.7,2886,-0.482666593539461,-0.49503887843191874,-0.45984317740686537,-0.4672182581723622,-0.4672182581723622,0.008574928542262184,0.007340946166394769,0.00515463917525767,0.004779823044848822,0.00520918118183284,0.006793478260869468
2017-06-07,24.7,24.7,24.45,24.6,24.6,2886,-0.46608768109690724,-0.49503887843191874,-0.4764627912061329,-0.48372857725933244,-0.48372857725933244,0.0016286644951141165,0.003671970624235,0.002036659877800436,0.0005083884087443962,0.0008951094474732876,0.001968637567035594
2017-06-08,24.6,24.8,24.55,24.8,24.8,2886,-0.482666593539461,-0.47856056229660154,-0.45984317740686537,-0.45070793908539136,-0.45070793908539136,0.006493506493506499,0.011213047910295704,0.010046158023350509,0.007925218451534252,0.008622092077436137,0.009497964721845357
2017-06-09,24.7,24.85,24.45,24.65,24.65,2886,-0.46608768109690724,-0.470321404228943,-0.4764627912061329,-0.4754734177158476,-0.4754734177158476,-0.0008107012565870743,0.0050968399592252805,0.0038007329985068707,0.00172711571675304,0.002521555230193638,0.0032560032560031865
2017-06-12,24.7,24.7,24.5,24.6,24.6,2886,-0.46608768109690724,-0.49503887843191874,-0.46815298430649915,-0.48372857725933244,-0.48372857725933244,-0.0028374543980541848,0.0026492765437131152,0.001492739856154248,-0.00010161568946236058,0.0003253090435915205,0.0010851871947911264
2017-06-13,24.7,24.75,24.6,24.75,24.75,2886,-0.46608768109690724,-0.48679972036426017,-0.45153337050723164,-0.45896309862887674,-0.45896309862887674,0.0028363047001620863,0.0067114093959731195,0.007189365165491014,0.006097560975609698,0.006015771075522448,0.0065067100447336376
2017-06-14,24.7,24.75,24.55,24.55,24.55,2886,-0.46608768109690724,-0.48679972036426017,-0.45984317740686537,-0.4919837368028178,-0.4919837368028178,-0.0048642075395215825,-0.0026406662604103706,-0.0005428144931469073,-0.0012205044751831219,-0.0021947650788487626,-0.001761995120628739
2017-06-15,24.55,24.7,24.5,24.7,24.7,2886,-0.4909560497607382,-0.49503887843191874,-0.46815298430649915,-0.4672182581723622,-0.4672182581723622,0.00202839756592295,0.0022316899979711795,0.00542740841248302,0.00498423354694329,0.003493946534492505,0.004133071346297026
2017-06-16,24.7,24.8,24.6,24.6,24.6,2886,-0.46608768109690724,-0.47856056229660154,-0.45153337050723164,-0.48372857725933244,-0.48372857725933244,-0.0016233766233765888,-0.0022307848306629963,0.0014927398561541032,0.0009154714678059547,-0.0005687819939871352,0.0001355197181190075
2017-06-19,24.6,24.85,24.6,24.8,24.8,2886,-0.482666593539461,-0.470321404228943,-0.45153337050723164,-0.45070793908539136,-0.45070793908539136,0.004862236628849311,0.005065856129685917,0.008813559322033976,0.008437531767815374,0.007392964497522227,0.007856949336223175
2017-06-20,24.9,24.9,24.8,24.9,24.9,2886,-0.4329298562117991,-0.46208224616128496,-0.4182941429086972,-0.4341976199984211,-0.4341976199984211,0.007689194658033092,0.008301275561854558,0.011099079588521786,0.01188661993294729,0.011290715620177024,0.011372867587327277
2017-06-21,24.8,25.0,24.75,24.85,24.85,2886,-0.44950876865435285,-0.44560393002596776,-0.42660394980833094,-0.4424527795419059,-0.4424527795419059,0.0032297133629391136,0.005258899676375364,0.0074324324324324415,0.009547024172252814,0.009423998700138228,0.008863928547263023
2017-06-22,24.9,24.95,24.8,24.85,24.85,2886,-0.4329298562117991,-0.45384308809362633,-0.4182941429086972,-0.4424527795419059,-0.4424527795419059,0.002016129032258093,0.005055611729019211,0.006208665136995654,0.00913705583756351,0.009260011371943853,0.008318117265165422
2017-06-23,24.75,24.85,24.6,24.7,24.7,2886,-0.45779822487563004,-0.470321404228943,-0.45153337050723164,-0.4672182581723622,-0.4672182581723622,-0.004834810636583441,-0.0012131014961585579,-0.00040469445568587666,0.002943863567150462,0.003004954113538313,0.0020961525458111875
2017-06-26,24.65,25.1,24.6,25.1,25.1,2886,-0.4743771373181844,-0.42912561389065057,-0.45153337050723164,-0.4011769818244795,-0.4011769818244795,0.00884244372990349,0.012913640032284112,0.014414657146706138,0.017945858258136427,0.018255578093306406,0.01777387308238153
2017-06-27,25.1,25.3,24.95,25.2,25.2,2886,-0.3997720313266903,-0.39616898162001674,-0.3933647222097965,-0.3846666627375092,-0.3846666627375092,0.010425020048115541,0.015105740181268883,0.017085967980627025,0.02003642987249534,0.021317986544540805,0.02127659574468079
2017-06-28,25.0,25.1,24.85,24.9,24.9,2886,-0.4163509437692447,-0.42912561389065057,-0.4099843360090634,-0.4341976199984211,-0.4341976199984211,-0.0020040080160320926,0.0016090104585679463,0.004167226777792505,0.006568974229408706,0.008832347459687221,0.009186706295595636
2017-06-29,25.2,25.45,25.2,25.35,25.35,2886,-0.38319311888413654,-0.3714515074170415,-0.3518156877116283,-0.35990118410705296,-0.35990118410705296,0.011976047904191645,0.01705115346038117,0.020805369127516883,0.022796045995561884,0.025900445163901276,0.026592872570194367
2017-06-30,25.35,25.4,25.1,25.3,25.3,2886,-0.35832475022030497,-0.3796906654847001,-0.3684353015108952,-0.3681563436505384,-0.3681563436505384,0.005164878823996782,0.012202440488097608,0.017017285274018436,0.019133937562940642,0.022800776196636483,0.023600809170600232
2017-07-03,25.3,25.6,25.25,25.6,25.6,2886,-0.36661420644158216,-0.3467340332140657,-0.34350588081199457,-0.3186253863896265,-0.3186253863896265,0.013058963197467426,0.020937188434695997,0.026326339703327525,0.02914572864321599,0.03309120258272802,0.03420414758955027
2017-07-04,25.4,25.6,25.35,25.5,25.5,2886,-0.3500352939990284,-0.3467340332140657,-0.32688626701272705,-0.3351357054765973,-0.3351357054765973,0.006711409395973081,0.014521583449373465,0.02027207255268061,0.023479831426851328,0.02698348771647208,0.028917283120376527
2017-07-05,25.5,25.7,25.4,25.65,25.65,2886,-0.333456381556474,-0.3302557170787491,-0.3185764601130939,-0.3103702268461417,-0.3103702268461417,0.006671899529042314,0.017251635930993405,0.023271276595744635,0.02733553619705607,0.030699991963352862,0.03364900261938333
2017-07-06,25.5,25.65,25.35,25.6,25.6,2886,-0.333456381556474,-0.3384948751464077,-0.32688626701272705,-0.3186253863896265,-0.3186253863896265,0.0027418723070897094,0.012257809410834411,0.018837888033961237,0.023692892132360338,0.026710515761610668,0.030319291655487007
2017-07-07,25.35,25.55,25.25,25.35,25.35,2886,-0.35832475022030497,-0.35497319128172433,-0.34350588081199457,-0.35990118410705296,-0.35990118410705296,-0.007439310884886364,-0.00019719976336010463,0.006884681583476853,0.012279125486672695,0.015299583466837467,0.0193003618817853
2017-07-10,25.35,25.4,25.2,25.3,25.3,2886,-0.35832475022030497,-0.3796906654847001,-0.3518156877116283,-0.3681563436505384,-0.3681563436505384,-0.007064364207221339,-0.002955665024630514,0.003570011900039661,0.0088724952646795,0.012161945911345754,0.016200294550810124
2017-07-11,25.25,25.6,25.2,25.6,25.6,2886,-0.37490366266285935,-0.3467340332140657,-0.3518156877116283,-0.3186253863896265,-0.3186253863896265,0.003921568627451036,0.007279165846940873,0.01359377062161807,0.019108280254777087,0.022690955576861817,0.026394921483461477
2017-07-12,25.45,25.6,25.4,25.5,25.5,2886,-0.3417458377777512,-0.3467340332140657,-0.3185764601130939,-0.3351357054765973,-0.3351357054765973,0.0011778563015312578,0.0009813542688910139,0.00790513833992092,0.013211483063474702,0.017233125897558727,0.020680453635757132
2017-07-13,25.55,25.6,25.45,25.5,25.5,2886,-0.3251669253351968,-0.3467340332140657,-0.3102666532134601,-0.3351357054765973,-0.3351357054765973,0.0019646365422397137,0.0003923107100823072,0.0061817703538075515,0.011603689378161136,0.01609818297736691,0.019184652278177474
2017-07-14,25.4,25.5,25.35,25.45,25.45,2886,-0.3500352939990284,-0.3632123493493829,-0.32688626701272705,-0.3433908650200827,-0.3433908650200827,-0.0007852375343541254,-0.0021564399137425313,0.0022315568390653003,0.007920792079207893,0.012814390321553612,0.015900472357128607
2017-07-17,25.5,25.55,25.35,25.4,25.4,2886,-0.333456381556474,-0.35497319128172433,-0.32688626701272705,-0.35164602456356814,-0.35164602456356814,-0.0035307963907416006,-0.003335295271728501,-0.0005246589716684975,0.004746835443037873,0.009538950715421242,0.012826477038612298
2017-07-18,25.4,25.6,25.4,25.55,25.55,2886,-0.3500352939990284,-0.3467340332140657,-0.3185764601130939,-0.3268805459331119,-0.3268805459331119,0.0027472527472528984,0.002353864260494261,0.004455510418031711,0.009382716049382744,0.014210860590663867,0.01765799256505569
2017-07-19,25.55,25.6,25.5,25.6,25.6,2886,-0.3251669253351968,-0.3467340332140657,-0.30195684631382635,-0.3186253863896265,-0.3186253863896265,0.003921568627451036,0.004512458308809182,0.004578155657292367,0.009861932938856016,0.01450424031069191,0.018297533810660335
2017-07-20,25.65,25.75,25.55,25.7,25.7,2886,-0.30858801289264304,-0.3220165590110905,-0.2936470394141926,-0.30211506730265625,-0.30211506730265625,0.006264682850430703,0.008040792312218015,0.0075797177208572234,0.012109874963079548,0.0168552662815541,0.021056813667064012
2017-07-21,25.6,25.6,25.35,25.35,25.35,2886,-0.3168774691139196,-0.3467340332140657,-0.32688626701272705,-0.35990118410705296,-0.35990118410705296,-0.0066614420062696585,-0.005687389684251797,-0.006272050176401278,-0.002949852507374603,0.0018178944040467661,0.006218576342947996
2017-07-24,25.35,25.7,25.3,25.7,25.7,2886,-0.35832475022030497,-0.3302557170787491,-0.3351960739123608,-0.30211506730265625,-0.30211506730265625,0.004691164972634771,0.0064617192089288875,0.007184846505551936,0.00962482812806904,0.014206787687450649,0.018628616726119655
2017-07-25,25.6,25.75,25.55,25.65,25.65,2886,-0.3168774691139196,-0.3220165590110905,-0.2936470394141926,-0.3103702268461417,-0.3103702268461417,0.001953124999999889,0.004306969459671082,0.004831548707234325,0.006770680011775073,0.011036657469452014,0.015439429928741116
2017-07-26,25.6,25.65,25.5,25.5,25.5,2886,-0.3168774691139196,-0.3384948751464077,-0.30195684631382635,-0.3351357054765973,-0.3351357054765973,-0.003127443315089986,-0.0015661707126076408,-0.0006531678641410472,-0.00029403116730374534,0.004095133091825312,0.00823723228995053
2017-07-27,25.6,25.7,25.55,25.6,25.6,2886,-0.3168774691139196,-0.3302557170787491,-0.2936470394141926,-0.3186253863896265,-0.3186253863896265,0.0015649452269170243,0.001956947162426642,0.003265839320705514,0.0031347962382444468,0.0068433886572800695,0.010991904166392523
2017-07-28,25.55,25.65,25.5,25.6,25.6,2886,-0.3251669253351968,-0.3384948751464077,-0.30195684631382635,-0.3186253863896265,-0.3186253863896265,-0.0003904724716908068,0.0013690592607081438,0.0026109660574412438,0.002545525748972049,0.005419841332181356,0.009662788404653812
2017-07-31,25.55,25.55,25.45,25.55,25.55,2886,-0.3251669253351968,-0.35497319128172433,-0.3102666532134601,-0.3268805459331119,-0.3268805459331119,-0.001172791243158762,-0.001172791243158762,0.0,0.0006854009595614157,0.0027472527472526187,0.006698187549251447
2017-08-01,25.55,25.6,25.5,25.55,25.55,2886,-0.3251669253351968,-0.3467340332140657,-0.30195684631382635,-0.3268805459331119,-0.3268805459331119,-0.0003912363067293256,-0.001172791243158762,0.00013048016701463418,0.0005874290189935605,0.0021965952773201907,0.005839511843055062
2017-08-02,25.55,25.6,25.5,25.55,25.55,2886,-0.3251669253351968,-0.3467340332140657,-0.30195684631382635,-0.3268805459331119,-0.3268805459331119,-0.0007821666014860999,-0.000977517106549309,0.0,0.0007833920877398971,0.0011755485893417373,0.004916420845624385
2017-08-03,25.5,25.55,25.4,25.5,25.5,2886,-0.333456381556474,-0.35497319128172433,-0.3185764601130939,-0.3351357054765973,-0.3351357054765973,-0.001956947162426642,-0.0021522207004499986,-0.001956947162426642,-0.0009794319294808454,-0.001018569301888263,0.0020958868221116543
2017-08-04,25.5,25.8,25.45,25.8,25.8,2886,-0.333456381556474,-0.31377740094343193,-0.3102666532134601,-0.28560474821568543,-0.28560474821568543,0.008206330597889834,0.007812499999999972,0.008863399374348276,0.00988355024953509,0.009942848195412109,0.012426422498364934
2017-08-07,25.8,26.2,25.8,26.2,26.2,2886,-0.28371964422881146,-0.2478641364021643,-0.2520980049160244,-0.21956347186780328,-0.21956347186780328,0.018662519440124436,0.021442495126705683,0.022372528616024866,0.023737423073165894,0.02463824794681263,0.02664576802507836
2017-08-08,26.35,26.4,26.05,26.05,26.05,2886,-0.19253562579476358,-0.21490750413153048,-0.21054897041785622,-0.24432895049825892,-0.24432895049825892,0.008907823392718839,0.014013234721681705,0.015198752922837122,0.016982236970525172,0.017896217567989932,0.019635984082458167
2017-08-09,25.85,25.9,25.65,25.7,25.7,2886,-0.27543018800753427,-0.2972990848081153,-0.27702742561492566,-0.30211506730265625,-0.30211506730265625,-0.005802707930367587,-0.0003889537145080343,0.0012987012987012248,0.002926829268292655,0.004141595686488946,0.004887585532746823
2017-08-10,23.9,24.1,23.8,23.9,23.9,2886,-0.5987189806373405,-0.5939087752438202,-0.58449028090137,-0.599300810868127,-0.599300810868127,-0.06384645515080295,-0.06421299921691467,-0.06445720250521927,-0.06439616363280484,-0.06369975711039742,-0.06372420997649511
2017-08-11,23.8,23.95,23.75,23.9,23.9,2886,-0.6152978930798942,-0.618626249446796,-0.5928000878010037,-0.599300810868127,-0.599300810868127,-0.04970178926441352,-0.057942451714623665,-0.06090373280943028,-0.06154903308137819,-0.06156745720119384,-0.06200941915227637
2017-08-14,24.0,24.05,23.8,23.8,23.8,2886,-0.5821400681947861,-0.6021479333114788,-0.58449028090137,-0.6158111299550972,-0.6158111299550972,-0.035265504661532124,-0.05536812859694382,-0.06015532447018547,-0.06253077301821758,-0.06328715365239297,-0.0637293469708891
2017-08-15,24.0,24.0,23.75,23.85,23.85,2886,-0.5821400681947861,-0.6103870913791374,-0.5928000878010037,-0.6075559704116119,-0.6075559704116119,-0.01568303755674779,-0.04695304695304684,-0.05369660097870646,-0.057405394723841534,-0.0587260241534454,-0.05972797161442922
2017-08-16,23.75,23.9,23.75,23.9,23.9,2886,-0.6235873493011714,-0.6268654075144546,-0.5928000878010037,-0.599300810868127,-0.599300810868127,0.0012568077084206594,-0.03861625100563171,-0.047682295125514765,-0.05224546445920488,-0.054364168710928314,-0.05558482613277146
2017-08-17,24.0,24.15,23.8,24.05,24.05,2886,-0.5821400681947861,-0.5856696171761622,-0.58449028090137,-0.5745353322376708,-0.5745353322376708,0.006276150627615152,-0.02690673679951443,-0.037743398239530476,-0.04316689874676735,-0.04624048223350268,-0.0477133240942387
2017-08-18,24.0,24.05,23.8,23.95,23.95,2886,-0.5821400681947861,-0.6021479333114788,-0.58449028090137,-0.5910456513246416,-0.5910456513246416,0.0016729401923880865,-0.023644516918059594,-0.037508372404554596,-0.044484340714143304,-0.04794084910160596,-0.04991735537190081
2017-08-21,23.95,24.0,23.85,23.95,23.95,2886,-0.5904295244160633,-0.6103870913791374,-0.5761804740017362,-0.5910456513246416,-0.5910456513246416,0.0004177109440266504,-0.014606048138243177,-0.03336472487555487,-0.04113702332098888,-0.04574069646983836,-0.048218307060537875
2017-08-22,23.95,24.4,23.9,24.1,24.1,2886,-0.5904295244160633,-0.5444738268378698,-0.567870667102103,-0.5662801726941854,-0.5662801726941854,0.00458524385160496,-0.00041476565740348445,-0.023500810372771404,-0.032128514056224786,-0.037539936102236604,-0.040350411468011625
2017-08-23,24.2,24.2,23.95,24.0,24.0,2886,-0.5489822433096779,-0.5774304591085035,-0.5595608602024693,-0.5827904917811562,-0.5827904917811562,-0.00041649312786330744,0.0025062656641603475,-0.023463990234639815,-0.033232628398791514,-0.03907751441383739,-0.04242585450192842
2017-08-24,24.2,24.2,24.05,24.05,24.05,2886,-0.5489822433096779,-0.5774304591085035,-0.5429412464032017,-0.5745353322376708,-0.5745353322376708,0.0016659725114535253,0.003965769150490455,-0.017565359477124173,-0.028184665117688575,-0.034524287434765134,-0.03857685388766725
2017-08-25,24.05,24.15,23.95,23.95,23.95,2886,-0.573850611973509,-0.5856696171761622,-0.5595608602024693,-0.5910456513246416,-0.5910456513246416,-0.0024989587671802884,-0.0004173622704508165,-0.016696318598604064,-0.02898844516521386,-0.036372414903033716,-0.04065691968756261
2017-08-28,24.0,24.35,24.0,24.1,24.1,2886,-0.5821400681947861,-0.5527129849055278,-0.5512510533028355,-0.5662801726941854,-0.5662801726941854,0.0024958402662230562,0.004585243851604811,-0.004817618719889756,-0.020026430822405194,-0.027833803953206847,-0.032969972580752974
2017-08-29,24.15,24.15,23.95,24.0,24.0,2886,-0.5572716995309551,-0.5856696171761622,-0.5595608602024693,-0.5827904917811562,-0.5827904917811562,-0.0008326394671108711,-0.00020828993959587608,-0.003322259136212701,-0.02100754640016319,-0.02928328749393289,-0.03498190591073586
2017-08-30,24.05,24.2,23.95,24.1,24.1,2886,-0.573850611973509,-0.5774304591085035,-0.5595608602024693,-0.5662801726941854,-0.5662801726941854,0.0024958402662230562,0.0031217481789803476,0.0052836484983315645,-0.014012478265316462,-0.023025782390140845,-0.029008863819500356
2017-08-31,24.2,24.25,24.05,24.25,24.25,2886,-0.5489822433096779,-0.569191301040845,-0.5429412464032017,-0.5415146940637298,-0.5415146940637298,0.00705980066445175,0.008525681014763913,0.010557021808584548,-0.005332239540607015,-0.014788331843666238,-0.021059005584337008
2017-09-01,24.25,24.25,23.95,24.05,24.05,2886,-0.5406927870884007,-0.569191301040845,-0.5595608602024693,-0.5745353322376708,-0.5745353322376708,-0.0020746887966805274,-0.0002078569943878198,0.001805054151624535,-0.009982504888339867,-0.020446399478657642,-0.027431421446384087
2017-09-04,24.0,24.05,23.9,23.9,23.9,2886,-0.5821400681947861,-0.6021479333114788,-0.567870667102103,-0.599300810868127,-0.599300810868127,-0.0066500415627597734,-0.006237006237006326,-0.00471960022209898,-0.01147761348361079,-0.023932042799967412,-0.031146544152422177
2017-09-05,24.05,24.05,23.85,23.95,23.95,2886,-0.573850611973509,-0.6021479333114788,-0.5761804740017362,-0.5910456513246416,-0.5910456513246416,-0.004158004158004217,-0.003536509257333091,-0.0029142381348876054,-0.005088794267317572,-0.019326836458930383,-0.026884268978126992
2017-09-06,23.95,24.0,23.8,23.8,23.8,2886,-0.5904295244160633,-0.6103870913791374,-0.58449028090137,-0.6158111299550972,-0.6158111299550972,-0.007919966652772042,-0.008952737872163226,-0.00888395335924492,-0.007402773433427106,-0.022667542706964645,-0.030747301975157768
2017-09-07,23.85,23.95,23.75,23.8,23.8,2886,-0.607008436858617,-0.618626249446796,-0.5928000878010037,-0.6158111299550972,-0.6158111299550972,-0.004184100418409953,-0.007919966652772042,-0.008195582719822146,-0.0071957451246219386,-0.01993081864602214,-0.028373137374974496
2017-09-08,23.95,23.95,23.75,23.95,23.95,2886,-0.5904295244160633,-0.618626249446796,-0.5928000878010037,-0.5910456513246416,-0.5910456513246416,0.002931323283082089,-0.0016673614005836888,-0.001944714543686779,-0.0010427528675704748,-0.010739363899215265,-0.020049099836333815
2017-09-11,24.0,24.0,23.8,23.85,23.85,2886,-0.5821400681947861,-0.6103870913791374,-0.58449028090137,-0.6075559704116119,-0.6075559704116119,-0.0008378718056135745,-0.004798664719382367,-0.005835764902042541,-0.005317485142320832,-0.01103002156244824,-0.021872863978127058
2017-09-12,23.95,23.95,23.75,23.85,23.85,2886,-0.5904295244160633,-0.618626249446796,-0.5928000878010037,-0.6075559704116119,-0.6075559704116119,0.0,-0.004175365344467552,-0.005144605116796503,-0.005317485142320832,-0.007408023972032516,-0.019594409427240334
2017-09-13,23.8,23.9,23.75,23.8,23.8,2886,-0.6152978930798942,-0.6268654075144546,-0.5928000878010037,-0.6158111299550972,-0.6158111299550972,-0.0020964360587002392,-0.005016722408026649,-0.0066777963272120254,-0.007195745124622086,-0.006346025384101579,-0.0192981251287685
2017-09-14,23.8,23.9,23.75,23.8,23.8,2886,-0.6152978930798942,-0.6268654075144546,-0.5928000878010037,-0.6158111299550972,-0.6158111299550972,-0.0020964360587002392,-0.003141361256544473,-0.0059863566754836785,-0.0066777963272120254,-0.00618005678971088,-0.01700282233083219
2017-09-15,23.85,23.85,23.7,23.8,23.8,2886,-0.607008436858617,-0.6351045655821126,-0.6011098947006375,-0.6158111299550972,-0.6158111299550972,-0.000839630562552459,-0.0020964360587002392,-0.005571030640668504,-0.006366767560797406,-0.006014032743067235,-0.014288672603023354
2017-09-18,23.85,23.85,23.65,23.7,23.7,2886,-0.607008436858617,-0.6351045655821126,-0.6094197016002713,-0.6323214490420681,-0.6323214490420681,-0.003783102143757876,-0.005455308434746225,-0.008644729503625076,-0.010025062656641687,-0.010025062656641687,-0.015030823578305803
2017-09-19,23.7,23.8,23.7,23.75,23.75,2886,-0.6318768055224486,-0.6433437236497712,-0.6011098947006375,-0.6240662894985827,-0.6240662894985827,-0.0008413967185527797,-0.002519949601008075,-0.0058601925491836345,-0.0072107848260006034,-0.007770721925133687,-0.009797790285595288
2017-09-20,23.7,23.85,23.7,23.85,23.85,2886,-0.6318768055224486,-0.6351045655821126,-0.6011098947006375,-0.6075559704116119,-0.6075559704116119,0.002943650126156446,0.0014696619777451246,-0.0009773806199385685,-0.002717959439682113,-0.003509651541739769,-0.003065347638289012
2017-09-21,23.8,23.9,23.7,23.75,23.75,2886,-0.6152978930798942,-0.6268654075144546,-0.6011098947006375,-0.6240662894985827,-0.6240662894985827,-0.0008413967185527797,-0.002519949601007926,-0.0037751677852348934,-0.006276150627615004,-0.007190034278070273,-0.007037837084523713
2017-09-22,23.75,23.8,23.6,23.65,23.65,2886,-0.6235873493011714,-0.6433437236497712,-0.6177295084999044,-0.6405766085855535,-0.6405766085855535,-0.003791069924178596,-0.005466778805719199,-0.006858902575587934,-0.009838810969227526,-0.01087411125052286,-0.010874111250523006
2017-09-25,23.65,23.7,23.55,23.6,23.6,2886,-0.6401662617437258,-0.6598220397850884,-0.6260393153995382,-0.6488317681290383,-0.6488317681290383,-0.005059021922428372,-0.006524942117449005,-0.008125525357242851,-0.010896898575020873,-0.012387010378305967,-0.012690001394505405
2017-09-26,23.6,23.9,23.6,23.85,23.85,2886,-0.6484557179650025,-0.6268654075144546,-0.6177295084999044,-0.6075559704116119,-0.6075559704116119,0.004633529907329528,0.003999158071984948,0.002662556053811627,-0.00010481081647616503,-0.001507159005274965,-0.0022312090363965005
2017-09-27,23.75,23.9,23.7,23.75,23.75,2886,-0.6235873493011714,-0.6268654075144546,-0.6011098947006375,-0.6240662894985827,-0.6240662894985827,0.0012647554806071307,0.0,-0.0014015416958655215,-0.003566184182924307,-0.005277265873680587,-0.006206848455261729
2017-09-28,23.8,23.85,23.65,23.75,23.75,2886,-0.6152978930798942,-0.6351045655821126,-0.6094197016002713,-0.6240662894985827,-0.6240662894985827,0.0012647554806071307,0.00021057064645199234,-0.0012615643397815258,-0.002519949601008075,-0.004777070063694299,-0.0057908323449381936
2017-09-29,23.8,23.8,23.65,23.7,23.7,2886,-0.6152978930798942,-0.6433437236497712,-0.6094197016002713,-0.6323214490420681,-0.6323214490420681,-0.0012642225031604547,-0.0014746155466612047,-0.002665170430635401,-0.003887779762530257,-0.006455940303512886,-0.007537688442211044
2017-09-30,23.8,23.85,23.75,23.75,23.75,2886,-0.6152978930798942,-0.6351045655821126,-0.5928000878010037,-0.6240662894985827,-0.6240662894985827,-0.00042087542087533716,0.00042122999157531634,-0.00028062298302235336,-0.00147151566113112,-0.0037751677852348934,-0.005166154705389619
2017-10-02,23.75,23.9,23.75,23.9,23.9,2886,-0.6235873493011714,-0.6268654075144546,-0.5928000878010037,-0.599300810868127,-0.599300810868127,0.005469078670593143,0.006103978109871588,0.005892255892255917,0.0049406075896142,0.0026850142641381314,0.0013966480446926581
2017-10-03,23.9,23.9,23.75,23.85,23.85,2886,-0.5987189806373405,-0.6268654075144546,-0.5928000878010037,-0.6075559704116119,-0.6075559704116119,0.0025220680958386835,0.003999158071984797,0.003647075326132819,0.0027328147992431245,0.0010073029463611562,-0.0004889292449535537
2017-10-05,23.8,23.9,23.8,23.85,23.85,2886,-0.6152978930798942,-0.6268654075144546,-0.58449028090137,-0.6075559704116119,-0.6075559704116119,0.0016799664006721,0.0035766884073217273,0.0035063113604489075,0.002627430373095113,0.0016799664006721,-0.00020959966464064377
2017-10-06,23.85,24.0,23.85,24.0,24.0,2886,-0.607008436858617,-0.6103870913791374,-0.5761804740017362,-0.5827904917811562,-0.5827904917811562,0.0054461667364892755,0.008403361344537785,0.00925147182506318,0.008827238335435092,0.008064516129032416,0.006008103954170638
2017-10-11,24.0,24.1,23.9,24.1,24.1,2886,-0.5821400681947861,-0.5939087752438202,-0.567870667102103,-0.5662801726941854,-0.5662801726941854,0.006683375104427742,0.010482180293501047,0.012321478577429277,0.01249868711269822,0.011924756466241287,0.010199804387313076
2017-10-12,24.05,24.05,23.85,23.9,23.9,2886,-0.573850611973509,-0.6021479333114788,-0.5761804740017362,-0.599300810868127,-0.599300810868127,-0.0016708437761070467,0.0018863969817647518,0.0034989503149054787,0.003990758244066325,0.0036113210716384697,0.001956400223588456
2017-10-13,23.9,24.0,23.85,23.95,23.95,2886,-0.5987189806373405,-0.6103870913791374,-0.5761804740017362,-0.5910456513246416,-0.5910456513246416,-0.0004173622704508165,0.003141361256544473,0.005316916188610542,0.0057742782152230675,0.005457598656591058,0.0042630512265008
2017-10-16,23.95,24.0,23.8,24.0,24.0,2886,-0.5904295244160633,-0.6103870913791374,-0.58449028090137,-0.5827904917811562,-0.5827904917811562,0.0004168403501459593,0.004184100418410101,0.00671140939597316,0.0074509392381151614,0.007218398522746224,0.00671140939597331
2017-10-17,24.0,24.15,23.9,24.15,24.15,2886,-0.5821400681947861,-0.5856696171761622,-0.567870667102103,-0.5580250131507005,-0.5580250131507005,0.005412156536219776,0.008561286281060693,0.011588941636414286,0.013003355704697933,0.013173351233428431,0.01286173633440522
2017-10-18,24.15,24.2,23.95,24.1,24.1,2886,-0.5572716995309551,-0.5774304591085035,-0.5595608602024693,-0.5662801726941854,-0.5662801726941854,0.003330557868443041,0.005004170141785011,0.008087005019520283,0.010058675607711584,0.010651681623752468,0.010482180293501047
2017-10-19,24.1,24.1,23.9,23.9,23.9,2886,-0.5655611557522318,-0.5939087752438202,-0.567870667102103,-0.599300810868127,-0.599300810868127,-0.004995836802664488,-0.003336113427856624,-0.0004182350480970959,0.0013616842987325384,0.002180476350217882,0.0021664686560903894
2017-10-20,23.9,23.95,23.8,23.9,23.9,2886,-0.5987189806373405,-0.618626249446796,-0.58449028090137,-0.599300810868127,-0.599300810868127,-0.004581424406497417,-0.003543881592662116,-0.0008361204013377748,0.0012568077084206594,0.0020124098608083943,0.0020264132485498616
2017-10-23,24.0,24.05,23.95,24.0,24.0,2886,-0.5821400681947861,-0.6021479333114788,-0.5595608602024693,-0.5827904917811562,-0.5827904917811562,-0.0004164931278634553,0.0,0.0026458710486005907,0.00491992044383962,0.005867560771165154,0.005937827453719834
2017-10-24,24.0,24.1,23.95,24.0,24.0,2886,-0.5821400681947861,-0.5939087752438202,-0.5595608602024693,-0.5827904917811562,-0.5827904917811562,0.000834028356964119,0.0,0.001808821483233751,0.004184100418410101,0.0055304172951232385,0.005867560771165004
2017-10-25,24.0,24.05,24.0,24.05,24.05,2886,-0.5821400681947861,-0.6021479333114788,-0.5512510533028355,-0.5745353322376708,-0.5745353322376708,0.0033375052148518266,0.002292144196707784,0.0030585291255387516,0.005329710523565735,0.007034586718030284,0.007681564245810066
2017-10-26,24.05,24.05,23.75,23.85,23.85,2886,-0.573850611973509,-0.6021479333114788,-0.5928000878010037,-0.6075559704116119,-0.6075559704116119,-0.00459098497495824,-0.005835764902042541,-0.005144605116796503,-0.0030306197094784413,-0.001507159005274965,-0.0006983240223463291
2017-10-27,23.85,23.9,23.75,23.85,23.85,2886,-0.607008436858617,-0.6268654075144546,-0.5928000878010037,-0.6075559704116119,-0.6075559704116119,-0.0041753653444676995,-0.005421184320266848,-0.005144605116796356,-0.0032389509978057473,-0.001507159005274965,-0.0007681027861183334
2017-10-30,23.85,23.85,23.75,23.75,23.75,2886,-0.607008436858617,-0.6351045655821126,-0.5928000878010037,-0.6240662894985827,-0.6240662894985827,-0.006276150627615004,-0.00855771237737432,-0.009040333796940126,-0.0074182426078779,-0.005693711797705737,-0.004888268156424601
2017-10-31,23.75,23.8,23.65,23.7,23.7,2886,-0.6235873493011714,-0.6433437236497712,-0.6094197016002713,-0.6323214490420681,-0.6323214490420681,-0.005872483221476385,-0.008782936010037677,-0.010300668151447787,-0.009507888412914124,-0.007870060281312893,-0.006844531359128398
2017-11-01,23.85,23.85,23.6,23.65,23.65,2886,-0.607008436858617,-0.6351045655821126,-0.6177295084999044,-0.6405766085855535,-0.6405766085855535,-0.004629629629629606,-0.009009009009009151,-0.011149825783972233,-0.011390949942522766,-0.010046044370029384,-0.008870573444157268
2017-11-02,23.6,23.7,23.5,23.55,23.55,2886,-0.6484557179650025,-0.6598220397850884,-0.634349122299172,-0.6570869276725237,-0.6570869276725237,-0.006329113924050573,-0.011749895090222456,-0.014369419642857158,-0.014850449696716185,-0.013736493843705332,-0.012785579543072719
2017-11-03,23.6,23.65,23.5,23.6,23.6,2886,-0.6484557179650025,-0.668061197852747,-0.634349122299172,-0.6488317681290383,-0.6488317681290383,-0.0021141649048624592,-0.008403361344537785,-0.01131126937578534,-0.012242335460918569,-0.01139410187667554,-0.010343863572826368
2017-11-06,23.6,23.7,23.6,23.65,23.65,2886,-0.6484557179650025,-0.6598220397850884,-0.6177295084999044,-0.6405766085855535,-0.6405766085855535,0.0008463817181548699,-0.004839049021670608,-0.008247134470226543,-0.009735161729299767,-0.009133567957097369,-0.008108485949951293
2017-11-07,23.7,23.8,23.55,23.65,23.65,2886,-0.6318768055224486,-0.6433437236497712,-0.6260393153995382,-0.6405766085855535,-0.6405766085855535,0.0012701100762066528,-0.0033712600084280786,-0.006858902575587934,-0.009009009009009151,-0.009050532137769404,-0.008108485949950997
2017-11-08,23.65,23.7,23.6,23.6,23.6,2886,-0.6401662617437258,-0.6598220397850884,-0.6177295084999044,-0.6488317681290383,-0.6488317681290383,-0.0004235493434984333,-0.003588769263246816,-0.0075693860386878125,-0.010067114093959667,-0.010896898575020873,-0.010205508178386795
2017-11-09,23.65,23.75,23.6,23.7,23.7,2886,-0.6401662617437258,-0.6515828817174298,-0.6177295084999044,-0.6323214490420681,-0.6323214490420681,0.0025380710659897937,0.001267427122940479,-0.0028050490883590362,-0.005455308434746225,-0.006372631225892902,-0.005802978396140757
2017-11-10,23.7,23.7,23.6,23.6,23.6,2886,-0.6318768055224486,-0.6598220397850884,-0.6177295084999044,-0.6488317681290383,-0.6488317681290383,-0.001692047377326379,-0.0019031507718332906,-0.006176305446378506,-0.008923884514435636,-0.010150155188323164,-0.009790209790209682
2017-11-13,23.6,23.7,23.6,23.6,23.6,2886,-0.6484557179650025,-0.6598220397850884,-0.6177295084999044,-0.6488317681290383,-0.6488317681290383,-0.0012695725772323798,-0.0012695725772323798,-0.005059021922428372,-0.008090784911211325,-0.009734810339040065,-0.00958242988039442
2017-11-14,23.6,23.7,23.6,23.65,23.65,2886,-0.6484557179650025,-0.6598220397850884,-0.6177295084999044,-0.6405766085855535,-0.6405766085855535,0.0008463817181547194,0.001058201058200998,-0.001969334646223255,-0.004943725675817956,-0.007053488957931094,-0.007414661443760459
2017-11-15,23.65,23.7,23.6,23.6,23.6,2886,-0.6401662617437258,-0.6598220397850884,-0.6177295084999044,-0.6488317681290383,-0.6488317681290383,-0.0012695725772323798,-0.0008467400508042346,-0.002816901408450694,-0.006001895335368992,-0.008320026893016235,-0.009305254320296538
2017-11-16,23.55,23.6,23.5,23.5,23.5,2886,-0.6567451741862796,-0.676300355920405,-0.634349122299172,-0.6653420872160092,-0.6653420872160092,-0.0038151759220008416,-0.004869786152868873,-0.0060623149584095965,-0.009379281273053014,-0.011857707509881571,-0.012950647532376628
2017-11-17,23.55,23.65,23.55,23.55,23.55,2886,-0.6567451741862796,-0.668061197852747,-0.6260393153995382,-0.6570869276725237,-0.6570869276725237,-0.0012722646310431547,-0.0025412960609910514,-0.0031042754338930774,-0.006538704914575031,-0.009088613986366975,-0.010434904405070446
2017-11-20,23.55,23.65,23.5,23.55,23.55,2886,-0.6567451741862796,-0.668061197852747,-0.634349122299172,-0.6570869276725237,-0.6570869276725237,-0.000848536274925735,-0.00211864406779664,-0.0025412960609912014,-0.005594848516837339,-0.008337544214249488,-0.010018916835984024
2017-11-21,23.55,23.9,23.5,23.85,23.85,2886,-0.6567451741862796,-0.6268654075144546,-0.634349122299172,-0.6075559704116119,-0.6075559704116119,0.010165184243964506,0.009737510584250653,0.009737510584250805,0.007391763463569195,0.004802831142568283,0.002803083391730894
2017-11-22,23.9,24.1,23.9,24.05,24.05,2886,-0.5987189806373405,-0.5939087752438202,-0.567870667102103,-0.5745353322376708,-0.5745353322376708,0.014767932489451538,0.016268751320515595,0.017056667606428082,0.01583949313621964,0.013314232746271127,0.011283201345574518
2017-11-23,24.05,24.05,23.85,24.0,24.0,2886,-0.573850611973509,-0.6021479333114788,-0.5761804740017362,-0.5827904917811562,-0.5827904917811562,0.008403361344537785,0.012871913905887307,0.013656201604955688,0.013406523804497101,0.011037155615468737,0.009039310489804492
2017-11-24,23.8,23.85,23.7,23.7,23.7,2886,-0.6152978930798942,-0.6351045655821126,-0.6011098947006375,-0.6323214490420681,-0.6323214490420681,-0.005455308434746225,-0.0002109259649863977,0.0007037297677691366,0.0010559662090812493,-0.001264222503160604,-0.0032244497406421417
2017-11-27,23.7,23.75,23.6,23.6,23.6,2886,-0.6318768055224486,-0.6515828817174298,-0.6177295084999044,-0.6488317681290383,-0.6488317681290383,-0.01006711409395952,-0.004429445264711954,-0.0033783783783783066,-0.002852012253089638,-0.004807286834781174,-0.00687333426848088
2017-11-28,23.55,23.65,23.5,23.6,23.6,2886,-0.6567451741862796,-0.668061197852747,-0.634349122299172,-0.6488317681290383,-0.6488317681290383,-0.007986548970155433,-0.004219409282700332,-0.003238068421793664,-0.0026413100898045427,-0.004135370073423875,-0.006106548747104487
2017-11-29,23.6,23.7,23.5,23.55,23.55,2886,-0.6484557179650025,-0.6598220397850884,-0.634349122299172,-0.6570869276725237,-0.6570869276725237,-0.005909666525960345,-0.006119434479848051,-0.005209800056322226,-0.004544013526365917,-0.005405861981586138,-0.00744591177297005
2017-11-30,23.65,23.65,23.5,23.65,23.65,2886,-0.6401662617437258,-0.668061197852747,-0.634349122299172,-0.6405766085855535,-0.6405766085855535,0.0012701100762065023,-0.0025305778152679152,-0.0008449514152937527,-0.0005282620179610287,-0.0008449514152937527,-0.0028810343616051722
2017-12-01,23.65,23.7,23.5,23.7,23.7,2886,-0.6401662617437258,-0.6598220397850884,-0.634349122299172,-0.6323214490420681,-0.6323214490420681,0.0033869602032176906,-0.0010537407797682667,0.000985499084893711,0.001373191084820909,0.001521298174442098,-0.0004920222112883973
2017-12-04,23.7,23.85,23.6,23.8,23.8,2886,-0.6318768055224486,-0.6351045655821126,-0.6177295084999044,-0.6158111299550972,-0.6158111299550972,0.005917159763313483,0.0021052631578947667,0.004643309413254514,0.005279831045406547,0.005662131327643046,0.004007593334739609
2017-12-05,23.8,23.9,23.65,23.7,23.7,2886,-0.6152978930798942,-0.6268654075144546,-0.6094197016002713,-0.6323214490420681,-0.6323214490420681,0.0008445945945945766,-0.001474615546661055,0.00028137310073161404,0.0009502692429520556,0.001436660187610873,0.00021101498206368453
2017-12-06,23.7,23.75,23.55,23.65,23.65,2886,-0.6318768055224486,-0.6515828817174298,-0.6260393153995382,-0.6405766085855535,-0.6405766085855535,-0.002109704641350241,-0.0018991348385736107,-0.001969334646223255,-0.0012668918918919399,-0.0006760753824052138,-0.0013371806601451125
2017-12-07,23.7,23.7,23.4,23.4,23.4,2886,-0.6318768055224486,-0.6598220397850884,-0.6509687360984394,-0.68185240630298,-0.68185240630298,-0.010570824524312896,-0.009942881320076135,-0.01224145208948935,-0.011197971688147077,-0.010989010989011056,-0.011267605633802927
2017-12-08,23.4,23.55,23.35,23.35,23.35,2886,-0.6816135428501112,-0.6845395139880636,-0.6592785429980725,-0.6901075658464648,-0.6901075658464648,-0.009754028837998321,-0.01059322033898305,-0.013796987188511804,-0.012789345735122923,-0.012684989429175356,-0.012684989429175356
2017-12-11,23.4,23.65,23.4,23.5,23.5,2886,-0.6816135428501112,-0.668061197852747,-0.6509687360984394,-0.6653420872160092,-0.6653420872160092,-0.0008503401360544036,-0.0038151759220008416,-0.007321881160236647,-0.006237445818796949,-0.006090340043985869,-0.005992245329573453
2017-12-12,23.5,23.6,23.4,23.45,23.45,2886,-0.6650346304075568,-0.676300355920405,-0.6509687360984394,-0.6735972467594946,-0.6735972467594946,-0.000852151682999707,-0.005302226935312832,-0.008316887510572264,-0.007932310946589107,-0.007869351836182092,-0.007757404795486611
2017-12-13,23.5,23.7,23.5,23.7,23.7,2886,-0.6650346304075568,-0.6598220397850884,-0.634349122299172,-0.6323214490420681,-0.6323214490420681,0.009369676320272524,0.004662992793556568,0.0032453788627062694,0.002432060907264352,0.0025380710659897937,0.002750158662999843
2017-12-14,23.7,23.8,23.6,23.6,23.6,2886,-0.6318768055224486,-0.6433437236497712,-0.6177295084999044,-0.6488317681290383,-0.6488317681290383,0.003401360544217766,0.0006359974560102,0.00014126289023860578,-0.002008668992493897,-0.0015231003553899903,-0.0015512621633055406
2017-12-15,23.55,23.7,23.5,23.7,23.7,2886,-0.6567451741862796,-0.6598220397850884,-0.634349122299172,-0.6323214490420681,-0.6323214490420681,0.004662992793556568,0.004875980496077949,0.004379149597400695,0.0019023462270132381,0.0025380710659897937,0.0025380710659899442
2017-12-18,23.7,23.75,23.55,23.75,23.75,2886,-0.6318768055224486,-0.6515828817174298,-0.6260393153995382,-0.6240662894985827,-0.6240662894985827,0.00465313028764803,0.007209499575911863,0.006071731149392722,0.0035918022395943737,0.004398206884885359,0.004511490201607323
2017-12-19,23.7,23.75,23.55,23.65,23.65,2886,-0.6318768055224486,-0.6515828817174298,-0.6260393153995382,-0.6405766085855535,-0.6405766085855535,-0.0012668918918919399,0.003181336161187669,0.0016941973739940342,-0.00021137180300158772,0.00016916180326472904,0.00028196813760034497
2017-12-20,23.7,23.75,23.55,23.65,23.65,2886,-0.6318768055224486,-0.6515828817174298,-0.6260393153995382,-0.6405766085855535,-0.6405766085855535,-0.0008449514152936027,0.003181336161187669,0.0014114326040932249,0.0006346519991538214,8.45737483086284e-05,0.0002114611968703322
2017-12-21,23.6,23.7,23.6,23.6,23.6,2886,-0.6484557179650025,-0.6598220397850884,-0.6177295084999044,-0.6488317681290383,-0.6488317681290383,-0.002957329953527534,0.00021190930281850216,-0.0005646527385657199,-0.0006351894982003204,-0.0021985455775408447,-0.0017624250969334302
2017-12-22,23.6,23.8,23.6,23.8,23.8,2886,-0.6484557179650025,-0.6433437236497712,-0.6177295084999044,-0.6158111299550972,-0.6158111299550972,0.004643309413254664,0.006768189509306266,0.007620660457239615,0.007620660457239615,0.005832135914123983,0.006413418845584634
2017-12-25,23.8,23.85,23.7,23.8,23.8,2886,-0.6152978930798942,-0.6351045655821126,-0.6011098947006375,-0.6158111299550972,-0.6158111299550972,0.004219409282700482,0.005492184199408642,0.007620660457239615,0.007194244604316468,0.005407232173031283,0.0061297822870430415
2017-12-26,23.8,23.85,23.7,23.75,23.75,2886,-0.6152978930798942,-0.6351045655821126,-0.6011098947006375,-0.6240662894985827,-0.6240662894985827,0.0012647554806069806,0.002109704641350241,0.005361930294906102,0.004759386567953494,0.0034645935440255696,0.003874603733708982
2017-12-27,23.7,23.85,23.7,23.85,23.85,2886,-0.6318768055224486,-0.6351045655821126,-0.6011098947006375,-0.6075559704116119,-0.6075559704116119,0.0037878787878789315,0.0056925996204934244,0.009025525313778086,0.008350068703097142,0.008030431107354238,0.007746478873239446
2017-12-28,23.9,23.95,23.85,23.95,23.95,2886,-0.5987189806373405,-0.618626249446796,-0.5761804740017362,-0.5910456513246416,-0.5910456513246416,0.0050356693243809245,0.008421052631578918,0.011686848774992835,0.011936199429597501,0.012342547975314972,0.011330846646491555
2017-12-29,24.0,24.05,23.95,24.05,24.05,2886,-0.5821400681947861,-0.6021479333114788,-0.5595608602024693,-0.5745353322376708,-0.5745353322376708,0.007118927973199402,0.011141475719991464,0.01391231028667814,0.015410597424530378,0.015968232510983293,0.014839299528799641
2018-01-02,24.0,24.2,24.0,24.2,24.2,2886,-0.5821400681947861,-0.5774304591085035,-0.5512510533028355,-0.5497698536072151,-0.5497698536072151,0.010016694490817964,0.015526647083508075,0.01823281907433381,0.020881670533642583,0.02126941255908176,0.02023608768971319
2018-01-03,24.2,24.5,24.15,24.5,24.5,2886,-0.5489822433096779,-0.5279955107025526,-0.5263216326039348,-0.5002388963463033,-0.5002388963463033,0.016175860638739135,0.02446163495713991,0.027828275765627367,0.031796167614234684,0.03236136861621442,0.03194103194103192
2018-01-04,24.4,24.6,24.35,24.6,24.6,2886,-0.5158244184245697,-0.5115171945672353,-0.4930824050053998,-0.48372857725933244,-0.48372857725933244,0.01401483924154987,0.024573094543940167,0.029432277863021484,0.0339392665756016,0.03474383780600658,0.035353535353535345
2018-01-05,24.6,24.9,24.6,24.9,24.9,2886,-0.482666593539461,-0.46208224616128496,-0.45153337050723164,-0.4341976199984211,-0.4341976199984211,0.018404907975460093,0.03148301574150779,0.03822098679638628,0.04325966272127365,0.04516453995970437,0.046658259773013695
2018-01-08,25.0,25.15,24.75,25.15,25.15,2886,-0.4163509437692447,-0.42088645582299256,-0.42660394980833094,-0.39292182228099465,-0.39292182228099465,0.019456830158086764,0.03604531410916581,0.04443521594684387,0.049775644370238924,0.05309438070513361,0.05502342165979169
2018-01-09,25.1,25.1,25.0,25.0,25.0,2886,-0.3997720313266903,-0.42912561389065057,-0.3850549153101627,-0.4176873009114503,-0.4176873009114503,0.006846556584776405,0.024800163968026104,0.034625465581459486,0.0402579839800271,0.04471374843292939,0.0466820180029308
2018-01-10,25.0,25.35,24.95,25.35,25.35,2886,-0.4163509437692447,-0.3879298235523581,-0.3933647222097965,-0.35990118410705296,-0.35990118410705296,0.014000000000000058,0.03237629810629207,0.044212549773445194,0.050668324525956016,0.05642607101183542,0.0587498259780036
2018-01-11,25.3,25.4,25.05,25.4,25.4,2886,-0.36661420644158216,-0.3796906654847001,-0.376745108410529,-0.35164602456356814,-0.35164602456356814,0.009538950715421098,0.027923917442330946,0.041268106039901505,0.0490449148167269,0.055430898362835525,0.05811289314726097
2018-01-12,25.4,25.5,25.3,25.35,25.35,2886,-0.3500352939990284,-0.3632123493493829,-0.3351960739123608,-0.35990118410705296,-0.35990118410705296,0.003960396039604017,0.02012072434607646,0.03427172582619353,0.0432098765432099,0.049950298210735565,0.05354297984345781
2018-01-15,25.4,26.0,25.4,25.95,25.95,2886,-0.3500352939990284,-0.2808207686727981,-0.3185764601130939,-0.26083926958522974,-0.26083926958522974,0.02125147579693031,0.03634185303514378,0.052595997836668476,0.06298003072196612,0.07019135598812265,0.07512774478663181
2018-01-16,25.9,26.1,25.8,25.85,25.85,2886,-0.2671407317862577,-0.2643424525374809,-0.2520980049160244,-0.2773495886722,-0.2773495886722,0.010555121188428442,0.025590160682404266,0.04275917708753539,0.05434893443458767,0.06195053816448932,0.06796116504854383
2018-01-17,25.75,25.9,25.65,25.85,25.85,2886,-0.29200910045008865,-0.2972990848081153,-0.27702742561492566,-0.2773495886722,-0.2773495886722,0.0066199376947041165,0.020126282557221844,0.036903329322101955,0.04963963049436606,0.057778868974547946,0.06480845805300033
2018-01-18,25.65,25.9,25.5,25.8,25.8,2886,-0.30858801289264304,-0.2972990848081153,-0.30195684631382635,-0.28560474821568543,-0.28560474821568543,0.0015527950310558673,0.013354281225451682,0.029529130087789242,0.043056397816858605,0.052116466846097324,0.05962078170990491
2018-01-19,25.5,25.55,25.1,25.55,25.55,2886,-0.333456381556474,-0.35497319128172433,-0.3684353015108952,-0.3268805459331119,-0.3268805459331119,-0.009689922480620155,0.0009794319294809846,0.015231788079470036,0.028893587033121816,0.038617886178861756,0.04627354627354623
2018-01-22,25.3,25.5,25.3,25.5,25.5,2886,-0.36661420644158216,-0.3632123493493829,-0.3351960739123608,-0.3351357054765973,-0.3351357054765973,-0.008168028004667477,-0.002347417840375537,0.009367990500065888,0.023377144577104426,0.033560311284046816,0.04117046614494724
2018-01-23,25.35,25.45,25.25,25.4,25.4,2886,-0.35832475022030497,-0.3714515074170415,-0.34350588081199457,-0.35164602456356814,-0.35164602456356814,-0.008587041373926576,-0.007812500000000111,0.0022359594896751976,0.016101610161016095,0.026760449510874067,0.034412543270209685
2018-01-24,25.3,25.35,25.05,25.3,25.3,2886,-0.36661420644158216,-0.3879298235523581,-0.376745108410529,-0.3681563436505384,-0.3681563436505384,-0.008232065856526747,-0.011525688611056776,-0.003806273789211078,0.008973080757726876,0.01999677471375579,0.027758970886932983
2018-01-25,25.25,25.65,25.25,25.6,25.6,2886,-0.37490366266285935,-0.3384948751464077,-0.34350588081199457,-0.3186253863896265,-0.3186253863896265,0.005104043973302025,-0.0005855943782938519,0.00536719465898692,0.017386984600099353,0.028856201269994372,0.03727714748784448
2018-01-26,25.5,25.65,25.4,25.6,25.6,2886,-0.333456381556474,-0.3384948751464077,-0.3185764601130939,-0.3186253863896265,-0.3186253863896265,0.004709576138147605,-0.0015600624024959282,0.0035280282242259276,0.014062190532778927,0.02555884945116584,0.03448275862068973
2018-01-29,25.55,25.7,25.5,25.7,25.7,2886,-0.3251669253351968,-0.3302557170787491,-0.30195684631382635,-0.30211506730265625,-0.30211506730265625,0.007053291536050005,0.003318368143665715,0.006002087682672199,0.014707333925574917,0.02643981148654042,0.03573347662547003
2018-01-30,25.55,25.6,25.4,25.4,25.4,2886,-0.3251669253351968,-0.3467340332140657,-0.3185764601130939,-0.35164602456356814,-0.35164602456356814,-0.0047021943573668104,-0.006648416112632057,-0.006777893639207595,0.0004923682914818605,0.011871564018803356,0.021379264124388286
2018-01-31,25.3,25.4,25.15,25.3,25.3,2886,-0.36661420644158216,-0.3796906654847001,-0.3601254946112621,-0.3681563436505384,-0.3681563436505384,-0.008620689655172369,-0.008426415833823236,-0.01055924912006242,-0.00501425621866081,0.005404546177078335,0.015113013240604604
2018-02-01,25.3,25.5,25.3,25.4,25.4,2886,-0.36661420644158216,-0.3632123493493829,-0.3351960739123608,-0.35164602456356814,-0.35164602456356814,-0.0031397174254317838,-0.0029440628066733205,-0.006648416112632057,-0.002650436831255622,0.006897645286609034,0.01674561344986322
2018-02-02,25.15,25.35,25.15,25.3,25.3,2886,-0.39148257510541373,-0.3879298235523581,-0.3601254946112621,-0.3681563436505384,-0.3681563436505384,-0.004720692368213904,-0.0058939096267190015,-0.010430247718383412,-0.007356547327121276,0.0007911392405063122,0.010450642348399123
2018-02-05,25.0,25.05,24.95,25.0,25.0,2886,-0.4163509437692447,-0.43736477195830914,-0.3933647222097965,-0.4176873009114503,-0.4176873009114503,-0.011075949367088512,-0.015748031496062936,-0.019735982224545832,-0.018838304552590283,-0.012560233825736546,-0.0031235462218382327
2018-02-06,24.3,24.5,23.85,24.0,24.0,2886,-0.5324033308671235,-0.5279955107025526,-0.5761804740017362,-0.5827904917811562,-0.5827904917811562,-0.04,-0.04988123515439422,-0.054373522458628934,-0.0562327959103421,-0.0517581983405768,-0.04325294000398648
2018-02-07,24.2,24.5,24.1,24.1,24.1,2886,-0.5489822433096779,-0.5279955107025526,-0.5346314395035681,-0.5662801726941854,-0.5662801726941854,-0.026655896607431204,-0.04136833731105804,-0.04604829133131009,-0.04996550704641759,-0.0472048707203289,-0.03971310931066554
2018-02-08,24.25,24.3,24.1,24.1,24.1,2886,-0.5406927870884007,-0.5609521429731864,-0.5346314395035681,-0.5662801726941854,-0.5662801726941854,-0.01632653061224484,-0.03561424569827933,-0.041749502982107244,-0.04752494812765539,-0.04645089815620794,-0.04003186616211906
2018-02-09,23.75,24.15,23.7,23.95,23.95,2886,-0.6235873493011714,-0.5856696171761622,-0.6011098947006375,-0.5910456513246416,-0.5910456513246416,-0.011555922410235292,-0.035246727089627394,-0.043657660055903116,-0.05082730605370068,-0.050958947535267266,-0.046006771559450356
2018-02-12,24.05,24.45,24.0,24.15,24.15,2886,-0.573850611973509,-0.5362346687702112,-0.5512510533028355,-0.5580250131507005,-0.5580250131507005,0.003740648379052215,-0.021078232671260765,-0.032193427731765874,-0.0394749925425077,-0.04151452611525664,-0.0381679389312978
2018-02-21,24.45,24.7,24.35,24.7,24.7,2886,-0.5075349622032926,-0.49503887843191874,-0.4930824050053998,-0.4672182581723622,-0.4672182581723622,0.02066115702479339,0.004065040650406417,-0.008297644539614716,-0.015347817420769445,-0.019218551461245303,-0.016915422885572167
2018-02-22,24.5,24.75,24.4,24.75,24.75,2886,-0.4992455059820154,-0.48679972036426017,-0.48477259810576667,-0.45896309862887674,-0.45896309862887674,0.017262638717632624,0.00835200651863931,-0.0048250904704463604,-0.011186576108669641,-0.016295707472178067,-0.015251989389920406
2018-02-23,24.8,25.0,24.8,25.0,25.0,2886,-0.44950876865435285,-0.44560393002596776,-0.4182941429086972,-0.4176873009114503,-0.4176873009114503,0.01999184006527956,0.020199959192001526,0.006846556584776405,0.0004001600640255306,-0.005727012408526961,-0.005832449628844038
2018-02-26,25.15,25.2,25.0,25.0,25.0,2886,-0.39148257510541373,-0.41264729775533393,-0.3850549153101627,-0.4176873009114503,-0.4176873009114503,0.011326860841423994,0.021450459652706786,0.008471157724888958,0.0015022533800701622,-0.005173099880620733,-0.005964214711729566
2018-02-27,25.1,25.25,24.9,24.95,24.95,2886,-0.3997720313266903,-0.40440813968767536,-0.40167452910943025,-0.42594246045493567,-0.42594246045493567,0.0028135048231511368,0.019615856150388248,0.008488278092158338,0.0006015640665731129,-0.0055799123156636335,-0.007689248309691035
2018-03-01,24.6,25.2,24.6,25.1,25.1,2886,-0.482666593539461,-0.41264729775533393,-0.45153337050723164,-0.4011769818244795,-0.4011769818244795,0.0056089743589743815,0.021155410903173293,0.015372168284789893,0.00722311396468713,0.001596169193934665,-0.0018557794273593574
2018-03-02,24.9,25.05,24.8,24.95,24.95,2886,-0.4329298562117991,-0.43736477195830914,-0.4182941429086972,-0.42594246045493567,-0.42594246045493567,-0.0020000000000000282,0.011554834786134205,0.01025779457416643,0.0019074390121473518,-0.002957161125319758,-0.007294429708222821
2018-03-05,24.95,25.05,24.7,24.75,24.75,2886,-0.4246403999905219,-0.43736477195830914,-0.43491375670796467,-0.45896309862887674,-0.45896309862887674,-0.008016032064128228,0.0008087343307724678,0.003921038399134704,-0.0044247787610620665,-0.00928668641421821,-0.014402336231499361
2018-03-06,25.0,25.05,24.85,24.85,24.85,2886,-0.4163509437692447,-0.43736477195830914,-0.4099843360090634,-0.4424527795419059,-0.4424527795419059,-0.002808988764044955,0.001208702659145896,0.009205360768918511,0.0011078658475175108,-0.004167668510058476,-0.009762900976290137
2018-03-07,24.8,24.95,24.5,24.5,24.5,2886,-0.44950876865435285,-0.45384308809362633,-0.46815298430649915,-0.5002388963463033,-0.5002388963463033,-0.013290374546919123,-0.014282840474753446,-0.003660024400162518,-0.01060070671378089,-0.016617163040860618,-0.021825924940111936
2018-03-08,24.65,24.95,24.6,24.95,24.95,2886,-0.4743771373181844,-0.45384308809362633,-0.45153337050723164,-0.42594246045493567,-0.42594246045493567,0.006048387096774136,0.0028135048231509936,0.01203353163872379,0.008488278092158482,0.002169023136246583,-0.0026648900732844675
2018-03-09,25.0,25.0,24.85,24.95,24.95,2886,-0.4163509437692447,-0.44560393002596776,-0.4099843360090634,-0.42594246045493567,-0.42594246045493567,0.006048387096774136,0.0020080321285140847,0.009712666936462907,0.009202143796136942,0.002732899284623479,-0.0014674493062967787
2018-03-12,25.15,25.5,25.1,25.45,25.45,2886,-0.39148257510541373,-0.3632123493493829,-0.3684353015108952,-0.3433908650200827,-0.3433908650200827,0.02044907778668797,0.0202445379835638,0.02620967741935478,0.029322548028311336,0.023074449268371187,0.019019019019018934
2018-03-13,25.45,25.65,25.3,25.65,25.65,2886,-0.3417458377777512,-0.3384948751464077,-0.3351960739123608,-0.3103702268461417,-0.3103702268461417,0.02191235059760945,0.02558976409436228,0.029569173133529483,0.03667778114580171,0.031031433394967528,0.026889971308467202
2018-03-14,25.5,25.55,25.25,25.3,25.3,2886,-0.333456381556474,-0.35497319128172433,-0.34350588081199457,-0.3681563436505384,-0.3681563436505384,0.0015835312747427832,0.010181672988620586,0.012404961984793865,0.02191255175199436,0.01761724720456932,0.013148234665954741
2018-03-15,25.25,25.3,25.1,25.1,25.1,2886,-0.37490366266285935,-0.39616898162001674,-0.3684353015108952,-0.4011769818244795,-0.4011769818244795,-0.0075128509292209465,0.0021960471151927837,0.003331112591605691,0.01158690176322424,0.01006036217303823,0.005541830807237848
2018-03-16,25.2,25.5,25.1,25.5,25.5,2886,-0.38319311888413654,-0.3632123493493829,-0.3684353015108952,-0.3351357054765973,-0.3351357054765973,0.003937007874015804,0.015936254980079625,0.017287234042553203,0.024816638199537815,0.025826695631185257,0.02129363860890445
2018-03-19,25.5,25.5,25.3,25.45,25.45,2886,-0.333456381556474,-0.3632123493493829,-0.3351960739123608,-0.3433908650200827,-0.3433908650200827,0.001968503937007902,0.011124354390147046,0.014078894939566943,0.02004008016032064,0.02373290426387771,0.019495259714247624
2018-03-20,25.3,25.4,25.25,25.35,25.35,2886,-0.36661420644158216,-0.3796906654847001,-0.34350588081199457,-0.35990118410705296,-0.35990118410705296,0.0003946329913182761,0.005154639175257692,0.009156050955414172,0.013189448441247077,0.019628348483629616,0.015828491284311887
2018-03-21,25.4,25.5,25.25,25.35,25.35,2886,-0.3500352939990284,-0.3632123493493829,-0.34350588081199457,-0.35990118410705296,-0.35990118410705296,0.0,0.0017783046828690656,0.008085896076352203,0.010765550239234431,0.019054510371442214,0.016303621542162364
2018-03-22,25.35,25.6,25.3,25.4,25.4,2886,-0.35832475022030497,-0.3467340332140657,-0.3351960739123608,-0.35164602456356814,-0.35164602456356814,-0.0003935458480915039,0.001972386587771091,0.009271523178807844,0.011347800119450534,0.018771057275790003,0.018308165174395312
2018-03-23,25.0,25.25,25.0,25.2,25.2,2886,-0.4163509437692447,-0.40440813968767536,-0.3850549153101627,-0.3846666627375092,-0.3846666627375092,-0.0059171597633136935,-0.006896551724137959,0.0006618133686300087,0.002486325211337643,0.00896860986547086,0.010425020048115397
2018-03-26,25.05,25.25,25.05,25.15,25.15,2886,-0.4080614875479675,-0.40440813968767536,-0.376745108410529,-0.39292182228099465,-0.39292182228099465,-0.0055357848952155226,-0.007693825212073538,-0.0023800079333597276,0.00019884668920258522,0.005276201135182727,0.008757269870980553
2018-03-27,25.25,25.4,25.25,25.4,25.4,2886,-0.37490366266285935,-0.3796906654847001,-0.34350588081199457,-0.35164602456356814,-0.35164602456356814,0.003952569169960531,0.003159557661927263,0.006073409030895132,0.009338366779256882,0.012920721008135048,0.018648486063765787
2018-03-28,25.25,25.3,25.05,25.05,25.05,2886,-0.37490366266285935,-0.39616898162001674,-0.376745108410529,-0.40943214136796485,-0.40943214136796485,-0.007527733755942858,-0.009685708638070665,-0.009228740936058046,-0.004767580452920042,-0.0024689391525962736,0.004544846945595506
2018-03-29,25.1,25.15,25.0,25.05,25.05,2886,-0.3997720313266903,-0.42088645582299256,-0.3850549153101627,-0.40943214136796485,-0.40943214136796485,-0.004767580452920042,-0.00948991696322651,-0.009489916963226649,-0.004668719578821882,-0.003024755233622422,0.0031368884736034095
2018-03-30,25.15,25.25,25.1,25.1,25.1,2886,-0.39148257510541373,-0.40440813968767536,-0.3684353015108952,-0.4011769818244795,-0.4011769818244795,-0.001988071570576428,-0.005940594059405884,-0.00790513833992092,-0.002979145978152901,-0.0015910898965791228,0.003799240151969703
2018-03-31,25.2,25.25,25.1,25.2,25.2,2886,-0.38319311888413654,-0.40440813968767536,-0.3684353015108952,-0.3846666627375092,-0.3846666627375092,0.00158982511923685,-0.0009910802775025622,-0.003295978905735097,9.921619208259864e-05,0.0020677588675042167,0.006322795341098093
2018-04-02,25.3,25.4,25.3,25.35,25.35,2886,-0.36661420644158216,-0.3796906654847001,-0.3351960739123608,-0.35990118410705296,-0.35990118410705296,0.007952286282306277,0.004955401387512388,0.0034305317324186393,0.0050550104073744185,0.007471584134806407,0.010429814654886214
2018-04-03,25.3,25.35,25.15,25.25,25.25,2886,-0.36661420644158216,-0.3879298235523581,-0.3601254946112621,-0.3764115031940238,-0.3764115031940238,0.002381897578404219,0.0013880626611144217,-0.0003958828186855903,-0.0003958828186855903,0.0030189878446015934,0.004975124378109453
2018-04-09,25.4,25.45,25.2,25.45,25.45,2886,-0.3500352939990284,-0.3714515074170415,-0.3518156877116283,-0.3433908650200827,-0.3433908650200827,0.007123070834982181,0.009119746233148313,0.006591957811469913,0.006525608068024345,0.01040177862474196,0.011928429423459274
2018-04-10,25.3,25.7,25.3,25.65,25.65,2886,-0.36661420644158216,-0.3302557170787491,-0.3351960739123608,-0.3103702268461417,-0.3103702268461417,0.010638297872340267,0.015238472194735722,0.014101212440695792,0.01303317535545017,0.017211294416243698,0.01866560762509924
2018-04-11,25.6,25.65,25.45,25.5,25.5,2886,-0.3168774691139196,-0.3384948751464077,-0.3102666532134601,-0.3351357054765973,-0.3351357054765973,0.0023584905660376855,0.00790513833992092,0.008037949663987343,0.00700957646361939,0.010060999762338641,0.012038629448339777
2018-04-12,25.5,25.65,25.5,25.65,25.65,2886,-0.333456381556474,-0.3384948751464077,-0.30195684631382635,-0.3103702268461417,-0.3103702268461417,0.005882352941176555,0.012833168805528107,0.013166556945358742,0.012933162207522978,0.014716354141941463,0.01711717665719391
2018-04-13,25.6,25.65,25.5,25.6,25.6,2886,-0.3168774691139196,-0.3384948751464077,-0.30195684631382635,-0.3186253863896265,-0.3186253863896265,0.0011732499022292192,0.008668242710795856,0.010526315789473788,0.010360138135175249,0.010978595687544517,0.014263074484944509
2018-04-16,25.55,25.65,25.5,25.65,25.65,2886,-0.3251669253351968,-0.3384948751464077,-0.30195684631382635,-0.3103702268461417,-0.3103702268461417,0.001561889886762811,0.00825471698113197,0.011834319526627106,0.011235955056179782,0.011834319526627106,0.015506433520290295
2018-04-17,25.6,25.6,25.3,25.35,25.35,2886,-0.3168774691139196,-0.3467340332140657,-0.3351960739123608,-0.35990118410705296,-0.35990118410705296,-0.00782778864970643,-0.004516002356175081,-0.00039432176656143574,-0.00029577048210575695,-0.0006307655917369013,0.003099650464947703
2018-04-18,25.55,25.55,25.2,25.2,25.2,2886,-0.3251669253351968,-0.35497319128172433,-0.3518156877116283,-0.3846666627375092,-0.3846666627375092,-0.01137701059238914,-0.010406440212055647,-0.006439742410303614,-0.005721049516669938,-0.006152389966871699,-0.003427366200896502
2018-04-19,25.25,25.75,25.25,25.75,25.75,2886,-0.37490366266285935,-0.3220165590110905,-0.34350588081199457,-0.2938599077591708,-0.2938599077591708,0.009408075264602056,0.009605959615761654,0.014311974789915964,0.015178395426769091,0.015378548895899076,0.017116524028966434
2018-04-20,25.65,25.75,25.55,25.7,25.7,2886,-0.30858801289264304,-0.3220165590110905,-0.2936470394141926,-0.30211506730265625,-0.30211506730265625,0.006658832745789335,0.005870841487279788,0.010617381046008635,0.01250861814242092,0.01276796973518263,0.013540160378598674
2018-04-23,25.7,25.85,25.65,25.8,25.8,2886,-0.30029855667136585,-0.3055382428757733,-0.27702742561492566,-0.28560474821568543,-0.28560474821568543,0.009389671361502285,0.00840336134453781,0.012558869701726856,0.015648066135222946,0.015588096362777547,0.016348237147921968
2018-04-24,25.8,26.05,25.75,25.9,25.9,2886,-0.28371964422881146,-0.2725816106051395,-0.26040781181565814,-0.2690944291287152,-0.2690944291287152,0.00895987534086484,0.011323701679031455,0.014360313315926772,0.018181818181818125,0.018882769472855894,0.019016393442622848
2018-04-25,25.85,26.0,25.7,26.0,26.0,2886,-0.27543018800753427,-0.2808207686727981,-0.26871761871529193,-0.25258411004174436,-0.25258411004174436,0.006581494386372363,0.013250194855806557,0.0161542470036479,0.020408163265306107,0.021932238031601426,0.022213485354825934
2018-04-26,26.0,26.0,25.75,25.95,25.95,2886,-0.2505618193437033,-0.2808207686727981,-0.26040781181565814,-0.26083926958522974,-0.26083926958522974,0.0030923850019328124,0.010120669521214543,0.012617065556711651,0.017347838870920278,0.019005733134375317,0.019846728237374833
2018-04-27,25.9,26.0,25.8,26.0,26.0,2886,-0.2671407317862577,-0.2808207686727981,-0.2520980049160244,-0.25258411004174436,-0.25258411004174436,0.002699575780948719,0.010493587252234728,0.012592496429962245,0.017413422030913728,0.0199278204927037,0.020875597146783716
2018-04-30,26.0,26.25,25.95,26.25,26.25,2886,-0.2505618193437033,-0.2396249783345057,-0.22716858421712371,-0.21130831232431788,-0.21130831232431788,0.008839354342813237,0.01783637068631256,0.02020987174504468,0.024790162014444724,0.028363237483350318,0.029142707788813484
2018-05-02,26.2,26.25,26.15,26.25,26.25,2886,-0.21740399445859515,-0.2396249783345057,-0.1939293566185893,-0.21130831232431788,-0.21130831232431788,0.0061326178612496635,0.014296754250386299,0.018626309662398154,0.022494887525562536,0.0266739674593241,0.028134995756903352
2018-05-03,26.2,26.25,26.0,26.1,26.1,2886,-0.21740399445859515,-0.2396249783345057,-0.21885877731748996,-0.23607379095477352,-0.23607379095477352,-0.000382995021064786,0.005005775895263864,0.01123595505617988,0.014873140857392836,0.019292353354682344,0.0213931646230107
2018-05-04,25.95,26.0,25.8,25.8,25.8,2886,-0.2588512755649805,-0.2808207686727981,-0.2520980049160244,-0.28560474821568543,-0.28560474821568543,-0.010736196319018447,-0.0067372473532242814,-0.0007745933384972724,0.002331002331002281,0.006947154788853362,0.009060687047780415
2018-05-07,25.85,26.1,25.8,26.0,26.0,2886,-0.27543018800753427,-0.2643424525374809,-0.2520980049160244,-0.25258411004174436,-0.25258411004174436,-0.003067484662576758,-0.0001922707171698734,0.005932421975754414,0.008631558529725402,0.013250194855806698,0.016021883548261045
2018-05-08,26.0,26.25,25.95,26.2,26.2,2886,-0.2505618193437033,-0.2396249783345057,-0.22716858421712371,-0.21956347186780328,-0.21956347186780328,0.004986574606827734,0.005951238241505131,0.012234385061171917,0.014913809800503644,0.019217303353302583,0.02277163305139878
2018-05-09,26.1,26.3,26.0,26.15,26.15,2886,-0.23398290690114892,-0.2313858202668471,-0.21885877731748996,-0.2278186314112887,-0.2278186314112887,0.003838771593090129,0.003068661296509332,0.008225163860686203,0.011996904024767892,0.015612863135000678,0.019559425563714424
2018-05-10,26.15,26.2,26.05,26.1,26.1,2886,-0.22569345067987234,-0.2478641364021643,-0.21054897041785622,-0.23607379095477352,-0.23607379095477352,0.0019193857965451328,0.0007668711656441554,0.0039748685728940355,0.008890606880556784,0.012255662426310848,0.016355140186915956
2018-05-11,26.15,26.4,26.15,26.4,26.4,2886,-0.22569345067987234,-0.21490750413153048,-0.1939293566185893,-0.1865428336938622,-0.1865428336938622,0.008788689338937733,0.01052631578947363,0.013824884792626568,0.019009939206793388,0.022225664059474872,0.026704692766398787
2018-05-14,26.45,26.6,26.4,26.5,26.5,2886,-0.1759567133522098,-0.1819508718608961,-0.1523803221204211,-0.1700325146068914,-0.1700325146068914,0.0087552341073468,0.012416427889207231,0.01558507920286137,0.021096233503516155,0.024115010047920944,0.0286601539755452
2018-05-15,26.6,26.6,26.3,26.3,26.3,2886,-0.15108834468837823,-0.1819508718608961,-0.168999935919688,-0.20305315278083244,-0.20305315278083244,0.0003803727653100633,0.0045836516424752095,0.006634345496300162,0.012122378295170202,0.015052103434967216,0.019248159152564247
2018-05-16,26.4,26.5,26.35,26.45,26.45,2886,-0.184246169573487,-0.19842918799621329,-0.16069012902005425,-0.1782876741503768,-0.1782876741503768,0.003795066413662158,0.009541984732824428,0.010956809784685757,0.015745007680491557,0.01958214478451914,0.023276807015281446
2018-05-17,26.45,26.6,26.4,26.45,26.45,2886,-0.1759567133522098,-0.1819508718608961,-0.1523803221204211,-0.1782876741503768,-0.1782876741503768,0.0011355034065102627,0.008195159138555496,0.00979893102570619,0.013312901063116566,0.018090839107005343,0.021629972962533748
2018-05-18,26.45,26.7,26.45,26.7,26.7,2886,-0.1759567133522098,-0.16547255572557945,-0.14407051522078734,-0.13701187643295032,-0.13701187643295032,0.008308157099697842,0.014245014245014245,0.017401244760574128,0.02103250478011475,0.026054876642840705,0.029496818970503064
2018-05-21,26.7,27.1,26.7,27.0,27.0,2886,-0.13450943224582446,-0.09955929118431125,-0.10252148072261914,-0.08748091917203842,-0.08748091917203842,0.015801354401805797,0.02175969725638597,0.0262257696693273,0.029944688155635953,0.03535547204540214,0.0387278789433187
2018-05-22,26.9,27.0,26.8,26.8,26.8,2886,-0.10135160736071629,-0.11603760731962845,-0.08590186692335162,-0.12050155734597949,-0.12050155734597949,0.004497751124437818,0.011893524636586932,0.017206477732793515,0.020369312773653295,0.025876588577553424,0.02925174422326058
2018-05-23,26.8,26.95,26.8,26.9,26.9,2886,-0.11793051980327007,-0.12427676538728705,-0.08590186692335162,-0.10399123825900924,-0.10399123825900924,0.004856182293612216,0.012801204819276968,0.019325502084122835,0.022230666920007358,0.027266478270831552,0.031441717791411056
2018-05-24,26.9,27.05,26.75,27.05,27.05,2886,-0.10135160736071629,-0.10779844925196985,-0.09421167382298538,-0.07922575962855301,-0.07922575962855301,0.005950167348456548,0.014818983305196006,0.022555443548387132,0.02588413766947951,0.03008377760853005,0.035142547356336484
2018-05-25,27.0,27.05,26.8,26.85,26.85,2886,-0.0847726949181619,-0.10779844925196985,-0.08590186692335162,-0.11224639780249407,-0.11224639780249407,-0.002600297176820087,0.005617977528089967,0.01231619957270333,0.01656412683388547,0.020757299270072967,0.025918614277526633
2018-05-28,26.85,27.15,26.85,27.15,27.15,2886,-0.10964106358199288,-0.09132013311665324,-0.07759206002371787,-0.06271544054158276,-0.06271544054158276,0.0074211502782931095,0.014384457313655685,0.0206766917293232,0.025689459765772565,0.029891510507548756,0.035337485699758316
2018-05-29,27.05,27.1,26.8,26.9,26.9,2886,-0.07648323869688473,-0.09955929118431125,-0.08590186692335162,-0.10399123825900924,-0.10399123825900924,-0.0025954764553207375,0.0027958993476234592,0.00950713034776084,0.014998585039147284,0.01870786942361584,0.024176660955644316
2018-05-30,26.7,26.75,26.1,26.35,26.35,2886,-0.13450943224582446,-0.15723339765792085,-0.20223916351822246,-0.19479799323734703,-0.19479799323734703,-0.018987341772151955,-0.01734104046242787,-0.011627906976744137,-0.005941714609072861,-0.0028004844081137626,0.0019646365422396547
2018-05-31,26.4,26.5,26.2,26.25,26.25,2886,-0.184246169573487,-0.19842918799621329,-0.18561954971895553,-0.21130831232431788,-0.21130831232431788,-0.016853932584269638,-0.020339615599925292,-0.015748031496063054,-0.009994342824816295,-0.006960732390103694,-0.0031645569620252717
2018-06-01,26.25,26.8,26.2,26.7,26.7,2886,-0.20911453823731796,-0.14899423959026226,-0.18561954971895553,-0.13701187643295032,-0.13701187643295032,0.0011248593925759706,-0.0035454375816383232,0.0003746721618584325,0.0052710843373492845,0.008917775090689127,0.012706239332448355
2018-06-04,26.7,27.1,26.65,27.1,27.1,2886,-0.13450943224582446,-0.09955929118431125,-0.1108312876222529,-0.07097060008506759,-0.07097060008506759,0.01650412603150779,0.01100540943853765,0.013842124953236102,0.018222806687958032,0.022332880639807075,0.026061715151132675
2018-06-05,27.1,27.4,27.0,27.35,27.35,2886,-0.06819378247560753,-0.05012434277836083,-0.05266263932481719,-0.02969480236764111,-0.02969480236764111,0.02242990654205613,0.018242740134028233,0.020522388059701517,0.025400693598275317,0.03005423320277199,0.033505479279506374
2018-06-06,27.35,27.5,27.3,27.4,27.4,2886,-0.026746501369222183,-0.03364602664304363,-0.002803797927015241,-0.021439642824156283,-0.021439642824156283,0.016320474777447986,0.018208844295800625,0.019977664722670256,0.024873760987469715,0.030152643055868848,0.03344229318581846
2018-06-07,27.4,27.45,27.2,27.35,27.35,2886,-0.018457045147945585,-0.04188518471070223,-0.019423411726282754,-0.02969480236764111,-0.02969480236764111,0.006254598969830821,0.01521900519673362,0.015847468119351213,0.02061759492489965,0.026343440408286,0.029808597427047424
2018-06-08,27.2,27.2,26.95,27.1,27.1,2886,-0.05161487003305375,-0.08308097504899464,-0.06097244622445095,-0.07097060008506759,-0.07097060008506759,-0.005869405722670584,0.005006489894307361,0.005565862708719931,0.009969253703531234,0.01498127340823978,0.01892467727785425
2018-06-11,27.0,27.05,26.8,26.95,26.95,2886,-0.0847726949181619,-0.10779844925196985,-0.08590186692335162,-0.09573607871552384,-0.09573607871552384,-0.010282776349614437,0.00018556318426420505,0.0001237011380504894,0.0035375162911934037,0.007928790485451274,0.012079864805658086
2018-06-12,26.85,26.85,26.7,26.75,26.75,2886,-0.10964106358199288,-0.14075508152260366,-0.10252148072261914,-0.1287567168894649,-0.1287567168894649,-0.013279232755440906,-0.006683995544002961,-0.007175553631077506,-0.004743744767928743,-0.00037369207772801056,0.003940701820228952
2018-06-13,27.0,27.0,26.7,26.75,26.75,2886,-0.0847726949181619,-0.11603760731962845,-0.10252148072261914,-0.1287567168894649,-0.1287567168894649,-0.00852483320978504,-0.008157211716722242,-0.006806930693069316,-0.005298875151064491,-0.001269414575866281,0.0033131212102268355
2018-06-14,26.7,26.75,26.6,26.6,26.6,2886,-0.13450943224582446,-0.15723339765792085,-0.11914109452188607,-0.15352219551992055,-0.15352219551992055,-0.00857249347745063,-0.014997222736530313,-0.011274934952298267,-0.011152416356877219,-0.007610804357558333,-0.0029362154057599728
2018-06-15,26.6,26.75,26.45,26.75,26.75,2886,-0.15108834468837823,-0.15723339765792085,-0.14407051522078734,-0.1287567168894649,-0.1287567168894649,-0.00037369207772801056,-0.009626064420585025,-0.00545296814970869,-0.005668618158163603,-0.0025356104109179596,0.00149756645451152
2018-06-19,26.45,26.6,26.35,26.35,26.35,2886,-0.1759567133522098,-0.1819508718608961,-0.16069012902005425,-0.19479799323734703,-0.19479799323734703,-0.010885885885885986,-0.021718953035084494,-0.018378244132621475,-0.019352437662820843,-0.017231090556467113,-0.013908813073036841
2018-06-20,26.45,26.75,26.3,26.6,26.6,2886,-0.1759567133522098,-0.15723339765792085,-0.168999935919688,-0.15352219551992055,-0.15352219551992055,-0.0003757985719654852,-0.009679821295606907,-0.00832608425500184,-0.009679821295606907,-0.008350730688935288,-0.005049560501215693
2018-06-21,26.8,26.8,26.55,26.6,26.6,2886,-0.11793051980327007,-0.14899423959026226,-0.12745090142151982,-0.15352219551992055,-0.15352219551992055,0.0007524454477050253,-0.006721433905899915,-0.008941877794336752,-0.009126466753585303,-0.0085724934774505,-0.005607476635513965
2018-06-22,26.8,26.8,26.45,26.6,26.6,2886,-0.11793051980327007,-0.14899423959026226,-0.14407051522078734,-0.15352219551992055,-0.15352219551992055,0.0007524454477050253,-0.003931847968545232,-0.00980270505025432,-0.008295274489700816,-0.008794157102399785,-0.006226650062266413
2018-06-25,26.45,26.65,26.4,26.55,26.55,2886,-0.1759567133522098,-0.17371171379323808,-0.1523803221204211,-0.16177735506340596,-0.16177735506340596,0.00037678975131882306,-0.00375234521575977,-0.01129592850049657,-0.009605520843047534,-0.010436079016026747,-0.008279897902010865
2018-06-26,26.65,26.8,26.55,26.65,26.65,2886,-0.14279888846710162,-0.14899423959026226,-0.12745090142151982,-0.14526703597643573,-0.14526703597643573,0.0018796992481201937,0.0011269722013524095,-0.006462035541195559,-0.004947260337907227,-0.006190334128878296,-0.004730486742188548
2018-06-27,26.7,26.8,26.55,26.65,26.65,2886,-0.13450943224582446,-0.14899423959026226,-0.12745090142151982,-0.14526703597643573,-0.14526703597643573,0.0015031942878615404,0.0015031942878615404,-0.0047304867421884165,-0.004482629809488403,-0.005967922417008584,-0.0051639395259131
2018-06-28,26.55,26.6,26.3,26.3,26.3,2886,-0.15937780090965542,-0.1819508718608961,-0.168999935919688,-0.20305315278083244,-0.20305315278083244,-0.009416195856873822,-0.009975531714662037,-0.015104231681437989,-0.017465209675912995,-0.018143806466064255,-0.018046048537647824
2018-06-29,26.3,26.95,26.25,26.9,26.9,2886,-0.20082508201604077,-0.12427676538728705,-0.17730974281932177,-0.10399123825900924,-0.10399123825900924,0.010898158586997473,0.011468321112991153,0.008497875531117083,0.00373134328358201,0.004480955937266521,0.0037937682691708318
2018-07-02,26.6,26.8,26.5,26.5,26.5,2886,-0.15108834468837823,-0.14899423959026226,-0.13576070832115358,-0.1700325146068914,-0.1700325146068914,-0.0037593984962406546,-0.0026345502446368193,-0.005006257822277829,-0.010824934677118427,-0.009937981020697834,-0.010886469673405954
2018-07-03,26.45,26.55,26.35,26.4,26.4,2886,-0.1759567133522098,-0.1901900299285547,-0.16069012902005425,-0.1865428336938622,-0.1865428336938622,-0.0056497175141243736,-0.006585136406397017,-0.00739441032710888,-0.013268547934965574,-0.012567324955116773,-0.013882836331942957
2018-07-04,26.4,26.6,26.4,26.5,26.5,2886,-0.184246169573487,-0.1819508718608961,-0.1523803221204211,-0.1700325146068914,-0.1700325146068914,-0.0007541478129713264,-0.0024468285337852368,-0.003009781790820235,-0.007955077211043465,-0.008233532934131694,-0.009777667061094852
2018-07-05,26.65,26.7,26.35,26.5,26.5,2886,-0.14279888846710162,-0.16547255572557945,-0.16069012902005425,-0.1700325146068914,-0.1700325146068914,-0.0022590361445783986,-0.0020711730370928157,-0.002384238925837726,-0.006281053717071357,-0.008456184988400775,-0.009284067543149163
2018-07-06,26.35,26.5,26.15,26.45,26.45,2886,-0.19253562579476358,-0.19842918799621329,-0.1939293566185893,-0.1782876741503768,-0.1782876741503768,-0.0007555723460521184,-0.003391107761868872,-0.0038915390409239997,-0.006479481641468529,-0.010623176479389634,-0.010413418968635
2018-07-09,26.65,26.65,26.45,26.55,26.55,2886,-0.14279888846710162,-0.17371171379323808,-0.14407051522078734,-0.16177735506340596,-0.16177735506340596,0.002643504531722065,0.00037678975131882306,0.0003767897513186891,-0.0016920473773264957,-0.0066596827297215385,-0.006300293181960072
2018-07-10,26.7,26.7,26.5,26.7,26.7,2886,-0.13450943224582446,-0.16547255572557945,-0.13576070832115358,-0.13701187643295032,-0.13701187643295032,0.006028636021100231,0.0058391410811829405,0.005144936629439078,0.004420201260227583,-0.00044923629829305204,-0.0001248283610035065
2018-07-11,26.5,26.6,26.3,26.55,26.55,2886,-0.1676672571309326,-0.1819508718608961,-0.168999935919688,-0.16177735506340596,-0.16177735506340596,0.0,0.000565291124929226,-0.0003765060240964444,-0.0008467400508044351,-0.004872563718140892,-0.005307524196066152
2018-07-12,26.55,26.9,26.45,26.85,26.85,2886,-0.15937780090965542,-0.13251592345494564,-0.14407051522078734,-0.11224639780249407,-0.11224639780249407,0.008640120210368295,0.00977811207220779,0.010284710899285225,0.010253033581036488,0.007202340760747249,0.005304212168486837
2018-07-13,26.85,27.0,26.8,27.0,27.0,2886,-0.10964106358199288,-0.11603760731962845,-0.08590186692335162,-0.08748091917203842,-0.08748091917203842,0.010101010101010085,0.015037593984962351,0.014910412229043905,0.015133001221919212,0.01336135715358047,0.009975062344139616
2018-07-16,27.1,27.1,26.8,26.8,26.8,2886,-0.06819378247560753,-0.09955929118431125,-0.08590186692335162,-0.12050155734597949,-0.12050155734597949,0.0007468259895444202,0.006383777694329633,0.006761833208114189,0.007518796992481176,0.006308200660859223,0.0023687819473880776
2018-07-17,26.8,27.05,26.7,26.95,26.95,2886,-0.11793051980327007,-0.10779844925196985,-0.10252148072261914,-0.09573607871552384,-0.09573607871552384,0.004472605292582834,0.009930672662544387,0.011636636636636723,0.012016522718738142,0.011940522679483381,0.008167591495729041
2018-07-18,27.0,27.05,26.85,27.0,27.0,2886,-0.0847726949181619,-0.10779844925196985,-0.07759206002371787,-0.08748091917203842,-0.08748091917203842,0.0029717682020803065,0.009912100243126875,0.012626578322290262,0.01313320825515953,0.013437429622400741,0.010479041916167574
2018-07-19,27.0,27.1,26.85,26.85,26.85,2886,-0.0847726949181619,-0.09955929118431125,-0.07759206002371787,-0.11224639780249407,-0.11224639780249407,-0.002600297176820087,0.0029884198729922245,0.005617977528089967,0.007032348804500703,0.00765593334834499,0.005555208788465276
2018-07-20,26.85,27.0,26.8,26.9,26.9,2886,-0.10964106358199288,-0.11603760731962845,-0.08590186692335162,-0.10399123825900924,-0.10399123825900924,0.0,0.0031698676114112895,0.007490636704119823,0.008340361728047852,0.009077950333858404,0.007994004496627448
2018-07-23,26.95,27.1,26.9,26.95,26.95,2886,-0.0930621511394391,-0.09955929118431125,-0.0692822531240847,-0.09573607871552384,-0.09573607871552384,0.0007426661715558698,0.0035375162911934037,0.008230452674897077,0.00945781440209749,0.010650266256656242,0.01005684302579803
2018-07-24,27.0,27.1,26.95,27.1,27.1,2886,-0.0847726949181619,-0.09955929118431125,-0.06097244622445095,-0.07097060008506759,-0.07097060008506759,0.005192878338278952,0.007622234616099582,0.012075189841902317,0.014221556886227641,0.015133353311357367,0.015488383712215862
2018-07-25,27.1,27.3,27.05,27.2,27.2,2886,-0.06819378247560753,-0.06660265891367745,-0.04435283242518343,-0.054460280998097355,-0.054460280998097355,0.007407407407407381,0.008902077151335253,0.014042500310674864,0.016917468922329076,0.017964071856287442,0.018663004806191794
2018-07-26,27.3,27.35,27.15,27.35,27.35,2886,-0.03503595759049937,-0.058363500846018844,-0.02773321862591651,-0.02969480236764111,-0.02969480236764111,0.00922509225092251,0.012587930396149569,0.017485119047619138,0.020522388059701517,0.02242990654205613,0.023514002370111663
2018-07-27,27.35,27.35,27.15,27.25,27.25,2886,-0.026746501369222183,-0.058363500846018844,-0.02773321862591651,-0.04620512145461194,-0.04620512145461194,0.002944423997055644,0.007952653967079573,0.011757425742574249,0.016127528665982938,0.017702420077681514,0.018945531596659643
2018-07-30,27.3,27.35,27.2,27.25,27.25,2886,-0.03503595759049937,-0.058363500846018844,-0.019423411726282754,-0.04620512145461194,-0.04620512145461194,0.0007344840249724412,0.006277695716395796,0.010007412898443275,0.014708620368646418,0.016639307566034843,0.01831091180866973
2018-07-31,27.3,27.35,27.15,27.25,27.25,2886,-0.03503595759049937,-0.058363500846018844,-0.02773321862591651,-0.04620512145461194,-0.04620512145461194,-0.00036683785766696854,0.005164146071560199,0.008636644046884674,0.013105307184682693,0.01572983450126722,0.017170586039567035
2018-08-01,27.25,27.45,27.25,27.45,27.45,2886,-0.043325413811776556,-0.04188518471070223,-0.011113604826648998,-0.01318448328067087,-0.01318448328067087,0.005126327352617979,0.010863561038482716,0.013788009356149263,0.0187418816106884,0.02196574832464631,0.023553539245541027
2018-08-02,27.4,27.5,27.3,27.35,27.35,2886,-0.018457045147945585,-0.03364602664304363,-0.002803797927015241,-0.02969480236764111,-0.02969480236764111,0.0014646649578908511,0.005329902591435382,0.008852821836960472,0.013432144511347872,0.01665303694892588,0.018874953433502945
2018-08-03,27.4,27.5,27.35,27.35,27.35,2886,-0.018457045147945585,-0.03364602664304363,0.005506008972618516,-0.02969480236764111,-0.02969480236764111,0.0007317965605561497,0.003669724770642254,0.007985257985258055,0.011745121612873222,0.015973254086181266,0.017926927609949714
2018-08-06,27.4,27.45,27.25,27.3,27.3,2886,-0.018457045147945585,-0.04188518471070223,-0.011113604826648998,-0.037949961911126526,-0.037949961911126526,-0.0014630577907828344,0.0005497526113247943,0.0049079754601226815,0.008496490579977851,0.012911843276936738,0.015121467526028875
2018-08-07,27.3,27.35,27.25,27.3,27.3,2886,-0.03503595759049937,-0.058363500846018844,-0.011113604826648998,-0.037949961911126526,-0.037949961911126526,-0.0018281535648994774,-0.00018311664530302162,0.00404560500183889,0.007380073800737981,0.011560693641618408,0.014304291287386275
2018-08-08,27.3,27.45,27.3,27.35,27.35,2886,-0.03503595759049937,-0.04188518471070223,-0.002803797927015241,-0.02969480236764111,-0.02969480236764111,0.0007317965605561497,0.0010980966325035717,0.005022048015678591,0.0077376565954312615,0.01213825771593514,0.015281816494462743
2018-08-09,26.1,26.25,26.0,26.05,26.05,2886,-0.23398290690114892,-0.2396249783345057,-0.21885877731748996,-0.24432895049825892,-0.24432895049825892,-0.037680088659032246,-0.041927179109966795,-0.040868924889543426,-0.03874538745387456,-0.03532809954080879,-0.032677311548459057
2018-08-10,26.15,26.35,26.1,26.35,26.35,2886,-0.22569345067987234,-0.2231466621991885,-0.20223916351822246,-0.19479799323734703,-0.19479799323734703,-0.019352437662820843,-0.027675276752767528,-0.028511736512228096,-0.02650780456266719,-0.024074074074074022,-0.020870749984517146
2018-08-13,26.25,26.3,26.05,26.15,26.15,2886,-0.20911453823731796,-0.2313858202668471,-0.21054897041785622,-0.2278186314112887,-0.2278186314112887,-0.0183933933933936,-0.031122638014079284,-0.033985962319911404,-0.032735343073793416,-0.030907204269196676,-0.02788104089219331
2018-08-14,26.1,26.15,26.0,26.0,26.0,2886,-0.23398290690114892,-0.2561032944698229,-0.21885877731748996,-0.25258411004174436,-0.25258411004174436,-0.01440485216072792,-0.03219802717290149,-0.03691813804173353,-0.03659101435849933,-0.035465202552307444,-0.03297793206050087
2018-08-15,26.0,26.05,25.6,25.6,25.6,2886,-0.2505618193437033,-0.2725816106051395,-0.28533723251455884,-0.3186253863896265,-0.3186253863896265,-0.016519400691509784,-0.040479760119939964,-0.047973224246931914,-0.04894585306956425,-0.04896351883498036,-0.046791609780315165
2018-08-16,25.5,25.5,25.3,25.35,25.35,2886,-0.333456381556474,-0.3632123493493829,-0.3351960739123608,-0.35990118410705296,-0.35990118410705296,-0.02085747392815769,-0.042673716012084556,-0.052572567584402624,-0.05560212349818384,-0.05614714424007741,-0.05475110310111231
2018-08-17,25.5,25.65,25.5,25.55,25.55,2886,-0.333456381556474,-0.3384948751464077,-0.30195684631382635,-0.3268805459331119,-0.3268805459331119,-0.0069957248348231525,-0.028517110266159697,-0.041035906418115733,-0.045751633986928025,-0.046641791044776115,-0.04622659117775163
2018-08-20,25.6,25.65,25.45,25.5,25.5,2886,-0.3168774691139196,-0.3384948751464077,-0.3102666532134601,-0.3351357054765973,-0.3351357054765973,-0.0039062500000000555,-0.023736600306278617,-0.03870319175672269,-0.04503323658833457,-0.046657694033198784,-0.04684774482930478
2018-08-21,25.65,25.85,25.55,25.85,25.85,2886,-0.30858801289264304,-0.3055382428757733,-0.2936470394141926,-0.2773495886722,-0.2773495886722,0.010950332420805675,-0.004812319538017324,-0.022068095838587598,-0.029654654654654493,-0.031980227681246226,-0.032740879326473335
2018-08-22,25.9,26.05,25.7,25.95,25.95,2886,-0.2671407317862577,-0.2725816106051395,-0.26871761871529193,-0.26083926958522974,-0.26083926958522974,0.012090483619344864,0.00445132572092117,-0.014556962025316438,-0.023610196594864255,-0.026704673317830743,-0.02827185920239652
2018-08-23,26.0,26.1,25.8,26.1,26.1,2886,-0.2505618193437033,-0.2643424525374809,-0.2520980049160244,-0.23607379095477352,-0.23607379095477352,0.01202016285381926,0.010061919504644162,-0.0057142857142856605,-0.015651518008674172,-0.019975968759387074,-0.021739130434782546
2018-08-24,26.1,26.1,25.85,26.0,26.0,2886,-0.23398290690114892,-0.2643424525374809,-0.24378819801639065,-0.25258411004174436,-0.25258411004174436,0.0046367851622873815,0.007556675062972303,-0.006116207951070477,-0.017106133635762105,-0.022409384869905253,-0.024268201150863075
2018-08-27,26.0,26.05,25.8,25.8,25.8,2886,-0.2505618193437033,-0.2725816106051395,-0.2520980049160244,-0.28560474821568543,-0.28560474821568543,-0.00539707016191199,0.0011641443538999278,-0.0099769762087491,-0.02198635329795306,-0.02824858757062147,-0.03056112224448895
2018-08-28,25.9,26.0,25.8,25.9,25.9,2886,-0.2671407317862577,-0.2808207686727981,-0.2520980049160244,-0.2690944291287152,-0.2690944291287152,-0.0019267822736031104,0.005434782608695536,-0.0025673940949935727,-0.01567695961995255,-0.022715266772319213,-0.025522041763340983
2018-08-29,25.9,25.95,25.75,25.85,25.85,2886,-0.2671407317862577,-0.2890599267404567,-0.26040781181565814,-0.2773495886722,-0.2773495886722,-0.0030852294639413147,0.002520845452782537,-0.0006443298969071798,-0.01458114933765355,-0.022610405323653923,-0.02599849284099464
2018-08-30,25.85,25.85,25.7,25.8,25.8,2886,-0.27543018800753427,-0.3055382428757733,-0.26871761871529193,-0.28560474821568543,-0.28560474821568543,-0.002705836876691022,-0.0011614401858304738,-0.0019342359767891956,-0.013572930606002693,-0.022208747062836296,-0.026598754951895936
2018-08-31,25.8,25.8,25.65,25.8,25.8,2886,-0.28371964422881146,-0.31377740094343193,-0.27702742561492566,-0.28560474821568543,-0.28560474821568543,-0.0011614401858304738,-0.002127248114484615,-0.0005165289256197778,-0.010641357492091013,-0.020054694621695617,-0.02525029909955278
2018-09-03,25.8,25.85,25.6,25.75,25.75,2886,-0.28371964422881146,-0.3055382428757733,-0.28533723251455884,-0.2938599077591708,-0.2938599077591708,-0.0027110766847405223,-0.005023183925811536,-0.0014219234746639933,-0.009615384615384616,-0.019719811177097635,-0.025666897899981125
2018-09-04,25.75,26.05,25.75,26.05,26.05,2886,-0.29200910045008865,-0.2725816106051395,-0.26040781181565814,-0.24432895049825892,-0.24432895049825892,0.007736943907156645,0.0057915057915058745,0.010081426909654826,0.0043373493975903885,-0.006483600305110532,-0.013008335438241994
2018-09-05,26.0,26.0,25.7,25.7,25.7,2886,-0.2505618193437033,-0.2808207686727981,-0.26871761871529193,-0.30211506730265625,-0.30211506730265625,-0.004647560030983909,-0.006763285024154617,-0.0037472541672051002,-0.005994971959002171,-0.017208413001912018,-0.024421105909148335
2018-09-06,25.6,25.9,25.5,25.9,25.9,2886,-0.3168774691139196,-0.2972990848081153,-0.30195684631382635,-0.2690944291287152,-0.2690944291287152,0.002321981424148695,0.0017404757300328042,0.0025806451612903135,0.0020311442112388,-0.007358577341714077,-0.015021867275147484
2018-09-07,25.7,25.9,25.65,25.9,25.9,2886,-0.30029855667136585,-0.2972990848081153,-0.27702742561492566,-0.2690944291287152,-0.2690944291287152,0.001546790409899288,0.0021280711936544675,0.001675905633621095,0.002904162633107427,-0.005147115310747633,-0.013333333333333388
2018-09-10,25.75,25.9,25.7,25.8,25.8,2886,-0.29200910045008865,-0.2972990848081153,-0.26871761871529193,-0.28560474821568543,-0.28560474821568543,-0.002705836876691022,-0.001741149158444502,-0.002962772124178848,-0.00029061319383887367,-0.006699006699006543,-0.015329813625087485
2018-09-11,25.85,26.0,25.8,26.0,26.0,2886,-0.27543018800753427,-0.2808207686727981,-0.2520980049160244,-0.25258411004174436,-0.25258411004174436,0.005413766434647989,0.005608199574550361,0.0043780582024208065,0.007459071975201108,0.0030090270812438455,-0.006116207951070477
2018-09-12,26.0,26.0,25.8,26.0,26.0,2886,-0.2505618193437033,-0.2808207686727981,-0.2520980049160244,-0.25258411004174436,-0.25258411004174436,0.003086419753086491,0.0050251256281408025,0.0042487446890691165,0.006678927499758126,0.005102829751043817,-0.00427650475521803
2018-09-13,25.95,26.1,25.85,26.1,26.1,2886,-0.2588512755649805,-0.2643424525374809,-0.24378819801639065,-0.23607379095477352,-0.23607379095477352,0.0053929121725733485,0.007722007722007832,0.008111239860950345,0.00908563696114452,0.008890606880556646,0.0011507479861910678
2018-09-14,26.05,26.1,25.95,25.95,25.95,2886,-0.24227236312242612,-0.2643424525374809,-0.22716858421712371,-0.26083926958522974,-0.26083926958522974,-0.0007701193685021014,0.0013505691684352747,0.002446561936646893,0.002511106818620735,0.0037131585054537048,-0.0028179838606377837
2018-09-17,26.05,26.45,26.05,26.4,26.4,2886,-0.24227236312242612,-0.20666834606387188,-0.21054897041785622,-0.1865428336938622,-0.1865428336938622,0.011881947106171036,0.016166281755196372,0.018256621239393138,0.018125723100655567,0.0207237859573151,0.015645037189022812
2018-09-18,26.4,26.85,26.4,26.8,26.8,2886,-0.184246169573487,-0.14075508152260366,-0.1523803221204211,-0.12050155734597949,-0.12050155734597949,0.02095238095238098,0.028593360199577856,0.03129810159055923,0.03166201520546633,0.03490886623416743,0.031695110997048526
2018-09-19,26.8,27.0,26.7,27.0,27.0,2886,-0.11793051980327007,-0.11603760731962845,-0.10252148072261914,-0.08748091917203842,-0.08748091917203842,0.020793950850661654,0.031124689707847916,0.03593809950121502,0.03726469458317322,0.04038224414303337,0.03986135181975737
2018-09-20,27.0,27.15,26.95,27.0,27.0,2886,-0.0847726949181619,-0.09132013311665324,-0.06097244622445095,-0.08748091917203842,-0.08748091917203842,0.013894104393541022,0.02681118083285803,0.03276807344128518,0.035474592521572416,0.03774310093012541,0.0385946916271317
2018-09-21,27.05,27.2,27.0,27.15,27.15,2886,-0.07648323869688473,-0.08308097504899464,-0.05266263932481719,-0.06271544054158276,-0.06271544054158276,0.010420543356903653,0.027630582891748693,0.03494282083862761,0.03893619056730119,0.04094778007821463,0.0432944793134366
2018-09-25,27.2,27.3,27.15,27.3,27.3,2886,-0.05161487003305375,-0.06660265891367745,-0.02773321862591651,-0.037949961911126526,-0.037949961911126526,0.009242144177449167,0.027474595408355305,0.036577648398936895,0.041686540112563245,0.04381738930947468,0.04751550808978718
2018-09-26,27.3,27.3,27.1,27.3,27.3,2886,-0.03503595759049937,-0.06660265891367745,-0.03604302552554968,-0.037949961911126526,-0.037949961911126526,0.005524861878453117,0.022471910112359605,0.033308099924299735,0.038911616401864885,0.041507706394018046,0.04577667113579775
2018-09-27,27.3,27.3,27.15,27.3,27.3,2886,-0.03503595759049937,-0.06660265891367745,-0.02773321862591651,-0.037949961911126526,-0.037949961911126526,0.0033076074972436553,0.01751770406261643,0.02915305353103795,0.03605313092979124,0.03936648138277631,0.04351149901255011
2018-09-28,27.25,27.5,27.2,27.5,27.5,2886,-0.043325413811776556,-0.03364602664304363,-0.019423411726282754,-0.004929323737185456,-0.004929323737185456,0.006957158549981608,0.019651464590285547,0.03254067584480603,0.04028749763571014,0.04475343818858739,0.04828462515883097
2018-10-01,27.5,27.75,27.5,27.5,27.5,2886,-0.0018781327053912099,0.007549763695248782,0.030435429671519198,-0.004929323737185456,-0.004929323737185456,0.0043827611395178025,0.013824884792626729,0.02842183994016447,0.03695324283559579,0.042377378515654554,0.04569364345015532
2018-10-02,27.6,27.6,27.0,27.15,27.15,2886,0.014700779737163164,-0.01716771050772643,-0.05266263932481719,-0.06271544054158276,-0.06271544054158276,-0.007312614259597909,-0.0018382352941176733,0.011926947446887824,0.021060549078601068,0.027008624602814293,0.030230204907665075
2018-10-03,27.05,27.3,27.0,27.1,27.1,2886,-0.07648323869688473,-0.06660265891367745,-0.05266263932481719,-0.07097060008506759,-0.07097060008506759,-0.007689491028927163,-0.004774146162320933,0.007310122661380336,0.017171811954583824,0.02325932638574232,0.026709604091684103
2018-10-04,27.1,27.3,27.0,27.3,27.3,2886,-0.06819378247560753,-0.06660265891367745,-0.05266263932481719,-0.037949961911126526,-0.037949961911126526,-0.00036616623947251773,0.001467351430667744,0.011485735457576965,0.021611001964636428,0.02855851103910793,0.03252647503782146
2018-10-05,27.25,27.3,26.7,26.8,26.8,2886,-0.043325413811776556,-0.06660265891367745,-0.10252148072261914,-0.12050155734597949,-0.12050155734597949,-0.013617960986381945,-0.016152716593245145,-0.00875354456910374,0.0012141589614270611,0.008201038296591542,0.012722005290338944
2018-10-08,26.8,27.25,26.75,27.0,27.0,2886,-0.11793051980327007,-0.07484181698133605,-0.09421167382298538,-0.08748091917203842,-0.08748091917203842,-0.002585888437384569,-0.008264462809917408,-0.003935071323167692,0.0066175785254916,0.013894104393541157,0.018996100138382207
2018-10-09,27.0,27.8,27.0,27.55,27.55,2886,-0.0847726949181619,0.01578892176290738,-0.05266263932481719,0.0033258358062999574,0.0033258358062999574,0.014732965009208182,0.011009174311926632,0.013488657265481317,0.02378298030471932,0.031757920754999724,0.0374694031255883
2018-10-11,26.9,27.1,26.35,26.5,26.5,2886,-0.10135160736071629,-0.09955929118431125,-0.16069012902005425,-0.1700325146068914,-0.1700325146068914,-0.019607843137254943,-0.024659550975340384,-0.02442017425450978,-0.01614999071839622,-0.008233532934131694,-0.0028222013170272546
2018-10-12,26.25,27.05,26.25,27.0,27.0,2886,-0.20911453823731796,-0.10779844925196985,-0.17730974281932177,-0.08748091917203842,-0.08748091917203842,0.0011123470522803537,-0.00515843773028755,-0.006013007731009964,0.0005558643690938305,0.008516360376512832,0.014529058116232332
2018-10-15,26.75,26.85,26.5,26.55,26.55,2886,-0.12621997602454726,-0.14075508152260366,-0.13576070832115358,-0.16177735506340596,-0.16177735506340596,-0.013744427934621006,-0.018302828618968293,-0.021498771498771455,-0.016939738961399595,-0.00925442197178885,-0.0033160232747293183
2018-10-16,26.6,26.75,26.45,26.6,26.6,2886,-0.15108834468837823,-0.15723339765792085,-0.14407051522078734,-0.15352219551992055,-0.15352219551992055,-0.008941877794336622,-0.0131700983120015,-0.018329437815229534,-0.01627218934911247,-0.008424662640721654,-0.002437652353272127
2018-10-17,26.7,26.75,26.5,26.65,26.65,2886,-0.13450943224582446,-0.15723339765792085,-0.13576070832115358,-0.14526703597643573,-0.14526703597643573,-0.0003750937734435527,-0.009477792231927245,-0.014908822079842385,-0.014878477035394267,-0.007818317200297872,-0.0016857089342574155
2018-10-18,26.65,26.65,26.3,26.35,26.35,2886,-0.14279888846710162,-0.17371171379323808,-0.168999935919688,-0.19479799323734703,-0.19479799323734703,-0.010514457378896024,-0.01789042117033173,-0.023712486105965193,-0.025157232704402503,-0.019498399940462933,-0.013293390750795615
2018-10-19,26.1,26.45,26.05,26.25,26.25,2886,-0.23398290690114892,-0.20666834606387188,-0.21054897041785622,-0.21130831232431788,-0.21130831232431788,-0.008685800604229623,-0.017773620205799864,-0.024888558692421923,-0.027507641011392043,-0.02358280017854487,-0.017712361232381298
2018-10-22,26.2,26.25,26.0,26.15,26.15,2886,-0.21740399445859515,-0.2396249783345057,-0.21885877731748996,-0.2278186314112887,-0.2278186314112887,-0.00946969696969697,-0.01912978244561133,-0.02534476332463659,-0.02968460111317257,-0.02737484192516554,-0.021759461313049584
2018-10-23,26.0,26.2,26.0,26.2,26.2,2886,-0.2505618193437033,-0.2478641364021643,-0.21885877731748996,-0.21956347186780328,-0.21956347186780328,-0.004559270516717363,-0.014296463506395882,-0.020316589804312588,-0.02611281479416426,-0.02587745389649024,-0.020255531318167697
2018-10-24,26.0,26.05,25.5,26.0,26.0,2886,-0.2505618193437033,-0.2725816106051395,-0.30195684631382635,-0.25258411004174436,-0.25258411004174436,-0.007254677357770055,-0.016083254493850545,-0.025000000000000043,-0.031206334420121048,-0.032738095238095205,-0.027976820985731253
2018-10-25,25.55,25.75,25.4,25.55,25.55,2886,-0.3251669253351968,-0.3220165590110905,-0.3185764601130939,-0.3268805459331119,-0.3268805459331119,-0.018440261237034208,-0.029624003038359326,-0.03814782281340188,-0.044859813084112125,-0.047707789787551164,-0.044264339152119705
2018-10-26,25.6,25.75,24.95,25.35,25.35,2886,-0.3168774691139196,-0.3220165590110905,-0.3933647222097965,-0.35990118410705296,-0.35990118410705296,-0.01934235976789168,-0.031148480794955007,-0.040983606557377004,-0.048869712034518155,-0.05283216260648625,-0.05097647719473381
2018-10-29,25.35,25.5,25.05,25.3,25.3,2886,-0.35832475022030497,-0.3632123493493829,-0.376745108410529,-0.3681563436505384,-0.3681563436505384,-0.014797507788161956,-0.028417818740399326,-0.039240506329113856,-0.046811717057549204,-0.052292478273898865,-0.05190181750046836
2018-10-30,25.45,25.5,25.2,25.45,25.45,2886,-0.3417458377777512,-0.3632123493493829,-0.3518156877116283,-0.3433908650200827,-0.3433908650200827,-0.0031335683509597276,-0.018322082931533323,-0.029736942432329567,-0.037443267776096766,-0.04423914676280597,-0.045684644709705784
2018-10-31,25.8,26.15,25.6,26.15,26.15,2886,-0.28371964422881146,-0.2561032944698229,-0.28533723251455884,-0.2278186314112887,-0.2278186314112887,0.02308294209702646,0.010628019323671443,0.0005101390128809538,-0.00909435392194007,-0.016251598826273368,-0.01912978244561159
2018-11-01,25.8,25.95,25.7,25.85,25.85,2886,-0.28371964422881146,-0.2890599267404567,-0.26871761871529193,-0.2773495886722,-0.2773495886722,0.008977361436377986,0.0009680542110359005,-0.009325498211548114,-0.018136929066565215,-0.025410948574875563,-0.02922951743130747
2018-11-02,26.0,26.25,25.9,26.25,26.25,2886,-0.2505618193437033,-0.2396249783345057,-0.23547839111675747,-0.21130831232431788,-0.21130831232431788,0.01744186046511625,0.016456921587608933,0.007935492128503788,-0.0009514747859181191,-0.008760667623291267,-0.013281543666207315
2018-11-05,26.1,26.3,25.9,26.3,26.3,2886,-0.23398290690114892,-0.2313858202668471,-0.23547839111675747,-0.20305315278083244,-0.20305315278083244,0.011538461538461565,0.017801857585139493,0.01050204918032801,0.0019047619047619319,-0.005069229023227674,-0.010534236267870489
2018-11-06,26.3,26.3,26.05,26.25,26.25,2886,-0.20082508201604077,-0.2313858202668471,-0.21054897041785622,-0.21130831232431788,-0.21130831232431788,0.0034403669724769226,0.015670342426001207,0.009485963338033703,0.0014306151645207981,-0.005078835657974543,-0.011299435028248614
2018-11-07,26.25,26.5,26.15,26.5,26.5,2886,-0.20911453823731796,-0.19842918799621329,-0.1939293566185893,-0.1700325146068914,-0.1700325146068914,0.010293556995806313,0.023363583703417665,0.01949217748140553,0.012996941896024322,0.005387358676682581,-0.0008797285409073807
2018-11-08,26.6,26.7,26.35,26.7,26.7,2886,-0.15108834468837823,-0.16547255572557945,-0.16069012902005425,-0.13701187643295032,-0.13701187643295032,0.011363636363636392,0.026528258362168308,0.02626521460602179,0.020252197172334778,0.013590463897957655,0.007420450257829158
2018-11-09,26.65,26.65,26.2,26.45,26.45,2886,-0.14279888846710162,-0.17371171379323808,-0.18561954971895553,-0.1782876741503768,-0.1782876741503768,0.0003782148260212392,0.012633996937212935,0.016135228582404983,0.011762455771253608,0.005397597688915763,-0.0009442870632673137
2018-11-12,26.35,26.55,26.15,26.5,26.5,2886,-0.19253562579476358,-0.1901900299285547,-0.1939293566185893,-0.1700325146068914,-0.1700325146068914,0.000755287009063428,0.009908536585365915,0.01714431934493342,0.013771996939556351,0.007757833891086121,0.0022061140876142543
2018-11-13,26.2,26.55,26.2,26.5,26.5,2886,-0.21740399445859515,-0.1901900299285547,-0.18561954971895553,-0.1700325146068914,-0.1700325146068914,-0.0011307953260460285,0.005883469349022628,0.016364101252876472,0.013965946049359175,0.008524889633125293,0.0034711265383401075
2018-11-14,26.45,26.5,26.35,26.5,26.5,2886,-0.1759567133522098,-0.19842918799621329,-0.16069012902005425,-0.1700325146068914,-0.1700325146068914,-0.0011307953260460285,0.004548900682335005,0.01506639427987733,0.014257008898670072,0.010139513608294511,0.0042950985346135746
2018-11-15,26.4,26.5,26.3,26.4,26.4,2886,-0.184246169573487,-0.19842918799621329,-0.168999935919688,-0.1865428336938622,-0.1865428336938622,-0.0026445032111824815,-0.0013240022697183164,0.009045738310612736,0.01033295063145794,0.006481128478840951,0.0013908205841444584
2018-11-16,26.5,26.55,26.4,26.5,26.5,2886,-0.1676672571309326,-0.1901900299285547,-0.1523803221204211,-0.1700325146068914,-0.1700325146068914,0.000755287009063428,0.0015117157974300509,0.009908536585365777,0.01367505020560383,0.011064479206409735,0.006201746614352639
2018-11-19,26.5,26.55,26.4,26.5,26.5,2886,-0.1676672571309326,-0.1901900299285547,-0.1523803221204211,-0.1700325146068914,-0.1700325146068914,0.000755287009063428,0.000755287009063428,0.006838905775075977,0.012996941896024322,0.011141636141636066,0.006583945302608205
2018-11-20,26.4,26.45,26.3,26.3,26.3,2886,-0.184246169573487,-0.20666834606387188,-0.168999935919688,-0.20305315278083244,-0.20305315278083244,-0.005295007564296408,-0.006985085897677749,-0.0029066093769746486,0.005159564303458879,0.003970071766682042,-0.00012672665061464405
2018-11-21,26.2,26.3,26.15,26.3,26.3,2886,-0.21740399445859515,-0.2313858202668471,-0.1939293566185893,-0.20305315278083244,-0.20305315278083244,-0.0037878787878787073,-0.006234649537124338,-0.003284487114704371,0.0045836516424752095,0.004506913146436428,0.0014596687186648812
2018-11-22,26.3,26.3,26.05,26.2,26.2,2886,-0.20082508201604077,-0.2313858202668471,-0.21054897041785622,-0.21956347186780328,-0.21956347186780328,-0.006069802731411369,-0.008139314783267078,-0.007951533510034244,-0.00047687172150688757,0.0009168704156479566,-0.0019681290076820216
2018-11-23,26.15,26.35,26.1,26.25,26.25,2886,-0.22569345067987234,-0.2231466621991885,-0.20223916351822246,-0.21130831232431788,-0.21130831232431788,-0.002280501710376369,-0.005493464671339252,-0.006058311245740256,-0.0002856326763781885,0.0028270171149144875,0.0008896797153024947
2018-11-26,26.25,26.6,26.1,26.15,26.15,2886,-0.20911453823731796,-0.1819508718608961,-0.20223916351822246,-0.2278186314112887,-0.2278186314112887,-0.0034298780487804826,-0.007966616084977405,-0.00946969696969697,-0.00570342205323202,-0.0009932762836187099,-0.0024160732451678248
2018-11-27,26.15,26.2,25.9,25.95,25.95,2886,-0.22569345067987234,-0.2478641364021643,-0.23547839111675747,-0.26083926958522974,-0.26083926958522974,-0.008406572411157772,-0.013495533168599142,-0.016300227445034107,-0.014245014245014245,-0.008254987388213753,-0.00922685332484889
2018-11-28,26.05,26.15,25.9,26.15,26.15,2886,-0.24227236312242612,-0.2561032944698229,-0.23547839111675747,-0.2278186314112887,-0.2278186314112887,0.0003825554705432886,-0.004567948229920099,-0.007841153408372475,-0.006647673314340008,-0.0008405930001527765,-0.000955109837631409
2018-11-29,26.15,26.2,25.75,25.75,25.75,2886,-0.22569345067987234,-0.2478641364021643,-0.26040781181565814,-0.2938599077591708,-0.2938599077591708,-0.01151631477927066,-0.017363098645296768,-0.020664300202839745,-0.021656534954407305,-0.016424751718869354,-0.015484610973045217
2018-11-30,25.9,26.15,25.55,25.6,25.6,2886,-0.2671407317862577,-0.2561032944698229,-0.2936470394141926,-0.3186253863896265,-0.3186253863896265,-0.012345679012345553,-0.019720467164464753,-0.024266293990598268,-0.026153114598193056,-0.02252768232149675,-0.02040816326530605
2018-12-03,25.85,26.0,25.8,25.85,25.85,2886,-0.27543018800753427,-0.2808207686727981,-0.2520980049160244,-0.2773495886722,-0.2773495886722,-0.00038669760247492507,-0.007677543186180395,-0.013107660982438159,-0.01580049495526376,-0.013810468487715487,-0.01046318744417507
2018-12-04,25.85,26.05,25.85,26.05,26.05,2886,-0.27543018800753427,-0.2725816106051395,-0.24378819801639065,-0.24432895049825892,-0.24432895049825892,0.006568778979907193,0.0009606147934679013,-0.004331762007899093,-0.007808036564463982,-0.007089495349900897,-0.0026162976198072204
2018-12-05,25.9,26.0,25.8,25.85,25.85,2886,-0.2671407317862577,-0.2808207686727981,-0.2520980049160244,-0.2773495886722,-0.2773495886722,0.0011618900077458396,-0.005003849114703579,-0.010336906584992192,-0.01420535799408913,-0.014261744966442906,-0.010084248149093637
2018-12-06,25.85,25.85,25.65,25.8,25.8,2886,-0.27543018800753427,-0.3055382428757733,-0.27702742561492566,-0.28560474821568543,-0.28560474821568543,-0.0011614401858304738,-0.00539707016191199,-0.010736196319018313,-0.014420781205233416,-0.016093356723362085,-0.012314170867096233
2018-12-07,25.8,25.85,25.7,25.85,25.85,2886,-0.28371964422881146,-0.3055382428757733,-0.26871761871529193,-0.2773495886722,-0.2773495886722,-0.001159196290571914,-0.0019305019305018208,-0.007169376520291925,-0.011377760780189154,-0.013584675265206368,-0.011031052732257749
2018-12-10,25.65,25.7,25.55,25.65,25.65,2886,-0.30858801289264304,-0.3302557170787491,-0.2936470394141926,-0.3103702268461417,-0.3103702268461417,-0.007352941176470775,-0.0077369439071567825,-0.012702078521940025,-0.0174296111855967,-0.02024446142093205,-0.019120458891013385
2018-12-11,25.6,25.8,25.55,25.75,25.75,2886,-0.3168774691139196,-0.31377740094343193,-0.2936470394141926,-0.2938599077591708,-0.2938599077591708,-0.0011636927851047764,-0.003097173828881217,-0.007452139277913334,-0.012179917521818453,-0.015672782874617742,-0.015672782874617742
2018-12-12,25.9,25.9,25.6,25.7,25.7,2886,-0.2671407317862577,-0.2972990848081153,-0.28533723251455884,-0.30211506730265625,-0.30211506730265625,-0.0019417475728155617,-0.0032964902074851424,-0.007849697593617151,-0.012582845067716725,-0.016380894060012145,-0.017020462803595343
2018-12-13,25.7,25.75,25.6,25.7,25.7,2886,-0.30029855667136585,-0.3220165590110905,-0.28533723251455884,-0.30211506730265625,-0.30211506730265625,-0.001165954139137238,-0.003103180760279358,-0.0065713181291071395,-0.011253246128690985,-0.014872738423796446,-0.016832440703901982
2018-12-14,25.55,25.7,25.5,25.65,25.65,2886,-0.3251669253351968,-0.3302557170787491,-0.30195684631382635,-0.3103702268461417,-0.3103702268461417,-0.00155702608018681,-0.005235602094241036,-0.006968641114982568,-0.011560693641618524,-0.01558182376420014,-0.017993874425727505
2018-12-17,25.7,25.8,25.65,25.8,25.8,2886,-0.30029855667136585,-0.31377740094343193,-0.27702742561492566,-0.28560474821568543,-0.28560474821568543,0.003110419906687475,0.000775795190069805,-0.0002583311805735356,-0.004437584410572967,-0.008759797141539804,-0.011620482696973612
2018-12-18,25.75,25.8,25.5,25.6,25.6,2886,-0.29200910045008865,-0.31377740094343193,-0.30195684631382635,-0.3186253863896265,-0.3186253863896265,-0.0035033086804202537,-0.005245774237419916,-0.007110536522301237,-0.010819165378670831,-0.015081563558017696,-0.01846763371461431
2018-12-19,25.65,25.7,25.5,25.7,25.7,2886,-0.30858801289264304,-0.3302557170787491,-0.30195684631382635,-0.30211506730265625,-0.30211506730265625,0.00038925652004677164,-0.0007776049766718341,-0.0020709293295366775,-0.005802707930367587,-0.010015408320493127,-0.013625023987718305
2018-12-20,25.55,25.7,25.5,25.7,25.7,2886,-0.3251669253351968,-0.3302557170787491,-0.30195684631382635,-0.30211506730265625,-0.30211506730265625,0.00038925652004677164,-0.0003889537145078962,-0.0019417475728155617,-0.00484027105517909,-0.008946475397192632,-0.01236149362710557
2018-12-21,25.65,25.65,25.55,25.65,25.65,2886,-0.30858801289264304,-0.3384948751464077,-0.2936470394141926,-0.3103702268461417,-0.3103702268461417,-0.00155702608018681,-0.00155702608018681,-0.004012425575977295,-0.005621244427214561,-0.009576029036991453,-0.013271783035199169
2018-12-22,25.55,25.6,25.5,25.6,25.6,2886,-0.3251669253351968,-0.3467340332140657,-0.30195684631382635,-0.3186253863896265,-0.3186253863896265,-0.0019493177387913123,-0.0033093245084677347,-0.005310192980183916,-0.00650043659648784,-0.0101306936818497,-0.01405738494126703
2018-12-24,25.55,25.6,25.45,25.5,25.5,2886,-0.3251669253351968,-0.3467340332140657,-0.3102666532134601,-0.3351357054765973,-0.3351357054765973,-0.005072181037846373,-0.00623538581449714,-0.0077821011673151474,-0.009516410953583122,-0.012775842044134662,-0.016646314030464748
2018-12-25,25.3,25.45,25.3,25.35,25.35,2886,-0.36661420644158216,-0.3714515074170415,-0.3351960739123608,-0.35990118410705296,-0.35990118410705296,-0.008215962441314449,-0.010731707317073116,-0.012337662337662328,-0.013810542695973562,-0.01713709677419342,-0.02098352214212151
2018-12-26,25.4,25.45,25.2,25.25,25.25,2886,-0.3500352939990284,-0.3714515074170415,-0.3518156877116283,-0.3764115031940238,-0.3764115031940238,-0.00863761287789552,-0.012900703674745967,-0.0148263753413969,-0.01674454828660435,-0.019569775568843727,-0.0233997292593309
2018-12-27,25.35,25.55,25.25,25.3,25.3,2886,-0.35832475022030497,-0.35497319128172433,-0.34350588081199457,-0.3681563436505384,-0.3681563436505384,-0.003937007874015665,-0.009590917987864591,-0.011461318051575782,-0.014221702707968126,-0.016176699331155852,-0.01994964168119299
2018-12-28,25.35,25.95,25.2,25.95,25.95,2886,-0.35832475022030497,-0.2890599267404567,-0.3518156877116283,-0.26083926958522974,-0.26083926958522974,0.018845700824499288,0.015258215962441337,0.013144195731389734,0.010907674328009395,0.009413412167418738,0.005943920403152827
2019-01-02,25.7,25.7,25.3,25.45,25.45,2886,-0.30029855667136585,-0.3302557170787491,-0.3351960739123608,-0.3433908650200827,-0.3433908650200827,-0.0003927729772192287,-0.003718927383049476,-0.005600416775202056,-0.007410296411856386,-0.009265026471504324,-0.0123536640579522
2019-01-03,25.3,25.5,25.2,25.45,25.45,2886,-0.36661420644158216,-0.3632123493493829,-0.3518156877116283,-0.3433908650200827,-0.3433908650200827,-0.0011773940345369363,-0.0027429467084641,-0.004952430600808107,-0.006635441061670498,-0.008183943881527702,-0.01126651126651137
2019-01-04,25.25,25.4,25.2,25.25,25.25,2886,-0.37490366266285935,-0.3796906654847001,-0.3518156877116283,-0.3764115031940238,-0.3764115031940238,-0.009026687598116185,-0.008832188420019682,-0.011612734864300634,-0.013382827000097729,-0.015210608424336995,-0.01782820097244728
2019-01-07,25.55,25.6,25.45,25.6,25.6,2886,-0.3251669253351968,-0.3467340332140657,-0.3102666532134601,-0.3186253863896265,-0.3186253863896265,0.0023492560689116005,0.005104043973301884,0.0022184523032755484,0.0007818608287724618,-0.0015600624024960665,-0.003373994290163483
2019-01-08,25.65,25.65,25.45,25.5,25.5,2886,-0.30858801289264304,-0.3384948751464077,-0.3102666532134601,-0.3351357054765973,-0.3351357054765973,0.0019646365422397137,0.0015710919088766358,-0.0009141961603761302,-0.002835076742594645,-0.004916881292437278,-0.0064289888953829215
2019-01-09,25.65,25.85,25.55,25.85,25.85,2886,-0.30858801289264304,-0.3055382428757733,-0.2936470394141926,-0.2773495886722,-0.2773495886722,0.012534273403838631,0.01392429888213391,0.012137823022709564,0.010653895024924283,0.00905613240690137,0.007339092030915083
2019-01-10,25.85,26.1,25.8,26.1,26.1,2886,-0.27543018800753427,-0.2643424525374809,-0.2520980049160244,-0.23607379095477352,-0.23607379095477352,0.017147310989867406,0.020727414939382134,0.02086049543676669,0.019630823322590005,0.018417356016856613,0.017147310989867548
2019-01-11,26.15,26.15,25.95,26.0,26.0,2886,-0.22569345067987234,-0.2561032944698229,-0.22716858421712371,-0.25258411004174436,-0.25258411004174436,0.00736148779542804,0.013842854357574593,0.01615424700364776,0.015129331381161515,0.014198782961460477,0.012921238880592182
2019-01-14,26.0,26.1,25.8,26.05,26.05,2886,-0.2505618193437033,-0.2643424525374809,-0.2520980049160244,-0.24432895049825892,-0.24432895049825892,0.0057915057915058745,0.012830482115085608,0.01704841228526798,0.0162879157319809,0.015832163469037545,0.014276443867618447
2019-01-15,26.1,26.2,25.95,26.2,26.2,2886,-0.23398290690114892,-0.2478641364021643,-0.22716858421712371,-0.21956347186780328,-0.21956347186780328,0.006144393241167441,0.017673334628083195,0.021309771309771318,0.021342949030309057,0.020805735213901617,0.01965362911072203
2019-01-16,26.15,26.15,26.0,26.0,26.0,2886,-0.22569345067987234,-0.2561032944698229,-0.21885877731748996,-0.25258411004174436,-0.25258411004174436,-0.00268507863444587,0.007751937984496096,0.012198287049052656,0.012756840977700036,0.012618787973204613,0.0119356512714064
2019-01-17,26.0,26.1,25.95,26.1,26.1,2886,-0.2505618193437033,-0.2643424525374809,-0.22716858421712371,-0.23607379095477352,-0.23607379095477352,0.0011507479861910678,0.00908563696114452,0.014117342313171867,0.01586065972560081,0.015880429705744888,0.015498346410738746
2019-01-18,26.1,26.25,26.0,26.1,26.1,2886,-0.23398290690114892,-0.2396249783345057,-0.21885877731748996,-0.23607379095477352,-0.23607379095477352,0.0003832886163282912,0.005780346820809331,0.011889377100025914,0.015070491006319995,0.015248171775322835,0.015103390160108981
2019-01-21,26.25,26.3,26.2,26.25,26.25,2886,-0.20911453823731796,-0.2313858202668471,-0.18561954971895553,-0.21130831232431788,-0.21130831232431788,0.004592422502870165,0.009033250048049318,0.015212066520561977,0.01971447994561524,0.020130576713819397,0.020408163265306065
2019-01-22,26.25,26.45,26.15,26.45,26.45,2886,-0.20911453823731796,-0.20666834606387188,-0.1939293566185893,-0.1782876741503768,-0.1782876741503768,0.01031321619556912,0.013021830716200547,0.021629972962533887,0.02579018809385284,0.026865439863343294,0.02711798589088074
2019-01-23,26.25,26.6,26.25,26.6,26.6,2886,-0.20911453823731796,-0.1819508718608961,-0.17730974281932177,-0.15352219551992055,-0.15352219551992055,0.011406844106463905,0.015848768378842814,0.024390243902439143,0.029411764705882554,0.03108768121559809,0.031807602792862835
2019-01-24,26.55,26.6,26.35,26.6,26.6,2886,-0.15937780090965542,-0.1819508718608961,-0.16069012902005425,-0.15352219551992055,-0.15352219551992055,0.0075757575757576835,0.013912712025919786,0.021374632023550562,0.026927902712093627,0.029650847720058906,0.030608291359938113
2019-01-25,26.35,26.55,26.35,26.5,26.5,2886,-0.19253562579476358,-0.1901900299285547,-0.16069012902005425,-0.1700325146068914,-0.1700325146068914,0.000755287009063428,0.008179570097013637,0.014289359530492532,0.020604660119391632,0.024510941003633987,0.02567410656689462
2019-01-28,26.5,26.55,26.35,26.5,26.5,2886,-0.1676672571309326,-0.1901900299285547,-0.16069012902005425,-0.1700325146068914,-0.1700325146068914,-0.0011307953260460285,0.006456513482719261,0.011965376782077502,0.018251681075888624,0.023166023166023224,0.02455055093756047
2019-01-29,26.45,26.7,26.35,26.7,26.7,2886,-0.1759567133522098,-0.16547255572557945,-0.16069012902005425,-0.13701187643295032,-0.13701187643295032,0.004514672686230152,0.012130401819560148,0.01649746192893402,0.02446043165467623,0.0291396854764106,0.031087082448349092
2019-01-30,26.7,26.85,26.6,26.6,26.6,2886,-0.13450943224582446,-0.14075508152260366,-0.11914109452188607,-0.15352219551992055,-0.15352219551992055,0.0007524454477050253,0.0060514372163387505,0.010766307789740404,0.01837672281776432,0.023549330460212337,0.025904737417239834
2019-02-11,26.95,26.95,26.4,26.4,26.4,2886,-0.0930621511394391,-0.12427676538728705,-0.1523803221204211,-0.1865428336938622,-0.1865428336938622,-0.005275056518462719,-0.0026445032111824815,0.002404758891279556,0.008885067354542779,0.014214368036880424,0.017275704835912807
2019-02-12,26.45,26.75,26.4,26.55,26.55,2886,-0.1759567133522098,-0.15723339765792085,-0.1523803221204211,-0.16177735506340596,-0.16177735506340596,0.0,0.0013200075429003846,0.00669868554095056,0.012103306966549226,0.017943409247756933,0.021939953810623566
2019-02-13,26.55,26.7,26.5,26.55,26.55,2886,-0.15937780090965542,-0.16547255572557945,-0.13576070832115358,-0.16177735506340596,-0.16177735506340596,-0.0003765060240964444,0.0001883593897156737,0.005427922241858293,0.01027397260273971,0.015995714067044347,0.020761245674740452
2019-02-14,26.5,26.65,26.5,26.5,26.5,2886,-0.1676672571309326,-0.17371171379323808,-0.13576070832115358,-0.1700325146068914,-0.1700325146068914,-0.0007541478129714602,-0.0018832391713747914,0.00277497477295664,0.006456513482719261,0.013229333945094445,0.01766513056835627
2019-02-15,26.5,26.65,26.4,26.4,26.4,2886,-0.1676672571309326,-0.17371171379323808,-0.1523803221204211,-0.1865428336938622,-0.1865428336938622,-0.0030211480362538463,-0.004900113079532701,-0.0020161290322581113,0.0016124442758228372,0.007941356139279244,0.0126582278481012
2019-02-18,26.55,26.75,26.55,26.7,26.7,2886,-0.15937780090965542,-0.15723339765792085,-0.12745090142151982,-0.13701187643295032,-0.13701187643295032,0.006028636021100231,0.006028636021100231,0.0078007045797683725,0.011842728564661299,0.01745293803825908,0.02240091901206207
2019-02-19,26.7,26.85,26.65,26.8,26.8,2886,-0.13450943224582446,-0.14075508152260366,-0.1108312876222529,-0.12050155734597949,-0.12050155734597949,0.007897705904475534,0.008656379375235244,0.00979653353428779,0.014095166020244151,0.018856447688564426,0.024203821656050936
2019-02-20,26.85,26.95,26.8,26.95,26.95,2886,-0.10964106358199288,-0.12427676538728705,-0.08590186692335162,-0.09573607871552384,-0.09573607871552384,0.010498687664042038,0.012586887093744161,0.013665997993981945,0.018037586174331956,0.022459974201380937,0.02777601220364832
2019-02-21,26.9,27.0,26.85,27.0,27.0,2886,-0.10135160736071629,-0.11603760731962845,-0.07759206002371787,-0.08748091917203842,-0.08748091917203842,0.008591707134852463,0.013323325201726419,0.014147990484537316,0.018387553041018415,0.022030433795139567,0.02831027040751565
2019-02-22,26.95,27.0,26.85,26.95,26.95,2886,-0.0930621511394391,-0.11603760731962845,-0.07759206002371787,-0.09573607871552384,-0.09573607871552384,0.0026041666666668096,0.010119940029985126,0.011383537653239977,0.014683734939758922,0.01844153881036957,0.02445514445007593
2019-02-25,27.0,27.1,26.95,27.1,27.1,2886,-0.0847726949181619,-0.09955929118431125,-0.06097244622445095,-0.07097060008506759,-0.07097060008506759,0.005192878338278952,0.013084112149532763,0.015742128935532163,0.01841413002630584,0.02256433476718748,0.028007839666181953
2019-02-26,27.1,27.1,26.95,27.0,27.0,2886,-0.06819378247560753,-0.09955929118431125,-0.06097244622445095,-0.08748091917203842,-0.08748091917203842,0.0,0.0076506810972197,0.010731220364362314,0.01294316263365218,0.017255670258458367,0.021953065859197513
2019-02-27,27.1,27.25,27.05,27.25,27.25,2886,-0.06819378247560753,-0.07484181698133605,-0.04435283242518343,-0.04620512145461194,-0.04620512145461194,0.007021433850702059,0.014330913828401324,0.018184082700211653,0.02040816326530605,0.024821361414065445,0.029272898961284176
2019-03-04,27.0,27.25,26.9,27.0,27.0,2886,-0.0847726949181619,-0.07484181698133605,-0.0692822531240847,-0.08748091917203842,-0.08748091917203842,-0.002217294900221813,0.003158090284228157,0.008089607965152396,0.010006546338726338,0.014198782961460451,0.01790763430725736
2019-03-05,27.0,27.1,26.85,26.95,26.95,2886,-0.0847726949181619,-0.09955929118431125,-0.07759206002371787,-0.09573607871552384,-0.09573607871552384,-0.004065040650406614,-0.0007415647015201919,0.005346928624720126,0.007476635514018665,0.010877719429857432,0.014620066511890649
2019-03-06,27.1,27.1,26.95,27.1,27.1,2886,-0.06819378247560753,-0.09955929118431125,-0.06097244622445095,-0.07097060008506759,-0.07097060008506759,0.001478196600147788,0.0033320992225103077,0.009185700099304979,0.01213818860877695,0.01498127340823978,0.01898853167888697
2019-03-07,27.05,27.15,27.0,27.1,27.1,2886,-0.07648323869688473,-0.09132013311665324,-0.05266263932481719,-0.07097060008506759,-0.07097060008506759,0.0007385524372230271,0.002218934911242556,0.007809594644849418,0.01100540943853765,0.013462976813761997,0.01758558107516116
2019-03-08,27.0,27.1,27.0,27.0,27.0,2886,-0.0847726949181619,-0.09955929118431125,-0.05266263932481719,-0.08748091917203842,-0.08748091917203842,-0.0011098779134295648,-0.0016638935108152396,0.0029717682020801743,0.006336190831159081,0.008591707134852463,0.012626578322290262
2019-03-11,27.15,27.4,27.05,27.25,27.25,2886,-0.05990432625433093,-0.05012434277836083,-0.04435283242518343,-0.04620512145461194,-0.04620512145461194,0.006277695716395796,0.006649427410417426,0.010381905821282816,0.01461416736479575,0.016715170509663337,0.02066296273175601
2019-03-12,27.35,27.5,27.25,27.3,27.3,2886,-0.026746501369222183,-0.03364602664304363,-0.011113604826648998,-0.037949961911126526,-0.037949961911126526,0.005524861878453117,0.0071942446043165575,0.009988901220865822,0.015152923677605236,0.017517704062616567,0.020878778435649743
2019-03-13,27.3,27.45,27.25,27.45,27.45,2886,-0.03503595759049937,-0.04188518471070223,-0.011113604826648998,-0.01318448328067087,-0.01318448328067087,0.00844966936076416,0.011422254974207631,0.01366322008862633,0.0187418816106884,0.021813579511614,0.024763563962170124
2019-03-14,27.35,27.45,27.15,27.3,27.3,2886,-0.026746501369222183,-0.04188518471070223,-0.02773321862591651,-0.037949961911126526,-0.037949961911126526,0.0014673514306676135,0.004784688995215405,0.006884681583476792,0.011766885944593814,0.015020820939916713,0.01764413518886691
2019-03-15,27.3,27.45,27.3,27.45,27.45,2886,-0.03503595759049937,-0.04188518471070223,-0.002803797927015241,-0.01318448328067087,-0.01318448328067087,0.003656307129798825,0.009562339095255404,0.011173870333988258,0.015632226436037483,0.019157941635107974,0.021712158808932958
2019-03-18,27.5,27.85,27.45,27.85,27.85,2886,-0.0018781327053912099,0.02402807983056598,0.02212562277188544,0.05285679306721185,0.05285679306721185,0.013833272661084913,0.021081576535288832,0.023771596618061573,0.027864919726886976,0.032246108228317305,0.03480307158781276
2019-03-19,27.9,28.1,27.9,28.0,28.0,2886,0.06443751706482512,0.06522387016885839,0.09691388486858807,0.07762227169766751,0.07762227169766751,0.014125316914161686,0.022644265887509035,0.026643852358836467,0.03035878564857403,0.0356561621541649,0.038575667655786315
2019-03-20,28.0,28.0,27.8,28.0,28.0,2886,0.08101642950737949,0.048745554033541194,0.08029427106932115,0.07762227169766751,0.07762227169766751,0.010101010101010142,0.019293775027302555,0.02439024390243907,0.027900146842878046,0.03321033210332098,0.03678104171809426
2019-03-21,28.0,28.1,27.85,28.1,28.1,2886,0.08101642950737949,0.06522387016885839,0.0886040779689549,0.09413259078463834,0.09413259078463834,0.00789096126255376,0.01922379397896268,0.02529798102651443,0.02911554660318629,0.03453353950371852,0.03843311160384327
2019-03-22,28.1,28.2,28.0,28.0,28.0,2886,0.09759534194993387,0.081702186304175,0.11353349866785559,0.07762227169766751,0.07762227169766751,0.00035727045373340515,0.011926273942898514,0.01978875804297693,0.023485333089646152,0.02865540044085236,0.03282921431206186
2019-03-25,27.8,27.9,27.7,27.75,27.75,2886,0.047858604622271324,0.03226723789822399,0.06367465727005363,0.036346473980241024,0.036346473980241024,-0.007865570253843364,0.0010822510822511232,0.008846340281144057,0.012958569081949145,0.017601760176017618,0.02228771412783203
2019-03-26,27.75,28.05,27.75,28.0,28.0,2886,0.03956914840099414,0.05698471210119979,0.07198446416968739,0.07762227169766751,0.07762227169766751,0.0010725777618877776,0.007556675062972323,0.015351142270035137,0.02012933782676012,0.024365259383917478,0.029727244866687107
2019-03-27,28.0,28.1,27.9,27.95,27.95,2886,0.08101642950737949,0.06522387016885839,0.09691388486858807,0.06936711215418209,0.06936711215418209,-0.00035765379113024187,0.003951149425287464,0.011459589867310004,0.016733357584576242,0.020669003797838113,0.025939067661813302
2019-03-28,27.95,28.05,27.9,27.95,27.95,2886,0.0727269732861023,0.05698471210119979,0.09691388486858807,0.06936711215418209,0.06936711215418209,0.0007160759040458136,0.0016126142268410016,0.009389671361502275,0.014979573309123844,0.018957345971563965,0.02418468303407829
2019-03-29,27.95,28.05,27.85,28.05,28.05,2886,0.0727269732861023,0.05698471210119979,0.0886040779689549,0.08587743124115292,0.08587743124115292,0.0039370078740158555,0.003039513677811708,0.010446685878962634,0.01713353277128107,0.02096527626119242,0.025969275786393728
2019-04-01,28.05,28.1,27.9,27.9,27.9,2886,0.08930588572865668,0.06522387016885839,0.09691388486858807,0.06111195261069668,0.06111195261069668,-0.0025026814444047297,-0.0025026814444047297,0.003476801342764561,0.010046158023350654,0.014176663031624754,0.018743914313534647
2019-04-02,27.9,28.0,27.85,27.85,27.85,2886,0.06443751706482512,0.048745554033541194,0.0886040779689549,0.05285679306721185,0.05285679306721185,-0.0032211882605582072,-0.003756036487211605,0.00035919540229890673,0.0065961868618415465,0.011036085094024616,0.015126663021687725
2019-04-03,28.0,28.1,27.95,28.0,28.0,2886,0.08101642950737949,0.06522387016885839,0.10522369176822183,0.07762227169766751,0.07762227169766751,0.001788908765652977,0.0016097299230906153,0.0044242496711706875,0.010374379792512456,0.015154811108693917,0.018984654576332798
2019-04-08,28.1,28.15,28.0,28.05,28.05,2886,0.09759534194993387,0.0734630282365164,0.11353349866785559,0.08587743124115292,0.08587743124115292,0.0028602073650340312,0.003577817531305954,0.004416328479350735,0.010446685878962504,0.015421372719374398,0.0192587209302326
2019-04-09,28.05,28.2,28.05,28.2,28.2,2886,0.08930588572865668,0.081702186304175,0.12184330556748935,0.11064290987160857,0.11064290987160857,0.0071428571428571175,0.008223096174472665,0.007982842845228145,0.013659237958303342,0.019449063697491022,0.023160186249017303
2019-04-10,28.1,28.25,28.05,28.15,28.15,2886,0.09759534194993387,0.08994134437183361,0.12184330556748935,0.10238775032812317,0.10238775032812317,0.0035650623885917243,0.00499821492324172,0.005476842481247735,0.010227884442849458,0.015952071603868797,0.019927536231883956
2019-04-11,28.1,28.25,28.1,28.25,28.25,2886,0.09759534194993387,0.08994134437183361,0.1301531124671231,0.118898069415094,0.118898069415094,0.0042659082829718245,0.007668985197075207,0.008448357924797768,0.012091356918943074,0.017651296829971123,0.021946219703364373
2019-04-12,28.2,28.3,28.15,28.3,28.3,2886,0.11417425439248766,0.09818050243949221,0.13846291936675625,0.12715322895857942,0.12715322895857942,0.0039020929407592407,0.008193801211257585,0.00951248513674194,0.012341262743695182,0.01769275028768716,0.022275737507525605
2019-04-15,28.25,28.3,28.2,28.2,28.2,2886,0.12246371061376483,0.09818050243949221,0.14677272626639,0.11064290987160857,0.11064290987160857,-0.0007087172218284754,0.0037373198077949965,0.00570613409415109,0.0071428571428571175,0.01249461439034908,0.017193699651316577
2019-04-16,28.2,28.25,28.05,28.1,28.1,2886,0.11417425439248766,0.08994134437183361,0.12184330556748935,0.09413259078463834,0.09413259078463834,-0.0035460992907800663,0.0,0.0019015925837888403,0.0024079193792919847,0.007312876398049921,0.012551798690769429
2019-04-17,28.15,28.2,28.05,28.1,28.1,2886,0.10588479817121046,0.081702186304175,0.12184330556748935,0.09413259078463834,0.09413259078463834,-0.0031926214969846154,-0.000711237553342675,0.0010687566797292888,0.0019611338919594675,0.006086645184389607,0.011215738019552597
2019-04-18,28.1,28.2,28.05,28.2,28.2,2886,0.09759534194993387,0.081702186304175,0.12184330556748935,0.11064290987160857,0.11064290987160857,0.0007097232079488848,0.0015982951518379738,0.004154302670623162,0.005168419176617344,0.008367303153829714,0.013295005389866957
2019-04-19,28.15,28.15,28.05,28.15,28.15,2886,0.10588479817121046,0.0734630282365164,0.12184330556748935,0.10238775032812317,0.10238775032812317,0.0,-0.0007099751508697045,0.00189820856566607,0.003118040089086809,0.005572622704865414,0.01022788444284933
2019-04-22,28.15,28.15,28.0,28.0,28.0,2886,0.10588479817121046,0.0734630282365164,0.11353349866785559,0.07762227169766751,0.07762227169766751,-0.003913198150124616,-0.005858334812710781,-0.003558718861210015,-0.002049362915441413,-0.0007850974234529464,0.0037641154328732903
2019-04-23,28.0,28.2,27.95,28.2,28.2,2886,0.08101642950737949,0.081702186304175,0.10522369176822183,0.11064290987160857,0.11064290987160857,0.002488446498400168,0.0012426770814841165,0.003201707577374468,0.0047207624476709314,0.005275916155710812,0.009486307499552553
2019-04-24,28.55,28.75,28.5,28.65,28.65,2886,0.1722004479414274,0.17233292504841843,0.196631567664192,0.18493934576297613,0.18493934576297613,0.014518413597733718,0.015417331206804974,0.017400568181818125,0.01911960871498436,0.020153824241560994,0.02388468640181057
2019-04-25,28.65,28.8,28.6,28.75,28.75,2886,0.18877936038398116,0.18057208311607703,0.21325118146345948,0.20144966484994695,0.20144966484994695,0.014109347442680725,0.017159030603219636,0.018781006378455166,0.021314387211367726,0.0226221811197268,0.02568676418123422
2019-04-26,28.75,28.95,28.7,28.95,28.95,2886,0.20535827282653554,0.20528955731905224,0.2298707952627264,0.23447030302388802,0.23447030302388802,0.015433181339880789,0.02188492763854562,0.02357100766057766,0.026595744680851064,0.028346121057118437,0.03098290598290602
2019-04-29,28.95,29.35,28.95,29.35,29.35,2886,0.2385160977116437,0.27120282186032046,0.2714198297608946,0.30051157937177075,0.30051157937177075,0.01980542043085477,0.03181578484795223,0.034543531899894266,0.03820304209409275,0.0407063328841926,0.042690508615074944
2019-04-30,29.35,29.65,29.3,29.65,29.65,2886,0.3048317474818606,0.3206377702662709,0.3295884780583303,0.35004253663268203,0.35004253663268203,0.019951840385276857,0.036713286713286615,0.041569086651053876,0.04585537918871242,0.048889203339465045,0.050611232504576775
2019-05-02,29.6,30.2,29.55,30.1,30.1,2886,0.34627902858824594,0.4112685090105143,0.3711375125564985,0.4243389725240502,0.4243389725240502,0.02520435967302447,0.045138888888888916,0.052570229630493084,0.05762473647224176,0.06127917636273886,0.06372953233596423
2019-05-03,30.1,30.2,30.0,30.05,30.05,2886,0.42917359080101664,0.4112685090105143,0.44592577465320116,0.4160838129805648,0.4160838129805648,0.014517218095881274,0.036743143005002504,0.04643064422518871,0.05180259012950649,0.05646181971593299,0.05940419531112295
2019-05-06,30.0,30.05,29.8,30.05,30.05,2886,0.4125946783584623,0.3865510348075391,0.4126865470546667,0.4160838129805648,0.4160838129805648,0.007037533512064492,0.029991431019708654,0.042196531791907584,0.04804254948121013,0.05335109366236687,0.05685814771395078
2019-05-07,30.05,30.75,30.05,30.5,30.5,2886,0.42088413457973944,0.5018992477547577,0.4542355815528349,0.4903802488719323,0.4903802488719323,0.014299966744263376,0.03653355989804585,0.05220791168353261,0.0592116686924814,0.06531610199091865,0.06967500584521867
2019-05-08,30.1,30.5,30.1,30.5,30.5,2886,0.42917359080101664,0.4607034574164653,0.4625453884524687,0.4903802488719323,0.4903802488719323,0.00859788359788365,0.02849435171134712,0.04643183897529729,0.0549982704946384,0.061681982734614386,0.06655787387807434
2019-05-09,30.1,30.25,29.85,29.9,29.9,2886,0.42917359080101664,0.4195076670781729,0.42099635395430046,0.39131833435010854,0.39131833435010854,-0.009933774834437109,0.0040295500335794975,0.021640091116173106,0.031123372704543364,0.037906137184115354,0.04296261845241552
2019-05-10,29.85,30.05,29.55,29.6,29.6,2886,0.3877263096946313,0.3865510348075391,0.3711375125564985,0.3417873770891972,0.3417873770891972,-0.01693789438724658,-0.008873263016909444,0.008174386920980872,0.018407018751075057,0.02500173142184379,0.030580862299077367
2019-05-13,29.6,29.6,29.25,29.5,29.5,2886,0.34627902858824594,0.31239861219861287,0.32127867115869657,0.3252770580022264,0.3252770580022264,-0.016666666666666666,-0.014037433155080388,0.0016977928692699733,0.012875536480686695,0.019420830741585498,0.025254865616311396
2019-05-14,29.4,29.85,29.35,29.5,29.5,2886,0.31312120370313723,0.3535944025369053,0.3378982849579641,0.3252770580022264,0.3252770580022264,-0.010067114093959755,-0.014531484883915225,-0.0016920473773265892,0.01062007536827664,0.017381707821768566,0.023417172593235065
2019-05-15,29.55,29.85,29.5,29.7,29.7,2886,0.33798957236696875,0.3535944025369053,0.36282770565686473,0.35829769617616747,0.35829769617616747,0.0020242914979757853,-0.00801603206412844,0.0016863406408094675,0.01469080970276733,0.022164096916299628,0.028393351800554027
2019-05-16,29.7,29.75,29.55,29.55,29.55,2886,0.36285794103079977,0.3371160864015881,0.3711375125564985,0.33353221754571183,0.33353221754571183,-0.0006763611768684333,-0.01120963694160953,-0.005385392123864023,0.007071653744568444,0.015045342126958038,0.02125453602903053
2019-05-17,29.9,30.25,29.8,30.0,30.0,2886,0.3960157659159079,0.4195076670781729,0.4126865470546667,0.40782865343707936,0.40782865343707936,0.011804384485666152,0.004016064257028026,0.006936674871335761,0.019281406608341208,0.02803097800013712,0.034245001149161076
2019-05-20,30.35,30.4,30.2,30.4,30.4,2886,0.470620871907402,0.4442251412811481,0.4791650022517356,0.4738699297849615,0.4738699297849615,0.01910828025477696,0.01621260237339126,0.01706256273000997,0.02893890675241159,0.038748035262762014,0.045152418060967196
2019-05-21,30.6,30.75,30.4,30.65,30.65,2886,0.5120681530137874,0.5018992477547577,0.51240422985027,0.515145727502388,0.515145727502388,0.01962741184298082,0.024056130972268712,0.022461914822639786,0.03276893269311769,0.04379512328020698,0.05061700182815356
2019-05-22,30.5,30.6,30.3,30.45,30.45,2886,0.495489240571233,0.4771817735517825,0.4957846160510031,0.48212508932844694,0.48212508932844694,0.007944389275074426,0.017543859649122757,0.013986013986013804,0.022155085599194244,0.033675062801276426,0.04108496210610283
2019-05-23,30.45,30.55,30.0,30.55,30.55,2886,0.4871997843499558,0.4689426154841239,0.44592577465320116,0.49863540841541776,0.49863540841541776,0.004603748766853145,0.01867289096365463,0.01630073186959421,0.022251965869165224,0.033631073216944224,0.041654827527419475
2019-05-24,30.4,30.65,30.35,30.5,30.5,2886,0.4789103281286786,0.4854209316194405,0.5040944229506369,0.4903802488719323,0.4903802488719323,-0.00032776138970822715,0.013962765957446987,0.01362578929877048,0.017599466177329333,0.02873718294657301,0.037297358576125185
2019-05-27,30.55,30.6,30.4,30.5,30.5,2886,0.5037786967925102,0.4771817735517825,0.51240422985027,0.4903802488719323,0.4903802488719323,-0.0009826400262037713,0.010603048376408346,0.012616201859229834,0.014975041597337747,0.025485844933091098,0.03471672509329413
2019-05-28,30.5,30.55,30.15,30.25,30.25,2886,0.495489240571233,0.4689426154841239,0.4708551953521018,0.44910445115450587,0.44910445115450587,-0.006568144499178959,-0.00016526194017502736,0.004872107186358153,0.005150357202193093,0.014011799410029353,0.023861905567777907
2019-05-29,30.2,30.55,30.1,30.55,30.55,2886,0.44575250324357046,0.4689426154841239,0.4625453884524687,0.49863540841541776,0.49863540841541776,0.002625533311453716,0.006921555702043653,0.014725420726306527,0.013603185136031736,0.02085143353605568,0.031165616561656118
2019-05-30,30.4,30.7,30.35,30.7,30.7,2886,0.4789103281286786,0.4936600896870991,0.5040944229506369,0.5234008870458734,0.5234008870458734,0.0065573770491803044,0.008044656049909853,0.0179045092838196,0.017567119655286748,0.02306051719541444,0.03320619250617012
2019-05-31,30.55,31.0,30.5,31.0,31.0,2886,0.5037786967925102,0.5430950380930502,0.5290238436495375,0.5729318443067853,0.5729318443067853,0.013071895424836555,0.014563901161839433,0.0246804759806083,0.025895590303631963,0.029968768688949345,0.04003578617758897
2019-06-03,30.8,31.0,30.75,31.0,31.0,2886,0.5452259778988955,0.5430950380930502,0.5705728781477057,0.5729318443067853,0.5729318443067853,0.009771986970684063,0.01257553486852855,0.02130463430705035,0.02428547827523552,0.027170311464546067,0.036731508834513225
2019-06-04,31.0,31.05,30.8,30.9,30.9,2886,0.5783838027840037,0.5513341961607088,0.5788826850473395,0.5564215252198145,0.5564215252198145,0.002270515731430319,0.008485639686683892,0.014889424129625569,0.020307082714215025,0.02175782024998351,0.030057225401411213
2019-06-05,31.0,31.1,30.85,30.9,30.9,2886,0.5783838027840037,0.5595733542283673,0.5871924919469732,0.5564215252198145,0.5564215252198145,0.0,0.007006680788659066,0.012229744485695618,0.019633723807952447,0.020071305955367772,0.02697612585165891
2019-06-06,30.9,31.7,30.85,31.7,31.7,2886,0.5618048903414493,0.6584432510402688,0.5871924919469732,0.6885040779155793,0.6885040779155793,0.01929260450160765,0.029220779220779175,0.03358330616237369,0.042934693206119416,0.04427460798524184,0.05001656177542238
2019-06-10,31.7,32.05,31.6,31.95,31.95,2886,0.6944361898818825,0.7161173575138778,0.7118395954414778,0.7297798756330058,0.7297798756330058,0.021093000958772777,0.032476975278720156,0.03733766233766229,0.047111839410077835,0.04988170347003157,0.054571460006601354
2019-06-11,31.95,31.95,31.3,31.3,31.3,2886,0.7358834709882679,0.6996390413785611,0.6619807540436758,0.6224628015676972,0.6224628015676972,-0.0015948963317384596,0.00886381950040297,0.014257939079714883,0.02279225553467859,0.02683550948100511,0.030452674897119364
2019-06-12,31.1,31.1,30.15,30.7,30.7,2886,0.5949627152265581,0.5595733542283673,0.4708551953521018,0.5234008870458734,0.5234008870458734,-0.01948259342063248,-0.011908593498551803,-0.00529214818014918,0.0012229922543823192,0.006887504099704849,0.009204470742932201
2019-06-13,30.6,30.9,30.2,30.6,30.6,2886,0.5120681530137874,0.5266167219577329,0.4791650022517356,0.5068905679589032,0.5068905679589032,-0.020799999999999954,-0.015285599356395748,-0.008853379399697579,-0.0035007734266873465,0.0034760936577687956,0.004871107219090364
2019-06-14,30.4,30.65,30.4,30.65,30.65,2886,0.4789103281286786,0.4854209316194405,0.51240422985027,0.515145727502388,0.515145727502388,-0.012564432989690854,-0.013517862890247995,-0.007448186528497537,-0.003657049979683079,0.004127899357882363,0.005907449950771124
2019-06-17,30.7,30.85,30.65,30.7,30.7,2886,0.5286470654563411,0.5183775638900749,0.5539532643484382,0.5234008870458734,0.5234008870458734,-0.002923026956804153,-0.010953608247422789,-0.006258092360811452,-0.003165841383229048,0.004318241298089436,0.006832467887400891
2019-06-18,30.7,30.8,30.5,30.8,30.8,2886,0.5286470654563411,0.5101384058224163,0.5290238436495375,0.5399112061328443,0.5399112061328443,0.003584229390681101,-0.007092198581560361,-0.00366616346775944,-0.0005678591709256703,0.0058785107772697485,0.009284543965046478
2019-06-19,30.85,31.3,30.8,31.25,31.25,2886,0.5535154341201727,0.5925299864990011,0.5788826850473395,0.6142076420242117,0.6142076420242117,0.014610389610389588,0.006279182096280801,0.008715300193673208,0.013048058999918835,0.01824698598892143,0.023192360163710738
2019-06-20,31.45,31.5,31.25,31.5,31.5,2886,0.6529889087754972,0.625486618769635,0.6536709471440421,0.6554834397416383,0.6554834397416383,0.01678502259522271,0.012373453318335143,0.014710619564050146,0.019417475728155387,0.023990637799883075,0.030253475061324635
2019-06-21,31.3,31.35,30.8,30.8,30.8,2886,0.6281205401116662,0.6007691445666598,0.5788826850473395,0.5399112061328443,0.5399112061328443,-0.006772009029345399,-0.007252215954875033,-0.008051529790660225,-0.0036393044884755585,-0.00038945865247307716,0.006371507923541914
2019-06-24,30.9,31.0,30.8,30.85,30.85,2886,0.5618048903414493,0.5430950380930502,0.5788826850473395,0.5481663656763296,0.5481663656763296,-0.006121134020618484,-0.002102539220443077,-0.006121134020618597,-0.0025864856126737246,0.00012967645723911634,0.006634761801174789
2019-06-25,30.9,31.05,30.9,30.95,30.95,2886,0.5618048903414493,0.5513341961607088,0.5955022988466064,0.5646766847632999,0.5646766847632999,-0.0038622465400708398,0.002266839378238236,-0.002792396090645566,-8.07689201196941e-05,0.0026564727225606047,0.00830754194494214
2019-06-26,31.0,31.1,30.95,31.05,31.05,2886,0.5783838027840037,0.5595733542283673,0.6038121057462401,0.5811870038502707,0.5811870038502707,0.0006445375443119425,0.004366812227074287,0.00010736525660298006,0.001855287569573316,0.005374951431161895,0.009865568083261098
2019-06-27,30.95,31.1,30.8,30.85,30.85,2886,0.5700943465627265,0.5595733542283673,0.5788826850473395,0.5481663656763296,0.5481663656763296,-0.0016181229773461865,-0.0029088558500324304,-0.006227853538065127,-0.005079416270257159,-0.0016181229773461865,0.0021114178983270334
2019-06-28,31.0,31.15,30.8,30.9,30.9,2886,0.5783838027840037,0.5678125122960254,0.5788826850473395,0.5564215252198145,0.5564215252198145,-0.0006468305304010212,-0.0020991441950588643,-0.002904162633107564,-0.0037881840896269287,-0.0004528692501778918,0.0022705157314304343
2019-07-01,30.9,31.1,30.85,30.9,30.9,2886,0.5618048903414493,0.5595733542283673,0.5871924919469732,0.5564215252198145,0.5564215252198145,-0.0009699321047527041,-0.0027432628691301374,-0.0006468305304010212,-0.0036275695284159843,-0.0009699321047527041,0.001296176279974049
2019-07-02,30.95,31.25,30.95,31.05,31.05,2886,0.5700943465627265,0.5842908284313425,0.6038121057462401,0.5811870038502707,0.5811870038502707,0.0032310177705977845,0.001289906481780158,0.004745982094703968,0.0011284862163468189,0.003166192814680878,0.0054509147822332455
2019-07-03,31.0,31.15,30.95,31.15,31.15,2886,0.5783838027840037,0.5678125122960254,0.6038121057462401,0.597697322937241,0.597697322937241,0.005812076202776872,0.004838709677419309,0.0070043103448275326,0.003948110547095163,0.005227830127791488,0.008144991639246944
2019-07-04,31.15,31.25,31.1,31.2,31.2,2886,0.6032521714478346,0.5842908284313425,0.6287415264451415,0.6059524824807264,0.6059524824807264,0.005154639175257737,0.007426541814659362,0.007318123116659373,0.005073689296931704,0.005997291545753529,0.008946857820416104
2019-07-05,31.2,31.4,31.2,31.4,31.4,2886,0.6115416276691118,0.6090083026343177,0.6453611402444084,0.6389731206546674,0.6389731206546674,0.008349389852280077,0.011923944569771106,0.012141398947029185,0.012005479010554996,0.0115327620643,0.014484949652684204
2019-07-08,31.35,31.4,31.25,31.4,31.4,2886,0.6364099963329434,0.6090083026343177,0.6536709471440421,0.6389731206546674,0.6389731206546674,0.005121638924455831,0.010133504905903095,0.010621177985194782,0.012903225806451568,0.011011655612080699,0.01350260906987991
2019-07-09,31.4,31.6,31.35,31.6,31.6,2886,0.64469945255422,0.6419649349049522,0.6702905609433096,0.6719937588286091,0.6719937588286091,0.007974481658692184,0.014446227929374089,0.01531541180250627,0.01886184104465572,0.016665594234605376,0.018752350760303058
2019-07-10,31.6,31.7,31.6,31.6,31.6,2886,0.6778572774393288,0.6584432510402688,0.7118395954414778,0.6719937588286091,0.6719937588286091,0.0050890585241731455,0.012658227848101252,0.014554794520548054,0.01738570508692873,0.015750562520090067,0.017276531816718604
2019-07-11,31.6,31.95,31.6,31.85,31.85,2886,0.6778572774393288,0.6996390413785611,0.7118395954414778,0.7132695565460355,0.7132695565460355,0.008869179600886954,0.017409359527232243,0.02181584857234531,0.023375371515784605,0.022537562604340505,0.023896270895842345
2019-07-12,31.9,32.0,31.85,31.85,31.85,2886,0.7275940147669907,0.7078781994462198,0.7533886299396461,0.7132695565460355,0.7132695565460355,0.0060012634238786385,0.014331210191082893,0.019526248399487817,0.021406237472941684,0.022340630416640084,0.022636057152030882
2019-07-15,31.95,32.0,31.55,31.7,31.7,2886,0.7358834709882679,0.7078781994462198,0.7035297885418441,0.6885040779155793,0.6885040779155793,-0.0006305170239596335,0.006988564167725504,0.012887421450633691,0.014968382294084493,0.01785255586950929,0.017057911341639358
2019-07-16,31.8,31.95,31.75,31.95,31.95,2886,0.7110151023244369,0.6996390413785611,0.7367690161403785,0.7297798756330058,0.7297798756330058,0.005033029254482434,0.012036743744060786,0.018705494739079582,0.021093000958772777,0.02502406159769001,0.02403846153846154
2019-07-17,31.8,31.95,31.55,31.9,31.9,2886,0.7110151023244369,0.6996390413785611,0.7035297885418441,0.7215247160895204,0.7215247160895204,0.0015698587127157663,0.008058145046610808,0.015276893698281249,0.018437225636523287,0.021846370683579825,0.021344717182497256
2019-07-18,31.85,31.9,31.55,31.85,31.85,2886,0.7193045585457141,0.6913998833109026,0.7035297885418441,0.7132695565460355,0.7132695565460355,0.0,0.004415011037527724,0.011539275883972164,0.016273133375877637,0.018613278751439193,0.018711018711018854
2019-07-19,31.9,31.95,31.8,31.85,31.85,2886,0.7275940147669907,0.6996390413785611,0.7450788230400123,0.7132695565460355,0.7132695565460355,0.0,0.0029916548575027193,0.009508716323296378,0.014573544636457738,0.01705198620513472,0.01854812919731378
2019-07-22,31.9,32.05,31.9,31.9,31.9,2886,0.7275940147669907,0.7161173575138778,0.7616984368392792,0.7215247160895204,0.7215247160895204,0.0003135779241141914,0.0029869517371483236,0.008961518186610378,0.014469709015741718,0.017089656931513767,0.020201481797345593
2019-07-23,32.0,32.15,32.0,32.1,32.1,2886,0.7441729272095451,0.732595673649195,0.7783180506385466,0.754545354263462,0.754545354263462,0.005639097744360781,0.007691100298226369,0.013044393014937955,0.018966748670740535,0.021772345301756982,0.025722958939127644
2019-07-24,32.05,32.2,32.05,32.2,32.2,2886,0.7524623834308217,0.7408348317168542,0.7866278575381799,0.7710556733504329,0.7710556733504329,0.006879299562226467,0.008929970233432671,0.013960323291697451,0.02027883396704691,0.02371717428625937,0.027277077683841133
2019-07-25,32.2,32.5,32.2,32.25,32.25,2886,0.7773307520946539,0.7902697801228046,0.8115572782370817,0.7793108328939177,0.7793108328939177,0.00592638802245782,0.00923173212329833,0.01330121491411821,0.019601644008852274,0.02432981832041666,0.027070063694267562
2019-07-26,32.3,32.4,32.15,32.3,32.3,2886,0.793909664537207,0.7737914639874874,0.8032474713374473,0.7875659924374026,0.7875659924374026,0.00466562986003106,0.009374999999999911,0.012962575789253515,0.018927444794952616,0.023966522952066964,0.02686377364488949
2019-07-29,32.3,32.3,32.1,32.1,32.1,2886,0.793909664537207,0.7573131478521702,0.7949376644378142,0.754545354263462,0.754545354263462,-0.002795899347623591,0.0018726591760298114,0.005219206680584588,0.010705289672544076,0.016015699183389256,0.018993704036823426
2019-07-30,32.1,32.25,32.0,32.1,32.1,2886,0.7607518396520995,0.7490739897845122,0.7783180506385466,0.754545354263462,0.754545354263462,-0.002795899347623591,0.001403837154890086,0.00417101147028164,0.0090373280943026,0.014538558786346424,0.017593913456966228
2019-07-31,32.2,32.2,31.75,32.1,32.1,2886,0.7773307520946539,0.7408348317168542,0.7367690161403785,0.754545354263462,0.754545354263462,-0.0021759403170655976,0.0007794232268121147,0.0031250000000000444,0.007532956685499233,0.01319361151442457,0.016680743243243378
2019-08-01,31.65,31.95,31.65,31.65,31.65,2886,0.6861467336606053,0.6996390413785611,0.720149402341111,0.6802489183720939,0.6802489183720939,-0.012480499219968756,-0.01263453439401033,-0.010525218841183917,-0.007292401787814796,-0.0020180361985244247,0.002269488573388888
2019-08-02,31.3,31.35,31.1,31.35,31.35,2886,0.6281205401116662,0.6007691445666598,0.6287415264451415,0.6307179611111826,0.6307179611111826,-0.016007532956685548,-0.020465552257459805,-0.01888170248278735,-0.016624843161856778,-0.012038320937854577,-0.007806730667791945
2019-08-05,31.35,31.4,31.15,31.25,31.25,2886,0.6364099963329434,0.6090083026343177,0.6370513333447746,0.6142076420242117,0.6142076420242117,-0.013884506153360832,-0.021603005635566837,-0.021092200062650168,-0.019530943603419726,-0.015624015624015582,-0.01138880101233785
2019-08-06,31.1,31.45,30.85,31.25,31.25,2886,0.5949627152265581,0.6172474607019763,0.5871924919469732,0.6142076420242117,0.6142076420242117,-0.008565989847715722,-0.018992308899701788,-0.019659102792010937,-0.018992308899701677,-0.01587201612395293,-0.01170145477545849
2019-08-07,31.6,31.6,31.05,31.05,31.05,2886,0.6778572774393288,0.6419649349049522,0.6204317195455077,0.5811870038502707,0.5811870038502707,-0.00830405621207287,-0.021739130434782646,-0.024198617221873022,-0.024428560207367948,-0.022047244094488168,-0.018026565464895644
2019-08-08,30.9,31.25,30.9,31.1,31.1,2886,0.5618048903414493,0.5842908284313425,0.5955022988466064,0.5894421633937561,0.5894421633937561,-0.003205128205128137,-0.01660079051383395,-0.021089077746301484,-0.021704938659956,-0.020349020349020263,-0.01670443168045526
2019-08-12,29.3,29.3,28.85,29.0,29.0,2886,0.2965422912605834,0.26296366379266184,0.25480021596162766,0.24272546256737343,0.24272546256737343,-0.05629677839245039,-0.07333439846620861,-0.08169727675744137,-0.08365589699028361,-0.0837282780410742,-0.08126089022651675
2019-08-13,29.0,29.05,28.4,28.5,28.5,2886,0.2468055539329209,0.22176787345436944,0.18001195386492447,0.16017386713252046,0.16017386713252046,-0.05566600397614313,-0.07871343138839487,-0.09100574101637258,-0.09487892020643114,-0.09621361070590481,-0.09480705097665564
2019-08-14,28.5,28.65,28.2,28.2,28.2,2886,0.1639109917201502,0.15585460891310124,0.14677272626639,0.11064290987160857,0.11064290987160857,-0.04633074061548882,-0.07677197577344919,-0.09305317324185242,-0.09904153354632592,-0.10185362124976124,-0.10162472124880528
2019-08-15,27.9,28.0,27.8,27.9,27.9,2886,0.06443751706482512,0.048745554033541194,0.08029427106932115,0.06111195261069668,0.06111195261069668,-0.03593642017968207,-0.07385892116182577,-0.09435187188920156,-0.10289389067524124,-0.10720000000000005,-0.10810378816132979
2019-08-16,28.0,28.4,27.75,28.25,28.25,2886,0.08101642950737949,0.11465881857480882,0.07198446416968739,0.118898069415094,0.118898069415094,-0.004229820232640023,-0.05153600805774731,-0.07498362802881475,-0.0863518758085381,-0.09181508390664175,-0.09406734366648851
2019-08-19,28.3,28.45,28.3,28.3,28.3,2886,0.130753166835042,0.12289797664246742,0.16339234006565753,0.12715322895857942,0.12715322895857942,0.002479631597591225,-0.040027137042062406,-0.06518388020259852,-0.07945027242416847,-0.08603539594367636,-0.08944658944658937
2019-08-20,28.3,28.55,28.3,28.5,28.5,2886,0.130753166835042,0.13937629277778463,0.16339234006565753,0.16017386713252046,0.16017386713252046,0.009564293304994672,-0.02413970210580386,-0.0510543840177581,-0.06778968026821494,-0.07575561032559341,-0.0801506186121571
2019-08-21,28.5,28.55,28.15,28.15,28.15,2886,0.1639109917201502,0.13937629277778463,0.13846291936675625,0.10238775032812317,0.10238775032812317,-0.002480510276399727,-0.025783007440733727,-0.05441719852200205,-0.0732510288065844,-0.08258375700690922,-0.08806219966524487
2019-08-22,28.25,28.4,28.15,28.25,28.25,2886,0.12246371061376483,0.11465881857480882,0.13846291936675625,0.118898069415094,0.118898069415094,-0.0014139271827500583,-0.012755547789620774,-0.042805511633160105,-0.06387209013337747,-0.07492304669591984,-0.08149994581120627
2019-08-23,28.25,28.4,28.25,28.35,28.35,2886,0.12246371061376483,0.11465881857480882,0.15508253316602377,0.13540838850206482,0.13540838850206482,0.0014129282938893063,0.0003528581510234692,-0.03220300409649528,-0.05444842824981228,-0.06737285347720229,-0.07473890339425585
2019-08-26,28.0,28.15,27.9,27.95,27.95,2886,0.08101642950737949,0.0734630282365164,0.09691388486858807,0.06936711215418209,0.06936711215418209,-0.010269121813031131,-0.010093855144324301,-0.03841743119266057,-0.06097765832353428,-0.07578863831757153,-0.0839069157653228
2019-08-27,28.0,28.1,27.85,28.0,28.0,2886,0.08101642950737949,0.06522387016885839,0.0886040779689549,0.07762227169766751,0.07762227169766751,-0.004975124378109347,-0.00656377505765461,-0.02946273830155984,-0.05277401894451947,-0.06933457422056766,-0.07854322071083798
2019-08-28,28.0,28.25,28.0,28.05,28.05,2886,0.08101642950737949,0.08994134437183361,0.11353349866785559,0.08587743124115292,0.08587743124115292,-0.002489331436699742,-0.004259850905218227,-0.020486555697823282,-0.0445371710806437,-0.0626253174709262,-0.0729315853255481
2019-08-29,28.05,28.1,28.0,28.0,28.0,2886,0.08930588572865668,0.06522387016885839,0.11353349866785559,0.07762227169766751,0.07762227169766751,-0.0024937655860349226,-0.006387508871540089,-0.015240328253223924,-0.03953348769402292,-0.059013308240354896,-0.0705908386811242
2019-08-30,28.2,28.75,28.1,28.75,28.75,2886,0.11417425439248766,0.17233292504841843,0.1301531124671231,0.20144966484994695,0.20144966484994695,0.021314387211367726,0.01842012043924901,0.016739361075091337,-0.008877014565198665,-0.029240950837385187,-0.04241145775507939
2019-09-02,28.65,28.65,28.25,28.45,28.45,2886,0.18877936038398116,0.15585460891310124,0.15508253316602377,0.15191870758903506,0.15191870758903506,0.00707964601769909,0.007257921756063086,0.007436260623229366,-0.014291901255955008,-0.03434933134206777,-0.048813105984620554
2019-09-03,28.45,28.45,28.3,28.35,28.35,2886,0.155621535498873,0.12289797664246742,0.16339234006565753,0.13540838850206482,0.13540838850206482,0.0010593220338982196,0.004250797024442118,0.004250797024441992,-0.012797074954296151,-0.032819323144104795,-0.04839160839160838
2019-09-04,28.35,28.5,28.35,28.45,28.45,2886,0.1390426230563192,0.13113713471012603,0.1717021469652913,0.15191870758903506,0.15191870758903506,0.0017605633802817153,0.006723283793347407,0.007198489497285809,-0.004461551920217122,-0.024549132551601217,-0.041118975396023
2019-09-05,28.5,28.6,28.45,28.55,28.55,2886,0.1639109917201502,0.14761545084544322,0.18832176076455823,0.1684290266760059,0.1684290266760059,0.001403016485443674,0.00919052668787563,0.009190526687875504,0.0034267639047536667,-0.01633131201764058,-0.03378645157651299
2019-09-06,28.65,28.85,28.6,28.8,28.8,2886,0.18877936038398116,0.18881124118373563,0.21325118146345948,0.20970482439343238,0.20970482439343238,0.009817671809256702,0.016410799364743246,0.016709814073899844,0.01632112924569924,-0.0038049117952265454,-0.021517553793884467
2019-09-09,29.0,29.2,28.95,29.2,29.2,2886,0.2468055539329209,0.24648534765734464,0.2714198297608946,0.2757461007413145,0.2757461007413145,0.01848622253226348,0.026001405481377315,0.028651949271958767,0.03007319869477036,0.013044684984734862,-0.004432321854756189
2019-09-10,29.45,29.6,29.3,29.55,29.55,2886,0.3214106599244144,0.31239861219861287,0.3295884780583303,0.33353221754571183,0.33353221754571183,0.022137668626772636,0.032675170365193164,0.03842099098043823,0.04049295774647895,0.02761162887745168,0.010429133185159846
2019-09-11,29.6,29.6,29.1,29.5,29.5,2886,0.34627902858824594,0.31239861219861287,0.2963492504597959,0.3252770580022264,0.3252770580022264,0.013049450549450638,0.02573018080667601,0.03339560952825782,0.036360442648866904,0.028376211392316813,0.011717633609602686
2019-09-12,29.6,29.6,29.3,29.3,29.3,2886,0.34627902858824594,0.31239861219861287,0.3295884780583303,0.2922564198282853,0.2922564198282853,0.001024940211821016,0.014191761855313387,0.02387885847408271,0.026809181706675903,0.023902711769639273,0.008085325993462908
2019-09-16,29.5,29.5,29.15,29.2,29.2,2886,0.32970011614569156,0.2959202960632957,0.30465905735942905,0.2757461007413145,0.2757461007413145,-0.0051107325383305665,0.009158458614135275,0.018367821436875167,0.021604128400244768,0.023125437981779965,0.007475560667049972
2019-09-17,29.2,29.25,29.1,29.2,29.2,2886,0.279963378818029,0.25472450572500327,0.2963492504597959,0.2757461007413145,0.2757461007413145,-0.0051107325383305665,0.006549465701482169,0.015416714964645818,0.019998253427648296,0.022838727756760453,0.009972905977978801
2019-09-18,29.2,29.55,29.15,29.55,29.55,2886,0.279963378818029,0.30415945413095424,0.30465905735942905,0.33353221754571183,0.33353221754571183,0.006814310051107301,0.014418125643666506,0.023908523908523955,0.030334728033472837,0.03357817418677862,0.024085946976260496
2019-09-19,29.5,29.55,29.3,29.45,29.45,2886,0.32970011614569156,0.30415945413095424,0.3295884780583303,0.317021898458741,0.317021898458741,0.0037491479209271644,0.007526513855627863,0.017154040985494005,0.024526004522525725,0.02828212290502789,0.02274700468831386
2019-09-20,29.5,29.5,29.15,29.3,29.3,2886,0.32970011614569156,0.2959202960632957,0.30465905735942905,0.2922564198282853,0.2922564198282853,-0.0013633265167005998,-0.0001706193482340558,0.008953168044077189,0.017449431374251156,0.021048229718427753,0.019603294281405843
2019-09-23,29.25,29.25,29.15,29.2,29.2,2886,0.2882528350393062,0.25472450572500327,0.30465905735942905,0.2757461007413145,0.2757461007413145,-0.004771642808452523,-0.0049412165615950465,0.0044719642242862945,0.012482662968099967,0.016217721166562175,0.018367821436875167
2019-09-24,29.2,29.25,29.0,29.05,29.05,2886,0.279963378818029,0.25472450572500327,0.27972963666052836,0.25098062211085886,0.25098062211085886,-0.00887069259638354,-0.009546539379474738,-0.0020611473720370567,0.005364249870219677,0.009942984285912995,0.013077593722755012
2019-09-25,29.05,29.1,28.7,28.8,28.8,2886,0.25509501015419805,0.23000703152202803,0.2298707952627264,0.20970482439343238,0.20970482439343238,-0.012345679012345779,-0.01555289694069396,-0.011667810569663567,-0.0046656298600311575,0.0008340283569640448,0.004009063970716472
2019-09-26,28.9,28.9,28.8,28.8,28.8,2886,0.2302266414903665,0.19705039925139364,0.24649040906199393,0.20970482439343238,0.20970482439343238,-0.007922838442990025,-0.01319170806921369,-0.012458566693336379,-0.005953921822417669,-6.943962224841649e-05,0.003309527956802035
2019-09-27,28.8,28.9,28.7,28.75,28.75,2886,0.21364772904781273,0.19705039925139364,0.2298707952627264,0.20144966484994695,0.20144966484994695,-0.005878284923928014,-0.013044970820460093,-0.014623557637381442,-0.008962426749396691,-0.0024980917354798134,0.000580046403712264
2019-10-01,28.75,29.05,28.75,28.75,28.75,2886,0.20535827282653554,0.22176787345436944,0.23818060216236017,0.20144966484994695,0.20144966484994695,-0.0027748872702047117,-0.011517964586556673,-0.014510968921389472,-0.008962426749396691,-0.00305152923226302,0.0
2019-10-02,28.75,29.0,28.75,28.8,28.8,2886,0.20535827282653554,0.21352871538671084,0.23818060216236017,0.20970482439343238,0.20970482439343238,0.0006949270326615557,-0.008435186779135736,-0.011893870082342087,-0.007837395573163472,-0.002493765586034884,0.0011587485515643682
2019-10-03,28.65,28.8,28.6,28.75,28.75,2886,0.18877936038398116,0.18057208311607703,0.21325118146345948,0.20144966484994695,0.20144966484994695,-0.0006951685783802424,-0.007422751596754821,-0.011801099908341104,-0.010241845253464256,-0.005259151615805048,-0.0008688097306689341
2019-10-04,28.7,28.85,28.7,28.85,28.85,2886,0.19706881660525835,0.18881124118373563,0.2298707952627264,0.2179599839369178,0.2179599839369178,0.0024322446143155065,-0.0019027849852966516,-0.006884681583476739,-0.007482583641524077,-0.0029031589133890795,0.0017940853058625798
2019-10-07,28.95,28.95,28.85,28.95,28.95,2886,0.2385160977116437,0.20528955731905224,0.25480021596162766,0.23447030302388802,0.23447030302388802,0.004510756419153331,0.002771042604779866,-0.0026412494258153878,-0.004727116458960011,-0.0007593538588983162,0.00445266870988263
2019-10-08,29.2,29.45,29.05,29.1,29.1,2886,0.279963378818029,0.28768113799563705,0.28803944356016215,0.25923578165434424,0.25923578165434424,0.007268951194184992,0.008316008316008509,0.002756719503790553,-8.590327291461992e-05,0.003932933140136521,0.008782066096602745
2019-10-09,29.15,29.2,29.0,29.0,29.0,2886,0.2716739225967519,0.24648534765734464,0.27972963666052836,0.24272546256737343,0.24272546256737343,0.0024196335983408326,0.005025125628140689,-0.00022983222247762727,-0.003179513620348926,-0.00027578599007179643,0.004097178140688982
2019-10-14,29.2,29.2,28.95,29.15,29.15,2886,0.279963378818029,0.24648534765734464,0.2714198297608946,0.26749094119782907,0.26749094119782907,0.004825922095828921,0.008999653859466751,0.005866114561766549,0.0026657494195545814,0.0037878787878787685,0.007952973720608467
2019-10-15,29.15,29.2,28.95,29.15,29.15,2886,0.2716739225967519,0.24648534765734464,0.2714198297608946,0.26749094119782907,0.26749094119782907,0.002751977984176068,0.007778738115816693,0.006560773480663028,0.003269660987781877,0.0028209715150680193,0.006676643260043806
2019-10-16,29.2,29.2,29.05,29.15,29.15,2886,0.279963378818029,0.24648534765734464,0.28803944356016215,0.26749094119782907,0.26749094119782907,0.0013740982480245822,0.006387018815812266,0.006908462867012065,0.0035287029864874975,0.0019936752371786,0.005345749267114936
2019-10-17,29.15,29.25,29.1,29.25,29.25,2886,0.2716739225967519,0.25472450572500327,0.2963492504597959,0.28400126028479994,0.28400126028479994,0.003774879890185415,0.00809925900396357,0.010246373474556888,0.006884681583476739,0.004809343868086588,0.008215085884988796
2019-10-18,29.35,29.35,29.0,29.1,29.1,2886,0.3048317474818606,0.27120282186032046,0.27972963666052836,0.25923578165434424,0.25923578165434424,-0.0020576131687241143,0.0018936133585816242,0.004949925175549709,0.0018936133585816242,-0.0002061430632858062,0.002296211251435124
2019-10-21,29.1,29.2,28.95,29.2,29.2,2886,0.26338446637547525,0.24648534765734464,0.2714198297608946,0.2757461007413145,0.2757461007413145,0.0010284538909839265,0.0037813681677553454,0.007475560667049972,0.005942640599431677,0.0037123607864704036,0.004759993118082189
2019-10-22,29.2,29.3,29.0,29.15,29.15,2886,0.279963378818029,0.26296366379266184,0.27972963666052836,0.26749094119782907,0.26749094119782907,-0.0006856359273225771,0.0010302197802195751,0.004941392783268129,0.0047393364928909705,0.002476098768828517,0.002234828949630438
2019-10-23,29.15,29.2,29.1,29.2,29.2,2886,0.2716739225967519,0.24648534765734464,0.2963492504597959,0.2757461007413145,0.2757461007413145,0.0006854009595613288,0.0018871161434208172,0.005625071748364037,0.006636214772041679,0.004333769003233172,0.003206596426935301
2019-10-24,29.25,29.45,29.25,29.45,29.45,2886,0.2882528350393062,0.28768113799563705,0.32127867115869657,0.317021898458741,0.317021898458741,0.007871321013004806,0.00925291295407812,0.012607449856733541,0.01481736733287387,0.012584238756704705,0.01104308519768847
2019-10-25,29.5,29.5,29.3,29.45,29.45,2886,0.32970011614569156,0.2959202960632957,0.3295884780583303,0.317021898458741,0.317021898458741,0.005462615227039951,0.0076988879384088235,0.011100938429846675,0.014118457300275488,0.01223619990376016,0.010753918315982127
2019-10-28,29.5,29.6,29.4,29.6,29.6,2886,0.32970011614569156,0.31239861219861287,0.3462080918575972,0.3417873770891972,0.3417873770891972,0.00783112019067089,0.011274342330030811,0.014277555682467202,0.01788170563961484,0.017321968655485336,0.015843962706629397
2019-10-29,29.65,29.7,29.55,29.7,29.7,2886,0.3545684848095226,0.32887692833392945,0.3711375125564985,0.35829769617616747,0.35829769617616747,0.007462686567164141,0.01278772378516624,0.015731874145006746,0.019742489270386243,0.020408163265306166,0.01904271744724664
2019-10-30,29.7,29.85,29.6,29.85,29.85,2886,0.36285794103079977,0.3535944025369053,0.37944731945613225,0.3830631748066237,0.3830631748066237,0.008105369807497414,0.01547882292906951,0.0187713310580205,0.022960932145305063,0.024787146388354893,0.023545548062635754
2019-10-31,29.9,30.05,29.9,29.9,29.9,2886,0.3960157659159079,0.3865510348075391,0.42930616085393364,0.39131833435010854,0.39131833435010854,0.00673400673400671,0.014935505770536242,0.018623665682489098,0.022659256092347084,0.025517903690492515,0.0244403837368662
2019-11-01,29.85,29.85,29.6,29.65,29.65,2886,0.3877263096946313,0.3535944025369053,0.37944731945613225,0.35004253663268203,0.35004253663268203,-0.003026227303295221,0.00457394545146541,0.008617757115319216,0.012636612021857835,0.01610692254969153,0.015353004965469912
2019-11-04,29.7,29.95,29.65,29.95,29.95,2886,0.36285794103079977,0.3700727186722219,0.3877571263557654,0.399573493893594,0.399573493893594,0.0046964106004697805,0.01216627238932082,0.016977928692699613,0.02079072937968654,0.024772462875521803,0.02515830908779747
2019-11-05,30.05,30.2,30.0,30.2,30.2,2886,0.42088413457973944,0.4112685090105143,0.44592577465320116,0.44084929161102043,0.44084929161102043,0.009695753928451874,0.0170062300050512,0.023035230352303513,0.026948907591600797,0.031350317601256845,0.032831737346101134
2019-11-06,30.6,31.0,30.3,30.65,30.65,2886,0.5120681530137874,0.5430950380930502,0.4957846160510031,0.515145727502388,0.515145727502388,0.01928832723644823,0.027144772117962547,0.034773801485482696,0.03924726625413237,0.04400844744192377,0.04661089294860845
2019-11-07,30.75,30.75,30.4,30.5,30.5,2886,0.5369365216776183,0.5018992477547577,0.51240422985027,0.4903802488719323,0.4903802488719323,0.010268300761841745,0.018533978961429276,0.02682078330153743,0.03171247357293869,0.03642789180372431,0.03994999147581975
2019-11-08,30.6,30.65,30.4,30.5,30.5,2886,0.5120681530137874,0.4854209316194405,0.51240422985027,0.4903802488719323,0.4903802488719323,0.004611330698287121,0.014975041597337747,0.02360443002572994,0.029101644875579948,0.03403851369677237,0.03823896516509707
2019-11-11,30.55,30.6,30.15,30.4,30.4,2886,0.5037786967925102,0.4771817735517825,0.4708551953521018,0.4738699297849615,0.4738699297849615,-0.0016420361247947688,0.008961168270826525,0.017516456543568006,0.023569023569023545,0.028347202489682612,0.03295956506965678
2019-11-12,30.6,30.65,30.35,30.6,30.6,2886,0.5120681530137874,0.4854209316194405,0.5040944229506369,0.5068905679589032,0.5068905679589032,0.002292826727808722,0.012574454003970965,0.020907473309608487,0.027794105298513748,0.0326673866090714,0.03763987792472022
2019-11-13,30.5,30.6,30.45,30.5,30.5,2886,0.495489240571233,0.4771817735517825,0.5207140367499038,0.4903802488719323,0.4903802488719323,0.0,0.007099224038302667,0.014637391882900908,0.02211796246648806,0.027143530679598727,0.03220711828078282
2019-11-14,30.55,30.55,30.35,30.4,30.4,2886,0.5037786967925102,0.4689426154841239,0.5040944229506369,0.4738699297849615,0.4738699297849615,-0.0026246719160105594,0.002142739409922574,0.00918446387075359,0.01680742537001426,0.021986149398238418,0.026911383853169574
2019-11-15,30.6,30.65,30.45,30.55,30.55,2886,0.5120681530137874,0.4854209316194405,0.5207140367499038,0.49863540841541776,0.49863540841541776,0.001967858314201452,0.004108463434675432,0.011701070758361914,0.019352686019352507,0.024892646269458016,0.029948867786705573
2019-11-18,30.5,30.7,30.4,30.7,30.7,2886,0.495489240571233,0.4936600896870991,0.51240422985027,0.5234008870458734,0.5234008870458734,0.004909983633387842,0.0065573770491803044,0.014205483977535623,0.021800632384756238,0.02778707733511879,0.03274276743664497
2019-11-19,30.6,30.75,30.5,30.7,30.7,2886,0.5120681530137874,0.5018992477547577,0.5290238436495375,0.5234008870458734,0.5234008870458734,0.004252535165194603,0.004909983633387842,0.011976705856499284,0.01917171549506173,0.025658158492583214,0.030604822917249436
2019-11-20,30.7,30.75,30.55,30.65,30.65,2886,0.5286470654563411,0.5018992477547577,0.5373336505491713,0.515145727502388,0.515145727502388,0.0016339869281044822,0.003273322422258523,0.008555445870352023,0.015068719986752717,0.021939183782342,0.026972692243256696
2019-11-21,30.45,30.5,30.3,30.35,30.35,2886,0.4871997843499558,0.4607034574164653,0.4957846160510031,0.4656147702414767,0.4656147702414767,-0.007845701209545437,-0.00605862125429842,-0.0023011176857330794,0.0036375661375661187,0.010454121720602066,0.015503011376310553
2019-11-22,30.35,30.45,30.3,30.4,30.4,2886,0.470620871907402,0.4524642993488067,0.4957846160510031,0.4738699297849615,0.4738699297849615,-0.005235602094240727,-0.004095004095004095,-0.0022973416475222785,0.003714403631861235,0.010369582557830404,0.015590200445434244
2019-11-25,30.4,30.45,30.35,30.4,30.4,2886,0.4789103281286786,0.4524642993488067,0.5040944229506369,0.4738699297849615,0.4738699297849615,-0.0032786885245902103,-0.004095004095004095,-0.0032786885245902103,0.00239056961503591,0.008760286700291988,0.01417848206839023
2019-11-26,30.5,30.7,30.4,30.4,30.4,2886,0.495489240571233,0.4936600896870991,0.51240422985027,0.4738699297849615,0.4738699297849615,-0.001314060446780524,-0.0034420586789052276,-0.0037142232903648663,0.0012350761630299833,0.007089379182402393,0.012770682953914477
2019-11-27,30.4,30.75,30.4,30.7,30.7,2886,0.4789103281286786,0.5018992477547577,0.51240422985027,0.5234008870458734,0.5234008870458734,0.008210180623973728,0.005733005733005756,0.0060076460950300465,0.009702351586909987,0.015010249289162225,0.02100770467269002
2019-11-28,30.7,30.7,30.5,30.65,30.65,2886,0.5286470654563411,0.4936600896870991,0.5290238436495375,0.515145727502388,0.515145727502388,0.004588659455915995,0.003273322422258523,0.004040183446167336,0.006816128767348148,0.011751501947580316,0.01776523327245559
2019-11-29,30.65,30.65,30.3,30.3,30.3,2886,0.5203576092350639,0.4854209316194405,0.4957846160510031,0.45735961069799125,0.45735961069799125,-0.0062315513283042875,-0.007371007371007302,-0.006991479134804386,-0.005742411812961467,-0.0009232392508571334,0.004808489471066026
2019-12-02,30.15,30.3,30.15,30.3,30.3,2886,0.43746304702229327,0.4277468251458315,0.4708551953521018,0.45735961069799125,0.45735961069799125,-0.005579258286839454,-0.006068558307364352,-0.006774475524475535,-0.006313027793719735,-0.0018447753327183222,0.003588186585702488
2019-12-03,30.15,30.15,30.05,30.05,30.05,2886,0.43746304702229327,0.4030293509428557,0.4542355815528349,0.4160838129805648,0.4160838129805648,-0.011513157894736772,-0.012163050624589002,-0.013784049885132972,-0.014269312776775307,-0.010536713862364185,-0.005680251475210948
2019-12-04,30.1,30.15,30.0,30.15,30.15,2886,0.42917359080101664,0.4030293509428557,0.44592577465320116,0.432594132067535,0.432594132067535,-0.004621987454605616,-0.007243990780375333,-0.009743814320122626,-0.010177281680893048,-0.007636100322559388,-0.0034156015866020914
2019-12-05,30.2,30.2,30.05,30.15,30.15,2886,0.44575250324357046,0.4112685090105143,0.4542355815528349,0.432594132067535,0.432594132067535,-0.0013249420337859937,-0.006589785831960322,-0.009201445941505132,-0.009608277900960957,-0.007962621742563862,-0.004183639766597007
2019-12-06,30.25,30.25,30.05,30.05,30.05,2886,0.45404195946484766,0.4195076670781729,0.4542355815528349,0.4160838129805648,0.4160838129805648,-0.002986065029860528,-0.008741547088899787,-0.011404759293782126,-0.012163050624589002,-0.011773217574322564,-0.008141709759049383
2019-12-09,30.1,30.15,30.05,30.15,30.15,2886,0.42917359080101664,0.4030293509428557,0.4542355815528349,0.432594132067535,0.432594132067535,0.0013284623048821888,-0.004621987454605616,-0.006916996047430975,-0.008468305516731079,-0.008745397159389854,-0.005442850074220655
2019-12-10,30.15,30.2,30.1,30.2,30.2,2886,0.43746304702229327,0.4112685090105143,0.4625453884524687,0.44084929161102043,0.44084929161102043,0.001990710019907176,-0.002312520647505791,-0.004176742141129869,-0.006170300287947347,-0.007101525512887989,-0.004340897851530338
2019-12-11,30.1,30.15,30.0,30.1,30.1,2886,0.42917359080101664,0.4030293509428557,0.44592577465320116,0.4243389725240502,0.4243389725240502,-0.0009956853634251954,-0.0036411784177423335,-0.006272697259821648,-0.008808759364452072,-0.009672961768770168,-0.007910349373763956
2019-12-12,30.1,30.3,30.05,30.15,30.15,2886,0.42917359080101664,0.4277468251458315,0.4542355815528349,0.432594132067535,0.432594132067535,0.0006637902422833063,-0.00033156498673757014,-0.0041836397665968895,-0.006753417888321589,-0.007570770243581201,-0.006535229831402197
2019-12-13,30.25,30.45,30.2,30.3,30.3,2886,0.45404195946484766,0.4524642993488067,0.4791650022517356,0.45735961069799125,0.45735961069799125,0.003976143141153115,0.0046419098143235075,0.0009910802775025152,-0.0014006756200047237,-0.0023706045041486474,-0.0023049061573920558
2019-12-16,30.3,30.45,30.3,30.35,30.35,2886,0.4623314156861248,0.4524642993488067,0.4957846160510031,0.4656147702414767,0.4656147702414767,0.0043017868960953855,0.006132935521299595,0.0027533039647577875,0.0008244023083265336,-0.0006585446163977469,-0.0010970927043334538
2019-12-17,30.35,30.65,30.3,30.65,30.65,2886,0.470620871907402,0.4854209316194405,0.4957846160510031,0.515145727502388,0.515145727502388,0.011217419993401395,0.014061207609594612,0.012107870115575022,0.010800560639788955,0.009153167391017882,0.008278962662426736
2019-12-18,30.55,30.65,30.5,30.65,30.65,2886,0.5037786967925102,0.4854209316194405,0.5290238436495375,0.515145727502388,0.515145727502388,0.00756081525312296,0.012386457473162676,0.012219286657860007,0.010800560639788837,0.008953848179603728,0.008278962662426618
2019-12-19,30.55,30.6,30.45,30.55,30.55,2886,0.5037786967925102,0.4771817735517825,0.5207140367499038,0.49863540841541776,0.49863540841541776,0.0016393442622951052,0.007751937984495987,0.009138956177053533,0.007170526662820444,0.0054634017904161385,0.0049342105263158595
2019-12-20,30.6,30.7,30.45,30.55,30.55,2886,0.5120681530137874,0.4936600896870991,0.5207140367499038,0.49863540841541776,0.49863540841541776,0.0,0.006092540754157705,0.008583690987124398,0.006921555702043653,0.0054634017904160205,0.004879118469382281
2019-12-23,30.55,30.85,30.55,30.85,30.85,2886,0.5037786967925102,0.5183775638900749,0.5373336505491713,0.5481663656763296,0.5481663656763296,0.006525285481239897,0.013635616888451005,0.017256539898878997,0.01605599011939072,0.015136558078315264,0.014246575342465762
2019-12-24,30.8,30.85,30.7,30.8,30.8,2886,0.5452259778988955,0.5183775638900749,0.562263071248072,0.5399112061328443,0.5399112061328443,0.003911342894393774,0.010001639613051429,0.013936135191484766,0.013741463013247654,0.013357899585444456,0.012380848033307718
2019-12-25,30.8,30.85,30.7,30.8,30.8,2886,0.5452259778988955,0.5183775638900749,0.562263071248072,0.5399112061328443,0.5399112061328443,0.002930641484858348,0.0076885326353671145,0.01249178172255092,0.01357466063348421,0.013157894736842176,0.012048192771084354
2019-12-26,30.85,30.85,30.75,30.8,30.8,2886,0.5535154341201727,0.5183775638900749,0.5705728781477057,0.5399112061328443,0.5399112061328443,0.0013003901170350828,0.005550114267058379,0.011051537367326818,0.01332455996051986,0.012558353606417183,0.01160499233632588
2019-12-27,30.85,30.9,30.8,30.9,30.9,2886,0.5535154341201727,0.5266167219577329,0.5788826850473395,0.5564215252198145,0.5564215252198145,0.002270515731430319,0.006842619745845581,0.012450851900393153,0.01561216105176657,0.015178395426769044,0.014500683994528037
2019-12-30,30.9,30.95,30.7,30.7,30.7,2886,0.5618048903414493,0.5348558800253915,0.562263071248072,0.5234008870458734,0.5234008870458734,-0.003246753246753293,-0.0008136696501221198,0.0046907385185993595,0.008375759566431237,0.008210180623973728,0.007934336525307813
2019-12-31,30.7,30.7,30.6,30.6,30.6,2886,0.5286470654563411,0.4936600896870991,0.545643457448805,0.5068905679589032,0.5068905679589032,-0.005201560468140447,-0.0039062499999999167,0.0005449591280654803,0.004184100418409967,0.004662157725392442,0.004761122968314008
2020-01-02,30.6,30.65,30.55,30.6,30.6,2886,0.5120681530137874,0.4854209316194405,0.5373336505491713,0.5068905679589032,0.5068905679589032,-0.0039062499999999167,-0.0037440989744422885,-0.0005443658138268607,0.0034431874077718964,0.004794115715505379,0.0048161120840631
2020-01-03,30.7,30.8,30.6,30.8,30.8,2886,0.5286470654563411,0.5101384058224163,0.545643457448805,0.5399112061328443,0.5399112061328443,0.002604166666666727,0.001951854261548545,0.004566210045662119,0.008926377856031592,0.01116217990807616,0.010885618948635324
2020-01-06,30.75,30.75,30.6,30.6,30.6,2886,0.5369365216776183,0.5018992477547577,0.545643457448805,0.5068905679589032,0.5068905679589032,-0.0019569471624266885,-0.004716214018539471,-0.0026075619295957723,0.0014727540500736936,0.004200577579417291,0.004101722723543888
2020-01-07,30.6,30.65,30.55,30.6,30.6,2886,0.5120681530137874,0.4854209316194405,0.5373336505491713,0.5068905679589032,0.5068905679589032,-0.0013054830287207147,-0.0039062500000001475,-0.003149093278314721,0.0007358351729211773,0.0038052748983072975,0.0038821149324730366
2020-01-08,30.6,30.8,30.5,30.7,30.7,2886,0.5120681530137874,0.5101384058224163,0.5290238436495375,0.5234008870458734,0.5234008870458734,0.0013046314416175991,-0.0003256268316509789,0.0,0.0031860142145249616,0.00622746640445748,0.006832467887400891
2020-01-09,30.7,30.9,30.7,30.9,30.9,2886,0.5286470654563411,0.5266167219577329,0.562263071248072,0.5564215252198145,0.5564215252198145,0.005859374999999991,0.005859374999999991,0.0059685295713510665,0.008403361344537707,0.011787819253438095,0.01317011858571497
2020-01-10,30.9,31.1,30.9,30.95,30.95,2886,0.5618048903414493,0.5595733542283673,0.5955022988466064,0.5646766847632999,0.5646766847632999,0.006504065040650383,0.006995282251504911,0.006722324623224559,0.008718324777967959,0.012364254873740564,0.014476918874624411
2020-01-13,31.1,31.75,31.05,31.7,31.7,2886,0.5949627152265581,0.6666824091079274,0.6204317195455077,0.6885040779155793,0.6885040779155793,0.02357119793348403,0.028719779328249283,0.028552887735236947,0.030810503211120863,0.03466283699980421,0.03747340860742921
2020-01-14,31.8,32.05,31.75,32.0,32.0,2886,0.7110151023244369,0.7161173575138778,0.7367690161403785,0.7380350351764913,0.7380350351764913,0.024,0.034092745193084376,0.03571043262487857,0.03778174152748497,0.04193800468872103,0.04535307889149012
2020-01-15,32.0,32.0,31.7,31.8,31.8,2886,0.7441729272095451,0.7078781994462198,0.7284592092407447,0.7050143970025502,0.7050143970025502,0.010486177311725513,0.023660067600193242,0.027021207880288608,0.02937606215100749,0.033272680010397626,0.03684382132376912
2020-01-16,31.85,31.95,31.75,31.95,31.95,2886,0.7193045585457141,0.6996390413785611,0.7367690161403785,0.7297798756330058,0.7297798756330058,0.008522727272727373,0.02403846153846154,0.02931701030927824,0.032060082370992365,0.035656401944894583,0.039700618288317564
2020-01-17,32.0,32.1,31.9,32.1,32.1,2886,0.7441729272095451,0.724356515581537,0.7616984368392792,0.754545354263462,0.754545354263462,0.005954246317768652,0.02457708266836896,0.031270079246091334,0.03431609473175439,0.03789446456285568,0.04237700925474914
2020-01-20,32.1,32.4,32.1,32.35,32.35,2886,0.7607518396520995,0.7737914639874874,0.7949376644378142,0.7958211519808885,0.7958211519808885,0.009675405742821544,0.026821139501666365,0.03608412512010244,0.03935742971887555,0.04321186713963237,0.047886411488419864
2020-01-30,31.95,31.95,31.2,31.2,31.2,2886,0.7358834709882679,0.6996390413785611,0.6453611402444084,0.6059524824807264,0.6059524824807264,-0.02132998745294866,-0.011563440519562759,-0.0018129465713981577,0.0018463514489844245,0.00502512562814078,0.009490940465918769
2020-01-31,31.25,32.0,31.25,31.55,31.55,2886,0.619831083890389,0.7078781994462198,0.6536709471440421,0.6637385992851237,0.6637385992851237,-0.008796732642161518,-0.003159557661927263,0.0073435504469987365,0.011866581141757685,0.0151222651222652,0.019331215335738613
2020-02-03,31.15,31.75,30.75,31.6,31.6,2886,0.6032521714478346,0.6666824091079274,0.5705728781477057,0.6719937588286091,0.6719937588286091,-0.005037783375314866,-0.003783102143757801,0.006796941376380672,0.01217168481742481,0.015489427341088735,0.019300037632385452
2020-02-04,31.6,32.1,31.4,31.8,31.8,2886,0.6778572774393288,0.724356515581537,0.6786003678429428,0.7050143970025502,0.7050143970025502,0.0031545741324921586,-0.00015720798616566595,0.0110216193302247,0.0169491525423728,0.020277207392197055,0.023934742943007372
2020-02-05,31.85,32.05,31.6,32.0,32.0,2886,0.7193045585457141,0.7161173575138778,0.7118395954414778,0.7380350351764913,0.7380350351764913,0.011697755295605357,0.005182974713365766,0.014370245139475903,0.021548284118116545,0.024787036443989014,0.02849796443111195
2020-02-06,32.1,32.35,32.0,32.35,32.35,2886,0.7607518396520995,0.7655523059198294,0.7783180506385466,0.7958211519808885,0.7958211519808885,0.015379786566227193,0.015061186068402786,0.021686493315085823,0.0300087558704132,0.034008821837243616,0.037524053880692805
2020-02-07,32.15,32.25,31.95,32.0,32.0,2886,0.769041295873376,0.7490739897845122,0.770008243738913,0.7380350351764913,0.7380350351764913,0.0015649452269170803,0.003449357165255436,0.007874015748031496,0.016599158128822202,0.021254866917725167,0.02481985588470772
2020-02-10,31.55,32.1,31.55,32.05,32.05,2886,0.6695678212180516,0.724356515581537,0.7035297885418441,0.746290194719976,0.746290194719976,0.0003121098626713765,0.004702194357366503,0.00701717637201495,0.015847860538827144,0.0212210043334182,0.024889410009060357
2020-02-11,31.95,32.15,31.9,32.15,32.15,2886,0.7358834709882679,0.732595673649195,0.7616984368392792,0.7628005138069469,0.7628005138069469,0.0012457178449081017,0.007679047171289686,0.007626410363560239,0.016841938799715312,0.02264775112920657,0.02633679169992017
2020-02-12,32.05,32.25,32.05,32.1,32.1,2886,0.7524623834308217,0.7490739897845122,0.7866278575381799,0.754545354263462,0.754545354263462,-0.0009337068160597925,0.006900878293600967,0.005219206680584588,0.012857931687307686,0.019500730483389468,0.02305322426431529
2020-02-13,32.1,32.2,32.05,32.2,32.2,2886,0.7607518396520995,0.7408348317168542,0.7866278575381799,0.7710556733504329,0.7710556733504329,0.0031152647975078323,0.006879299562226467,0.007929883138564402,0.013455031867180913,0.020731630000634105,0.02477059353948982
2020-02-14,32.1,32.3,32.05,32.3,32.3,2886,0.7607518396520995,0.7573131478521702,0.7866278575381799,0.7875659924374026,0.7875659924374026,0.0043532338308455674,0.007643113398845654,0.010006253908692718,0.014049132721136313,0.021699247168975654,0.026319970343695268
2020-02-17,32.25,32.55,32.2,32.5,32.5,2886,0.7856202083159304,0.7985089381904626,0.8115572782370817,0.8205866306113442,0.8205866306113442,0.007751937984496124,0.011043708197231198,0.015096304008329025,0.017771862522508498,0.02556011360050485,0.030818840196648548
2020-02-18,32.45,33.05,32.4,32.9,32.9,2886,0.8187780332010391,0.8809005188670475,0.8447965058356156,0.8866279069592263,0.8866279069592263,0.0154320987654321,0.019996899705471895,0.025880885562831253,0.027162035591632765,0.03543777931642227,0.041194155809905444
2020-02-19,33.0,33.45,33.0,33.45,33.45,2886,0.9099620516350865,0.9468137834083162,0.9445141886312195,0.9774346619375653,0.9774346619375653,0.023875114784205727,0.03240740740740754,0.04065124961111704,0.041488285202771175,0.04898394380331163,0.05576012624934253
2020-02-20,33.55,33.8,33.2,33.6,33.6,2886,1.0011460700691337,1.0044878898819247,0.9777534162297545,1.002200140568021,1.002200140568021,0.01972685887708645,0.033051498847040825,0.040140336394592926,0.04355928255299335,0.04973756560859781,0.05726872246696048
2020-02-21,33.55,33.65,33.15,33.2,33.2,2886,1.0011460700691337,0.9797704156789495,0.9694436093301202,0.9361588642201388,0.9361588642201388,0.0021128886205855806,0.017001072139684697,0.02426984779925963,0.028899047028744233,0.034010215522611145,0.04184100418410049
2020-02-24,32.95,32.95,32.6,32.7,32.7,2886,0.9016725954138098,0.8644222027317314,0.8780357334341506,0.8536072687852858,0.8536072687852858,-0.01416943020801926,-0.0003057169061446318,0.006566796634516877,0.0122272094103081,0.01615910503418282,0.023901471662665756
2020-02-25,32.35,32.75,32.35,32.7,32.7,2886,0.8021991207584848,0.831465570461097,0.8364866989359824,0.8536072687852858,0.8536072687852858,-0.01297917295502586,-0.001983824202655203,0.004711183941007865,0.01128807793412739,0.013953488372093112,0.02187500000000009
2020-02-26,32.35,32.45,32.25,32.35,32.35,2886,0.8021991207584848,0.7820306220551466,0.8198670851367149,0.7958211519808885,0.7958211519808885,-0.01701610452749931,-0.013418725221103926,-0.006754682222904478,0.00046389361373126855,0.0022927252447638513,0.009097998440343273
2020-02-27,32.3,32.4,32.1,32.35,32.35,2886,0.793909664537207,0.7737914639874874,0.7949376644378142,0.7958211519808885,0.7958211519808885,-0.009491733006736136,-0.013869836915104353,-0.006754682222904478,-0.0013120321061973258,0.0018581604211830992,0.007265179034769101
2020-03-02,31.65,32.2,31.65,31.95,31.95,2886,0.6861467336606053,0.7408348317168542,0.720149402341111,0.7297798756330058,0.7297798756330058,-0.014193150262265083,-0.02502288678669505,-0.018935516888434104,-0.014269186270728951,-0.01071340104037652,-0.006478362270018103
2020-03-03,32.2,32.45,32.1,32.25,32.25,2886,0.7773307520946539,0.7820306220551466,0.7949376644378142,0.7793108328939177,0.7793108328939177,-0.002165841584158644,-0.015116811726981141,-0.010128913443830519,-0.006010171058714975,-0.001795220997895253,0.0014491253493427241
2020-03-04,32.1,32.35,32.1,32.35,32.35,2886,0.7607518396520995,0.7655523059198294,0.7949376644378142,0.7958211519808885,0.7958211519808885,0.0031007751937982726,-0.010400734169470889,-0.007465739415013263,-0.0037724228193084974,0.0009901602821955713,0.003100775193798494
2020-03-05,32.35,32.95,32.35,32.9,32.9,2886,0.8021991207584848,0.8644222027317314,0.8364866989359824,0.8866279069592263,0.8866279069592263,0.016687268232385637,0.008120116439405344,0.007759852971206768,0.011762896901668343,0.017316017316017163,0.018891297615360774
2020-03-06,32.8,32.8,32.2,32.45,32.45,2886,0.8768042267499777,0.839704728528755,0.8115572782370817,0.8123314710678594,0.8123314710678594,0.002161828289067334,-0.0021525215252150426,-0.006531278701908291,-0.002229225920516504,0.0018524235875268648,0.004488469277201769
2020-03-09,31.7,32.15,31.4,31.75,31.75,2886,0.6944361898818825,0.732595673649195,0.6786003678429428,0.6967592374590648,0.6967592374590648,-0.01824366110080406,-0.019305019305019305,-0.026869636289333833,-0.023377422331590434,-0.020001234644113932,-0.017129295222371308
2020-03-10,31.1,31.6,31.1,31.35,31.35,2886,0.5949627152265581,0.6419649349049522,0.6287415264451415,0.6307179611111826,0.6307179611111826,-0.02518656716417896,-0.027605459057071978,-0.03686635944700448,-0.03464203233256351,-0.032048907002593455,-0.028910686628807334
2020-03-11,31.3,31.45,31.2,31.2,31.2,2886,0.6281205401116662,0.6172474607019763,0.6453611402444084,0.6059524824807264,0.6059524824807264,-0.02286251174444098,-0.027734496727952543,-0.03812557804953247,-0.037853673579523635,-0.03596588802373022,-0.03265812319140155
2020-03-12,30.75,30.85,29.9,30.2,30.2,2886,0.5369365216776183,0.5183775638900749,0.42930616085393364,0.44084929161102043,0.44084929161102043,-0.03791016247212481,-0.05254901960784316,-0.0626939788950962,-0.06595530812649801,-0.06478384739254311,-0.061577502718939324
2020-03-13,28.35,30.2,28.05,30.0,30.0,2886,0.1390426230563192,0.4112685090105143,0.12184330556748935,0.40782865343707936,0.40782865343707936,-0.029126213592232966,-0.051833122629582715,-0.061913696060037535,-0.06897354333152311,-0.06826510963413877,-0.06663209748509201
2020-03-16,29.1,29.55,29.0,29.0,29.0,2886,0.26338446637547525,0.30415945413095424,0.27972963666052836,0.24272546256737343,0.24272546256737343,-0.04448105436573316,-0.07481256978784492,-0.08517350157728705,-0.09537549715355213,-0.09595361306814648,-0.09535198086721426
2020-03-17,27.8,28.65,27.6,28.0,28.0,2886,0.047858604622271324,0.15585460891310124,0.04705504347078671,0.07762227169766751,0.07762227169766751,-0.056603773584905655,-0.09443725743855104,-0.10790144435004248,-0.12039582188015392,-0.12269707983456585,-0.12326479490658597
2020-03-18,27.6,28.45,27.6,28.0,28.0,2886,0.014700779737163164,0.12289797664246742,0.04705504347078671,0.07762227169766751,0.07762227169766751,-0.03581267217630851,-0.08151549942594706,-0.09890581420296066,-0.11357340720221602,-0.11811023622047244,-0.11977365608299273
2020-03-19,27.5,27.75,26.4,26.4,26.4,2886,-0.0018781327053912099,0.007549763695248782,-0.1523803221204211,-0.1865428336938622,-0.1865428336938622,-0.06647807637906657,-0.11513323278029168,-0.13941106161034458,-0.15479430126460694,-0.1624896897404988,-0.1651733951723411
2020-03-20,26.7,28.0,26.7,27.95,27.95,2886,-0.13450943224582446,0.048745554033541194,-0.10252148072261914,0.06936711215418209,0.06936711215418209,0.0028704700394690296,-0.04883443933979929,-0.08008776741634668,-0.09700347306356528,-0.10850982393467715,-0.11204066504288904
2020-03-23,26.55,27.2,26.2,27.0,27.0,2886,-0.15937780090965542,-0.08308097504899464,-0.18561954971895553,-0.08748091917203842,-0.08748091917203842,-0.017109574080815395,-0.06606710480802502,-0.10159716060337182,-0.11887084931059808,-0.13294797687861273,-0.13765570105397643
2020-03-24,28.1,28.3,27.35,27.35,27.35,2886,0.09759534194993387,0.09818050243949221,0.005506008972618516,-0.02969480236764111,-0.02969480236764111,0.00036576444769587113,-0.040687478077867295,-0.0799506615833146,-0.09958847736625509,-0.11585957199198292,-0.12208431414508873
2020-03-25,27.95,28.35,27.75,27.95,27.95,2886,0.0727269732861023,0.1064196605071508,0.07198446416968739,0.06936711215418209,0.06936711215418209,0.022685693377241033,-0.008337768316480502,-0.05039637599094001,-0.07258399004562423,-0.0906428943258721,-0.09877472055030093
2020-03-26,28.1,28.3,27.8,28.15,28.15,2886,0.09759534194993387,0.09818050243949221,0.08029427106932115,0.10238775032812317,0.10238775032812317,0.016979768786127256,0.006075768406004223,-0.033199771036061886,-0.05939353437473895,-0.07777486567946541,-0.08845593394138924
2020-03-27,28.35,28.8,28.3,28.65,28.65,2886,0.1390426230563192,0.18057208311607703,0.16339234006565753,0.18493934576297613,0.18493934576297613,0.02983465132997837,0.02891003770874483,-0.007391153712899921,-0.036731949230898585,-0.05526610828991631,-0.06869650016253126
2020-03-30,28.3,28.8,27.9,28.65,28.65,2886,0.130753166835042,0.18057208311607703,0.09691388486858807,0.18493934576297613,0.18493934576297613,0.017761989342806397,0.03020496224379706,-0.00023263929277671027,-0.03135829600202875,-0.04956210191082791,-0.06499864019581182
2020-03-31,28.85,28.9,28.2,28.45,28.45,2886,0.2219371852690899,0.19705039925139364,0.14677272626639,0.15191870758903506,0.15191870758903506,0.002819880155093474,0.021360617483396117,-0.000468438927274805,-0.03190131858783485,-0.050844064856208744,-0.06741695804195799
2020-04-01,28.3,28.35,28.05,28.05,28.05,2886,0.130753166835042,0.1064196605071508,0.12184330556748935,0.08587743124115292,0.08587743124115292,-0.011976047904191487,0.006819813352476587,-0.007196790939122221,-0.03847801868197796,-0.05834564254062025,-0.07563025210084039
2020-04-06,29.05,29.45,28.05,28.45,28.45,2886,0.25509501015419805,0.28768113799563705,0.12184330556748935,0.15191870758903506,0.15191870758903506,0.0,0.013718154284696298,0.011136121312640655,-0.017271157167530103,-0.03988930885529153,-0.05727066880212068
2020-04-07,28.65,28.75,28.3,28.4,28.4,2886,0.18877936038398116,0.17233292504841843,0.16339234006565753,0.14366354804554965,0.14366354804554965,0.0,0.010316613304873807,0.013200142704245488,-0.012088007652839504,-0.03643889529755044,-0.05349108481919693
2020-04-08,28.4,28.6,28.35,28.4,28.4,2886,0.1473320792775958,0.14761545084544322,0.1717021469652913,0.14366354804554965,0.14366354804554965,0.0017636684303349967,0.005309734513274286,0.014648088603072403,-0.006298110566830065,-0.03177417155325238,-0.04841682023789592
2020-04-09,28.4,28.65,28.4,28.5,28.5,2886,0.1473320792775958,0.15585460891310124,0.18001195386492447,0.16017386713252046,0.16017386713252046,0.00493653032440071,0.004759386567953519,0.01700963482811942,0.002197802197802198,-0.023370570899869735,-0.04056556135330747
2020-04-10,28.6,29.3,28.55,29.15,29.15,2886,0.18048990416270455,0.26296366379266184,0.20494137456382572,0.26749094119782907,0.26749094119782907,0.019944016794961397,0.02334562050201845,0.03736654804270452,0.028763013940356498,0.0033041921938458223,-0.01475890040558813
2020-04-13,28.7,28.9,28.5,28.6,28.6,2886,0.19706881660525835,0.19705039925139364,0.196631567664192,0.1766841862194913,0.1766841862194913,-0.00034952813701483605,0.0024535576586049873,0.012508850601840994,0.012210228278180812,-0.009763866768229226,-0.02924704418170497
2020-04-14,28.6,28.85,28.55,28.85,28.85,2886,0.18048990416270455,0.18881124118373563,0.20494137456382572,0.2179599839369178,0.2179599839369178,0.005226480836237008,0.010507880910683037,0.019194536033914387,0.023140349321748375,0.0038972788642217776,-0.01686829102061683
2020-04-15,28.9,29.25,28.9,29.2,29.2,2886,0.2302266414903665,0.25472450572500327,0.26311002286126084,0.2757461007413145,0.2757461007413145,0.011781011781011652,0.020800559342772203,0.026241799437675836,0.035185677568022676,0.019695488196675517,-0.0018231540565178178
2020-04-16,28.8,28.9,28.6,28.8,28.8,2886,0.21364772904781273,0.19705039925139364,0.21325118146345948,0.20970482439343238,0.20970482439343238,-0.004149377593360907,0.00558659217877083,0.008756567425569177,0.019559253031241647,0.009322212097848118,-0.011611279528684935
2020-04-17,29.05,29.45,29.05,29.05,29.05,2886,0.25509501015419805,0.28768113799563705,0.28803944356016215,0.25098062211085886,0.25098062211085886,0.005190311418685195,0.010786360473208027,0.014906253639222176,0.026501766784452298,0.021161417322834657,0.000746397198139804
2020-04-20,28.95,29.1,28.75,28.9,28.9,2886,0.2385160977116437,0.23000703152202803,0.23818060216236017,0.22621514348040261,0.22621514348040261,-0.002071823204419968,0.003995136355740659,0.007905138339920821,0.016710642040457267,0.01774897872939843,0.0001730403183941514
2020-04-21,28.85,28.85,28.2,28.35,28.35,2886,0.2219371852690899,0.18881124118373563,0.14677272626639,0.13540838850206482,0.13540838850206482,-0.017671517671517725,-0.014940931202223756,-0.010586319218240962,-0.003339778519950742,0.0007059654076951333,-0.01419878296146038
2020-04-22,28.0,28.5,28.0,28.3,28.3,2886,0.08101642950737949,0.13113713471012603,0.11353349866785559,0.12715322895857942,0.12715322895857942,-0.013249651324965098,-0.016336461591936004,-0.011526370939573814,-0.007365836548579352,-7.06663840010915e-05,-0.01198650064005575
2020-04-23,28.2,28.6,28.2,28.3,28.3,2886,0.11417425439248766,0.14761545084544322,0.14677272626639,0.12715322895857942,0.12715322895857942,-0.009797060881735518,-0.015652173913043455,-0.011180992313067795,-0.009016895736671514,-0.0004944550399094368,-0.008467153284671548
2020-04-24,28.3,28.35,28.2,28.2,28.2,2886,0.130753166835042,0.1064196605071508,0.14677272626639,0.11064290987160857,0.11064290987160857,-0.007391763463569072,-0.015878555225963875,-0.015019210618232614,-0.012950647532376654,-0.004307605395099212,-0.008496923527688143
2020-04-27,28.55,28.85,28.35,28.7,28.7,2886,0.1722004479414274,0.18881124118373563,0.1717021469652913,0.19319450530646154,0.19319450530646154,0.011632005639760376,0.001221001221001102,0.0018617640214103294,0.003584229390680849,0.010065460688392968,0.010859994129732911
2020-04-28,29.05,29.45,29.0,29.45,29.45,2886,0.25509501015419805,0.28768113799563705,0.27972963666052836,0.317021898458741,0.317021898458741,0.03008044770898901,0.025239338555265372,0.02553685432385378,0.028371890004364908,0.03427688417503685,0.03794642857142849
2020-04-29,29.8,30.05,29.5,29.95,29.95,2886,0.3794368534733541,0.3865510348075391,0.36282770565686473,0.399573493893594,0.399573493893594,0.03561549100968192,0.039930555555555504,0.039208882720333196,0.043463112969253634,0.04749580302182418,0.0543918324238691
2020-04-30,30.05,30.65,30.05,30.1,30.1,2886,0.42088413457973944,0.4854209316194405,0.4542355815528349,0.4243389725240502,0.4243389725240502,0.028005464480874327,0.04044244728655381,0.040562341553353386,0.04568351571999297,0.04870740714932756,0.05706760316066725
2020-05-04,28.7,29.55,28.7,29.35,29.35,2886,0.19706881660525835,0.30415945413095424,0.2298707952627264,0.30051157937177075,0.30051157937177075,-0.005421890884445955,0.013466850828729426,0.014167242570836217,0.01733102253032929,0.02058557618749586,0.02910238429172517
2020-05-05,29.45,29.95,29.4,29.85,29.85,2886,0.3214106599244144,0.3700727186722219,0.3462080918575972,0.3830631748066237,0.3830631748066237,0.0036987222595830337,0.02736189984512138,0.028482829906971575,0.03215767634854758,0.035523485742038466,0.04243059193294918
2020-05-06,29.85,29.85,29.4,29.55,29.55,2886,0.3877263096946313,0.3535944025369053,0.3462080918575972,0.33353221754571183,0.33353221754571183,-0.007056451612903254,0.012853470437017995,0.016511867905056776,0.019756707790527187,0.02383757189383961,0.03003543833149369
2020-05-07,29.55,29.85,29.4,29.55,29.55,2886,0.33798957236696875,0.3535944025369053,0.3462080918575972,0.33353221754571183,0.33353221754571183,-0.004380053908355761,0.008532423208191127,0.015696608615948557,0.01773721370759418,0.022562115025261172,0.026992585727525508
2020-05-08,30.0,30.15,29.85,30.0,30.0,2886,0.4125946783584623,0.4030293509428557,0.42099635395430046,0.40782865343707936,0.40782865343707936,0.011463250168577082,0.0179843909060059,0.028336380255941422,0.03057368601855022,0.03591160220994472,0.039441011722584816
2020-05-11,30.3,30.5,30.2,30.4,30.4,2886,0.4623314156861248,0.4607034574164653,0.4791650022517356,0.4738699297849615,0.4738699297849615,0.017743555406762677,0.023913775682047615,0.038842692789611576,0.04207729882594894,0.04632752805121486,0.05032822757111586
2020-05-12,30.35,30.35,30.1,30.3,30.3,2886,0.470620871907402,0.4359859832134901,0.4625453884524687,0.45735961069799125,0.45735961069799125,0.011348464619492652,0.015075376884422086,0.03213353014647446,0.03563188925916433,0.04023619884647077,0.044287437532310875
2020-05-13,30.3,30.45,30.15,30.3,30.3,2886,0.4623314156861248,0.4524642993488067,0.4708551953521018,0.45735961069799125,0.45735961069799125,0.006310195948189894,0.012193085017537946,0.027583088401537392,0.033071939993181254,0.03752910560197233,0.042311661506708086
2020-05-14,30.15,30.35,30.05,30.25,30.25,2886,0.43746304702229327,0.4359859832134901,0.4542355815528349,0.44910445115450587,0.44910445115450587,0.0,0.009511096278992283,0.021384355655599308,0.029524376754870962,0.03319898900198093,0.038686047842508814
2020-05-15,30.3,30.4,30.1,30.25,30.25,2886,0.4623314156861248,0.4442251412811481,0.4625453884524687,0.44910445115450587,0.44910445115450587,-0.0016501650165016736,0.009006004002668551,0.0169206633796504,0.026990324223391798,0.030734632683658083,0.03655054254711593
2020-05-18,30.1,30.25,30.0,30.05,30.05,2886,0.42917359080101664,0.4195076670781729,0.44592577465320116,0.4160838129805648,0.4160838129805648,-0.00595434998346013,0.0,0.006026113157013717,0.0184714455177088,0.022665396133950584,0.027350427350427375
2020-05-19,30.6,30.7,30.3,30.55,30.55,2886,0.5120681530137874,0.4936600896870991,0.4957846160510031,0.49863540841541776,0.49863540841541776,0.008916776750330237,0.014276228419654825,0.018559679928873023,0.03253062948880447,0.03692892539542452,0.04195088676671216
2020-05-20,30.65,30.8,30.55,30.8,30.8,2886,0.5203576092350639,0.5101384058224163,0.5373336505491713,0.5399112061328443,0.5399112061328443,0.013824884792626667,0.018350140519094175,0.023822714681440506,0.03668798384382362,0.04265402843601901,0.04761904761904769
2020-05-21,30.8,31.0,30.6,31.0,31.0,2886,0.5452259778988955,0.5430950380930502,0.545643457448805,0.5729318443067853,0.5729318443067853,0.015394693743858462,0.020072392234287695,0.02807870882157875,0.038699949740324806,0.04687288936917472,0.051322631697942524
2020-05-22,30.75,30.9,30.45,30.45,30.45,2886,0.5369365216776183,0.5266167219577329,0.5207140367499038,0.48212508932844694,0.48212508932844694,-0.003925417075564311,0.0004928536224742606,0.009057770904672368,0.016609631917202314,0.026012534537367696,0.030398736675878408
2020-05-25,30.5,30.55,30.1,30.35,30.35,2886,0.495489240571233,0.4689426154841239,0.4625453884524687,0.4656147702414767,0.4656147702414767,-0.009141364675155113,-0.002628984554715685,0.0035269480877329154,0.009647371922820995,0.02085435586949213,0.02562658406082804
2020-05-26,30.7,30.8,30.45,30.65,30.65,2886,0.5286470654563411,0.5101384058224163,0.5207140367499038,0.515145727502388,0.515145727502388,0.0,0.006072542261611761,0.011662449114313835,0.016330929287905156,0.028523489932885834,0.033378287255562994
2020-05-27,30.65,30.8,30.6,30.7,30.7,2886,0.5203576092350639,0.5101384058224163,0.545643457448805,0.5234008870458734,0.5234008870458734,0.0022853411687886625,0.006392394689395073,0.010755048287971832,0.015883520847121125,0.026961932160299882,0.03291650311220765
2020-05-28,30.7,30.75,30.4,30.45,30.45,2886,0.5286470654563411,0.5018992477547577,0.51240422985027,0.48212508932844694,0.48212508932844694,-0.0022935779816513854,-0.002457002457002434,0.0005476451259583478,0.006777979831376913,0.015677118078719108,0.02307089259715524
2020-05-29,30.35,30.75,30.3,30.75,30.75,2886,0.470620871907402,0.5018992477547577,0.4957846160510031,0.5316560465893588,0.5316560465893588,0.005559189012426362,0.005723630417007382,0.008747949699289197,0.015605647758236437,0.02234191103131847,0.030899033357546086
2020-06-01,30.9,31.05,30.65,30.7,30.7,2886,0.5618048903414493,0.5513341961607088,0.5539532643484382,0.5234008870458734,0.5234008870458734,0.0016313213703099743,0.001958224543080782,0.006447382799693982,0.011698797165925208,0.017297368944263983,0.02732849972113775
2020-06-02,30.7,30.95,30.7,30.9,30.9,2886,0.5286470654563411,0.5348558800253915,0.562263071248072,0.5564215252198145,0.5564215252198145,0.006514657980456003,0.007334963325183305,0.011677398232019928,0.016530964717493258,0.02094759796471289,0.03171953255425707
2020-06-03,31.2,31.5,31.05,31.3,31.3,2886,0.6115416276691118,0.625486618769635,0.6204317195455077,0.6224628015676972,0.6224628015676972,0.0155743024010383,0.018714401952807137,0.022541653054557378,0.026734459570280387,0.03164139749505606,0.04165511120971763
2020-06-04,31.5,31.5,31.3,31.4,31.4,2886,0.6612783649967744,0.625486618769635,0.6619807540436758,0.6389731206546674,0.6389731206546674,0.012576588197355595,0.020640338046481445,0.02324570932000862,0.02689886354345497,0.032962694914139175,0.0414018020009949
2020-06-05,31.4,31.5,31.2,31.5,31.5,2886,0.64469945255422,0.625486618769635,0.6453611402444084,0.6554834397416383,0.6554834397416383,0.010911424903722601,0.020408163265306208,0.023724406889827767,0.027648642035723148,0.03434688382478502,0.041035527402919325
2020-06-08,31.5,31.8,31.4,31.8,31.8,2886,0.6612783649967744,0.6749215671755859,0.6786003678429428,0.7050143970025502,0.7050143970025502,0.013384321223709309,0.025310333709495526,0.029570472695877422,0.03507201562372868,0.04084838963079332,0.04679870521753443
2020-06-09,31.75,31.85,31.55,31.85,31.85,2886,0.7027256461031597,0.6831607252432446,0.7035297885418441,0.7132695565460355,0.7132695565460355,0.008869179600886954,0.02296450939457202,0.02830391734825663,0.034090909090909116,0.039762340036563065,0.044833242208857316
2020-06-10,31.85,32.1,31.7,32.1,32.1,2886,0.7193045585457141,0.724356515581537,0.7284592092407447,0.754545354263462,0.754545354263462,0.011660888748818298,0.026378896882494098,0.03348358016741787,0.03917125283263183,0.04444589054467388,0.04999182249359437
2020-06-11,32.0,32.1,31.75,31.8,31.8,2886,0.7441729272095451,0.724356515581537,0.7367690161403785,0.7050143970025502,0.7050143970025502,-0.0003143665513989803,0.01241642788920739,0.02206985215341752,0.026883022523613687,0.0316636387230729,0.038084874863982626
2020-06-12,31.0,31.7,30.9,31.5,31.5,2886,0.5783838027840037,0.6584432510402688,0.5955022988466064,0.6554834397416383,0.6554834397416383,-0.009745363093366937,0.0004764173415911391,0.010154997327632274,0.015146632291331166,0.019945602901178593,0.026727509778357247
2020-06-15,31.45,31.65,31.3,31.3,31.3,2886,0.6529889087754972,0.6502040929726102,0.6619807540436758,0.6224628015676972,0.6224628015676972,-0.012929675181330815,-0.00776668251703907,0.001706848730531296,0.0066736351210098755,0.012289780077619631,0.018051715726134322
2020-06-16,31.5,32.0,31.5,31.7,31.7,2886,0.6612783649967744,0.7078781994462198,0.6952199816422103,0.6885040779155793,0.6885040779155793,0.0006313131313131178,0.0023715415019762622,0.012240553485896739,0.017656500802568243,0.023372933884297526,0.028998052369617004
2020-06-17,31.55,31.7,31.45,31.7,31.7,2886,0.6695678212180516,0.6584432510402688,0.6869101747425765,0.6885040779155793,0.6885040779155793,0.0031645569620252488,0.0011053213327017256,0.010090281465746143,0.016188491745472,0.02152616653776756,0.02660981270578071
2020-06-18,31.75,31.75,31.45,31.65,31.65,2886,0.7027256461031597,0.6666824091079274,0.6869101747425765,0.6802489183720939,0.6802489183720939,0.002534051314539065,-0.0012622278321238955,0.005932831867782628,0.013529741413817931,0.018077714873906255,0.022672195594808597
2020-06-19,31.55,31.6,31.25,31.25,31.25,2886,0.6695678212180516,0.6419649349049522,0.6536709471440421,0.6142076420242117,0.6142076420242117,-0.008565989847715722,-0.01310595294489192,-0.0078315165625992,-0.0005596865755177692,0.003919300950912358,0.008389803162310357
2020-06-22,31.25,31.45,31.1,31.15,31.15,2886,0.619831083890389,0.6172474607019763,0.6287415264451415,0.597697322937241,0.597697322937241,-0.010797078437599235,-0.014240506329114014,-0.0119475576231761,-0.005030743432084928,-0.0007057615809061198,0.004352732548766777
2020-06-23,31.15,31.4,30.9,31.15,31.15,2886,0.6032521714478346,0.6090083026343177,0.5955022988466064,0.597697322937241,0.597697322937241,-0.007329509241555257,-0.012052013954963385,-0.012469618514213287,-0.00582462299529246,-0.001474548018976772,0.003436057124449659
2020-06-24,31.25,31.45,31.1,31.25,31.25,2886,0.619831083890389,0.6172474607019763,0.6287415264451415,0.6142076420242117,0.6142076420242117,-0.0012783636944710497,-0.006201303863889339,-0.009194673430564447,-0.003507653061224359,0.001153328634586974,0.005631536604987955
2020-06-29,30.9,31.05,30.85,30.9,30.9,2886,0.5618048903414493,0.5513341961607088,0.5871924919469732,0.5564215252198145,0.5564215252198145,-0.007707129094412282,-0.014511242226120295,-0.019255184088023666,-0.015374810802198843,-0.009932713873758483,-0.00632436488369619
2020-06-30,31.0,31.1,30.9,30.9,30.9,2886,0.5783838027840037,0.5595733542283673,0.5955022988466064,0.5564215252198145,0.5564215252198145,-0.005471515931767033,-0.01262182457261542,-0.01800847457627118,-0.01561006690028689,-0.010503394389650296,-0.0070162283755558
2020-07-01,30.9,31.5,30.9,31.25,31.25,2886,0.5618048903414493,0.625486618769635,0.5955022988466064,0.6142076420242117,0.6142076420242117,0.005146349308459431,-0.0012783636944710497,-0.0057270124085268765,-0.0053314235696666,-0.00044779938587499344,0.0029419630917357047
2020-07-02,31.25,31.65,31.2,31.55,31.55,2886,0.619831083890389,0.6502040929726102,0.6453611402444084,0.6637385992851237,0.6637385992851237,0.012191209496310638,0.00879296562749807,0.004457179242279547,0.003179650238473813,0.007987220447284345,0.011488111140796183
2020-07-03,31.7,31.9,31.55,31.55,31.55,2886,0.6944361898818825,0.6913998833109026,0.7035297885418441,0.6637385992851237,0.6637385992851237,0.010246557796990198,0.009277031349967983,0.005631109222269531,0.002781088597536818,0.006893470351694679,0.010678056593700023
2020-07-06,31.6,32.0,31.55,31.95,31.95,2886,0.6778572774393288,0.7078781994462198,0.7035297885418441,0.7297798756330058,0.7297798756330058,0.016221374045801578,0.021093000958772777,0.01805629314923006,0.014607812003810762,0.017710390520481536,0.022454530908315153
2020-07-07,32.0,32.1,31.8,32.0,32.0,2886,0.7441729272095451,0.724356515581537,0.7450788230400123,0.7380350351764913,0.7380350351764913,0.010739102969045997,0.020245496572612837,0.01856763925729439,0.015389497064889832,0.01768222872408082,0.022364217252396144
2020-07-08,31.95,32.15,31.9,32.05,32.05,2886,0.7358834709882679,0.732595673649195,0.7616984368392792,0.746290194719976,0.746290194719976,0.00722815839094899,0.018915911619774132,0.018538135593220303,0.016572833240821306,0.017524922217283627,0.022111193791856956
2020-07-09,32.1,32.3,32.05,32.25,32.25,2886,0.7607518396520995,0.7573131478521702,0.7866278575381799,0.7793108328939177,0.7793108328939177,0.009073842302878572,0.021701251386028672,0.023701195640673044,0.022268008558522765,0.02212221095334687,0.026743075453677052
2020-07-10,32.2,32.25,31.9,32.0,32.0,2886,0.7773307520946539,0.7490739897845122,0.7616984368392792,0.7380350351764913,0.7380350351764913,-0.0015600624024960112,0.011378002528444875,0.01512107433647045,0.01450424031069191,0.013299556681444006,0.017380245866892758
2020-07-13,32.1,32.2,32.0,32.05,32.05,2886,0.7607518396520995,0.7408348317168542,0.7783180506385466,0.746290194719976,0.746290194719976,-0.0006236357966948277,0.00928987561014019,0.015847860538827144,0.015686895896054428,0.014047965576156169,0.017245027507405718
2020-07-14,32.1,32.25,32.05,32.2,32.2,2886,0.7607518396520995,0.7490739897845122,0.7866278575381799,0.7710556733504329,0.7710556733504329,0.002802865151043395,0.009879253567508272,0.018557570645297436,0.019309908198797066,0.017892141366883812,0.020440500713040707
2020-07-15,32.2,32.3,32.0,32.15,32.15,2886,0.7773307520946539,0.7573131478521702,0.7783180506385466,0.7628005138069469,0.7628005138069469,0.0006224712107066022,0.00547302580140726,0.01483585858585855,0.016359756579467265,0.015861981799797854,0.017297753401539814
2020-07-16,32.2,32.25,31.9,32.15,32.15,2886,0.7773307520946539,0.7490739897845122,0.7616984368392792,0.7628005138069469,0.7628005138069469,0.0012457178449081017,0.003589823630404085,0.01270474590508187,0.015637340072658268,0.01547694251421347,0.015958287249170453
2020-07-17,32.2,32.3,32.05,32.25,32.25,2886,0.7773307520946539,0.7573131478521702,0.7866278575381799,0.7793108328939177,0.7793108328939177,0.002798507462686452,0.004516430462544873,0.013725901089689881,0.017912096583287386,0.01844249352617937,0.018099547511312243
2020-07-20,32.2,32.5,32.15,32.45,32.45,2886,0.7773307520946539,0.7902697801228046,0.8032474713374473,0.8123314710678594,0.8123314710678594,0.006513647642680149,0.009174311926605557,0.016710182767624072,0.022933249271022117,0.023917707938912226,0.02328270352656762
2020-07-21,32.5,32.65,32.45,32.55,32.55,2886,0.8270674894223158,0.8149872543257798,0.85310631273525,0.8288417901548291,0.8288417901548291,0.0074280408542245395,0.010555728034771695,0.016340549542048298,0.02398741643727867,0.025713745509548202,0.025304493910121725
2020-07-22,32.5,32.75,32.45,32.7,32.7,2886,0.8270674894223158,0.831465570461097,0.85310631273525,0.8536072687852858,0.8536072687852858,0.008636644046884674,0.013168086754454045,0.017951644702708578,0.026204299388043334,0.028625353884869573,0.029056960033567676
2020-07-23,32.5,32.8,32.3,32.7,32.7,2886,0.8270674894223158,0.839704728528755,0.828176892036348,0.8536072687852858,0.8536072687852858,0.005225945281278872,0.011757425742574337,0.015527950310559004,0.02371448696877202,0.02733270499528761,0.0281402295236599
2020-07-24,32.45,32.6,32.1,32.15,32.15,2886,0.8187780332010391,0.8067480962581218,0.7949376644378142,0.7628005138069469,0.7628005138069469,-0.011073515841279805,-0.005721354569351947,-0.002791563275434349,0.0050801094177412385,0.00948254207485544,0.010794382728987646
2020-07-27,32.1,32.2,31.55,31.6,31.6,2886,0.7607518396520995,0.7408348317168542,0.7035297885418441,0.6719937588286091,0.6719937588286091,-0.022881880024737226,-0.02136884484360476,-0.0191412312467667,-0.013193848075571626,-0.007724674998429902,-0.006289308176100607
2020-07-28,31.3,31.8,31.2,31.65,31.65,2886,0.6281205401116662,0.6749215671755859,0.6453611402444084,0.6802489183720939,0.6802489183720939,-0.015858208955224037,-0.018147975802698956,-0.016877200248498755,-0.012788521522145872,-0.006653694055614831,-0.00487344757113665
2020-07-29,31.6,32.3,31.55,32.2,32.2,2886,0.6778572774393288,0.7573131478521702,0.7035297885418441,0.7710556733504329,0.7710556733504329,0.004366812227074253,-0.0012406947890818594,-0.00010350895352438572,0.0028809468192790197,0.009277833500501596,0.011465368305324504
2020-07-30,32.3,32.35,32.0,32.35,32.35,2886,0.793909664537207,0.7655523059198294,0.7783180506385466,0.7958211519808885,0.7958211519808885,0.011253516723976337,0.0027898326100435035,0.004346476249611939,0.006299090131425478,0.012456184276414725,0.01548603118133302
2020-07-31,32.4,32.5,32.2,32.35,32.35,2886,0.8104885769797614,0.7902697801228046,0.8115572782370817,0.7958211519808885,0.7958211519808885,0.00999063378083048,0.002479082739386374,0.003619441571871783,0.005048543689320432,0.011063882985373258,0.014795838343702647
2020-08-03,32.3,32.3,31.8,32.1,32.1,2886,0.793909664537207,0.7573131478521702,0.7450788230400123,0.754545354263462,0.754545354263462,-0.0009337068160597925,-0.0041879944160073835,-0.004239478854306582,-0.0029507687529121275,0.0017475970540505985,0.006479933110368015
2020-08-04,32.1,32.3,32.1,32.25,32.25,2886,0.7607518396520995,0.7573131478521702,0.7949376644378142,0.7793108328939177,0.7793108328939177,0.0,0.0013972985561246573,0.0003101736972704097,0.001319568423503745,0.0047354975387874955,0.01012737523491337
2020-08-05,32.3,32.3,32.15,32.2,32.2,2886,0.793909664537207,0.7573131478521702,0.8032474713374473,0.7710556733504329,0.7710556733504329,-0.0015503875968991367,0.0013994713108381807,-0.0013439470691614633,-0.0004656216048422618,0.001991535972118498,0.007456849350784904
2020-08-06,32.25,32.45,32.2,32.45,32.45,2886,0.7856202083159304,0.7820306220551466,0.8115572782370817,0.8123314710678594,0.8123314710678594,0.005577936163619673,0.009959539371304085,0.005785721665461331,0.006982156710628438,0.008641054332960519,0.013904077487892524
2020-08-07,32.5,32.6,32.4,32.45,32.45,2886,0.8270674894223158,0.8067480962581218,0.8447965058356156,0.8123314710678594,0.8123314710678594,0.004955094456488191,0.009017412935323356,0.005370236496953382,0.006279556554771927,0.007513661202185931,0.012638477141519772
2020-08-10,32.45,32.55,32.3,32.5,32.5,2886,0.8187780332010391,0.7985089381904626,0.828176892036348,0.8205866306113442,0.8205866306113442,0.004016064257027972,0.007751937984496124,0.006815365551424995,0.007127362875736102,0.008377288240769568,0.01251362999117309
2020-08-11,32.4,32.5,32.35,32.45,32.45,2886,0.8104885769797614,0.7902697801228046,0.8364866989359824,0.8123314710678594,0.8123314710678594,0.0012341869793273416,0.003711722858026521,0.00547407560421409,0.005188569658483822,0.006263954353758316,0.009331259720062341
2020-08-12,32.45,32.5,32.3,32.35,32.35,2886,0.8187780332010391,0.7902697801228046,0.828176892036348,0.7958211519808885,0.7958211519808885,-0.0027743526510481935,0.00015458339774316148,0.0031007751937982726,0.0017805992103428795,0.0027898326100435035,0.0050745650372825395
2020-08-13,30.5,30.55,30.1,30.4,30.4,2886,0.495489240571233,0.4689426154841239,0.4625453884524687,0.4738699297849615,0.4738699297849615,-0.05088979082110529,-0.05443234836702955,-0.05286114861356337,-0.056047197640117986,-0.05548996458087392,-0.054383327284981124
2020-08-14,30.3,30.3,30.0,30.05,30.05,2886,0.4623314156861248,0.4277468251458315,0.44592577465320116,0.4160838129805648,0.4160838129805648,-0.04754358161648178,-0.058583959899749294,-0.0596641285073537,-0.06371708988939082,-0.0640961754079981,-0.06381432057739224
2020-08-17,30.05,30.1,29.95,30.0,30.0,2886,0.42088413457973944,0.3947901928751977,0.43761596775356737,0.40782865343707936,0.40782865343707936,-0.03381642512077297,-0.05392620624408707,-0.0580847723704867,-0.06169364297443105,-0.06326110035596089,-0.06347554630593126
2020-08-18,30.05,30.05,29.9,29.95,29.95,2886,0.42088413457973944,0.3865510348075391,0.42930616085393364,0.399573493893594,0.399573493893594,-0.0196399345335516,-0.04860228716645514,-0.05629660749921234,-0.05943314752296465,-0.06218687374749512,-0.06303769748162054
2020-08-19,29.95,30.3,29.9,29.9,29.9,2886,0.4043052221371851,0.4277468251458315,0.42930616085393364,0.39131833435010854,0.39131833435010854,-0.005322687957418619,-0.043200000000000044,-0.0532981530343008,-0.05685671477012849,-0.06110657539408418,-0.06249999999999997
2020-08-20,29.9,29.95,29.35,29.4,29.4,2886,0.3960157659159079,0.3700727186722219,0.3378982849579641,0.3087667389152556,0.3087667389152556,-0.01540522438044221,-0.04992729035385367,-0.06329651656754465,-0.06777645659928665,-0.07360725989412661,-0.07542324021175115
2020-08-21,29.65,29.8,29.45,29.6,29.6,2886,0.3545684848095226,0.3453552444692467,0.354517898757231,0.3417873770891972,0.3417873770891972,-0.005710446758481631,-0.03457273320287026,-0.05138339920948611,-0.057624960203756834,-0.06417957635156511,-0.06678577058483513
2020-08-24,29.7,29.7,29.5,29.6,29.6,2886,0.36285794103079977,0.32887692833392945,0.36282770565686473,0.3417873770891972,0.3417873770891972,-0.0030313236780059385,-0.025353967731313896,-0.046289335194930746,-0.05461513893324819,-0.060794517070694366,-0.06437677800021069
2020-08-25,29.6,29.65,29.5,29.5,29.5,2886,0.34627902858824594,0.3206377702662709,0.36282770565686473,0.3252770580022264,0.3252770580022264,-0.0033783783783784263,-0.019118869492934308,-0.04386343993085572,-0.05456293566220668,-0.06032999936293575,-0.06487743026204565
2020-08-26,29.5,29.65,29.5,29.55,29.55,2886,0.32970011614569156,0.3206377702662709,0.36282770565686473,0.33353221754571183,0.33353221754571183,0.0006772773450727928,-0.008222856183923391,-0.03672715418885152,-0.048921789507563554,-0.05494435205321734,-0.0607120152574697
2020-08-27,29.65,29.7,29.35,29.4,29.4,2886,0.3545684848095226,0.32887692833392945,0.3378982849579641,0.3087667389152556,0.3087667389152556,-0.004402302742973334,-0.009934332379188473,-0.03522205206738146,-0.04923599320882866,-0.05575539568345326,-0.06274905690452166
2020-08-28,29.5,29.55,29.35,29.4,29.4,2886,0.32970011614569156,0.30415945413095424,0.3378982849579641,0.3087667389152556,0.3087667389152556,-0.0030518819938963513,-0.007762402969963009,-0.028741328047571887,-0.04467912266450041,-0.052407658093212184,-0.059901939884886
2020-08-31,29.55,29.6,29.25,29.25,29.25,2886,0.33798957236696875,0.31239861219861287,0.32127867115869657,0.28400126028479994,0.28400126028479994,-0.005778382053025091,-0.010319742852309244,-0.026730257320319473,-0.0451318044560517,-0.05437734385102802,-0.061497326203208594
2020-09-01,29.25,29.3,29.0,29.05,29.05,2886,0.2882528350393062,0.26296366379266184,0.27972963666052836,0.25098062211085886,0.25098062211085886,-0.009546539379474979,-0.014084507042253612,-0.026039338399642283,-0.046681434079908206,-0.057674841053587715,-0.0644122383252818
2020-09-02,29.2,29.2,28.8,28.9,28.9,2886,0.279963378818029,0.24648534765734464,0.24649040906199393,0.22621514348040261,0.22621514348040261,-0.010273972602739751,-0.01583517793291333,-0.0235386867890529,-0.04644065000412436,-0.058509252019807126,-0.06543063490352485
2020-09-03,28.9,28.95,28.75,28.9,28.9,2886,0.2302266414903665,0.20528955731905224,0.23818060216236017,0.22621514348040261,0.22621514348040261,-0.006872852233677073,-0.014156575132185099,-0.020228274381286052,-0.04082309990043159,-0.054257477583611644,-0.06158675181296693
2020-09-04,28.75,28.9,28.6,28.65,28.65,2886,0.20535827282653554,0.19705039925139364,0.21325118146345948,0.18493934576297613,0.18493934576297613,-0.01036269430051816,-0.019507186858316233,-0.0256206779276725,-0.04308617234468958,-0.05787569878329502,-0.06616688396349428
2020-09-07,28.65,28.85,28.6,28.85,28.85,2886,0.18877936038398116,0.18881124118373563,0.21325118146345948,0.2179599839369178,0.2179599839369178,-0.0006927606511948743,-0.01012180476925722,-0.016253694021368368,-0.030496513483995707,-0.04722589167767502,-0.0568299460578652
2020-09-08,28.95,29.0,28.75,28.85,28.85,2886,0.2385160977116437,0.21352871538671084,0.23818060216236017,0.2179599839369178,0.2179599839369178,0.0006937218175513938,-0.007909215955983508,-0.013787602552415647,-0.0245963992900007,-0.04292728237791933,-0.053943269388424316
2020-09-09,28.7,28.85,28.6,28.75,28.75,2886,0.19706881660525835,0.18881124118373563,0.21325118146345948,0.20144966484994695,0.20144966484994695,-0.0017361111111111357,-0.008620689655172414,-0.014623557637381561,-0.022025682455991066,-0.04185829500766514,-0.05365371955233703
2020-09-10,28.75,28.8,28.6,28.75,28.75,2886,0.20535827282653554,0.18057208311607703,0.21325118146345948,0.20144966484994695,0.20144966484994695,-0.0006951685783802424,-0.006393640919301718,-0.013157894736842089,-0.01927340951731188,-0.037108982517248326,-0.04990085922009247
2020-09-11,28.7,28.75,28.55,28.65,28.65,2886,0.19706881660525835,0.17233292504841843,0.20494137456382572,0.18493934576297613,0.18493934576297613,-0.004171011470281578,-0.007276507276507429,-0.014447884416924723,-0.02034535818088582,-0.035548374065845316,-0.049330826236035887
2020-09-14,28.65,28.7,28.5,28.65,28.65,2886,0.18877936038398116,0.16409376698075984,0.196631567664192,0.18493934576297613,0.18493934576297613,-0.0027845457709711747,-0.005208333333333408,-0.012296023902551223,-0.01807899922885797,-0.030522468868435335,-0.04568922444900903
2020-09-15,28.6,28.65,28.55,28.65,28.65,2886,0.18048990416270455,0.15585460891310124,0.20494137456382572,0.18493934576297613,0.18493934576297613,-0.0013942140118507894,-0.0038247566063977553,-0.01036269430051816,-0.015886646629454774,-0.025510204081632536,-0.04185942812552261
2020-09-16,28.65,28.75,28.55,28.75,28.75,2886,0.18877936038398116,0.17233292504841843,0.20494137456382572,0.20144966484994695,0.20144966484994695,0.002091321017776308,0.00017394329448608656,-0.005075556580920454,-0.010497332644983643,-0.017295597484276736,-0.03480304386750231
2020-09-17,28.7,28.75,28.55,28.55,28.55,2886,0.19706881660525835,0.17233292504841843,0.20494137456382572,0.1684290266760059,0.1684290266760059,-0.0034904013961604844,-0.005572971090212351,-0.010055478502080415,-0.015941404566996935,-0.021657185936536268,-0.037315949196358174
2020-09-18,28.55,28.6,28.45,28.45,28.45,2886,0.1722004479414274,0.14761545084544322,0.18832176076455823,0.15191870758903506,0.15191870758903506,-0.005592450192240357,-0.00836528407110486,-0.011351789644387739,-0.017440856501467882,-0.022941136067037547,-0.03635542508750144
2020-09-21,28.4,28.45,28.2,28.2,28.2,2886,0.1473320792775958,0.12289797664246742,0.14677272626639,0.11064290987160857,0.11064290987160857,-0.011220196353436195,-0.014847161572052427,-0.017649790989317148,-0.023714730829150155,-0.029126213592233014,-0.04016337644656239
2020-09-22,28.15,28.15,27.85,27.85,27.85,2886,0.10588479817121046,0.0734630282365164,0.0886040779689549,0.05285679306721185,0.05285679306721185,-0.01798307475317329,-0.023663453111305775,-0.02713088029809038,-0.033070046002951034,-0.038395138457288924,-0.04710310218978097
2020-09-23,27.85,27.9,27.5,27.5,27.5,2886,0.056148060843548515,0.03226723789822399,0.030435429671519198,-0.004929323737185456,-0.004929323737185456,-0.021700462468872143,-0.03169014084507037,-0.03621495327102809,-0.041811846689895446,-0.04732210905563638,-0.05384483055221049
2020-09-24,27.3,27.3,27.0,27.0,27.0,2886,-0.03503595759049937,-0.06660265891367745,-0.05266263932481719,-0.08748091917203842,-0.08748091917203842,-0.028776978417266213,-0.04340124003542963,-0.049518892278807895,-0.05528341497550717,-0.06152241918665275,-0.06741120257901093
2020-09-25,27.05,27.85,27.0,27.45,27.45,2886,-0.07648323869688473,0.02402807983056598,-0.05266263932481719,-0.01318448328067087,-0.01318448328067087,-0.005434782608695729,-0.023305461661626087,-0.03094845846081438,-0.03625032914947771,-0.043020499233021835,-0.049021306080027804
2020-09-28,27.65,27.95,27.6,27.9,27.9,2886,0.022990235958439763,0.0405063959658826,0.04705504347078671,0.06111195261069668,0.06111195261069668,0.013071895424836581,-0.0046378879771674115,-0.012855289538860714,-0.018124230160126716,-0.02502096729102616,-0.03108178503212374
2020-09-29,28.05,28.1,27.7,27.8,27.8,2886,0.08930588572865668,0.06522387016885839,0.06367465727005363,0.04460163352372644,0.04460163352372644,0.009807482746095154,-0.005188763642869907,-0.013951288720737677,-0.01948681774094002,-0.026201485217878698,-0.03214575838458868
2020-09-30,27.9,27.95,27.8,27.8,27.8,2886,0.06443751706482512,0.0405063959658826,0.08029427106932115,0.04460163352372644,0.04460163352372644,0.0076114534251542024,-0.0017953321364452678,-0.011731247778172709,-0.017581058397385007,-0.023807851674977083,-0.02978129362494178
2020-10-05,27.9,28.1,27.8,27.8,27.8,2886,0.06443751706482512,0.06522387016885839,0.08029427106932115,0.04460163352372644,0.04460163352372644,0.0018018018018018274,0.0009000900090009769,-0.009501187648456023,-0.01566787642736994,-0.021609065953403277,-0.027972027972027996
2020-10-06,28.0,28.0,27.85,27.95,27.95,2886,0.08101642950737949,0.048745554033541194,0.0886040779689549,0.06936711215418209,0.06936711215418209,0.003590664272890408,0.008115419296663583,-0.0024982155603140714,-0.009128777807320758,-0.014317957398786812,-0.02084428095988798
2020-10-07,28.0,28.0,27.85,27.95,27.95,2886,0.08101642950737949,0.048745554033541194,0.0886040779689549,0.06936711215418209,0.06936711215418209,0.003230437903804605,0.009025270758122744,-0.0008341277407054371,-0.007545494895694705,-0.012507066139061713,-0.018954018954019047
2020-10-08,28.0,28.05,27.9,28.0,28.0,2886,0.08101642950737949,0.05698471210119979,0.09691388486858807,0.07762227169766751,0.07762227169766751,0.0035842293906810548,0.010283240122677126,0.0025062656641604113,-0.00426742532005706,-0.009270398414832529,-0.015471167369901591
2020-10-12,28.05,28.25,27.95,28.25,28.25,2886,0.08930588572865668,0.08994134437183361,0.10522369176822183,0.118898069415094,0.118898069415094,0.009289031797070439,0.016552716804605874,0.012665790417015245,0.0055169959067447585,0.0004958209378098649,-0.005164925460734884
2020-10-13,28.25,28.3,28.05,28.15,28.15,2886,0.12246371061376483,0.09818050243949221,0.12184330556748935,0.10238775032812317,0.10238775032812317,0.0032074126870991954,0.008779788568356834,0.010046645138141413,0.0030286834135041414,-0.0019853931787563264,-0.007229765473461536
2020-10-14,28.1,28.15,28.0,28.0,28.0,2886,0.09759534194993387,0.0734630282365164,0.11353349866785559,0.07762227169766751,0.07762227169766751,-0.0024937655860349226,0.0014306151645208406,0.005747126436781743,-0.0011593685900293895,-0.006387508871540089,-0.010891963497203424
2020-10-15,28.0,28.0,27.65,27.75,27.75,2886,0.08101642950737949,0.048745554033541194,0.055364850370419876,0.036346473980241024,0.036346473980241024,-0.009989297181591193,-0.006977992485238872,-0.0021574973031283254,-0.008485931219294352,-0.013719078760307053,-0.017988793866116175
2020-10-16,27.8,27.85,27.7,27.7,27.7,2886,0.047858604622271324,0.02402807983056598,0.06367465727005363,0.028091314436755613,0.028091314436755613,-0.009653199856989618,-0.00841238589582971,-0.0035971223021583243,-0.00858983536148885,-0.013883944464222163,-0.01819470699432887
2020-10-19,27.7,27.9,27.7,27.8,27.8,2886,0.031279692179716954,0.03226723789822399,0.06367465727005363,0.04460163352372644,0.04460163352372644,-0.0028694404591105395,-0.004832647216752979,-0.0007189072609631928,-0.0033163036658600386,-0.008983316697561632,-0.013368035017153744
2020-10-20,27.8,27.85,27.65,27.7,27.7,2886,0.047858604622271324,0.02402807983056598,0.055364850370419876,0.028091314436755613,0.028091314436755613,-0.00323857502698812,-0.008057296329453945,-0.005980861244019181,-0.005385996409335804,-0.011067475901463843,-0.015519488212297023
2020-10-21,27.75,27.8,27.65,27.65,27.65,2886,0.03956914840099414,0.01578892176290738,0.055364850370419876,0.0198361548932702,0.0198361548932702,-0.0025252525252525354,-0.008782936010037677,-0.008249641319942626,-0.005753326141675789,-0.01144082946013587,-0.01613094532083975
2020-10-22,27.6,27.8,27.6,27.8,27.8,2886,0.014700779737163164,0.01578892176290738,0.04705504347078671,0.04460163352372644,0.04460163352372644,0.0025243418680129925,-0.0028694404591105395,-0.00263094953360443,0.0003598416696654035,-0.00486827033218783,-0.009560002375155783
2020-10-23,27.75,27.8,27.65,27.75,27.75,2886,0.03956914840099414,0.01578892176290738,0.055364850370419876,0.036346473980241024,0.036346473980241024,0.00036049026676272566,-0.0037695207323640433,-0.00430570505920348,-0.0012596724851539928,-0.005376344086021455,-0.010048159819252148
2020-10-26,27.75,27.85,27.7,27.8,27.8,2886,0.03956914840099414,0.02402807983056598,0.06367465727005363,0.04460163352372644,0.04460163352372644,0.0021629416005768667,-0.0003595828838547847,-0.002511661284535353,0.0,-0.0022252530328045785,-0.0071428571428571175
2020-10-27,27.65,27.8,27.65,27.7,27.7,2886,0.022990235958439763,0.01578892176290738,0.055364850370419876,0.028091314436755613,0.028091314436755613,-0.001441961067051287,-0.0023410768953717894,-0.005861945208757052,-0.0048500089814981695,-0.00459968377174057,-0.009476130877883088
2020-10-28,27.7,27.75,27.6,27.65,27.65,2886,0.031279692179716954,0.007549763695248782,0.04705504347078671,0.0198361548932702,0.0198361548932702,-0.0032444124008651717,-0.0028849621348720463,-0.00694361307314731,-0.007003052612677332,-0.005252554324363373,-0.010084133898203937
2020-10-29,27.6,27.65,27.5,27.5,27.5,2886,0.014700779737163164,-0.008928552440068417,0.030435429671519198,-0.004929323737185456,-0.004929323737185456,-0.0065028901734103944,-0.007399386392348018,-0.011265580057526339,-0.011680143755615428,-0.009651397291846754,-0.014101338432122284
2020-10-30,27.5,27.75,27.4,27.55,27.55,2886,-0.0018781327053912099,0.007549763695248782,0.013815815872251683,0.0033258358062999574,0.0033258358062999574,-0.003256150506512168,-0.005055976886962695,-0.008398320335932847,-0.009438202247190986,-0.007421818705865381,-0.011008735192054628
2020-11-02,27.65,27.95,27.55,27.95,27.95,2886,0.022990235958439763,0.0405063959658826,0.038745236571152954,0.06936711215418209,0.06936711215418209,0.010119262739429027,0.008843169103049898,0.006723496218033405,0.004672897196261646,0.006336861813206538,0.004311893639956917
2020-11-03,28.0,28.1,27.9,28.1,28.1,2886,0.08101642950737949,0.06522387016885839,0.09691388486858807,0.09413259078463834,0.09413259078463834,0.012612612612612664,0.0127950982158949,0.012247838616714692,0.00952038800071854,0.010137321158961952,0.010246269998202414
2020-11-04,28.2,28.2,28.05,28.1,28.1,2886,0.11417425439248766,0.081702186304175,0.12184330556748935,0.09413259078463834,0.09413259078463834,0.0093390804597703,0.011155091759625847,0.012004801920768393,0.009248451108916235,0.009194081310156595,0.010670183431243263
2020-11-05,28.2,28.45,28.1,28.4,28.4,2886,0.11417425439248766,0.12289797664246742,0.1301531124671231,0.14366354804554965,0.14366354804554965,0.01356174161313344,0.019748653500897564,0.021215390147428848,0.01919971290148933,0.019236290554120062,0.02121539014742898
2020-11-06,28.45,28.55,28.4,28.5,28.5,2886,0.155621535498873,0.13937629277778463,0.18001195386492447,0.16017386713252046,0.16017386713252046,0.010280042538107024,0.02059086839749326,0.022849623160665154,0.021871638580136358,0.021798365122615824,0.02401341397688483
2020-11-09,28.6,28.8,28.55,28.75,28.75,2886,0.18048990416270455,0.18057208311607703,0.20494137456382572,0.20144966484994695,0.20144966484994695,0.013394430736693781,0.026052819414703797,0.02948197660539498,0.029912233566183086,0.029359112065878993,0.03145180578808892
2020-11-10,28.85,29.0,28.75,29.0,29.0,2886,0.2219371852690899,0.21352871538671084,0.23818060216236017,0.24272546256737343,0.24272546256737343,0.015761821366024494,0.030195381882770923,0.035221323179438414,0.03728874184029332,0.036528701122310464,0.03793843951324261
2020-11-11,29.15,29.7,29.1,29.7,29.7,2886,0.2716739225967519,0.32887692833392945,0.2963492504597959,0.35829769617616747,0.35829769617616747,0.02874956702459307,0.04743431493563741,0.05506216696269985,0.05910671302487305,0.058899030233884674,0.06014635016955198
2020-11-12,29.7,29.7,29.05,29.2,29.2,2886,0.36285794103079977,0.32887692833392945,0.28803944356016215,0.2757461007413145,0.2757461007413145,0.005856011023079509,0.0236634531113059,0.03387230024784611,0.03859149919971549,0.03921987330059067,0.040689040689040654
2020-11-13,29.2,29.35,29.0,29.35,29.35,2886,0.279963378818029,0.27120282186032046,0.27972963666052836,0.30051157937177075,0.30051157937177075,0.0051369863013699365,0.02246995296986586,0.03527336860670194,0.04087241776753257,0.04255470304063669,0.04411241551049456
2020-11-16,29.5,29.55,29.2,29.45,29.45,2886,0.32970011614569156,0.30415945413095424,0.3129688642590628,0.317021898458741,0.317021898458741,0.0037491479209271644,0.020620343094784225,0.03478566408995088,0.041371994342291565,0.044326241134751775,0.04562400142020225
2020-11-17,29.5,29.5,29.2,29.45,29.45,2886,0.32970011614569156,0.2959202960632957,0.3129688642590628,0.317021898458741,0.317021898458741,0.0006795786612300229,0.01586754053121769,0.030561063804969143,0.03815986604388824,0.04240407758742732,0.04358610914245205
2020-11-18,29.45,29.65,29.35,29.65,29.65,2886,0.3214106599244144,0.3206377702662709,0.3378982849579641,0.35004253663268203,0.35004253663268203,0.007817811012916398,0.0173271573168638,0.032741205154998176,0.041538596645297174,0.04703722014266534,0.0485677236826595
2020-11-19,29.35,29.6,29.35,29.6,29.6,2886,0.3048317474818606,0.31239861219861287,0.3378982849579641,0.3417873770891972,0.3417873770891972,0.0033898305084746243,0.011447121134461112,0.025996533795493933,0.03650529633196197,0.04254719639335018,0.04476733925525048
2020-11-20,29.6,29.65,29.5,29.55,29.55,2886,0.34627902858824594,0.3206377702662709,0.36282770565686473,0.33353221754571183,0.33353221754571183,0.0003385240352065526,0.006128702757916353,0.01955146635997699,0.031503621607470104,0.03808051710812911,0.041103934233705265
2020-11-23,29.6,29.75,29.55,29.7,29.7,2886,0.34627902858824594,0.3371160864015881,0.3711375125564985,0.35829769617616747,0.35829769617616747,0.003717472118959209,0.007975564228746072,0.020618556701030855,0.03331303818387404,0.040571788942610806,0.04460988334603439
2020-11-24,29.7,29.7,29.3,29.3,29.3,2886,0.36285794103079977,0.32887692833392945,0.3295884780583303,0.2922564198282853,0.2922564198282853,-0.008795669824086656,-0.006611290049160765,0.004112405757368095,0.016566918206262438,0.02426064462000988,0.02915349490691976
2020-11-25,29.45,29.45,29.25,29.25,29.25,2886,0.3214106599244144,0.28768113799563705,0.32127867115869657,0.28400126028479994,0.28400126028479994,-0.007801899592944383,-0.006791171477079772,-0.00022786829212718612,0.012023181385693409,0.020230205790024356,0.0258958321155084
2020-11-26,29.25,29.3,29.2,29.3,29.3,2886,0.2882528350393062,0.26296366379266184,0.3129688642590628,0.2922564198282853,0.2922564198282853,-0.004078857919782374,-0.005431093007467758,-0.0005685048322910421,0.010606191256359438,0.019839888618169172,0.025790640681526485
2020-11-27,29.2,29.25,29.1,29.1,29.1,2886,0.279963378818029,0.25472450572500327,0.2963492504597959,0.25923578165434424,0.25923578165434424,-0.007841800204568716,-0.011381009002887509,-0.00874304530487104,0.0010319917440660866,0.010978321289605299,0.017126878713736398
2020-11-30,29.1,29.15,28.45,28.45,28.45,2886,0.26338446637547525,0.23824618958968605,0.18832176076455823,0.15191870758903506,0.15191870758903506,-0.0216643741403027,-0.030168740412476615,-0.030223838200204526,-0.022168757518473952,-0.01249566122874,-0.006344956050992429
2020-12-01,28.65,29.15,28.65,29.15,29.15,2886,0.18877936038398116,0.23824618958968605,0.22156098836309265,0.26749094119782907,0.26749094119782907,0.0034423407917383085,-0.005289199795256821,-0.006701499318491674,8.577064928373707e-05,0.009768601912151741,0.0163877266387725
2020-12-02,29.0,29.25,29.0,29.2,29.2,2886,0.2468055539329209,0.25472450572500327,0.27972963666052836,0.2757461007413145,0.2757461007413145,0.005509641873278242,-0.0020505809979493752,-0.0038662724584944265,-8.560910880909944e-05,0.009332872450743159,0.016300249434421963
2020-12-03,29.1,29.2,29.0,29.2,29.2,2886,0.26338446637547525,0.24648534765734464,0.27972963666052836,0.2757461007413145,0.2757461007413145,0.0062026188835285915,-0.0006844626967830108,-0.0038662724584944265,-0.001453364110455687,0.006965997655010751,0.014652226790988598
2020-12-04,29.2,29.2,29.05,29.1,29.1,2886,0.279963378818029,0.24648534765734464,0.28803944356016215,0.25923578165434424,0.25923578165434424,0.002756719503790553,-0.0025706940874035745,-0.0067129366253270715,-0.0058929028952087945,0.0013764624913972024,0.00959870475309358
2020-12-07,29.1,29.15,28.9,29.0,29.0,2886,0.26338446637547525,0.23824618958968605,0.26311002286126084,0.24272546256737343,0.24272546256737343,-0.004462753175420616,-0.0036076275554028665,-0.009111617312072861,-0.009731944681577724,-0.003504913751632079,0.004734957847326359
2020-12-08,28.85,28.9,28.6,28.7,28.7,2886,0.2219371852690899,0.19705039925139364,0.21325118146345948,0.19319450530646154,0.19319450530646154,-0.011707988980716249,-0.011878120158374897,-0.017683970336565855,-0.019473864024598574,-0.014626107258120078,-0.0068058599607797475
2020-12-09,28.65,28.9,28.65,28.75,28.75,2886,0.18877936038398116,0.19705039925139364,0.22156098836309265,0.20144966484994695,0.20144966484994695,-0.006908462867012065,-0.008449732712536557,-0.013947639190579494,-0.016169047822739452,-0.013789791437980276,-0.006336405529953925
2020-12-10,28.75,29.0,28.65,28.8,28.8,2886,0.20535827282653554,0.21352871538671084,0.22156098836309265,0.20970482439343238,0.20970482439343238,-0.002424662279182675,-0.005009500777336313,-0.010422632000916317,-0.01378306651827742,-0.012616566099835507,-0.006096859542160331
2020-12-11,28.95,29.3,28.95,29.3,29.3,2886,0.2385160977116437,0.26296366379266184,0.2714198297608946,0.2922564198282853,0.2922564198282853,0.013490141819439536,0.011565682720524677,0.0073344029337612205,0.003424657534246624,0.003424657534246624,0.009126915791286275
2020-12-14,29.35,29.4,29.3,29.3,29.3,2886,0.3048317474818606,0.2794419799279785,0.3295884780583303,0.2922564198282853,0.2922564198282853,0.011391094235416012,0.008605851979345954,0.008258774948382602,0.0036824526847651032,0.0026692218191773118,0.007565337001375599
2020-12-15,29.1,29.2,28.9,29.05,29.05,2886,0.26338446637547525,0.24648534765734464,0.26311002286126084,0.25098062211085886,0.25098062211085886,0.00034435261707994365,0.00034435261707994365,0.0002295420635831875,-0.004199160167966484,-0.005954010402408961,-0.002118280185492669
2020-12-16,29.0,29.45,29.0,29.4,29.4,2886,0.2468055539329209,0.28768113799563705,0.27972963666052836,0.3087667389152556,0.3087667389152556,0.00788481316420982,0.011699931176875303,0.011932078935291326,0.008230452674896943,0.006435711351499344,0.00840336134453785
2020-12-17,29.45,29.5,29.35,29.5,29.5,2886,0.3214106599244144,0.2959202960632957,0.3378982849579641,0.3252770580022264,0.3252770580022264,0.006482429205049393,0.014094190443451239,0.014908256880733953,0.011833304750471578,0.009444292362441944,0.010562375107051106
2020-12-18,29.45,29.5,29.35,29.5,29.5,2886,0.3214106599244144,0.2959202960632957,0.3378982849579641,0.3252770580022264,0.3252770580022264,0.005110732538330445,0.012701682114658339,0.013978001833180431,0.011920075465226096,0.00923708518645226,0.009409751924721935
2020-12-21,29.4,29.65,29.2,29.65,29.65,2886,0.31312120370313723,0.3206377702662709,0.3129688642590628,0.35004253663268203,0.35004253663268203,0.007817811012916398,0.015584860421304959,0.016339122486288847,0.017152658662092625,0.014091251111566982,0.013501965475986996
2020-12-22,29.65,29.65,29.45,29.65,29.65,2886,0.3545684848095226,0.3206377702662709,0.354517898757231,0.35004253663268203,0.35004253663268203,0.003723764387271477,0.012290884260839735,0.015179182834969124,0.016542384503299843,0.013813854886138273,0.012751907093248374
2020-12-23,29.4,29.45,29.15,29.45,29.45,2886,0.31312120370313723,0.28768113799563705,0.30465905735942905,0.317021898458741,0.317021898458741,-0.0033840947546531783,0.0030653950953677214,0.0077563590737993494,0.009339388227229916,0.007250837950612331,0.006206935823700305
2020-12-24,29.5,29.5,29.3,29.45,29.45,2886,0.32970011614569156,0.2959202960632957,0.3295884780583303,0.317021898458741,0.317021898458741,-0.0030467163168584922,0.0008496176720475302,0.007181942544459551,0.009080006852835503,0.007457580733442801,0.00592052829329394
2020-12-25,29.4,29.45,29.3,29.35,29.35,2886,0.31312120370313723,0.28768113799563705,0.3295884780583303,0.30051157937177075,0.30051157937177075,-0.005421890884445955,-0.0027183146449200916,0.00319015608978012,0.005223049918657537,0.004311524774158268,0.0025048388933167835
2020-12-28,29.35,29.55,29.25,29.55,29.55,2886,0.3048317474818606,0.30415945413095424,0.32127867115869657,0.33353221754571183,0.33353221754571183,0.002034587995930901,0.0032252588694620943,0.008761948111060573,0.010170070934108053,0.011362858511876388,0.009221311475409943
2020-12-29,29.5,29.55,29.4,29.55,29.55,2886,0.32970011614569156,0.30415945413095424,0.3462080918575972,0.33353221754571183,0.33353221754571183,0.002714625042416079,0.0015251652262327792,0.006814310051107301,0.009479887266205477,0.011016833173669055,0.009106431417188357
2020-12-30,29.5,30.0,29.45,29.9,29.9,2886,0.32970011614569156,0.3783118767398805,0.354517898757231,0.39131833435010854,0.39131833435010854,0.011502029769959279,0.011673151750972725,0.016085183507022965,0.020216668088373323,0.022082450263211772,0.020768136557610152
2020-12-31,29.9,30.0,29.75,29.8,29.8,2886,0.3960157659159079,0.3783118767398805,0.40437674015503294,0.3748080152631383,0.3748080152631383,0.0057374282821464105,0.007267196214297902,0.010397830018083242,0.01576480613549219,0.017968162874906053,0.017122703225439392
2021-01-04,29.65,29.9,29.55,29.9,29.9,2886,0.3545684848095226,0.3618335606045633,0.3711375125564985,0.39131833435010854,0.39131833435010854,0.005379959650302628,0.00928270042194088,0.012415349887133078,0.017785720364224107,0.02026888691735485,0.02012964858410086
2021-01-05,29.85,29.9,29.75,29.85,29.85,2886,0.3877263096946313,0.3618335606045633,0.40437674015503294,0.3830631748066237,0.3830631748066237,0.0016778523489933124,0.006915162759318666,0.009469056476158429,0.014615907545887263,0.016620121245146894,0.018250042640286547
2021-01-06,29.75,29.85,29.4,29.45,29.45,2886,0.3711473972520769,0.3535944025369053,0.3462080918575972,0.317021898458741,0.317021898458741,-0.011081262592343917,-0.005907172995780615,-0.00495551300822182,-0.00025460409063906593,0.002587322121604036,0.004433833560709379
2021-01-07,29.45,29.8,29.45,29.75,29.75,2886,0.3214106599244144,0.3453552444692467,0.354517898757231,0.3665528557196529,0.3665528557196529,0.0,0.0032035069971336656,0.004388926401080317,0.008218249597559932,0.012042454755749055,0.014089308033178193
2021-01-08,29.75,30.0,29.7,30.0,30.0,2886,0.3711473972520769,0.3783118767398805,0.3960669332553992,0.40782865343707936,0.40782865343707936,0.007049345417925507,0.009761023224503505,0.01169064748201442,0.01462754713790495,0.01943727062661408,0.021798365122615824
2021-01-11,29.95,30.05,29.9,30.05,30.05,2886,0.4043052221371851,0.3865510348075391,0.42930616085393364,0.4160838129805648,0.4160838129805648,0.007712944332662656,0.00906648757555429,0.012125294712024353,0.015031244722175317,0.019819452928799403,0.022398639070031246
2021-01-12,29.95,30.0,29.75,29.75,29.75,2886,0.4043052221371851,0.3783118767398805,0.40437674015503294,0.3665528557196529,0.3665528557196529,-0.0016778523489933124,-0.0016778523489933124,0.001795936693231605,0.004134672179562742,0.008611337130458413,0.010701545778834642
2021-01-13,29.75,29.9,29.65,29.8,29.8,2886,0.3711473972520769,0.3618335606045633,0.3877571263557654,0.3748080152631383,0.3748080152631383,-0.0023434884499496733,-0.0008382229673092567,0.003141831238779307,0.004550817461655202,0.008801624915369044,0.0116555392101392
2021-01-14,29.75,29.85,29.55,29.75,29.75,2886,0.3711473972520769,0.3535944025369053,0.3711375125564985,0.3665528557196529,0.3665528557196529,-0.004017408771342399,-0.002012747400201113,0.000784929356357931,0.0022740672113198876,0.005747126436781667,0.009329940627650503
2021-01-15,29.6,29.6,29.3,29.3,29.3,2886,0.34627902858824594,0.31239861219861287,0.3295884780583303,0.2922564198282853,0.2922564198282853,-0.014463504877228379,-0.015456989247311856,-0.014021312394840078,-0.012553711348892146,-0.010135135135135158,-0.0060496409792502185
2021-01-18,29.2,29.25,29.0,29.15,29.15,2886,0.279963378818029,0.25472450572500327,0.27972963666052836,0.26749094119782907,0.26749094119782907,-0.013536379018612594,-0.01802257032171119,-0.01862866120525186,-0.017029168774237144,-0.01500304115699137,-0.01119402985074645
2021-01-19,29.1,29.15,29.05,29.1,29.1,2886,0.26338446637547525,0.23824618958968605,0.28803944356016215,0.25923578165434424,0.25923578165434424,-0.01087695445275312,-0.01722391084093217,-0.019321500786340175,-0.017804404691587086,-0.01642668829851947,-0.01300169587337477
2021-01-20,29.05,29.05,28.6,28.7,28.7,2886,0.25509501015419805,0.22176787345436944,0.21325118146345948,0.19319450530646154,0.19319450530646154,-0.017123287671232876,-0.0282715422380226,-0.030951041080472745,-0.029749830966869593,-0.029487352901393322,-0.02656868287167897
2021-01-21,28.7,29.0,28.7,28.7,28.7,2886,0.19706881660525835,0.21352871538671084,0.2298707952627264,0.19319450530646154,0.19319450530646154,-0.010003449465332845,-0.02480462113489626,-0.028326373998420022,-0.028518236439028555,-0.028567560249119998,-0.02651365255243382
2021-01-22,28.7,28.7,28.55,28.6,28.6,2886,0.19706881660525835,0.16409376698075984,0.20494137456382572,0.1766841862194913,0.1766841862194913,-0.008665511265164644,-0.02355752816660969,-0.02908226773792007,-0.03050847457627114,-0.030771316253219504,-0.02968617472434266
2021-01-25,28.7,28.95,28.6,28.85,28.85,2886,0.19706881660525835,0.20528955731905224,0.21325118146345948,0.2179599839369178,0.2179599839369178,0.002084056964223768,-0.010970174837161596,-0.01826225045372046,-0.021204410517387615,-0.02143680890034602,-0.02070604209097067
2021-01-26,28.9,28.9,28.6,28.7,28.7,2886,0.2302266414903665,0.19705039925139364,0.21325118146345948,0.19319450530646154,0.19319450530646154,-0.0003483106931383338,-0.012558059521761757,-0.020812009553053665,-0.024887454344686935,-0.02526830593669326,-0.025135869565217458
2021-01-27,28.8,28.85,28.65,28.7,28.7,2886,0.21364772904781273,0.18881124118373563,0.22156098836309265,0.19319450530646154,0.19319450530646154,-0.0003483106931383338,-0.008806769124503627,-0.0191387559808612,-0.02347737325620952,-0.024008705706318422,-0.024749391176303964
2021-01-28,28.6,28.7,28.5,28.55,28.55,2886,0.18048990416270455,0.16409376698075984,0.196631567664192,0.1684290266760059,0.1684290266760059,-0.00453277545327751,-0.009883821744407842,-0.021590130226182284,-0.026344956944326058,-0.027919645897173995,-0.028911564625850268
2021-01-29,28.55,28.65,28.15,28.15,28.15,2886,0.1722004479414274,0.15585460891310124,0.13846291936675625,0.10238775032812317,0.10238775032812317,-0.015389996502273445,-0.019846796657381625,-0.031203395663645737,-0.03727770177838577,-0.039839006753530345,-0.04104922500425828
2021-02-01,28.2,28.75,28.15,28.65,28.65,2886,0.11417425439248766,0.17233292504841843,0.13846291936675625,0.18493934576297613,0.18493934576297613,0.003502626970227596,-0.0006975933031045231,-0.010818275981125657,-0.018078999228857848,-0.021850460908159803,-0.023073425778586017
2021-02-02,28.7,28.9,28.6,28.7,28.7,2886,0.19706881660525835,0.19705039925139364,0.21325118146345948,0.19319450530646154,0.19319450530646154,0.005253940455341456,0.00244498777506101,-0.006691278264882388,-0.014423076923076861,-0.019004648619086715,-0.020310633213859102
2021-02-03,28.75,28.85,28.6,28.8,28.8,2886,0.20535827282653554,0.18881124118373563,0.21325118146345948,0.20970482439343238,0.20970482439343238,0.00805040252012602,0.00558659217877083,-0.0009250693802035366,-0.009883970777825454,-0.01457606241018266,-0.015945330296127505
2021-02-04,28.7,28.95,28.65,28.8,28.8,2886,0.19706881660525835,0.20528955731905224,0.22156098836309265,0.20970482439343238,0.20970482439343238,0.006289308176100744,0.005235602094240913,0.001274771120639779,-0.008264462809917423,-0.01309026111986834,-0.015216276286544718
2021-02-05,28.85,29.0,28.7,28.8,28.8,2886,0.2219371852690899,0.21352871538671084,0.2298707952627264,0.20970482439343238,0.20970482439343238,0.0017391304347826335,0.004534356470177976,0.0024364775495997314,-0.0062111801242235925,-0.011735639283508415,-0.014486141211360859
2021-02-17,29.0,29.55,28.95,29.4,29.4,2886,0.2468055539329209,0.30415945413095424,0.2714198297608946,0.3087667389152556,0.3087667389152556,0.01730103806228374,0.023498694516971178,0.02272727272727257,0.015631747128422163,0.009546047661561538,0.005988023952095711
2021-02-18,29.4,29.4,29.15,29.25,29.25,2886,0.31312120370313723,0.2794419799279785,0.30465905735942905,0.28400126028479994,0.28400126028479994,0.008273009307135416,0.016330785267546867,0.017155442216297632,0.011323364162849138,0.0052237267166127385,0.0011980147184666677
2021-02-19,29.2,29.2,29.0,29.15,29.15,2886,0.279963378818029,0.24648534765734464,0.27972963666052836,0.26749094119782907,0.26749094119782907,0.0024071526822557333,0.011274934952298327,0.012621584066697418,0.008999653859466999,0.0022003713126590133,-0.0017693054049426127
2021-02-22,29.15,29.3,29.05,29.1,29.1,2886,0.2716739225967519,0.26296366379266184,0.28803944356016215,0.25923578165434424,0.25923578165434424,-0.0013726835964308717,0.007617728531855916,0.009949097639981442,0.00840336134453793,0.0013764624913972024,-0.0025706940874035745
2021-02-23,29.15,29.6,29.1,29.55,29.55,2886,0.2716739225967519,0.31239861219861287,0.2963492504597959,0.33353221754571183,0.33353221754571183,0.008876749743939965,0.018263266712612032,0.023317557428142753,0.023553862140630526,0.017491908270780343,0.013142857142857126
2021-02-24,29.6,29.7,29.25,29.3,29.3,2886,0.34627902858824594,0.32887692833392945,0.32127867115869657,0.2922564198282853,0.2922564198282853,0.001024940211821016,0.007392126525700651,0.013607011070110864,0.014630767898883318,0.009926926788914816,0.0052607502287283624
2021-02-25,29.4,29.7,29.35,29.65,29.65,2886,0.31312120370313723,0.32887692833392945,0.3378982849579641,0.35004253663268203,0.35004253663268203,0.01022146507666089,0.01610692254969153,0.023472557818432726,0.025774087528109235,0.022131825703254133,0.017501715854495593
2021-02-26,29.65,29.65,29.2,29.2,29.2,2886,0.3545684848095226,0.3206377702662709,0.3129688642590628,0.2757461007413145,0.2757461007413145,-0.0054495912806540765,-0.0006844626967830108,0.006780829789679305,0.009332872450743159,0.007452387524151417,0.002345671949196118
2021-03-02,29.6,29.8,29.55,29.65,29.65,2886,0.34627902858824594,0.3453552444692467,0.3711375125564985,0.35004253663268203,0.35004253663268203,0.006107906345436028,0.011772735028152154,0.019717986931101713,0.023207661116383383,0.023119392684610014,0.017909252159981622
2021-03-03,29.7,29.8,29.55,29.75,29.75,2886,0.36285794103079977,0.3453552444692467,0.3711375125564985,0.3665528557196529,0.3665528557196529,0.008132836326668993,0.011904761904761954,0.01941747572815533,0.024625452040640476,0.025932822953307084,0.02163461538461535
2021-03-04,29.75,29.75,29.3,29.6,29.6,2886,0.3711473972520769,0.3371160864015881,0.3295884780583303,0.3417873770891972,0.3417873770891972,0.00101454176530271,0.006118286879673803,0.012081148848871733,0.01814429443632298,0.020126826578439592,0.01700738704689919
2021-03-05,29.45,29.8,29.35,29.7,29.7,2886,0.3214106599244144,0.3453552444692467,0.3378982849579641,0.35829769617616747,0.35829769617616747,0.004056795131845755,0.007975564228746072,0.013190811917216286,0.019830028328612043,0.02272727272727273,0.02050166074905512
2021-03-08,29.75,30.0,29.7,29.9,29.9,2886,0.3711473972520769,0.3783118767398805,0.3960669332553992,0.39131833435010854,0.39131833435010854,0.006056527590847904,0.012186865267433969,0.017468239564428386,0.0245866529598216,0.02791529152915296,0.02725606962895085
2021-03-09,30.0,30.6,29.95,30.6,30.6,2886,0.4125946783584623,0.4771817735517825,0.43761596775356737,0.5068905679589032,0.5068905679589032,0.02306920762286877,0.030650050522061427,0.037053773158608236,0.044903534232542425,0.04923878754628994,0.05028316457868555
2021-03-10,30.6,30.65,30.4,30.6,30.6,2886,0.5120681530137874,0.4854209316194405,0.51240422985027,0.5068905679589032,0.5068905679589032,0.017287234042553175,0.02701795603289129,0.03285328532853283,0.04055087987758234,0.04636848584324996,0.04872336779573885
2021-03-11,30.65,31.1,30.6,30.75,30.75,2886,0.5203576092350639,0.5595733542283673,0.545643457448805,0.5316560465893588,0.5316560465893588,0.0145166611679313,0.0270541082164327,0.03477285473920365,0.04193138500635327,0.04877216916780354,0.05194138776441078
2021-03-12,30.8,30.8,30.45,30.65,30.65,2886,0.5452259778988955,0.5101384058224163,0.5207140367499038,0.515145727502388,0.515145727502388,0.0049180327868851995,0.020306258322236998,0.02817846360281784,0.03512326916582245,0.04258793115177887,0.04667046101309064
2021-03-15,30.7,31.1,30.65,31.0,31.0,2886,0.5286470654563411,0.5595733542283673,0.5539532643484382,0.5729318443067853,0.5729318443067853,0.00911458333333337,0.025810721376571845,0.03563474387527839,0.04306864064602965,0.05120379789759246,0.05585831062670302
2021-03-16,31.1,31.45,31.05,31.35,31.35,2886,0.5949627152265581,0.6172474607019763,0.6204317195455077,0.6307179611111826,0.6307179611111826,0.0155490767735667,0.03158933859822301,0.042105263157894826,0.05033922439065265,0.059050064184852286,0.06457637670496365
2021-03-17,31.35,31.45,31.15,31.45,31.45,2886,0.6364099963329434,0.6172474607019763,0.6370513333447746,0.6472282801981528,0.6472282801981528,0.013208762886597943,0.02912303664921456,0.04104601125455142,0.04903268845897261,0.05771171049976474,0.06453796682838767
2021-03-18,31.45,31.6,31.4,31.4,31.4,2886,0.6529889087754972,0.6419649349049522,0.6786003678429428,0.6389731206546674,0.6389731206546674,0.007378889958293245,0.02147039687703319,0.03459637561779233,0.043882978723404145,0.05213778313898932,0.05979636609101641
2021-03-19,31.2,31.35,31.05,31.05,31.05,2886,0.6115416276691118,0.6007691445666598,0.6204317195455077,0.5811870038502707,0.5811870038502707,-0.006399999999999977,0.005668016194332007,0.01992773458885369,0.029168047729532735,0.03714342975482658,0.04521992818671468
2021-03-22,30.95,31.35,30.8,31.25,31.25,2886,0.5700943465627265,0.6007691445666598,0.5788826850473395,0.6142076420242117,0.6142076420242117,-0.0015974440894568917,0.0077394388906803745,0.02190974493132772,0.03220478943022301,0.04041816486882415,0.04895104895104891
2021-03-23,31.2,31.35,31.05,31.35,31.35,2886,0.6115416276691118,0.6007691445666598,0.6204317195455077,0.6307179611111826,0.6307179611111826,0.0015974440894568917,0.008525012063696335,0.021394439617723703,0.03167420814479645,0.04021501094963168,0.04902124811778496
2021-03-24,31.25,31.4,31.15,31.4,31.4,2886,0.619831083890389,0.6090083026343177,0.6370513333447746,0.6389731206546674,0.6389731206546674,0.0035155001597954438,0.007540510187710555,0.01937019803051609,0.030183727034120793,0.03829111831228098,0.04689931095799065
2021-03-25,31.35,31.6,31.3,31.6,31.6,2886,0.6364099963329434,0.6419649349049522,0.6619807540436758,0.6719937588286091,0.6719937588286091,0.008617938078518978,0.011200000000000045,0.021441654994073935,0.03284850465762388,0.041872733267392125,0.050124619219053
2021-03-26,31.6,31.7,31.45,31.6,31.6,2886,0.6778572774393288,0.6584432510402688,0.6869101747425765,0.6719937588286091,0.6719937588286091,0.0050890585241731455,0.008135268782900065,0.017276531816718604,0.029567483913008025,0.03865369445174868,0.046761994147849685
2021-03-29,31.6,31.8,31.55,31.8,31.8,2886,0.6778572774393288,0.6749215671755859,0.7035297885418441,0.7050143970025502,0.7050143970025502,0.00792393026941363,0.011933174224343675,0.019557550496954134,0.03171384540514232,0.041598427775958055,0.04990920596489285
2021-03-30,31.75,31.85,31.6,31.8,31.8,2886,0.7027256461031597,0.6831607252432446,0.7118395954414778,0.7050143970025502,0.7050143970025502,0.005056890012642116,0.010486177311725513,0.01694915254237292,0.028128031037827385,0.03792675762125474,0.046454231338781404
2021-03-31,31.8,31.9,31.75,31.9,31.9,2886,0.7110151023244369,0.6913998833109026,0.7367690161403785,0.7215247160895204,0.7215247160895204,0.00504095778197858,0.012216404886562005,0.017327522058041875,0.02778896496173974,0.03800598724456578,0.046187482918830215
2021-04-01,31.9,32.0,31.85,31.9,31.9,2886,0.7275940147669907,0.7078781994462198,0.7533886299396461,0.7215247160895204,0.7215247160895204,0.0031446540880502474,0.010613020750831417,0.014846235418875874,0.02399486397560396,0.034505123881177845,0.04333605887162712
2021-04-06,31.95,32.0,31.9,32.0,32.0,2886,0.7358834709882679,0.7078781994462198,0.7616984368392792,0.7380350351764913,0.7380350351764913,0.003764115432873418,0.010739102969045997,0.015121074336470336,0.023426880946669806,0.03459424506951181,0.043478260869565175
2021-04-07,32.0,32.0,31.9,32.0,32.0,2886,0.7441729272095451,0.7078781994462198,0.7616984368392792,0.7380350351764913,0.7380350351764913,0.002506265664160459,0.008350401764613108,0.01297879075656854,0.020001593752490394,0.030861413568713303,0.040255729533510316
2021-04-08,31.9,31.95,31.75,31.75,31.75,2886,0.7275940147669907,0.6996390413785611,0.7367690161403785,0.6967592374590648,0.6967592374590648,-0.005014102162331673,-0.0007867820613689561,0.004217185028993132,0.010181355392936693,0.020047548673135077,0.029173419773095576
2021-04-09,31.7,31.8,31.5,31.55,31.55,2886,0.6944361898818825,0.6749215671755859,0.6952199816422103,0.6637385992851237,0.6637385992851237,-0.009108040201004888,-0.007549543881723763,-0.0023189627911878547,0.0023032324676355493,0.01128277453682941,0.020485175202156317
2021-04-12,31.5,31.8,31.4,31.65,31.65,2886,0.6612783649967744,0.6749215671755859,0.6786003678429428,0.6802489183720939,0.6802489183720939,-0.004403900597672242,-0.004560465481994011,0.00031605562579007615,0.004044729954794123,0.01182864450127869,0.021132440716244476
2021-04-13,31.7,31.95,31.7,31.85,31.85,2886,0.6944361898818825,0.6996390413785611,0.7284592092407447,0.7132695565460355,0.7132695565460355,0.002833753148614605,0.0009428032683846994,0.004943205721497787,0.008469880471780203,0.015430721163042841,0.02515959444235823
2021-04-14,31.85,31.95,31.75,31.9,31.9,2886,0.7193045585457141,0.6996390413785611,0.7367690161403785,0.7215247160895204,0.7215247160895204,0.00504095778197858,0.002199183160540268,0.005146518222875657,0.008615919690142873,0.014437448324111195,0.02380315592404376
2021-04-15,31.9,31.95,31.85,31.9,31.9,2886,0.7275940147669907,0.6996390413785611,0.7533886299396461,0.7215247160895204,0.7215247160895204,0.004091910607491313,0.0018844221105528355,0.003986571548468382,0.007739693571315666,0.012762715093021699,0.021344717182497256
2021-04-16,31.9,32.05,31.85,32.05,32.05,2886,0.7275940147669907,0.7161173575138778,0.7533886299396461,0.746290194719976,0.746290194719976,0.005647944775651074,0.006121487992465758,0.007333682556312123,0.011519646520435602,0.01565470908860438,0.02363462152666875
2021-04-19,32.05,32.5,32.0,32.45,32.45,2886,0.7524623834308217,0.7902697801228046,0.7783180506385466,0.8123314710678594,0.8123314710678594,0.013112706837340272,0.016922594797869204,0.018092449278393794,0.022449783379283248,0.02611940298507464,0.03327495621716304
2021-04-20,32.45,32.55,32.4,32.55,32.55,2886,0.8187780332010391,0.7985089381904626,0.8447965058356156,0.8288417901548291,0.8288417901548291,0.01181224743549877,0.018301267010793085,0.01920467592109372,0.023182711198428203,0.0268138801261829,0.03333333333333324
2021-04-21,32.4,32.45,32.3,32.3,32.3,2886,0.8104885769797614,0.7820306220551466,0.828176892036348,0.7875659924374026,0.7875659924374026,0.0015503875968991367,0.00953273949054539,0.010322177040975749,0.013651341597363727,0.017258755353993394,0.022799240025332453
2021-04-22,32.15,32.4,32.1,32.35,32.35,2886,0.769041295873376,0.7737914639874874,0.7949376644378142,0.7958211519808885,0.7958211519808885,0.00030921459492903885,0.009202932459834936,0.010726931889189764,0.01362995456681807,0.01755158530447922,0.022493810251277436
2021-04-23,32.35,32.4,32.1,32.25,32.25,2886,0.8021991207584848,0.7737914639874874,0.7949376644378142,0.7793108328939177,0.7793108328939177,-0.004014823965410826,0.0038910505836575876,0.006868560724320913,0.009152781037315086,0.013386123680241276,0.017564156499789593
2021-04-26,32.25,32.6,32.1,32.6,32.6,2886,0.7856202083159304,0.8067480962581218,0.7949376644378142,0.837096949698315,0.837096949698315,0.005862388151805148,0.011793916821849862,0.016315078457861378,0.018511286417245993,0.022841365461847438,0.026609982679893007
2021-04-27,32.6,32.65,32.4,32.6,32.6,2886,0.8436464018648702,0.8149872543257798,0.8447965058356156,0.837096949698315,0.837096949698315,0.005552128315854402,0.009444186406564475,0.015049299429164534,0.016922716992903503,0.020855514498653485,0.024512884978001293
2021-04-28,32.5,32.6,32.3,32.6,32.6,2886,0.8270674894223158,0.8067480962581218,0.828176892036348,0.837096949698315,0.837096949698315,0.0036945812807880982,0.0072609300169938695,0.01378666943091122,0.015655424877327045,0.019132174565461995,0.022798577703409324
2021-04-29,32.55,32.8,32.45,32.65,32.65,2886,0.8353569456435924,0.839704728528755,0.85310631273525,0.8453521092417998,0.8453521092417998,0.00338045482483096,0.006473489519112234,0.013450594930160268,0.015868077162414375,0.01903870162297127,0.022976501305482948
2021-05-03,32.5,32.7,32.45,32.45,32.45,2886,0.8270674894223158,0.823226412393439,0.85310631273525,0.8123314710678594,0.8123314710678594,-0.003990178023327055,-0.0009236453201970792,0.005370236496953382,0.008782155902696785,0.011470606570662742,0.01564945226917069
2021-05-04,32.5,32.6,32.1,32.1,32.1,2886,0.8270674894223158,0.8067480962581218,0.7949376644378142,0.754545354263462,0.754545354263462,-0.01169950738916264,-0.010633379565418365,-0.006397028477094412,-0.002408515266879048,-6.23014142419581e-05,0.003961634695579602
2021-05-05,32.1,32.2,31.95,32.05,32.05,2886,0.7607518396520995,0.7408348317168542,0.770008243738913,0.746290194719976,0.746290194719976,-0.009885696632684812,-0.010649791634511465,-0.0083539603960397,-0.0040397762585457605,-0.0021793275217932844,0.0013538846073733425
2021-05-06,32.05,32.45,31.9,32.35,32.35,2886,0.7524623834308217,0.7820306220551466,0.7616984368392792,0.7958211519808885,0.7958211519808885,0.0009282178217822134,-0.0015432098765431222,0.0,0.0047363925770633215,0.006471283678676048,0.009570373452616191
2021-05-07,32.35,32.6,32.3,32.6,32.6,2886,0.8021991207584848,0.8067480962581218,0.828176892036348,0.837096949698315,0.837096949698315,0.008975549365521484,0.0053970701619122366,0.006276365881263499,0.011166253101736955,0.013240504755392613,0.016051114227832338
2021-05-10,32.65,33.0,32.6,33.0,33.0,2886,0.8519358580861467,0.8726613607993894,0.8780357334341506,0.9031382260461972,0.9031382260461972,0.017890191239975272,0.015384615384615385,0.016635859519408477,0.02127659574468085,0.024272146005338745,0.02681118083285789
2021-05-11,32.95,33.0,32.3,32.45,32.45,2886,0.9016725954138098,0.8726613607993894,0.828176892036348,0.8123314710678594,0.8123314710678594,-0.001231148045552233,-0.0010774203478527502,-0.00030807147258157764,0.003013677459238195,0.006513647642679927,0.008808290155440577
2021-05-12,32.3,32.6,30.05,31.35,31.35,2886,0.793909664537207,0.8067480962581218,0.4542355815528349,0.6307179611111826,0.6307179611111826,-0.030911901081916538,-0.031211372064276825,-0.03180975911056211,-0.030237413966437216,-0.02682063699012843,-0.025136045607670278
2021-05-13,31.1,32.0,30.8,31.4,31.4,2886,0.5949627152265581,0.7078781994462198,0.5788826850473395,0.6389731206546674,0.6389731206546674,-0.023631840796020057,-0.026054590570719707,-0.02846534653465352,-0.02793901400820359,-0.024541783162472793,-0.02317623269559821
2021-05-14,31.45,31.8,31.4,31.7,31.7,2886,0.6529889087754972,0.6749215671755859,0.6786003678429428,0.6885040779155793,0.6885040779155793,-0.008755472170106351,-0.013843521543008145,-0.017866363730249038,-0.018347913602229763,-0.015160929538958496,-0.013741249675913916
2021-05-17,31.05,31.5,30.8,31.1,31.1,2886,0.5866732590052809,0.625486618769635,0.5788826850473395,0.5894421633937561,0.5894421633937561,-0.01582278481012658,-0.028428616057481933,-0.03416149068322986,-0.03550938129942636,-0.033260801989431155,-0.03160516892417875
2021-05-18,31.15,32.1,31.15,32.0,32.0,2886,0.6032521714478346,0.724356515581537,0.6370513333447746,0.7380350351764913,0.7380350351764913,0.015550618851158313,0.0,-0.004975124378109347,-0.006905112886957985,-0.005717126522495573,-0.003684292460173285
2021-05-19,31.95,32.2,31.85,32.1,32.1,2886,0.7358834709882679,0.7408348317168542,0.7533886299396461,0.754545354263462,0.754545354263462,0.01389766266582431,0.002968286205280389,-0.000830047727744254,-0.0031055900621118453,-0.00291979872025847,-0.0006745187568100952
2021-05-20,32.1,32.15,31.85,32.1,32.1,2886,0.7607518396520995,0.732595673649195,0.7533886299396461,0.754545354263462,0.754545354263462,0.009433962264150966,0.003752345215759881,0.00020772746157045208,-0.0027958993476233708,-0.003167505123905467,-0.0007782101167314732
2021-05-21,32.2,32.6,32.2,32.5,32.5,2886,0.7773307520946539,0.8067480962581218,0.8115572782370817,0.8205866306113442,0.8205866306113442,0.016896120150187707,0.01657804191429446,0.012987012987012912,0.009395139374175077,0.008502451436728136,0.010886469673405955
2021-05-24,32.2,32.7,32.2,32.6,32.6,2886,0.7773307520946539,0.823226412393439,0.8115572782370817,0.837096949698315,0.837096949698315,0.010539367637941607,0.020983401190103404,0.01578728707935192,0.011950954524290087,0.010915405606549142,0.012894205375174966
2021-05-25,32.5,32.95,32.5,32.7,32.7,2886,0.8270674894223158,0.8644222027317314,0.8614161196348831,0.8536072687852858,0.8536072687852858,0.00925925925925939,0.023314035362228164,0.01763485477178411,0.0148975791433891,0.013702027404055036,0.014897579143389324
2021-05-26,32.7,32.85,32.7,32.75,32.75,2886,0.8602253143074245,0.8479438865964142,0.8946553472334181,0.8618624283287707,0.8618624283287707,0.006762988011066672,0.020408163265305933,0.017712865133623378,0.016212861686447713,0.01500030992375881,0.015503875968992248
2021-05-27,32.6,33.2,32.45,33.2,33.2,2886,0.8436464018648702,0.9056179930700238,0.85310631273525,0.9361588642201388,0.9361588642201388,0.013740458015267042,0.028659953524399824,0.02988315582669853,0.029218011315198095,0.027800136214475985,0.028075970272502276
2021-05-28,33.0,33.1,32.85,33.1,33.1,2886,0.9099620516350865,0.8891396769347066,0.9195847679323188,0.919648545133168,0.919648545133168,0.006997261940979738,0.021132191886472383,0.025720483421134126,0.025402726146220578,0.023753556847705082,0.023711340206185535
2021-05-31,33.1,33.1,32.95,33.1,33.1,2886,0.9265409640776409,0.8891396769347066,0.9362043817315863,0.919648545133168,0.919648545133168,0.003942978465271536,0.014870458378046892,0.025508623360528674,0.024371373307543565,0.022678119013779724,0.022604397301889782
2021-06-01,33.0,33.15,32.95,33.0,33.0,2886,0.9099620516350865,0.8973788350023646,0.9362043817315863,0.9031382260461972,0.9031382260461972,-0.0009082652134423595,0.008711600183402224,0.021250257891479288,0.019856292976898657,0.019084676672225152,0.01893783449979404
2021-06-02,33.0,33.15,32.9,33.15,33.15,2886,0.9099620516350865,0.8973788350023646,0.9278945748319519,0.9279037046766528,0.9279037046766528,0.0012080942313500195,0.010054844606946714,0.02209660842754374,0.022753567296567592,0.023021849154425227,0.022937667146677606
2021-06-03,33.0,33.15,32.9,33.0,33.0,2886,0.9099620516350865,0.8973788350023646,0.9278945748319519,0.9031382260461972,0.9031382260461972,-0.0021167221046265584,0.002734731084776551,0.014136447449293205,0.017105871474803504,0.017890191239975272,0.0175763182238668
2021-06-04,33.0,33.0,32.85,33.0,33.0,2886,0.9099620516350865,0.8726613607993894,0.9195847679323188,0.9031382260461972,0.9031382260461972,-0.0015128593040846343,0.0012135922330096828,0.011442582754393181,0.01647928538426009,0.017450823210211585,0.016896923630013824
2021-06-07,33.05,33.1,32.75,33.1,33.1,2886,0.9182515078563631,0.8891396769347066,0.9029651541330512,0.919648545133168,0.919648545133168,0.0015128593040848492,0.002726446531354023,0.010378510378510264,0.019402525408069065,0.019716574245224685,0.01908866995073906
2021-06-08,33.15,33.2,33.0,33.1,33.1,2886,0.9348304202989175,0.9056179930700238,0.9445141886312195,0.919648545133168,0.919648545133168,0.0009071666162683407,0.0015128593040848492,0.008121827411167484,0.018383201292208183,0.018461538461538505,0.018566006769925068
2021-06-09,32.9,32.95,32.7,32.95,32.95,2886,0.8933831391925321,0.8644222027317314,0.8946553472334181,0.8948830665027123,0.8948830665027123,-0.002422040569179482,-0.003628666465074008,0.0018242626938279804,0.011279060845546132,0.01272436685517585,0.013586259933350525
2021-06-10,32.95,33.1,32.7,33.1,33.1,2886,0.9016725954138098,0.8891396769347066,0.8946553472334181,0.919648545133168,0.919648545133168,0.0015128593040848492,0.0012099213551118918,0.004349145342368692,0.01323945817708724,0.01639746975373085,0.01767870868562653
2021-06-11,33.0,33.05,32.85,32.9,32.9,2886,0.9099620516350865,0.8809005188670475,0.9195847679323188,0.8866279069592263,0.8866279069592263,-0.00393581592491682,-0.004237288135593238,-0.002526528549772684,0.005270796730578242,0.009883970777825392,0.011270491803278705
2021-06-15,32.9,32.9,32.7,32.75,32.75,2886,0.8933831391925321,0.8561830446640722,0.8946553472334181,0.8618624283287707,0.8618624283287707,-0.006371359223300997,-0.007726102105741631,-0.007375227318650201,-0.001828710758914818,0.005588307541144529,0.0063505070162860975
2021-06-16,32.65,33.1,32.6,33.0,33.0,2886,0.8519358580861467,0.8891396769347066,0.8780357334341506,0.9031382260461972,0.9031382260461972,0.0018214936247723825,-0.00015149219815187268,-0.0004038772213247804,0.004260499087035927,0.012580546179809651,0.013098649201801149
2021-06-17,32.7,33.0,32.65,32.9,32.9,2886,0.8602253143074245,0.8726613607993894,0.8863455403337838,0.8866279069592263,0.8866279069592263,-0.0009110233829335298,-0.0024257125530624105,-0.0037347330170586913,0.0,0.007595246845522405,0.00915086140790344
2021-06-18,32.75,33.0,32.7,32.75,32.75,2886,0.8685147705287011,0.8726613607993894,0.8946553472334181,0.8618624283287707,0.8618624283287707,-0.003347534996956769,-0.006220603853739897,-0.007375227318650201,-0.005541638199347287,0.0013453189017306928,0.004139199754714027
2021-06-21,32.75,32.85,32.5,32.5,32.5,2886,0.8685147705287011,0.8479438865964142,0.8614161196348831,0.8205866306113442,0.8205866306113442,-0.00854179377669314,-0.012308159854125334,-0.013756827837345735,-0.013132923403932422,-0.007269839330441675,-0.003424132467930636
2021-06-22,32.7,32.75,32.5,32.5,32.5,2886,0.8602253143074245,0.831465570461097,0.8614161196348831,0.8205866306113442,0.8205866306113442,-0.007027192178429696,-0.010503881869386477,-0.012558233745189407,-0.012983068863412101,-0.008965054583155578,-0.0029145574474612325
2021-06-23,32.5,32.95,32.5,32.75,32.75,2886,0.8270674894223158,0.8644222027317314,0.8614161196348831,0.8618624283287707,0.8618624283287707,0.002141982864137096,-0.001828710758914818,-0.004458405106900444,-0.005466140297600963,-0.00225444796490367,0.004447170679343537
2021-06-24,32.75,32.95,32.6,32.6,32.6,2886,0.8685147705287011,0.8644222027317314,0.8780357334341506,0.837096949698315,0.837096949698315,-0.0006131207847944826,-0.0053394355453851156,-0.007912355447352344,-0.009795732401852776,-0.007429058579953713,-0.0014294465999591644
2021-06-25,32.65,33.0,32.65,32.9,32.9,2886,0.8519358580861467,0.8726613607993894,0.8863455403337838,0.8866279069592263,0.8866279069592263,0.007656967840735069,0.004426805067928656,0.0014204545454545513,-0.00022791157031094394,0.0007300158170093962,0.006218778672647344
2021-06-28,32.9,32.95,32.7,32.75,32.75,2886,0.8933831391925321,0.8644222027317314,0.8946553472334181,0.8618624283287707,0.8618624283287707,0.001529051987767497,0.00030543677458781665,-0.002639325956755639,-0.004256612952265143,-0.00413549838837182,0.0005601099852333887
2021-06-29,32.7,32.75,32.55,32.55,32.55,2886,0.8602253143074245,0.831465570461097,0.8697259265345162,0.8288417901548291,0.8288417901548291,-0.0048914704983184535,-0.0051955990220049425,-0.007621951219512196,-0.009509319132750096,-0.010156915217126966,-0.0070164734594266006
2021-06-30,32.55,32.9,32.55,32.85,32.85,2886,0.8353569456435924,0.8561830446640722,0.8697259265345162,0.8783727474157415,0.8783727474157415,0.0036663611365720917,0.004433572848188446,0.0020335536349772236,-0.00015218383807647412,-0.0012161751292185815,0.0012700025400052245
2021-07-01,32.7,32.8,32.5,32.65,32.65,2886,0.8602253143074245,0.839704728528755,0.8614161196348831,0.8453521092417998,0.8453521092417998,-0.0027489309712888307,-0.0009179926560587864,-0.0034591514904874403,-0.005482790130977756,-0.007176306026880867,-0.005381803411860359
2021-07-02,32.65,32.7,32.55,32.55,32.55,2886,0.8519358580861467,0.823226412393439,0.8697259265345162,0.8288417901548291,0.8288417901548291,-0.0036730945821856304,-0.003368034292712998,-0.0053982481157059305,-0.007848815057532585,-0.009433962264151012,-0.00888099467140334
2021-07-05,32.75,32.8,32.6,32.75,32.75,2886,0.8685147705287011,0.839704728528755,0.8780357334341506,0.8618624283287707,0.8618624283287707,0.0024487297214569417,0.0019886798225485,0.0010188487009678484,-0.0013721603903034518,-0.0029227303172379144,-0.0030441400304414435
2021-07-06,32.75,32.9,32.7,32.85,32.85,2886,0.8685147705287011,0.8561830446640722,0.8946553472334181,0.8783727474157415,0.8783727474157415,0.0036663611365718735,0.003973105134474188,0.0038708363043699237,0.002059025394646612,0.0004263613107565751,-0.0002536139994927576
2021-07-07,32.7,32.8,32.5,32.8,32.8,2886,0.8602253143074245,0.839704728528755,0.8614161196348831,0.8701175878722555,0.8701175878722555,0.002444987775060855,0.0022918258212374556,0.0027514521553040753,0.0009918364232852327,-0.0008529304252467008,-0.0018765532281787521
2021-07-08,32.8,32.9,32.65,32.8,32.8,2886,0.8768042267499777,0.8561830446640722,0.8863455403337838,0.8701175878722555,0.8701175878722555,0.0015267175572518216,0.0016796457474423491,0.0029558658648455006,0.001221001221000978,-0.0004266471627962393,-0.0019271731412921975
2021-07-09,32.6,32.9,32.5,32.9,32.9,2886,0.8436464018648702,0.8561830446640722,0.8614161196348831,0.8866279069592263,0.8866279069592263,0.00243753808653255,0.004733547106428497,0.005706134094151236,0.004580152671755682,0.0027430661383723346,0.0014204545454545513
2021-07-12,32.85,32.9,32.8,32.8,32.8,2886,0.8850936829712555,0.8561830446640722,0.9112749610326845,0.8701175878722555,0.8701175878722555,-0.0009137983551629954,0.0015267175572518216,0.0020366598778002913,0.0016796457474421316,-6.097189195788197e-05,-0.001319395108089005
2021-07-13,32.8,32.95,32.8,32.95,32.95,2886,0.8768042267499777,0.8644222027317314,0.9112749610326845,0.8948830665027123,0.8948830665027123,0.0030441400304414435,0.004879536444037929,0.005697425984332101,0.0059532895741108306,0.004695694596902167,0.003400497386184998
2021-07-14,32.8,32.95,32.75,32.95,32.95,2886,0.8768042267499777,0.8644222027317314,0.9029651541330512,0.8948830665027123,0.8948830665027123,0.002128953771289763,0.004573170731707491,0.005288314858130743,0.006030074040149545,0.004879536444037929,0.0034514262511421228
2021-07-15,32.8,32.9,32.8,32.85,32.85,2886,0.8768042267499777,0.8561830446640722,0.9112749610326845,0.8783727474157415,0.8783727474157415,-0.0012161751292185815,0.0009140767824497604,0.0017279934946128881,0.00305343511450386,0.001952052705423048,0.0007108042242079638
2021-07-16,32.75,33.0,32.75,33.0,33.0,2886,0.8685147705287011,0.8726613607993894,0.9029651541330512,0.9031382260461972,0.9031382260461972,0.002734731084776551,0.004107713372889248,0.006097560975609843,0.0072491415490270016,0.006649990848636555,0.005280259951259098
2021-07-19,32.85,33.1,32.75,33.1,33.1,2886,0.8850936829712555,0.8891396769347066,0.9029651541330512,0.919648545133168,0.919648545133168,0.00394297846527132,0.006079027355623187,0.00842896313598041,0.009377144164062044,0.009454101860323338,0.008224185196466742
2021-07-20,32.9,33.0,32.8,32.8,32.8,2886,0.8933831391925321,0.8726613607993894,0.9112749610326845,0.8701175878722555,0.8701175878722555,-0.004250151791135416,-0.0028879768961847965,-0.0012180267965897153,-0.00022860626381163713,0.0002439619419369226,-0.0006093845216332457
2021-07-21,32.8,32.95,32.7,32.9,32.9,2886,0.8768042267499777,0.8644222027317314,0.8946553472334181,0.8866279069592263,0.8866279069592263,-0.0009110233829335298,-0.00015195259079175074,0.0017253628336546696,0.0025902788358982435,0.0034158838599486017,0.002641202763104409
2021-07-22,32.9,33.1,32.85,33.05,33.05,2886,0.8933831391925321,0.8891396769347066,0.9195847679323188,0.911393385589682,0.911393385589682,0.0024264482863206303,0.0036440935317339036,0.005476118040766648,0.00647125999238671,0.007806306031590934,0.007110208227526475
2021-07-23,33.05,33.1,32.95,33.1,33.1,2886,0.9182515078563631,0.8891396769347066,0.9362043817315863,0.919648545133168,0.919648545133168,0.003334343740527415,0.004552352048558379,0.005875202593192923,0.007687038587411671,0.008900268227261691,0.008633824276282318
2021-07-26,33.1,33.15,32.85,33.0,33.0,2886,0.9265409640776409,0.8973788350023646,0.9195847679323188,0.9031382260461972,0.9031382260461972,0.0009099181073703712,0.0009099181073703712,0.0023286423002936516,0.004260499087035927,0.0052394297550870305,0.005484460694698346
2021-07-27,33.0,33.05,32.85,33.05,33.05,2886,0.9099620516350865,0.8809005188670475,0.9195847679323188,0.911393385589682,0.911393385589682,0.0009085402786190533,0.0021224984839294473,0.0034409472725431553,0.005017485175611738,0.00608828006088267,0.0067011879378614594
2021-07-28,33.05,33.1,32.85,33.0,33.0,2886,0.9182515078563631,0.8891396769347066,0.9195847679323188,0.9031382260461972,0.9031382260461972,-0.0012106537530266086,0.00045475216007277757,0.0015174506828527208,0.003268222239112312,0.004260499087035927,0.005178190679256612
2021-07-29,33.0,33.1,32.9,33.1,33.1,2886,0.9099620516350865,0.8891396769347066,0.9278945748319519,0.919648545133168,0.919648545133168,0.0015128593040848492,0.002726446531354023,0.003942978465271536,0.0056205377487468415,0.006690997566909941,0.008019490407065337
2021-07-30,33.1,33.1,32.9,33.1,33.1,2886,0.9265409640776409,0.8891396769347066,0.9278945748319519,0.919648545133168,0.919648545133168,0.0015128593040848492,0.0024227740763175473,0.0035371399696816717,0.004781057903923468,0.006446120165409759,0.0076614744532956195
2021-08-02,33.1,33.1,32.9,33.0,33.0,2886,0.9265409640776409,0.8891396769347066,0.9278945748319519,0.9031382260461972,0.9031382260461972,-0.0015128593040846343,-0.00030293850348373256,0.00010102030508144481,0.001365498406918577,0.003100492431150731,0.004107713372889248
2021-08-03,33.05,33.1,32.95,33.1,33.1,2886,0.9182515078563631,0.8891396769347066,0.9362043817315863,0.919648545133168,0.919648545133168,0.0012099213551118918,0.0018159806295400204,0.0028277115734195225,0.004019109729278844,0.005467800729040088,0.006537935228827837
2021-08-04,33.05,33.15,33.05,33.15,33.15,2886,0.9182515078563631,0.8973788350023646,0.9528239955308526,0.9279037046766528,0.9279037046766528,0.001813236627379727,0.002570694087403625,0.003937007874015826,0.005002273760800338,0.006619701202477724,0.007649830285222103
2021-08-05,33.15,33.15,33.05,33.15,33.15,2886,0.9348304202989175,0.8973788350023646,0.9528239955308526,0.9279037046766528,0.9279037046766528,0.0015105740181268023,0.0022675736961449955,0.0033292978208232273,0.0044693583819407886,0.00600873998543337,0.007088607594936738
2021-08-06,33.1,33.25,33.05,33.2,33.2,2886,0.9265409640776409,0.9138571511376818,0.9528239955308526,0.9361588642201388,0.9361588642201388,0.002415458937198231,0.0034758954208856576,0.00443727309398956,0.0055273718482624235,0.006731760567651201,0.008301275561854846
2021-08-09,33.1,33.2,32.9,33.2,33.2,2886,0.9265409640776409,0.9056179930700238,0.9278945748319519,0.9361588642201388,0.9361588642201388,0.0012062726176115543,0.002869657151487656,0.004234724742891945,0.004918653045781352,0.006182567583949588,0.007842145206172511
2021-08-10,33.2,33.2,33.0,33.05,33.05,2886,0.9431198765201952,0.9056179930700238,0.9445141886312195,0.911393385589682,0.911393385589682,-0.0030165912518854126,-0.0016613804561246583,-0.0008062078000605915,0.0002269804040249127,0.0013937704520663972,0.0027812895069530656
2021-08-11,33.05,33.1,32.95,33.05,33.05,2886,0.9182515078563631,0.8891396769347066,0.9362043817315863,0.911393385589682,0.911393385589682,-0.0024147298520977452,-0.0018121413470251367,-0.0011082006850695802,7.564868749520316e-05,0.0010904464772519009,0.002578492340361015
2021-08-12,30.75,30.95,30.6,30.7,30.7,2886,0.5369365216776183,0.5348558800253915,0.545643457448805,0.5234008870458734,0.5234008870458734,-0.05943627450980396,-0.06601764526924242,-0.06771940479805649,-0.06800242865816632,-0.0677194047980563,-0.06686930091185408
2021-08-13,30.8,31.15,30.7,31.05,31.05,2886,0.5452259778988955,0.5678125122960254,0.562263071248072,0.5811870038502707,0.5811870038502707,-0.036013660353927356,-0.04944129802540962,-0.05316121162837982,-0.05457867092943575,-0.05496712929145364,-0.05479452054794522
2021-08-16,31.05,31.1,30.85,31.05,31.05,2886,0.5866732590052809,0.5595733542283673,0.5871924919469732,0.5811870038502707,0.5811870038502707,-0.022970421648835757,-0.04373267631660009,-0.04939279518318195,-0.051618814905314635,-0.05294942963460015,-0.05316121162837982
2021-08-17,31.05,31.95,31.0,31.45,31.45,2886,0.5866732590052809,0.6996390413785611,0.6121219126458739,0.6472282801981528,0.6472282801981528,-0.00031786395422764025,-0.026466491255223663,-0.03399201392443941,-0.0374167878185018,-0.038990405182423755,-0.03959690553745918
2021-08-18,31.45,31.5,31.3,31.45,31.45,2886,0.6529889087754972,0.625486618769635,0.6619807540436758,0.6472282801981528,0.6472282801981528,0.009955041746949335,-0.021316321767543354,-0.030916187345932638,-0.03527607361963197,-0.03722524949488758,-0.03827531726211718
2021-08-19,31.4,31.45,31.2,31.3,31.3,2886,0.64469945255422,0.6172474607019763,0.6453611402444084,0.6224628015676972,0.6224628015676972,0.001279590531030043,-0.02034428794992171,-0.031958762886597984,-0.037293348712033894,-0.03999509262667153,-0.041396559644734716
2021-08-20,31.45,31.55,31.05,31.45,31.45,2886,0.6529889087754972,0.6337257768372936,0.6204317195455077,0.6472282801981528,0.6472282801981528,0.0035098915124442565,-0.010228166797796989,-0.023999172442329686,-0.030218933086648178,-0.03355663450310375,-0.03537470606277474
2021-08-23,31.55,31.55,31.05,31.05,31.05,2886,0.6695678212180516,0.6337257768372936,0.6204317195455077,0.5811870038502707,0.5811870038502707,-0.009253350350989013,-0.016159695817490542,-0.03250934773577066,-0.039665970772442445,-0.04343807763401109,-0.045936395759717134
2021-08-24,31.15,31.35,31.05,31.35,31.35,2886,0.6032521714478346,0.6007691445666598,0.6204317195455077,0.6307179611111826,0.6307179611111826,0.0009578544061303045,-0.0012742911755334691,-0.019597623266965448,-0.027831614853864452,-0.03246713165853958,-0.03513721467042828
2021-08-25,31.45,31.45,31.3,31.45,31.45,2886,0.6529889087754972,0.6172474607019763,0.6619807540436758,0.6472282801981528,0.6472282801981528,0.0041507024265644635,0.007044508485430639,-0.012972068207971676,-0.022381100404103276,-0.027640366064803423,-0.03056768558951977
2021-08-26,31.4,31.5,31.2,31.45,31.45,2886,0.64469945255422,0.625486618769635,0.6453611402444084,0.6472282801981528,0.6472282801981528,0.003189792663476806,0.004631847947612189,-0.009448818897637818,-0.019867549668874152,-0.02571251548946722,-0.029171168390183574
2021-08-27,31.45,32.0,31.4,32.0,32.0,2886,0.6529889087754972,0.7078781994462198,0.6786003678429428,0.7380350351764913,0.7380350351764913,0.017164653528289865,0.019108280254777118,0.01041995579412688,-0.0010145945524076755,-0.007321007569177228,-0.011175773806458195
2021-08-30,32.0,32.45,31.9,32.45,32.45,2886,0.7441729272095451,0.7820306220551466,0.7616984368392792,0.8123314710678594,0.8123314710678594,0.02236925015753007,0.028852251109702083,0.02624920936116388,0.013904077487892524,0.007326007326007457,0.003401360544217669
2021-08-31,32.4,32.8,32.25,32.8,32.8,2886,0.8104885769797614,0.839704728528755,0.8198670851367149,0.8701175878722555,0.8701175878722555,0.024039962535123197,0.035516969218626564,0.03786520409239516,0.025320412628946506,0.018507017761768618,0.014223871366728537
2021-09-01,32.6,32.65,32.45,32.55,32.55,2886,0.8436464018648702,0.8149872543257798,0.85310631273525,0.8288417901548291,0.8288417901548291,0.00930232558139526,0.024067956583293797,0.03104212860310423,0.018460575719649448,0.011309264897781557,0.00685673042223016
2021-09-02,32.5,32.55,32.0,32.1,32.1,2886,0.8270674894223158,0.7985089381904626,0.7783180506385466,0.754545354263462,0.754545354263462,-0.008647313156269336,0.007374862702024258,0.013790925360564293,0.006033064326568845,-0.0014309711939276854,-0.006089379708948254
2021-09-03,32.2,32.55,32.15,32.55,32.55,2886,0.7773307520946539,0.7985089381904626,0.8032474713374473,0.8288417901548291,0.8288417901548291,0.0018467220683287867,0.01798279906176687,0.02476650225627029,0.021176470588235206,0.013261113186402752,0.008416378375587168
2021-09-06,32.55,32.6,32.35,32.5,32.5,2886,0.8353569456435924,0.8067480962581218,0.8364866989359824,0.8205866306113442,0.8205866306113442,0.0,0.011830635118306431,0.020087884494664175,0.02072864321608052,0.01233491153750314,0.007387508394895791
2021-09-07,32.5,32.5,32.3,32.45,32.45,2886,0.8270674894223158,0.7902697801228046,0.828176892036348,0.8123314710678594,0.8123314710678594,0.0006167129201357733,0.006825938566552865,0.016391731050323773,0.02011945928953161,0.011596732963401704,0.0064616179891445556
2021-09-08,32.45,32.5,32.2,32.5,32.5,2886,0.8187780332010391,0.7902697801228046,0.8115572782370817,0.8205866306113442,0.8205866306113442,0.0024676125848241298,0.005102829751043955,0.015730805292217955,0.02257531660504976,0.013977286908773257,0.008533747090767993
2021-09-09,32.3,32.4,32.2,32.3,32.3,2886,0.793909664537207,0.7737914639874874,0.8115572782370817,0.7875659924374026,0.7875659924374026,-0.004929143561306119,-0.003701418877236414,0.007381224659527953,0.013730874852883372,0.008807545755512415,0.003157513328847025
2021-09-10,32.3,32.5,32.2,32.45,32.45,2886,0.793909664537207,0.7902697801228046,0.8115572782370817,0.8123314710678594,0.8123314710678594,0.0003082614056719485,-0.00046203603881082595,0.009959539371304085,0.016206059657089118,0.014442916093535067,0.008494768465762165
2021-09-13,32.4,32.4,32.2,32.3,32.3,2886,0.8104885769797614,0.7737914639874874,0.8115572782370817,0.7875659924374026,0.7875659924374026,-0.003086419753086464,-0.0046224961479200515,0.002690397350993357,0.00953273949054539,0.01089133700550823,0.0045614762595892954
2021-09-14,32.45,32.5,32.35,32.5,32.5,2886,0.8187780332010391,0.7902697801228046,0.8364866989359824,0.8205866306113442,0.8205866306113442,0.002776920703486684,0.0024676125848241298,0.0065035614741406275,0.01411966612060225,0.017851550266207338,0.011410788381742754
2021-09-15,32.5,32.5,32.25,32.35,32.35,2886,0.8270674894223158,0.7902697801228046,0.8198670851367149,0.7958211519808885,0.7958211519808885,-0.0009264978381715267,-0.0015432098765431222,0.0,0.008023681545532454,0.014043006708043508,0.007578903654485017
2021-09-16,32.35,32.5,32.25,32.35,32.35,2886,0.8021991207584848,0.7902697801228046,0.8198670851367149,0.7958211519808885,0.7958211519808885,-0.0012349490583513166,-0.0023130300693907707,-0.0018512804689909033,0.006377352620936329,0.011949449449449383,0.008416458852867705
2021-09-17,32.35,32.5,32.15,32.15,32.15,2886,0.8021991207584848,0.7902697801228046,0.8032474713374473,0.7628005138069469,0.7628005138069469,-0.005567584287039892,-0.007256445885440992,-0.008328192473781495,-0.0009322560596644232,0.004310883418717922,0.0032766422218753898
2021-09-22,32.0,32.2,31.9,32.1,32.1,2886,0.7441729272095451,0.7408348317168542,0.7616984368392792,0.754545354263462,0.754545354263462,-0.005884174667079739,-0.007574586489410958,-0.009157320712007413,-0.004110757775537122,0.001435078305359686,0.00286383754230675
2021-09-23,32.2,32.4,32.1,32.4,32.4,2886,0.7773307520946539,0.7737914639874874,0.7949376644378142,0.8040763115243733,0.8040763115243733,0.004028509451502803,0.0018552875695733544,0.0009267840593142149,0.003562025708533216,0.009597407453570978,0.012922050854522627
2021-09-24,32.45,32.5,32.3,32.4,32.4,2886,0.8187780332010391,0.7902697801228046,0.828176892036348,0.8040763115243733,0.8040763115243733,0.0037174721189592494,0.0021651716671821928,0.0012360939431396523,0.0020876826722338996,0.00840336134453769,0.013608634443923
2021-09-27,32.4,32.5,32.2,32.35,32.35,2886,0.8104885769797614,0.7902697801228046,0.8115572782370817,0.7958211519808885,0.7958211519808885,0.0021685254027263754,0.00046389361373126855,-0.0008236384227323298,-0.0008493552621420248,0.005532761407435173,0.010306058713304131
2021-09-28,32.3,32.4,32.1,32.4,32.4,2886,0.793909664537207,0.7737914639874874,0.7949376644378142,0.8040763115243733,0.8040763115243733,0.0021651716671821928,0.0021651716671821928,0.0010298661174046788,7.716644802832707e-05,0.005898789195901823,0.010447528457819856
2021-09-29,32.15,32.2,32.0,32.05,32.05,2886,0.769041295873376,0.7408348317168542,0.7783180506385466,0.746290194719976,0.746290194719976,-0.0083539603960397,-0.007893514935768536,-0.008865065457169431,-0.010115049030962879,-0.006201550387596988,-0.0015057895010124726
2021-09-30,32.0,32.2,32.0,32.05,32.05,2886,0.7441729272095451,0.7408348317168542,0.7783180506385466,0.746290194719976,0.746290194719976,-0.006201550387596768,-0.006509609423434621,-0.008047044258743363,-0.008967223252937731,-0.007063634673771657,-0.0021275491671423944
2021-10-01,32.0,32.1,31.85,32.05,32.05,2886,0.7441729272095451,0.724356515581537,0.7533886299396461,0.746290194719976,0.746290194719976,-0.0040397762585457605,-0.005584858827179857,-0.007125154894671746,-0.00820052607148385,-0.007801374527893086,-0.002748534978997197
2021-10-04,32.05,32.15,32.0,32.1,32.1,2886,0.7524623834308217,0.732595673649195,0.7783180506385466,0.754545354263462,0.754545354263462,-0.0009337068160597925,-0.0032603632976244954,-0.0051652892561982735,-0.0066532570013926465,-0.007052709725315344,-0.0020208300948234953
2021-10-05,32.05,32.1,31.9,32.05,32.05,2886,0.7524623834308217,0.724356515581537,0.7616984368392792,0.746290194719976,0.746290194719976,-0.00031191515907689067,-0.004503804938654948,-0.005893300248139107,-0.007432641684732177,-0.008660686668728771,-0.004194500543731491
2021-10-06,32.05,32.35,31.9,32.25,32.25,2886,0.7524623834308217,0.7655523059198294,0.7616984368392792,0.7793108328939177,0.7793108328939177,0.004672897196261638,0.0012418503570319512,0.0004136076931031564,-0.0008519866780263746,-0.0022275849266751944,0.0007757951900697774
2021-10-07,32.35,32.5,32.25,32.4,32.4,2886,0.8021991207584848,0.7902697801228046,0.8198670851367149,0.8040763115243733,0.8040763115243733,0.007149518184643981,0.005898789195901823,0.005274588892336386,0.003872966692486666,0.0029096762211354298,0.004339739615623081
2021-10-08,32.4,32.4,32.15,32.25,32.25,2886,0.8104885769797614,0.7737914639874874,0.8032474713374473,0.7793108328939177,0.7793108328939177,0.001241850357032172,0.0017083398043174318,0.0008275576704250665,-0.0003874467260752527,-0.0013624821948350788,-0.001135659715052501
2021-10-12,32.1,32.45,31.9,32.45,32.45,2886,0.7607518396520995,0.7820306220551466,0.7616984368392792,0.8123314710678594,0.8123314710678594,0.005266418835192122,0.0076075143611241906,0.006825938566553087,0.005577936163619673,0.004395196236226415,0.004022277227722851
2021-10-13,32.45,32.5,32.3,32.5,32.5,2886,0.8187780332010391,0.7902697801228046,0.828176892036348,0.8205866306113442,0.8205866306113442,0.004016064257027972,0.008846810492006944,0.007647788342290298,0.0070493454179254515,0.006005076456385671,0.0050510256674569836
2021-10-14,32.5,32.6,32.3,32.3,32.3,2886,0.8270674894223158,0.8067480962581218,0.828176892036348,0.7875659924374026,0.7875659924374026,-0.002470660901791396,0.0018610421836228997,0.0010330578512396107,0.0008521186768921966,6.192333890628952e-05,-0.0009794319294808894
2021-10-15,32.35,32.5,32.25,32.5,32.5,2886,0.8021991207584848,0.7902697801228046,0.8198670851367149,0.8205866306113442,0.8205866306113442,0.003086419753086464,0.006659439368127499,0.007023342284651929,0.0070493454179256735,0.006191950464396374,0.005517454751714575
2021-10-18,32.5,32.95,32.4,32.95,32.95,2886,0.8270674894223158,0.8644222027317314,0.8447965058356156,0.8948830665027123,0.8948830665027123,0.0125998770743699,0.01776061776061785,0.019808108944599435,0.020044888166550826,0.01955566557336462,0.01901963816298135
2021-10-19,32.95,32.95,32.7,32.75,32.75,2886,0.9016725954138098,0.8644222027317314,0.8946553472334181,0.8618624283287707,0.8618624283287707,0.004601226993864987,0.009556103575832376,0.0127821874033605,0.013226080903395308,0.012803067788223476,0.012156175955495957
2021-10-20,32.75,32.95,32.75,32.9,32.9,2886,0.8685147705287011,0.8644222027317314,0.9029651541330512,0.8866279069592263,0.8866279069592263,0.006731946144431029,0.011529592621060724,0.01637318504788388,0.016687268232385637,0.016875811337083494,0.016425518768343535
2021-10-21,32.9,33.0,32.8,32.95,32.95,2886,0.8933831391925321,0.8726613607993894,0.9112749610326845,0.8948830665027123,0.8948830665027123,0.004266991770801602,0.01089124098788148,0.016034535923527694,0.016896844379291925,0.017603458925262515,0.017498713329902316
2021-10-22,32.95,33.1,32.8,33.05,33.05,2886,0.9016725954138098,0.8891396769347066,0.9112749610326845,0.911393385589682,0.911393385589682,0.003948967193195488,0.011941212492345175,0.01702738742435103,0.018960998920918824,0.019998765508301836,0.019956794568460088
2021-10-25,33.0,33.1,32.9,33.1,33.1,2886,0.9099620516350865,0.8891396769347066,0.9278945748319519,0.919648545133168,0.919648545133168,0.004552352048558379,0.010841349824400794,0.016376663254861763,0.019402525408069065,0.020596941292550543,0.020869744011514427
2021-10-26,33.1,33.5,33.05,33.45,33.45,2886,0.9265409640776409,0.9550529414759743,0.9528239955308526,0.9774346619375653,0.9774346619375653,0.010879419764279438,0.01841985081443154,0.02429315096458109,0.02843966179861658,0.029991378248552893,0.030446167274220986
2021-10-27,33.35,33.5,33.3,33.35,33.35,2886,0.9679882451840262,0.9550529414759743,0.9943730300290208,0.9609243428505945,0.9609243428505945,0.005123568414707492,0.012754327361068987,0.018527944619770004,0.023869828843349556,0.025396630180789585,0.026417030007694308
2021-10-28,33.35,33.4,33.2,33.4,33.4,2886,0.9679882451840262,0.938574625340657,0.9777534162297545,0.9691795023940792,0.9691795023940792,0.003907424105801099,0.010895883777239693,0.017672151127361313,0.023284313725490134,0.025294695481335894,0.0267971512015165
2021-10-29,33.3,33.4,33.05,33.4,33.4,2886,0.9596987889627484,0.938574625340657,0.9528239955308526,0.9691795023940792,0.9691795023940792,0.0017996400719854579,0.008149713250829943,0.015609162781268851,0.021172513949400066,0.02403728231542798,0.025851036600972675
2021-11-01,33.4,33.4,33.25,33.3,33.3,2886,0.9762777014053028,0.938574625340657,0.9860632231293877,0.9526691833071085,0.9526691833071085,-0.0023966446974235563,0.004070556309362219,0.010417720238697074,0.016173329264571292,0.019845644983461842,0.02178582387235351
2021-11-02,33.35,33.4,33.25,33.3,33.3,2886,0.9679882451840262,0.938574625340657,0.9860632231293877,0.9526691833071085,0.9526691833071085,-0.0014992503748127214,0.0024081878386513636,0.008683360258481272,0.014316174230886351,0.01866014071581522,0.020793950850661665
2021-11-03,33.25,33.4,33.15,33.4,33.4,2886,0.9514093327414718,0.938574625340657,0.9694436093301202,0.9691795023940792,0.9691795023940792,0.0011990407673860657,0.003907424105801099,0.009877040919169347,0.015274716923778332,0.020470516345860123,0.022553321767527234
2021-11-04,33.4,33.45,33.25,33.45,33.45,2886,0.9762777014053028,0.9468137834083162,0.9860632231293877,0.9774346619375653,0.9774346619375653,0.002397362900809272,0.0039015606242497765,0.009049773755656238,0.014943487825229671,0.02025254681876415,0.022675159235669026
2021-11-05,33.4,33.7,33.35,33.7,33.7,2886,0.9762777014053028,0.9880095737466087,1.0026828369286551,1.0187104596549919,1.0187104596549919,0.008076577924020435,0.009435375168488988,0.014143845922359495,0.020516314633961752,0.02581273590648968,0.02895526945193642
2021-11-08,33.7,33.7,33.5,33.6,33.6,2886,1.026014438732966,0.9880095737466087,1.027612257627556,1.002200140568021,1.002200140568021,0.0032845625559868447,0.004934948407357534,0.009817671809256702,0.015412511332728859,0.02084219481071906,0.02465057179161384
2021-11-09,33.6,33.7,33.45,33.7,33.7,2886,1.0094355262904116,0.9880095737466087,1.0193024507279227,1.0187104596549919,1.0187104596549919,0.0038725052129876506,0.007172743574417274,0.010898910108989206,0.016514591659754364,0.02189338346776643,0.026291747030758407
2021-11-10,33.7,34.0,33.5,34.0,34.0,2886,1.026014438732966,1.037444522152559,1.027612257627556,1.0682414169159031,1.0682414169159031,0.009201543484713633,0.01416853094705448,0.017659383418138386,0.02324881498758561,0.02855759922555671,0.03374885983581634
2021-11-11,34.0,34.0,33.7,33.8,33.8,2886,1.0757511760606278,1.037444522152559,1.0608514852260909,1.0352207787419614,1.0352207787419614,0.001184834123222513,0.0070013406822580755,0.009960159362549658,0.014938818407026353,0.020593030980131717,0.02584855076129271
2021-11-12,33.9,34.0,33.75,33.9,33.9,2886,1.0591722636180736,1.037444522152559,1.069161292125724,1.0517310978289323,1.0517310978289323,0.002958579881656847,0.00847835787594835,0.01123595505617973,0.015806427447748784,0.021761408162034906,0.026961526810057576
2021-11-15,33.95,34.0,33.8,33.95,33.95,2886,1.0674617198393512,1.037444522152559,1.0774710990253573,1.0599862573724184,1.0599862573724184,0.0023619722468262595,0.00801662707838489,0.011018463371054336,0.015782781060662828,0.02117547975696326,0.026506752670832443
2021-11-16,33.95,34.2,33.9,34.2,34.2,2886,1.0674617198393512,1.0704011544231935,1.0940907128246247,1.1012620550898446,1.1012620550898446,0.006770680011775213,0.012733195143618587,0.016949152542372888,0.0210479175996419,0.026533797574738872,0.03188172583727261
2021-11-17,34.05,34.25,34.05,34.2,34.2,2886,1.0840406322819045,1.0786403124908515,1.1190201335235255,1.1012620550898446,1.1012620550898446,0.005586592178770882,0.010339734121122641,0.015238472194735862,0.01907032181168059,0.024442846872753707,0.029655276230618675
2021-11-18,34.25,34.75,34.2,34.7,34.7,2886,1.1171984571670133,1.1610318931674364,1.1439495542224272,1.1838136505246977,1.1838136505246977,0.014916642293068088,0.021339220014716744,0.02743782076589033,0.031280184263318286,0.03643966547192372,0.042146360997096885
2021-11-19,34.65,34.7,34.25,34.65,34.65,2886,1.1835141069372295,1.1527927350997782,1.1522593611220604,1.1755584909812118,1.1755584909812118,0.009027373325567918,0.017023774581743208,0.023432115782219043,0.02735156771180764,0.032294583805040696,0.038305948159616306
2021-11-22,34.5,34.55,34.05,34.15,34.15,2886,1.1586457382733986,1.1280752608968019,1.1190201335235255,1.0930068955463588,1.0930068955463588,-0.006689936009307853,0.000732600732600691,0.00697857283271077,0.0109532267613972,0.01594573689534127,0.021384776431882645
2021-11-23,34.1,34.25,34.0,34.1,34.1,2886,1.0923300885031821,1.0786403124908515,1.1107103266238922,1.084751736002874,1.084751736002874,-0.007566938300349185,-0.0019025318308209492,0.0039254170755642645,0.008502772643253277,0.012831175002970244,0.018214392355927124
2021-11-24,34.1,34.6,34.0,34.35,34.35,2886,1.0923300885031821,1.1363144189644612,1.1107103266238922,1.1260275337203003,1.1260275337203003,-0.0011631288165164044,0.00438596491228066,0.009403467528651198,0.0143964562569215,0.018502045899306242,0.023794148328448835
2021-11-25,34.3,34.5,34.1,34.5,34.5,2886,1.1254879133882898,1.119836102829144,1.1273299404231598,1.1507930123507562,1.1507930123507562,0.004366812227074194,0.006711409395973271,0.011730205278592334,0.017174025208225936,0.021072570143246008,0.026022304832713755
2021-11-26,34.15,34.35,33.85,33.9,33.9,2886,1.1006195447244589,1.0951186286261687,1.0857809059249917,1.0517310978289323,1.0517310978289323,-0.008771929824561528,-0.010796615115261293,-0.006253664256400378,-0.0012521175517420336,0.002306191236473389,0.0067811711132009615
2021-11-29,33.8,34.1,33.7,33.9,33.9,2886,1.0425933511755192,1.0539228382878763,1.0608514852260909,1.0517310978289323,1.0517310978289323,-0.007320644216691069,-0.01065226907923543,-0.006835937500000028,-0.0021340790345133597,0.0013587759201275883,0.005835228958559948
2021-11-30,33.75,34.2,33.55,34.2,34.2,2886,1.0343038949542425,1.0704011544231935,1.035922064527189,1.1012620550898446,1.1012620550898446,0.0008779631255487601,-0.0018969794250692463,0.0009756097560977135,0.005364885720585127,0.00932593554479998,0.013283294652116074
2021-12-01,33.75,34.2,33.75,34.15,34.15,2886,1.0343038949542425,1.0704011544231935,1.069161292125724,1.0930068955463588,1.0930068955463588,0.0005859947260475572,-0.0032107413893755553,-0.0007802594362624715,0.0027896050506533215,0.006899398513975757,0.010554349970408225
2021-12-02,33.95,34.25,33.8,34.25,34.25,2886,1.0674617198393512,1.0786403124908515,1.0774710990253573,1.1095172146333296,1.1095172146333296,0.004988262910798172,0.0010229431535877158,0.0012668095887740044,0.004546121132130635,0.008836524300441741,0.01221554526647623
2021-12-03,34.2,34.3,34.05,34.15,34.15,2886,1.1089090009457365,1.0868794705585094,1.1190201335235255,1.0930068955463588,1.0930068955463588,0.0005859947260473489,-0.0004390458071127666,-0.0021427875718322107,0.0009525903128892464,0.0050029429075927525,0.008167683526864703
2021-12-06,34.0,34.6,33.9,34.6,34.6,2886,1.0757511760606278,1.1363144189644612,1.0940907128246247,1.1673033314377268,1.1673033314377268,0.009629413481178822,0.011400175387313667,0.009727626459144038,0.01265822784810119,0.016690173953925865,0.01994693917657471
2021-12-07,34.45,35.1,34.3,35.1,35.1,2886,1.150356282052122,1.2187059996410459,1.1605691680216936,1.2498549268725798,1.2498549268725798,0.018867924528301844,0.023025357038764394,0.02252864633909497,0.025191675794085558,0.029204785362420896,0.03301123264825633
2021-12-08,35.1,35.3,34.95,35.2,35.2,2886,1.2581192129287235,1.2516626319116793,1.2685966577169319,1.2663652459595507,1.2663652459595507,0.015579919215233672,0.02340456461695034,0.02345415778251615,0.026313871273416528,0.029962546816479425,0.03407755581668636
2021-12-09,35.2,35.3,34.95,35.3,35.3,2886,1.274698125371278,1.2516626319116793,1.2685966577169319,1.2828755650465202,1.2828755650465202,0.012331517063378048,0.023930384336475582,0.025169409486931284,0.026983780638591748,0.03065693430656926,0.035089434072915614
2021-12-10,35.2,35.7,35.1,35.65,35.65,2886,1.274698125371278,1.317575896452948,1.2935260784158324,1.3406616818509176,1.3406616818509176,0.013647995450668093,0.02886002886002886,0.03333333333333329,0.034532791642483976,0.03851083663481714,0.04305846784024981
2021-12-13,35.65,35.8,35.35,35.5,35.5,2886,1.3493032313627709,1.334054212588264,1.3350751129140008,1.315896203220462,1.315896203220462,0.004243281471004203,0.019821890261419065,0.02630818155536272,0.0278682591386174,0.031856760841762484,0.036445915040630675
2021-12-14,35.35,35.4,35.1,35.4,35.4,2886,1.299566494035109,1.2681409480469963,1.2935260784158324,1.299385884133491,1.299385884133491,-0.00028240609997170324,0.013455482393358113,0.02085936749014716,0.023195317580749903,0.026920399164539255,0.03141844316029718
2021-12-15,35.3,35.35,35.1,35.2,35.2,2886,1.2912770378138312,1.2599017899793383,1.2935260784158324,1.2663652459595507,1.2663652459595507,-0.0059305280994069705,0.004709576138147746,0.013435700575815793,0.01594631647305006,0.01969872537659327,0.023801444568326193
2021-12-16,35.2,35.6,35.15,35.6,35.6,2886,1.274698125371278,1.3010975803176308,1.3018358853154657,1.3324065223074328,1.3324065223074328,0.0036650690724556686,0.012226329257890238,0.022792568473472608,0.02615839158319539,0.029139685476410597,0.03328173374612987
2021-12-17,35.25,35.9,35.25,35.9,35.9,2886,1.2829875815925547,1.3505325287235812,1.3184554991147333,1.3819374795683441,1.3819374795683441,0.010698198198198271,0.015702362427500345,0.02747567258156822,0.03294490001438651,0.03541762805722201,0.039776018536397034
2021-12-20,35.7,36.0,35.5,36.0,36.0,2886,1.3575926875840487,1.3670108448588985,1.3600045336129014,1.398447798655315,1.398447798655315,0.010668163952835357,0.01451317458080881,0.026225769669327093,0.03307267379295491,0.0358519882603442,0.04026199190907332
2021-12-21,35.95,35.95,35.7,35.75,35.75,2886,1.399039968690434,1.3587716867912403,1.3932437612114363,1.3571720009378885,1.3571720009378885,0.0016811431773604696,0.005625879043600643,0.01610611084793946,0.02347552247351868,0.026826746323529337,0.031002162941600662
2021-12-22,35.7,35.7,35.55,35.65,35.65,2886,1.3575926875840487,1.317575896452948,1.3683143405125346,1.3406616818509176,1.3406616818509176,-0.003633314700950125,0.0015451608371960276,0.010392064241851691,0.01871695956565206,0.022251534094167465,0.026490066225165403
2021-12-23,35.6,35.65,35.4,35.5,35.5,2886,1.3410137751414943,1.3093367383852887,1.3433849198136338,1.315896203220462,1.315896203220462,-0.007270693512304392,-0.003228976554822263,0.0037700282752120506,0.012983307176487324,0.01701713172520487,0.02050594097355323
2021-12-24,35.5,35.6,35.35,35.5,35.5,2886,1.32443486269894,1.3010975803176308,1.3350751129140008,1.315896203220462,1.315896203220462,-0.0050448430493271485,-0.0028089887640449836,0.0012221491021903576,0.010676156583629894,0.016027475672581636,0.01894374282433974
2021-12-27,35.5,35.6,35.35,35.6,35.6,2886,1.32443486269894,1.3010975803176308,1.3350751129140008,1.3324065223074328,1.3324065223074328,0.0,-0.0002808199943835442,0.0021582058740734164,0.01107639875035503,0.017200982913309237,0.02020346754549378
2021-12-28,35.6,35.6,35.4,35.6,35.6,2886,1.3410137751414943,1.3010975803176308,1.3433849198136338,1.3324065223074328,1.3324065223074328,0.0008434073657576929,-0.0008419870895313257,0.001218711915252739,0.009070294784580709,0.015460094700211124,0.018840925351776713
2021-12-29,35.6,35.75,35.5,35.6,35.6,2886,1.3410137751414943,1.325815054520606,1.3600045336129014,1.3324065223074328,1.3324065223074328,0.001124859392576104,-0.0019624334174376304,0.0004683840749414253,0.007000919312637077,0.01401389996581968,0.017482017815462235
2021-12-30,35.6,35.7,35.5,35.55,35.55,2886,1.3410137751414943,1.317575896452948,1.3600045336129014,1.3241513627639467,1.3241513627639467,-0.0005622715771720615,-0.003224449740642142,-0.0014044943820225916,0.0037410884449777734,0.011379800853485025,0.015230842455973292
2022-01-03,35.6,35.7,35.2,35.35,35.35,2886,1.3410137751414943,1.317575896452948,1.3101456922151,1.2911307245900063,1.2911307245900063,-0.005346088913899966,-0.007301319853973547,-0.006464305789769645,-0.003593827073497223,0.004033174278573137,0.008847031963470385
2022-01-04,35.4,35.55,35.25,35.55,35.55,2886,1.3078559502563856,1.2928584222499715,1.3184554991147333,1.3241513627639467,1.3241513627639467,0.0005629045876724777,-0.0004217629692113193,-0.0009367681498830503,0.0007037297677691366,0.007824459942166928,0.013205396161884795
2022-01-05,35.4,35.55,35.3,35.55,35.55,2886,1.3078559502563856,1.2928584222499715,1.3267653060143665,1.3241513627639467,1.3241513627639467,0.0008445945945946267,0.00014066676044437903,-0.0012174564525192888,7.032843378571564e-05,0.006283967391304183,0.011811583890707248
2022-01-06,35.4,36.0,35.35,36.0,36.0,2886,1.3078559502563856,1.3670108448588985,1.3350751129140008,1.398447798655315,1.398447798655315,0.011235955056179735,0.011804384485666152,0.009912100243126942,0.011591148577449988,0.016891701033839867,0.02301790281329909
2022-01-07,36.0,36.5,35.9,36.2,36.2,2886,1.4073294249117108,1.4494024255354832,1.4264829888099704,1.4314684368292565,1.4314684368292565,0.01315421214665564,0.015427769985974876,0.014384457313656155,0.01592647162000969,0.020293122886133202,0.027047474938528458
2022-01-10,36.2,36.2,35.8,36.15,36.15,2886,1.4404872497968193,1.3999674771295327,1.4098633750107028,1.4232132772857706,1.4232132772857706,0.007244357759821622,0.012179756404871967,0.012510503220987736,0.013811961018018641,0.016591676040494833,0.023451139527202375
2022-01-11,36.0,37.0,35.95,37.0,37.0,2886,1.4073294249117108,1.531794006212068,1.4347927957096047,1.5635509895250208,1.5635509895250208,0.022664455500276605,0.03193417933342618,0.034386357282639196,0.03547190932624357,0.03769351581781471,0.044460127028934454
2022-01-12,37.0,37.0,36.7,37.0,37.0,2886,1.5731185493372521,1.531794006212068,1.5594398992041092,1.5635509895250208,1.5635509895250208,0.01453249245955583,0.027920544520072307,0.03198214949795468,0.03315881326352531,0.03548639874622189,0.04171554596217923
2022-01-13,37.0,37.85,37.0,37.85,37.85,2886,1.5731185493372521,1.6718596933622625,1.6092987406019106,1.7038887017642712,1.7038887017642712,0.02741585233441925,0.045002760905576894,0.05138888888888893,0.05299763527611632,0.05614152575478564,0.061959317278466285
2022-01-14,37.75,37.85,37.05,37.45,37.45,2886,1.697460392656408,1.6718596933622625,1.6176085475015438,1.637847425416389,1.637847425416389,0.00970612024804528,0.02856358143367204,0.03653473567672295,0.03919528269164069,0.04247856586126276,0.04760128677327618
2022-01-17,37.3,37.35,36.85,37.05,37.05,2886,1.622855286664914,1.5894681126856776,1.58436931990301,1.5718061490685058,1.5718061490685058,-0.005902870941776387,0.012848551120831025,0.022539098436062454,0.026457958165950916,0.029738743746525857,0.033616961919374834
2022-01-18,37.05,37.4,36.8,37.25,37.25,2886,1.5814080055585287,1.5977072707533357,1.5760595130033757,1.6048267872424473,1.6048267872424473,-0.001875669882100948,0.013605442176870748,0.024947262221406943,0.030215031459586362,0.03328710124826638,0.036641929499072454
2022-01-19,37.05,37.05,36.8,37.0,37.0,2886,1.5814080055585287,1.540033164279726,1.5760595130033757,1.5635509895250208,1.5635509895250208,-0.008574490889603626,0.0028459140804986275,0.015460616595005208,0.021535063500828105,0.024533421941629163,0.027872951199185023
2022-01-20,36.8,37.1,36.75,36.95,36.95,2886,1.5399607244521434,1.5482723223473853,1.5677497061037424,1.555295829981536,1.555295829981536,-0.005115778136779691,-0.0010813733441470436,0.011589706150757597,0.018327132423866785,0.02116957771390685,0.024823186797947667
2022-01-21,36.75,36.85,36.35,36.85,36.85,2886,1.5316712682308666,1.5070765320090929,1.5012712509066735,1.5387855108945652,1.5387855108945652,-0.004592112371690832,-0.005532316826339179,0.006463947560087537,0.01368544116635726,0.01700060716454158,0.020587149187592288
2022-01-24,36.5,36.95,36.35,36.9,36.9,2886,1.4902239871244813,1.52355484814441,1.5012712509066735,1.54704067043805,1.54704067043805,-0.0024330900243309922,-0.006194451925666684,0.004993191103041217,0.013110028141945203,0.017257539835694922,0.020793950850661585
2022-01-25,36.4,36.9,36.3,36.9,36.9,2886,1.473645074681927,1.5153156900767508,1.4929614440070391,1.54704067043805,1.54704067043805,-0.0005417118093175278,-0.005926724137931005,0.0025357725049809923,0.011305241521068899,0.01624896722665922,0.019477828429341024
2022-01-26,36.8,37.2,36.6,36.95,36.95,2886,1.5399607244521434,1.5647506384827023,1.5428202854048416,1.555295829981536,1.555295829981536,0.0010837171498238728,-0.004445641923750292,0.001355013550135617,0.010805635344002274,0.016282523791187598,0.019404083134081287
2022-02-07,37.0,38.0,37.0,38.0,38.0,2886,1.5731185493372521,1.6965771675652377,1.6092987406019106,1.7286541803947268,1.7286541803947268,0.02370689655172421,0.023431187718825873,0.026102610261026154,0.03612815269256995,0.042466805662240606,0.045679691799669686
2022-02-08,38.1,39.0,38.0,38.95,38.95,2886,1.755486586205348,1.8613603289184073,1.7754948785945834,1.885502211720948,1.885502211720948,0.03755993606819383,0.04479613733905584,0.0465741155396328,0.057131225403718185,0.06449849685706475,0.06853824699373604
2022-02-09,38.95,39.1,38.7,38.8,38.8,2886,1.8964073419670582,1.8778386450537246,1.8918321751894547,1.8607367330904911,1.8607367330904911,0.0232067510548522,0.0359097583767187,0.03761811374576573,0.04815290065509553,0.05658733184467066,0.06160791645765877
2022-02-10,38.8,38.8,38.1,38.7,38.7,2886,1.8715389733032262,1.8284036966477728,1.7921144923938508,1.8442264140035214,1.8442264140035214,0.010971786833855843,0.029255319148936205,0.03181656594383225,0.04102219233355765,0.05031753786028352,0.056270754674066344
2022-02-11,38.5,38.85,38.35,38.8,38.8,2886,1.8218022359755641,1.836642854715432,1.8336635268920192,1.8607367330904911,1.8607367330904911,0.003880983182406173,0.02699841185812608,0.031183557760453545,0.03916973552058918,0.049386055065721676,0.05606967882416971
2022-02-14,38.45,38.5,38.05,38.45,38.45,2886,1.8135127797542876,1.7789687482418224,1.7838046854942164,1.8029506162860949,1.8029506162860949,-0.007485802787816188,0.013709464803585635,0.02079646017699129,0.02642819006940742,0.036723468507334156,0.04389140271493214
2022-02-15,38.3,38.35,38.05,38.1,38.1,2886,1.7886444110904554,1.7542512740388472,1.7838046854942164,1.7451644994816977,1.7451644994816977,-0.012185636505055714,0.0011824990145841993,0.010342084327764343,0.014512048994807661,0.024468943264318466,0.03196099674972933
2022-02-16,38.2,38.4,38.05,38.2,38.2,2886,1.7720654986479023,1.7624904321065054,1.7838046854942164,1.7616748185686684,1.7616748185686684,-0.006501950585175552,0.0003928244074898669,0.010938602681722155,0.014406160791343133,0.024018871970834247,0.03215347203458538
2022-02-17,38.3,38.4,38.1,38.4,38.4,2886,1.7886444110904554,1.7624904321065054,1.7921144923938508,1.794695456742609,1.794695456742609,0.00026048450117212844,0.001695578453110675,0.014173782903424656,0.017825193824133573,0.026244053664011956,0.03494744407510537
2022-02-18,38.1,38.3,38.0,38.1,38.1,2886,1.755486586205348,1.746012115971188,1.7754948785945834,1.7451644994816977,1.7451644994816977,-0.003921568627450943,-0.00910273081924581,0.004305421316229008,0.008403361344537882,0.015458422174840038,0.02456077447113682
2022-02-21,38.0,38.0,37.65,38.0,38.0,2886,1.7389076737627935,1.6965771675652377,1.7173262302971477,1.7286541803947268,1.7286541803947268,-0.004192872117400516,-0.011703511053316068,-0.00017540782318894164,0.005557025668166204,0.010638297872340387,0.019677996422182494
2022-02-22,37.7,37.75,37.25,37.6,37.6,2886,1.6891709364351315,1.6553813772269452,1.6508477751000787,1.6626129040468447,1.6626129040468447,-0.012086179716237542,-0.018661098786375997,-0.011999649645265748,-0.005225213307758397,-0.0014871468026344933,0.0070978974152937835
2022-02-23,37.6,38.15,37.55,38.05,38.05,2886,1.6725920239925771,1.721294641768213,1.7007066164978801,1.7369093399382116,1.7369093399382116,0.0005259006047855909,-0.00496861924686205,-0.0021853146853147475,0.005350419446462794,0.008427859641683395,0.016700066800267203
2022-02-24,37.8,37.8,37.5,37.7,37.7,2886,1.7057498488776848,1.6636205352946032,1.692396809598247,1.6791232231338156,1.6791232231338156,-0.005014515703351748,-0.011536444677503872,-0.01274441340782099,-0.004489041457618025,-0.0015889830508475176,0.005422704240376917
2022-02-25,37.55,37.65,37.25,37.6,37.6,2886,1.6643025677712993,1.638903061091628,1.6508477751000787,1.6626129040468447,1.6626129040468447,-0.0050277851283409575,-0.011046817464492417,-0.016479204812974168,-0.007915567282321826,-0.004869786152868873,0.0009317183548514996
2022-03-01,37.55,38.2,37.45,38.2,38.2,2886,1.6643025677712993,1.729533799835872,1.6840870026986139,1.7616748185686684,1.7616748185686684,0.00978059740946351,0.005395446769311894,-0.0011330950928267205,0.006256173855778841,0.010635483358907905,0.014922729486782112
2022-03-02,38.15,38.15,37.8,38.1,38.1,2886,1.7637760424266244,1.721294641768213,1.7422556509960483,1.7451644994816977,1.7451644994816977,0.00448194041655686,0.0027635215159888633,-0.002269553072625495,0.001972386587771278,0.007296954314720901,0.010565403828301139
2022-03-03,38.1,38.15,37.95,38.1,38.1,2886,1.755486586205348,1.721294641768213,1.7671850716949502,1.7451644994816977,1.7451644994816977,0.004217185028993056,0.0030275108595498746,-0.0010487676979548807,0.00039385584875936897,0.006179686262081937,0.008826125330979573
2022-03-04,38.0,38.0,37.5,38.0,38.0,2886,1.7389076737627935,1.6965771675652377,1.692396809598247,1.7286541803947268,1.7286541803947268,0.0,0.0014494663328501703,-0.002450122506125316,-0.0036706869428421753,0.002744352966012223,0.005291005291005178
2022-03-07,37.5,37.65,37.0,37.65,37.65,2886,1.6560131115500227,1.638903061091628,1.6092987406019106,1.6708680635903295,1.6708680635903295,-0.009471191791633951,-0.00659630606860177,-0.009644892590968885,-0.013752455795677763,-0.007172617477981265,-0.004538844577623248
2022-03-08,37.5,37.8,37.3,37.35,37.35,2886,1.6560131115500227,1.6636205352946032,1.659157581999712,1.6213371063294182,1.6213371063294182,-0.01294926004228335,-0.01281881855424851,-0.015637353948871134,-0.02077734810251024,-0.015498972006958746,-0.012035445046951417
2022-03-09,37.5,37.95,37.4,37.4,37.4,2886,1.6560131115500227,1.6883380094975797,1.6757771957989795,1.629592265872903,1.629592265872903,-0.007957559681697726,-0.010974481026048028,-0.013105814055765573,-0.017470116905293556,-0.014752370916754538,-0.010669253152279224
2022-03-10,37.5,38.25,37.5,38.25,38.25,2886,1.6560131115500227,1.7377729579035301,1.692396809598247,1.7699299781121534,1.7699299781121534,0.013782136231115715,0.010968679793841658,0.009234828496042255,0.005586592178770912,0.006208239069816306,0.010746058310578692
2022-03-11,38.0,38.2,37.8,37.95,37.95,2886,1.7389076737627935,1.729533799835872,1.7422556509960483,1.720399020851242,1.720399020851242,0.006097560975609862,0.002377179080824179,0.002112490097702622,-0.0013157894736841357,-0.0027853689299977545,0.0022007042253521752
2022-03-14,38.0,38.5,38.0,38.5,38.5,2886,1.7389076737627935,1.7789687482418224,1.7754948785945834,1.8112057758295799,1.8112057758295799,0.016099234626550527,0.01449275362318833,0.015920485530829406,0.013557983414505741,0.010021512146492603,0.015384615384615448
2022-03-15,38.5,38.7,38.3,38.6,38.6,2886,1.8218022359755641,1.8119253805124569,1.8253537199923846,1.8277160949165505,1.8277160949165505,0.012060828526481406,0.016056857067649557,0.017485282488357616,0.015989998025926214,0.01200776047401829,0.016547425712153906
2022-03-16,38.75,39.5,38.5,39.5,39.5,2886,1.8632495170819494,1.9437519095949922,1.8585929475909198,1.9763089666992857,1.9763089666992857,0.024377593360995792,0.03592971413585116,0.03774411069270497,0.03776683087027915,0.03500681270307092,0.03783499737256976
2022-03-17,40.4,40.6,39.55,40.05,40.05,2886,2.1368015723840927,2.125013387083479,2.033098892483226,2.0671157216776237,2.0671157216776237,0.029033915724563087,0.045009784735811985,0.04852081333449667,0.049665836718647514,0.04804521902967495,0.04939080309183802
2022-03-18,40.4,40.8,40.15,40.45,40.45,2886,2.1368015723840927,2.1579700193541123,2.1328165752788295,2.1331569980255067,2.1331569980255067,0.026128868594622046,0.04874254602022284,0.053934340802501306,0.05730902437430556,0.05657716017135106,0.056595559425337526
2022-03-21,40.45,40.6,40.45,40.6,40.6,2886,2.1450910286053704,2.125013387083479,2.182675416676632,2.1579224766559624,2.1579224766559624,0.019076305220883483,0.04464170847806527,0.0523587350959045,0.057773725004884875,0.05850453644801334,0.05715401640411406
2022-03-22,40.5,41.15,40.45,41.15,41.15,2886,2.153380484826647,2.2156441258277217,2.182675416676632,2.2487292316343,2.2487292316343,0.019826517967781836,0.048541215441457355,0.06120519212584892,0.06772184743124006,0.06983153078202996,0.068553622435731
2022-03-23,41.2,42.45,41.2,42.35,42.35,2886,2.2694328719245265,2.429862235586843,2.307322520171137,2.446853060677948,2.446853060677948,0.034946236559139775,0.0656768998490188,0.08422939068100337,0.09212816710721437,0.09618470777035774,0.09648744282385431
2022-03-24,42.2,42.5,41.85,42.25,42.25,2886,2.4352219963500676,2.438101393654501,2.4153500098663736,2.430342741590977,2.430342741590977,0.021518375241779512,0.052566018933731924,0.07406152021015151,0.08368066688041047,0.08902979688627695,0.09065094867271857
2022-03-25,42.1,42.45,41.5,42.2,42.2,2886,2.4186430839075133,2.429862235586843,2.357181361568938,2.4220875820474923,2.4220875820474923,0.01174778230640139,0.04030568223838297,0.06520824568784188,0.07618744022951876,0.08349594330902749,0.08608930639557325
2022-03-28,41.7,42.5,41.6,42.4,42.4,2886,2.352327434137297,2.438101393654501,2.3738009753682054,2.4551082202214327,2.4551082202214327,0.007844069408129267,0.035282627273837144,0.06176961602671124,0.07471009441733725,0.08384458077709615,0.08787684413085303
2022-03-29,42.3,42.35,42.0,42.0,42.0,2886,2.451800908792621,2.4133839194515256,2.4402794305652744,2.3890669438735506,2.3890669438735506,-0.005681818181818061,0.017072284780239696,0.043651122339103815,0.059469004225263335,0.06924643584521382,0.0743519781718963
2022-03-30,42.2,42.4,41.75,42.25,42.25,2886,2.4352219963500676,2.421623077519184,2.3987303960671063,2.430342741590977,2.430342741590977,0.0007105637138797048,0.016357950445032295,0.04149548069022177,0.06022584692597236,0.07054173212385341,0.07693614851947825
2022-03-31,42.3,43.0,42.15,42.9,42.9,2886,2.451800908792621,2.520492974331086,2.465208851264175,2.5376598156562857,2.5376598156562857,0.01298701298701292,0.024967148488830356,0.04949849139688476,0.07009229234223005,0.08169440242057495,0.0891549951339228
2022-04-01,42.75,43.2,42.55,43.1,43.1,2886,2.526406014784115,2.5534496066017205,2.531687306461244,2.5706804538302275,2.5706804538302275,0.013402304255819428,0.023266856600189855,0.04560892770499764,0.06828603296567115,0.08085063697462143,0.08989758502971316
2022-04-06,43.2,44.05,42.8,44.05,44.05,2886,2.6010111207756093,2.6935152937519136,2.5732363409594123,2.7275284851564474,2.7275284851564474,0.027764815678954682,0.037324855763570024,0.05914883385429174,0.08324111643919808,0.0975731300144515,0.10836198943218985
2022-04-07,44.2,45.4,43.9,44.1,44.1,2886,2.7668002452011504,2.915972561578693,2.7560520927513523,2.735783644699933,2.735783644699933,0.018946395563770802,0.03133769878391011,0.05108445221260024,0.07554417413572352,0.0923953430765421,0.1039719626168223
2022-04-08,44.15,44.45,43.75,44.35,44.35,2886,2.758510788979873,2.7594285582931826,2.731122672052452,2.7770594424173596,2.7770594424173596,0.014874141876430172,0.03235567970204843,0.04895931882686868,0.07255139056831922,0.09182668636139843,0.10401194872007637
2022-04-11,44.4,44.85,44.1,44.65,44.65,2886,2.7999580700862583,2.82534182283445,2.7892913203498875,2.826590399678271,2.826590399678271,0.013620885357548273,0.033564814814814714,0.048450219160926546,0.07151427885769131,0.09216770216721297,0.10542603672374663
2022-04-12,44.6,44.65,44.15,44.45,44.45,2886,2.833115894971367,2.7923851905638157,2.7976011272495205,2.7935697615043305,2.7935697615043305,0.0029332129963899494,0.02360391479562477,0.037258867454884985,0.05845934039766652,0.08045697617890137,0.09437833401723417
2022-04-13,44.5,45.0,44.3,44.95,44.95,2886,2.8165369825288127,2.850059297037425,2.8225305479484213,2.8761213569391835,2.8761213569391835,0.0101123595505617,0.029075091575091645,0.041875917484354604,0.062208306256276956,0.08491021432709037,0.10005302443202688
2022-04-14,45.05,45.1,42.95,43.1,43.1,2886,2.90772100096286,2.8665376131727425,2.598165761658314,2.5706804538302275,2.5706804538302275,-0.027088036117381396,-0.015757022151176015,-0.004005546140810322,0.01310454251630716,0.03451586577696708,0.050578915295551564
2022-04-15,42.9,43.75,42.4,42.85,42.85,2886,2.551274383447946,2.644080345345963,2.5067578857623434,2.529404656112801,2.529404656112801,-0.026136363636363603,-0.02280501710376283,-0.01054495073891602,0.003277920861625092,0.023161413562559664,0.04046944556859583
2022-04-18,42.6,42.65,41.2,41.9,41.9,2886,2.5015376461202843,2.4628188678574765,2.307322520171137,2.3725566247865797,2.3725566247865797,-0.035673187571921845,-0.042285714285714315,-0.03195995379283788,-0.021085216984989275,-0.0029981440060915807,0.014282256112321557
2022-04-19,41.95,42.3,41.35,41.5,41.5,2886,2.3937747152436826,2.4051447613838666,2.3322519408700373,2.3065153484386975,2.3065153484386975,-0.0317312179188054,-0.0479467767836659,-0.04016652532572673,-0.03161824757904571,-0.01584139631948395,0.0017701963308658923
2022-04-20,41.55,42.0,41.0,41.75,41.75,2886,2.327459065473465,2.355709812977916,2.2740832925726018,2.347791146156124,2.347791146156124,-0.011132164850781593,-0.03713099630996309,-0.03341565056335874,-0.027090008738712527,-0.012955695304742583,0.004491138022295139
2022-04-21,41.7,41.7,40.7,41.0,41.0,2886,2.352327434137297,2.3062748645719657,2.2242244511748,2.2239637530038445,2.2239637530038445,-0.019138755980861177,-0.047619047619047554,-0.04931210388004341,-0.044400419531523155,-0.032882011605415984,-0.016432769581384076
2022-04-22,40.7,41.55,40.65,41.55,41.55,2886,2.186538309711756,2.2815573903689894,2.215914644275166,2.3147705079821823,2.3147705079821823,0.00024073182474718368,-0.028524666822539138,-0.035515320334262024,-0.030677709086667396,-0.021800546190790304,-0.006535426795250032
2022-04-25,41.15,41.8,41.0,41.55,41.55,2886,2.2611434157032484,2.3227531807072817,2.2740832925726018,2.3147705079821823,2.3147705079821823,0.0019291053773811983,-0.021431935939708047,-0.033496161898115794,-0.02988559420966615,-0.023180364867406367,-0.009141494435612072
2022-04-26,41.7,42.0,41.35,41.95,41.95,2886,2.352327434137297,2.355709812977916,2.3322519408700373,2.380811784330066,2.380811784330066,0.009384023099133795,-0.006159677801468799,-0.022448345502563256,-0.02026040754364453,-0.015165743262278165,-0.002773375594294781
2022-04-27,41.55,41.95,41.55,41.6,41.6,2886,2.327459065473465,2.3474706549102584,2.365491168468571,2.3230256675256684,2.3230256675256684,0.0016855285335901826,-0.006567164179104443,-0.026900584795321605,-0.027526152767225805,-0.02429871470119135,-0.013516718046004109
2022-04-28,41.5,41.75,40.8,41.0,41.0,2886,2.3191696092521883,2.314514022639624,2.2408440649740666,2.2239637530038445,2.2239637530038445,-0.012761858897182787,-0.01596063842553717,-0.03627673744417448,-0.040430636007255424,-0.038235984048791985,-0.029585798816568046
2022-04-29,41.0,41.8,40.9,41.6,41.6,2886,2.2362750470394177,2.3227531807072817,2.257463678773334,2.3230256675256684,2.3230256675256684,0.0014443909484832729,0.0014443909484834442,-0.017941454202077548,-0.02564703126829853,-0.023474178403755867,-0.017013232514177832
2022-05-03,41.4,41.4,40.8,40.85,40.85,2886,2.302590696809634,2.2568399161660144,2.2408440649740666,2.199198274373389,2.199198274373389,-0.013285024154589304,-0.014118498853626182,-0.029844838505383012,-0.04091095850208353,-0.03981760060172987,-0.03534319899244323
2022-05-04,41.3,41.3,40.6,40.85,40.85,2886,2.2860117843670795,2.240361600030697,2.207604837375533,2.199198274373389,2.199198274373389,-0.008013598834385753,-0.012569494802997416,-0.024283439490445837,-0.03837099811676088,-0.03859731701576843,-0.03564683663833817
2022-05-05,41.1,41.15,39.55,39.85,39.85,2886,2.252853959481972,2.2156441258277217,2.033098892483226,2.034095083503683,2.034095083503683,-0.024001959343619813,-0.03229723166585717,-0.04037566222507615,-0.05725100544121114,-0.059875436444276765,-0.0586984764379355
2022-05-06,38.85,39.5,38.6,39.35,39.35,2886,1.8798284295245038,1.9437519095949922,1.8752125613901873,1.95154348806883,1.95154348806883,-0.028395061728395028,-0.04059490430330365,-0.04667689574416529,-0.06381966335573658,-0.06934392885861584,-0.06918982850384381
2022-05-09,38.55,38.9,38.0,38.0,38.0,2886,1.8300916921968406,1.84488201278309,1.7754948785945834,1.7286541803947268,1.7286541803947268,-0.04474610356963301,-0.06542056074766364,-0.07211460198600048,-0.08905669423468783,-0.09764437689969593,-0.09802990742938514
2022-05-10,37.6,38.45,37.3,38.2,38.2,2886,1.6725920239925771,1.7707295901741644,1.659157581999712,1.7616748185686684,1.7616748185686684,-0.026751592356687826,-0.05269683818970861,-0.061578774975433855,-0.07712749894304513,-0.08882740196546123,-0.09036790094058804
2022-05-11,38.0,38.35,37.9,38.35,38.35,2886,1.7389076737627935,1.7542512740388472,1.7588752647953159,1.786440297199124,1.786440297199124,-0.010322580645161254,-0.0404103590641812,-0.053008478064038064,-0.06662610282932759,-0.08108496669382263,-0.08399681528662419
2022-05-12,37.95,38.0,36.75,37.0,37.0,2886,1.7306182175415168,1.6965771675652377,1.5677497061037424,1.5635509895250208,1.5635509895250208,-0.030906233630172857,-0.06340969497531965,-0.07914385266301625,-0.09068567215532067,-0.10740133166071597,-0.11242603550295875
2022-05-13,37.0,37.2,36.3,36.95,36.95,2886,1.5731185493372521,1.5647506384827023,1.4929614440070391,1.555295829981536,1.555295829981536,-0.01989389920424403,-0.054987212276214795,-0.07416687546980691,-0.0849996904599764,-0.1024146140018462,-0.11003171289791647
2022-05-16,37.05,37.2,36.25,36.9,36.9,2886,1.5814080055585287,1.5647506384827023,1.4846516371074059,1.54704067043805,1.54704067043805,-0.015474919957310708,-0.04478384675122971,-0.06818181818181825,-0.079456155669203,-0.09709308016051686,-0.10740203193033393
2022-05-17,36.75,36.8,36.4,36.45,36.45,2886,1.5316712682308666,1.4988373739414336,1.5095810578063067,1.472744234546683,1.472744234546683,-0.018314031780231423,-0.04556166535742328,-0.07157412124299546,-0.08445839874411296,-0.10088801184015778,-0.1136778115501519
2022-05-18,36.45,37.6,36.45,37.5,37.5,2886,1.4819345309032048,1.63066390302397,1.517890864705941,1.6461025849598738,1.6461025849598738,0.014610389610389588,-0.009377889314489418,-0.03755667721789729,-0.05332912590722619,-0.06860066564005764,-0.08398811220127848
2022-05-19,36.9,36.95,36.5,36.6,36.6,2886,1.5565396368946978,1.52355484814441,1.5262006716055743,1.4975097131771387,1.4975097131771387,-0.007592190889370963,-0.024780175859312543,-0.052549831736992,-0.07000381145978898,-0.08335003005409744,-0.10051609732120921
2022-05-20,36.8,37.3,36.55,37.1,37.1,2886,1.5399607244521434,1.5812289546180185,1.5345104785052073,1.5800613086119917,1.5800613086119917,0.005147656461663444,-0.005495241924674931,-0.033098775084701486,-0.052604698672114286,-0.06520862729288451,-0.08296943231441054
2022-05-23,37.2,37.7,36.65,37.2,37.2,2886,1.606276374222361,1.6471422191592873,1.5511300923044749,1.5965716276989625,1.5965716276989625,0.006221260481471378,-0.0006715916722632257,-0.023023724065481883,-0.04474545804712075,-0.05732096700623368,-0.07504869255314735
2022-05-24,37.3,37.8,37.1,37.2,37.2,2886,1.622855286664914,1.6636205352946032,1.6259183544011782,1.5965716276989625,1.5965716276989625,0.0021551724137930574,0.002020202020202097,-0.016740088105727042,-0.03938024531956114,-0.05280847379946015,-0.06930197648236168
2022-05-25,37.3,37.65,37.0,37.6,37.6,2886,1.622855286664914,1.638903061091628,1.6092987406019106,1.6626129040468447,1.6626129040468447,0.012385568120624687,0.014844804318488645,-0.0004430660168364834,-0.023566837629033277,-0.03880566491129405,-0.053889704340532585
2022-05-26,37.65,37.7,37.25,37.3,37.3,2886,1.6808814802138536,1.6471422191592873,1.6508477751000787,1.613081946785932,1.613081946785932,0.0005364806866951722,0.0059331175836029905,-0.003916681502581681,-0.025918913625383736,-0.04211607601438112,-0.05537734256289062
2022-05-27,37.5,38.05,37.3,37.95,37.95,2886,1.6560131115500227,1.7048163256328956,1.659157581999712,1.720399020851242,1.720399020851242,0.013351134846461948,0.020710059171597718,0.015973585579154143,-0.00498164656528573,-0.022360760471946056,-0.03471957268218242
2022-05-30,38.2,38.5,37.8,38.45,38.45,2886,1.7720654986479023,1.7789687482418224,1.7422556509960483,1.8029506162860949,1.8029506162860949,0.01989389920424403,0.029864738181331243,0.028533214444939902,0.012308299874942438,-0.0063058872176564775,-0.0183396451214842
2022-05-31,38.4,38.75,37.8,38.75,38.75,2886,1.8052233235330097,1.8201645385801148,1.7422556509960483,1.8524815735470062,1.8524815735470062,0.019468560905024856,0.03154532144283249,0.03554249064671314,0.02303478318262808,0.00435436213778444,-0.008021162215206237
2022-06-01,38.7,38.7,38.15,38.2,38.2,2886,1.8549600608606729,1.8119253805124569,1.800424299293484,1.7616748185686684,1.7616748185686684,0.0018358248098610092,0.01501262123023794,0.021117348302592865,0.012054576765134408,-0.006036636136552855,-0.019339380455245515
2022-06-02,37.95,38.15,37.6,37.9,37.9,2886,1.7306182175415168,1.721294641768213,1.7090164233975145,1.712143861307756,1.712143861307756,-0.009150326797385658,0.003574738514497498,0.011475847344542102,0.006706952652898539,-0.010030299864173031,-0.023824855119124383
2022-06-06,37.3,38.0,37.0,37.8,37.8,2886,1.622855286664914,1.6965771675652377,1.6092987406019106,1.695633542220785,1.695633542220785,-0.010989010989011217,-0.0009250693802036129,0.007283709362231305,0.006121905775884931,-0.009330118461054845,-0.023718307434032197
2022-06-07,37.45,37.75,37.35,37.7,37.7,2886,1.6477236553287462,1.6553813772269452,1.6674673888993463,1.6791232231338156,1.6791232231338156,-0.009718938796952913,-0.0048831991553385835,0.003193187865886041,0.0038610038610039444,-0.007894736842105189,-0.02306296968126459
2022-06-08,37.8,37.85,37.55,37.7,37.7,2886,1.7057498488776848,1.6718596933622625,1.7007066164978801,1.6791232231338156,1.6791232231338156,-0.004226096143687179,-0.006194806906550663,0.0009735374811930838,0.004529709565680834,-0.004594180704441028,-0.01980326732244235
2022-06-09,37.5,37.5,37.05,37.15,37.15,2886,1.6560131115500227,1.6141855868886528,1.6176085475015438,1.5883164681554764,1.5883164681554764,-0.013280212483399735,-0.019530219055159725,-0.013018065887353932,-0.008540165465706094,-0.015267984944070416,-0.030068317305600206
2022-06-10,36.8,37.15,36.65,37.1,37.1,2886,1.5399607244521434,1.5565114804150433,1.5511300923044749,1.5800613086119917,1.5800613086119917,-0.010402774073085983,-0.020332717190388067,-0.015218545390196167,-0.01000667111407605,-0.013717566992768987,-0.02756541872351586
2022-06-13,36.3,36.5,35.8,36.5,36.5,2886,1.4570661622393726,1.4494024255354832,1.4098633750107028,1.480999394090168,1.480999394090168,-0.01960784313725482,-0.032471835652750206,-0.03011514614703276,-0.02543221413790803,-0.0267185750093329,-0.03951581071005672
2022-06-14,36.3,37.0,36.2,36.9,36.9,2886,1.4570661622393726,1.531794006212068,1.4763418302077729,1.54704067043805,1.54704067043805,-0.004585918532506115,-0.017833377694969437,-0.018964906061680383,-0.014752019224350897,-0.014896684286400765,-0.02497027348394769
2022-06-15,36.35,36.4,36.0,36.2,36.2,2886,1.4653556184606504,1.432924109400166,1.4431026026092377,1.4314684368292565,1.4314684368292565,-0.015501767745444471,-0.029880745008709683,-0.03586647727272702,-0.03311965811965799,-0.03151586494729513,-0.03953303263465115
2022-06-16,36.5,36.85,36.1,36.15,36.15,2886,1.4902239871244813,1.5070765320090929,1.4597222164085053,1.4232132772857706,1.4232132772857706,-0.011484823625923126,-0.02586903799514958,-0.03471295060080118,-0.03271121814168163,-0.03057119871279165,-0.03685612788632326
2022-06-17,35.85,36.0,35.05,35.3,35.3,2886,1.3824610562478796,1.3670108448588985,1.285216271516198,1.2828755650465202,1.2828755650465202,-0.025131179232256193,-0.04206241519674367,-0.05404198302813772,-0.053809555719359387,-0.05163612917092053,-0.055686834009541324
2022-06-20,35.3,35.8,34.6,34.6,34.6,2886,1.2912770378138312,1.334054212588264,1.2104280094194961,1.1673033314377268,1.1673033314377268,-0.03432877476974594,-0.05283328770873254,-0.06721782890007204,-0.06945471660055141,-0.06808877397112688,-0.0704755081937853
2022-06-21,35.15,36.1,35.0,35.6,35.6,2886,1.2664086691500003,1.3834891609942155,1.276906464616565,1.3324065223074328,1.3324065223074328,0.000843407365757493,-0.019823788546255477,-0.03531749616114157,-0.04049592345529271,-0.03981011975401875,-0.041550749349367394
2022-06-22,35.6,36.0,35.05,35.4,35.4,2886,1.3410137751414943,1.3670108448588985,1.285216271516198,1.299385884133491,1.299385884133491,-0.00028240609997170324,-0.01911886949293427,-0.03489640130861508,-0.043566362715299,-0.04412161797267377,-0.04453441295546555
2022-06-23,36.05,36.35,35.1,35.35,35.35,2886,1.4156188811329873,1.424684951332508,1.2935260784158324,1.2911307245900063,1.2911307245900063,0.002836879432624154,-0.015594541910331446,-0.031241436009865543,-0.042005420054200465,-0.04324997293493556,-0.043301759133964855
2022-06-24,36.25,36.5,35.85,36.15,36.15,2886,1.448776706018096,1.4494024255354832,1.4181731819103371,1.4232132772857706,1.4232132772857706,0.020609824957650954,0.00935362278374985,-0.006140029325513277,-0.018796227183280247,-0.021121039805036587,-0.020900103823409778
2022-06-27,36.6,36.7,36.2,36.2,36.2,2886,1.5068028995670357,1.4823590578061177,1.4763418302077729,1.4314684368292565,1.4314684368292565,0.012870733072188048,0.011597037865027221,-0.0018382352941175425,-0.015099986396408643,-0.01881064671762334,-0.018881561116632
2022-06-28,36.45,36.5,36.2,36.35,36.35,2886,1.4819345309032048,1.4494024255354832,1.4763418302077729,1.4562339154597121,1.4562339154597121,0.012816940651992221,0.017352364959417783,0.004791301944163065,-0.00818553888130961,-0.01383613673358668,-0.014326388575044135
2022-06-29,35.8,36.1,35.55,35.7,35.7,2886,1.374171600026602,1.3834891609942155,1.3683143405125346,1.3489168413944037,1.3489168413944037,-0.006954102920723226,0.0005605381165922151,-0.009525571071857763,-0.02185081169943145,-0.029891304347825935,-0.03129522431259033
2022-06-30,35.5,35.7,35.2,35.3,35.3,2886,1.32443486269894,1.317575896452948,1.3101456922151,1.2828755650465202,1.2828755650465202,-0.017807456872565405,-0.008287680854052584,-0.0172605790645881,-0.028952616738876336,-0.03835676146888965,-0.04023926046764557
2022-07-01,35.3,35.55,35.1,35.25,35.25,2886,1.2912770378138312,1.2928584222499715,1.2935260784158324,1.2746204055030355,1.2746204055030355,-0.014261744966443094,-0.009553245293621702,-0.015271440543812279,-0.026780784097183846,-0.037568940097198834,-0.04042466312780744
2022-07-04,35.5,36.0,35.4,35.75,35.75,2886,1.32443486269894,1.3670108448588985,1.3433849198136338,1.3571720009378885,1.3571720009378885,0.002242781048500092,0.0012603276851981993,9.324878776567422e-05,-0.010175122862878099,-0.02156658820953538,-0.025620059961842592
2022-07-05,36.0,36.2,35.5,35.55,35.55,2886,1.4073294249117108,1.3999674771295327,1.3600045336129014,1.3241513627639467,1.3241513627639467,0.0011264432554207839,-0.004201680672269066,-0.002991492941946409,-0.0127742293807276,-0.02394157377409258,-0.029616486966016316
2022-07-06,35.75,35.8,35.1,35.2,35.2,2886,1.3658821438053252,1.334054212588264,1.2935260784158324,1.2663652459595507,1.2663652459595507,-0.0059305280994069705,-0.01345291479820619,-0.010958134307389731,-0.019088755747526883,-0.029768467475192895,-0.03741853151633943
2022-07-07,35.25,35.4,34.8,35.15,35.15,2886,1.2829875815925547,1.2681409480469963,1.24366723701803,1.2581100864160646,1.2581100864160646,-0.006500847936687506,-0.014301738642737103,-0.010509524256357367,-0.017744865166969347,-0.027877648100005606,-0.036634386990681514
2022-07-08,35.25,35.4,35.0,35.05,35.05,2886,1.2829875815925547,1.2681409480469963,1.276906464616565,1.241599767329094,1.241599767329094,-0.008205998868138064,-0.014064697609001408,-0.012861434472399659,-0.017725775940587326,-0.027577405393408246,-0.03739643887032539
2022-07-11,34.9,34.95,34.3,34.3,34.3,2886,1.224961388043615,1.1939885254380707,1.1605691680216936,1.1177723741768144,1.1177723741768144,-0.02139800285306705,-0.029977375565610923,-0.033439789592335366,-0.03577201489914984,-0.04467468805704117,-0.054836042987048646
2022-07-12,33.9,33.95,33.35,33.45,33.45,2886,1.0591722636180736,1.029205364084901,1.0026828369286551,0.9774346619375653,0.9774346619375653,-0.03407450187698506,-0.04619332763045331,-0.05356974441195881,-0.055084745762711745,-0.0639167179716796,-0.07400572114053701
2022-07-13,34.3,35.25,34.2,34.85,34.85,2886,1.1254879133882898,1.243423473844021,1.1439495542224272,1.2085791291551533,1.2085791291551533,0.008391203703703679,-0.003858796627125854,-0.01293429003021139,-0.01365598245241618,-0.021617069062324426,-0.03176514169290603
2022-07-14,34.8,35.0,34.5,34.55,34.55,2886,1.2083824756010606,1.2022276835057286,1.1938083956202286,1.159048171894241,1.159048171894241,0.0031939605110336655,-0.010312231452306116,-0.019950832072617244,-0.01992766470463109,-0.02719900889739839,-0.036844306091158456
2022-07-15,34.3,34.4,33.9,33.9,33.9,2886,1.1254879133882898,1.1033577866938267,1.0940907128246247,1.0517310978289323,1.0517310978289323,-0.009061677871967327,-0.02516175413371675,-0.0342797455132468,-0.036452781922830926,-0.04204815191590388,-0.05143869794338492
2022-07-18,33.9,34.4,33.7,34.15,34.15,2886,1.0591722636180736,1.1033577866938267,1.0608514852260909,1.0930068955463588,1.0930068955463588,-0.0008777062609711539,-0.013433482594250942,-0.023355576739752238,-0.02872582480091007,-0.03241344137813808,-0.04117922321010768
2022-07-19,34.0,34.35,33.9,34.15,34.15,2886,1.0757511760606278,1.0951186286261687,1.0940907128246247,1.0930068955463588,1.0930068955463588,-0.004953379953380003,-0.009427121102248089,-0.019241815048822563,-0.026718916993231208,-0.02938835834470211,-0.03798300389689665
2022-07-20,34.35,34.75,34.0,34.15,34.15,2886,1.1337773696095677,1.1610318931674364,1.1107103266238922,1.0930068955463588,1.0930068955463588,-0.0008777062609713615,-0.006400931044515533,-0.016322611617858952,-0.024982155603140616,-0.027120961768560145,-0.03476540418315424
2022-07-21,34.0,34.45,33.85,34.45,34.45,2886,1.0757511760606278,1.111596944761486,1.0857809059249917,1.1425378528072712,1.1425378528072712,0.008489461358313792,0.0043731778425657635,-0.006058857472590703,-0.015151515151515181,-0.01666952103670709,-0.023802776990648804
2022-07-22,34.5,35.0,34.1,34.9,34.9,2886,1.1586457382733986,1.2022276835057286,1.1273299404231598,1.216834288698638,1.216834288698638,0.015715948777648404,0.017937873705702052,0.007602733134443329,-0.000501181356053506,-0.0033696955851277087,-0.008991954566966493
2022-07-25,34.7,34.75,34.35,34.45,34.45,2886,1.1918035631585073,1.1610318931674364,1.168878974921328,1.1425378528072712,1.1425378528072712,0.0008715862870424502,0.0043731778425657635,-0.002894356005788548,-0.010910134941142563,-0.016051639437906936,-0.01986817772298347
2022-07-26,34.4,34.8,34.25,34.6,34.6,2886,1.1420668258308442,1.1692710512350943,1.1522593611220604,1.1673033314377268,1.1673033314377268,0.0026079397276150764,0.005375562981258031,0.003286294219988503,-0.004101604662876831,-0.010637081093446183,-0.013448652758637
2022-07-27,34.65,35.2,34.55,35.15,35.15,2886,1.1835141069372295,1.2351843157763631,1.2021182025198618,1.2581100864160646,1.2581100864160646,0.012676462114664297,0.0204674118159384,0.019333011116481322,0.012530606366124221,0.005377266746753483,0.0032347064979546245
2022-07-28,35.25,35.7,35.15,35.6,35.6,2886,1.2829875815925547,1.317575896452948,1.3018358853154657,1.3324065223074328,1.3324065223074328,0.01888952489982818,0.030390738060781602,0.03148541626424589,0.025050388712928227,0.017957222921194102,0.01661034696111572
2022-07-29,35.8,35.9,35.15,35.4,35.4,2886,1.374171600026602,1.3505325287235812,1.3018358853154657,1.299385884133491,1.299385884133491,0.010273972602739505,0.020172910662824083,0.02499758710549164,0.019071608492263446,0.013107435178295416,0.01080283633940885
2022-08-01,35.4,35.6,35.2,35.55,35.55,2886,1.3078559502563856,1.3010975803176308,1.3101456922151,1.3241513627639467,1.3241513627639467,0.008224617129892205,0.020378874856486616,0.026863084922010394,0.02368439997120432,0.018157864589300046,0.01416888550779773
2022-08-02,35.3,35.7,35.0,35.7,35.7,2886,1.2912770378138312,1.317575896452948,1.276906464616565,1.3489168413944037,1.3489168413944037,0.006200676437429505,0.020145735105015158,0.026747195858498694,0.027781776306319374,0.02321582115219267,0.018351240848150745
2022-08-03,35.75,35.75,35.4,35.6,35.6,2886,1.3658821438053252,1.325815054520606,1.3433849198136338,1.3324065223074328,1.3324065223074328,0.0008434073657576929,0.013090495162208334,0.022400919012062065,0.024313048482232737,0.020466662844694315,0.015305637418005781
2022-08-04,35.6,35.9,35.45,35.65,35.65,2886,1.3410137751414943,1.3505325287235812,1.3516947267132682,1.3406616818509176,1.3406616818509176,0.001967397414277692,0.011060692002268674,0.021685135651509393,0.02501437607820579,0.021489971346704873,0.016441741113856514
2022-08-05,36.1,36.1,35.8,35.85,35.85,2886,1.4239083373542651,1.3834891609942155,1.4098633750107028,1.3736823200248593,1.3736823200248593,0.005046257359125307,0.014000848536274852,0.023603312077662548,0.029580700746697334,0.02651471767266069,0.02243559273695245
2022-08-08,35.85,36.0,35.6,36.0,36.0,2886,1.3824610562478796,1.3670108448588985,1.376624147412169,1.398447798655315,1.398447798655315,0.00671140939597301,0.013798929878907204,0.02427921092564487,0.031370863773098376,0.03051468483425896,0.026908814300656135
2022-08-09,36.05,37.15,36.05,36.9,36.9,2886,1.4156188811329873,1.5565114804150433,1.451412409508871,1.54704067043805,1.54704067043805,0.02499999999999996,0.032456631225517736,0.044438154542881206,0.05195638229634375,0.05464730764833654,0.052031361368495954
2022-08-10,36.9,37.35,36.75,37.2,37.2,2886,1.5565396368946978,1.5894681126856776,1.5677497061037424,1.5965716276989625,1.5965716276989625,0.024229074889867912,0.0349144526359717,0.04690431519699826,0.056968319363545815,0.06079616744610486,0.05907473309608549
2022-08-11,35.9,36.05,35.4,35.8,35.8,2886,1.3907505124691564,1.3752500029265564,1.3433849198136338,1.3654271604813732,1.3654271604813732,-0.015130674002751148,-0.004587793688308054,0.00495929634134918,0.015386797135361181,0.020117398985581465,0.01873369694095323
2022-08-12,36.0,36.0,35.6,35.7,35.7,2886,1.4073294249117108,1.3670108448588985,1.376624147412169,1.3489168413944037,1.3489168413944037,-0.017070484581497725,-0.008195582719822047,0.0006540222367562516,0.009972416719711412,0.016514806378132272,0.015454631648810179
2022-08-15,35.7,35.75,35.45,35.6,35.6,2886,1.3575926875840487,1.325815054520606,1.3516947267132682,1.3324065223074328,1.3324065223074328,-0.0176600441501102,-0.011111111111111072,-0.004288644415438996,0.00508187464709203,0.012168770612987729,0.01275425536958905
2022-08-16,35.6,35.95,35.6,35.8,35.8,2886,1.3410137751414943,1.3587716867912403,1.376624147412169,1.3654271604813732,1.3654271604813732,-0.006107717934480813,-0.00583171341294107,-0.0009302325581396802,0.008379691571015908,0.015142063176997645,0.018202502844141086
2022-08-17,35.7,35.8,35.55,35.75,35.75,2886,1.3575926875840487,1.334054212588264,1.3683143405125346,1.3571720009378885,1.3571720009378885,0.0005597537083682065,-0.007633587786259503,-0.0034380226723657735,0.004707370196023439,0.012690499121862795,0.016250532998531464
2022-08-18,35.8,36.05,35.6,36.05,36.05,2886,1.374171600026602,1.3752500029265564,1.376624147412169,1.4067029581987998,1.4067029581987998,0.0075461151481275345,-0.0004159157077499118,0.004085043171479017,0.010865755345250493,0.019455913127085438,0.023905325443786832
2022-08-19,35.85,36.0,35.65,35.8,35.8,2886,1.3824610562478796,1.3670108448588985,1.384933954311802,1.3654271604813732,1.3654271604813732,0.0,-0.0072102052135329464,-0.0036181463957696233,0.002590492193516601,0.010215023421186352,0.016083254493850414
2022-08-22,35.55,35.95,35.35,35.8,35.8,2886,1.3327243189202165,1.3587716867912403,1.3350751129140008,1.3654271604813732,1.3654271604813732,-0.0011160714285714049,-0.006659267480577192,-0.004080118694362259,0.0006988120195666968,0.00833708877872914,0.014643363249881882
2022-08-23,35.65,35.65,35.2,35.2,35.2,2886,1.3493032313627709,1.3093367383852887,1.3101456922151,1.2663652459595507,1.2663652459595507,-0.014557670772676262,-0.01867856147198201,-0.01986263226285496,-0.01689708141321036,-0.009733865976481081,-0.004008488564017893
2022-08-24,35.3,35.35,35.1,35.1,35.1,2886,1.2912770378138312,1.2599017899793383,1.2935260784158324,1.2498549268725798,1.2498549268725798,-0.013767912334925398,-0.015703869882221038,-0.021739130434782445,-0.019621534809021537,-0.01360161870503602,-0.007072135785007072
2022-08-25,35.15,35.6,35.1,35.55,35.55,2886,1.2664086691500003,1.3010975803176308,1.2935260784158324,1.3241513627639467,1.3241513627639467,0.0016906170752325241,-0.002385295355689854,-0.00901319457349947,-0.006983240223463688,-0.0021892893230044614,0.00471031559114454
2022-08-26,35.75,35.95,35.6,35.85,35.85,2886,1.3658821438053252,1.3587716867912403,1.376624147412169,1.3736823200248593,1.3736823200248593,0.009859154929577505,0.005610098176718172,-0.0006504367217989248,0.0007676739479376453,0.005158974934111047,0.011331045183130294
2022-08-29,35.1,35.7,35.1,35.5,35.5,2886,1.2581192129287235,1.317575896452948,1.2935260784158324,1.315896203220462,1.315896203220462,0.0016930022573364075,-0.0039281705948372775,-0.009486607142857238,-0.008933556672250344,-0.005825025204435936,0.0001878287002254238
2022-08-30,35.3,35.8,35.2,35.45,35.45,2886,1.2912770378138312,1.334054212588264,1.3101456922151,1.3076410436769772,1.3076410436769772,-0.0011270780501547492,-0.0043533211627578726,-0.008206658584351286,-0.009983941911610545,-0.00816966034357343,-0.002438795610167883
2022-08-31,35.45,35.9,35.3,35.9,35.9,2886,1.3161454064776634,1.3505325287235812,1.3267653060143665,1.3819374795683441,1.3819374795683441,0.007012622720897616,0.007860752386299864,0.006824343273815059,0.0021634447623700348,0.003578217600357825,0.008568619188088208
2022-09-01,35.3,35.4,35.05,35.15,35.15,2886,1.2912770378138312,1.2681409480469963,1.285216271516198,1.2581100864160646,1.2581100864160646,-0.011807703120607301,-0.010695187165775276,-0.01301010857356809,-0.018087855297157646,-0.016893214745203312,-0.013148659398249976
2022-09-02,35.2,35.3,35.0,35.0,35.0,2886,1.274698125371278,1.2516626319116793,1.276906464616565,1.233344607785609,1.233344607785609,-0.011299435028248548,-0.012693935119887244,-0.015932521087160353,-0.021115927842259893,-0.020650288208629457,-0.01745192532634641
2022-09-05,35.15,35.3,34.85,35.3,35.3,2886,1.2664086691500003,1.2516626319116793,1.2519770439176643,1.2828755650465202,1.2828755650465202,-0.0016968325791855846,-0.002824858757062187,-0.00693923480870226,-0.011758118701007887,-0.011979399910434516,-0.009817671809256702
2022-09-06,35.5,35.5,35.2,35.35,35.35,2886,1.32443486269894,1.2846192641823135,1.3101456922151,1.2911307245900063,1.2911307245900063,0.00028296547821160187,-0.0018353804884937122,-0.004692632566869947,-0.008206495055060584,-0.010192081536652216,-0.009110021023125319
2022-09-07,35.0,35.2,34.85,34.95,34.95,2886,1.2415403004861694,1.2351843157763631,1.2519770439176643,1.2250894482421242,1.2250894482421242,-0.005689900426742411,-0.01271186440677954,-0.014475044647053154,-0.01632423304249905,-0.020679219905850692,-0.02013924582963394
2022-09-08,35.0,35.1,34.85,35.0,35.0,2886,1.2415403004861694,1.2187059996410459,1.2519770439176643,1.233344607785609,1.233344607785609,-0.0034168564920272625,-0.009760927995473161,-0.011113203993218993,-0.01380670611439828,-0.018563176490381892,-0.01818691850951424
2022-09-12,35.2,35.55,35.1,35.55,35.55,2886,1.274698125371278,1.2928584222499715,1.2935260784158324,1.3241513627639467,1.3241513627639467,0.009083167754754276,0.006654396148944989,0.004899651370960106,0.0019023462270131883,-0.002805049088359086,-0.002898279730740419
2022-09-13,35.55,35.6,34.95,35.05,35.05,2886,1.3327243189202165,1.3010975803176308,1.2685966577169319,1.241599767329094,1.241599767329094,-0.003695281409892057,-0.0062375956903884,-0.007831666352142032,-0.01142293047525035,-0.015781197349208263,-0.016462445047236172
2022-09-14,34.7,34.95,34.55,34.75,34.75,2886,1.1918035631585073,1.1939885254380707,1.2021182025198618,1.1920688100681824,1.1920688100681824,-0.008841985168282806,-0.012784090909090988,-0.01548777032769856,-0.01843090177247359,-0.02184315712435952,-0.024013481252633168
2022-09-15,34.7,34.75,34.45,34.55,34.55,2886,1.1918035631585073,1.1610318931674364,1.1854985887205955,1.159048171894241,1.159048171894241,-0.012292738707833241,-0.014687009838870686,-0.020136131593874104,-0.022423427884275222,-0.024562394127611645,-0.028675850435760753
2022-09-16,34.4,34.75,34.3,34.5,34.5,2886,1.1420668258308442,1.1610318931674364,1.1605691680216936,1.1507930123507562,1.1507930123507562,-0.010894495412844108,-0.014285714285714285,-0.019607843137255037,-0.02169289663972779,-0.02454195883284311,-0.029035132979970908
2022-09-19,34.7,34.85,34.35,34.45,34.45,2886,1.1918035631585073,1.1775102093027534,1.168878974921328,1.1425378528072712,1.1425378528072712,-0.006058857472590703,-0.014165116611818499,-0.018425301548105278,-0.021237303785780103,-0.0245767030975707,-0.02916725376919835
2022-09-20,34.65,34.7,34.45,34.45,34.45,2886,1.1835141069372295,1.1527927350997782,1.1854985887205955,1.1425378528072712,1.1425378528072712,-0.0026056745801969713,-0.011761331038439375,-0.01646364674533672,-0.01935667520637631,-0.02330460421864356,-0.027751646284101428
2022-09-21,34.45,34.55,34.2,34.25,34.25,2886,1.150356282052122,1.1280752608968019,1.1439495542224272,1.1095172146333296,1.1095172146333296,-0.005516840882694681,-0.014388489208633094,-0.01993513925982446,-0.023729779804745846,-0.027264981539335438,-0.03098033668128445
2022-09-22,34.1,34.2,33.6,33.65,33.65,2886,1.0923300885031821,1.0704011544231935,1.0442318714268233,1.0104553001115057,1.0104553001115057,-0.017805020431990847,-0.028018486424032322,-0.03295334802184122,-0.03884604398743234,-0.04202015600979349,-0.04475775927327786
2022-09-23,33.8,34.05,33.7,33.9,33.9,2886,1.0425933511755192,1.0456836802202172,1.0608514852260909,1.0517310978289323,1.0517310978289323,-0.007029876977152958,-0.017676035931614008,-0.023429998079508532,-0.029418080309211836,-0.032534246575342485,-0.035927576073561535
2022-09-26,33.7,33.7,33.2,33.35,33.35,2886,1.026014438732966,0.9880095737466087,0.9777534162297545,0.9609243428505945,0.9609243428505945,-0.016804245283018875,-0.027413240011665143,-0.036220017339369914,-0.041735507506644454,-0.045561215728922175,-0.04945133247826705
2022-09-27,33.3,33.5,32.45,32.45,32.45,2886,0.9596987889627484,0.9550529414759743,0.85310631273525,0.8123314710678594,0.8123314710678594,-0.031921241050119134,-0.0464296209227152,-0.05705153041456793,-0.06349206349206338,-0.06774304757526997,-0.07232704402515726
2022-09-28,32.2,32.45,31.5,31.95,31.95,2886,0.7773307520946539,0.7820306220551466,0.6952199816422103,0.7297798756330058,0.7297798756330058,-0.033575317604355594,-0.05333333333333336,-0.06542511700468004,-0.07324147933284995,-0.07866658976872959,-0.08325761560900963
2022-09-29,31.95,32.2,31.3,31.8,31.8,2886,0.7358834709882679,0.7408348317168542,0.6619807540436758,0.7050143970025502,0.7050143970025502,-0.027225451208320497,-0.05003734129947724,-0.06406357304032177,-0.07207470090458133,-0.07948821860707458,-0.08410138248847922
2022-09-30,31.55,31.6,31.05,31.15,31.15,2886,0.6695678212180516,0.6419649349049522,0.6204317195455077,0.597697322937241,0.597697322937241,-0.0308027380211575,-0.060048280024140074,-0.07621589561091341,-0.08570589961843268,-0.09368635437881871,-0.09858203916272788
2022-10-03,30.85,30.95,30.55,30.65,30.65,2886,0.5535154341201727,0.5348558800253915,0.5373336505491713,0.515145727502388,0.515145727502388,-0.030063291139240594,-0.0644078144078146,-0.08215212617288878,-0.09460158038549592,-0.10280428546338038,-0.10862294605205758
2022-10-04,30.75,30.95,30.55,30.7,30.7,2886,0.5369365216776183,0.5348558800253915,0.5373336505491713,0.5234008870458734,0.5234008870458734,-0.017600000000000022,-0.05203026092326691,-0.07260094653106432,-0.08692096066622063,-0.09626140712393287,-0.10273271956744129
2022-10-05,30.85,31.25,30.85,30.85,30.85,2886,0.5535154341201727,0.5842908284313425,0.5871924919469732,0.5481663656763296,0.5481663656763296,-0.005800837898807597,-0.03729130909658294,-0.06069217497208969,-0.07627816453327323,-0.08689989936660154,-0.09451130026416199
2022-10-06,31.0,31.35,30.7,31.35,31.35,2886,0.5783838027840037,0.6007691445666598,0.562263071248072,0.6307179611111826,0.6307179611111826,0.013251454427925137,-0.0146157472890145,-0.03922770456635002,-0.0562203657710544,-0.0670753481728365,-0.07644719399027836
2022-10-07,31.2,31.25,30.85,31.0,31.0,2886,0.6115416276691118,0.5842908284313425,0.5871924919469732,0.5729318443067853,0.5729318443067853,0.002911679068262809,-0.01665344964314032,-0.04311143121720346,-0.06110396002120083,-0.07291105927388009,-0.08265930163740372
2022-10-11,30.3,30.35,30.05,30.05,30.05,2886,0.4623314156861248,0.4359859832134901,0.4542355815528349,0.4160838129805648,0.4160838129805648,-0.024033777200389687,-0.03670460009616924,-0.06396012875090845,-0.08223257234481175,-0.09596871239470521,-0.10565476190476192
2022-10-12,30.05,30.4,29.9,30.25,30.25,2886,0.42088413457973944,0.4442251412811481,0.42930616085393364,0.44910445115450587,0.44910445115450587,-0.014657980456026036,-0.023405972558514978,-0.04943961453859843,-0.06930236135681885,-0.08438767479871674,-0.09498878085265512
2022-10-13,30.25,30.25,29.5,29.75,29.75,2886,0.45404195946484766,0.4195076670781729,0.36282770565686473,0.3665528557196529,0.3665528557196529,-0.023950131233595816,-0.03267761339619582,-0.05625462620281263,-0.0775908844275639,-0.09337477905771926,-0.10485933503836316
2022-10-14,29.8,30.05,29.4,29.4,29.4,2886,0.3794368534733541,0.3865510348075391,0.3462080918575972,0.3087667389152556,0.3087667389152556,-0.022931206380857355,-0.03653940684909079,-0.058898847631242104,-0.08110642287857475,-0.09793814432989692,-0.10958558376659448
2022-10-17,29.3,29.35,29.0,29.25,29.25,2886,0.2965422912605834,0.27120282186032046,0.27972963666052836,0.28400126028479994,0.28400126028479994,-0.01647612642905173,-0.0354492992580379,-0.05431619786614947,-0.07823209643110392,-0.09616216550274999,-0.10882039303305739
2022-10-18,29.5,29.7,29.2,29.7,29.7,2886,0.32970011614569156,0.32887692833392945,0.3129688642590628,0.35829769617616747,0.35829769617616747,0.0010111223458038807,-0.017532252729077113,-0.03215294373234852,-0.056993173519606234,-0.07557270916334664,-0.09021289630877614
2022-10-19,29.7,29.75,29.0,29.0,29.0,2886,0.36285794103079977,0.3371160864015881,0.27972963666052836,0.24272546256737343,0.24272546256737343,-0.014276002719238552,-0.03526280771789761,-0.04782751450147752,-0.07118264072383687,-0.09050994166718934,-0.10590411592415587
2022-10-20,28.5,29.3,28.4,29.2,29.2,2886,0.1639109917201502,0.26296366379266184,0.18001195386492447,0.2757461007413145,0.2757461007413145,-0.003752985329239269,-0.02324803478842617,-0.03545474565073775,-0.057152082660639314,-0.07781707933299642,-0.09401179025752399
2022-10-21,29.45,29.75,29.25,29.7,29.7,2886,0.3214106599244144,0.3371160864015881,0.32127867115869657,0.35829769617616747,0.35829769617616747,0.01123595505617984,-0.0010090817356206234,-0.014380530973451336,-0.03485254691689013,-0.056244041944709236,-0.0734674777725784
2022-10-24,29.9,29.95,29.5,29.6,29.6,2886,0.3960157659159079,0.3700727186722219,0.36282770565686473,0.3417873770891972,0.3417873770891972,0.005434782608695778,0.00033795201081439705,-0.014319014319014193,-0.03133436963102335,-0.05352689134744514,-0.0713725490196078
2022-10-25,29.95,30.05,29.4,29.95,29.95,2886,0.4043052221371851,0.3865510348075391,0.3462080918575972,0.399573493893594,0.399573493893594,0.015598507968803015,0.012508451656524592,-0.0011117287381879374,-0.014397367338543809,-0.03679166398662116,-0.05485720296639142
2022-10-26,30.0,30.5,29.85,30.15,30.15,2886,0.4125946783584623,0.4607034574164653,0.42099635395430046,0.432594132067535,0.432594132067535,0.014468371467025563,0.019614474129184926,0.006789848619768471,-0.004046576926253158,-0.02496604359355816,-0.0436161776367962
2022-10-27,30.3,30.45,29.7,29.7,29.7,2886,0.4623314156861248,0.4524642993488067,0.3960669332553992,0.35829769617616747,0.35829769617616747,-0.004024144869215325,0.004566210045661912,-0.005691329092735242,-0.015251989389920569,-0.033832140533506805,-0.05283299670458179
2022-10-28,29.85,30.05,29.6,29.8,29.8,2886,0.3877263096946313,0.3865510348075391,0.37944731945613225,0.3748080152631383,0.3748080152631383,-0.0013404825737263941,0.006586725215335378,0.001119820828667469,-0.008649367930804874,-0.025698031779245335,-0.04482077034029596
2022-10-31,30.0,30.3,29.9,29.9,29.9,2886,0.4125946783584623,0.4277468251458315,0.42930616085393364,0.39131833435010854,0.39131833435010854,0.0,0.007751937984496139,0.006960035922765944,-0.0032502708559045456,-0.017287845921251557,-0.036881945562892676
2022-11-01,29.95,30.0,29.6,29.75,29.75,2886,0.4043052221371851,0.3783118767398805,0.37944731945613225,0.3665528557196529,0.3665528557196529,-0.0036838580040188538,0.002527379949452377,0.0025836890586384328,-0.006760704448710359,-0.017568192325473766,-0.0368531808126045
2022-11-02,29.6,29.65,29.3,29.35,29.35,2886,0.34627902858824594,0.3206377702662709,0.3295884780583303,0.30051157937177075,0.30051157937177075,-0.011784511784511714,-0.012117132278693904,-0.008892390814948171,-0.017901957503764318,-0.026792227601299814,-0.044544517389181124
2022-11-03,29.35,29.4,29.05,29.1,29.1,2886,0.3048317474818606,0.2794419799279785,0.28803944356016215,0.25923578165434424,0.25923578165434424,-0.01622718052738338,-0.02020202020202013,-0.015894487656408482,-0.02340800402718354,-0.03142058314472093,-0.04735923177651676
2022-11-04,28.95,29.55,28.8,29.55,29.55,2886,0.2385160977116437,0.30415945413095424,0.24649040906199393,0.33353221754571183,0.33353221754571183,0.0006772773450727928,-0.004547751389590755,-0.001014198782961379,-0.005301691492047424,-0.013487347265807569,-0.02828017099638275
2022-11-07,29.8,30.2,29.6,30.2,30.2,2886,0.3794368534733541,0.4112685090105143,0.37944731945613225,0.44084929161102043,0.44084929161102043,0.02061507265968243,0.0152966885190789,0.018778814798155914,0.017948934018707303,0.00949324776039562,-0.0028615452344266856
2022-11-08,30.4,30.4,30.0,30.4,30.4,2886,0.4789103281286786,0.4442251412811481,0.44592577465320116,0.4738699297849615,0.4738699297849615,0.02288021534320322,0.0204766700234978,0.023913775682047857,0.024086238841165692,0.016518424396442178,0.0070115386738806166
2022-11-09,30.4,30.65,30.25,30.5,30.5,2886,0.4789103281286786,0.4854209316194405,0.4874748091513693,0.4903802488719323,0.4903802488719323,0.01836393989983308,0.02263202011735124,0.02383350117489093,0.027022476639447835,0.020135126095390886,0.012504149607170589
2022-11-10,30.4,30.4,29.95,30.0,30.0,2886,0.4789103281286786,0.4442251412811481,0.43761596775356737,0.40782865343707936,0.40782865343707936,-0.004314636574842434,0.004856807904873661,0.005249636993186748,0.009761023224503626,0.004553978033752988,-0.0019406709176601133
2022-11-11,30.6,31.15,30.35,30.85,30.85,2886,0.5120681530137874,0.5678125122960254,0.5040944229506369,0.5481663656763296,0.5481663656763296,0.015136558078315382,0.029706275033377857,0.03108288770053475,0.03584319650801654,0.033708618147701506,0.02742007104795752
2022-11-14,30.85,31.4,30.7,31.3,31.3,2886,0.5535154341201727,0.6090083026343177,0.562263071248072,0.6224628015676972,0.6224628015676972,0.022541653054557256,0.03986710963455147,0.04217536071032183,0.047348167977246204,0.048365487674169434,0.042233198290693316
2022-11-15,31.1,31.35,30.85,31.15,31.15,2886,0.5949627152265581,0.6007691445666598,0.5871924919469732,0.597697322937241,0.597697322937241,0.012678803641092347,0.030092592592592598,0.0344255036528669,0.039806392389217904,0.04180602006688963,0.03666315380775405
2022-11-16,31.1,31.4,30.7,30.85,30.85,2886,0.5949627152265581,0.6090083026343177,0.562263071248072,0.5481663656763296,0.5481663656763296,0.0006487187804086789,0.015136558078315144,0.022877984084880558,0.026622296173044947,0.030945060820745954,0.026508429458740143
2022-11-17,30.85,30.95,30.55,30.85,30.85,2886,0.5535154341201727,0.5348558800253915,0.5373336505491713,0.5481663656763296,0.5481663656763296,-0.004838709677419309,0.00932439064289232,0.020284422886120722,0.023811499211814524,0.029431393486385404,0.02650842945874002
2022-11-18,30.7,30.85,30.0,30.2,30.2,2886,0.5286470654563411,0.5183775638900749,0.44592577465320116,0.44084929161102043,0.44084929161102043,-0.02170391966310328,-0.014038524322559687,-0.0020927414913537654,0.0014092680096161958,0.006666666666666643,0.006163584874229509
2022-11-21,30.2,30.55,30.05,30.55,30.55,2886,0.44575250324357046,0.4689426154841239,0.4542355815528349,0.49863540841541776,0.49863540841541776,-0.005533854166666607,-0.0037502038154247005,0.00802903651561821,0.011421950008276737,0.016571276454146064,0.018333333333333358
2022-11-22,30.7,30.9,30.4,30.9,30.9,2886,0.5286470654563411,0.5266167219577329,0.51240422985027,0.5564215252198145,0.5564215252198145,0.007499184871209665,0.006023115741494226,0.01700493691716947,0.02140318981902325,0.0265780730897009,0.029028140089915184
2022-11-23,30.95,31.35,30.9,31.1,31.1,2886,0.5700943465627265,0.6007691445666598,0.5955022988466064,0.5894421633937561,0.5894421633937561,0.012369791666666751,0.01056051990251837,0.01967213114754103,0.026402640264026424,0.030347203816591582,0.03471221026949107
2022-11-24,31.35,31.65,31.15,31.65,31.65,2886,0.6364099963329434,0.6502040929726102,0.6370513333447746,0.6802489183720939,0.6802489183720939,0.02493523316062163,0.022947640594699212,0.0319530485816758,0.04120404638539358,0.045175351694075515,0.05079681274900403
2022-11-25,31.45,31.65,31.2,31.35,31.35,2886,0.6529889087754972,0.6502040929726102,0.6453611402444084,0.6307179611111826,0.6307179611111826,0.007714561234329747,0.011616650532429914,0.018187723286781497,0.028712059064807217,0.033017002767892406,0.038595328805698284
2022-11-28,30.9,31.15,30.65,30.95,30.95,2886,0.5618048903414493,0.5678125122960254,0.5539532643484382,0.5646766847632999,0.5646766847632999,-0.007694773966014699,-0.0001615247940559702,0.0035667963683527703,0.013839980345589906,0.018025129925662846,0.023422430421603708
2022-11-29,31.25,31.5,31.0,31.5,31.5,2886,0.619831083890389,0.625486618769635,0.6121219126458739,0.6554834397416383,0.6554834397416383,0.006068348770360834,0.01645692158760884,0.01897778736251873,0.02890739833414986,0.034007352941176634,0.039546779605082134
2022-11-30,31.5,32.0,31.35,32.0,32.0,2886,0.6612783649967744,0.7078781994462198,0.6702905609433096,0.7380350351764913,0.7380350351764913,0.016195617656398906,0.02877350908214112,0.03181427343078239,0.04073501910724441,0.04787477896391393,0.05257387204648866
2022-12-01,32.15,32.15,31.45,31.55,31.55,2886,0.769041295873376,0.732595673649195,0.6869101747425765,0.6637385992851237,0.6637385992851237,0.0025421035907213806,0.012028869286287089,0.013926084627745052,0.022027858762552747,0.030641578465961022,0.03510498687664043
2022-12-02,31.35,31.45,31.05,31.1,31.1,2886,0.6364099963329434,0.6172474607019763,0.6204317195455077,0.5894421633937561,0.5894421633937561,-0.01018459579885413,-0.005277466815928214,-0.0010706638115631083,0.004927700137329343,0.014218627706757107,0.018781393317318335
2022-12-05,31.1,31.3,31.05,31.05,31.05,2886,0.5949627152265581,0.5925299864990011,0.6204317195455077,0.5811870038502707,0.5811870038502707,-0.012404580152671886,-0.008462398211719754,-0.0021424745581146145,0.0019361084220717096,0.011071312276131548,0.015535568274734306
2022-12-06,31.0,31.25,30.8,30.95,30.95,2886,0.5783838027840037,0.5842908284313425,0.5788826850473395,0.5646766847632999,0.5646766847632999,-0.012128949888286068,-0.011813537675606672,-0.004929803879541399,-0.00217619085999847,0.006242278431627434,0.011162537435338906
2022-12-07,30.9,31.25,30.85,30.95,30.95,2886,0.5618048903414493,0.5842908284313425,0.5871924919469732,0.5646766847632999,0.5646766847632999,-0.005462724935732816,-0.011340041526912648,-0.0051430408228865365,-0.002899484536082584,0.004152877814548054,0.010282356781459041
2022-12-08,31.05,31.15,30.65,31.1,31.1,2886,0.5866732590052809,0.5678125122960254,0.5539532643484382,0.5894421633937561,0.5894421633937561,0.002255881405091856,-0.0047999999999999545,-0.0008567144998929304,0.00016079755587723293,0.006407352274933674,0.013634635232766687
2022-12-09,31.1,31.2,30.9,31.15,31.15,2886,0.5949627152265581,0.576051670363684,0.5955022988466064,0.597697322937241,0.597697322937241,0.0035438144329896725,-0.0025616394492475776,-0.0012824623276690974,0.0012857602057214912,0.005942000904217563,0.01377739205901481
2022-12-12,31.05,31.15,30.8,31.15,31.15,2886,0.5866732590052809,0.5678125122960254,0.5788826850473395,0.597697322937241,0.597697322937241,0.002897617514488198,-0.0032000000000000457,-0.002561639449247691,0.0015272084237600153,0.004709069797445402,0.012404528465413492
2022-12-13,31.0,31.3,30.65,30.8,30.8,2886,0.5783838027840037,0.5925299864990011,0.5539532643484382,0.5399112061328443,0.5399112061328443,-0.0074121817595875095,-0.012187299550994082,-0.01355823636169527,-0.009168409200578948,-0.007092198581560247,-0.00010821339681854305
2022-12-14,30.9,31.3,30.85,31.2,31.2,2886,0.5618048903414493,0.5925299864990011,0.5871924919469732,0.6059524824807264,0.6059524824807264,0.0038610038610037783,0.0032154340836012176,-0.0009606147934679694,0.0031347962382444043,0.004895645452203073,0.010853717803337024
2022-12-15,31.2,31.3,30.9,31.15,31.15,2886,0.6115416276691118,0.5925299864990011,0.5955022988466064,0.597697322937241,0.597697322937241,0.0019298809906723152,0.002897617514487968,-0.0014958863126402454,0.0010444283763155415,0.0018009905447996701,0.0070043103448275326
2022-12-16,30.7,31.05,30.7,30.8,30.8,2886,0.5286470654563411,0.5513341961607088,0.562263071248072,0.5399112061328443,0.5399112061328443,-0.007092198581560247,-0.0074121817595875095,-0.01155327342747121,-0.01115659362709677,-0.009391483339765907,-0.005649717514124316
2022-12-19,30.5,30.75,30.5,30.65,30.65,2886,0.495489240571233,0.5018992477547577,0.5290238436495375,0.515145727502388,0.515145727502388,-0.008732212160413958,-0.010971281058405934,-0.01573538856775846,-0.016130326619051595,-0.013390845297109393,-0.010971281058406047
2022-12-20,30.5,30.7,30.3,30.65,30.65,2886,0.495489240571233,0.4936600896870991,0.4957846160510031,0.515145727502388,0.515145727502388,-0.007769504694075703,-0.0100129198966409,-0.01394101876675604,-0.015735388567758687,-0.012755266378921626,-0.01123716328834893
2022-12-21,30.4,30.6,30.4,30.5,30.5,2886,0.4789103281286786,0.4771817735517825,0.51240422985027,0.4903802488719323,0.4903802488719323,-0.008130081300813009,-0.013423904253598663,-0.015599784830554091,-0.019607843137254995,-0.017143593709718886,-0.0160761331254369
2022-12-22,30.55,30.85,30.5,30.85,30.85,2886,0.5037786967925102,0.5183775638900749,0.5290238436495375,0.5481663656763296,0.5481663656763296,0.0052134245682633985,-0.001294917449012483,-0.0028014222605322486,-0.007080785323463225,-0.005864913637535289,-0.005694026643747288
2022-12-23,30.45,30.55,30.3,30.55,30.55,2886,0.4871997843499558,0.4689426154841239,0.4957846160510031,0.49863540841541776,0.49863540841541776,-0.0029373368146212897,-0.009082062925721735,-0.01132686084142388,-0.01546890106348696,-0.01597629324228571,-0.015045674368618969
2022-12-26,30.55,30.7,30.4,30.7,30.7,2886,0.5037786967925102,0.4936600896870991,0.51240422985027,0.5234008870458734,0.5234008870458734,0.0016313213703099743,-0.00276108494396613,-0.005721688437871074,-0.010236157008140647,-0.011335823779466712,-0.009570921604473719
2022-12-27,30.7,30.8,30.6,30.65,30.65,2886,0.5286470654563411,0.5101384058224163,0.545643457448805,0.515145727502388,0.515145727502388,0.0,-0.0038999025024375866,-0.006697634222750476,-0.010492332526230922,-0.012628052316216722,-0.01065203357004525
2022-12-28,30.6,30.6,30.45,30.5,30.5,2886,0.5120681530137874,0.4771817735517825,0.5207140367499038,0.4903802488719323,0.4903802488719323,-0.004893964110929807,-0.006514657980456003,-0.010596885813148832,-0.01294498381877018,-0.01669998065639297,-0.01512297508207321
2022-12-29,30.4,30.45,30.1,30.25,30.25,2886,0.4789103281286786,0.4524642993488067,0.4625453884524687,0.44910445115450587,0.44910445115450587,-0.009171306911234888,-0.011760862463247401,-0.016899577510562223,-0.01897194746229936,-0.022995930495446022,-0.02256448920243419
2022-12-30,30.3,30.75,30.25,30.35,30.35,2886,0.4623314156861248,0.5018992477547577,0.4874748091513693,0.4656147702414767,0.4656147702414767,-0.0045916693998031164,-0.007034189432357151,-0.011937059142702017,-0.014530400194821057,-0.01849815665222158,-0.019491707947447718
2023-01-03,30.3,30.6,30.05,30.5,30.5,2886,0.4623314156861248,0.4771817735517825,0.4542355815528349,0.4903802488719323,0.4903802488719323,0.0016420361247947688,-0.0016366612111293195,-0.005650945446641992,-0.00877478063048434,-0.013072741392699972,-0.014592644445641095
2023-01-04,30.4,30.6,30.25,30.4,30.4,2886,0.4789103281286786,0.4771817735517825,0.4874748091513693,0.4738699297849615,0.4738699297849615,0.0,-0.004095004095004095,-0.008048727430933315,-0.011140928681792344,-0.014906027219701908,-0.017294326814288143
2023-01-05,30.6,31.1,30.55,31.1,31.1,2886,0.5120681530137874,0.5595733542283673,0.5373336505491713,0.5894421633937561,0.5894421633937561,0.019003931847968607,0.016838319437632962,0.01501305483028735,0.011382113821138257,0.008954061770049305,0.005333764344593475
2023-01-06,31.05,31.1,30.8,30.95,30.95,2886,0.5866732590052809,0.5595733542283673,0.5788826850473395,0.5646766847632999,0.5646766847632999,0.009458577951728492,0.011603203137767623,0.010557248585111041,0.006749613726925252,0.004870129870129824,0.0012400927373698316
2023-01-09,31.45,31.7,31.2,31.7,31.7,2886,0.6529889087754972,0.6584432510402688,0.6453611402444084,0.6885040779155793,0.6885040779155793,0.024894924021985114,0.03223705633344182,0.03302194221160108,0.030224244393890144,0.028419413444069598,0.025115877977794448
2023-01-10,31.75,31.75,31.4,31.75,31.75,2886,0.7027256461031597,0.6666824091079274,0.6786003678429428,0.6967592374590648,0.6967592374590648,0.01828094932649135,0.030342365730975013,0.03218465539661893,0.03084415584415582,0.02910670296901346,0.02584814216478193
2023-01-11,31.65,31.75,31.45,31.45,31.45,2886,0.6861467336606053,0.6666824091079274,0.6869101747425765,0.6472282801981528,0.6472282801981528,0.0019114367633004867,0.017964071856287418,0.020662051060147124,0.02002756831265709,0.018722466960352405,0.016209812052345375
2023-01-12,31.45,31.6,31.35,31.45,31.45,2886,0.6529889087754972,0.6419649349049522,0.6702905609433096,0.6472282801981528,0.6472282801981528,-0.0003178639542275274,0.014843497902549237,0.01856849832667605,0.01961420003242018,0.018062928913634594,0.016812156482379555
2023-01-13,31.7,31.85,31.6,31.65,31.65,2886,0.6944361898818825,0.6831607252432446,0.7118395954414778,0.6802489183720939,0.6802489183720939,0.0015822784810125682,0.01670414391262458,0.02327837051406398,0.025267249757045713,0.02380798343792447,0.023168103448275808
2023-01-16,31.9,32.0,31.8,32.0,32.0,2886,0.7275940147669907,0.7078781994462198,0.7450788230400123,0.7380350351764913,0.7380350351764913,0.010739102969045997,0.022527560313149127,0.03137086377309851,0.03459424506951181,0.03399250355434922,0.03348046076003883
2023-01-17,31.95,32.0,31.85,32.0,32.0,2886,0.7358834709882679,0.7078781994462198,0.7533886299396461,0.7380350351764913,0.7380350351764913,0.009145380006307132,0.017649864843377317,0.028497964431112063,0.03234131784821373,0.032857788393260506,0.032424584610421005
2023-01-30,33.3,33.55,32.15,32.6,32.6,2886,0.9596987889627484,0.9632920995436323,0.8032474713374473,0.837096949698315,0.837096949698315,0.02066374452097695,0.02952786988788891,0.043422596820655156,0.04840006431902243,0.049784246795904125,0.04991948470209342
2023-01-31,32.6,32.65,31.95,31.95,31.95,2886,0.8436464018648702,0.8149872543257798,0.770008243738913,0.7297798756330058,0.7297798756330058,-0.0028089887640451606,0.006299212598425174,0.019463943841735897,0.0251062805807331,0.027859992278985963,0.02788203753351208
2023-02-01,32.15,32.6,31.9,32.6,32.6,2886,0.769041295873376,0.8067480962581218,0.7616984368392792,0.837096949698315,0.837096949698315,0.011479987589202526,0.021463261789127327,0.035030161921896556,0.04303311470164793,0.046817802324834575,0.04710920770877951
2023-02-02,32.55,32.85,32.2,32.85,32.85,2886,0.8353569456435924,0.8479438865964142,0.8115572782370817,0.8783727474157415,0.8783727474157415,0.013888888888888977,0.02560099906337832,0.03747762922412888,0.04717883328020415,0.05207532667179097,0.0532221865982688
2023-02-03,32.6,32.7,32.4,32.45,32.45,2886,0.8436464018648702,0.823226412393439,0.8447965058356156,0.8123314710678594,0.8123314710678594,-0.0012311480455524514,0.010903426791277303,0.02065422520444536,0.03155050464912988,0.0368737218813907,0.03895410885805769
2023-02-06,32.4,32.5,32.1,32.1,32.1,2886,0.8104885769797614,0.7902697801228046,0.7949376644378142,0.754545354263462,0.754545354263462,-0.00895338067304721,-0.0020208300948234953,0.006059339740911159,0.018078020932445298,0.023792817503348926,0.026324203346477698
2023-02-07,32.15,32.4,32.1,32.25,32.25,2886,0.769041295873376,0.7737914639874874,0.7949376644378142,0.7793108328939177,0.7793108328939177,-0.006163328197226589,0.00015506280043425517,0.008337675872850413,0.020004744208112605,0.026285641547861525,0.029967530739341008
2023-02-08,32.4,32.45,32.0,32.15,32.15,2886,0.8104885769797614,0.7820306220551466,0.7783180506385466,0.7628005138069469,0.7628005138069469,-0.006489493201483339,-0.004489859111317638,0.0027029836781367776,0.013795821836815136,0.021413140170288458,0.025681926942095902
2023-02-09,32.0,32.25,32.0,32.1,32.1,2886,0.7441729272095451,0.7490739897845122,0.7783180506385466,0.754545354263462,0.754545354263462,-0.003415088481837921,-0.006345766909147138,0.0003116235587412003,0.009433962264150966,0.01781977297228755,0.022672967663144458
2023-02-10,32.35,32.7,32.25,32.6,32.6,2886,0.8021991207584848,0.823226412393439,0.8198670851367149,0.837096949698315,0.837096949698315,0.011166253101737177,0.007260930016993648,0.01410203235172127,0.021783419526720187,0.031188713860947702,0.03645612547689716
2023-02-13,32.65,33.3,32.5,33.3,33.3,2886,0.8519358580861467,0.9220963092053398,0.8614161196348831,0.9526691833071085,0.9526691833071085,0.025246305418718997,0.026668722059503464,0.03191819026960006,0.0390015600624025,0.04981084489281205,0.05574636723910159
2023-02-14,33.3,33.65,33.1,33.55,33.55,2886,0.9596987889627484,0.9797704156789495,0.961133802430487,0.993944981024535,0.993944981024535,0.024740378741600563,0.029298972235005317,0.03517432891083001,0.04281606962467939,0.053639846743294854,0.06025492468134414
2023-02-15,33.55,33.55,33.2,33.4,33.4,2886,1.0011460700691337,0.9632920995436323,0.9777534162297545,0.9691795023940792,0.9691795023940792,0.012428008487420544,0.022188217291507314,0.02684976429596211,0.0342158228827991,0.04479479479479463,0.05268687293165941
2023-02-16,33.25,34.1,33.2,33.4,33.4,2886,0.9514093327414718,1.0539228382878763,0.9777534162297545,0.9691795023940792,0.9691795023940792,0.004511278195488679,0.0204705163458599,0.023911710606989614,0.03150092649783805,0.040822686195076195,0.04954435948465479
2023-02-17,33.3,33.65,33.3,33.5,33.5,2886,0.9596987889627484,0.9797704156789495,0.9943730300290208,0.9856898214810501,0.9856898214810501,0.002093927609931208,0.02025277904674909,0.023838630806846003,0.03180103180103176,0.04004967401428125,0.049608355091383775
2023-02-20,33.5,34.1,33.5,34.05,34.05,2886,0.9928566138478572,1.0539228382878763,1.027612257627556,1.076496576459388,1.076496576459388,0.013996426444312057,0.030881017257038935,0.03758252920264074,0.044558631796916735,0.05235505006799343,0.06306587574149222
2023-02-21,33.9,33.95,33.6,33.65,33.65,2886,1.0591722636180736,1.029205364084901,1.0442318714268233,1.0104553001115057,1.0104553001115057,0.0014880952380951534,0.014470907446487696,0.021864561190403854,0.028816020790338688,0.036724382278637016,0.047144857631865586
2023-02-22,33.25,33.85,33.1,33.8,33.8,2886,0.9514093327414718,1.0127270479495838,0.961133802430487,1.0352207787419614,1.0352207787419614,0.0035629453681711573,0.013949302534873361,0.023932141775219604,0.03001676062776168,0.0377010929632814,0.047953699875981824
2023-02-23,33.8,33.85,33.65,33.65,33.65,2886,1.0425933511755192,1.0127270479495838,1.0525416783264565,1.0104553001115057,1.0104553001115057,-0.002371775867180501,0.004777545535981001,0.017743724165742495,0.02287407857739943,0.030627871362940276,0.039756926562982874
2023-02-24,33.65,33.7,33.2,33.3,33.3,2886,1.017724982511688,0.9880095737466087,0.9777534162297545,0.9526691833071085,0.9526691833071085,-0.011576135351736438,-0.007747318235995174,0.005434782608695644,0.01023890784982931,0.01797505502567846,0.025983362431960578
2023-03-01,32.6,33.7,32.6,33.7,33.7,2886,0.8436464018648702,0.9880095737466087,0.8780357334341506,1.0187104596549919,1.0187104596549919,0.002379535990482017,0.0029761904761907306,0.014245585874799446,0.020670856364049507,0.027376379489055646,0.03480040941658135
2023-03-02,33.6,33.6,32.8,32.95,32.95,2886,1.0094355262904116,0.9715312576112914,0.9112749610326845,0.8948830665027123,0.8948830665027123,-0.0158303464755078,-0.017590936195587457,-0.009717491484672328,-0.003553337869509114,0.0026778650112592346,0.009858507432191016
2023-03-03,33.0,33.1,32.8,32.8,32.8,2886,0.9099620516350865,0.8891396769347066,0.9112749610326845,0.8701175878722555,0.8701175878722555,-0.014423076923077042,-0.020310633213859015,-0.015507753876938443,-0.008389388557176431,-0.0032818767472953996,0.003364943407769725
2023-03-06,32.85,33.2,32.75,32.95,32.95,2886,0.8850936829712555,0.9056179930700238,0.9029651541330512,0.8948830665027123,0.8948830665027123,-0.005733252866626365,-0.014505757439808566,-0.012684778266080663,-0.004005138668480109,0.00012141079341968338,0.006670400733235119
2023-03-07,32.95,33.2,32.85,33.15,33.15,2886,0.9016725954138098,0.9056179930700238,0.9195847679323188,0.9279037046766528,0.9279037046766528,0.0012080942313500195,-0.0074850299401197605,-0.007782101167315116,0.00098135426889125,0.004789039767216333,0.011338790867951485
2023-03-08,33.3,33.65,33.2,33.3,33.3,2886,0.9596987889627484,0.9797704156789495,0.9777534162297545,0.9526691833071085,0.9526691833071085,0.008174386920980806,-0.0007501875468868921,-0.003292427416941019,0.0036922613216789175,0.00847970926711066,0.014007308160779346
2023-03-09,33.3,33.3,32.9,32.95,32.95,2886,0.9596987889627484,0.9220963092053398,0.9278945748319519,0.8948830665027123,0.8948830665027123,-0.0024220405691792674,-0.009171553149902261,-0.012586155229247666,-0.007903650733910297,-0.003327283726557756,0.0018242626938279804
2023-03-10,32.6,32.8,32.6,32.65,32.65,2886,0.8436464018648702,0.839704728528755,0.8780357334341506,0.8453521092417998,0.8453521092417998,-0.010606060606060648,-0.014785757392878756,-0.020108043217286965,-0.017675817976682922,-0.012461436089770706,-0.008302116027133748
2023-03-13,32.45,32.8,32.3,32.55,32.55,2886,0.8187780332010391,0.839704728528755,0.828176892036348,0.8288417901548291,0.8288417901548291,-0.011239368165249227,-0.014532243415077322,-0.021445034572602613,-0.02134696331930249,-0.015128593040847203,-0.01188970402226176
2023-03-14,32.1,32.45,32.1,32.1,32.1,2886,0.7607518396520995,0.7820306220551466,0.7949376644378142,0.754545354263462,0.754545354263462,-0.018648731274839268,-0.024612579762990038,-0.03225806451612904,-0.03415074469685567,-0.02833272793316382,-0.02564880862042795
2023-03-15,32.3,32.4,32.0,32.0,32.0,2886,0.793909664537207,0.7737914639874874,0.7783180506385466,0.7380350351764913,0.7380350351764913,-0.013867488443759717,-0.022602321319486925,-0.031281533804238086,-0.035272836900814036,-0.031242431581496626,-0.028094153378891335
2023-03-16,31.8,31.9,31.5,31.65,31.65,2886,0.7110151023244369,0.6913998833109026,0.6952199816422103,0.6802489183720939,0.6802489183720939,-0.016775396085741107,-0.029438822447102143,-0.037993920972644375,-0.043083900226757496,-0.04114154144449842,-0.038432325687376596
2023-03-17,31.95,32.1,31.75,31.75,31.75,2886,0.7358834709882679,0.724356515581537,0.7367690161403785,0.6967592374590648,0.6967592374590648,-0.008122461730709312,-0.02322719581602838,-0.03092888391494563,-0.037660074259301346,-0.03764548981571303,-0.03456314615852433
2023-03-20,31.9,32.1,31.75,32.0,32.0,2886,0.7275940147669907,0.724356515581537,0.7367690161403785,0.7380350351764913,0.7380350351764913,0.0031347962382445587,-0.012650416538105419,-0.020008166598611758,-0.028020350823904607,-0.029950284952103782,-0.026122241947755545
2023-03-21,32.15,32.5,32.1,32.2,32.2,2886,0.769041295873376,0.7902697801228046,0.7949376644378142,0.7710556733504329,0.7710556733504329,0.00877192982456155,-0.0035587188612098064,-0.011663597298956276,-0.02001065205812977,-0.023413805653281525,-0.01978691019786906
2023-03-22,32.7,32.7,32.4,32.7,32.7,2886,0.8602253143074245,0.823226412393439,0.8447965058356156,0.8536072687852858,0.8536072687852858,0.01996257018091081,0.013796310649511711,0.005741234365388582,-0.002744739249771159,-0.007527012261745707,-0.005171889260723901
2023-03-23,32.85,33.15,32.6,33.15,33.15,2886,0.8850936829712555,0.8973788350023646,0.8780357334341506,0.9279037046766528,0.9279037046766528,0.024412855377008626,0.027110766847405113,0.019163763066202138,0.01175034335418886,0.006619701202477941,0.007598784194528876
2023-03-24,33.15,33.2,32.9,33.1,33.1,2886,0.9348304202989175,0.9056179930700238,0.9278945748319519,0.919648545133168,0.919648545133168,0.014403922770456599,0.024133663366336443,0.017001229004506388,0.011304613504430107,0.005467800729040088,0.005111594716331896
2023-03-27,33.25,33.25,32.8,33.05,33.05,2886,0.9514093327414718,0.9138571511376818,0.9112749610326845,0.911393385589682,0.911393385589682,0.006394640682095032,0.021007105344454734,0.015257014130657479,0.010703363914372915,0.0043761016228043015,0.0026291839417534437
2023-03-28,33.05,33.2,32.8,32.85,32.85,2886,0.9182515078563631,0.9056179930700238,0.9112749610326845,0.8783727474157415,0.8783727474157415,-0.003639672429481484,0.012482662968099896,0.009733606557377152,0.005278861602019939,-0.0009124087591241221,-0.003690036900369095
2023-03-29,33.0,33.0,32.7,32.8,32.8,2886,0.9099620516350865,0.8726613607993894,0.8946553472334181,0.8701175878722555,0.8701175878722555,-0.005759321006365497,0.00845503458877782,0.009230769230769143,0.005132919635332778,-0.0009137983551629954,-0.0047033834016082885
2023-03-30,32.85,32.95,32.65,32.7,32.7,2886,0.8850936829712555,0.8644222027317314,0.8863455403337838,0.8536072687852858,0.8536072687852858,-0.006079027355622971,0.0021452650934722733,0.006670087224217605,0.0024524831391783655,-0.0028055623322761265,-0.006883984612269472
2023-03-31,32.7,33.1,32.65,33.0,33.0,2886,0.8602253143074245,0.8891396769347066,0.8863455403337838,0.9031382260461972,0.9031382260461972,0.003649635036496489,0.007479774080293006,0.015176374077112354,0.011339258351210683,0.007326007326007388,0.0026331780433461413
2023-04-06,32.95,33.1,32.75,33.0,33.0,2886,0.9016725954138098,0.8891396769347066,0.9029651541330512,0.9031382260461972,0.9031382260461972,0.0039549741405535575,0.00441333130421537,0.014240344227025852,0.011261778901401747,0.008126107411254298,0.0030395136778115935
2023-04-07,33.0,33.0,32.7,32.8,32.8,2886,0.9099620516350865,0.8726613607993894,0.8946553472334181,0.8701175878722555,0.8701175878722555,-0.0018259281801583163,-0.0034938477897617825,0.006649616368286285,0.0056722367009045625,0.002628843920034191,-0.0023319476832607115
2023-04-10,33.0,33.1,32.9,33.0,33.0,2886,0.9099620516350865,0.8891396769347066,0.9278945748319519,0.9031382260461972,0.9031382260461972,0.0030395136778115935,0.0016694490818029964,0.01071975497702914,0.012269938650306704,0.009606559383222177,0.004821111393047392
2023-04-11,32.95,33.15,32.95,33.15,33.15,2886,0.9016725954138098,0.8973788350023646,0.9362043817315863,0.9279037046766528,0.9279037046766528,0.0048499545316761615,0.006222492032174785,0.012213740458015224,0.016559337626494915,0.013947513305193488,0.009900990099009771
2023-04-12,33.15,33.2,33.05,33.15,33.15,2886,0.9348304202989175,0.9056179930700238,0.9528239955308526,0.9279037046766528,0.9279037046766528,0.003937007874015826,0.006069802731411099,0.009337257688013748,0.01578060364639193,0.01351351351351352,0.01056803170409503
2023-04-13,33.15,33.35,33.1,33.3,33.3,2886,0.9348304202989175,0.930335467272999,0.961133802430487,0.9526691833071085,0.9526691833071085,0.006650544135429228,0.009855951478392593,0.011235955056179697,0.01920575407452744,0.017663956970845177,0.01550190597204573
2023-04-14,33.3,33.45,33.2,33.45,33.45,2886,0.9596987889627484,0.9468137834083162,0.9777534162297545,0.9774346619375653,0.9774346619375653,0.007226738934056067,0.012562433782352023,0.013226978998384513,0.02168601099572413,0.021873281603226036,0.0199207236507776
2023-04-17,33.5,33.55,33.35,33.45,33.45,2886,0.9928566138478572,0.9632920995436323,1.0026828369286551,0.9774346619375653,0.9774346619375653,0.004504504504504675,0.01057401812688826,0.011694727291057675,0.019428571428571514,0.021686010995723908,0.02017994205255941
2023-04-18,34.0,34.5,33.95,34.2,34.2,2886,1.0757511760606278,1.119836102829144,1.102400519724259,1.1012620550898446,1.1012620550898446,0.020590868397493214,0.028571428571428657,0.032193158953722434,0.03825136612021874,0.043000914913083374,0.04173012488577512
2023-04-19,34.25,34.3,34.0,34.05,34.05,2886,1.1171984571670133,1.0868794705585094,1.1107103266238922,1.076496576459388,1.076496576459388,0.01068566340160262,0.02083645630340258,0.025705392107641282,0.030101346241113217,0.03665590939536019,0.03584647366019372
2023-04-20,33.85,33.95,33.7,33.9,33.9,2886,1.0508828073967968,1.029205364084901,1.0608514852260909,1.0517310978289323,1.0517310978289323,0.002661934338952863,0.013604425175661483,0.019446672012830627,0.02262443438914027,0.030395136778115502,0.030290750683821168
2023-04-21,33.9,34.1,33.85,34.05,34.05,2886,1.0591722636180736,1.0539228382878763,1.0857809059249917,1.076496576459388,1.076496576459388,0.0035366931918655304,0.01429848078641635,0.021499999999999842,0.024291193502293893,0.032506519497846914,0.03390688259109313
2023-04-24,33.95,34.1,33.85,34.1,34.1,2886,1.0674617198393512,1.0539228382878763,1.0857809059249917,1.084751736002874,1.084751736002874,0.0011743981209629813,0.012470308788598838,0.02034709754637962,0.0236397748592871,0.03139555985723781,0.03458737864077672
2023-04-25,34.1,34.2,33.75,33.9,33.9,2886,1.0923300885031821,1.0704011544231935,1.069161292125724,1.0517310978289323,1.0517310978289323,-0.002941176470588277,0.004295659902236588,0.011940298507462643,0.01649175412293866,0.02256274131274124,0.027532205102298722
2023-04-26,33.9,34.0,33.8,34.0,34.0,2886,1.0591722636180736,1.037444522152559,1.0774710990253573,1.0682414169159031,1.0682414169159031,0.0002942041776994739,0.004728132387706966,0.012909632571995927,0.018116484503668335,0.02280247879188986,0.029159519725557616
2023-04-27,33.85,33.95,33.65,33.85,33.85,2886,1.0508828073967968,1.029205364084901,1.0525416783264565,1.0434759382854475,1.0434759382854475,-0.0038257798705119326,-0.0013276294438708276,0.006741350252800631,0.01241214296396011,0.016028334734061678,0.023276904474002515
2023-04-28,33.85,34.05,33.8,34.05,34.05,2886,1.0508828073967968,1.0456836802202172,1.0774710990253573,1.076496576459388,1.076496576459388,0.0020600353148909115,0.002797820644971252,0.010185917721519,0.016569637259292426,0.019766397124887588,0.027304269120530817
2023-05-02,34.0,34.1,33.9,34.1,34.1,2886,1.0757511760606278,1.0539228382878763,1.0940907128246247,1.084751736002874,1.084751736002874,0.0035314891112418314,0.002351557907113622,0.009473060982830085,0.01609058402860567,0.01955390779166428,0.026644588288424063
2023-05-03,34.1,34.2,33.95,34.15,34.15,2886,1.0923300885031821,1.0704011544231935,1.102400519724259,1.0930068955463588,1.0930068955463588,0.003526300323244121,0.003968837277671557,0.008961985424463303,0.01538690254961692,0.019829182344860585,0.025576855698483406
2023-05-04,34.1,34.5,34.05,34.3,34.3,2886,1.0923300885031821,1.119836102829144,1.1190201335235255,1.1177723741768144,1.1177723741768144,0.006160164271047253,0.0076380728554641016,0.011103468605679429,0.017879664663550468,0.02284248822091007,0.02745881178232644
2023-05-05,34.4,34.5,34.15,34.25,34.25,2886,1.1420668258308442,1.119836102829144,1.1356397473227928,1.1095172146333296,1.1095172146333296,0.00234123500146343,0.005135730007336674,0.007748136524127171,0.01451421800947852,0.019891608599845133,0.02366127023661263
2023-05-08,34.3,34.45,34.2,34.3,34.3,2886,1.1254879133882898,1.111596944761486,1.1439495542224272,1.1177723741768144,1.1177723741768144,0.0023378141437755203,0.005865102639296063,0.007539410555174598,0.013743165361312353,0.019619500594530218,0.02301536014316255
2023-05-09,34.45,34.55,34.35,34.5,34.5,2886,1.150356282052122,1.1280752608968019,1.168878974921328,1.1507930123507562,1.1507930123507562,0.005830903790087547,0.010544815465729333,0.011334766464725532,0.01739899734591576,0.023495906016375984,0.027142360938818107
2023-05-10,34.55,34.8,34.55,34.8,34.8,2886,1.166935194494675,1.1692710512350943,1.2021182025198618,1.2003239696116674,1.2003239696116674,0.010746442056346344,0.016652059596844883,0.018934218231505026,0.023755240126498416,0.02982954545454532,0.03438026354899412
2023-05-11,34.85,35.05,34.55,34.8,34.8,2886,1.2166719318223382,1.2104668415733868,1.2021182025198618,1.2003239696116674,1.2003239696116674,0.007819287576020944,0.01428155056834748,0.017444693499658825,0.021276595744680684,0.02763997165131091,0.03264094955489597
2023-05-12,34.7,34.75,34.25,34.3,34.3,2886,1.1918035631585073,1.1610318931674364,1.1522593611220604,1.1177723741768144,1.1177723741768144,-0.00694846554719172,-0.0016009314510262499,0.0020449897750509254,0.005128205128205045,0.011322089869088347,0.01654729562855016
2023-05-15,34.3,34.65,34.2,34.5,34.5,2886,1.1254879133882898,1.1445535770321191,1.1439495542224272,1.1507930123507562,1.1507930123507562,-0.002313475997686475,0.002906976744186088,0.0070052539404554,0.009436032477507282,0.015183615819208986,0.020810730841305844
2023-05-16,34.75,35.2,34.7,35.15,35.15,2886,1.2000930193797839,1.2351843157763631,1.2270476232187637,1.2581100864160646,1.2581100864160646,0.012676462114664503,0.018692943051731727,0.023885814156714254,0.025902955125866347,0.03169944232462572,0.03763837638376379
2023-05-17,35.1,35.8,35.05,35.6,35.6,2886,1.2581192129287235,1.334054212588264,1.285216271516198,1.3324065223074328,1.3324065223074328,0.020934901061083935,0.0274170274170275,0.03358172844285298,0.03691837180514106,0.04191055958791858,0.047932100279644924
2023-05-18,35.5,36.0,35.5,35.95,35.95,2886,1.32443486269894,1.3670108448588985,1.3600045336129014,1.3901926391118302,1.3901926391118302,0.024216524216524257,0.03260089042079578,0.039818742768993394,0.04422336794713552,0.04871645274212374,0.05518051071323753
2023-05-19,35.95,36.25,35.75,36.0,36.0,2886,1.399039968690434,1.4082066351971907,1.4015535681110696,1.398447798655315,1.398447798655315,0.015801354401805936,0.028865390111460568,0.036965914546327354,0.042496199232607,0.04687681749447466,0.05355575065847251
2023-05-22,36.0,36.2,35.9,36.2,36.2,2886,1.4073294249117108,1.3999674771295327,1.4264829888099704,1.4314684368292565,1.4314684368292565,0.01173840134153183,0.028993746446845096,0.03843947217441203,0.04503464203233263,0.04933619340251624,0.05590666018473519
2023-05-23,36.2,36.2,35.8,36.2,36.2,2886,1.4404872497968193,1.3999674771295327,1.4098633750107028,1.4314684368292565,1.4314684368292565,0.005834954153931671,0.024045261669024084,0.034285714285714364,0.04187652899697814,0.0460009246417013,0.05263157894736849
2023-05-24,35.9,35.95,35.6,35.9,35.9,2886,1.3907505124691564,1.3587716867912403,1.376624147412169,1.3819374795683441,1.3819374795683441,-0.004160887656033444,0.01240834743372808,0.022306597057427567,0.0302769407375518,0.035298188949128985,0.04113296921069155
2023-05-25,35.85,36.2,35.35,36.2,36.2,2886,1.3824610562478796,1.3999674771295327,1.3350751129140008,1.4314684368292565,1.4314684368292565,0.0027700831024931143,0.0168539325842697,0.027144613638513306,0.0356172221427551,0.041367009953397454,0.04674698795180724
2023-05-26,35.7,36.15,35.45,36.15,36.15,2886,1.3575926875840487,1.3917283190618737,1.3516947267132682,1.4232132772857706,1.4232132772857706,0.0005535566011623587,0.010199804387312977,0.022052586938083155,0.030795551753635537,0.0372431998163664,0.0424376411784497
2023-05-29,35.9,36.2,35.8,36.2,36.2,2886,1.3907505124691564,1.3999674771295327,1.4098633750107028,1.4314684368292565,1.4314684368292565,0.0019374481040688458,0.006814073146989419,0.019814067048549152,0.02906687513325302,0.036121128856832115,0.04112740868564875
2023-05-30,36.2,36.3,36.0,36.2,36.2,2886,1.4404872497968193,1.4164457932648489,1.4431026026092377,1.4314684368292565,1.4314684368292565,0.0019374481040686487,0.0038824181919024005,0.0165683796686325,0.026004393112732848,0.03363600022842797,0.038389826456949036
2023-05-31,36.15,36.2,35.8,35.8,35.8,2886,1.4321977935755417,1.3999674771295327,1.4098633750107028,1.3654271604813732,1.3654271604813732,-0.008584879534754978,-0.007760532150776085,0.0034569746799961057,0.012300296903718432,0.020001139666077788,0.0253472719461551
2023-06-01,35.75,36.0,35.6,35.85,35.85,2886,1.3658821438053252,1.3670108448588985,1.376624147412169,1.3736823200248593,1.3736823200248593,-0.005271920088790366,-0.006099251455503353,0.002890712420738485,0.011497495944134833,0.019276697372910396,0.02501786990707648
2023-06-02,35.85,36.2,35.8,36.1,36.1,2886,1.3824610562478796,1.3999674771295327,1.4098633750107028,1.4149581177422859,1.4149581177422859,0.0019428254232584036,0.000554323725055519,0.006505576208178465,0.015899817081750322,0.02376495944642961,0.030006181939226863
2023-06-05,36.3,36.9,36.25,36.7,36.7,2886,1.4570661622393726,1.5153156900767508,1.4846516371074059,1.5140200322641095,1.5140200322641095,0.01577636313313057,0.015776363133130168,0.01906701221769717,0.0293086523629225,0.037661162632888504,0.04449293235935867
2023-06-06,36.9,36.9,36.45,36.5,36.5,2886,1.5565396368946978,1.5153156900767508,1.517890864705941,1.480999394090168,1.480999394090168,0.008565902182923522,0.009402654867256534,0.010986981811466932,0.02083624667878611,0.029212722761109897,0.03644107903454798
2023-06-07,36.6,37.0,36.6,37.0,37.0,2886,1.5068028995670357,1.531794006212068,1.5428202854048416,1.5635509895250208,1.5635509895250208,0.015646445237441874,0.020126826578439394,0.022193572152131705,0.03164645197267546,0.039968519871830824,0.047565118912797064
2023-06-08,37.0,37.3,36.85,37.3,37.3,2886,1.5731185493372521,1.5812289546180185,1.58436931990301,1.613081946785932,1.613081946785932,0.015795206971677515,0.025288620120945425,0.027925776226345626,0.0363989997221449,0.04487646366743226,0.05278012983347438
2023-06-09,37.3,37.75,37.25,37.65,37.65,2886,1.622855286664914,1.6553813772269452,1.6508477751000787,1.6708680635903295,1.6708680635903295,0.016743181204428772,0.030659731727347313,0.03443538785603069,0.04127774320680356,0.05067812691856882,0.058873160213743544
2023-06-12,37.65,37.95,37.55,37.65,37.65,2886,1.6808814802138536,1.6883380094975797,1.7007066164978801,1.6708680635903295,1.6708680635903295,0.011552928533046935,0.026584867075664664,0.03169528681037632,0.03676166873192878,0.04676379003558705,0.05531159487994029
2023-06-13,37.7,38.0,37.6,37.75,37.75,2886,1.6891709364351315,1.6965771675652377,1.7090164233975145,1.6873783826773003,1.6873783826773003,0.007472644782492883,0.024979636166168932,0.03151470990071943,0.035807380985045954,0.04576430827192645,0.054518366776851845
2023-06-14,37.7,37.75,37.4,37.5,37.5,2886,1.6891709364351315,1.6553813772269452,1.6757771957989795,1.6461025849598738,1.6461025849598738,-0.0018631887143996059,0.013513513513513514,0.02170556716011262,0.02627257799671595,0.03573993260785496,0.04427736006683385
2023-06-15,37.35,37.7,37.25,37.4,37.4,2886,1.6311447428861918,1.6471422191592873,1.6508477751000787,1.629592265872903,1.629592265872903,-0.005054535780792704,0.0065939981160006616,0.016764839148164942,0.021509047456469827,0.030019278435692544,0.038504257682339775
2023-06-16,37.45,37.45,36.8,36.8,36.8,2886,1.6477236553287462,1.6059464288209948,1.5760595130033757,1.5305303513510793,1.5305303513510793,-0.016568679850347528,-0.011417058428475601,-0.0007241129616221262,0.004024282108996487,0.010711343037627042,0.019437647167459094
2023-06-19,36.8,37.15,36.5,37.0,37.0,2886,1.5399607244521434,1.5565114804150433,1.5262006716055743,1.5635509895250208,1.5635509895250208,-0.0077768838830785504,-0.006844718829687169,0.003253796095444616,0.008380459221911765,0.013420980553273131,0.02242895960945038
2023-06-20,36.85,37.45,36.85,37.45,37.45,2886,1.548250180673421,1.6059464288209948,1.58436931990301,1.637847425416389,1.637847425416389,0.0059092130002687615,0.002677376171352304,0.01316620073947149,0.01890899197388111,0.023168132888913142,0.03205952599669302
2023-06-21,37.35,37.75,37.2,37.75,37.75,2886,1.6311447428861918,1.6553813772269452,1.6425379682004455,1.6873783826773003,1.6873783826773003,0.012607296137339219,0.008684034736139021,0.017703091301221937,0.024492842119546877,0.028946794592237177,0.03751545966744523
2023-06-26,37.65,37.95,37.35,37.75,37.75,2886,1.6808814802138536,1.6883380094975797,1.6674673888993463,1.6873783826773003,1.6873783826773003,0.010709504685408261,0.007472644782492691,0.014239656098871413,0.022342586323629055,0.026931447225244886,0.03471904979442665
2023-06-27,37.55,37.9,37.5,37.55,37.55,2886,1.6643025677712993,1.6800988514299204,1.692396809598247,1.6543577445033586,1.6543577445033586,0.0013333333333332576,0.0024025627335825792,0.0062527914247430235,0.015002027300986417,0.01977078920210748,0.02618993395581859
2023-06-28,37.55,38.0,37.55,37.95,37.95,2886,1.6643025677712993,1.6965771675652377,1.7007066164978801,1.720399020851242,1.720399020851242,0.006898381533563415,0.012269938650306962,0.01470588235294129,0.023393784129980635,0.02867830423940149,0.033872139484199024
2023-06-29,38.0,38.7,37.9,38.55,38.55,2886,1.7389076737627935,1.8119253805124569,1.7588752647953159,1.8194609353730646,1.8194609353730646,0.016882089158533193,0.026084642001596936,0.02699582630317029,0.036290322580645004,0.04228627048072244,0.04698533405757711
2023-06-30,38.4,38.7,38.1,38.2,38.2,2886,1.8052233235330097,1.8119253805124569,1.7921144923938508,1.7616748185686684,1.7616748185686684,0.005263157894736917,0.01487778958554735,0.015507310589277866,0.0235798499464095,0.030260531851771934,0.03504335260115616
2023-07-03,38.25,38.5,38.2,38.3,38.3,2886,1.7803549548691788,1.7789687482418224,1.8087341061931184,1.7781851376556381,1.7781851376556381,0.004985568092364149,0.0151073416379537,0.016364440513047338,0.02290178273352459,0.030622679080781395,0.035554954711369414
2023-07-04,38.45,38.55,38.3,38.5,38.5,2886,1.8135127797542876,1.7872079063094806,1.8253537199923846,1.8112057758295799,1.8112057758295799,0.005221932114882581,0.01583113456464384,0.020137784843667142,0.024958402662229616,0.03339059480352157,0.038622364102333474
2023-07-05,38.7,38.7,38.1,38.25,38.25,2886,1.8549600608606729,1.8119253805124569,1.7921144923938508,1.7699299781121534,1.7699299781121534,-0.0028675703858185462,0.0059171597633136475,0.012440444679724692,0.016206163655685425,0.024425518238791553,0.029979355533614478
2023-07-06,38.0,38.15,37.25,37.45,37.45,2886,1.7389076737627935,1.721294641768213,1.6508477751000787,1.637847425416389,1.637847425416389,-0.018091242789722017,-0.01512163050624578,-0.008209745762711924,-0.006301824212271898,0.0016582860810954747,0.007307123324517011
2023-07-07,37.0,37.45,36.75,37.3,37.3,2886,1.5731185493372521,1.6059464288209948,1.5677497061037424,1.613081946785932,1.613081946785932,-0.017386722866175017,-0.01790416008425505,-0.011833274461321243,-0.010675684636297419,-0.003952146977141723,0.002014775016789677
2023-07-10,37.3,37.6,36.8,36.85,36.85,2886,1.622855286664914,1.63066390302397,1.5760595130033757,1.5387855108945652,1.5387855108945652,-0.021767985134058938,-0.02744787542887303,-0.0228056218509679,-0.02202760084925667,-0.017018779342722955,-0.010649722570252226
2023-07-11,37.0,37.65,36.95,37.65,37.65,2886,1.5731185493372521,1.638903061091628,1.6009889337022774,1.6708680635903295,1.6708680635903295,0.003999999999999962,-0.006596306068601583,-0.0030891438658429077,-0.0007961783439490748,0.002663115845539319,0.00947359013316646
2023-07-12,37.3,38.2,37.3,38.2,38.2,2886,1.622855286664914,1.729533799835872,1.659157581999712,1.7616748185686684,1.7616748185686684,0.018938383568951934,0.007251153592617157,0.009335916857495113,0.013061062122920027,0.015687317202871667,0.022392720135605296
2023-07-13,38.35,38.5,38.0,38.1,38.1,2886,1.7969338673117332,1.7789687482418224,1.7754948785945834,1.7451644994816977,1.7451644994816977,0.012759170653907411,0.0058078141499471716,0.005542359461599577,0.009940357852882704,0.011307533046663532,0.01799073744210917
2023-07-14,38.2,38.9,38.15,38.9,38.9,2886,1.7720654986479023,1.84488201278309,1.800424299293484,1.8772470521774618,1.8772470521774618,0.025303110173958906,0.02503293807641622,0.024582967515364266,0.029236671517396395,0.03046357615894036,0.036504130029309814
2023-07-17,38.8,39.0,38.7,38.9,38.9,2886,1.8715389733032262,1.8613603289184073,1.8918321751894547,1.8772470521774618,1.8772470521774618,0.014341590612776978,0.02341489081820556,0.022518181021642054,0.02719831000792187,0.028719521870206762,0.03370388414013014
2023-07-18,38.75,39.3,38.55,39.3,39.3,2886,1.8632495170819494,1.9107952773243577,1.866902754490553,1.943288328525344,1.943288328525344,0.016028955532575096,0.03176686794434237,0.029874213836478005,0.034346624555862605,0.03748680042238634,0.04138144238837612
2023-07-19,39.25,39.25,38.55,38.85,38.85,2886,1.9461440792947202,1.9025561192566998,1.866902754490553,1.868991892633977,1.868991892633977,0.001030662200463776,0.018348623853211083,0.01648351648351655,0.02001969149983598,0.024309217464670012,0.027505950806665073
2023-07-20,38.6,39.5,38.6,39.35,39.35,2886,1.8383811484181185,1.9437519095949922,1.8752125613901873,1.95154348806883,1.95154348806883,0.007424475166410811,0.026343244653103753,0.028130987632816618,0.030576834937471462,0.03574436723520733,0.038121619839071565
2023-07-21,39.15,39.5,38.95,39.35,39.35,2886,1.9295651668521658,1.9437519095949922,1.933381209687623,1.95154348806883,1.95154348806883,0.005108556832694837,0.02088468024387079,0.026075619295958277,0.028422084286180947,0.03373088845689063,0.03598069328652919
2023-07-24,39.0,39.3,38.8,39.0,39.0,2886,1.904696798188335,1.9107952773243577,1.9084517889887211,1.8937573712644327,1.8937573712644327,-0.004340056165432773,0.006191950464396336,0.01571316954596749,0.017612524461839456,0.022816679779700953,0.025236593059936932
2023-07-25,39.05,39.15,38.9,39.15,39.15,2886,1.9129862544096115,1.8860778031213825,1.9250714027879887,1.9185228498948883,1.9185228498948883,0.00025549310168620365,0.0061680801850422734,0.018470343392299523,0.019398515818252953,0.024225617413143438,0.02782882646363862
2023-07-26,39.2,39.75,39.15,39.65,39.65,2886,1.9378546230734437,1.9849476999332845,1.9666204372861569,2.0010744453297415,2.0010744453297415,0.008905852417302835,0.01523492510562025,0.028979238754325273,0.03013769810340339,0.03443777719801723,0.03913689176203369
2023-07-27,39.75,40.3,39.75,40.1,40.1,2886,2.029038641507491,2.0755784386775273,2.0663381200817605,2.0753708812211094,2.0753708812211094,0.016476552598225565,0.021525920264934374,0.03590803409971585,0.039735528618655765,0.04329274638359875,0.04877729828690995
2023-07-28,40.0,40.2,39.7,40.05,40.05,2886,2.070485922613876,2.0591001225422114,2.0580283131821275,2.0671157216776237,2.0671157216776237,0.011619095731245286,0.0172720345440689,0.029739458347617407,0.035954474909466974,0.0395037375415282,0.045146137787056284
2023-07-31,40.1,40.5,40.05,40.25,40.25,2886,2.0870648350564305,2.108535070948162,2.116196961479562,2.100136359851565,2.100136359851565,0.010291164658634631,0.018858372357929493,0.028885480572597204,0.03850867574017931,0.04199026612819716,0.047767799036834785
2023-08-01,40.45,40.6,40.15,40.6,40.6,2886,2.1450910286053704,2.125013387083479,2.1328165752788295,2.1579224766559624,2.1579224766559624,0.01171193620732616,0.024347167907152672,0.03264094955489609,0.04470890961724038,0.047741935483871005,0.053405405405405504
2023-08-02,40.5,40.55,39.4,39.6,39.6,2886,2.153380484826647,2.1167742290158196,2.008169471784325,1.9928192857862566,1.9928192857862566,-0.012961116650049752,-0.0027700831024930605,0.004821111393047573,0.017210377600822217,0.020197856553998323,0.025154247745609988
2023-08-04,39.6,39.85,39.2,39.6,39.6,2886,2.00417027284366,2.001426016068602,1.9749302441857912,1.9928192857862566,1.9928192857862566,-0.010494752623688023,-0.0033975084937711846,0.00227790432801831,0.01440922190201729,0.019095167018374524,0.023255813953488334
2023-08-07,39.5,40.0,39.5,39.95,39.95,2886,1.9875913604011055,2.026143490271577,2.0247890855835924,2.0506054025906537,2.0506054025906537,-0.0012500000000001063,0.003894961678602868,0.009348155634158781,0.019913198876691372,0.02625359638306632,0.030347317744154317
2023-08-08,39.95,40.0,39.65,39.7,39.7,2886,2.0621964663926,2.026143490271577,2.049718506282493,2.009329604873227,2.009329604873227,-0.0047630985209325075,-0.0041389690204439765,0.0016820857863751888,0.009856915739268753,0.01836650933716399,0.02218598463717131
2023-08-09,39.7,40.0,39.5,39.95,39.95,2886,2.0207491852862143,2.026143490271577,2.0247890855835924,2.0506054025906537,2.0506054025906537,0.004778672032193101,0.00012517211165358763,0.006889019574897087,0.01325217170756472,0.02325700527636907,0.02650850070660803
2023-08-10,38.75,38.8,37.65,38.1,38.1,2886,1.8632495170819494,1.8284036966477728,1.7173262302971477,1.7451644994816977,1.7451644994816977,-0.034465281297516456,-0.042472983161598504,-0.0385262449528936,-0.03354683239266911,-0.023977866584691053,-0.021152693328765702
2023-08-11,38.05,38.2,37.55,37.65,37.65,2886,1.74719712998407,1.729533799835872,1.7007066164978801,1.6708680635903295,1.6708680635903295,-0.036345021755823104,-0.04792009103552922,-0.04715707777965252,-0.044416243654822336,-0.035703309087183825,-0.03196777511141581
2023-08-14,37.6,37.6,36.6,37.05,37.05,2886,1.6725920239925771,1.63066390302397,1.5428202854048416,1.5718061490685058,1.5718061490685058,-0.03741231488698358,-0.05593069180787363,-0.05868902439024396,-0.05743178782675063,-0.05082748373213101,-0.04645476772616137
2023-08-15,37.0,37.05,36.6,36.6,36.6,2886,1.5731185493372521,1.540033164279726,1.5428202854048416,1.4975097131771387,1.4975097131771387,-0.03353578030102992,-0.05864197530864217,-0.06632653061224493,-0.06614785992217902,-0.062115621156211547,-0.05666050947205629
2023-08-16,36.3,36.35,35.6,35.8,35.8,2886,1.4570661622393726,1.424684951332508,1.376624147412169,1.3654271604813732,1.3654271604813732,-0.03347732181425491,-0.06770833333333337,-0.08150175318566671,-0.0824629973729737,-0.08087291399229796,-0.07513455328310024
2023-08-17,35.5,35.85,35.2,35.65,35.65,2886,1.32443486269894,1.3422933706559232,1.3101456922151,1.3406616818509176,1.3406616818509176,-0.024623803009575885,-0.06196553085120389,-0.0790493412554896,-0.0825451971948788,-0.08232084019769359,-0.07694299400163977
2023-08-18,35.45,36.3,35.3,35.7,35.7,2886,1.3161454064776634,1.4164457932648489,1.3267653060143665,1.3489168413944037,1.3489168413944037,-0.012721238938052926,-0.05091054100757674,-0.0707158351409977,-0.07692307692307679,-0.07875722543352583,-0.07425015126631489
2023-08-21,36.1,36.1,35.5,35.6,35.6,2886,1.4239083373542651,1.3834891609942155,1.3600045336129014,1.3324065223074328,1.3324065223074328,-0.007527181488709314,-0.04249596557288842,-0.06610703043022043,-0.07502435855797326,-0.07819782496115993,-0.07548476454293628
2023-08-22,35.6,35.7,35.05,35.3,35.3,2886,1.3410137751414943,1.317575896452948,1.285216271516198,1.2828755650465202,1.2828755650465202,-0.008705419825891668,-0.03919433859553614,-0.06589044720825621,-0.07838913909013784,-0.08254496309387675,-0.08204394747107029
2023-08-23,35.3,35.5,35.2,35.3,35.3,2886,1.2912770378138312,1.2846192641823135,1.3101456922151,1.2828755650465202,1.2828755650465202,-0.005913827090960516,-0.02687801516195731,-0.057074169708841514,-0.0737339281028602,-0.07871385322058684,-0.08017024233475206
2023-08-24,35.5,36.05,35.3,35.85,35.85,2886,1.32443486269894,1.3752500029265564,1.3267653060143665,1.3736823200248593,1.3736823200248593,0.008438818565400965,-0.005547850208044265,-0.03594478307637126,-0.054588607594936715,-0.061420043983663124,-0.06392793420079178
2023-08-25,35.75,36.0,35.5,35.65,35.65,2886,1.3658821438053252,1.3670108448588985,1.3600045336129014,1.3406616818509176,1.3406616818509176,0.0030951041080472547,-0.0055788005578801345,-0.034485871625891305,-0.05431394654817975,-0.06302565180824231,-0.06716092455298743
2023-08-28,35.7,36.5,35.7,36.2,36.2,2886,1.3575926875840487,1.4494024255354832,1.3932437612114363,1.4314684368292565,1.4314684368292565,0.015143017386427546,0.012162728924926668,-0.01290674422832201,-0.03479536061858418,-0.04540899741574796,-0.05053331001923402
2023-08-29,36.4,36.6,36.15,36.6,36.6,2886,1.473645074681927,1.4658807416708004,1.4680320233081385,1.4975097131771387,1.4975097131771387,0.018930957683741638,0.023346847476583277,0.00365630712979889,-0.019358295934087926,-0.03241156876222701,-0.0381077529566359
2023-08-30,36.75,36.8,36.3,36.45,36.45,2886,1.5316712682308666,1.4988373739414336,1.4929614440070391,1.472744234546683,1.472744234546683,0.008298755186721912,0.017303935249790806,0.00597976080956767,-0.017917284116933642,-0.033617901267299445,-0.03965221973389547
2023-08-31,36.45,36.45,35.9,35.9,35.9,2886,1.4819345309032048,1.4411632674678252,1.4264829888099704,1.3819374795683441,1.3819374795683441,-0.007190265486725804,0.0012550550829731337,-0.005172732311102921,-0.027890603845112407,-0.04439948892674633,-0.05168618473188352
2023-09-01,35.95,36.2,35.9,36.0,36.0,2886,1.399039968690434,1.3999674771295327,1.4264829888099704,1.398447798655315,1.398447798655315,-0.006348330113165994,0.0032046816218474256,0.0006485685166311524,-0.02040816326530612,-0.03753609239653522,-0.04623128891243885
2023-09-04,36.0,36.2,36.0,36.2,36.2,2886,1.4073294249117108,1.3999674771295327,1.4431026026092377,1.4314684368292565,1.4314684368292565,-0.0008280430582390597,0.007094171651133747,0.00779510022271738,-0.009914529914529837,-0.02818791946308717,-0.038257173219978506
2023-09-05,36.05,36.25,35.95,36.0,36.0,2886,1.4156188811329873,1.4082066351971907,1.4347927957096047,1.398447798655315,1.398447798655315,-0.0030462475768485027,-0.00041649312786340605,0.0033444816053512976,-0.010377293656793478,-0.029126213592232966,-0.04102290889717614
2023-09-06,36.0,36.05,35.55,35.55,35.55,2886,1.4073294249117108,1.3752500029265564,1.3683143405125346,1.3241513627639467,1.3241513627639467,-0.010576120233787796,-0.01359600443951171,-0.008736871456455237,-0.01680149346608592,-0.03601062964369008,-0.04997327632282214
2023-09-07,35.55,36.05,35.55,35.85,35.85,2886,1.3327243189202165,1.3752500029265564,1.3683143405125346,1.3736823200248593,1.3736823200248593,-0.0019487750556792952,-0.00527192008879017,-0.0007432871875870221,-0.005409904286308788,-0.023905467218470925,-0.0387021809081157
2023-09-08,35.8,36.1,35.65,36.1,36.1,2886,1.374171600026602,1.3834891609942155,1.384933954311802,1.4149581177422859,1.4149581177422859,0.004451864218141251,0.00041568518775115886,0.005477671525392421,0.003683881281712665,-0.013337706351809132,-0.028525296017222694
2023-09-11,36.2,36.35,36.0,36.2,36.2,2886,1.4404872497968193,1.424684951332508,1.4431026026092377,1.4314684368292565,1.4314684368292565,0.0072342793544798315,0.003186919772758819,0.007140869887786359,0.0076548364648575005,-0.006531642790493428,-0.022458256447184754
2023-09-12,36.25,36.6,36.15,36.55,36.55,2886,1.448776706018096,1.4658807416708004,1.4680320233081385,1.4892545536336528,1.4892545536336528,0.013869625520110958,0.01302660753880263,0.014526276831976317,0.017468160623564554,0.006554307116104857,-0.009708737864077697
2023-09-13,36.5,36.6,36.4,36.6,36.6,2886,1.4902239871244813,1.4658807416708004,1.5095810578063067,1.4975097131771387,1.4975097131771387,0.009376723662438042,0.013990857459481995,0.01347609377884432,0.017726798748696638,0.01166454751506452,-0.004758667573079461
2023-09-14,36.8,37.5,36.65,37.5,37.5,2886,1.5399607244521434,1.6141855868886528,1.5511300923044749,1.6461025849598738,1.6461025849598738,0.024870183110139485,0.03434009102192814,0.03524431765896743,0.040077659131881854,0.03722962881009007,0.021659174499386855
2023-09-15,37.5,37.6,37.25,37.55,37.55,2886,1.6560131115500227,1.63066390302397,1.6508477751000787,1.6543577445033586,1.6543577445033586,0.01816702819956601,0.031310079648448244,0.033012379642365766,0.03879936371809935,0.03872752420470259,0.024929487762714968
2023-09-18,37.5,37.95,37.4,37.85,37.85,2886,1.6560131115500227,1.6883380094975797,1.6757771957989795,1.7038887017642712,1.7038887017642712,0.01719967750604697,0.034859876965140084,0.0381239714755897,0.04384997242140089,0.04610027085291047,0.035095715587967126
2023-09-19,37.8,38.0,37.7,37.8,37.8,2886,1.7057498488776848,1.6965771675652377,1.725636037196782,1.695633542220785,1.695633542220785,0.009076348104644855,0.028431505917562286,0.0344827586206896,0.03888965232925654,0.04333425338117583,0.03552187014884466
2023-09-20,37.65,37.9,37.6,37.85,37.85,2886,1.6808814802138536,1.6800988514299204,1.7090164233975145,1.7038887017642712,1.7038887017642712,0.0037125430920180473,0.02338785994322028,0.03321201091901734,0.036631290653885616,0.04235514430491288,0.038883806038426484
2023-09-21,37.6,37.65,37.1,37.4,37.4,2886,1.6725920239925771,1.638903061091628,1.6259183544011782,1.629592265872903,1.629592265872903,-0.007694348633589789,0.007000538502961713,0.0181488203266787,0.022137195955179077,0.027980869660821105,0.027190332326283845
2023-09-22,37.1,37.85,37.05,37.8,37.8,2886,1.5896974617798065,1.6718596933622625,1.6176085475015438,1.695633542220785,1.695633542220785,0.0015898251192369443,0.01313320825515953,0.02568740955137459,0.0300429184549354,0.036582021609170075,0.038033777289578415
2023-09-25,37.8,38.0,37.7,38.0,38.0,2886,1.7057498488776848,1.6965771675652377,1.725636037196782,1.7286541803947268,1.7286541803947268,0.006089489012443845,0.013603627634035881,0.027767760548142725,0.03295956506965677,0.03933045238225487,0.04261935247850724
2023-09-26,37.7,38.0,37.6,37.85,37.85,2886,1.6891709364351315,1.6965771675652377,1.7090164233975145,1.7038887017642712,1.7038887017642712,0.0018528321863419874,0.006113769271664115,0.02030730523856602,0.027137042062415195,0.032347807113244594,0.037317864157493406
2023-09-27,37.65,37.85,37.45,37.7,37.7,2886,1.6808814802138536,1.6718596933622625,1.6840870026986139,1.6791232231338156,1.6791232231338156,-0.001324503311258203,-0.000795123244102866,0.01235230934479057,0.02133423636979347,0.02557127312295987,0.03141671606401917
2023-09-28,37.7,37.85,37.5,37.7,37.7,2886,1.6891709364351315,1.6718596933622625,1.692396809598247,1.6791232231338156,1.6791232231338156,-0.002909283258397234,-0.001324503311258203,0.009010616468908893,0.018850077697452818,0.023510886680784045,0.02949208083014741
2023-10-02,37.85,37.85,37.25,37.6,37.6,2886,1.7140393050989624,1.6718596933622625,1.6508477751000787,1.6626129040468447,1.6626129040468447,-0.004500926661371503,-0.004105416501125708,0.0036480113889135104,0.013955369783590596,0.018638925010836454,0.02498864152657896
2023-10-03,37.6,37.9,37.25,37.65,37.65,2886,1.6725920239925771,1.6800988514299204,1.6508477751000787,1.6708680635903295,1.6708680635903295,-0.001326259946949715,-0.0022525506823903763,0.0023961661341853945,0.013322567622123468,0.01839329185826345,0.024443335903133648
2023-10-04,37.15,37.35,36.8,36.85,36.85,2886,1.597986918001083,1.5894681126856776,1.5760595130033757,1.5387855108945652,1.5387855108945652,-0.017333333333333294,-0.02098831030818276,-0.019425226184140602,-0.009342025673768496,-0.0035154137371550963,0.001268001086858273
2023-10-05,37.05,37.55,36.85,37.5,37.5,2886,1.5814080055585287,1.622424744956311,1.58436931990301,1.6461025849598738,1.6461025849598738,0.0010678056593699718,-0.0027921818907061286,-0.0037194473963866495,0.005496715377396388,0.012911241964237522,0.016903190816234336
2023-10-06,37.5,37.8,37.25,37.5,37.5,2886,1.6560131115500227,1.6636205352946032,1.6508477751000787,1.6461025849598738,1.6461025849598738,0.0021378941742383295,-0.0030572909743452055,-0.0037194473963866495,0.0032773727509866173,0.011163242193819811,0.015388781082178848
2023-10-11,38.0,38.5,37.7,38.5,38.5,2886,1.7389076737627935,1.7789687482418224,1.725636037196782,1.8112057758295799,1.8112057758295799,0.02393617021276592,0.021626641899960136,0.02112987357439661,0.02673511567437823,0.0353358790942828,0.03979114151962558
2023-10-12,38.5,38.95,38.35,38.95,38.95,2886,1.8218022359755641,1.8531211708507493,1.8336635268920192,1.885502211720948,1.885502211720948,0.02879027997886961,0.030968766543144566,0.031059737051089893,0.03494087950046512,0.04434791934791924,0.04934668402855742
2023-10-13,38.55,38.65,38.3,38.5,38.5,2886,1.8300916921968406,1.8036862224447976,1.8253537199923846,1.8112057758295799,1.8112057758295799,0.008117308195862852,0.017307438234905565,0.017890191239975206,0.020340555224276108,0.029521873997218933,0.03545654220269851
2023-10-16,38.25,38.8,38.2,38.8,38.8,2886,1.7803549548691788,1.8284036966477728,1.8087341061931184,1.8607367330904911,1.8607367330904911,0.009102730819245626,0.022263206428665496,0.02410698574696465,0.02530223954548466,0.0339497948089325,0.04133118625872247
2023-10-17,38.8,38.8,38.35,38.75,38.75,2886,1.8715389733032262,1.8284036966477728,1.8336635268920192,1.8524815735470062,1.8524815735470062,0.0012919896640826139,0.01812926957435622,0.020363381023435254,0.022292573539111096,0.029435205355719786,0.03734439834024905
2023-10-18,38.85,38.85,38.55,38.85,38.85,2886,1.8798284295245038,1.836642854715432,1.866902754490553,1.868991892633977,1.868991892633977,0.002063451122001687,0.017415215398716752,0.021114420886630677,0.02317619173031347,0.02908455181182451,0.03738317757009342
2023-10-19,38.65,38.8,38.1,38.35,38.35,2886,1.846670604639395,1.8284036966477728,1.7921144923938508,1.786440297199124,1.786440297199124,-0.007761966364812346,0.0024833355116977876,0.0073548726030995834,0.009343334649296065,0.013531370579840383,0.02207613378936614
2023-10-20,37.6,37.75,37.05,37.5,37.5,2886,1.6725920239925771,1.6553813772269452,1.6176085475015438,1.6461025849598738,1.6461025849598738,-0.024707412223667173,-0.021398747390396666,-0.014368319607499567,-0.012638230647709425,-0.009927130636814994,-0.0019074657321564794
2023-10-23,37.3,37.45,37.05,37.1,37.1,2886,1.622855286664914,1.6059464288209948,1.6176085475015438,1.5800613086119917,1.5800613086119917,-0.02650223038572548,-0.030825496342737714,-0.023855463953692323,-0.022204651775713277,-0.021004855393709082,-0.01390980774342145
2023-10-24,37.1,37.35,36.85,37.25,37.25,2886,1.5896974617798065,1.5894681126856776,1.58436931990301,1.6048267872424473,1.6048267872424473,-0.014810896588204238,-0.026271075676382236,-0.019134556306503993,-0.018057203110583953,-0.016787203716412284,-0.011149455800371506
2023-10-25,37.15,37.15,36.8,36.85,36.85,2886,1.597986918001083,1.5565114804150433,1.5760595130033757,1.5387855108945652,1.5387855108945652,-0.014969259556268436,-0.03255447624048294,-0.0283881174195815,-0.027383701748597857,-0.02662581224576036,-0.022416766149356834
2023-10-26,36.4,36.75,36.15,36.4,36.4,2886,1.473645074681927,1.4905982158737756,1.4680320233081385,1.4644890750031971,1.4644890750031971,-0.01674770394381409,-0.03792784458834419,-0.03813969875803757,-0.03722806321497055,-0.037037037037037,-0.034525440961938096
2023-10-27,36.5,37.05,36.5,36.95,36.95,2886,1.4902239871244813,1.540033164279726,1.5262006716055743,1.555295829981536,1.555295829981536,0.0010837171498238728,-0.019373673036093334,-0.023778071334213963,-0.021516054286660046,-0.021606736217761886,-0.02028370674797827
2023-10-30,36.85,37.0,36.3,36.55,36.55,2886,1.548250180673421,1.531794006212068,1.4929614440070391,1.4892545536336528,1.4892545536336528,-0.006793478260869566,-0.024162328127085866,-0.03272759350740997,-0.03063254210316937,-0.030863870180834745,-0.030846738554003907
2023-10-31,36.45,36.85,36.45,36.7,36.7,2886,1.4819345309032048,1.5070765320090929,1.517890864705941,1.5140200322641095,1.5140200322641095,0.00027255382938124855,-0.014765100671140863,-0.027385159010600655,-0.02536183773735223,-0.026163562065488432,-0.026180788961613063
2023-11-01,36.9,36.9,36.35,36.65,36.65,2886,1.5565396368946978,1.5153156900767508,1.5012712509066735,1.5057648727206236,1.5057648727206236,0.0,-0.010261949770456266,-0.025525126296197843,-0.025460347005251693,-0.02630180658873544,-0.026732760909976127
2023-11-02,37.0,37.8,36.9,37.8,37.8,2886,1.5731185493372521,1.6636205352946032,1.592679126802643,1.695633542220785,1.695633542220785,0.023558082859463782,0.022312373225152015,0.007104795737122533,0.004918250697859957,0.004464285714285505,0.003850750232372753
2023-11-03,37.8,38.25,37.75,38.25,38.25,2886,1.7057498488776848,1.7377729579035301,1.733945844096415,1.7699299781121534,1.7699299781121534,0.02850228556063464,0.03238866396761141,0.01954686805864063,0.014992702666843511,0.015990225244368803,0.015396867533846708
2023-11-06,38.4,38.65,38.15,38.55,38.55,2886,1.8052233235330097,1.8036862224447976,1.800424299293484,1.8194609353730646,1.8194609353730646,0.02553870710295294,0.03642962763812332,0.027999999999999924,0.021530308049022857,0.0230348707605754,0.022727272727272603
2023-11-07,38.45,38.6,38.2,38.6,38.6,2886,1.8135127797542876,1.7954470643771396,1.8087341061931184,1.8277160949165505,1.8277160949165505,0.016592046352383528,0.03402089472274319,0.029607895438783657,0.021366673281735724,0.02338406066069245,0.022968197879858668
2023-11-08,38.6,38.7,38.35,38.6,38.6,2886,1.8383811484181185,1.8119253805124569,1.8336635268920192,1.8277160949165505,1.8277160949165505,0.006256517205422367,0.02919610718570854,0.03006582458637249,0.02123156293405654,0.022299909952857636,0.022245762711864497
2023-11-09,38.6,38.7,38.45,38.6,38.6,2886,1.8383811484181185,1.8119253805124569,1.8502831406912865,1.8277160949165505,1.8277160949165505,0.002076843198338666,0.023194168323392973,0.029607895438783657,0.021704605611434627,0.021272092284897928,0.02170460561143482
2023-11-10,38.45,38.6,38.35,38.4,38.4,2886,1.8135127797542876,1.7954470643771396,1.8336635268920192,1.794695456742609,1.794695456742609,-0.003891050583657551,0.0139952468972802,0.022636484687083926,0.01654533421575116,0.014316656981351218,0.01591780942722342
2023-11-13,38.45,38.7,38.2,38.5,38.5,2886,1.8135127797542876,1.8119253805124569,1.8087341061931184,1.8112057758295799,1.8112057758295799,-0.0010378827192527023,0.011427820832786085,0.02275746037368288,0.019597457627118505,0.015884743258219345,0.017845340383344274
2023-11-14,38.55,38.6,38.3,38.55,38.55,2886,1.8300916921968406,1.7954470643771396,1.8253537199923846,1.8194609353730646,1.8194609353730646,0.0005190760446406211,0.007843137254901886,0.021733368672144,0.021192052980132374,0.01607801792303636,0.018404367735117968
2023-11-15,38.65,38.9,38.5,38.9,38.9,2886,1.846670604639395,1.84488201278309,1.8585929475909198,1.8772470521774618,1.8772470521774618,0.008033169214822552,0.011046133853151324,0.027288732394366147,0.030395338057082142,0.02487090315101704,0.026475503562318505
2023-11-16,39.0,39.3,38.85,39.2,39.2,2886,1.904696798188335,1.9107952773243577,1.9167615958883555,1.9267780094383744,1.9267780094383744,0.012658227848101318,0.015149553282403232,0.03013314646110745,0.037174229395422705,0.03250276563240799,0.03298344239975401
2023-11-17,39.2,39.6,39.1,39.2,39.2,2886,1.9378546230734437,1.9602302257303093,1.9583106303865236,1.9267780094383744,1.9267780094383744,0.008489837921276187,0.012658227848101318,0.026088473955152337,0.03484688489968322,0.03174185397694381,0.030855539971949664
2023-11-20,39.2,39.3,38.95,39.2,39.2,2886,1.9378546230734437,1.9107952773243577,1.933381209687623,1.9267780094383744,1.9267780094383744,0.004870546013842546,0.01096067053513873,0.021365294424179265,0.031986310385678646,0.03130755064456735,0.029321663019693665
2023-11-21,39.3,39.85,39.2,39.85,39.85,2886,1.9544335355159967,2.001426016068602,1.9749302441857912,2.034095083503683,2.034095083503683,0.014769544181309026,0.024421593830334265,0.03265094584089156,0.04552013642922752,0.04719608976717295,0.044241603703541924
2023-11-22,39.8,39.85,39.6,39.85,39.85,2886,2.0373280977287673,2.001426016068602,2.04140869938286,2.034095083503683,2.034095083503683,0.009883426254434885,0.021140294682895654,0.02697362769521538,0.041421664706651005,0.04609649813618943,0.04301169080439707
2023-11-23,39.75,39.85,39.4,39.7,39.7,2886,2.029038641507491,2.001426016068602,2.008169471784325,2.009329604873227,2.009329604873227,0.003538928210313462,0.014437204548358187,0.01977909067557162,0.03304709862086919,0.040683653140400726,0.03840620776842932
2023-11-24,39.7,39.75,39.5,39.5,39.5,2886,2.0207491852862143,1.9849476999332845,2.0247890855835924,1.9763089666992857,1.9763089666992857,-0.0030287733467946627,0.0064976430118485265,0.012474367737525579,0.02444401218958705,0.03327403997070225,0.03227492486606558
2023-11-27,39.5,40.15,39.45,39.5,39.5,2886,1.9875913604011055,2.0508609644745524,2.0164792786839594,1.9763089666992857,1.9763089666992857,-0.004536290322580638,0.003939509467530665,0.010833404418663947,0.02053998191448138,0.030685732178269545,0.031645845122535134
2023-11-28,39.5,40.0,39.45,39.65,39.65,2886,1.9875913604011055,2.026143490271577,2.0164792786839594,2.0010744453297415,2.0010744453297415,0.0002522704339050961,0.004942339373970353,0.012857629427792838,0.020526349655749294,0.03201457574180106,0.03475272932886754
2023-11-29,39.65,39.65,39.15,39.15,39.15,2886,2.0124597290649366,1.9684693837979674,1.9666204372861569,1.9185228498948883,1.9185228498948883,-0.008860759493670923,-0.0083586626139819,-0.000850701829008884,0.004425630171252631,0.016566265060240917,0.021437578814627965
2023-11-30,39.3,39.5,39.2,39.5,39.5,2886,1.9544335355159967,1.9437519095949922,1.9749302441857912,1.9763089666992857,1.9763089666992857,0.0010136847440447609,-0.00025310048089086334,0.006540389025736882,0.0112,0.022362563412361456,0.029539530842745427
2023-12-01,39.15,39.15,38.6,38.65,38.65,2886,1.9295651668521658,1.8860778031213825,1.8752125613901873,1.8359712544600355,1.8359712544600355,-0.016289132094680595,-0.0204029907489545,-0.015537442689760556,-0.011066334036973005,-0.0013952046300124547,0.006379377685197173
2023-12-04,38.7,39.2,38.7,39.0,39.0,2886,1.8549600608606729,1.8943169611890418,1.8918321751894547,1.8937573712644327,1.8937573712644327,-0.004848175554988459,-0.011030810193990168,-0.007465218866643947,-0.002685078634445643,0.005102829751043771,0.013820891642476298
2023-12-05,38.9,39.0,38.6,38.95,38.95,2886,1.8881178857457805,1.8613603289184073,1.8752125613901873,1.885502211720948,1.885502211720948,-0.0025608194622277675,-0.010039395094675206,-0.009409969481179996,-0.0044092274266726164,0.001491309266687415,0.011031797534068898
2023-12-06,39.0,39.5,38.95,39.5,39.5,2886,1.904696798188335,1.9437519095949922,1.933381209687623,1.9763089666992857,1.9763089666992857,0.009713701431492725,0.004833375731366007,0.0035569105691057056,0.008489181081253488,0.012664718248474588,0.02296270718232035
2023-12-07,39.5,39.55,38.95,39.0,39.0,2886,1.9875913604011055,1.9519910676626502,1.933381209687623,1.8937573712644327,1.8937573712644327,-0.000512557662737138,-0.006116207951070207,-0.008810572687224781,-0.004784688995215311,-0.0013827008757104253,0.00775193798449605
2023-12-08,38.7,39.3,38.7,39.25,39.25,2886,1.8549600608606729,1.9107952773243577,1.8918321751894547,1.9350331689818592,1.9350331689818592,0.0028104241185487847,0.0008925156190234272,-0.0025412960609911416,0.0005098139179198578,0.003990382155829691,0.012206653485773123
2023-12-11,39.25,39.25,38.8,38.9,38.9,2886,1.9461440792947202,1.9025561192566998,1.9084517889887211,1.8772470521774618,1.8772470521774618,-0.005623721881390565,-0.0065125782147872685,-0.01093312992626493,-0.008917197452229336,-0.005318604889025404,0.001158152103976183
2023-12-12,39.35,39.35,38.85,39.3,39.3,2886,1.9627229917372746,1.919034435392017,1.9167615958883555,1.943288328525344,1.943288328525344,0.0028068384792038644,0.004601226993865024,0.0001696640651508467,0.00031816735602898196,0.004190515126737569,0.009201797560453511
2023-12-13,39.25,39.25,38.8,38.9,38.9,2886,1.9461440792947202,1.9025561192566998,1.9084517889887211,1.8772470521774618,1.8772470521774618,-0.0043511645764011935,-0.004987850108709742,-0.008411929645679463,-0.009863188036907486,-0.006334934096250066,-0.0029901751388295723
2023-12-14,39.1,39.55,38.75,39.55,39.55,2886,1.9212757106308893,1.9519910676626502,1.900141982089088,1.9845641262427705,1.9845641262427705,0.009443593670240035,0.011508951406649507,0.008414074451810258,0.006233303650934931,0.009289031797070128,0.012156110044785522
2023-12-15,39.6,39.65,39.2,39.35,39.35,2886,2.00417027284366,1.9684693837979674,1.9749302441857912,1.95154348806883,1.95154348806883,0.0038265306122450436,0.004595353586928764,0.00357051772507015,0.0009538950715421665,0.0032123189883745866,0.006093663442280739
2023-12-18,39.35,39.55,38.95,39.05,39.05,2886,1.9627229917372746,1.9519910676626502,1.933381209687623,1.9020125308079177,1.9020125308079177,-0.004588325261279807,-0.003190810465858328,-0.0033180193976517476,-0.0064877242081159015,-0.0049941395301433275,-0.0020019593644845656
2023-12-19,39.0,39.45,38.85,39.15,39.15,2886,1.904696798188335,1.935512751527334,1.9167615958883555,1.9185228498948883,1.9185228498948883,-0.0012755102040817414,-0.0011481056257176094,8.514986376014054e-05,-0.0030557677616502303,-0.0030557677616502303,8.514986376032206e-05
2023-12-20,39.05,39.1,38.65,38.75,38.75,2886,1.9129862544096115,1.8778386450537246,1.8835223682898203,1.8524815735470062,1.8524815735470062,-0.010722491702833844,-0.009458077709611388,-0.009458077709611388,-0.01185770750988133,-0.013090872045639844,-0.010259248222723522
2023-12-21,38.4,38.55,38.2,38.3,38.3,2886,1.8052233235330097,1.7872079063094806,1.8087341061931184,1.7781851376556381,1.7781851376556381,-0.015930113052415328,-0.01920614596670935,-0.018954918032786938,-0.021586409503129365,-0.02365657183644329,-0.021503087076857618
2023-12-22,38.25,38.55,38.15,38.35,38.35,2886,1.7803549548691788,1.7872079063094806,1.800424299293484,1.786440297199124,1.786440297199124,-0.009555785123966876,-0.01565708418891151,-0.017170681701691483,-0.018867924528301813,-0.021533908251262977,-0.02018395503321408
2023-12-25,38.35,38.8,38.2,38.8,38.8,2886,1.7969338673117332,1.8284036966477728,1.8087341061931184,1.8607367330904911,1.8607367330904911,0.0033617791569691092,-0.003851091142490518,-0.005298239617159559,-0.006465655207733122,-0.009648271989381979,-0.008939974457215873
2023-12-26,38.9,38.9,38.6,38.8,38.8,2886,1.8881178857457805,1.84488201278309,1.8752125613901873,1.8607367330904911,1.8607367330904911,0.005181347150259142,-0.0025706940874036356,-0.005043166082571129,-0.005383235067931322,-0.008585445625511001,-0.009150883166631223
2023-12-27,38.8,39.1,38.7,39.0,39.0,2886,1.8715389733032262,1.8778386450537246,1.8918321751894547,1.8937573712644327,1.8937573712644327,0.009055627425614526,0.002313030069390807,0.0009410556933870009,-6.409845522717073e-05,-0.002608562221881151,-0.0041281865770097055
2023-12-28,38.75,39.2,38.75,39.2,39.2,2886,1.8632495170819494,1.8943169611890418,1.900141982089088,1.9267780094383744,1.9267780094383744,0.009528714911151289,0.008360128617363417,0.005729923886085768,0.005450464892593926,0.0030192927690497443,0.0009788483636210862
2023-12-29,39.1,39.25,38.9,39.2,39.2,2886,1.9212757106308893,1.9025561192566998,1.9250714027879887,1.9267780094383744,1.9267780094383744,0.005128205128205201,0.008749356664951195,0.005815942524803282,0.0047417659874407865,0.003327361146659907,0.0009788483636209047
2024-01-02,39.0,39.3,38.85,39.3,39.3,2886,1.904696798188335,1.9107952773243577,1.9167615958883555,1.943288328525344,1.943288328525344,0.005115089514066387,0.01067249582101065,0.007692307692307619,0.006917755572636331,0.006092877988838063,0.0034469551895824845
2024-01-03,38.95,39.1,38.55,38.65,38.65,2886,1.8964073419670582,1.8778386450537246,1.866902754490553,1.8359712544600355,1.8359712544600355,-0.010749936012285865,-0.0047637440453200015,-0.007871994523829851,-0.009355376137383109,-0.009533083901389138,-0.012140575079872241
2024-01-04,38.65,39.05,38.6,38.75,38.75,2886,1.846670604639395,1.8695994869860653,1.8752125613901873,1.8524815735470062,1.8524815735470062,-0.006919528446950362,-0.002188747264065942,-0.005049640534063645,-0.005836700660637526,-0.006563092857509107,-0.008655609090521594
2024-01-05,38.75,39.15,38.75,38.95,38.95,2886,1.8632495170819494,1.8860778031213825,1.900141982089088,1.885502211720948,1.885502211720948,-0.0005132152938156536,0.0012853470437019091,0.0011137765592872657,-0.0006414368184733439,-0.0008721526780215426,-0.0029012714395423495
2024-01-08,39.1,39.5,39.0,39.45,39.45,2886,1.9212757106308893,1.9437519095949922,1.941691016587256,1.968053807155801,1.968053807155801,0.011019989748846737,0.011279159189951234,0.013791331163268859,0.011927664486340988,0.011123641582940451,0.009941545419635855
2024-01-09,39.55,39.55,39.35,39.45,39.45,2886,1.995880816622382,1.9519910676626502,1.9998596648846918,1.968053807155801,1.968053807155801,0.010243277848911799,0.009596928982725527,0.013097072419106265,0.011214354373598205,0.010657375621253367,0.009984639016897279
2024-01-10,39.35,39.45,39.05,39.35,39.35,2886,1.9627229917372746,1.935512751527334,1.9500008234868893,1.95154348806883,1.95154348806883,0.00408267415156919,0.005622284692052105,0.010183125106965457,0.00858644111239269,0.007682458386683849,0.007682458386683849
2024-01-11,39.3,39.45,39.0,39.2,39.2,2886,1.9544335355159967,1.935512751527334,1.941691016587256,1.9267780094383744,1.9267780094383744,-0.0020366598778003638,0.0012771392081737999,0.00555793073963237,0.004355623879067428,0.004149802756288719,0.0037983867525929037
2024-01-12,39.05,39.2,38.7,39.05,39.05,2886,1.9129862544096115,1.8943169611890418,1.8918321751894547,1.9020125308079177,1.9020125308079177,-0.0063613231552162855,-0.0021719688258594085,0.000426985482493571,0.001153698243814757,0.0002561475409835556,0.0003415592178294446
2024-01-15,39.05,39.25,38.85,38.9,38.9,2886,1.9129862544096115,1.9025561192566998,1.9167615958883555,1.8772470521774618,1.8772470521774618,-0.007399846899719475,-0.0052422963815370255,-0.004351164576401375,-0.002116334252549301,-0.0032286168195563153,-0.0037136637213470622
2024-01-16,38.5,38.95,38.35,38.6,38.6,2886,1.8218022359755641,1.8531211708507493,1.8336635268920192,1.8277160949165505,1.8277160949165505,-0.010763710917478079,-0.011143845267068074,-0.011692412733634808,-0.009240246406570828,-0.010611575331931983,-0.01105939621674686
2024-01-17,38.15,38.4,37.3,37.3,37.3,2886,1.7637760424266244,1.7624904321065054,1.659157581999712,1.613081946785932,1.613081946785932,-0.033929033929033986,-0.041131105398457796,-0.042525883460255154,-0.04032932398533468,-0.04196845944418761,-0.043017189771658505
2024-01-18,37.35,37.85,37.35,37.8,37.8,2886,1.6311447428861918,1.6718596933622625,1.6674673888993463,1.695633542220785,1.695633542220785,-0.013827289329506944,-0.02589872439118659,-0.027694418245734587,-0.02627511591962914,-0.028027770635124797,-0.028776978417266303
2024-01-19,37.6,37.9,37.5,37.9,37.9,2886,1.6725920239925771,1.6800988514299204,1.692396809598247,1.712143861307756,1.712143861307756,-0.005249343832021072,-0.020671834625323106,-0.022944057746841984,-0.02319587628865976,-0.023799711518648247,-0.025289327046720808
2024-01-22,38.0,38.15,37.9,38.1,38.1,2886,1.7389076737627935,1.721294641768213,1.7588752647953159,1.7451644994816977,1.7451644994816977,0.0042171850289932445,-0.012057565149747086,-0.0159276797244942,-0.017724782468578795,-0.017382782276783398,-0.019178787488737404
2024-01-23,38.1,38.15,37.85,37.85,37.85,2886,1.755486586205348,1.721294641768213,1.7505654578956826,1.7038887017642712,1.7038887017642712,0.0015877216194761122,-0.0144512433276917,-0.019937856033143346,-0.02297367062467717,-0.0226204617053142,-0.024735892811130995
2024-01-24,37.85,38.05,37.85,37.85,37.85,2886,1.7140393050989624,1.7048163256328956,1.7505654578956826,1.7038887017642712,1.7038887017642712,-0.0013192612137202418,-0.010586851391974935,-0.018582541054451215,-0.0217742456548427,-0.02130630397683193,-0.023519800490175054
2024-01-25,37.85,38.0,37.75,37.8,37.8,2886,1.7140393050989624,1.6965771675652377,1.733945844096415,1.695633542220785,1.695633542220785,-0.002638522427440671,-0.008264462809917297,-0.01826681672582478,-0.021549213744904164,-0.021637850709183108,-0.023886378308586295
2024-01-26,37.65,38.4,37.65,38.35,38.35,2886,1.6808814802138536,1.7624904321065054,1.7173262302971477,1.786440297199124,1.786440297199124,0.009476177941563742,0.008016822184255479,-0.002946529161972532,-0.006219227779217282,-0.007453801956623111,-0.008659687217267514
2024-01-29,38.25,38.55,38.2,38.35,38.35,2886,1.7803549548691788,1.7872079063094806,1.8087341061931184,1.786440297199124,1.786440297199124,0.008149316508937831,0.009476177941563553,-0.001041938004688514,-0.005123548868279344,-0.007453801956623111,-0.007804751843387591
2024-01-30,38.4,38.4,37.9,37.9,37.9,2886,1.8052233235330097,1.7624904321065054,1.7588752647953159,1.712143861307756,1.712143861307756,-0.003942181340341619,-0.0005274261603376352,-0.010099251262406317,-0.015008771359885662,-0.018185586239054925,-0.018473756906077294
2024-01-31,37.5,37.8,37.5,37.65,37.65,2886,1.6560131115500227,1.6636205352946032,1.692396809598247,1.6708680635903295,1.6708680635903295,-0.009471191791633766,-0.008035831906204709,-0.013709395738735594,-0.020232906121917985,-0.023498288204170527,-0.0236839830581729
2024-02-01,37.75,37.9,37.6,37.9,37.9,2886,1.697460392656408,1.6800988514299204,1.7090164233975145,1.712143861307756,1.712143861307756,-0.003418353931107088,-0.001712103252996308,-0.004901102748118347,-0.012635143936433672,-0.015891150810137148,-0.016478526015310708
2024-02-02,37.9,37.95,37.7,37.9,37.9,2886,1.7223287613202392,1.6883380094975797,1.725636037196782,1.712143861307756,1.712143861307756,-0.0010542962572484514,-0.001712103252996121,-0.0028939752696658626,-0.01128285397508635,-0.01456058242329699,-0.01613810409726136
2024-02-05,37.6,37.8,37.55,37.6,37.6,2886,1.6725920239925771,1.6636205352946032,1.7007066164978801,1.6626129040468447,1.6626129040468447,-0.005027785128340771,-0.008308057497032962,-0.008525973455216593,-0.01673640167364018,-0.02073132617981038,-0.02329205991860753
2024-02-15,37.6,38.0,37.55,37.8,37.8,2886,1.6725920239925771,1.6965771675652377,1.7007066164978801,1.695633542220785,1.695633542220785,0.0007942811755359817,-0.0029016090741230947,-0.0018484288354898412,-0.009369062438576995,-0.013981636060100203,-0.017245861859780078
2024-02-16,37.85,38.25,37.75,37.9,37.9,2886,1.7140393050989624,1.7377729579035301,1.733945844096415,1.712143861307756,1.712143861307756,0.0021152829190903832,-0.0003956217855730072,-0.00026378264310203143,-0.004857555468031908,-0.010598861797107473,-0.01387684301821331
2024-02-19,38.1,38.4,38.05,38.4,38.4,2886,1.755486586205348,1.7624904321065054,1.7838046854942164,1.794695456742609,1.794695456742609,0.012658227848101182,0.011191573403554896,0.01185770750988131,0.00933105532921532,0.002820432466311422,-0.0003471017007983882
2024-02-20,38.4,38.7,38.25,38.6,38.6,2886,1.8052233235330097,1.8119253805124569,1.8170439130927516,1.8277160949165505,1.8277160949165505,0.014188124014713777,0.015789473684210565,0.01587858584086338,0.015188375304096464,0.008412142745180071,0.005382878972043859
2024-02-21,38.6,38.7,38.25,38.35,38.35,2886,1.8383811484181185,1.8119253805124569,1.8170439130927516,1.786440297199124,1.786440297199124,0.0036639623135305043,0.009210526315789511,0.008856541564363551,0.009343334649296065,0.0030339488413453903,-0.00039098136322170124
2024-02-22,38.35,38.55,38.35,38.55,38.55,2886,1.7969338673117332,1.7872079063094806,1.8336635268920192,1.8194609353730646,1.8194609353730646,0.004953076120959274,0.012741363457244173,0.012874408828166107,0.014673948805685266,0.009215142154039393,0.005477308294209539
2024-02-23,38.4,38.55,38.3,38.3,38.3,2886,1.8052233235330097,1.7872079063094806,1.8253537199923846,1.7781851376556381,1.7781851376556381,-0.0036420395421436153,0.004458431681090862,0.005513258072984871,0.006768745482026501,0.0037739805011005145,-0.0007392268556768966
2024-02-26,38.15,38.3,38.1,38.15,38.15,2886,1.7637760424266244,1.746012115971188,1.7921144923938508,1.7534196590251825,1.7534196590251825,-0.006251628028132378,-0.0001310444240596371,0.0009620430295610158,0.0023646873357856917,0.0009445348166026723,-0.004133130302371063
2024-02-27,38.1,38.4,38.1,38.2,38.2,2886,1.755486586205348,1.7624904321065054,1.7921144923938508,1.7616748185686684,1.7616748185686684,-0.0028713129731140546,0.0003928244074898669,0.0025369608958097575,0.0032829940906106366,0.0031512605042018004,-0.0021767522855897763
2024-02-29,38.2,38.85,38.15,38.7,38.7,2886,1.7720654986479023,1.836642854715432,1.800424299293484,1.8442264140035214,1.8442264140035214,0.008337675872850637,0.010575793184488865,0.015037593984962521,0.015614748720640495,0.016495061987812757,0.011544325854933653
2024-03-01,38.6,38.8,38.55,38.55,38.55,2886,1.8383811484181185,1.8284036966477728,1.866902754490553,1.8194609353730646,1.8194609353730646,0.004429390307451657,0.0046911649726348635,0.00995546240503001,0.010749868904037667,0.012608353033884866,0.008414352356454605
2024-03-04,38.4,38.85,38.4,38.8,38.8,2886,1.8052233235330097,1.836642854715432,1.8419733337916522,1.8607367330904911,1.8607367330904911,0.008316008316008138,0.008840353614144656,0.014467491720411398,0.01603927986906703,0.017571466037240874,0.01544098403559249
2024-03-05,38.65,39.2,38.65,39.05,39.05,2886,1.846670604639395,1.8943169611890418,1.8835223682898203,1.9020125308079177,1.9020125308079177,0.01008794619762011,0.013627514600908464,0.018961468209097835,0.020915032679738488,0.02278679937139857,0.022117523884308116
2024-03-06,39.05,39.55,39.05,39.4,39.4,2886,1.9129862544096115,1.9519910676626502,1.9500008234868893,1.9597986476123148,1.9597986476123148,0.012853470437017995,0.020593187410957177,0.025418582458575516,0.028653482148684722,0.030334728033472712,0.03096380287832525
2024-03-07,39.2,39.55,39.2,39.3,39.3,2886,1.9378546230734437,1.9519910676626502,1.9749302441857912,1.943288328525344,1.943288328525344,0.00717580727831884,0.015503875968992286,0.019807975088660206,0.024771838331160253,0.026431257835352936,0.027988490714098695
2024-03-08,39.25,40.1,39.25,39.9,39.9,2886,1.9461440792947202,2.042621806406894,1.9832400510854242,2.0423502430471676,2.0423502430471676,0.015525579027742414,0.02742371572035529,0.03162975092648461,0.037711313394018287,0.039874902267396435,0.042501306392614485
2024-03-11,39.9,40.1,39.75,39.8,39.8,2886,2.0539070101713217,2.042621806406894,2.0663381200817605,2.025839923960197,2.025839923960197,0.007850088630032979,0.02090547646530711,0.02568507860149461,0.03222459962393827,0.03516437786100699,0.03762926914052321
2024-03-12,39.85,40.05,39.7,39.95,39.95,2886,2.0456175539500454,2.034382648339235,2.0580283131821275,2.0506054025906537,2.0506054025906537,0.007058230400806683,0.020043406102387244,0.026816312542837832,0.033367822038282625,0.03674676908704012,0.03959751919156895
2024-03-13,39.65,40.4,39.65,40.4,40.4,2886,2.0124597290649366,2.0920567548128446,2.049718506282493,2.1249018384820206,2.1249018384820206,0.013293202909455942,0.025771232702805652,0.03518961393918674,0.04163980920458927,0.04619846695670186,0.049032760635305185
2024-03-14,40.4,41.0,40.4,40.9,40.9,2886,2.1368015723840927,2.1909266516247468,2.1743656097769977,2.2074534339168737,2.2074534339168737,0.017666086091067453,0.032697891680343434,0.04345607619695533,0.050064184852374724,0.05635621674673285,0.059448257997668744
2024-03-15,40.9,40.9,40.2,40.9,40.9,2886,2.2196961345968633,2.1744483354894295,2.141126382178464,2.2074534339168737,2.2074534339168737,0.012626887843525576,0.026606425702811305,0.039302049805183814,0.045902058560286264,0.05309233225191835,0.05666551842921102
2024-03-18,40.85,40.9,40.4,40.6,40.6,2886,2.2114066783755866,2.1744483354894295,2.1743656097769977,2.1579224766559624,2.1579224766559624,0.0012330456226881446,0.014492753623188543,0.027674654066824175,0.03465851172273189,0.042201458055241954,0.04643670260750059
2024-03-19,40.55,40.6,40.2,40.2,40.2,2886,2.1616699410479234,2.125013387083479,2.141126382178464,2.0918812003080802,2.0918812003080802,-0.009852216748768438,0.0016195340725052379,0.014041873370890575,0.022120518688024525,0.029502151198524916,0.03399494148411727
2024-03-20,40.25,40.65,40.15,40.15,40.15,2886,2.1119332037202616,2.133252545151137,2.1328165752788295,2.083626040764594,2.083626040764594,-0.009864364981504281,-0.0014921661278289547,0.009470331880657198,0.01884159106768997,0.025857223159078145,0.03111757907802916
2024-03-21,40.2,40.65,40.2,40.6,40.6,2886,2.103643747498985,2.133252545151137,2.141126382178464,2.1579224766559624,2.1579224766559624,0.0027167201778216703,0.006445215666831879,0.01754385964912288,0.027327935222672205,0.03418411533954859,0.040669856459330314
2024-03-22,40.3,40.6,40.0,40.1,40.1,2886,2.1202226599415384,2.125013387083479,2.1078871545799287,2.0753708812211094,2.0753708812211094,-0.005702950657079021,-0.0064420218037660555,0.002416465294558898,0.012690195088073866,0.01905972045743329,0.025925294217977013
2024-03-25,39.9,40.1,39.75,40.0,40.0,2886,2.0539070101713217,2.042621806406894,2.0663381200817605,2.0588605621341385,2.0588605621341385,-0.005222581447401165,-0.009410599306587481,-0.002079002079002138,0.008001008001008066,0.014353096312826559,0.021320056172603113
2024-03-26,40.15,40.7,40.1,40.55,40.55,2886,2.0953542912777072,2.1414917032187963,2.1245067683791965,2.1496673171124763,2.1496673171124763,0.00670307845084417,0.0027200791295746646,0.009124844462878486,0.01878022737265253,0.026062753036437094,0.03303328804347808
2024-03-27,40.65,40.65,40.35,40.5,40.5,2886,2.178248853490478,2.133252545151137,2.1660558028773647,2.1414121575689915,2.1414121575689915,0.0037174721189590725,0.0012360939431396083,0.0060445474869588334,0.014592597231790648,0.022830588948378715,0.029486527707168187
2024-03-28,40.25,40.45,40.15,40.25,40.25,2886,2.1119332037202616,2.1002959128805037,2.1328165752788295,2.100136359851565,2.100136359851565,-0.0007447864945380843,-0.0033428253064257795,-0.0017361111111111182,0.006375796974621714,0.014569469651139418,0.020839497823054456
2024-03-29,40.4,40.6,40.2,40.55,40.55,2886,2.1368015723840927,2.125013387083479,2.141126382178464,2.1496673171124763,2.1496673171124763,0.004458756502353226,0.004956629491945371,0.004624659344289214,0.01134804838508538,0.020074461662306347,0.026062753036437278
2024-04-01,40.55,40.85,40.4,40.65,40.65,2886,2.1616699410479234,2.1662091774217713,2.1743656097769977,2.166177636199447,2.166177636199447,0.0037037037037036687,0.007310122661380116,0.005690252350321722,0.011508553654743355,0.0201776840837222,0.026212816089535747
2024-04-02,40.6,40.6,40.2,40.3,40.3,2886,2.1699593972692015,2.125013387083479,2.141126382178464,2.1083915193950498,2.1083915193950498,-0.0037082818294190013,-0.001610305958131989,-0.003544053408060776,0.0012422360248448266,0.009215666633276625,0.015752993068683052
2024-04-03,40.2,40.25,39.75,39.75,39.75,2886,2.103643747498985,2.067339280609869,2.0663381200817605,2.017584764416712,2.017584764416712,-0.013647642679900675,-0.01425914445133299,-0.016089108910891055,-0.01285155522443654,-0.006100915137270585,0.00092328353197906
2024-04-08,39.7,40.05,39.7,40.0,40.0,2886,2.0207491852862143,2.034382648339235,2.0580283131821275,2.0588605621341385,2.0588605621341385,-0.006211180124223602,-0.006581398236681996,-0.00842835894893397,-0.007505737857452886,-0.0011486790191279873,0.005825405473366644
2024-04-09,40.05,40.4,39.95,40.4,40.4,2886,2.078775378835153,2.0920567548128446,2.0995773476802957,2.1249018384820206,2.1249018384820206,0.0044753853804077506,0.002605782355130832,0.0023155805491233967,0.0017977806707581182,0.006979062811565333,0.014310820989204125
2024-04-10,40.35,40.65,40.35,40.5,40.5,2886,2.128512116162816,2.133252545151137,2.1660558028773647,2.1414121575689915,2.1414121575689915,0.007713361532719639,0.0038418639236584744,0.0049627791563276145,0.0034066274388356234,0.007763511495969064,0.014952802606298669
2024-04-11,40.1,40.45,39.9,40.15,40.15,2886,2.0870648350564305,2.1002959128805037,2.0912675407806613,2.083626040764594,2.083626040764594,-0.0002490039840638724,-0.003845676715047789,-0.0036396724294813867,-0.0055111771626727025,-0.0020381785643269223,0.004503377533149855
2024-04-12,39.9,40.1,39.9,39.95,39.95,2886,2.0539070101713217,2.042621806406894,2.0912675407806613,2.0506054025906537,2.0506054025906537,-0.006218905472636815,-0.007453416149068253,-0.008274720728175132,-0.009913258983890744,-0.007552044517314924,-0.0019569471624266096
2024-04-15,39.95,40.1,39.8,39.8,39.8,2886,2.0621964663926,2.042621806406894,2.074647926981394,2.025839923960197,2.025839923960197,-0.008964143426294983,-0.010073373958462906,-0.01068854088988334,-0.012284402531331543,-0.011769379748721179,-0.006614251840758958
2024-04-16,39.7,40.05,39.1,39.1,39.1,2886,2.0207491852862143,2.034382648339235,1.9583106303865236,1.9102676903514035,1.9102676903514035,-0.020050125313283138,-0.023964053919121164,-0.026475226159847272,-0.027484143763213453,-0.028378311217136225,-0.024532224532224554
2024-04-17,39.1,39.45,38.95,39.0,39.0,2886,1.9212757106308893,1.935512751527334,1.933381209687623,1.8937573712644327,1.8937573712644327,-0.015151515151515187,-0.02243388895851601,-0.02735056945714534,-0.028037383177570093,-0.030092016911216136,-0.0271888251434272
2024-04-18,39.2,39.45,38.95,39.2,39.2,2886,1.9378546230734437,1.935512751527334,1.933381209687623,1.9267780094383744,1.9267780094383744,-0.005328596802841939,-0.01470403418373761,-0.020163306115647348,-0.021834061135371178,-0.024390243902438945,-0.02232198528494815
2024-04-19,39.0,39.3,38.0,38.7,38.7,2886,1.904696798188335,1.9107952773243577,1.7754948785945834,1.8442264140035214,1.8442264140035214,-0.01174668028600615,-0.024697580645161213,-0.029750961056326103,-0.03256046497093919,-0.03520143597925788,-0.034230337312315506
2024-04-22,39.4,39.7,39.2,39.5,39.5,2886,1.9710124479585511,1.9767085418656265,1.9749302441857912,1.9763089666992857,1.9763089666992857,0.010230179028132955,-0.0032803431743629206,-0.008451175633838156,-0.01120220289129495,-0.01388056720591166,-0.014430074437559774
2024-04-23,39.85,40.1,39.65,40.0,40.0,2886,2.0456175539500454,2.042621806406894,2.049718506282493,2.0588605621341385,2.0588605621341385,0.018329938900203638,0.010356150543066343,0.005025125628140776,0.001439569380985102,-0.0004997501249376093,-0.0020375067570378115
2024-04-24,40.5,40.5,39.3,39.35,39.35,2886,2.153380484826647,2.108535070948162,1.9915498579850575,1.95154348806883,1.95154348806883,0.0,-0.003166561114629512,-0.009148900453248366,-0.01403157103482842,-0.015511633725293907,-0.017886855241264606
2024-04-25,39.0,39.3,38.95,39.0,39.0,2886,1.904696798188335,1.9107952773243577,1.933381209687623,1.8937573712644327,1.8937573712644327,-0.007886034088018374,-0.00914634146341462,-0.015814266487214138,-0.02090001882884587,-0.023095035318871728,-0.025852379168227718
2024-04-26,39.0,39.45,38.95,39.1,39.1,2886,1.904696798188335,1.935512751527334,1.933381209687623,1.9102676903514035,1.9102676903514035,-0.00736227468900734,-0.004455760661998655,-0.012210526315789496,-0.016661427224143387,-0.01955867602808428,-0.02229631173161073
2024-04-29,39.3,40.2,39.3,40.1,40.1,2886,1.9544335355159967,2.0591001225422114,1.9915498579850575,2.0753708812211094,2.0753708812211094,0.014932928372563813,0.02022643429589115,0.012882040919424046,0.008678153691359549,0.006021073758153588,0.0033779557112472913
2024-04-30,40.0,40.35,39.95,40.0,40.0,2886,2.070485922613876,2.0838175967451864,2.0995773476802957,2.0588605621341385,2.0588605621341385,0.012401923563654639,0.015357278842492621,0.01103715561546907,0.006859228494116188,0.003613006824568405,0.001627644922999996
2024-05-02,40.0,40.35,39.8,39.95,39.95,2886,2.070485922613876,2.0838175967451864,2.074647926981394,2.0506054025906537,2.0506054025906537,0.008074690890739346,0.011648518612306934,0.01071006915162774,0.00648737166971091,0.0024087920911327254,0.0009186570903625066
2024-05-03,40.0,40.25,40.0,40.05,40.05,2886,2.070485922613876,2.067339280609869,2.1078871545799287,2.0671157216776237,2.0671157216776237,0.00527108433734924,0.012002526847757279,0.013410931174089098,0.009324596774193485,0.005422503389064467,0.0035498016287324884
2024-05-06,40.2,41.2,40.2,41.15,41.15,2886,2.103643747498985,2.223883283895381,2.141126382178464,2.2487292316343,2.2487292316343,0.022360248447204932,0.03340030135610242,0.03914141414141407,0.035220125786163486,0.03236327145007524,0.030252451491758692
2024-05-07,41.2,41.2,40.65,40.95,40.95,2886,2.2694328719245265,2.223883283895381,2.215914644275166,2.2157085934603598,2.2157085934603598,0.013112320633349854,0.024646565745027063,0.032092749726959774,0.0289591054714493,0.02662454873646203,0.024945770065075815
2024-05-08,41.0,41.15,40.9,41.1,41.1,2886,2.2362750470394177,2.2156441258277217,2.257463678773334,2.2404740720908154,2.2404740720908154,0.011318897637795297,0.025577043044291915,0.03240391861341388,0.031820749388062654,0.029817088449010397,0.027842614204735
2024-05-09,41.0,41.0,40.55,40.65,40.65,2886,2.2362750470394177,2.1909266516247468,2.1992950304758985,2.166177636199447,2.166177636199447,-0.003187837175085889,0.011068275090162923,0.018286573146292687,0.020331325301204878,0.018541718867451817,0.016038325348885624
2024-05-10,40.6,40.95,40.55,40.95,40.95,2886,2.1699593972692015,2.1826874935570886,2.1992950304758985,2.2157085934603598,2.2157085934603598,-0.00024414062499995143,0.01361386138613872,0.022812421946549012,0.026830491474423276,0.025390625000000073,0.023195768958481033
2024-05-13,40.95,41.05,40.7,41.05,41.05,2886,2.227985590818141,2.1991658096924045,2.2242244511748,2.2322189125473293,2.2322189125473293,0.0026868588177819323,0.011208276881389293,0.021313650688339576,0.027920370602228493,0.026557967390217006,0.025224775224775176
2024-05-14,40.95,41.0,40.5,40.5,40.5,2886,2.227985590818141,2.1909266516247468,2.1909852235762655,2.1414121575689915,2.1414121575689915,-0.008567931456548382,-0.0033222591362125757,0.005961251862891257,0.013259944958719069,0.012297540491901552,0.011278039036164669
2024-05-15,40.75,41.1,40.6,40.85,40.85,2886,2.194827765933032,2.207404967760064,2.207604837375533,2.199198274373389,2.199198274373389,0.0012254901960785359,0.003192534381139552,0.013228606862339762,0.01978406041315619,0.02058661869784653,0.01976284584980249
2024-05-16,41.0,41.2,40.75,40.8,40.8,2886,2.2362750470394177,2.223883283895381,2.2325342580744336,2.190943114829903,2.190943114829903,-0.0007347538574577796,-0.00012253400318594678,0.00956779940613668,0.016252568653091812,0.01903191967630734,0.018387553041018516
2024-05-17,40.8,41.0,40.75,40.85,40.85,2886,2.203117222154309,2.1909266516247468,2.2325342580744336,2.199198274373389,2.199198274373389,0.0009801519235483032,-0.000856059679589008,0.00772962749773883,0.015411384538901252,0.01956771327309936,0.01916919622437517
2024-05-20,40.9,40.95,40.55,40.8,40.8,2886,2.2196961345968633,2.1826874935570886,2.1992950304758985,2.190943114829903,2.190943114829903,0.0009813542688908742,-0.0012239902080784398,0.003690036900368969,0.011528449237634717,0.017456359102244284,0.017033651848774325
2024-05-21,40.65,40.8,40.45,40.6,40.6,2886,2.178248853490478,2.1579700193541123,2.182675416676632,2.1579224766559624,2.1579224766559624,-0.004413928396272675,-0.005267671199314061,-0.0020483408439163115,0.005199306759098808,0.011661516993919973,0.011543891703347022
2024-05-22,40.8,40.95,40.45,40.55,40.55,2886,2.203117222154309,2.1826874935570886,2.182675416676632,2.1496673171124763,2.1496673171124763,-0.004174852652259374,-0.005152109911678137,-0.004174852652259548,0.003278282922001439,0.00895745210251305,0.010172306414780938
2024-05-23,40.1,40.45,40.0,40.1,40.1,2886,2.0870648350564305,2.1002959128805037,2.1078871545799287,2.0753708812211094,2.0753708812211094,-0.011828486939378928,-0.014863038938705242,-0.015467714215565984,-0.00877518230132238,-0.003330516478600197,-0.000706068031731594
2024-05-24,40.05,40.3,40.0,40.0,40.0,2886,2.078775378835153,2.0755784386775273,2.1078871545799287,2.0588605621341385,2.0588605621341385,-0.010146003464489078,-0.015020930805220375,-0.017842527418562945,-0.012467596593013098,-0.006606069636914475,-0.0030738556118634587
2024-05-27,40.05,40.05,39.65,39.8,39.8,2886,2.078775378835153,2.034382648339235,2.049718506282493,2.025839923960197,2.025839923960197,-0.010196468540164054,-0.016919846856860623,-0.020588959068165026,-0.01825357671435641,-0.012651947407591294,-0.007934859374350924
2024-05-28,39.8,39.95,39.7,39.8,39.8,2886,2.0373280977287673,2.0179043322039187,2.0580283131821275,2.025839923960197,2.025839923960197,-0.006242197253433209,-0.015217122355561104,-0.018737672583826383,-0.01789019123997536,-0.012945786419324576,-0.007934859374350924
2024-05-29,39.75,39.8,39.0,39.0,39.0,2886,2.029038641507491,1.9931868580009426,1.941691016587256,1.8937573712644327,1.8937573712644327,-0.01862103673880209,-0.030574198359433185,-0.03513112320633337,-0.03644224830142066,-0.031825629313341035,-0.027795089118783544
2024-05-30,38.85,39.2,38.85,38.9,38.9,2886,1.8798284295245038,1.8943169611890418,1.9167615958883555,1.8772470521774618,1.8772470521774618,-0.015189873417721378,-0.028471528471528486,-0.03481928707302942,-0.03766466695528482,-0.03387641565666611,-0.030207337848506412
2024-05-31,39.0,39.4,38.9,39.05,39.05,2886,1.904696798188335,1.927273593459675,1.9250714027879887,1.9020125308079177,1.9020125308079177,-0.006614093106080007,-0.020321123933768247,-0.028042810918443507,-0.03275744628150362,-0.030199175483037827,-0.026346409574468217
2024-06-03,39.2,39.3,39.0,39.3,39.3,2886,1.9378546230734437,1.9107952773243577,1.941691016587256,1.943288328525344,1.943288328525344,0.00229533282325946,-0.010324855200201377,-0.018971542685970996,-0.024329692154915518,-0.024184337289566562,-0.020601428808772256
2024-06-04,39.0,39.2,38.85,39.15,39.15,2886,1.904696798188335,1.8943169611890418,1.9167615958883555,1.9185228498948883,1.9185228498948883,0.0017911975435005191,-0.01048906862125614,-0.020515386539904937,-0.025877083851704383,-0.026990754548165786,-0.024055839461548132
2024-06-05,39.3,39.3,39.0,39.15,39.15,2886,1.9544335355159967,1.9107952773243577,1.941691016587256,1.9185228498948883,1.9185228498948883,0.0010227563283047596,-0.006975269499048791,-0.01773019988291387,-0.023508137432188127,-0.026167852345654437,-0.023366040246133396
2024-06-06,39.05,39.4,39.05,39.3,39.3,2886,1.9129862544096115,1.927273593459675,1.9500008234868893,1.943288328525344,1.943288328525344,0.0028068384792038644,-0.0011437285550896354,-0.011486543137419399,-0.018113678950655875,-0.02180406212664289,-0.019583385306224364
2024-06-07,39.3,39.5,39.1,39.35,39.35,2886,1.9544335355159967,1.9437519095949922,1.9583106303865236,1.95154348806883,1.95154348806883,0.002547770700636979,0.0017820773930755447,-0.007733041943347017,-0.014895481286769279,-0.01987645710869769,-0.01862166431124789
2024-06-11,39.1,39.45,39.1,39.2,39.2,2886,1.9212757106308893,1.935512751527334,1.9583106303865236,1.9267780094383744,1.9267780094383744,-0.0007647208768799677,-0.0005099439061702198,-0.008849557522123573,-0.016372874976475663,-0.021712003993012166,-0.022443890274314177
2024-06-12,39.2,39.4,39.2,39.25,39.25,2886,1.9378546230734437,1.927273593459675,1.9749302441857912,1.9350331689818592,1.9350331689818592,0.0,0.0021703051193668033,-0.005321844906234182,-0.013571249057552129,-0.018799060046997537,-0.02050492866946735
2024-06-13,39.35,39.55,39.35,39.45,39.45,2886,1.9627229917372746,1.9519910676626502,1.9998596648846918,1.968053807155801,1.968053807155801,0.0035614347494276406,0.006120887528691893,0.0016079891672310348,-0.006797583081570897,-0.012169471153846256,-0.015063249001331342
2024-06-14,39.45,39.6,39.35,39.55,39.55,2886,1.979301904179829,1.9602302257303093,1.9998596648846918,1.9845641262427705,1.9845641262427705,0.004827235772357666,0.007001909611712249,0.005082592121982103,-0.00271071045829923,-0.008573147498245231,-0.012237762237762288
2024-06-17,39.6,39.9,39.6,39.8,39.8,2886,2.00417027284366,2.0096651741362597,2.04140869938286,2.025839923960197,2.025839923960197,0.008871989860582873,0.011435832274459866,0.01177866282518407,0.00492362075495501,-0.001154444611755242,-0.005787085224197572
2024-06-18,39.9,40.1,39.85,40.1,40.1,2886,2.0539070101713217,2.042621806406894,2.0829577338810283,2.0753708812211094,2.0753708812211094,0.011859702245773375,0.01699213796601577,0.018887100872363824,0.013393985342431164,0.007335209003215474,0.0025835486290525585
2024-06-19,40.1,40.2,39.9,39.95,39.95,2886,2.0870648350564305,2.0591001225422114,2.0912675407806613,2.0506054025906537,2.0506054025906537,0.004526024641689888,0.011136421159200325,0.014817950889077114,0.010433133101485966,0.004122052983461556,-0.00033363916923834295
2024-06-20,40.0,40.05,39.7,40.0,40.0,2886,2.070485922613876,2.034382648339235,2.0580283131821275,2.0588605621341385,2.0588605621341385,0.0030090270812438455,0.010228564212653142,0.014370245139475993,0.012401923563654821,0.006238679814852021,0.0018367006177994081
2024-06-21,40.0,40.15,39.9,40.0,40.0,2886,2.070485922613876,2.0508609644745524,2.0912675407806613,2.0588605621341385,2.0588605621341385,0.0007505629221916722,0.008445733013992205,0.01248734390820112,0.012530059486141111,0.007049345417925507,0.00238065405337692
2024-06-24,40.0,40.35,39.8,40.35,40.35,2886,2.070485922613876,2.0838175967451864,2.074647926981394,2.116646678938536,2.116646678938536,0.006736526946107684,0.014711429649189006,0.019110961441320115,0.020937440698336588,0.016372795969773264,0.011658518239939733
2024-06-25,40.6,40.7,40.3,40.65,40.65,2886,2.1699593972692015,2.1414917032187963,2.1577459959777303,2.166177636199447,2.166177636199447,0.011445633242100047,0.018541718867451817,0.024359512809743855,0.027423227600151673,0.024084244470196903,0.01952096308991354
2024-06-26,40.65,40.7,40.2,40.25,40.25,2886,2.178248853490478,2.1414917032187963,2.141126382178464,2.100136359851565,2.100136359851565,0.0,0.005998500374906323,0.012408820323635423,0.016735080517840263,0.014364919354838718,0.0096998076762272
2024-06-27,39.85,40.25,39.8,40.25,40.25,2886,2.0456175539500454,2.067339280609869,2.074647926981394,2.100136359851565,2.100136359851565,-0.0012406947890818154,0.003991020204539878,0.010544815465729393,0.015132408575031562,0.014671775738630653,0.01020664268384505
2024-06-28,40.25,40.7,40.25,40.4,40.4,2886,2.1119332037202616,2.1414917032187963,2.1494361890780973,2.1249018384820206,2.1249018384820206,0.0004952947003466077,0.005600497822028661,0.01244674630356703,0.01699181875393322,0.01814516129032255,0.014310820989203945
2024-07-01,40.4,40.8,40.3,40.75,40.75,2886,2.1368015723840927,2.1579700193541123,2.1577459959777303,2.182687955286418,2.182687955286418,0.007167572911517527,0.011919543084181694,0.01883490290857582,0.023612157749309342,0.02618987660538905,0.023183796451288884
2024-07-02,40.35,41.0,40.3,40.75,40.75,2886,2.128512116162816,2.1909266516247468,2.1577459959777303,2.182687955286418,2.182687955286418,0.006669960474308201,0.010288831040039647,0.016209476309226898,0.021751394721995856,0.02520881553788858,0.023226616446955357
2024-07-03,40.75,42.8,40.65,42.75,42.75,2886,2.194827765933032,2.4875363420604515,2.215914644275166,2.51289433702583,2.51289433702583,0.0431918008784772,0.0525667856703188,0.059917355371900766,0.06708268330733229,0.07234234686198766,0.07151808839502043
2024-07-04,42.55,42.6,41.85,41.95,41.95,2886,2.493248189899006,2.4545797097898183,2.4153500098663736,2.380811784330066,2.380811784330066,0.015246853823814022,0.027934329821122286,0.03580246913580254,0.043467446054349906,0.04916966786714707,0.05023783693565869
2024-07-05,42.0,42.4,41.9,42.1,42.1,2886,2.402064171464959,2.421623077519184,2.423659816766007,2.4055772629605214,2.4055772629605214,0.010561689870379205,0.02632862018527543,0.035161052372756324,0.04356447914730124,0.04956122856003208,0.052236940764808885
2024-07-08,42.1,42.4,41.9,42.1,42.1,2886,2.4186430839075133,2.421623077519184,2.423659816766007,2.4055772629605214,2.4055772629605214,0.0040543763415216245,0.021968685520087416,0.031272964807707936,0.04001976284584974,0.046378684694536945,0.05039920159680647
2024-07-09,42.1,42.2,41.4,41.65,41.65,2886,2.4186430839075133,2.3886664452485507,2.3405617477696707,2.331280827069153,2.331280827069153,-0.010923771075753997,0.008596682407070998,0.017673888255416267,0.025798904008373674,0.03278119420749858,0.03757525430766036
2024-07-10,42.15,42.5,41.6,41.65,41.65,2886,2.42693254012879,2.438101393654501,2.3738009753682054,2.331280827069153,2.331280827069153,-0.005729291000238768,0.005188850006033457,0.014863547758284587,0.02277610657498913,0.030226575640644952,0.03598374927452115
2024-07-11,42.0,42.4,41.75,41.75,41.75,2886,2.402064171464959,2.421623077519184,2.3987303960671063,2.347791146156124,2.347791146156124,-0.002389486260454036,0.003967776842611498,0.01441645743905403,0.022344658708295106,0.03005033060298045,0.036108698349671314
2024-07-12,41.75,42.35,41.75,42.05,42.05,2886,2.360616890358574,2.4133839194515256,2.3987303960671063,2.3973221034170353,2.3973221034170353,0.005019120458891034,0.007185628742514902,0.018324184694866026,0.026548672566371646,0.034643964371831946,0.04084158415841581
2024-07-15,42.25,42.3,41.75,41.95,41.95,2886,2.4435114525713444,2.4051447613838666,2.3987303960671063,2.380811784330066,2.380811784330066,0.003348481224587433,0.0019106759016003201,0.013285024154589476,0.02142683223764311,0.029548912776714294,0.035887727384969946
2024-07-16,41.95,42.1,41.75,41.85,41.85,2886,2.3937747152436826,2.3721881291132334,2.3987303960671063,2.364301465243095,2.364301465243095,0.0,-0.003096712720343081,0.008919961427193765,0.016825608941262286,0.024429648487222285,0.03125385026079094
2024-07-17,41.85,42.2,41.65,41.9,41.9,2886,2.377195802801128,2.3886664452485507,2.382110782267839,2.3725566247865797,2.3725566247865797,0.0,0.0001193459840076992,0.007453714835296829,0.01563446854926666,0.022999169881341867,0.030158990329454367
2024-07-18,42.1,42.75,41.85,42.75,42.75,2886,2.4186430839075133,2.4792971839927933,2.4153500098663736,2.51289433702583,2.51289433702583,0.015439429928741059,0.018463371054198895,0.02378861658816953,0.032795796339916694,0.04039912387442191,0.04796535381598292
2024-07-19,42.4,42.6,41.7,42.25,42.25,2886,2.4683798212351755,2.4545797097898183,2.3904205891674732,2.430342741590977,2.430342741590977,0.0026103464641670485,0.0061919504643964075,0.008834765998089718,0.017949644621129923,0.025535220156318258,0.03321785204809458
2024-07-22,41.9,42.45,41.6,42.45,42.45,2886,2.3854852590224045,2.429862235586843,2.3738009753682054,2.463363379764919,2.463363379764919,0.004971590909090929,0.01011302795954799,0.010874742022543182,0.020187454938716737,0.02774549680418363,0.035492133186974154
2024-07-23,42.4,42.9,42.3,42.75,42.75,2886,2.4683798212351755,2.5040146581957687,2.490138271963076,2.51289433702583,2.51289433702583,0.007779349363507739,0.014595941616233583,0.014796645038771823,0.024811218985976182,0.032359333494325127,0.03980865899140596
2024-07-26,42.35,42.75,42.15,42.7,42.7,2886,2.4600903650138988,2.4792971839927933,2.465208851264175,2.5046391774823453,2.5046391774823453,0.0028182245185534183,0.010890151515151705,0.01368995805966609,0.020615476546160843,0.028420038535645464,0.035695516837126684
2024-07-29,42.8,43.35,42.75,43.3,43.3,2886,2.5346954710053917,2.5781670808046955,2.564926534059779,2.603701092004168,2.603701092004168,0.01428906066994611,0.021346856940676995,0.025742261528742705,0.031197904262919626,0.03956592720637655,0.04698960264366876
2024-07-30,43.2,43.2,42.4,42.75,42.75,2886,2.6010111207756093,2.5534496066017205,2.5067578857623434,2.51289433702583,2.51289433702583,-0.0009347978499649252,0.006711409395973242,0.01167468644000944,0.015258564388766806,0.023657870791628743,0.031031433394967497
2024-07-31,42.5,43.2,42.4,43.2,43.2,2886,2.48495873367773,2.5534496066017205,2.5067578857623434,2.587190772917198,2.587190772917198,0.006054960409874363,0.014322610941535726,0.02055279943302633,0.0229694529955008,0.03161715541121401,0.03904433576525298
2024-08-01,43.2,43.3,43.05,43.3,43.3,2886,2.6010111207756093,2.5699279227370364,2.6147853754575805,2.603701092004168,2.603701092004168,0.005807200929152149,0.013221013221013168,0.02026390197926466,0.022251077141002076,0.031394407126863845,0.038784486205517804
2024-08-02,42.5,43.0,42.05,42.6,42.6,2886,2.48495873367773,2.520492974331086,2.4485892374649074,2.4881288583953745,2.4881288583953745,-0.009993028119916331,-0.004789160144842853,0.0022743314249863804,0.0059031877213695395,0.01245365529042704,0.019830028328611894
2024-08-05,41.5,41.95,40.15,40.9,40.9,2886,2.3191696092521883,2.3474706549102584,2.1328165752788295,2.2074534339168737,2.2074534339168737,-0.0387779083431257,-0.0403566400750821,-0.03643788283335968,-0.03303977776464332,-0.02854971260272667,-0.021570112834416424
2024-08-06,41.05,42.0,40.0,41.8,41.8,2886,2.2445645032606945,2.355709812977916,2.1078871545799287,2.356046305699609,2.356046305699609,-0.013220018885741319,-0.018203170874926733,-0.014847984916332845,-0.011411340389049883,-0.008491863940414728,-0.001473105864553906
2024-08-07,41.05,41.75,41.05,41.55,41.55,2886,2.2445645032606945,2.314514022639624,2.282393099472235,2.3147705079821823,2.3147705079821823,-0.011420413990007231,-0.022007767447334407,-0.020124204072006883,-0.016684416045438372,-0.01516947143872957,-0.008392665367328436
2024-08-08,38.0,38.35,37.65,38.1,38.1,2886,1.7389076737627935,1.7542512740388472,1.7173262302971477,1.7451644994816977,1.7451644994816977,-0.07050500121980956,-0.09328891004283663,-0.09615688755337644,-0.09452795436991264,-0.09466780724265743,-0.08888003188521328
2024-08-09,38.2,39.1,38.2,38.85,38.85,2886,1.7720654986479023,1.8778386450537246,1.8087341061931184,1.868991892633977,1.868991892633977,-0.03454274353876724,-0.06689083703614755,-0.07389749702026224,-0.07362146050670637,-0.07341156267887813,-0.06990663155374659
2024-08-12,39.1,39.6,39.0,39.4,39.4,2886,1.9212757106308893,1.9602302257303093,1.941691016587256,1.9597986476123148,1.9597986476123148,-0.013520280420630925,-0.04473269487210568,-0.055759706023326444,-0.057867049258727925,-0.05800219958877242,-0.05609902176083055
2024-08-13,39.4,39.4,38.5,38.7,38.7,2886,1.9710124479585511,1.927273593459675,1.8585929475909198,1.8442264140035214,1.8442264140035214,-0.015768056968463822,-0.052399608227228216,-0.0672451193058568,-0.07088410059420204,-0.07171983689134073,-0.07160849226340392
2024-08-14,39.0,39.4,38.7,38.9,38.9,2886,1.904696798188335,1.927273593459675,1.8918321751894547,1.8772470521774618,1.8772470521774618,0.002835782418148993,-0.03736698836921566,-0.05704589528118936,-0.06265060240963859,-0.06404889081372406,-0.06542804516697356
2024-08-15,39.25,39.3,38.2,38.35,38.35,2886,1.9461440792947202,1.9107952773243577,1.8087341061931184,1.786440297199124,1.786440297199124,-0.012615859938208083,-0.03920831767505962,-0.06372070312499999,-0.07199032062915914,-0.07434226405985997,-0.07686752788253218
2024-08-16,38.85,39.1,38.7,39.0,39.0,2886,1.8798284295245038,1.8778386450537246,1.8918321751894547,1.8937573712644327,1.8937573712644327,0.003344481605351053,-0.014031095942358733,-0.04208285573931565,-0.052938319572608056,-0.056238505468976824,-0.05838799243491199
2024-08-19,39.1,39.15,38.65,38.65,38.65,2886,1.9212757106308893,1.8860778031213825,1.8835223682898203,1.8359712544600355,1.8359712544600355,-0.0018078512396696121,-0.017289600813628268,-0.04339575942578988,-0.056741915802318556,-0.06189320388349524,-0.06435343958039133
2024-08-20,38.95,39.0,38.65,39.0,39.0,2886,1.8964073419670582,1.8613603289184073,1.8835223682898203,1.8937573712644327,1.8937573712644327,0.005673027333677308,-0.0012804097311138838,-0.028723227627428086,-0.0444104134762634,-0.05058668873849756,-0.053512923188933505
2024-08-21,39.05,39.05,38.6,38.9,38.9,2886,1.9129862544096115,1.8695994869860653,1.8752125613901873,1.8772470521774618,1.8772470521774618,0.0030943785456420173,0.002965063813329947,-0.024247491638796033,-0.04269718223206594,-0.05020021486473283,-0.05348959811833418
2024-08-22,38.85,39.0,38.7,39.0,39.0,2886,1.8798284295245038,1.8613603289184073,1.8918321751894547,1.8937573712644327,1.8937573712644327,0.00231303006939099,0.003215434083601286,-0.01465386558868111,-0.03578713146671607,-0.04510063170265916,-0.049012435991221605
2024-08-23,39.0,39.05,38.75,39.05,39.05,2886,1.904696798188335,1.8695994869860653,1.900141982089088,1.9020125308079177,1.9020125308079177,0.003340184994861137,0.003985088057590979,-0.007455731593662889,-0.03017509002856087,-0.04120015714005117,-0.045776655534739794
2024-08-26,39.15,39.7,39.05,39.6,39.6,2886,1.9295651668521658,1.9767085418656265,1.9500008234868893,1.9928192857862566,1.9928192857862566,0.012528765021733623,0.017602466915071183,0.008745860575698587,-0.01197604790419154,-0.024678587261711304,-0.03063930480192563
2024-08-27,39.4,39.75,39.2,39.75,39.75,2886,1.9710124479585511,1.9849476999332845,1.9749302441857912,2.017584764416712,2.017584764416712,0.01248089658685672,0.018708354689902718,0.016104294478527674,-0.0045078888054092825,-0.018566984346451914,-0.025137952176578753
2024-08-28,39.55,39.7,39.2,39.3,39.3,2886,1.995880816622382,1.9767085418656265,1.9749302441857912,1.943288328525344,1.943288328525344,-0.0010167768174885396,0.006144393241167304,0.008468052347959741,-0.01094752736881848,-0.026649494749356066,-0.03408159921350181
2024-08-29,39.35,39.35,38.9,38.9,38.9,2886,1.9627229917372746,1.919034435392017,1.9250714027879887,1.8772470521774618,1.8772470521774618,-0.01068158697863687,-0.005496612552729038,-0.0031605022636030113,-0.0155637099835506,-0.03286758490378407,-0.04159651788280703
2024-08-30,38.95,39.2,38.75,38.95,38.95,2886,1.8964073419670582,1.8943169611890418,1.900141982089088,1.885502211720948,1.885502211720948,-0.008905852417302655,-0.004091025313219038,-0.0020497053548551958,-0.009724782304709852,-0.027999600718706153,-0.03803408248950356
2024-09-02,39.05,39.15,38.95,39.05,39.05,2886,1.9129862544096115,1.8860778031213825,1.933381209687623,1.9020125308079177,1.9020125308079177,-0.003572339882623133,-0.0025542784163474185,0.0011109212100494645,-0.004841997961263959,-0.021352313167259884,-0.032617671345994956
2024-09-03,39.05,39.05,38.8,38.95,38.95,2886,1.9129862544096115,1.8695994869860653,1.9084517889887211,1.885502211720948,1.885502211720948,-0.0020497053548551958,-0.004981479116106608,-0.0018792175621422376,-0.003772619732719505,-0.020125786163521942,-0.032458391984764384
2024-09-04,37.2,38.5,37.15,38.0,38.0,2886,1.606276374222361,1.7789687482418224,1.6342281613008112,1.7286541803947268,1.7286541803947268,-0.019860717049264974,-0.0270131865318141,-0.024724099580802586,-0.02363823227132584,-0.03899651003995755,-0.052565967172241865
2024-09-05,38.15,38.65,38.15,38.55,38.55,2886,1.7637760424266244,1.8036862224447976,1.800424299293484,1.8194609353730646,1.8194609353730646,-0.0038759689922482085,-0.011791848244040191,-0.010946720259984676,-0.010078962573024468,-0.020380158568814793,-0.03548642675451407
2024-09-06,38.55,38.95,38.25,38.9,38.9,2886,1.8300916921968406,1.8531211708507493,1.8170439130927516,1.8772470521774618,1.8772470521774618,0.005427759110881387,-0.0024362097704833663,-0.0017962535283551524,-0.0011554756708178637,-0.007754310784613867,-0.02363522275674553
2024-09-09,38.0,39.1,38.0,39.1,39.1,2886,1.7389076737627935,1.8778386450537246,1.7754948785945834,1.9102676903514035,1.9102676903514035,0.010335917312661461,0.003979971755039187,0.0025641025641026005,0.00436681222707428,-0.0008177450679749688,-0.01515469543679946
2024-09-10,38.8,39.35,38.65,39.35,39.35,2886,1.8715389733032262,1.919034435392017,1.8835223682898203,1.95154348806883,1.95154348806883,0.01469829809180009,0.011438118493767059,0.008371060049543043,0.00994546037856921,0.008095506481528987,-0.006020292173620262
2024-09-11,39.25,39.25,38.85,38.95,38.95,2886,1.9461440792947202,1.9025561192566998,1.9167615958883555,1.885502211720948,1.885502211720948,-0.0005132152938156536,0.002058142526369907,-0.0019644687393233916,-0.00038496086231216384,0.0005137426149499904,-0.012590839952678796
2024-09-12,39.35,39.35,38.85,39.0,39.0,2886,1.9627229917372746,1.919034435392017,1.9167615958883555,1.8937573712644327,1.8937573712644327,-0.0015360983102919168,0.0030864197530863537,-0.0006832934745472428,6.410667350483575e-05,0.0008725555612585053,-0.007717750826901905
2024-09-13,39.25,39.25,38.95,39.15,39.15,2886,1.9461440792947202,1.9025561192566998,1.933381209687623,1.9185228498948883,1.9185228498948883,0.0010227563283047596,0.006426735218508998,0.002988898377455179,0.0037174721189590057,0.004412745651393201,-0.0009781822821416297
2024-09-16,39.15,39.35,39.0,39.35,39.35,2886,1.9295651668521658,1.919034435392017,1.941691016587256,1.95154348806883,1.95154348806883,0.004851889683350299,0.010788594913948155,0.00854335753951309,0.007940573770491862,0.009595648604269353,0.005450983732220368
2024-09-18,39.25,39.4,39.15,39.4,39.4,2886,1.9461440792947202,1.927273593459675,1.9666204372861569,1.9597986476123148,1.9597986476123148,0.005871840694408907,0.010904425914047392,0.010429133185159662,0.008704557091653771,0.010152804840529198,0.008790646069813102
2024-09-19,39.45,39.5,39.2,39.25,39.25,2886,1.979301904179829,1.9437519095949922,1.9749302441857912,1.9350331689818592,1.9350331689818592,0.0005098139179198578,0.003836317135549836,0.006668376506796563,0.00441430490691573,0.0059459736531856915,0.006926629040533688
2024-09-20,39.3,39.6,39.3,39.35,39.35,2886,1.9544335355159967,1.9602302257303093,1.9915498579850575,1.95154348806883,1.95154348806883,0.0012722646310433655,0.004338948443083249,0.008457201435161595,0.006522573219081789,0.007476061242255148,0.008414128902746332
2024-09-23,39.55,39.75,39.4,39.7,39.7,2886,1.995880816622382,1.9849476999332845,2.008169471784325,2.009329604873227,2.009329604873227,0.007358538442019769,0.01120733571064691,0.01612490401842853,0.014631652929525401,0.015708949495983143,0.01664532650448158
2024-09-24,39.5,39.8,39.4,39.8,39.8,2886,1.9875913604011055,1.9931868580009426,2.008169471784325,2.025839923960197,2.025839923960197,0.007594936708860687,0.011950165268243043,0.017382413087934555,0.01692749920153291,0.017070428293979333,0.01885826435702681
2024-09-25,39.9,39.9,39.6,39.85,39.85,2886,2.0539070101713217,2.0096651741362597,2.04140869938286,2.034095083503683,2.034095083503683,0.006567314978530062,0.011934992381919727,0.017100561510975214,0.01807498243597121,0.017464127048971167,0.019138144154128168
2024-09-26,40.0,40.0,39.7,40.0,40.0,2886,2.070485922613876,2.026143490271577,2.0580283131821275,2.0588605621341385,2.0588605621341385,0.006542526421741448,0.013042927694061051,0.017466508394098898,0.020994193095526904,0.020147921448610027,0.022015926414853244
2024-09-27,40.2,40.2,39.25,39.45,39.45,2886,2.103643747498985,2.0591001225422114,1.9832400510854242,1.968053807155801,1.968053807155801,-0.007796780684104684,-0.00202377940804448,0.0019471723670843547,0.006249202907792489,0.005659223003976967,0.007019783024888467
2024-09-30,39.65,39.75,39.3,39.3,39.3,2886,2.0124597290649366,1.9849476999332845,1.9915498579850575,1.943288328525344,1.943288328525344,-0.00957661290322587,-0.0061954735111898985,-0.002538071065989884,0.001975906686213285,0.001580100922574994,0.0029347964782442774
2024-10-01,39.4,39.55,39.2,39.45,39.45,2886,1.9710124479585511,1.9519910676626502,1.9749302441857912,1.968053807155801,1.968053807155801,-0.004039383993940838,-0.0026545316647704938,0.0006764183647587089,0.0052876345798561035,0.005556688417618361,0.006078123007608187
2024-10-04,38.9,39.3,38.9,38.95,38.95,2886,1.8881178857457805,1.9107952773243577,1.9250714027879887,1.885502211720948,1.885502211720948,-0.012173471975652977,-0.014173626929891223,-0.011337676622387471,-0.007453653564375099,-0.0063775510204081625,-0.006630961489415914
2024-10-07,38.95,39.4,38.9,39.3,39.3,2886,1.8964073419670582,1.927273593459675,1.9250714027879887,1.943288328525344,1.943288328525344,0.00025451768897915254,-0.005440971782867352,-0.0030441400304415155,-0.00019080328181645447,0.0025510204081631203,0.001954618849324234
2024-10-08,38.95,39.15,38.7,38.85,38.85,2886,1.8964073419670582,1.8860778031213825,1.8918321751894547,1.868991892633977,1.868991892633977,-0.00816951748787338,-0.015583428354237804,-0.014209591474245171,-0.012016021361815846,-0.00887800397979486,-0.009391866049041664
2024-10-09,38.95,39.1,38.65,38.65,38.65,2886,1.8964073419670582,1.8778386450537246,1.8835223682898203,1.8359712544600355,1.8359712544600355,-0.00998975409836085,-0.018038617886178884,-0.01845424532294929,-0.016789620961587474,-0.013678354514367412,-0.014156357607448202
2024-10-11,38.8,39.2,38.75,38.8,38.8,2886,1.8715389733032262,1.8943169611890418,1.900141982089088,1.8607367330904911,1.8607367330904911,-0.002827036751477755,-0.011716760061130944,-0.013726487036095735,-0.012597022521949473,-0.009597712885440186,-0.009656698004849543
2024-10-14,39.0,39.15,38.8,38.9,38.9,2886,1.904696798188335,1.8860778031213825,1.9084517889887211,1.8772470521774618,1.8772470521774618,0.0,-0.006766245372143691,-0.010345997286295606,-0.009485008593799612,-0.006994435084494841,-0.006385696040868455
2024-10-15,39.0,39.4,38.9,39.3,39.3,2886,1.904696798188335,1.927273593459675,1.9250714027879887,1.943288328525344,1.943288328525344,0.01028277634961436,0.005243637293771356,-0.00025438819638763703,0.00025451768897915254,0.0018865038494875355,0.0038314176245210366
2024-10-16,38.9,39.25,38.9,39.1,39.1,2886,1.8881178857457805,1.9025561192566998,1.9250714027879887,1.9102676903514035,1.9102676903514035,0.0038510911424903356,0.0010240655401947327,-0.004920257889379075,-0.004962463417737633,-0.003770892784345781,-0.0014471780028943101
2024-10-17,39.0,39.5,39.0,39.45,39.45,2886,1.904696798188335,1.9437519095949922,1.941691016587256,1.968053807155801,1.968053807155801,0.00869342879059073,0.009596928982725527,0.004413137571077122,0.0035614347494278224,0.0045836516424751644,0.007062627637848984
2024-10-18,39.6,39.8,39.45,39.8,39.8,2886,2.00417027284366,1.9931868580009426,2.0164792786839594,2.025839923960197,2.025839923960197,0.012465021622996562,0.01764254666325742,0.013324280743443764,0.01188584503908966,0.012774186981525657,0.015349292061737133
2024-10-21,39.9,39.9,39.2,39.3,39.3,2886,2.0539070101713217,2.0096651741362597,1.9749302441857912,1.943288328525344,1.943288328525344,-0.0022848438690023713,0.00395963724613619,0.001529051987767461,-0.0006992562456297352,0.00010179153094456899,0.002295332823259278
2024-10-22,39.3,39.4,39.05,39.4,39.4,2886,1.9544335355159967,1.927273593459675,1.9500008234868893,1.9597986476123148,1.9597986476123148,-0.00025374270489718375,0.006257182990678191,0.005102040816326422,0.0016524723528665271,0.0021875158976445673,0.003651184512184704
2024-10-23,39.3,39.3,38.8,38.9,38.9,2886,1.9544335355159967,1.9107952773243577,1.9084517889887211,1.8772470521774618,1.8772470521774618,-0.011938023876047725,-0.006639427987742724,-0.006723976508638906,-0.01049284578696347,-0.010429916051895286,-0.009379907474216019
2024-10-24,38.9,39.1,38.75,38.85,38.85,2886,1.8881178857457805,1.8778386450537246,1.900141982089088,1.868991892633977,1.868991892633977,-0.010191082802547734,-0.008422664624808352,-0.007240204429301485,-0.010695187165775265,-0.011400071250445325,-0.010611205432937122
2024-10-25,39.0,39.15,38.85,38.9,38.9,2886,1.904696798188335,1.8860778031213825,1.9167615958883555,1.8772470521774618,1.8772470521774618,-0.004351164576401375,-0.007399846899719475,-0.005030266859919826,-0.008285532186105872,-0.009674134419552,-0.009169638308711321
2024-10-28,39.0,39.25,38.9,39.25,39.25,2886,1.904696798188335,1.9025561192566998,1.9250714027879887,1.9350331689818592,1.9350331689818592,0.004864311315924161,0.0006373486297004099,0.0034086067319982834,0.0014032402092103511,-0.0006110913072261779,-0.00016982253545048083
2024-10-29,38.95,39.25,38.9,39.1,39.1,2886,1.8964073419670582,1.9025561192566998,1.9250714027879887,1.9102676903514035,1.9102676903514035,0.0025641025641026005,-0.0026782298176252235,-8.524422470369879e-05,-0.0012771392081736184,-0.004278292757461527,-0.004117672029545233
2024-10-30,39.35,39.4,39.0,39.3,39.3,2886,1.9627229917372746,1.927273593459675,1.941691016587256,1.943288328525344,1.943288328525344,0.005629477993858723,0.0019120458891012297,0.0042589437819420175,0.00402375934086987,0.0008658890643304366,0.0007214701014302761
2024-11-01,38.8,38.9,38.6,38.65,38.65,2886,1.8715389733032262,1.84488201278309,1.8752125613901873,1.8359712544600355,1.8359712544600355,-0.00998975409836067,-0.012645293140886384,-0.012350936967632052,-0.011761697775505007,-0.014633897613706025,-0.015412049420456092
2024-11-04,38.7,39.35,38.65,39.35,39.35,2886,1.8549600608606729,1.919034435392017,1.8835223682898203,1.95154348806883,1.95154348806883,0.005622284692052287,0.00639386189258312,0.004595353586928947,0.006265183480373471,0.0036729072080805354,0.002420073875939523
2024-11-05,39.1,39.4,39.05,39.4,39.4,2886,1.9212757106308893,1.927273593459675,1.9500008234868893,1.9597986476123148,1.9597986476123148,0.006128702757916292,0.007414983380209643,0.005016580222769959,0.006964411219730208,0.005409819332448794,0.003693796968538938
2024-11-06,39.1,39.45,39.0,39.0,39.0,2886,1.9212757106308893,1.935512751527334,1.941691016587256,1.8937573712644327,1.8937573712644327,-0.003576903423607577,-0.0017916560020476142,-0.004678860059549044,-0.002876318312559851,-0.003780525186471752,-0.0062850348224903095
2024-11-07,38.85,39.5,38.85,39.1,39.1,2886,1.8798284295245038,1.9437519095949922,1.9167615958883555,1.9102676903514035,1.9102676903514035,0.0,0.0002558199027885678,-0.0021267545725222104,-0.0006389776357827113,-0.0008688097306689559,-0.003525464044514165
2024-11-08,39.4,39.45,39.1,39.1,39.1,2886,1.9710124479585511,1.935512751527334,1.9583106303865236,1.9102676903514035,1.9102676903514035,-0.0022965042102578055,-0.000383484596702047,-0.001532175689478937,-0.0012133597292290014,-0.0006645197566834393,-0.00301729633249753
2024-11-11,39.1,39.3,39.1,39.2,39.2,2886,1.9212757106308893,1.9107952773243577,1.9583106303865236,1.9267780094383744,1.9267780094383744,0.001021450459652685,0.0014050325712097796,0.002044989775051263,0.0008297695793706226,0.0021474588403723074,4.2518814575592236e-05
2024-11-12,38.8,39.35,38.8,39.15,39.15,2886,1.8715389733032262,1.919034435392017,1.9084517889887211,1.9185228498948883,1.9185228498948883,0.0010227563283047596,0.0003832886163281096,0.0010227563283047596,-0.0007656967840735359,0.0006645537266127249,-0.0006381620931716293
2024-11-13,38.9,39.4,38.85,39.3,39.3,2886,1.8881178857457805,1.927273593459675,1.9167615958883555,1.943288328525344,1.943288328525344,0.003318866479448441,0.003703230749584881,0.005029409257522772,0.0030627871362941443,0.004498517533994347,0.003788685028308717
2024-11-14,38.95,39.35,38.9,39.0,39.0,2886,1.8964073419670582,1.919034435392017,1.9250714027879887,1.8937573712644327,1.8937573712644327,-0.0038314176245210366,-0.003194888178913738,-0.0028125799028383153,-0.004467134652201587,-0.0033222591362126897,-0.00349203645345362
2024-11-15,39.1,39.4,39.1,39.25,39.25,2886,1.9212757106308893,1.927273593459675,1.9583106303865236,1.9350331689818592,1.9350331689818592,0.0017866258295050385,0.0016587980094423306,0.00289583510774219,0.0021703051193668033,0.002451856770700223,0.0029385460585154466
2024-11-18,39.3,39.75,39.3,39.7,39.7,2886,1.9544335355159967,1.9849476999332845,1.9915498579850575,2.009329604873227,2.009329604873227,0.010692464358452182,0.012238653748087813,0.013013523858127022,0.013789581205311704,0.013013523858127204,0.014221238184450447
2024-11-19,39.5,40.0,39.5,39.95,39.95,2886,1.9875913604011055,2.026143490271577,2.0247890855835924,2.0506054025906537,2.0506054025906537,0.01293103448275875,0.017186505410566627,0.01818027355364874,0.019327677489315565,0.018301386623164852,0.01973964094273821
2024-11-20,39.65,40.0,39.6,39.95,39.95,2886,2.0124597290649366,2.026143490271577,2.04140869938286,2.0506054025906537,2.0506054025906537,0.009603234773818614,0.014732029464058882,0.016711910417373774,0.018612952575216828,0.017626980488053393,0.019175985373527746
2024-11-21,39.5,39.7,39.15,39.45,39.45,2886,1.9875913604011055,1.9767085418656265,1.9666204372861569,1.968053807155801,1.968053807155801,-0.005295007564296542,0.0011419870574800584,0.0037316597404802496,0.005159564303458833,0.004532491342432379,0.005907101270664111
2024-11-22,39.3,39.8,39.25,39.75,39.75,2886,1.9544335355159967,1.9931868580009426,1.9832400510854242,2.017584764416712,2.017584764416712,-0.0002515090543260844,0.0070939954395743895,0.009481080165918941,0.011643443405229903,0.011862335811017236,0.012609858616736655
2024-11-25,40.0,40.15,39.8,40.15,40.15,2886,2.070485922613876,2.0508609644745524,2.074647926981394,2.083626040764594,2.083626040764594,0.007528230865746478,0.014785795526349068,0.018260207963479737,0.020200736882225755,0.021680492645936095,0.021628498727735406
2024-11-26,39.9,40.1,39.65,39.95,39.95,2886,2.0539070101713217,2.042621806406894,2.049718506282493,2.0506054025906537,2.0506054025906537,0.00250941028858204,0.007693277840837424,0.012246621621621646,0.014216806296014274,0.015919031634625287,0.015634930723274487
2024-11-27,39.95,40.55,39.9,40.05,40.05,2886,2.0621964663926,2.1167742290158196,2.0912675407806613,2.0671157216776237,2.0671157216776237,0.004514672686230242,0.008308157099697842,0.012983728184807405,0.015530903328050641,0.01778907242693763,0.01753048780487799
2024-11-28,40.1,40.25,39.85,39.85,39.85,2886,2.0870648350564305,2.067339280609869,2.0829577338810283,2.034095083503683,2.034095083503683,-0.002503128911138959,0.0011305112423062858,0.006652071404513176,0.009755479538831826,0.011729460749466744,0.01180652532690101
2024-11-29,39.6,40.0,39.45,39.75,39.75,2886,2.00417027284366,2.026143490271577,2.0164792786839594,2.017584764416712,2.017584764416712,-0.005006257822277918,-0.002634550244636908,0.0030280090840271875,0.005819838056680263,0.008269074675324688,0.009011295849727225
2024-12-02,39.8,40.05,39.4,39.45,39.45,2886,2.0373280977287673,2.034382648339235,2.008169471784325,1.968053807155801,1.968053807155801,-0.009042954031650324,-0.009540547326135965,-0.004960484277787089,-0.0018975332068310118,0.0001014044516555516,0.00169276343630986
2024-12-03,39.7,40.2,39.5,40.2,40.2,2886,2.0207491852862143,2.0591001225422114,2.0247890855835924,2.0918812003080802,2.0918812003080802,0.008529854490717597,0.008656379375235198,0.012169534200587518,0.016049538733729437,0.018133927666903076,0.019959404600811963
2024-12-04,40.15,40.2,39.8,40.2,40.2,2886,2.0953542912777072,2.0591001225422114,2.074647926981394,2.0918812003080802,2.0918812003080802,0.007771371270995294,0.008024072216649957,0.010642755384228575,0.014511041009463795,0.017000607164541697,0.019269776876267696
2024-12-05,40.2,40.3,39.95,40.3,40.3,2886,2.103643747498985,2.0755784386775273,2.0995773476802957,2.1083915193950498,2.1083915193950498,0.00800400200100033,0.008382334542724907,0.010954093151601145,0.01549703918357049,0.01849979781641711,0.020597670099611665
2024-12-06,40.3,40.35,39.9,39.95,39.95,2886,2.1202226599415384,2.0838175967451864,2.0912675407806613,2.0506054025906537,2.0506054025906537,-0.0017491254372813663,-0.0008753282480929496,0.0010022550739162903,0.005600654458498435,0.008329126703685144,0.010795310786877019
2024-12-09,39.7,39.95,39.55,39.95,39.95,2886,2.0207491852862143,2.0179043322039187,2.033098892483226,2.0506054025906537,2.0506054025906537,-0.004237288135593262,-0.0003753284123608299,0.000584404742027052,0.0046523324531623856,0.007718696397941795,0.009900990099010057
2024-12-10,39.85,40.1,39.5,39.7,39.7,2886,2.0456175539500454,2.042621806406894,2.0247890855835924,2.009329604873227,2.009329604873227,-0.007996001999000506,-0.0060090135202802925,-0.0052618391380604805,-0.002324558647986458,0.001109542061730808,0.0032008086253368885
2024-12-11,39.6,39.6,39.2,39.4,39.4,2886,2.00417027284366,1.9602302257303093,1.9749302441857912,1.9597986476123148,1.9597986476123148,-0.011540391369794302,-0.011912225705329365,-0.011870924594549479,-0.009988064576920683,-0.006856221012301007,-0.004631578947368517
2024-12-12,39.4,39.5,39.25,39.45,39.45,2886,1.9710124479585511,1.9437519095949922,1.9832400510854242,1.968053807155801,1.968053807155801,-0.006046863189720204,-0.009664867578762344,-0.010616953686674436,-0.009291813159216587,-0.005946681449377541,-0.0034942954574159577
2024-12-13,39.4,39.5,39.25,39.45,39.45,2886,1.9710124479585511,1.9437519095949922,1.9832400510854242,1.968053807155801,1.968053807155801,-0.0035362465269007464,-0.008918477578193616,-0.010120441619270724,-0.00954054732613614,-0.006297229219143576,-0.0041650889814464
2024-12-16,39.5,39.8,39.4,39.5,39.5,2886,1.9875913604011055,1.9931868580009426,2.008169471784325,1.9763089666992857,1.9763089666992857,0.0,-0.007786988193921182,-0.007786988193921359,-0.008036162732295514,-0.005338436744560921,-0.0030287733467946627
2024-12-17,39.5,39.65,39.1,39.2,39.2,2886,1.9875913604011055,1.9684693837979674,1.9583106303865236,1.9267780094383744,1.9267780094383744,-0.0050761421319795875,-0.012843112566104029,-0.0140845070422534,-0.01464211650851495,-0.012942539154957845,-0.010434197239986552
2024-12-18,39.1,39.3,38.85,38.85,38.85,2886,1.9212757106308893,1.9107952773243577,1.9167615958883555,1.868991892633977,1.868991892633977,-0.011198778315092842,-0.018319646241313995,-0.020917338709677376,-0.02208797432508979,-0.021311970979443862,-0.019145802650957278
2024-12-19,38.6,38.95,38.5,38.65,38.65,2886,1.8383811484181185,1.8531211708507493,1.8585929475909198,1.8359712544600355,1.8359712544600355,-0.012266802964477484,-0.019284445572189928,-0.02398989898989906,-0.026141732283464603,-0.026006753691850296,-0.02382555985856227
2024-12-20,38.5,38.8,38.35,38.6,38.6,2886,1.8218022359755641,1.8284036966477728,1.8336635268920192,1.8277160949165505,1.8277160949165505,-0.009240246406570828,-0.017186505410566447,-0.023361727249725867,-0.025990411304567276,-0.026629009481541364,-0.024677840478396357
2024-12-23,39.0,39.15,38.65,38.65,38.65,2886,1.904696798188335,1.8860778031213825,1.8835223682898203,1.8359712544600355,1.8359712544600355,-0.0036091776230987517,-0.012645293140886384,-0.020775272358753493,-0.022879534824927345,-0.024334831120311144,-0.022961870655150925
2024-12-24,38.95,39.2,38.9,39.1,39.1,2886,1.8964073419670582,1.8943169611890418,1.9250714027879887,1.9102676903514035,1.9102676903514035,0.008511735878256339,0.00038377894332865725,-0.00753024790591421,-0.010439734261309747,-0.012127337038908462,-0.0115446195331591
2024-12-25,39.3,39.3,38.7,38.85,38.85,2886,1.9544335355159967,1.9107952773243577,1.8918321751894547,1.868991892633977,1.868991892633977,0.002063451122001687,-0.004611837048424282,-0.011618046132971425,-0.015271529053925585,-0.01735127478753541,-0.017492096944151644
2024-12-26,38.85,39.0,38.7,38.75,38.75,2886,1.8798284295245038,1.8613603289184073,1.8918321751894547,1.8524815735470062,1.8524815735470062,-0.0010311936065998,-0.005390143737166346,-0.011563642547402607,-0.016435052985595555,-0.019185987648071345,-0.019814502529510915
2024-12-27,38.7,38.9,38.7,38.85,38.85,2886,1.8549600608606729,1.84488201278309,1.8918321751894547,1.868991892633977,1.868991892633977,0.0002574665293511331,-0.0012853470437017265,-0.0071556350626118355,-0.012769201448446852,-0.015758005674908794,-0.0169534412955466
2024-12-30,38.8,39.05,38.75,38.8,38.8,2886,1.8715389733032262,1.8695994869860653,1.900141982089088,1.8607367330904911,1.8607367330904911,-0.001800874710573897,-0.0007725985063095838,-0.006486855582109858,-0.013224821973550436,-0.01567811659647882,-0.01747277791846049
2024-12-31,38.6,38.8,38.6,38.7,38.7,2886,1.8383811484181185,1.8284036966477728,1.8752125613901873,1.8442264140035214,1.8442264140035214,-0.002320185614849093,-0.0020629190304280115,-0.007352941176470643,-0.01388711937826479,-0.016968095915464318,-0.018969960708099236
