date,open,high,low,close,adjcp,tic,zopen,zhigh,zlow,zclose,zadjcp,zd_5,zd_10,zd_15,zd_20,zd_25,zd_30
2010-01-04,82.4,83.2,81.8,82.4,82.4,6505,-0.41793761140085056,-0.4139973148583273,-0.4035300449082957,-0.4173782475964554,-0.4173782475964554,0.0,0.0,0.0,0.0,0.0,0.0
2010-01-05,84.0,84.0,82.4,83.0,83.0,6505,-0.3161815027484731,-0.3637971220360606,-0.3649903399902963,-0.3793681206938691,-0.3793681206938691,0.0,0.0,0.0,0.0,0.0,0.0
2010-01-06,83.0,84.9,82.5,84.8,84.8,6505,-0.37977907065620925,-0.30732190511101004,-0.3585670558372968,-0.26533773998610927,-0.26533773998610927,0.0,0.0,0.0,0.0,0.0,0.0
2010-01-07,84.7,85.8,84.3,85.5,85.5,6505,-0.2716632052130576,-0.25084668818596034,-0.2429479410833004,-0.2209925919330913,-0.2209925919330913,0.0,0.0,0.0,0.0,0.0,0.0
2010-01-08,85.6,86.9,85.4,85.7,85.7,6505,-0.21442539409609562,-0.18182142305534285,-0.1722918154003019,-0.20832254963222888,-0.20832254963222888,0.01684859990507833,0.0,0.0,0.0,0.0,0.0
2010-01-11,85.7,86.7,85.2,86.5,86.5,6505,-0.20806563730532146,-0.19437147126090976,-0.1851383837063017,-0.15764238042878015,-0.15764238042878015,0.016451233842538257,0.0,0.0,0.0,0.0,0.0
2010-01-12,86.0,86.0,84.8,86.0,86.0,6505,-0.1889863669330008,-0.23829663998039344,-0.21083152031830132,-0.18931748618093572,-0.18931748618093572,0.0035005834305717287,0.0,0.0,0.0,0.0,0.0
2010-01-13,85.5,85.5,83.5,84.2,84.2,6505,-0.22078515088686887,-0.26967176049431024,-0.2943342143072987,-0.3033478668886956,-0.3033478668886956,-0.016125262911895415,0.0,0.0,0.0,0.0,0.0
2010-01-14,84.2,84.6,82.9,84.0,84.0,6505,-0.3034619891669257,-0.32614697741936083,-0.3328739192252972,-0.31601790918955797,-0.31601790918955797,-0.015009380863039413,0.0,0.0,0.0,0.0,0.0
2010-01-15,84.0,84.2,83.5,84.0,84.0,6505,-0.3161815027484731,-0.35124707383049375,-0.2943342143072987,-0.31601790918955797,-0.31601790918955797,-0.011066635271956815,-0.007209549698617178,0.0,0.0,0.0,0.0
2010-01-18,83.1,84.0,82.9,83.6,83.6,6505,-0.373419313865436,-0.3637971220360606,-0.3328739192252972,-0.3413579937912828,-0.3413579937912828,-0.00900900900900907,-0.013336480585388995,0.0,0.0,0.0,0.0
2010-01-19,84.0,84.0,82.7,83.0,83.0,6505,-0.3161815027484731,-0.3637971220360606,-0.345720487531297,-0.3793681206938691,-0.3793681206938691,-0.009073543457497505,-0.020417797710374174,0.0,0.0,0.0,0.0
2010-01-20,83.9,84.2,82.5,84.2,84.2,6505,-0.32254125953924634,-0.35124707383049375,-0.3585670558372968,-0.3033478668886956,-0.3033478668886956,0.0052531041069724446,-0.005550962560528933,0.0,0.0,0.0,0.0
2010-01-21,84.0,84.6,83.3,84.1,84.1,6505,-0.3161815027484731,-0.32614697741936083,-0.3071807826132985,-0.30968288803912725,-0.30968288803912725,0.0038195273334923987,-0.005086951378209001,0.0,0.0,0.0,0.0
2010-01-22,83.3,83.7,82.5,82.8,82.8,6505,-0.3606998002838886,-0.3826221943444105,-0.3585670558372968,-0.3920381629947315,-0.3920381629947315,-0.008858032080440448,-0.017094017094017068,-0.017249564804557683,0.0,0.0,0.0
2010-01-25,82.2,82.3,81.5,82.0,82.0,6505,-0.43065712498239794,-0.47047253178337795,-0.42279989736729495,-0.44271833219818024,-0.44271833219818024,-0.014659937515020415,-0.021362931137367133,-0.026436599651733336,0.0,0.0,0.0
2010-01-26,82.5,82.5,80.0,80.3,80.3,6505,-0.4115778546100773,-0.457922483577811,-0.5191491596622921,-0.5504136917555094,-0.5504136917555094,-0.028785679729075902,-0.03508771929824563,-0.04457840882049642,0.0,0.0,0.0
2010-01-27,80.3,80.9,80.0,80.9,80.9,6505,-0.551492504007097,-0.5583228692223444,-0.5191491596622921,-0.5124035648529222,-0.5124035648529222,-0.013655206047305418,-0.02400772107612492,-0.03445257797581146,0.0,0.0,0.0
2010-01-28,81.4,81.8,80.9,80.9,80.9,6505,-0.4815351793085867,-0.5018476522972947,-0.46133960228529347,-0.5124035648529222,-0.5124035648529222,-0.0058982550995329295,-0.02034390893678848,-0.030905606133205536,0.0,0.0,0.0
2010-01-29,81.0,81.5,79.6,80.5,80.5,6505,-0.5069742064716816,-0.5206727246056446,-0.5448422962742918,-0.5377436494546469,-0.5377436494546469,-0.005190311418685142,-0.021038550407393775,-0.03167602245388941,-0.03500359625988973,0.0,0.0
2010-02-01,81.0,81.4,79.3,81.0,81.0,6505,-0.5069742064716816,-0.5269477487084276,-0.564112148733291,-0.5060685437024913,-0.5060685437024913,0.003468780971258686,-0.011833597657679626,-0.02134514699959725,-0.02819436112777438,0.0,0.0
2010-02-02,81.2,81.4,78.0,78.7,78.7,6505,-0.49425469289013413,-0.5269477487084276,-0.6476148427222884,-0.6517740301624068,-0.6517740301624068,-0.021144278606965206,-0.03482953151827311,-0.04350996596985883,-0.053346965778552816,0.0,0.0
2010-02-03,79.8,79.8,78.0,79.1,79.1,6505,-0.5832912879609651,-0.6273481343529619,-0.6476148427222884,-0.6264339455606829,-0.6264339455606829,-0.011744127936031957,-0.023818338886832123,-0.034659506956309705,-0.04526252263126132,0.0,0.0
2010-02-04,79.6,79.8,78.2,78.8,78.8,6505,-0.5960108015425125,-0.6273481343529619,-0.6347682744162886,-0.645439009011976,-0.645439009011976,-0.010298919869379468,-0.021118012422360284,-0.03423482310646299,-0.04502211719081383,0.0,0.0
2010-02-05,78.6,78.6,77.6,78.2,78.2,6505,-0.6596083694502486,-0.7026484235863624,-0.673307979334288,-0.6834491359145624,-0.6834491359145624,-0.012127337038908462,-0.022988505747126478,-0.03702487480502431,-0.047966885804723615,-0.052901850595872435,0.0
2010-02-06,78.8,79.7,78.2,79.7,79.7,6505,-0.6468888558687013,-0.6336231584557449,-0.6347682744162886,-0.5884238186580957,-0.5884238186580957,0.01013941698352341,-0.001378273399323386,-0.015401087135562546,-0.02567237163814174,-0.0334707737084646,0.0
2010-02-08,80.0,80.2,78.6,79.0,79.0,6505,-0.5705717743794176,-0.6022480379418281,-0.6090751378042899,-0.6327689667111136,-0.6327689667111136,0.0005065856129686709,-0.008534136546184647,-0.020823004462072466,-0.030079803560466578,-0.04009720534629401,0.0
2010-02-09,79.2,79.7,78.3,79.4,79.4,6505,-0.6214498287056064,-0.6336231584557449,-0.6283449902632892,-0.6074288821093888,-0.6074288821093888,0.004808909136927302,-0.0016346032943542746,-0.011946241911398453,-0.022287895579362175,-0.0326982115881292,0.0
2010-02-10,79.3,79.5,78.3,78.8,78.8,6505,-0.6150900719148331,-0.6461732066613118,-0.6283449902632892,-0.645439009011976,-0.645439009011976,-0.0027841052898002158,-0.006555723651033915,-0.015082076493625493,-0.026559604694255782,-0.03686320524102855,0.0
2010-02-22,80.5,82.0,79.7,81.7,81.7,6505,-0.5387729904255496,-0.48929760409172784,-0.5384190121212914,-0.4617233956494734,-0.4617233956494734,0.024836929252383393,0.028449144008056277,0.022101751459549613,0.010700810292571222,0.0005388458900755749,-0.004791294461588406
2010-02-23,82.2,82.2,81.5,82.1,82.1,6505,-0.43065712498239794,-0.4767475558861609,-0.42279989736729495,-0.43638331104774947,-0.43638331104774947,0.023690773067331562,0.032055311125078534,0.02702026519889895,0.016592372461614525,0.007609229258713676,0.0002030456852791763
2010-02-24,81.5,82.0,80.8,82.0,82.0,6505,-0.4751754225178135,-0.48929760409172784,-0.46776288643829383,-0.44271833219818024,-0.44271833219818024,0.014851485148514887,0.026539809714571917,0.024317121918720746,0.015983149547763496,0.008362026561731515,-0.0006093845216331159
2010-02-25,82.0,82.0,80.0,80.0,80.0,6505,-0.4433766385639454,-0.48929760409172784,-0.5191491596622921,-0.5694187552068025,-0.5694187552068025,-0.011369253583786477,0.00037514067775417206,8.33402783564539e-05,-0.006211180124223602,-0.014195583596214523,-0.02307974111613157
2010-02-26,80.8,81.2,80.0,81.2,81.2,6505,-0.5196937200532289,-0.5394977969139945,-0.5191491596622921,-0.49339850140162894,-0.49339850140162894,-0.0024570024570024916,0.0123426006732327,0.014830861523079676,0.010515835977848463,0.0019743336623889015,-0.0066873267003751445
2010-03-01,81.5,82.0,80.0,81.2,81.2,6505,-0.4751754225178135,-0.48929760409172784,-0.5191491596622921,-0.49339850140162894,-0.49339850140162894,-0.0012300123001229314,0.00857036392994674,0.014239320509617973,0.011522890065400151,0.00336101225780948,-0.004861309694023382
2010-03-02,81.6,81.8,80.9,81.6,81.6,6505,-0.4688156657270402,-0.5018476522972947,-0.46133960228529347,-0.468058416799905,-0.468058416799905,0.0049261083743841316,0.011152416356877217,0.018726591760299626,0.016759080431125593,0.009301405105877639,0.0020466639377813
2010-03-03,81.0,81.8,81.0,81.5,81.5,6505,-0.5069742064716816,-0.5018476522972947,-0.454916318132294,-0.4743934379503358,-0.4743934379503358,0.004932182490752228,0.006794317479925845,0.015112513493315502,0.014754404532154491,0.008813190077734357,0.0026655730982161397
2010-03-04,81.5,82.0,79.4,80.4,80.4,6505,-0.4751754225178135,-0.48929760409172784,-0.5576888645802907,-0.5440786706050776,-0.5440786706050776,-0.009608277900960667,-0.00801974090067849,0.00033178500331807874,0.0013700336280983143,-0.0029267324768092414,-0.009323530619788984
2010-03-05,81.3,81.8,80.7,81.7,81.7,6505,-0.48789493609936085,-0.5018476522972947,-0.47418617059129325,-0.4617233956494734,-0.4617233956494734,0.0051673228346456905,0.004425866732235055,0.014067025237898304,0.017054649570521656,0.0144027812267196,0.007646768623581704
2010-03-08,82.3,82.9,81.5,81.7,81.7,6505,-0.4242973681916247,-0.4328223871666772,-0.42279989736729495,-0.4617233956494734,-0.4617233956494734,0.003932170066355461,0.004425866732235055,0.01113861386138621,0.01629555914914793,0.014957264957264875,0.008600469116497336
2010-03-09,82.0,82.1,81.6,82.0,82.0,6505,-0.4433766385639454,-0.4830225799889448,-0.41637661321429553,-0.44271833219818024,-0.44271833219818024,0.006629020378099758,0.008238042542727007,0.012929259655768757,0.019393336648433644,0.018684158219041822,0.012970969734403917
2010-03-10,82.5,82.5,81.8,82.5,82.5,6505,-0.4115778546100773,-0.457922483577811,-0.4035300449082957,-0.41104322644602465,-0.41104322644602465,0.010286554004408565,0.013762595232243675,0.016176712103793716,0.023192360163710655,0.023776432046063695,0.01935749588138381
2010-03-11,83.0,83.0,81.8,81.9,81.9,6505,-0.37977907065620925,-0.42654736306389424,-0.4035300449082957,-0.44905335334861096,-0.44905335334861096,-0.0007320644216691345,0.00404560500183889,0.006719659100221259,0.013990342949114712,0.015826552887477804,0.012903491775570156
2010-03-12,82.0,82.4,81.7,82.4,82.4,6505,-0.4433766385639454,-0.46419750768059403,-0.40995332906129517,-0.4173782475964554,-0.4173782475964554,0.0036540803897687135,0.008691394295507504,0.00988642862979008,0.017912291537986447,0.02126815725546587,0.01980198019801991
2010-03-15,82.4,82.5,80.9,80.9,80.9,6505,-0.41793761140085056,-0.457922483577811,-0.46133960228529347,-0.5124035648529222,-0.5124035648529222,-0.012692213814986478,-0.009306882194464915,-0.007848908511160173,-0.0022815563914411084,0.0024783147459727737,0.002023037859708614
2010-03-16,81.5,82.3,80.7,82.3,82.3,6505,-0.4751754225178135,-0.47047253178337795,-0.47418617059129325,-0.4237132687468871,-0.4237132687468871,0.0036585365853656453,0.006974183286430847,0.009155562821875293,0.01335960105891761,0.01916980384386767,0.01923712021136074
2010-03-17,82.5,86.3,82.2,85.2,85.2,6505,-0.4115778546100773,-0.21947156767204354,-0.37783690829629607,-0.23999765538438445,-0.23999765538438445,0.0322267991276958,0.03775883069427538,0.0419894007337954,0.045078196872125074,0.0516960450303659,0.05302187615869474
2010-03-18,85.0,85.2,83.7,84.6,84.6,6505,-0.25258393484073693,-0.28849683280266014,-0.2814876460012989,-0.27800778228697165,-0.27800778228697165,0.018295618680789553,0.025206010664081416,0.03078547640321669,0.034419514580913343,0.04146149300768164,0.04401480872069103
2010-03-19,84.9,84.9,83.1,83.5,83.5,6505,-0.2589436916315102,-0.30732190511101004,-0.3200273509192983,-0.3476930149417135,-0.3476930149417135,0.0024009603841536956,0.009673518742442528,0.015485649424355354,0.018044379419653617,0.025546548759518523,0.02933925049309677
2010-03-22,83.2,83.5,82.0,82.4,82.4,6505,-0.3670595570746618,-0.3951722425499774,-0.3906834766022959,-0.4173782475964554,-0.4173782475964554,-0.014354066985645798,-0.004470218678265126,0.0011339705167665685,0.004204496983730411,0.009952443986860782,0.014986655717511827
2010-03-23,82.5,82.5,81.5,81.8,81.8,6505,-0.4115778546100773,-0.457922483577811,-0.42279989736729495,-0.4553883744990426,-0.4553883744990426,-0.020359281437125783,-0.011480362537764384,-0.006316812439261371,-0.002925402242808324,0.0015672445881085332,0.007265115133604279
2010-03-24,82.5,82.6,81.8,81.9,81.9,6505,-0.4115778546100773,-0.45164745947502805,-0.4035300449082957,-0.44905335334861096,-0.44905335334861096,-0.011347175277643623,-0.009553754988511211,-0.00542422279792736,-0.0016456390565001634,0.0013693940431360222,0.007173601147776301
2010-03-25,82.2,83.8,81.3,82.6,82.6,6505,-0.43065712498239794,-0.3763471702416275,-0.4356464656732948,-0.4047082052955939,-0.4047082052955939,0.0019408054342550018,-0.0019333011116482695,0.0012930337805073732,0.005294225034990596,0.008350017090678225,0.014326647564469797
2010-03-26,82.3,82.9,81.2,82.6,82.6,6505,-0.4242973681916247,-0.4328223871666772,-0.4420697498262942,-0.4047082052955939,-0.4047082052955939,0.004133236080719538,-0.002174438270113636,0.000565291124929341,0.004438499422386999,0.006482429205049254,0.012751348700343208
2010-03-29,82.9,84.9,82.8,84.6,84.6,6505,-0.38613882744698247,-0.30732190511101004,-0.33929720337829755,-0.27800778228697165,-0.27800778228697165,0.022974607013300983,0.017438364401683566,0.02239767966484037,0.026636733207936327,0.02939744962523115,0.03456709603782798
2010-03-30,84.6,84.6,83.6,84.4,84.4,6505,-0.27802296200383175,-0.32614697741936083,-0.28791093015429925,-0.29067782458783314,-0.29067782458783314,0.014179283826003447,0.012476007677543262,0.018012222579607665,0.022472590708098837,0.025815547668821954,0.030147687049920647
2010-03-31,84.4,84.4,83.0,83.7,83.7,6505,-0.2907424755853783,-0.3386970256249268,-0.32645063507229777,-0.3350229726408511,-0.3350229726408511,0.001435750179468827,0.005888715298641928,0.008595758354755843,0.012642913314379067,0.016467502185951725,0.01965402420206299
2010-04-01,84.4,85.2,84.0,85.2,85.2,6505,-0.2907424755853783,-0.28849683280266014,-0.2622177935422996,-0.23999765538438445,-0.23999765538438445,0.013079667063020316,0.023177614987390325,0.023956413748898224,0.027806260932504885,0.032076751623219435,0.03548857559552766
2010-04-02,85.2,85.2,84.1,85.0,85.0,6505,-0.23986442125918955,-0.28849683280266014,-0.2557945093893002,-0.25266769768524683,-0.25266769768524683,0.004965712934499733,0.018940302085830717,0.019429119692971817,0.023356609679749552,0.02776165602631078,0.0304695708397317
2010-04-06,85.1,86.1,84.9,85.6,85.6,6505,-0.2462241780499637,-0.23202161587761044,-0.20440823616530096,-0.21465757078266054,-0.21465757078266054,0.009672092474640164,0.022211607356102215,0.022781583559025008,0.028166476487898613,0.03281853281853281,0.03611055073633247
2010-04-07,85.6,86.0,85.4,85.9,85.9,6505,-0.21442539409609562,-0.23829663998039344,-0.1722918154003019,-0.19565250733136647,-0.19565250733136647,0.009637987776210544,0.020796197266785502,0.023431294678316145,0.02935889754343922,0.0342917690121853,0.03815010272730952
2010-04-08,86.0,86.2,85.5,85.8,85.8,6505,-0.1889863669330008,-0.22574659177482653,-0.16586853124730244,-0.20198752848179813,-0.20198752848179813,0.003508771929824528,0.01490418736692696,0.021752937440457306,0.0261316749387072,0.0309526098240893,0.03535658259925192
2010-04-09,85.8,86.0,85.5,86.0,86.0,6505,-0.2017058805145482,-0.23829663998039344,-0.16586853124730244,-0.18931748618093572,-0.18931748618093572,0.003969180480971322,0.013195098963242278,0.022997620935765312,0.02600811262228576,0.030581919279071904,0.03527145780666916
2010-04-12,86.0,86.1,84.3,85.4,85.4,6505,-0.1889863669330008,-0.23202161587761044,-0.2429479410833004,-0.22732761308352203,-0.22732761308352203,-0.003965477023559473,0.0028182245185534183,0.014332092802280426,0.017029891627962448,0.021579979903344683,0.026318952049032538
2010-04-13,85.3,85.3,84.0,84.6,84.6,6505,-0.23350466446841628,-0.2822218086998771,-0.2622177935422996,-0.27800778228697165,-0.27800778228697165,-0.010989010989011127,-0.0065758572099577535,0.0030827602561062976,0.005287861683797673,0.010607798165137508,0.015321838620634527
2010-04-14,85.1,85.1,84.2,84.6,84.6,6505,-0.2462241780499637,-0.29477185690544405,-0.24937122523629984,-0.27800778228697165,-0.27800778228697165,-0.00797373358348976,-0.0068091101197464,0.0008675763072796373,0.003915984336062466,0.009353822659158057,0.014104766851800003
2010-04-15,85.1,85.5,84.4,85.4,85.4,6505,-0.2462241780499637,-0.26967176049431024,-0.23652465693030003,-0.22732761308352203,-0.22732761308352203,0.0023474178403756203,0.0005858230814295416,0.007550731477112021,0.013289036544850552,0.017490349330410375,0.022101651639671406
2010-04-16,85.0,85.0,83.5,83.7,83.7,6505,-0.25258393484073693,-0.301046881008227,-0.2943342143072987,-0.3350229726408511,-0.3350229726408511,-0.01227283455274966,-0.017605633802816902,-0.013359528487229775,-0.006351279159494232,-0.003618875291652634,0.0004382644726882659
2010-04-19,83.0,83.5,82.3,82.6,82.6,6505,-0.37977907065620925,-0.3951722425499774,-0.37141362414329665,-0.4047082052955939,-0.4047082052955939,-0.01876930387265382,-0.027777777777777936,-0.0263261296660118,-0.018885853426772816,-0.01680712279198217,-0.013063565397483047
2010-04-20,82.8,82.8,81.8,81.8,81.8,6505,-0.39249858423775663,-0.4390974112694611,-0.4035300449082957,-0.4553883744990426,-0.4553883744990426,-0.021765127959818147,-0.03286829037597542,-0.03362999133653616,-0.028041825095057028,-0.026746620978488372,-0.02266119718029402
2010-04-21,81.8,82.8,81.6,81.8,81.8,6505,-0.45609615214549276,-0.4390974112694611,-0.41637661321429553,-0.4553883744990426,-0.4553883744990426,-0.015169756802311644,-0.02815730070096223,-0.03164706810827889,-0.028041825095057028,-0.0265149712000761,-0.02258334329071591
2010-04-22,81.6,81.8,80.8,81.8,81.8,6505,-0.4688156657270402,-0.5018476522972947,-0.46776288643829383,-0.4553883744990426,-0.4553883744990426,-0.006558173427252758,-0.023516772114122154,-0.03019285488460323,-0.02798407700077243,-0.024936823535021205,-0.022310756972111642
2010-04-23,81.8,81.8,81.0,81.7,81.7,6505,-0.45609615214549276,-0.5018476522972947,-0.454916318132294,-0.4617233956494734,-0.4617233956494734,-0.0029289724188429934,-0.01967842572594193,-0.02869144804628668,-0.02865295446439183,-0.024780366692131486,-0.0234281616065026
2010-04-26,81.8,84.1,81.8,84.1,84.1,6505,-0.45609615214549276,-0.3575220979332776,-0.4035300449082957,-0.30968288803912725,-0.30968288803912725,0.022616731517509724,0.01069582982814549,0.0005552030456852815,-0.001009681059571277,0.003579952267303069,0.0045789368903045085
2010-04-27,84.0,84.0,83.0,83.4,83.4,6505,-0.3161815027484731,-0.3637971220360606,-0.32645063507229777,-0.3540280360921443,-0.3540280360921443,0.010174418604651203,0.0037308942110964288,-0.006038455426664644,-0.008618127786032622,-0.005248091603053407,-0.004773269689737369
2010-04-28,82.0,82.8,82.0,82.0,82.0,6505,-0.4433766385639454,-0.4390974112694611,-0.3906834766022959,-0.44271833219818024,-0.44271833219818024,-0.007263922518159738,-0.010020523964747051,-0.019685980712521024,-0.023867626926968744,-0.02203988169067836,-0.0213629311373673
2010-04-29,82.4,82.4,81.6,82.0,82.0,6505,-0.41793761140085056,-0.46419750768059403,-0.41637661321429553,-0.44271833219818024,-0.44271833219818024,-0.007744433688286721,-0.005940113953206387,-0.016707970261411922,-0.022878932316491917,-0.02208653341601858,-0.020115514837681783
2010-04-30,82.0,83.4,81.9,82.8,82.8,6505,-0.4433766385639454,-0.4014472666527604,-0.39710676075529533,-0.3920381629947315,-0.3920381629947315,-0.0007241129616218691,0.004854368932038731,-0.004568405866795019,-0.011933174224343675,-0.012640114476508493,-0.00984573683581126
2010-05-03,82.8,82.8,82.0,82.7,82.7,6505,-0.39249858423775663,-0.4390974112694611,-0.3906834766022959,-0.39837318414516226,-0.39837318414516226,0.0014531363526276376,0.0035189904137848107,-0.003614457831325267,-0.011770329210730708,-0.013879614614137024,-0.010726105506599082
2010-05-04,82.7,82.7,81.2,82.1,82.1,6505,-0.3988583410285299,-0.44537243537224414,-0.4420697498262942,-0.43638331104774947,-0.43638331104774947,-0.0026724975704567407,-0.004124211547792376,-0.008853118712273653,-0.016884205484373256,-0.019865335943842242,-0.017785930770457786
2010-05-05,80.6,81.1,80.1,80.6,80.6,6505,-0.5324132336347763,-0.5457728210167784,-0.5127258755092927,-0.5314086283042162,-0.5314086283042162,-0.01755241345685029,-0.020894071914480235,-0.02381913605167544,-0.03177368010090692,-0.03602353729129807,-0.035269709543568534
2010-05-06,80.6,80.6,80.1,80.3,80.3,6505,-0.5324132336347763,-0.5771479415306953,-0.5127258755092927,-0.5504136917555094,-0.5504136917555094,-0.017135862913096763,-0.022757697456492525,-0.023431165882925365,-0.03218030613474752,-0.038046863769227106,-0.03824656659214319
2010-05-07,78.8,81.0,78.8,80.1,80.1,6505,-0.6468888558687013,-0.5520478451195614,-0.5962285694982901,-0.5630837340563717,-0.5630837340563717,-0.013060620995564346,-0.02328984270210963,-0.023011871849081197,-0.031146053825219268,-0.038092035738303526,-0.039683491188107135
2010-05-10,80.6,80.6,79.5,80.1,80.1,6505,-0.5324132336347763,-0.5771479415306953,-0.5512655804272912,-0.5630837340563717,-0.5630837340563717,-0.006696428571428474,-0.01850263448106856,-0.021021755072109495,-0.02803057881325085,-0.035822620251336285,-0.038723097847827744
2010-05-11,80.8,80.8,79.8,80.1,80.1,6505,-0.5196937200532289,-0.5645978933251283,-0.531995727968292,-0.5630837340563717,-0.5630837340563717,-0.0017447657028913331,-0.014517716535433154,-0.01966383812010464,-0.02536959299142189,-0.03326252775900374,-0.03698954033583138
2010-05-12,80.7,80.7,80.1,80.2,80.2,6505,-0.5260534768440022,-0.5708729174279114,-0.5127258755092927,-0.5567487129059401,-0.5567487129059401,0.000499001996008062,-0.01109741060419225,-0.017156862745097937,-0.021533581406697987,-0.029384712204095265,-0.03416161535064822
2010-05-13,80.9,81.9,80.1,81.7,81.7,6505,-0.5133339632624547,-0.4955726281945108,-0.5127258755092927,-0.4617233956494734,-0.4617233956494734,0.015663848831427036,0.007771062045146113,0.0013072963477410331,-0.0009782342871117425,-0.00926464881645319,-0.015306737374954756
2010-05-14,81.3,81.7,81.0,81.7,81.7,6505,-0.48789493609936085,-0.5081226764000777,-0.454916318132294,-0.4617233956494734,-0.4617233956494734,0.011639425458147569,0.00914031620553371,0.0013072963477410331,0.00024485798237035056,-0.0071938949108054095,-0.013920180238171901
2010-05-17,81.0,81.4,80.0,80.9,80.9,6505,-0.5069742064716816,-0.5269477487084276,-0.5191491596622921,-0.5124035648529222,-0.5124035648529222,-0.0002471576866040042,0.001485516216885424,-0.005898255099533103,-0.008517678779336886,-0.01476032735775513,-0.02196252266774124
2010-05-18,80.9,82.0,80.7,82.0,82.0,6505,-0.5133339632624547,-0.48929760409172784,-0.47418617059129325,-0.44271833219818024,-0.44271833219818024,0.008610086100861045,0.015228426395938958,0.008775526941687916,0.004840389682004905,-9.755145839424894e-05,-0.007223858912788853
2010-05-19,81.0,82.0,80.5,81.0,81.0,6505,-0.5069742064716816,-0.48929760409172784,-0.4870327388972931,-0.5060685437024913,-0.5060685437024913,-0.005646943285047974,0.0023511941591386923,-0.00270869244028563,-0.006926990743578713,-0.010554089709762585,-0.017387788111605382
2010-05-20,80.9,80.9,79.5,79.8,79.8,6505,-0.5133339632624547,-0.5583228692223444,-0.5512655804272912,-0.5820887975076648,-0.5820887975076648,-0.015786877158362297,-0.01188707280832105,-0.015705945234766792,-0.02043822500460328,-0.02253797158255761,-0.029590595865423636
2010-05-21,79.0,79.8,77.2,78.6,78.6,6505,-0.6341693422871538,-0.6273481343529619,-0.6990011159462867,-0.6581090513128384,-0.6581090513128384,-0.023117076808351972,-0.024934871604019415,-0.02714745441042984,-0.03332923379658091,-0.034824893167640834,-0.04130752967962275
2010-05-24,78.6,79.4,78.1,78.6,78.6,6505,-0.6596083694502486,-0.6524482307640949,-0.641191558569289,-0.6581090513128384,-0.6581090513128384,-0.01750000000000007,-0.023117076808351972,-0.02384500745156485,-0.03004874436971682,-0.03292484866381239,-0.0386497064579256
2010-05-25,77.9,77.9,75.0,76.0,76.0,6505,-0.7041266669856632,-0.7465735923058452,-0.8403133673122828,-0.822819601224047,-0.822819601224047,-0.035532994923857836,-0.05059337913803869,-0.05134392943330278,-0.0578317733837475,-0.062237796752381384,-0.06717944521724895
2010-05-26,76.5,76.9,74.0,74.4,74.4,6505,-0.7931632620564941,-0.8093238333336787,-0.9045462088422809,-0.9241799396309445,-0.9241799396309445,-0.03975219411461002,-0.06379765949414865,-0.06649937264742782,-0.07330136389113771,-0.07861495021548504,-0.08299096138044372
2010-05-27,74.8,76.5,74.1,75.8,75.8,6505,-0.9012791274996458,-0.8344239297448126,-0.8981229246892815,-0.8354896435249094,-0.8354896435249094,-0.0114762649973917,-0.03904665314401621,-0.045340050377833854,-0.05220381369177865,-0.058478660505788226,-0.06203596766210199
2010-05-28,77.5,77.5,74.9,75.4,75.4,6505,-0.729565694148758,-0.771673688716979,-0.8467366514652822,-0.8608297281266333,-0.8608297281266333,-0.008416622830089248,-0.036421725239616544,-0.04661552726966181,-0.05282331511839689,-0.06050637958532688,-0.06378047266255539
2010-05-31,77.0,77.7,75.7,77.7,77.7,6505,-0.7613644781026261,-0.7591236405114121,-0.795350378241284,-0.7151242416667178,-0.7151242416667178,0.02425520696018987,-0.0029513666110610776,-0.015541853197060649,-0.020855648667380596,-0.028749999999999963,-0.033261446582614276
2010-06-01,77.0,77.0,75.4,75.7,75.7,6505,-0.7613644781026261,-0.8030488092308958,-0.8146202307002831,-0.8418246646753401,-0.8418246646753401,-0.0013192612137202418,-0.020698576972833047,-0.03730394234845278,-0.04219649522363502,-0.0500928575013802,-0.05575651740052387
2010-06-02,75.5,76.3,74.5,75.3,75.3,6505,-0.8567608299642303,-0.8469739779503795,-0.8724297880772819,-0.867164749277065,-0.867164749277065,-0.008949723611476794,-0.01863677831356696,-0.03839604971905322,-0.04405230417671718,-0.051923851732473755,-0.058200617026598886
2010-06-03,76.3,77.4,75.3,77.1,77.1,6505,-0.8058827756380416,-0.777948712819762,-0.8210435148532835,-0.753134368569305,-0.753134368569305,0.011280167890870739,0.008370389746272381,-0.011538461538461612,-0.019208752067166913,-0.026859191195032064,-0.03379422699360883
2010-06-04,77.5,77.5,76.6,77.0,77.0,6505,-0.729565694148758,-0.771673688716979,-0.7375408208642862,-0.7594693897197359,-0.7594693897197359,0.005747126436781766,0.009174311926605542,-0.00883892559855832,-0.018545663118985384,-0.025267102131753445,-0.03314917127071824
2010-06-07,75.6,76.0,74.0,75.4,75.4,6505,-0.850401073173457,-0.8657990502587294,-0.9045462088422809,-0.8608297281266333,-0.8608297281266333,-0.009198423127463714,-0.007633587786259519,-0.024831867563372835,-0.03605216057274346,-0.04198007725147373,-0.0497794580970383
2010-06-08,75.7,76.0,74.7,75.6,75.6,6505,-0.8440413163826829,-0.8657990502587294,-0.859583219771282,-0.8481596858257718,-0.8481596858257718,-0.00630914826498428,-0.004477218856992407,-0.01681983700364145,-0.030707096608756923,-0.036255162918770185,-0.04412694398786187
2010-06-09,75.8,75.8,75.0,75.0,75.0,6505,-0.8376815595919096,-0.8783490984642963,-0.8403133673122828,-0.8861698127283582,-0.8861698127283582,-0.013417521704814655,-0.013157894736842105,-0.019522398466097157,-0.035183636714478495,-0.041165942214267434,-0.04890730016485593
2010-06-10,75.9,76.4,75.0,75.8,75.8,6505,-0.8313218028011354,-0.8406989538475956,-0.8403133673122828,-0.8354896435249094,-0.8354896435249094,0.0005279831045407373,-0.0026315789473684583,-0.0055973412629002515,-0.02117768595041341,-0.028703229113275358,-0.036236490781945435
2010-06-11,76.5,77.9,76.1,77.7,77.7,6505,-0.7931632620564941,-0.7465735923058452,-0.7696572416292852,-0.7151242416667178,-0.7151242416667178,0.023715415019762806,0.019283746556473812,0.020131291028446362,0.005955463490419575,-0.003130452632659342,-0.00993883792048931
2010-06-14,77.7,79.2,77.5,79.1,79.1,6505,-0.7168461805672106,-0.6649982789696617,-0.6797312634872875,-0.6264339455606829,-0.6264339455606829,0.032098121085594906,0.0357470210815764,0.03805774278215212,0.025275437459494343,0.015352228383651464,0.009443593670240035
2010-06-15,79.0,81.9,78.6,81.2,81.2,6505,-0.6341693422871538,-0.4955726281945108,-0.6090751378042899,-0.49339850140162894,-0.49339850140162894,0.04423868312757198,0.05564222568902777,0.060790802995993765,0.05304111010245109,0.04172012110637855,0.03663985701519219
2010-06-17,81.2,83.2,81.2,82.5,82.5,6505,-0.49425469289013413,-0.4139973148583273,-0.4420697498262942,-0.41104322644602465,-0.41104322644602465,0.04087812263436802,0.06259659969088098,0.07022399031393228,0.0688605298957051,0.057150179395181876,0.052385406922357186
2010-06-18,82.3,82.3,80.4,81.3,81.3,6505,-0.4242973681916247,-0.47047253178337795,-0.4934560230502925,-0.48706348025119817,-0.48706348025119817,0.01169736187157787,0.04150653343581873,0.04966431399552415,0.05229096557079979,0.041987080898185127,0.03663719823189394
2010-06-21,82.1,82.2,80.5,81.9,81.9,6505,-0.4370168817731721,-0.4767475558861609,-0.4870327388972931,-0.44905335334861096,-0.44905335334861096,0.008620689655172448,0.042647994907702214,0.05152786099460757,0.05779786890539243,0.049569407422595975,0.04348934001528932
2010-06-22,82.0,82.0,81.0,81.3,81.3,6505,-0.4433766385639454,-0.48929760409172784,-0.454916318132294,-0.48706348025119817,-0.48706348025119817,-0.004164625183733506,0.02729340409401057,0.04061780015359652,0.048220732336255734,0.04166666666666661,0.035317089735970704
2010-06-23,81.3,81.3,80.5,80.5,80.5,6505,-0.48789493609936085,-0.5332227728112116,-0.4870327388972931,-0.5377436494546469,-0.5377436494546469,-0.012269938650306749,0.010925530578927598,0.02617489589530034,0.034903901780548995,0.032210083602605535,0.02495543672014252
2010-06-24,80.8,80.8,80.1,80.1,80.1,6505,-0.5196937200532289,-0.5645978933251283,-0.5127258755092927,-0.5630837340563717,-0.5630837340563717,-0.011355220933103132,-0.0004991265285750718,0.016927634363097698,0.026002305623158535,0.027555418719211775,0.01990577649505538
2010-06-25,79.6,79.7,77.7,77.8,77.8,6505,-0.5960108015425125,-0.6336231584557449,-0.6668846951812877,-0.7087892205162871,-0.7087892205162871,-0.031374501992032,-0.03161563355738121,-0.01285738453730336,-0.00473327363438647,-0.0009245942058763449,-0.007737437292747427
2010-06-28,78.3,79.2,77.6,79.2,79.2,6505,-0.6786876398225693,-0.6649982789696617,-0.673307979334288,-0.6200989244102512,-0.6200989244102512,-0.007269992479318104,-0.0160268356317554,0.003039513677811485,0.01071975497702914,0.0167402690767177,0.011192918244882489
2010-06-29,79.6,80.0,78.2,78.7,78.7,6505,-0.5960108015425125,-0.6147980861473951,-0.6347682744162886,-0.6517740301624068,-0.6517740301624068,-0.00706535452939695,-0.021752641392169047,-0.006062136903258448,0.003698507843387403,0.010269576379974289,0.005750798722044765
2010-06-30,77.5,78.1,76.6,77.9,77.9,6505,-0.729565694148758,-0.7340235441002791,-0.7375408208642862,-0.7024541993658555,-0.7024541993658555,-0.010668021336042714,-0.027708437343984007,-0.018067226890756172,-0.00789607743250115,-0.000974658869395627,-0.002731074507126279
2010-07-01,77.7,77.7,76.4,76.8,76.8,6505,-0.7168461805672106,-0.7591236405114121,-0.750387389170285,-0.7721394320205982,-0.7721394320205982,-0.016393442622950834,-0.034569453174104335,-0.03339486491022004,-0.022838602964565198,-0.016292652935751686,-0.015047879616963227
2010-07-02,77.6,79.2,76.8,78.5,78.5,6505,-0.7232059373579848,-0.6649982789696617,-0.7246942525582863,-0.6644440724632692,-0.6644440724632692,0.0035796471490667494,-0.009713636937050714,-0.014231896190874924,-0.0020975020657218106,0.004093118444614904,0.0073142563839342116
2010-07-05,78.5,79.4,78.0,79.4,79.4,6505,-0.6659681262410219,-0.6524482307640949,-0.6476148427222884,-0.6074288821093888,-0.6074288821093888,0.0145668285203169,0.0048089091369274825,-0.004347099147299749,0.007806054451989708,0.013530763339290302,0.01851455937059043
2010-07-06,78.8,80.7,78.5,80.5,80.5,6505,-0.6468888558687013,-0.5708729174279114,-0.6154984219572893,-0.5377436494546469,-0.5377436494546469,0.023912490460442578,0.01976184443881432,0.008266533066132401,0.01847165991902844,0.026105134349666062,0.03178672135349897
2010-07-07,77.2,77.8,75.3,75.8,75.8,6505,-0.7486449645210786,-0.7528486164086291,-0.8210435148532835,-0.8354896435249094,-0.8354896435249094,-0.030690537084399047,-0.034025742321906485,-0.046300956215400015,-0.041113219481340925,-0.033853370041806774,-0.02837121859511201
2010-07-08,76.0,76.6,75.8,76.6,76.6,6505,-0.8249620460103623,-0.8281489056420296,-0.7889270940882844,-0.7848094743214606,-0.7848094743214606,-0.019959058341862877,-0.019457245263697007,-0.031442299586951,-0.03197270314672078,-0.024303255719162396,-0.01903867497652179
2010-07-09,77.2,77.2,76.1,76.4,76.4,6505,-0.7486449645210786,-0.7904987610253289,-0.7696572416292852,-0.7974795166223222,-0.7974795166223222,-0.017236943658348384,-0.020261605539882,-0.029964448958862182,-0.03486609398686194,-0.026503567787971433,-0.02185046090815956
2010-07-12,76.6,77.3,76.0,76.4,76.4,6505,-0.786803505265721,-0.7842237369225459,-0.7760805257822847,-0.7974795166223222,-0.7974795166223222,-0.00959294788695871,-0.016731016731016693,-0.025427332256144304,-0.03407295024969964,-0.0262057713877842,-0.022267724596877335
2010-07-13,76.4,76.4,76.0,76.2,76.2,6505,-0.7995230188472674,-0.8406989538475956,-0.7760805257822847,-0.8101495589231845,-0.8101495589231845,-0.0010487676979548807,-0.016139444803098774,-0.023744448240519193,-0.03483217226092464,-0.029150953011925346,-0.024202842873607206
2010-07-14,76.6,77.8,76.4,77.8,77.8,6505,-0.786803505265721,-0.7528486164086291,-0.750387389170285,-0.7087892205162871,-0.7087892205162871,0.014606155451225747,0.004648760330578506,-0.0009417001969008238,-0.01243970550901249,-0.00987578904500115,-0.0046059365404300615
2010-07-15,77.8,77.8,76.9,77.6,77.6,6505,-0.7104864237764373,-0.7528486164086291,-0.7182709684052859,-0.7214592628171496,-0.7214592628171496,0.009365244536940672,0.001031991744065842,-0.0013726835964310545,-0.011905519831922102,-0.013726487036095735,-0.008137701844829837
2010-07-16,77.3,77.8,76.8,77.2,77.2,6505,-0.7422852077303054,-0.7528486164086291,-0.7246942525582863,-0.7467993474188734,-0.7467993474188734,0.002076843198338481,-0.0024550975578239787,-0.006008583690987148,-0.01442614579343796,-0.019508230034545663,-0.013292433537832389
2010-07-19,76.7,77.4,76.7,77.0,77.0,6505,-0.7804437484749468,-0.777948712819762,-0.7311175367112858,-0.7594693897197359,-0.7594693897197359,-0.002073613271124891,-0.0019442644199611882,-0.006707946336429258,-0.013895114298520942,-0.021700462468872268,-0.01584867075664633
2010-07-20,77.0,78.4,76.7,78.0,78.0,6505,-0.7613644781026261,-0.7151984717919284,-0.7311175367112858,-0.6961191782154247,-0.6961191782154247,0.006191950464396152,0.014304291287386141,0.006798038034592602,0.0010266940451746987,-0.008440964100478001,-0.00417056770789005
2010-07-21,78.0,78.0,77.5,77.8,77.8,6505,-0.6977669101948899,-0.7402985682030622,-0.6797312634872875,-0.7087892205162871,-0.7087892205162871,0.003611971104230997,0.009079118028534408,0.0043029259896729165,0.00019283923635663136,-0.009270578647106694,-0.007653061224489904
2010-07-22,77.6,77.6,76.9,76.9,76.9,6505,-0.7232059373579848,-0.765398664614196,-0.7182709684052859,-0.7658044108701666,-0.7658044108701666,-0.006203153269578571,-0.002981978477894515,-0.007400395835125938,-0.009339774557165788,-0.017930118512464194,-0.01992438081481795
2010-07-23,77.2,77.6,76.9,77.3,77.3,6505,-0.7486449645210786,-0.765398664614196,-0.7182709684052859,-0.7404643262684427,-0.7404643262684427,-0.0012919896640827973,0.001036001036001014,-0.0012059608924110652,-0.0038659793814432627,-0.010800573300573227,-0.0154538507259914
2010-07-26,74.0,76.6,74.0,76.0,76.0,6505,-0.9521571818258345,-0.8281489056420296,-0.9045462088422809,-0.822819601224047,-0.822819601224047,-0.015544041450777238,-0.015288934957242714,-0.01511879049676032,-0.018595041322314022,-0.024490424603378358,-0.03131240175043562
2010-07-27,75.0,75.3,74.4,74.6,74.6,6505,-0.8885596139180983,-0.9097242189782131,-0.8788530722302813,-0.9115098973300829,-0.9115098973300829,-0.025091479351803475,-0.03142041028304339,-0.02830844043070527,-0.03411665695604331,-0.03915507470376103,-0.0473352630682787
2010-07-28,74.2,76.0,74.2,75.8,75.8,6505,-0.9394376682442871,-0.8657990502587294,-0.8916996405362811,-0.8354896435249094,-0.8354896435249094,-0.004203888596952091,-0.013277792241603881,-0.012678013199027569,-0.01724361467652032,-0.02132933946186026,-0.02978069801177559
2010-07-29,75.6,75.8,74.8,75.5,75.5,6505,-0.850401073173457,-0.8783490984642963,-0.8531599356182826,-0.8544947069762026,-0.8544947069762026,-0.004483122362869243,-0.014488970108340757,-0.015645371577575003,-0.02030753260234864,-0.02288139980328209,-0.030725778842862005
2010-07-30,75.1,75.1,74.4,74.4,74.4,6505,-0.8821998571273251,-0.92227426718378,-0.8788530722302813,-0.9241799396309445,-0.9241799396309445,-0.011427052883337568,-0.025284946940914536,-0.028297779712668576,-0.032006245120998957,-0.03541979982367888,-0.04201897077127776
2010-08-02,74.4,75.4,74.0,75.4,75.4,6505,-0.9267181546627397,-0.9034491948754292,-0.9045462088422809,-0.8608297281266333,-0.8608297281266333,0.0034602076124568156,-0.010108966784823368,-0.014379084967320188,-0.0164362118445081,-0.020524811639386832,-0.02642678832745115
2010-08-03,75.4,76.0,74.9,75.9,75.9,6505,-0.8631205867550036,-0.8657990502587294,-0.8467366514652822,-0.8291546223744777,-0.8291546223744777,0.00663129973474801,-0.0007898894154818623,-0.007583682008368178,-0.0069344498233678015,-0.01259301659988538,-0.01768766177739422
2010-08-04,75.8,75.9,75.3,75.8,75.8,6505,-0.8376815595919096,-0.8720740743615124,-0.8210435148532835,-0.8354896435249094,-0.8354896435249094,0.005305039787798295,0.0005279831045405496,-0.007160321341250439,-0.00824283658249391,-0.012815169827047416,-0.01698871741667732
2010-08-05,75.7,75.8,75.3,75.8,75.8,6505,-0.8440413163826829,-0.8783490984642963,-0.8210435148532835,-0.8354896435249094,-0.8354896435249094,0.00450569838324926,0.001982815598149259,-0.0055973412629002515,-0.007723524021468823,-0.01230063588032944,-0.01515807708964926
2010-08-06,75.8,76.5,75.6,76.1,76.1,6505,-0.8376815595919096,-0.8344239297448126,-0.8017736623942843,-0.8164845800736162,-0.8164845800736162,0.003957783641160913,0.007546670197272516,-0.0007003414164406242,-0.003600654664484526,-0.007149566851059413,-0.010531790404368772
2010-08-09,76.0,76.8,76.0,76.3,76.3,6505,-0.8249620460103623,-0.8155988574364627,-0.7760805257822847,-0.8038145377727538,-0.8038145377727538,0.0042116346406950176,0.009793541556378968,0.002540294323756062,-0.0009165902841430848,-0.0029271862422247104,-0.006682867557715701
2010-08-10,76.4,76.5,76.0,76.0,76.0,6505,-0.7995230188472674,-0.8344239297448126,-0.7760805257822847,-0.822819601224047,-0.822819601224047,0.0,0.00396301188903563,0.00035100035100021877,-0.0047145102147721244,-0.004505920570051455,-0.009427814224269148
2010-08-11,76.0,76.0,75.2,76.0,76.0,6505,-0.8249620460103623,-0.8657990502587294,-0.827466799006283,-0.822819601224047,-0.822819601224047,-0.0005260389268804845,0.003697834125726375,0.0019335559852345907,-0.0035400550675234064,-0.004610226320201224,-0.008609444299504445
2010-08-12,75.3,75.8,74.8,75.0,75.0,6505,-0.8694803435457777,-0.8783490984642963,-0.8531599356182826,-0.8861698127283582,-0.8861698127283582,-0.011597258829731096,-0.008854235496233669,-0.009595915133374508,-0.014972419227738568,-0.016883389261744923,-0.020887728459529954
2010-08-13,75.0,75.0,74.4,75.0,75.0,6505,-0.8885596139180983,-0.9285492912865629,-0.8788530722302813,-0.8861698127283582,-0.8861698127283582,-0.008723235527359194,-0.009639508781196222,-0.0075864502470007625,-0.013547283966855204,-0.016161192150278274,-0.01939420353018088
2010-08-16,75.0,75.0,74.5,75.0,75.0,6505,-0.8885596139180983,-0.9285492912865629,-0.8724297880772819,-0.8861698127283582,-0.8861698127283582,-0.005305039787798484,-0.009116131589377695,-0.006710224262758363,-0.012248123271434305,-0.015437933207309414,-0.017510152395091818
2010-08-17,75.0,75.0,74.5,74.5,74.5,6505,-0.8885596139180983,-0.9285492912865629,-0.8724297880772819,-0.9178449184805136,-0.9178449184805136,-0.007989347536617768,-0.013898080741230936,-0.013245033112582781,-0.016566563263151073,-0.021127870920271245,-0.02149643185499764
2010-08-18,74.5,74.9,73.8,74.2,74.2,6505,-0.9203583978719665,-0.934824315389346,-0.9173927771482807,-0.9368499819318068,-0.9368499819318068,-0.007225046829007308,-0.015784586815227455,-0.015828101512069963,-0.018193847171683757,-0.02322152598599331,-0.024753559693318633
2010-08-19,74.0,74.2,73.8,73.9,73.9,6505,-0.9521571818258345,-0.9787494841088297,-0.9173927771482807,-0.9558550453831,-0.9558550453831,-0.008319914117015626,-0.017287234042553154,-0.018418489329673108,-0.020218760357971384,-0.0252717104568956,-0.027546275989121856
2010-08-20,73.8,73.8,73.5,73.8,73.8,6505,-0.964876695407382,-1.0038495805199634,-0.93666262960728,-0.9621900665335317,-0.9621900665335317,-0.00646203554119553,-0.015606242496998822,-0.01922565783644909,-0.01926910299003326,-0.024841437632135432,-0.027753381345512248
2010-08-23,73.8,73.8,73.4,73.8,73.8,6505,-0.964876695407382,-1.0038495805199634,-0.9430859137602794,-0.9621900665335317,-0.9621900665335317,-0.0032414910858996364,-0.012312633832976469,-0.017833377694969437,-0.017833377694969437,-0.02318932655654378,-0.026642046953310423
2010-08-24,73.8,73.8,73.4,73.4,73.4,6505,-0.964876695407382,-1.0038495805199634,-0.9430859137602794,-0.9875301511352556,-0.9875301511352556,-0.005689515036575476,-0.014235831318828931,-0.020985239196158505,-0.022376132125732456,-0.026111877719987124,-0.03072453561052911
2010-08-25,73.0,73.0,71.2,71.5,71.5,6505,-1.0157547497335706,-1.0540497733422303,-1.0843981651262755,-1.107895552993447,-1.107895552993447,-0.02429039301310045,-0.033914335900554045,-0.042667142729626004,-0.044947572296800846,-0.048138878534533254,-0.05318914146987419
2010-08-26,71.3,71.5,71.0,71.3,71.3,6505,-1.1238706151767224,-1.1481751348839806,-1.0972447334322752,-1.1205655952943094,-1.1205655952943094,-0.020065970313359098,-0.03177620858229228,-0.0414948915576269,-0.044940057598285496,-0.04796239918816428,-0.053204674220963276
2010-08-27,71.2,71.6,71.0,71.6,71.6,6505,-1.1302303719674955,-1.1419001107811975,-1.0972447334322752,-1.1015605318430164,-1.1015605318430164,-0.009955752212389367,-0.023192360163710818,-0.03356429407000826,-0.03911964034087123,-0.04103717989928221,-0.046858359957401445
2010-08-30,72.2,73.0,71.9,72.1,72.1,6505,-1.0666328040597595,-1.0540497733422303,-1.0394351760552767,-1.0698854260908608,-1.0698854260908608,0.0016671297582662485,-0.012464046021093148,-0.023123475747448247,-0.030262273032952255,-0.0323186771890267,-0.038110908524925546
2010-08-31,72.9,72.9,71.5,71.9,71.9,6505,-1.022114506524344,-1.0603247974450132,-1.0651283126672761,-1.0825554683917222,-1.0825554683917222,0.003069196428571611,-0.011683848797250781,-0.022212148685403343,-0.030343897505057314,-0.033602150537634407,-0.03816998127173805
2010-09-01,72.5,73.4,71.9,73.4,73.4,6505,-1.0475535336874386,-1.0289496769310964,-1.0394351760552767,-0.9875301511352556,-0.9875301511352556,0.018595614765473265,0.010045410760974519,0.0005452562704473892,-0.008510063487775164,-0.012166236003445257,-0.016173711017782103
2010-09-02,74.2,74.8,73.7,74.3,74.3,6505,-0.9394376682442871,-0.9410993394921299,-0.9238160613012801,-0.9305149607813761,-0.9305149607813761,0.02257087806220755,0.02186769357722444,0.013458215877057547,0.00466499898586977,0.0005925447101917277,-0.0029522275899087343
2010-09-03,74.3,74.8,73.6,74.2,74.2,6505,-0.9330779114535138,-0.9410993394921299,-0.9302393454542806,-0.9368499819318068,-0.9368499819318068,0.01393823449029784,0.01993127147766327,0.012831012831012996,0.004603303547251603,-0.000646482060122856,-0.0029115341545353
2010-09-06,74.4,74.8,74.3,74.7,74.7,6505,-0.9267181546627397,-0.9410993394921299,-0.8852763563832816,-0.9051748761796513,-0.9051748761796513,0.013568521031207597,0.025535420098846778,0.01993446204259978,0.012469503930604522,0.006467259498787442,0.004392255288634129
2010-09-07,75.0,76.0,74.8,75.9,75.9,6505,-0.8885596139180983,-0.8657990502587294,-0.8531599356182826,-0.8291546223744777,-0.8291546223744777,0.018791946308724907,0.03844575181283352,0.03500000000000014,0.02880379532361911,0.022635408245755953,0.019932810750279965
2010-09-08,75.0,76.0,75.0,76.0,76.0,6505,-0.8885596139180983,-0.8657990502587294,-0.8403133673122828,-0.822819601224047,-0.822819601224047,0.013063183151159553,0.033451183029643845,0.03467053911780723,0.03015926804473052,0.023872393166998858,0.0211851121959957
2010-09-09,76.1,76.3,75.2,75.3,75.3,6505,-0.818602289219589,-0.8469739779503795,-0.827466799006283,-0.867164749277065,-0.867164749277065,0.0010635469290082198,0.018393291858263255,0.02383973894126174,0.020463477435967006,0.014715394566623527,0.011870100783874477
2010-09-10,75.8,76.0,75.3,76.0,76.0,6505,-0.8376815595919096,-0.8657990502587294,-0.8210435148532835,-0.822819601224047,-0.822819601224047,0.005557025668166204,0.021780048400107423,0.03130088655690255,0.02925243770314188,0.02420354697859943,0.020545185980931933
2010-09-13,76.2,78.1,76.0,78.1,78.1,6505,-0.8122425324288148,-0.7340235441002791,-0.7760805257822847,-0.689784157064994,-0.689784157064994,0.024127983215315882,0.04161109629234469,0.05569072722357381,0.055476721400094665,0.05148365555495717,0.04747854077253208
2010-09-14,78.1,78.4,77.1,78.4,78.4,6505,-0.6914071534041167,-0.7151984717919284,-0.7054244000992871,-0.6707790936136999,-0.6707790936136999,0.021365294424179455,0.03662567764114764,0.05499237462994536,0.05674619220919272,0.05416016780508801,0.05032822757111608
2010-09-15,78.1,78.9,77.2,78.7,78.7,6505,-0.6914071534041167,-0.6838233512780116,-0.6990011159462867,-0.6517740301624068,-0.6517740301624068,0.018111254851229053,0.033350840336134537,0.05223281932436065,0.057582476651212744,0.05665950590762619,0.05298367674605289
2010-09-16,78.7,79.3,77.1,77.1,77.1,6505,-0.6532486126594744,-0.6587232548668787,-0.7054244000992871,-0.753134368569305,-0.753134368569305,-0.007210919392222538,0.008634222919937162,0.02553870710295294,0.03385853167951715,0.034011050909286,0.030978381992422505
2010-09-17,77.7,78.3,76.6,77.2,77.2,6505,-0.7168461805672106,-0.7214734958947123,-0.7375408208642862,-0.7467993474188734,-0.7467993474188734,-0.008985879332477572,0.005994266353922253,0.021794758669372746,0.03284500635494011,0.03413170444194398,0.03180967655707043
2010-09-20,76.5,78.0,76.5,77.7,77.7,6505,-0.7931632620564941,-0.7402985682030622,-0.7439641050172856,-0.7151242416667178,-0.7151242416667178,-0.0015420200462606596,0.008566978193146559,0.02335586969883211,0.036829463570856556,0.03932584269662918,0.03784505788067689
2010-09-21,78.0,78.1,77.7,78.1,78.1,6505,-0.6977669101948899,-0.7340235441002791,-0.6668846951812877,-0.689784157064994,-0.689784157064994,0.004372427983538955,0.010872378980067165,0.023054755043227737,0.038909211839042196,0.042667948307166484,0.042213424669721014
2010-09-23,78.1,79.2,77.7,78.5,78.5,6505,-0.6914071534041167,-0.6649982789696617,-0.6668846951812877,-0.6644440724632692,-0.6644440724632692,0.010036026762738048,0.01277254547800277,0.023735002608242142,0.03939093015557755,0.04560711812030465,0.04638762996534263
2010-09-24,78.3,79.2,78.0,79.0,79.0,6505,-0.6786876398225693,-0.6649982789696617,-0.6476148427222884,-0.6327689667111136,-0.6327689667111136,0.011523687580025681,0.014381099126861897,0.026062862585505157,0.04070609932815181,0.049415515409139195,0.051184245542446515
2010-09-27,79.4,80.1,78.7,79.6,79.6,6505,-0.608730315124059,-0.608523062044612,-0.6026518536512895,-0.5947588398085273,-0.5947588398085273,0.012980402137948537,0.017382413087934555,0.029044212703611176,0.0431136155156599,0.05413709079351618,0.057011331444759256
2010-09-28,79.3,80.1,79.3,80.0,80.0,6505,-0.6150900719148331,-0.608523062044612,-0.564112148733291,-0.5694187552068025,-0.5694187552068025,0.012145748987854353,0.02001785031238038,0.02951269732326703,0.04295678247832608,0.05596620908130933,0.059977033830933724
2010-09-29,80.0,80.9,79.8,80.7,80.7,6505,-0.5705717743794176,-0.5583228692223444,-0.531995727968292,-0.5250736071537845,-0.5250736071537845,0.014328808446455512,0.02593440122044249,0.03426179084073819,0.04608205327629797,0.06111607847262414,0.06633192389006337
2010-09-30,80.2,80.7,80.2,80.5,80.5,6505,-0.5578522607978702,-0.5708729174279114,-0.5063025913562923,-0.5377436494546469,-0.5377436494546469,0.006753376688344072,0.021055301877219643,0.027747042301472447,0.03870967741935484,0.05349945034811297,0.060745816313084525
2010-10-01,80.3,80.9,80.1,80.9,80.9,6505,-0.551492504007097,-0.5583228692223444,-0.5127258755092927,-0.5124035648529222,-0.5124035648529222,0.006970375902414765,0.021206765968189937,0.027954256670902195,0.03944494410895532,0.05344028334809103,0.06274904759819616
2010-10-04,80.1,80.9,79.6,80.8,80.8,6505,-0.5642120175886444,-0.5583228692223444,-0.5448422962742918,-0.5187385860033538,-0.5187385860033538,0.0027302060064530232,0.01533048504649408,0.02252594279929115,0.03377686796315252,0.047120418848167485,0.05819181909460003
2010-10-05,80.2,80.8,79.8,80.8,80.8,6505,-0.5578522607978702,-0.5645978933251283,-0.531995727968292,-0.5187385860033538,-0.5187385860033538,0.0007431260837255669,0.011390662160470605,0.02020202020202013,0.029758491046963532,0.04241923831148721,0.054968011489750536
2010-10-06,80.9,81.3,80.4,80.8,80.8,6505,-0.5133339632624547,-0.5332227728112116,-0.4934560230502925,-0.5187385860033538,-0.5187385860033538,0.0004952947003467838,0.007984031936127753,0.01814516129032255,0.02655316986405798,0.03765346483793089,0.051581276300377496
2010-10-07,80.6,81.0,80.2,81.0,81.0,6505,-0.5324132336347763,-0.5520478451195614,-0.5063025913562923,-0.5060685437024913,-0.5060685437024913,0.0017313875834777987,0.007337395846287818,0.01869707386601825,0.025835866261398256,0.0361766361357008,0.04985742676920415
2010-10-08,81.0,81.9,80.5,81.9,81.9,6505,-0.5069742064716816,-0.4955726281945108,-0.4870327388972931,-0.44905335334861096,-0.44905335334861096,0.010362694300518177,0.014869888475836465,0.025887265135699507,0.03291713961407509,0.04363117386207257,0.056683296060554084
2010-10-11,81.9,81.9,80.8,81.3,81.3,6505,-0.44973639535471865,-0.4955726281945108,-0.46776288643829383,-0.48706348025119817,-0.48706348025119817,0.0017249876786594451,0.005317175714109149,0.014896804260985287,0.021934510715857013,0.032249873031995835,0.04458435050751637
2010-10-12,80.8,81.2,79.8,81.0,81.0,6505,-0.5196937200532289,-0.5394977969139945,-0.531995727968292,-0.5060685437024913,-0.5060685437024913,-0.002463054187192153,0.00037050759540571985,0.00838243837662875,0.016311166875784155,0.02516073507821596,0.03677788207184896
2010-10-13,81.0,81.9,80.3,81.4,81.4,6505,-0.5069742064716816,-0.4955726281945108,-0.4998793072032929,-0.48072845910076656,-0.48072845910076656,0.000983767830791912,0.004442250740375116,0.010594272471445194,0.0194113963681905,0.02736268174474968,0.03769175200781895
2010-10-14,81.3,83.8,81.2,81.9,81.9,6505,-0.48789493609936085,-0.3763471702416275,-0.4420697498262942,-0.44905335334861096,-0.44905335334861096,0.004907975460122594,0.008869179600886904,0.013948497854077412,0.023622047244094675,0.030603513363869943,0.04030823947836413
2010-10-15,81.9,82.4,81.4,81.9,81.9,6505,-0.44973639535471865,-0.46419750768059403,-0.42922318152029443,-0.44905335334861096,-0.44905335334861096,0.004907975460122769,0.007627952755905568,0.011527377521613879,0.02056074766355147,0.027191090152009312,0.03697138516080022
2010-10-18,81.8,82.0,80.9,81.8,81.8,6505,-0.45609615214549276,-0.48929760409172784,-0.46133960228529347,-0.4553883744990426,-0.4553883744990426,0.002450980392156898,0.005160973212091444,0.008465521492561858,0.016401590457256556,0.02296033214946724,0.032393773664282664
2010-10-19,81.7,81.8,80.4,81.2,81.2,6505,-0.46245590893626604,-0.5018476522972947,-0.4934560230502925,-0.49339850140162894,-0.49339850140162894,-0.005389514943655043,-0.002702038811102909,8.210854749972005e-05,0.006757175624573823,0.013884726800519363,0.02202643171806167
2010-10-20,80.6,80.9,79.3,80.3,80.3,6505,-0.5324132336347763,-0.5583228692223444,-0.564112148733291,-0.5504136917555094,-0.5504136917555094,-0.013755833947433118,-0.013149809512105289,-0.010677618069815287,-0.005757444437565819,0.001696522129634196,0.008836215921939778
2010-10-21,79.5,80.3,79.5,79.7,79.7,6505,-0.6023705583332858,-0.5959730138390451,-0.5512655804272912,-0.5884238186580957,-0.5884238186580957,-0.01580637194368964,-0.018956179222058004,-0.01742418015944761,-0.013918960717599752,-0.006283975861552924,-0.0002508780732563475
2010-10-22,79.7,80.3,79.5,79.7,79.7,6505,-0.5896510447517384,-0.5959730138390451,-0.5512655804272912,-0.5884238186580957,-0.5884238186580957,-0.010429600198659093,-0.016292273512713,-0.016454134101192865,-0.014345782834528774,-0.0075708522189570655,-0.0020868113522536378
2010-10-25,80.5,83.3,80.3,83.3,83.3,6505,-0.5387729904255496,-0.40772229075554434,-0.4998793072032929,-0.36036305724257595,-0.36036305724257595,0.030430479960415556,0.02560945579906425,0.02586206896551717,0.027824048368190454,0.03411460919654391,0.03982024716015476
2010-10-26,83.8,84.3,83.2,83.7,83.7,6505,-0.3289010163300205,-0.34497204972771073,-0.313604066766298,-0.3350229726408511,-0.3350229726408511,0.02901401524465207,0.02711989201128965,0.028339749365222443,0.03040748491936475,0.03599366273888505,0.042384490846444654
2010-10-27,83.7,83.8,82.9,82.9,82.9,6505,-0.3352607731207938,-0.3763471702416275,-0.3328739192252972,-0.3857031418442998,-0.3857031418442998,0.012704617639873031,0.01543361097501231,0.016762060506950217,0.0191787558396853,0.023658994369258262,0.030496395127206425
2010-10-28,83.0,84.6,82.3,84.2,84.2,6505,-0.37977907065620925,-0.32614697741936083,-0.37141362414329665,-0.3033478668886956,-0.3033478668886956,0.017399710004833223,0.028459753267375085,0.03001141738704942,0.032812020852499194,0.03679259222774959,0.0442763239489023
2010-10-29,84.2,84.2,82.8,83.3,83.3,6505,-0.3034619891669257,-0.35124707383049375,-0.33929720337829755,-0.36036305724257595,-0.36036305724257595,-0.0021562050790609345,0.015729789050115742,0.017839687194525826,0.02027068405903591,0.023542711098004484,0.030472970186796483
2010-11-01,83.4,87.0,83.4,85.5,85.5,6505,-0.35434004349311443,-0.17554639895255986,-0.30075749846029814,-0.2209925919330913,-0.2209925919330913,0.01882745471877977,0.03787327021121637,0.04115927910375073,0.04421104054714222,0.047537368292085214,0.05408071011753107
2010-11-02,85.3,86.9,84.5,86.6,86.6,6505,-0.23350466446841628,-0.18182142305534285,-0.23010137277730058,-0.1513073592783494,-0.1513073592783494,0.024852071005917093,0.04438012542209349,0.049781800549539394,0.05391262017768033,0.057593669092863,0.06375138189411618
2010-11-03,86.6,87.4,84.8,85.7,85.7,6505,-0.1508278261883595,-0.15044630254142605,-0.21083152031830132,-0.20832254963222888,-0.20832254963222888,0.0075241006348459975,0.026839204409297802,0.03527422082628656,0.03985924892313288,0.044052434091905845,0.04943058900363274
2010-11-04,85.6,86.4,84.8,85.4,85.4,6505,-0.21442539409609562,-0.21319654356925966,-0.21083152031830132,-0.22732761308352203,-0.22732761308352203,0.001172332942555786,0.0163037010591456,0.02875040154192102,0.03346039813638289,0.03791929995138557,0.04281992836209696
2010-11-05,86.5,87.5,86.0,87.0,87.0,6505,-0.15718758297913274,-0.14417127843864305,-0.1337521104823034,-0.12596727467662458,-0.12596727467662458,0.011157601115760205,0.026427560169891395,0.043749500119971314,0.049583785740137526,0.05423876690417332,0.058909444985394216
2010-11-08,87.0,87.5,86.4,86.4,86.4,6505,-0.12538879902526467,-0.14417127843864305,-0.10805897387030378,-0.1639774015792109,-0.1639774015792109,0.0020876826722338996,0.015634183613494747,0.032751613674396475,0.03914847555475368,0.04413399719630705,0.048713384042725384
2010-11-09,86.4,86.5,85.0,86.1,86.1,6505,-0.16354733976990599,-0.20692151946647663,-0.1979849520123015,-0.18298246503050497,-0.18298246503050497,-0.00023223409196465423,0.009260344625483438,0.025162724241943123,0.03237410071942432,0.03784956605593058,0.04249909189974562
2010-11-10,85.0,86.0,85.0,85.5,85.5,6505,-0.25258393484073693,-0.23829663998039344,-0.1979849520123015,-0.2209925919330913,-0.2209925919330913,-0.006737918215613363,-0.0008180437069067125,0.013833992094861717,0.022666108486334675,0.028286910088035664,0.03323262839879154
2010-11-11,84.5,85.9,84.0,85.5,85.5,6505,-0.284382718794605,-0.24457166408317646,-0.2622177935422996,-0.2209925919330913,-0.2209925919330913,-0.0069686411149825125,-0.0023337222870478745,0.009206798866855537,0.020469057707226873,0.026065668202764767,0.031155778894472304
2010-11-12,84.5,85.0,83.5,84.0,84.0,6505,-0.284382718794605,-0.301046881008227,-0.2943342143072987,-0.31601790918955797,-0.31601790918955797,-0.017543859649122806,-0.020636586218957795,-0.011842208454238978,0.0013112409107164076,0.007049345417925405,0.011804384485665979
2010-11-15,83.6,83.6,81.6,82.0,82.0,6505,-0.34162052991156794,-0.38889721844719444,-0.41637661321429553,-0.44271833219818024,-0.44271833219818024,-0.03096194753013461,-0.0400374619527043,-0.03438530381535565,-0.022646007151370745,-0.017257909875359512,-0.012761858897182787
2010-11-16,82.9,86.0,82.3,85.0,85.0,6505,-0.38613882744698247,-0.23829663998039344,-0.37141362414329665,-0.25266769768524683,-0.25266769768524683,0.007109004739336425,-0.0030494956603331585,-7.842522155134672e-05,0.010821738613390374,0.01674641148325366,0.02163461538461535
2010-11-17,84.0,84.9,83.6,84.0,84.0,6505,-0.3161815027484731,-0.30732190511101004,-0.28791093015429925,-0.31601790918955797,-0.31601790918955797,-0.0011890606420926792,-0.01280996591843934,-0.012693935119887145,-0.0032631266686443863,0.003536270668068509,0.008322663252240653
2010-11-18,84.6,84.6,83.8,84.4,84.4,6505,-0.27802296200383175,-0.32614697741936083,-0.27506436184829947,-0.29067782458783314,-0.29067782458783314,0.006199332379589842,-0.006941993175667599,-0.008147916013788553,-0.0013016211099278123,0.007111832370769935,0.01174778230640139
2010-11-19,85.0,85.0,83.4,84.3,84.3,6505,-0.25258393484073693,-0.301046881008227,-0.30075749846029814,-0.2970128457382648,-0.2970128457382648,0.004288777698355792,-0.004957507082152994,-0.010098637858149524,-0.005192353080009414,0.004767580452920041,0.009580838323353259
2010-11-22,84.3,84.5,84.0,84.1,84.1,6505,-0.2971022323761524,-0.33242200152214385,-0.2622177935422996,-0.30968288803912725,-0.30968288803912725,-0.0030820293978189323,-0.004615930879394018,-0.011363636363636387,-0.008020759613116381,0.0012858367463566753,0.0060610894010687645
2010-11-23,84.0,84.2,83.6,84.2,84.2,6505,-0.3161815027484731,-0.35124707383049375,-0.28791093015429925,-0.3033478668886956,-0.3033478668886956,0.0,-0.0011862396204032541,-0.008322864321608168,-0.007134013324685925,0.001046224082176073,0.005973715651135005
2010-11-24,83.0,85.3,83.0,85.2,85.2,6505,-0.37977907065620925,-0.2822218086998771,-0.32645063507229777,-0.23999765538438445,-0.23999765538438445,0.009000473709142478,0.011035955856176657,0.0038488728300996038,0.003297220913801406,0.010580253356739525,0.016383012565611598
2010-11-25,85.3,85.3,83.9,84.0,84.0,6505,-0.23350466446841628,-0.2822218086998771,-0.2686410776952991,-0.31601790918955797,-0.31601790918955797,-0.004267425320056724,-0.0014265335235376885,-0.009200283085633417,-0.010717230008243983,-0.005681818181818229,0.0012316738845404023
2010-11-26,84.1,84.3,83.5,83.9,83.9,6505,-0.30982174595769985,-0.34497204972771073,-0.2943342143072987,-0.32235293033998874,-0.32235293033998874,-0.004508780256288508,-0.0024967304720007084,-0.007961532397918783,-0.012243936896632989,-0.008836593894716834,-0.0007542975108182052
2010-11-29,84.8,84.8,83.3,84.2,84.2,6505,-0.26530344842228437,-0.31359692921379395,-0.3071807826132985,-0.3033478668886956,-0.3033478668886956,-0.0011862396204032541,-0.0015415629076247534,-0.0026847757422616115,-0.007952871870397777,-0.005715365358273047,0.0018641177170508926
2010-11-30,83.4,84.9,83.3,84.4,84.4,6505,-0.35434004349311443,-0.30732190511101004,-0.3071807826132985,-0.29067782458783314,-0.29067782458783314,0.00071140621294762,0.0015426604960247974,0.0010279117577291822,-0.0043060225328849745,-0.0036830673340258477,0.0029708853238265003
2010-12-01,85.0,85.8,84.7,85.6,85.6,6505,-0.25258393484073693,-0.25084668818596034,-0.21725480447130077,-0.21465757078266054,-0.21465757078266054,0.013977730395640927,0.013857633542579673,0.01518026565464897,0.00991033506370917,0.009195944352747008,0.01510000790576339
2010-12-02,86.0,87.4,85.8,87.0,87.0,6505,-0.1889863669330008,-0.15044630254142605,-0.14659867878830318,-0.12596727467662458,-0.12596727467662458,0.023288637967536926,0.027275947573503392,0.030561478322672333,0.02545968882602542,0.024348890877407783,0.0287335934728628
2010-12-03,87.2,87.4,86.5,87.0,87.0,6505,-0.11266928544371725,-0.15044630254142605,-0.10163568971730433,-0.12596727467662458,-0.12596727467662458,0.01588042970574497,0.024011299435028152,0.028125738596076696,0.02545968882602542,0.022566995768688314,0.02578210973117435
2010-12-06,87.5,90.0,87.3,89.0,89.0,6505,-0.0935900150713966,0.012704324130940935,-0.050249416493306005,0.000733148331997658,0.000733148331997658,0.027713625866050876,0.041544763019309504,0.04599232155449355,0.04742850417794517,0.04435578502698898,0.04701776400925458
2010-12-07,90.0,91.1,89.1,90.2,90.2,6505,0.06540390469794376,0.08172958926155753,0.06536969826069045,0.07675340213717119,0.07675340213717119,0.02780309936189622,0.04822777454968048,0.055793991416309,0.05899618432638692,0.056651515861487436,0.05843698662285835
2010-12-08,90.0,90.2,87.7,89.7,89.7,6505,0.06540390469794376,0.025254372336507833,-0.02455627988130639,0.04507829638501563,0.04507829638501563,0.012643937683449877,0.03699421965317922,0.04529210689869488,0.05053580839725944,0.0488283990458817,0.04977763907310599
2010-12-09,90.7,92.0,90.2,91.0,91.0,6505,0.10992220223335925,0.13820480618660813,0.13602582394368892,0.12743357134061992,0.12743357134061992,0.018124860147683934,0.043577981651376115,0.055031689596537196,0.06233948167172547,0.06124924196482711,0.06217414987160534
2010-12-10,91.0,91.0,89.4,89.5,89.5,6505,0.1290014726056799,0.07545456515877452,0.0846395507196906,0.032408254084153224,0.032408254084153224,-0.004227859368046391,0.019826800364630918,0.03348729792147813,0.04148484319543839,0.04254030379274982,0.042151839776432116
2010-12-13,89.5,90.0,88.5,88.7,88.7,6505,0.03360512074407569,0.012704324130940935,0.02682999334269193,-0.0182719151192955,-0.0182719151192955,-0.012469383210866226,0.005554925745380284,0.020635164160785553,0.028167381476758922,0.0321154293693275,0.03155527988835467
2010-12-14,89.0,91.5,88.4,90.3,90.3,6505,0.00180633679020762,0.10682968567269133,0.020406709189692483,0.08308842328760194,0.08308842328760194,0.005120213713267962,0.016891891891891893,0.03420630678781398,0.043508407002946795,0.048683049194035315,0.048658692370224105
2010-12-15,91.0,91.0,89.1,91.0,91.0,6505,0.1290014726056799,0.07545456515877452,0.06536969826069045,0.12743357134061992,0.12743357134061992,0.009988901220865768,0.01858070293261693,0.03762827822120863,0.04736145479657012,0.054119173385228224,0.05462412114656577
2010-12-16,91.5,91.8,90.1,90.3,90.3,6505,0.16080025655954797,0.12565475798104123,0.12960253979068856,0.08308842328760194,0.08308842328760194,0.0037794575366830083,0.007025761124121729,0.024738992283250192,0.0357880247763249,0.04368932038834953,0.04453441295546552
2010-12-17,90.5,91.4,90.1,91.3,91.3,6505,0.09720268865181184,0.10055466156990832,0.12960253979068856,0.14643863479191307,0.14643863479191307,0.010850310008857441,0.013318534961154305,0.030318988865483006,0.043070947103850066,0.05169792194627453,0.05435368388636552
2010-12-20,91.5,91.7,90.4,91.0,91.0,6505,0.16080025655954797,0.11937973387825822,0.14887239224968873,0.12743357134061992,0.12743357134061992,0.002423441286626998,0.007751937984496156,0.021706586826347348,0.03556187766714083,0.043913183132198275,0.049031663080233594
2010-12-21,91.0,92.0,90.6,92.0,92.0,6505,0.1290014726056799,0.13820480618660813,0.16171896055568763,0.19078378284493103,0.19078378284493103,0.009657594381036104,0.016799292661361744,0.02709139624888371,0.04231575369625542,0.05200567168275153,0.05816048767396395
2010-12-22,91.6,92.6,91.6,92.1,92.1,6505,0.16716001335032124,0.17585495080330793,0.22595180208568574,0.19711880399536177,0.19711880399536177,0.008320560543025957,0.015211640211640162,0.023257536478779355,0.03938607380656805,0.04926175720014564,0.056636965084706885
2010-12-23,92.2,95.0,91.1,94.6,94.6,6505,0.20531855409496347,0.3264555292701089,0.1938353813206867,0.3554943327561396,0.3554943327561396,0.02603036876355755,0.03864734299516888,0.04514988583634078,0.061251963203948774,0.07275696271432457,0.0815548780487804
2010-12-24,94.5,94.6,93.3,94.0,94.0,6505,0.3515929602827564,0.3013554328589751,0.33514763268668274,0.3174842058535533,0.3174842058535533,0.013586370498166973,0.026985687752649392,0.033194108595295625,0.048580512019633044,0.061283475590480196,0.07061503416856496
2010-12-27,93.4,98.0,93.0,97.0,97.0,6505,0.28163563558424703,0.5147062523536097,0.3158777802276835,0.5075348403664867,0.5075348403664867,0.032573983393655546,0.05023819835426592,0.059954833539739176,0.07437558841446534,0.08881106321839088,0.09852774631936584
2010-12-28,97.2,97.2,95.7,96.5,96.5,6505,0.5233063936336442,0.464506059531343,0.48930645235867865,0.4758597346143311,0.4758597346143311,0.01750316322226905,0.037857603785760335,0.04967367657722983,0.06172296182198261,0.07724938602366602,0.0881413268182672
2010-12-29,96.4,97.5,95.4,97.0,97.0,6505,0.4724283393074554,0.4833311318396929,0.4700365998996794,0.5075348403664867,0.5075348403664867,0.012314756835733739,0.036546270570634615,0.04955637307942002,0.06057292805598083,0.07715542131213086,0.08846081915092584
2010-12-30,97.0,98.5,96.2,98.5,98.5,6505,0.5105868800520967,0.5460813728675264,0.5214228731236776,0.6025601576229533,0.6025601576229533,0.019668737060041467,0.04343220338983045,0.060051657339646985,0.07024501548324011,0.08681260481948992,0.09949397231730904
2010-12-31,98.4,99.1,98.0,98.9,98.9,6505,0.5996234751229277,0.5837315174842262,0.6370419878776741,0.6279002422246782,0.6279002422246782,0.013527362164377875,0.03930222782681809,0.05722633979475507,0.06768865378387143,0.08404945633111179,0.09799422692620846
2011-01-03,98.5,99.7,98.2,98.4,98.4,6505,0.605983231913701,0.6213816621009269,0.6498885561836739,0.5962251364725226,0.5962251364725226,0.0055180870631515045,0.026068821689259645,0.04465991931488424,0.05692803437164352,0.0718954248366014,0.08669243511871903
2011-01-04,98.3,98.3,96.5,96.8,96.8,6505,0.5932637183321535,0.5335313246619596,0.5406927255826769,0.4948647980656243,0.4948647980656243,-0.011437908496732072,0.0043577505706578305,0.022967451035649004,0.036069784865674734,0.04879951460518338,0.06408706166868197
2011-01-05,96.8,97.8,93.8,94.7,94.7,6505,0.49786736647054936,0.5021562041480427,0.36726405345168184,0.3618293539065713,0.3618293539065713,-0.028319310486353427,-0.020074503311258256,-0.001826997400041998,0.010888129803586635,0.02201597237211317,0.037391367852187336
2011-01-06,94.0,94.5,93.5,93.9,93.9,6505,0.31979417632888835,0.2950804087561921,0.3479942009926826,0.3111491847031225,0.3111491847031225,-0.02734617775015538,-0.02764833799316545,-0.01275671129179215,0.0007993605115907576,0.010372729620383905,0.0249226851009643
2011-01-07,93.9,94.0,90.9,92.3,92.3,6505,0.31343441953811507,0.2637052882422753,0.1809888130146878,0.20978884629622419,0.20978884629622419,-0.030665826507036354,-0.04253112033195029,-0.030258457659172195,-0.01771936359282718,-0.009103791815175838,0.004388987631034732
2011-01-10,92.0,92.0,90.2,91.1,91.1,6505,0.19259904051341606,0.13820480618660813,0.13602582394368892,0.13376859249105066,0.13376859249105066,-0.028370307167235608,-0.049159795428452085,-0.0429331839193165,-0.03172663017484204,-0.02286768491505053,-0.011144076995441258
2011-01-11,91.1,94.0,90.0,93.8,93.8,6505,0.13536122939645315,0.2637052882422753,0.12317925563768913,0.30481416355269086,0.30481416355269086,0.006869901245169607,-0.01821226711325094,-0.015808617795187403,-0.004880118820284404,0.004540781357093818,0.01471224578104716
2011-01-12,94.3,94.3,92.5,92.7,92.7,6505,0.338873446701209,0.2825303605506252,0.28376135946268444,0.235128930897949,0.235128930897949,-0.0006468305304010594,-0.02533908106403094,-0.027758355474758717,-0.017436006147649542,-0.008513733207837536,0.0002517713915763729
2011-01-13,94.4,94.4,92.9,93.6,93.6,6505,0.34523320349198316,0.2888053846534091,0.30945449607468406,0.2921441212518285,0.2921441212518285,0.009708737864077577,-0.010779961953075418,-0.017632241813602085,-0.009628610729023497,0.0,0.007571136388101319
2011-01-14,94.0,94.0,92.8,93.6,93.6,6505,0.31979417632888835,0.2637052882422753,0.3030312119216837,0.2921441212518285,0.2921441212518285,0.006884681583476617,-0.005207779785312032,-0.017357222844344933,-0.01083223249669755,-0.0017490721385606575,0.005190621084660831
2011-01-17,93.1,94.1,93.0,93.9,93.9,6505,0.26255636521192544,0.2699803123450583,0.3158777802276835,0.3111491847031225,0.3111491847031225,0.004063301967493535,0.002776591200341789,-0.012064249140772896,-0.009180120291231301,-0.0007661856723279564,0.006646655231560941
2011-01-18,92.5,94.3,92.5,94.0,94.0,6505,0.22439782446728412,0.2825303605506252,0.28376135946268444,0.3174842058535533,0.3174842058535533,0.0047028644719967075,0.006855184233076423,-0.00927487352445204,-0.009170443765152213,-0.0012749681257969033,0.006352151880665196
2011-01-19,94.3,95.6,93.1,95.4,95.4,6505,0.338873446701209,0.3641056738868087,0.32230106438068296,0.4061745019595892,0.4061745019595892,0.013815090329436891,0.02108530450604745,0.006612267867192031,0.0038406902720051466,0.01170781369305181,0.01926706791552415
2011-01-20,95.3,95.4,94.7,95.4,95.4,6505,0.40247101460894513,0.3515556256812427,0.4250736108286805,0.4061745019595892,0.4061745019595892,0.009951302138471438,0.019448600128232452,0.008812125484667001,0.0034183539311070507,0.009523809523809584,0.01767236781282224
2011-01-21,94.4,94.6,92.5,94.4,94.4,6505,0.34523320349198316,0.3013554328589751,0.28376135946268444,0.3428242904552781,0.3428242904552781,-0.0023250898330162634,0.0065038916728863815,0.0014144271570014847,-0.007308480992691447,-0.0023672641190394567,0.005253443135027752
2011-01-24,94.4,94.4,92.5,93.0,93.0,6505,0.34523320349198316,0.2888053846534091,0.28376135946268444,0.25413399434924216,0.25413399434924216,-0.015247776365946757,-0.010427750585230792,-0.009654976572483313,-0.01996943990726603,-0.01799290420679162,-0.01116427432216903
2011-01-25,93.5,94.0,92.9,93.2,93.2,6505,0.28799539237502025,0.2637052882422753,0.30945449607468406,0.26680403665010455,0.26680403665010455,-0.011455239711497648,-0.007666098807495729,-0.00498220640569397,-0.016151166473134183,-0.016379601485984385,-0.010055232969834363
2011-01-26,92.7,93.9,92.4,93.7,93.7,6505,0.23711733804883153,0.2574302641394923,0.27733807530968496,0.29847914240226014,0.29847914240226014,-0.002554822226953471,-0.003403531163582144,0.0010683760683761596,-0.00914714746470691,-0.011770165372932835,-0.005694881680874342
2011-01-27,93.7,94.0,93.1,93.3,93.3,6505,0.3007149059565677,0.2637052882422753,0.32230106438068296,0.2731390578005353,0.2731390578005353,-0.0023524379811806356,-0.007341206511331119,-0.002778965369816064,-0.010656911086368799,-0.015448904647334416,-0.010989010989010938
2011-01-28,93.3,94.7,93.3,94.2,94.2,6505,0.2752758787934729,0.307630456961759,0.33514763268668274,0.3301542481544157,0.3301542481544157,0.007702182284980885,0.0015948963317384975,0.005479257098128536,0.001381949611991022,-0.006035537922593199,-0.0024708789269325903
2011-02-08,95.1,98.1,95.0,97.0,97.0,6505,0.38975150102739775,0.5209812764563927,0.44434346328767976,0.5075348403664867,0.5075348403664867,0.028850233347475593,0.027977956761339556,0.03103741496598641,0.031914893617021274,0.02350905330688383,0.02500880591757654
2011-02-09,97.0,97.1,95.6,96.0,96.0,6505,0.5105868800520967,0.4582310354285591,0.4828831682056783,0.4441846288621755,0.4441846288621755,0.012231126107127758,0.015228426395939063,0.01881986698740618,0.02171136653895266,0.013171225937183282,0.013014421385860018
2011-02-10,95.8,95.8,93.0,93.5,93.5,6505,0.4342697985628132,0.3766557220923756,0.3158777802276835,0.2858091001013977,0.2858091001013977,-0.013713080168776341,-0.009219031471866106,-0.008273228680526105,-0.004259850905218378,-0.011753265970490095,-0.013851778934045836
2011-02-11,93.5,94.7,90.5,91.0,91.0,6505,0.28799539237502025,0.307630456961759,0.15529567640268818,0.12743357134061992,0.12743357134061992,-0.0354038583845665,-0.03119344192483757,-0.03301218475488795,-0.02938509946136216,-0.0351174823988465,-0.039003097718952356
2011-02-14,90.1,91.4,88.8,90.6,90.6,6505,0.07176366148871702,0.10055466156990832,0.046099845801691186,0.1020934867388951,0.1020934867388951,-0.03225806451612899,-0.031533939070016066,-0.035212267499645095,-0.032774634354649376,-0.03596509895722504,-0.04208077817720438
2011-02-15,88.8,91.8,88.1,91.1,91.1,6505,-0.010913176791339789,0.12565475798104123,0.0011368567306923128,0.13376859249105066,0.13376859249105066,-0.014495889225443719,-0.024207369323050613,-0.027955612462654766,-0.027436746023273124,-0.02762360174195195,-0.034787215256931084
2011-02-16,90.5,90.6,88.5,88.5,88.5,6505,0.09720268865181184,0.050354468747640733,0.02682999334269193,-0.030941957420157904,-0.030941957420157904,-0.02683087750164957,-0.04726020023683928,-0.05198885953010061,-0.052513248755419954,-0.052015938986246284,-0.05967770497609343
2011-02-17,88.5,89.2,87.6,88.5,88.5,6505,-0.02999244716366045,-0.03749586869132576,-0.03097956403430675,-0.030941957420157904,-0.030941957420157904,-0.01601067378252181,-0.04189671971419297,-0.047294387828333694,-0.05037823917592139,-0.04949091377754855,-0.056838365896980415
2011-02-18,89.3,92.1,89.3,91.5,91.5,6505,0.020885607162528283,0.14447983028939113,0.07821626656669024,0.15910867709277549,0.15910867709277549,0.016215015548644976,-0.007484542792059852,-0.012234616768621876,-0.017080244924266876,-0.016255966972003467,-0.022435897435897377
2011-02-21,92.8,92.8,91.1,92.0,92.0,6505,0.24347709483960478,0.18840499900887483,0.1938353813206867,0.19078378284493103,0.19078378284493103,0.018600531443755453,0.000326193323909983,-0.005118592747458682,-0.010859047414256435,-0.010752688172043012,-0.014672807111492112
2011-02-22,92.7,93.0,89.0,90.0,90.0,6505,0.23711733804883153,0.2009550472144417,0.05894641410769099,0.06408335983630878,0.06408335983630878,-0.0011098779134294597,-0.013914758409115921,-0.024636948197384507,-0.030329149383181573,-0.03179999139377773,-0.033193683532065775
2011-02-23,89.7,91.6,89.2,90.5,90.5,6505,0.0463246343256231,0.11310470977547434,0.0717929824136908,0.09575846558846435,0.09575846558846435,0.0,-0.0024250440917107457,-0.01730128854785001,-0.023100172711571682,-0.025036628458157354,-0.0256244616709734
2011-02-24,90.5,91.2,89.2,89.4,89.4,6505,0.09720268865181184,0.08800461336434143,0.0717929824136908,0.02607323293372247,0.02607323293372247,-0.014115571239523457,-0.010076403499058759,-0.026214508750272154,-0.031838856400259886,-0.03551547059077376,-0.03563338247456051
2011-02-25,90.0,90.7,89.6,89.7,89.7,6505,0.06540390469794376,0.05662949285042463,0.0974861190256895,0.04507829638501563,0.04507829638501563,-0.006864481842338246,-0.00532268795741854,-0.020385875500545977,-0.02558253218184785,-0.030647531771418525,-0.030933775072923005
2011-03-01,88.1,90.0,88.0,88.5,88.5,6505,-0.05543147432675527,0.012704324130940935,-0.005286427422307134,-0.030941957420157904,-0.030941957420157904,-0.012497210444097349,-0.01633877959319772,-0.029463371837988018,-0.03552746294681784,-0.041502404366849995,-0.04258771771663482
2011-03-02,88.0,88.2,85.0,85.1,85.1,6505,-0.061791231117528524,-0.10024610971915936,-0.1979849520123015,-0.24633267653481608,-0.24633267653481608,-0.03993682310469337,-0.04777889672149487,-0.05855889077365606,-0.06857111585399224,-0.07479886931941737,-0.07737342343970226
2011-03-03,85.1,87.5,85.1,87.3,87.3,6505,-0.2462241780499637,-0.14417127843864305,-0.19156166785930206,-0.10696221122533144,-0.10696221122533144,-0.007954545454545487,-0.021848739495798353,-0.027983966745843254,-0.04139672779180846,-0.04810711793440327,-0.0512931971310586
2011-03-04,88.0,89.6,87.3,89.5,89.5,6505,-0.061791231117528524,-0.01239577228019286,-0.050249416493306005,0.032408254084153224,0.032408254084153224,0.016814360372642462,0.0016787912702854583,-0.0005211435378201331,-0.014968082764692773,-0.021601294328567045,-0.026256618553710098
2011-03-07,89.0,89.0,87.5,87.9,87.9,6505,0.00180633679020762,-0.05004591689689266,-0.0374028481873062,-0.06895208432274422,-0.06895208432274422,0.0027378507871322053,-0.012248567254747603,-0.016118200134318153,-0.029694226735842783,-0.03593050802842849,-0.041683323036668135
2011-03-08,87.0,88.9,86.8,88.9,88.9,6505,-0.12538879902526467,-0.05632094099967566,-0.08236583725830507,-0.005601872818433095,-0.005601872818433095,0.013220879872350086,0.0024808299503835487,-0.0036610878661088014,-0.01577636313313033,-0.0226043361625401,-0.029122679286494254
2011-03-09,89.5,89.5,88.8,89.1,89.1,6505,0.03360512074407569,-0.018670796382975863,0.046099845801691186,0.007068169482428411,0.007068169482428411,0.00632482493788121,0.005756857433118759,7.482789583950094e-05,-0.00922940064494605,-0.018722466960352454,-0.02523521260301953
2011-03-10,88.5,89.2,88.3,89.0,89.0,6505,-0.02999244716366045,-0.03749586869132576,0.01398342503669212,0.000733148331997658,0.000733148331997658,0.0013501350135014013,0.006331976481230238,-0.0014211982945621887,-0.006474659522214761,-0.01800688498543566,-0.02455063568610253
2011-03-11,87.5,88.7,87.0,87.6,87.6,6505,-0.0935900150713966,-0.06887098920524257,-0.06951926895230526,-0.08795714777403828,-0.08795714777403828,-0.010169491525423792,-0.007477906186267967,-0.016467065868263495,-0.018872150977207843,-0.030844802407399178,-0.037151022202682016
2011-03-14,93.7,93.7,90.4,93.4,93.4,6505,0.3007149059565677,0.24488021593392542,0.14887239224968873,0.279474078950967,0.279474078950967,0.04241071428571441,0.0538192485614353,0.04716346513192312,0.044684301772831544,0.0332772811753252,0.027352056904011282
2011-03-15,94.2,95.0,92.5,94.5,94.5,6505,0.33251368991043573,0.3264555292701089,0.28376135946268444,0.34915931160570884,0.34915931160570884,0.04166666666666668,0.0590608539728792,0.05752014324082364,0.05468750000000007,0.04530772974647144,0.039413382218148434
2011-03-16,95.0,95.5,93.0,94.0,94.0,6505,0.3833917442366245,0.3578306497840257,0.3158777802276835,0.3174842058535533,0.3174842058535533,0.025081788440567035,0.043053706169551655,0.04879500148765233,0.047412112095381306,0.04115900934827886,0.0335349092908191
2011-03-17,92.5,93.8,92.5,92.5,92.5,6505,0.22439782446728412,0.2511552400367084,0.28376135946268444,0.2224588885970866,0.2224588885970866,0.0010822510822510207,0.020520741394527794,0.03052584670231723,0.0284062482628272,0.02613596024139165,0.017303321357870702
2011-03-18,93.0,93.2,91.0,91.8,91.8,6505,0.2561966084211522,0.21350509542000862,0.18741209716768725,0.17811374054406864,0.17811374054406864,-0.01544401544401542,0.010234400792340783,0.02090747330960849,0.018754855177005855,0.01913939340112782,0.010308521956051222
2011-03-21,92.1,94.0,90.5,91.6,91.6,6505,0.1989587973041893,0.2637052882422753,0.15529567640268818,0.16544369824320623,0.16544369824320623,-0.013781223083548677,0.003945637878123624,0.017250314651662036,0.01647894357210215,0.016648168701442843,0.008736509801042545
2011-03-22,92.6,92.6,90.7,90.9,90.9,6505,0.23075758125805737,0.17585495080330793,0.168142244708688,0.12109855019018916,0.12109855019018916,-0.013671874999999901,-0.005905511811023535,0.007686054245805867,0.009327115256495707,0.008744673295454508,0.0022419052519386945
2011-03-23,91.5,92.4,90.5,92.4,92.4,6505,0.16080025655954797,0.1633049025977419,0.15529567640268818,0.21612386744665585,0.21612386744665585,0.006097560975609781,0.006864988558352352,0.018817994707439112,0.02461743180306053,0.02479925469145118,0.020505835143393613
2011-03-24,92.4,92.6,92.0,92.0,92.0,6505,0.21803806767651088,0.17585495080330793,0.2516449386976854,0.19078378284493103,0.19078378284493103,0.0028340963592762714,-0.0007602910828718082,0.010914951285620169,0.019334108913633484,0.018781006378454975,0.017586550160380368
2011-03-25,92.6,93.2,92.1,92.8,92.8,6505,0.23075758125805737,0.21350509542000862,0.2580682228506848,0.24146395204837975,0.24146395204837975,0.009353926473787246,0.002268063505778094,0.017246419175679515,0.026264860381531658,0.0256863698660418,0.026700103260067623
2011-03-28,92.8,92.9,91.3,92.8,92.8,6505,0.24347709483960478,0.19468002311165872,0.2066819496266865,0.24146395204837975,0.24146395204837975,0.006725970926448148,0.0029179725494433806,0.013616835360081589,0.02450872157209096,0.025097207493813972,0.026019016731775535
2011-03-29,91.8,94.8,91.8,94.6,94.6,6505,0.17987952693186865,0.313905481064542,0.23879837039168555,0.3554943327561396,0.3554943327561396,0.01808006887645294,0.02226064404581805,0.029006526468455297,0.04087583209550519,0.04378144584694136,0.04438065798189442
2011-03-30,94.8,96.6,94.2,96.3,96.3,6505,0.37067223065507704,0.4268559149146423,0.3929571900636814,0.4631896923134687,0.4631896923134687,0.02774813233724647,0.03805109410369717,0.04205742317125944,0.05309202252720203,0.05959244751551425,0.06111804892382282
2011-03-31,96.1,96.5,94.2,96.5,96.5,6505,0.4533490689351339,0.4205808908118593,0.3929571900636814,0.4758597346143311,0.4758597346143311,0.020084566596194564,0.035741118385746465,0.03860228169620442,0.04999727979979325,0.058996532197884255,0.06020654801142611
2011-04-01,96.5,96.7,95.5,96.2,96.2,6505,0.4787880960982287,0.4331309390174262,0.4764598840526788,0.45685467116303796,0.45685467116303796,0.009655751469353503,0.027667984189723358,0.029023746701847018,0.0429314830875975,0.05256247538185481,0.05393857502830238
2011-04-06,96.5,98.7,96.3,97.9,97.9,6505,0.4787880960982287,0.5586314210730934,0.5278461572766772,0.564550030720367,0.564550030720367,0.016614745586708293,0.0388370118845502,0.04385840204719928,0.05563942204011226,0.06733243207884508,0.07006230189091717
2011-04-07,97.9,98.0,97.0,98.0,98.0,6505,0.5678246911690596,0.5147062523536097,0.572809146347676,0.5708850518707977,0.5708850518707977,0.01051763250154667,0.03212216956292783,0.04233141884705371,0.05155856000858423,0.06401459220012144,0.06881884611189881
2011-04-08,98.0,99.5,97.8,98.8,98.8,6505,0.5741844479598329,0.6088316138953601,0.6241954195716743,0.6215652210742465,0.6215652210742465,0.013541239228559782,0.03358091850611982,0.047275810896756344,0.05465414175918024,0.06635582610197309,0.07410762819351327
2011-04-11,98.8,98.8,97.1,98.2,98.2,6505,0.6250625022860217,0.5649064451758764,0.5792324305006754,0.5835550941716602,0.5835550941716602,0.0038846861582498,0.020683920590375316,0.036739864864864906,0.04312725727639688,0.05491577861808175,0.06461405030355603
2011-04-12,97.0,98.5,94.8,97.7,97.7,6505,0.5105868800520967,0.5460813728675264,0.4314968949816799,0.5518799884195046,0.5518799884195046,-0.004280472890338378,0.010341261633919338,0.027195626270414466,0.03227851444872938,0.045859381690502764,0.056025941271842954
2011-04-13,97.0,97.1,96.3,97.0,97.0,6505,0.5105868800520967,0.4582310354285591,0.5278461572766772,0.5075348403664867,0.5075348403664867,-0.009597712885440042,-0.0012355848434926332,0.015990503456462583,0.02293698919061426,0.034335679249306875,0.045709357481673075
2011-04-14,97.1,98.1,96.7,97.0,97.0,6505,0.51694663684287,0.5209812764563927,0.5535392938886767,0.5075348403664867,0.5075348403664867,-0.007571107018620779,-0.0036976170912078822,0.011681268251981842,0.021590310689836724,0.030774462297033078,0.042524988356679644
2011-04-15,97.0,97.4,95.0,95.1,95.1,6505,0.5105868800520967,0.4770561077369099,0.44434346328767976,0.38716943850829516,0.38716943850829516,-0.01958762886597944,-0.022007404360345543,-0.009993753903810201,0.000999947371190978,0.008013228186212163,0.018455716988540836
2011-04-18,97.4,97.4,95.5,97.2,97.2,6505,0.5360259072151916,0.4770561077369099,0.4764598840526788,0.5202048826673491,0.5202048826673491,0.004132231404958737,-0.0011304079745144326,0.008229029804301109,0.02057958840823192,0.026702720973466192,0.037279453614115034
2011-04-19,96.5,98.5,96.0,97.7,97.7,6505,0.4787880960982287,0.5460813728675264,0.5085763048176779,0.5518799884195046,0.5518799884195046,0.009297520661157084,0.0024625487379437193,0.009993108201240544,0.022661851677395786,0.02759897345281664,0.03958288997659091
2011-04-20,98.0,98.3,97.3,98.3,98.3,6505,0.5741844479598329,0.5335313246619596,0.5920789988066752,0.5898901153220909,0.5898901153220909,0.012775602719966977,0.008205128205128176,0.01235839340885688,0.02534682382392831,0.03178268536401032,0.0421231182415718
2011-04-21,97.0,100.0,97.0,99.8,99.8,6505,0.5105868800520967,0.6402067344092769,0.572809146347676,0.6849154325785577,0.6849154325785577,0.02233148944888335,0.021703521703521602,0.024149962372579784,0.036183356694180546,0.04520129026852669,0.05396557186608918
2011-04-22,99.8,99.8,98.8,99.5,99.5,6505,0.6886600701937577,0.62765668620371,0.6884282611016724,0.6659103691272645,0.6659103691272645,0.01015228426395939,0.017902813299232736,0.01884087651034189,0.02927485259129009,0.03966396388865676,0.04696432955701298
2011-04-25,99.6,100.0,98.8,99.2,99.2,6505,0.6759405566122104,0.6402067344092769,0.6884282611016724,0.6469053056759714,0.6469053056759714,0.003033367037411498,0.013796627491057829,0.013900245298446436,0.022364217252396183,0.03363481015296122,0.040086673889490686
2011-04-26,98.1,99.3,97.6,98.0,98.0,6505,0.5805442047506062,0.5962815656897932,0.6113488512656745,0.5708850518707977,0.5708850518707977,-0.009700889248181162,0.0012259910093993108,0.0004083299305838305,0.007297769554938925,0.018499272500519654,0.023783821429815135
2011-04-27,98.5,100.5,98.5,99.5,99.5,6505,0.605983231913701,0.6715818549231937,0.6691584086426732,0.6659103691272645,0.6659103691272645,0.003024193548387068,0.013961072047284261,0.01461590754588719,0.019206145966709345,0.03070357172453798,0.03725067760094506
2011-04-28,99.6,99.7,98.7,99.5,99.5,6505,0.6759405566122104,0.6213816621009269,0.682004976948673,0.6659103691272645,0.6659103691272645,0.003631228565664567,0.011384427729213302,0.013582342954159544,0.01665474609175447,0.02704376548307189,0.03545164423477175
2011-04-29,99.4,100.5,98.5,100.5,100.5,6505,0.6632210430306639,0.6715818549231937,0.6691584086426732,0.7292605806315756,0.7292605806315756,0.011677068653110495,0.015972503032753868,0.022588522588522578,0.024673735725938027,0.03390806962676425,0.043505347315958856
2011-05-03,100.5,100.5,97.7,99.9,99.9,6505,0.7331783677291732,0.6715818549231937,0.6177721354186749,0.6912504537289893,0.6912504537289893,0.004221954161640691,0.007157979635043791,0.015312690561691255,0.01679389312977105,0.024405250205086236,0.034625608450995965
2011-05-04,99.1,99.1,97.0,97.8,97.8,6505,0.6441417726583423,0.5837315174842262,0.572809146347676,0.5582150095699354,0.5582150095699354,-0.016492357200321807,-0.014112903225806508,-0.006097560975609842,-0.005390013220787157,0.000818665575112549,0.010783064043821304
2011-05-05,97.8,99.1,97.5,99.1,99.1,6505,0.5614649343782855,0.5837315174842262,0.6049255671126751,0.6405702845255397,0.6405702845255397,-0.002616747181964482,-0.0018130539887188438,0.005682971382179849,0.007216180506148935,0.011513493651247297,0.02157927290220589
2011-05-06,99.1,99.1,94.8,96.7,96.7,6505,0.6441417726583423,0.5837315174842262,0.4314968949816799,0.4885297769151935,0.4885297769151935,-0.021255060728744883,-0.0229362433060523,-0.018473406414941062,-0.016526824307144673,-0.013828832503875281,-0.0051440329218107
2011-05-09,96.2,98.4,95.0,97.3,97.3,6505,0.45970882572590804,0.5398063487647435,0.44434346328767976,0.5265399038177798,0.5265399038177798,-0.008761206193969025,-0.014683544303797497,-0.013851351351351427,-0.009669211195928782,-0.00811450008155283,-0.0006504844397274735
2011-05-10,98.5,100.0,97.4,100.0,100.0,6505,0.605983231913701,0.6402067344092769,0.5985022829596757,0.69758547487942,0.69758547487942,0.01853738032185789,0.011838510573712307,0.011599676288103678,0.01688021151108396,0.01795675719695423,0.02427532520741565
2011-05-11,100.0,101.0,99.4,99.5,99.5,6505,0.7013795837753052,0.7029569754371104,0.7269679660196718,0.6659103691272645,0.6659103691272645,0.009947218838814349,0.00525358658314807,0.005321298666307465,0.010870669511327924,0.011507807417046245,0.016827905709224635
2011-05-12,99.0,100.5,98.6,100.0,100.0,6505,0.637782015867569,0.6715818549231937,0.6755816927956726,0.69758547487942,0.69758547487942,0.013171225937183355,0.009795011612642622,0.009217520016147559,0.014404544532359523,0.015723398204201197,0.019437270626614104
2011-05-13,98.0,100.0,97.4,100.0,100.0,6505,0.5741844479598329,0.6402067344092769,0.5985022829596757,0.69758547487942,0.69758547487942,0.00644122383252833,0.00928542591844961,0.009081735620585325,0.012863364732097746,0.01489871310843196,0.01757004273794172
2011-05-16,99.2,100.0,98.4,98.4,98.4,6505,0.6505015294491164,0.6402067344092769,0.6627351244896738,0.5962251364725226,0.5962251364725226,-0.011849769029925754,-0.0047537170021239895,-0.006328261747677377,-0.005005308660700788,-0.0011774737098542334,0.0005762125885503709
2011-05-17,98.2,100.5,98.2,99.6,99.6,6505,0.5869039615413804,0.6715818549231937,0.6498885561836739,0.6722453902776953,0.6722453902776953,0.0010050251256280836,0.007689194658033092,0.005518912370440169,0.005908195727919949,0.010428925049709917,0.011715311166790698
2011-05-18,99.9,101.5,99.6,101.5,101.5,6505,0.6950198269845319,0.7343320959510272,0.7398145343256708,0.7926107921358867,0.7926107921358867,0.016016016016015957,0.02308235056949896,0.022292352111730394,0.023133914621238868,0.02811879583485283,0.029168215770439557
2011-05-19,99.5,101.5,99.4,99.6,99.6,6505,0.6695807998214371,0.7343320959510272,0.7269679660196718,0.6722453902776953,0.6722453902776953,-0.0022039671408535253,0.0034253475720330794,0.0030884920102055057,0.0033242671501962735,0.007811551382199434,0.009323064450749772
2011-05-20,99.7,100.0,98.5,99.2,99.2,6505,0.6823003134029845,0.6402067344092769,0.6691584086426732,0.6469053056759714,0.6469053056759714,-0.004615693357415149,-0.003115264797507811,-0.0007387012289301272,-0.00040306328093516977,0.0028711229730276804,0.004862236628849311
2011-05-23,97.8,100.0,96.5,99.9,99.9,6505,0.5614649343782855,0.6402067344092769,0.5406927255826769,0.6912504537289893,0.6912504537289893,-0.0006002400960384381,0.0013029968928536602,0.006718172657037334,0.006447713076768089,0.007991282237559042,0.01157727748337677
2011-05-24,99.0,100.5,98.5,100.0,100.0,6505,0.637782015867569,0.6715818549231937,0.6691584086426732,0.69758547487942,0.69758547487942,-0.00039984006397447274,0.0023053021950486517,0.007658202337766937,0.007049345417925507,0.007861318282604324,0.011975037949063962
2011-05-25,99.1,102.0,97.6,100.0,100.0,6505,0.6441417726583423,0.7657072164649441,0.6113488512656745,0.69758547487942,0.69758547487942,0.0026067776218166323,0.0018032458425165981,0.0061711832573113305,0.00603621730382288,0.006927662316739046,0.011190508291762049
2011-05-26,101.0,101.0,99.1,99.6,99.6,6505,0.7649771516830414,0.7029569754371104,0.7076981135606717,0.6722453902776953,0.6722453902776953,-0.0014036494886705492,-0.0018039687312087274,0.0018105009052503782,0.001961671948091074,0.002375105672074436,0.00626389169529188
2011-05-27,100.0,101.0,99.4,100.0,100.0,6505,0.7013795837753052,0.7029569754371104,0.7269679660196718,0.69758547487942,0.69758547487942,0.001001001001000944,0.0022048506714772383,0.0036130068245684406,0.005732676254651445,0.0063196876383688145,0.0092854259184499
2011-05-30,98.0,99.9,97.8,98.4,98.4,6505,0.5741844479598329,0.6339317103064939,0.6241954195716743,0.5962251364725226,0.5962251364725226,-0.012048192771084223,-0.01383042693926634,-0.0131710904593167,-0.00931286181726652,-0.009342783505154753,-0.007964512551668435
2011-05-31,98.3,102.5,98.0,101.5,101.5,6505,0.5932637183321535,0.7970823369788609,0.6370419878776741,0.7926107921358867,0.7926107921358867,0.016016016016015957,0.015304591377413235,0.016898209991985047,0.021075398621799697,0.020921343794005214,0.0218120805369128
2011-06-01,101.0,102.5,100.0,101.5,101.5,6505,0.7649771516830414,0.7970823369788609,0.7655076709376704,0.7926107921358867,0.7926107921358867,0.012974051896207556,0.015304591377413235,0.01554162219850581,0.019178632392810487,0.01948573724387302,0.020510758093705932
2011-06-02,101.0,102.0,99.3,100.0,100.0,6505,0.7649771516830414,0.7657072164649441,0.7205446818666715,0.69758547487942,0.69758547487942,-0.0027921818907060345,-9.999000099980908e-05,0.0005336179295623745,0.003663371305264163,0.004217714400482042,0.004856807904873565
2011-06-03,100.0,101.5,99.1,100.5,100.5,6505,0.7013795837753052,0.7343320959510272,0.7076981135606717,0.7292605806315756,0.7292605806315756,0.0011954572624027727,0.0035949670461354047,0.005201040208041568,0.006761833208114171,0.008833567556715473,0.009644364074743903
2011-06-07,100.5,101.5,99.7,101.5,101.5,6505,0.7331783677291732,0.7343320959510272,0.7462378184786711,0.7926107921358867,0.7926107921358867,0.0049504950495049506,0.011964107676969121,0.013108863454884065,0.014644874293997136,0.01846277342966088,0.019008098520848792
2011-06-08,101.0,101.0,99.4,99.9,99.9,6505,0.7649771516830414,0.7029569754371104,0.7269679660196718,0.6912504537289893,0.6912504537289893,-0.007747318235995103,-0.0038887227041579475,-0.003060341959949349,-0.001299610116964865,0.0024081878386515063,0.0027100271002709624
2011-06-09,99.0,100.0,98.7,98.8,98.8,6505,0.637782015867569,0.6402067344092769,0.682004976948673,0.6215652210742465,0.6215652210742465,-0.01338126622728184,-0.013676749525806175,-0.012263396427619372,-0.011950597529876567,-0.00902708124373125,-0.00859618021875107
2011-06-10,99.0,100.0,95.9,95.9,95.9,6505,0.637782015867569,0.6402067344092769,0.5021530206646785,0.4378496077117448,0.4378496077117448,-0.03443415223519937,-0.039078156312625165,-0.03888554820605327,-0.038981861910011024,-0.03687783714297189,-0.03653594990120883
2011-06-13,95.0,97.4,95.0,95.8,95.8,6505,0.3833917442366245,0.4770561077369099,0.44434346328767976,0.43151458656131314,0.43151458656131314,-0.026224842447651945,-0.03602334473737183,-0.03770173441371456,-0.03795942960433837,-0.03753415849541865,-0.03634656652360525
2011-06-14,96.0,98.8,96.0,98.8,98.8,6505,0.4469893121443606,0.5649064451758764,0.5085763048176779,0.6215652210742465,0.6215652210742465,0.009811937857726837,-0.006236169784751605,-0.006835544833132214,-0.008032128514056196,-0.00799228884694171,-0.005602710772637211
2011-06-15,98.9,104.0,97.6,101.0,101.0,6505,0.6314222590767958,0.8912076985206112,0.6113488512656745,0.7609356863837312,0.7609356863837312,0.02998164389149498,0.016403341048606173,0.014599517814090687,0.01334403531654458,0.013689830984784516,0.01616473271178471
2011-06-16,100.0,101.5,98.0,98.3,98.3,6505,0.7013795837753052,0.7343320959510272,0.6370419878776741,0.5898901153220909,0.5898901153220909,0.00347080440996314,-0.00757193336698637,-0.011397921555481125,-0.012159581951562736,-0.0129332851347553,-0.011165878684236992
2011-06-17,98.3,103.0,98.1,102.0,102.0,6505,0.5932637183321535,0.8284574574927777,0.6434652720306736,0.8242858978880423,0.8242858978880423,0.028433151845130143,0.027707808564231738,0.02416493741214271,0.023788015657934404,0.023397680298591256,0.025056947608200517
2011-06-20,101.0,101.5,98.7,99.8,99.8,6505,0.7649771516830414,0.7343320959510272,0.682004976948673,0.6849154325785577,0.6849154325785577,-0.0018003600720143292,0.006251260334744811,0.0022092789716810493,0.0014047762392133312,0.0014047762392133312,0.0019074390121473518
2011-06-21,99.9,102.5,99.9,102.0,102.0,6505,0.6950198269845319,0.7970823369788609,0.7590843867846709,0.8242858978880423,0.8242858978880423,0.01371496720333925,0.027914945077093578,0.02183931075936693,0.022402646218613737,0.02200312612720931,0.02238556632141665
2011-06-22,102.0,102.5,98.6,99.2,99.2,6505,0.8285747195907774,0.7970823369788609,0.6755816927956726,0.6469053056759714,0.6469053056759714,-0.01057251147017756,0.0004033884630900187,-0.0046822742474916575,-0.005264477312609591,-0.005892492083216499,-0.005414076599157731
2011-06-23,98.2,99.6,97.8,98.6,98.6,6505,0.5869039615413804,0.6151066379981431,0.6241954195716743,0.6088951787733841,0.6088951787733841,-0.01714513556618819,-0.0054468428484971375,-0.008779572414717527,-0.0105865235060961,-0.010755277309575576,-0.01113228362250526
2011-06-24,100.0,101.0,98.0,99.8,99.8,6505,0.7013795837753052,0.7029569754371104,0.6370419878776741,0.6849154325785577,0.6849154325785577,-0.0008009611533840438,0.0027127499246457952,0.00341845968228437,0.0013545377012994042,0.001203852327447736,0.0009695429774998898
2011-06-27,99.1,99.2,97.2,98.7,98.7,6505,0.6441417726583423,0.5900065415870102,0.5856557146536758,0.6152301999238158,0.6152301999238158,-0.009632751354605597,-0.01122019635343609,-0.006442520636198776,-0.009036144578313168,-0.009632751354605597,-0.009632751354605597
2011-06-28,98.7,98.8,95.9,96.0,96.0,6505,0.6187027454952484,0.5649064451758764,0.5021530206646785,0.4441846288621755,0.4441846288621755,-0.02498476538695911,-0.03556359252561776,-0.030041762090798826,-0.03498190591073586,-0.035214664737095905,-0.035950994175537106
2011-06-29,99.5,99.5,96.3,99.2,99.2,6505,0.6695807998214371,0.6088316138953601,0.5278461572766772,0.6469053056759714,0.6469053056759714,0.007515742433475616,-0.0016103059581320108,0.0027629894197721506,-0.0016605444573037996,-0.002734437831751562,-0.0036826247070638773
2011-06-30,98.9,101.0,98.9,101.0,101.0,6505,0.6314222590767958,0.7029569754371104,0.6948515452546729,0.7609356863837312,0.7609356863837312,0.02082069941378601,0.013750878249523138,0.019446874369154262,0.016710287900140897,0.01495297049602072,0.014565544952285313
2011-07-01,101.0,102.0,99.6,102.0,102.0,6505,0.7649771516830414,0.7657072164649441,0.7398145343256708,0.8242858978880423,0.8242858978880423,0.026363453411149172,0.02378801565793426,0.025331724969843143,0.025744167337087714,0.024014135410810482,0.02378801565793426
2011-07-04,102.0,102.5,100.0,102.5,102.5,6505,0.8285747195907774,0.7970823369788609,0.7655076709376704,0.8559610036401979,0.8559610036401979,0.023567006191331983,0.026026026026025967,0.02575221829341507,0.0297367892304602,0.028001765154250426,0.02767194706236205
2011-07-05,102.5,103.5,101.5,103.5,103.5,6505,0.8603735035446456,0.8598325780066944,0.8618569332326675,0.919311215144509,0.919311215144509,0.018299881936245425,0.03448275862068968,0.03252194732641665,0.038739462063428334,0.03591160220994483,0.036451031444021634
2011-07-06,99.5,99.9,97.9,98.0,98.0,6505,0.6695807998214371,0.6339317103064939,0.6306187037246747,0.5708850518707977,0.5708850518707977,-0.03353057199211051,-0.019313519463624605,-0.020391843262694845,-0.015520618815610907,-0.01776049392615154,-0.01797047230943954
2011-07-07,98.0,99.6,97.1,99.1,99.1,6505,0.5741844479598329,0.6151066379981431,0.5792324305006754,0.6405702845255397,0.6405702845255397,-0.01900613739853496,-0.00880176035207037,-0.009924070867190542,-0.004620329449578224,-0.005778723062723158,-0.006649069464399156
2011-07-08,97.5,101.5,97.5,99.6,99.6,6505,0.5423856640059649,0.7343320959510272,0.6049255671126751,0.6722453902776953,0.6722453902776953,-0.009349512631788461,-0.0036014405762306283,-0.003335557038025445,-0.0014537069527294205,-0.0006020469596628766,-0.0016372080590732177
2011-07-11,99.6,99.6,98.4,99.4,99.4,6505,0.6759405566122104,0.6151066379981431,0.6627351244896738,0.6595753479768337,0.6595753479768337,-0.005204163330664492,-0.006298110566829905,-0.005071399973308361,-0.005253940455341421,-0.002168326373273167,-0.003442168231794944
2011-07-12,99.0,100.0,98.0,99.4,99.4,6505,0.637782015867569,0.6402067344092769,0.6370419878776741,0.6595753479768337,0.6595753479768337,0.0030272452068618705,-0.009664242303477124,-0.0033422459893047655,-0.005552498624380898,-0.0013262066471082326,-0.0037750977182373813
2011-07-13,99.4,99.9,98.7,99.9,99.9,6505,0.6632210430306639,0.6339317103064939,0.682004976948673,0.6912504537289893,0.6912504537289893,0.004221954161640548,-0.005376344086021426,0.0012026458208059608,0.0,0.0036973033798174955,0.0017715680048134158
2011-07-14,100.0,103.0,99.9,102.0,102.0,6505,0.7013795837753052,0.8284574574927777,0.7590843867846709,0.8242858978880423,0.8242858978880423,0.01938836697981209,0.014521583449373465,0.019932004533031192,0.019133736324124413,0.023479831426851328,0.02265891317425311
2011-07-15,103.0,103.0,101.5,102.5,102.5,6505,0.8921722874985136,0.8284574574927777,0.8618569332326675,0.8559610036401979,0.8559610036401979,0.018481717011128627,0.018987970971269474,0.023090231567740066,0.02387373888722406,0.0257795924902927,0.026814038134036898
2011-07-18,101.0,103.0,101.0,102.0,102.0,6505,0.7649771516830414,0.8284574574927777,0.8297405124676686,0.8242858978880423,0.8242858978880423,0.008303677342823284,0.014521583449373465,0.015868800212469295,0.01776092596288167,0.01824861238669477,0.021293638608904743
2011-07-19,102.0,103.5,100.0,100.0,100.0,6505,0.8285747195907774,0.8598325780066944,0.7655076709376704,0.69758547487942,0.69758547487942,-0.012638230647709331,-0.0018963968459925914,-0.006688298788159712,-0.0011985617259289308,-0.0021951706246258118,0.0017697933014994144
2011-07-20,100.5,104.0,100.0,104.0,104.0,6505,0.7331783677291732,0.8912076985206112,0.7655076709376704,0.9509863208966646,0.9509863208966646,0.018609206660137177,0.03184839765849795,0.029770941976368016,0.036269430051813475,0.03647598166234798,0.04041616646658655
2011-07-21,104.0,105.0,103.5,104.0,104.0,6505,0.9557698554062497,0.9539579395484449,0.9903226162926638,0.9509863208966646,0.9509863208966646,0.014634146341463415,0.026856240126382293,0.02773568746294213,0.03348901917917127,0.03412616339193384,0.03861517976031951
2011-07-22,104.0,106.0,104.0,106.0,106.0,6505,0.9557698554062497,1.0167081805762785,1.0224390370576628,1.0776867439052868,1.0776867439052868,0.027131782945736406,0.0400313971742543,0.044746698206189546,0.050128789379829626,0.05233897228178864,0.05504130586244636
2011-07-25,106.0,112.0,106.0,107.5,107.5,6505,1.082964991221722,1.39320962674328,1.1509047201176592,1.1727120611617534,1.1727120611617534,0.030680728667305878,0.046432395600116916,0.05606130067456935,0.060366936279345085,0.06397719624688228,0.06583382906999802
2011-07-26,108.0,109.0,106.5,109.0,109.0,6505,1.2101601270371942,1.2049589036597792,1.1830211408826583,1.2677373784182202,1.2677373784182202,0.02733270499528752,0.05121033850901714,0.06695379796397796,0.06831324120356756,0.07584192032847721,0.07707509881422922
2011-07-27,108.0,109.5,107.0,109.5,109.5,6505,1.2101601270371942,1.236334024173696,1.2151375616476572,1.2994124841703758,1.2994124841703758,0.021455223880596987,0.04634495938843759,0.06386423991191129,0.06782388219805938,0.07639981126140302,0.07899490885202824
2011-07-28,106.5,108.0,105.5,107.5,107.5,6505,1.11476377517559,1.1422086626319456,1.11878829935266,1.1727120611617534,1.1727120611617534,-0.0037071362372567717,0.021863117870722405,0.03878116343490293,0.045008262856031836,0.05305434740018021,0.05609588368209066
2011-07-29,108.0,110.0,107.0,108.5,108.5,6505,1.2101601270371942,1.2677091446876128,1.2151375616476572,1.2360622726660646,1.2360622726660646,0.0009225092250921984,0.02551984877126657,0.04246733282090715,0.05140752943456555,0.05923930021868164,0.06365597019802634
2011-08-01,101.0,101.0,101.0,101.0,101.0,6505,0.7649771516830414,0.7029569754371104,0.8297405124676686,0.7609356863837312,0.7609356863837312,-0.05695611577964514,-0.044465468306527936,-0.03058612746352714,-0.020558572536850315,-0.014864812141547354,-0.010256745279937148
2011-08-02,94.0,95.4,94.0,94.0,94.0,6505,0.31979417632888835,0.3515556256812427,0.3801106217576816,0.3174842058535533,0.3174842058535533,-0.0970220941402497,-0.10561370123691717,-0.09464492102221653,-0.0842223196453798,-0.08242552028425289,-0.07643937905285898
2011-08-03,93.0,95.1,92.1,93.9,93.9,6505,0.2561966084211522,0.3327305533728919,0.2580682228506848,0.3111491847031225,0.3111491847031225,-0.07011289364230526,-0.09789605149389949,-0.09211035194018297,-0.08336587270597429,-0.08150089991392134,-0.07581772251566536
2011-08-04,93.9,94.9,93.0,94.2,94.2,6505,0.31343441953811507,0.3201805051673259,0.3158777802276835,0.3301542481544157,0.3301542481544157,-0.04190398698128564,-0.08641256910095999,-0.08460741124643699,-0.07823279025392622,-0.07610827775598265,-0.07152478890823676
2011-08-05,90.1,94.3,88.3,88.5,88.5,6505,0.07176366148871702,0.2825303605506252,0.01398342503669212,-0.030941957420157904,-0.030941957420157904,-0.06170483460559804,-0.12687450670876085,-0.13212604602510455,-0.1292798110979929,-0.12739104713074345,-0.12445587653343884
2011-08-08,88.5,90.4,82.5,84.8,84.8,6505,-0.02999244716366045,0.03780442054207473,-0.3585670558372968,-0.26533773998610927,-0.26533773998610927,-0.0689503732981994,-0.14421233222323146,-0.15895265802697692,-0.159647210385492,-0.15799507506553345,-0.15719728341891664
2011-08-09,83.8,89.0,79.5,84.0,84.0,6505,-0.3289010163300205,-0.05004591689689266,-0.5512655804272912,-0.31601790918955797,-0.31601790918955797,-0.05702739110911539,-0.1303447561859406,-0.1579791499599038,-0.1611743559017377,-0.1594284113196974,-0.16181606519208383
2011-08-10,84.0,84.7,78.9,80.5,80.5,6505,-0.3161815027484731,-0.3198719533165769,-0.5898052853452898,-0.5377436494546469,-0.5377436494546469,-0.0682870370370371,-0.14078343473156152,-0.1801887432955395,-0.1882625794090955,-0.18876975169300236,-0.1917129660619853
2011-08-11,80.0,81.2,78.0,80.3,80.3,6505,-0.5705717743794176,-0.5394977969139945,-0.6476148427222884,-0.5504136917555094,-0.5504136917555094,-0.03970342023439361,-0.1172914147521161,-0.16885178029257522,-0.18132232247540409,-0.18460601137286764,-0.18809612079134513
2011-08-12,81.0,81.0,78.1,78.5,78.5,6505,-0.5069742064716816,-0.5520478451195614,-0.641191558569289,-0.6644440724632692,-0.6644440724632692,-0.03822592501837774,-0.10765033534159371,-0.17176619539987328,-0.18976105692315637,-0.19599328116678258,-0.1999592335915205
2011-08-15,79.6,81.0,78.6,80.5,80.5,6505,-0.5960108015425125,-0.5520478451195614,-0.6090751378042899,-0.5377436494546469,-0.5377436494546469,-0.003219415552253479,-0.06308193668528866,-0.13422241342224125,-0.1597954284521449,-0.16907514450867048,-0.17339813800657178
2011-08-16,80.5,81.4,78.5,79.5,79.5,6505,-0.5387729904255496,-0.5269477487084276,-0.6154984219572893,-0.601093860958958,-0.601093860958958,-0.0045078888054092825,-0.05883745708535573,-0.12650161148549652,-0.16125969298939702,-0.17259897589609094,-0.17690502484815013
2011-08-17,79.0,81.0,79.0,80.7,80.7,6505,-0.6341693422871538,-0.5520478451195614,-0.5833820011922902,-0.5250736071537845,-0.5250736071537845,0.010012515644555658,-0.029464822609741464,-0.09420832086201719,-0.13800469985045932,-0.153342565781191,-0.15946255598375159
2011-08-18,80.7,80.7,77.6,78.5,78.5,6505,-0.5260534768440022,-0.5708729174279114,-0.673307979334288,-0.6644440724632692,-0.6644440724632692,-0.013075182298214812,-0.037754351556754086,-0.09935750344194595,-0.1499269045427473,-0.1682207340849369,-0.17648704409553442
2011-08-19,78.2,79.3,76.6,78.8,78.8,6505,-0.6850473966133426,-0.6587232548668787,-0.7375408208642862,-0.645439009011976,-0.645439009011976,-0.010050251256281372,-0.022453789852375665,-0.07490021131721072,-0.13392317414958513,-0.15656976495269084,-0.16728310261016602
2011-08-22,79.8,81.4,78.7,80.0,80.0,6505,-0.5832912879609651,-0.5269477487084276,-0.6026518536512895,-0.5694187552068025,-0.5694187552068025,0.006289308176100629,-0.0016223636590541575,-0.04511816662687977,-0.10724249525722575,-0.13558369710852736,-0.14878524561092393
2011-08-23,80.7,85.0,80.0,84.7,84.7,6505,-0.5260534768440022,-0.301046881008227,-0.5191491596622921,-0.27167276113654,-0.27167276113654,0.051651353364787635,0.05610972568578553,0.018518518518518594,-0.0418010068442786,-0.07870692655760533,-0.09405305191100959
2011-08-24,84.7,84.7,80.3,81.5,81.5,6505,-0.2716632052130576,-0.3198719533165769,-0.4998793072032929,-0.4743934379503358,-0.4743934379503358,0.009913258983890918,0.014943960149439637,-0.010121457489878485,-0.06316454968676366,-0.10474976932202647,-0.12252368647717467
2011-08-25,82.0,82.4,80.9,81.6,81.6,6505,-0.4433766385639454,-0.46419750768059403,-0.46133960228529347,-0.468058416799905,-0.468058416799905,0.00344318740777178,0.014546810891458433,0.001308900523560065,-0.04784130688448084,-0.09474151320168633,-0.11496746203904565
2011-08-26,82.0,83.0,81.2,82.2,82.2,6505,-0.4433766385639454,-0.42654736306389424,-0.4420697498262942,-0.4300482898973178,-0.4300482898973178,0.002439024390243937,0.017326732673267398,0.013896883479977133,-0.025893227469336994,-0.07835134771493908,-0.10186837600611856
2011-08-29,83.0,85.3,82.2,84.8,84.8,6505,-0.37977907065620925,-0.2822218086998771,-0.37783690829629607,-0.26533773998610927,-0.26533773998610927,0.022179363548698035,0.043949279822725694,0.04596661458761624,0.014657493269518328,-0.03942002718622569,-0.06761957119296323
2011-08-30,85.0,85.2,83.6,84.5,84.5,6505,-0.25258393484073693,-0.28849683280266014,-0.28791093015429925,-0.2843428034374024,-0.2843428034374024,0.019054510371442332,0.03389208369019957,0.04183790892651667,0.01684717208182919,-0.03207331042382586,-0.06561002580169557
2011-08-31,84.8,84.9,82.8,84.6,84.6,6505,-0.26530344842228437,-0.30732190511101004,-0.33929720337829755,-0.27800778228697165,-0.27800778228697165,0.012688532439549772,0.030199707744763635,0.039567461292700716,0.023779270284988246,-0.019744160177975617,-0.05776655776655778
2011-09-01,85.6,85.8,83.4,84.5,84.5,6505,-0.21442539409609562,-0.25084668818596034,-0.30075749846029814,-0.2843428034374024,-0.2843428034374024,0.004517356157869656,0.021518375241779512,0.03477834925300011,0.028606208155812468,-0.010353227771010966,-0.05201750121536237
2011-09-02,85.2,85.2,82.5,84.2,84.2,6505,-0.23986442125918955,-0.28849683280266014,-0.3585670558372968,-0.3033478668886956,-0.3033478668886956,-0.0037860861334596233,0.011289935142925919,0.02632862018527543,0.027643864038567164,-0.0025114912571672665,-0.04761904761904771
2011-09-05,83.5,83.5,79.0,79.1,79.1,6505,-0.34798028670234116,-0.3951722425499774,-0.5833820011922902,-0.6264339455606829,-0.6264339455606829,-0.051331254497481424,-0.04893591439220865,-0.03473804100227804,-0.031230863441518816,-0.05310285385941399,-0.09562102214261226
2011-09-06,79.0,80.9,78.8,79.9,79.9,6505,-0.6341693422871538,-0.5583228692223444,-0.5962285694982901,-0.5757537763572332,-0.5757537763572332,-0.031045355323793378,-0.03374047647841326,-0.025292778139232322,-0.018969856958683622,-0.037024538398495906,-0.07622938184060413
2011-09-07,80.0,82.2,80.0,82.2,82.2,6505,-0.5705717743794176,-0.4767475558861609,-0.5191491596622921,-0.4300482898973178,-0.4300482898973178,0.002683581361307622,-0.006766553890768514,0.0015433352286574533,0.00821783392616217,-0.0036846698341897106,-0.03953261927945464
2011-09-08,82.4,83.2,80.5,81.8,81.8,6505,-0.41793761140085056,-0.4139973148583273,-0.4870327388972931,-0.4553883744990426,-0.4553883744990426,0.004420432220039286,-0.011838608359507174,-0.005994815294880177,0.002389559463268273,-0.0025363379182520313,-0.03454245023211908
2011-09-09,82.8,83.7,81.6,83.5,83.5,6505,-0.39249858423775663,-0.3826221943444105,-0.41637661321429553,-0.3476930149417135,-0.3476930149417135,0.027060270602706063,0.0071161500422144905,0.010814300702122479,0.02009651212509939,0.020682573831410044,-0.004688493324857101
2011-09-13,82.5,83.5,81.1,81.7,81.7,6505,-0.4115778546100773,-0.3951722425499774,-0.4484930339792946,-0.4617233956494734,-0.4617233956494734,-0.0014666340747983933,-0.010895883777239606,-0.01233075435203107,-0.0026246719160103672,0.00019587679349695588,-0.018618618618618583
2011-09-14,82.4,82.9,78.7,80.3,80.3,6505,-0.41793761140085056,-0.4328223871666772,-0.6026518536512895,-0.5504136917555094,-0.5504136917555094,-0.01953601953601964,-0.022876612314431683,-0.02580071174377239,-0.020194008907327206,-0.015158948194662531,-0.030115146147032843
2011-09-15,80.3,82.8,80.3,82.2,82.2,6505,-0.551492504007097,-0.4390974112694611,-0.4998793072032929,-0.4300482898973178,-0.4300482898973178,0.003663003663003628,0.0031730534537467063,-0.0033142025705277627,0.0020724125320005084,0.007303563550806378,-0.00246753772096615
2011-09-16,83.3,86.0,83.0,85.0,85.0,6505,-0.3606998002838886,-0.23829663998039344,-0.32645063507229777,-0.25266769768524683,-0.25266769768524683,0.02980373152410962,0.03671179412123436,0.027811366384522335,0.03211705421650186,0.03922143974960875,0.03536481383734643
2011-09-19,85.9,86.0,84.0,84.2,84.2,6505,-0.19534612372377405,-0.23829663998039344,-0.2622177935422996,-0.3033478668886956,-0.3033478668886956,0.018384131591678888,0.026954506647152012,0.01649899396378279,0.019062027231467507,0.026578883199219788,0.027413975433173386
2011-09-20,84.4,86.3,82.0,84.1,84.1,6505,-0.2907424755853783,-0.21947156767204354,-0.3906834766022959,-0.30968288803912725,-0.30968288803912725,0.011303511303511277,0.019517517274821185,0.015864068287969067,0.015332608958106918,0.02356263083588911,0.026486024655193303
2011-09-21,84.1,85.0,82.8,84.7,84.7,6505,-0.30982174595769985,-0.301046881008227,-0.33929720337829755,-0.27167276113654,-0.27167276113654,0.007853403141361386,0.020850909967458166,0.022946859903381713,0.022576361221779605,0.028262030787160546,0.033515008541446206
2011-09-22,83.5,83.5,80.3,80.8,80.8,6505,-0.34798028670234116,-0.3951722425499774,-0.4998793072032929,-0.5187385860033538,-0.5187385860033538,-0.03533906399235921,-0.02450802849209225,-0.02115974802132131,-0.024095657950359207,-0.019131785957074966,-0.014193338484688369
2011-09-23,78.9,81.3,78.3,80.0,80.0,6505,-0.6405290990779271,-0.5332227728112116,-0.6283449902632892,-0.5694187552068025,-0.5694187552068025,-0.033349444175930464,-0.03206291591046589,-0.027316203290913547,-0.032823550746539365,-0.02955019651608529,-0.023834702676319854
2011-09-26,79.0,81.7,79.0,81.0,81.0,6505,-0.6341693422871538,-0.5081226764000777,-0.5833820011922902,-0.5060685437024913,-0.5060685437024913,-0.013638577691183689,-0.01699029126213599,-0.012596505485574947,-0.020022987115117068,-0.01846735495128691,-0.012636625898988198
2011-09-27,82.7,86.6,81.7,86.2,86.2,6505,-0.3988583410285299,-0.20064649536369364,-0.40995332906129517,-0.1766474438800733,-0.1766474438800733,0.0443421371456265,0.04043452021726021,0.044764059469941934,0.0420066485343005,0.041414971246315144,0.048321712339873465
2011-09-28,86.2,86.2,84.1,85.1,85.1,6505,-0.1762668533514534,-0.22574659177482653,-0.2557945093893002,-0.24633267653481608,-0.24633267653481608,0.030016945049624662,0.021240849633985138,0.027116189250080504,0.028336656395383953,0.027926752669468976,0.03259990292832858
2011-09-29,85.0,85.8,84.1,84.5,84.5,6505,-0.25258393484073693,-0.25084668818596034,-0.2557945093893002,-0.2843428034374024,-0.2843428034374024,0.013675623800384057,0.011249401627572974,0.01799052284957039,0.021148036253776436,0.01920200704395249,0.023746062515144096
2011-09-30,85.7,85.7,83.0,83.9,83.9,6505,-0.20806563730532146,-0.25712171228874336,-0.32645063507229777,-0.32235293033998874,-0.32235293033998874,-0.002852388875683324,0.00539245056920315,0.009060295060936634,0.014264990328820198,0.010843373493975973,0.014264990328820025
2011-10-03,81.9,81.9,80.1,80.7,80.7,6505,-0.44973639535471865,-0.4955726281945108,-0.5127258755092927,-0.5250736071537845,-0.5250736071537845,-0.04019980970504276,-0.02888086642599268,-0.02724204435872699,-0.022351444666545508,-0.02700747528333729,-0.025166096235151945
2011-10-04,79.8,83.0,79.6,82.6,82.6,6505,-0.5832912879609651,-0.42654736306389424,-0.5448422962742918,-0.4047082052955939,-0.4047082052955939,-0.009117082533589314,-0.004219409282700525,-0.005059021922428351,-0.0014506769825919311,-0.003041568097330294,-0.003258115120067528
2011-10-05,82.9,83.5,82.1,82.5,82.5,6505,-0.38613882744698247,-0.3951722425499774,-0.38426019244929643,-0.41104322644602465,-0.41104322644602465,-0.004104297440849872,-0.00278012812764402,-0.008016032064128313,-0.004224502112250988,-0.0032861354081090894,-0.0035830750030194473
2011-10-06,84.5,88.2,83.5,87.5,87.5,6505,-0.284382718794605,-0.10024610971915936,-0.2943342143072987,-0.09429216892446902,-0.09429216892446902,0.04865771812080522,0.049160671462829666,0.04765325670498072,0.05275822655357042,0.055641347360293344,0.05425920719707615
2011-10-07,87.5,90.6,87.5,90.0,90.0,6505,-0.0935900150713966,0.050354468747640733,-0.0374028481873062,0.06408335983630878,0.06408335983630878,0.06307583274273569,0.06635071090047386,0.07330259182699946,0.07752170008979341,0.08292823795543143,0.08073489973181758
2011-10-11,91.6,94.5,91.0,93.0,93.0,6505,0.16716001335032124,0.2950804087561921,0.18741209716768725,0.25413399434924216,0.25413399434924216,0.06749311294765835,0.0864485981308412,0.10137375651350056,0.10714285714285714,0.11430625449317046,0.11195249292575023
2011-10-12,93.0,93.0,90.4,91.0,91.0,6505,0.2561966084211522,0.2009550472144417,0.14887239224968873,0.12743357134061992,0.12743357134061992,0.024774774774774806,0.0571561338289963,0.07184923439340393,0.07736932457230801,0.08415935951200906,0.0853576114181211
2011-10-13,91.0,91.7,90.0,90.6,90.6,6505,0.1290014726056799,0.11937973387825822,0.12317925563768913,0.1020934867388951,0.1020934867388951,0.001990710019907176,0.045827080687983364,0.06221666406127862,0.06613320781360309,0.07391778483713438,0.07797255492980083
2011-10-14,91.9,91.9,87.5,88.0,88.0,6505,0.18623928372264278,0.1319297820838251,-0.0374028481873062,-0.06261706317231347,-0.06261706317231347,-0.027839151568714054,0.0117268337548863,0.025959894295041277,0.03201594933739873,0.040238309139912005,0.045627376425855556
2011-10-17,87.5,90.8,87.5,90.4,90.4,6505,-0.0935900150713966,0.06290451695320763,-0.0374028481873062,0.0894234444380336,0.0894234444380336,-0.0022075055187636716,0.03161017916238743,0.04548959136468778,0.05681552490063145,0.06428066870732291,0.07164025763622735
2011-10-18,90.0,90.3,88.2,90.0,90.0,6505,0.06540390469794376,0.031529396439290834,0.007560140883692673,0.06408335983630878,0.06408335983630878,0.0,0.016260162601626153,0.03369065849923435,0.04858441104508915,0.05633802816901405,0.06445890005913664
2011-10-19,90.0,90.7,89.1,90.0,90.0,6505,0.06540390469794376,0.05662949285042463,0.06536969826069045,0.06408335983630878,0.06408335983630878,0.0022271714922049313,0.007838745800671924,0.030691708657810266,0.04499274310595065,0.05223775896740388,0.059904216063437134
2011-10-20,90.0,90.0,87.6,87.7,87.7,6505,0.06540390469794376,0.012704324130940935,-0.03097956403430675,-0.08162212662360663,-0.08162212662360663,-0.01703653889262493,-0.023602761077711025,0.002362084730265126,0.016516951608229465,0.021811063988442167,0.029664996869129667
2011-10-21,87.6,87.9,85.7,86.0,86.0,6505,-0.08723025828062334,-0.11907118202750926,-0.15302196294130263,-0.18931748618093572,-0.18931748618093572,-0.03174960594460715,-0.040927846548455465,-0.018190121013775786,-0.006182469521003023,0.00023261223540353593,0.008206330597889834
2011-10-24,87.3,92.0,87.2,92.0,92.0,6505,-0.106309528652944,0.13820480618660813,-0.05667270064630545,0.19078378284493103,0.19078378284493103,0.03208436167825891,0.02370090130188044,0.043872919818456806,0.055832902966660866,0.06654300950614415,0.07426436244745445
2011-10-25,94.0,94.0,91.8,93.1,93.1,6505,0.31979417632888835,0.2637052882422753,0.23879837039168555,0.26046901549967294,0.26046901549967294,0.037210338680926956,0.03582554517133939,0.046537769784172504,0.0610895828584454,0.07485914842523315,0.08306188925081416
2011-10-26,91.2,94.1,91.1,94.1,94.1,6505,0.1417209861872273,0.2699803123450583,0.1938353813206867,0.323819227003984,0.323819227003984,0.03886067564583789,0.04335292160993438,0.04874061965970728,0.06768026323254087,0.08141031534430436,0.08945662241432514
2011-10-27,94.1,94.5,93.1,93.5,93.5,6505,0.32615393311966157,0.2950804087561921,0.32230106438068296,0.2858091001013977,0.2858091001013977,0.019184652278177516,0.03337754199823177,0.03360601370771619,0.05584100276664212,0.07018588041388157,0.07702349869451698
2011-10-28,95.0,98.1,95.0,96.7,96.7,6505,0.3833917442366245,0.5209812764563927,0.44434346328767976,0.4885297769151935,0.4885297769151935,0.03003834682573506,0.058565955117679355,0.06178171436937281,0.08450625245331685,0.0988136902868053,0.1077169804116234
2011-10-31,96.0,96.7,93.6,94.6,94.6,6505,0.4469893121443606,0.4331309390174262,0.354417485145682,0.3554943327561396,0.3554943327561396,0.0021186440677964896,0.030837964476408235,0.03523746990588765,0.05462653288740236,0.06786472208425522,0.07970325280578296
2011-11-01,93.1,99.5,93.1,96.5,96.5,6505,0.26255636521192544,0.6088316138953601,0.32230106438068296,0.4758597346143311,0.4758597346143311,0.014934791754312176,0.04414628868210342,0.05334012516373183,0.06641617858326893,0.08174154784324278,0.09625870948197529
2011-11-02,94.6,96.0,94.3,95.9,95.9,6505,0.35795271707352966,0.3892057702979425,0.3993804742166809,0.4378496077117448,0.4378496077117448,0.004819782062028583,0.031071927749704336,0.04307156841418325,0.052054193406834565,0.0703602839412474,0.0845962451933952
2011-11-03,96.9,96.9,93.4,94.8,94.8,6505,0.5042271232613235,0.4456809872229931,0.3415709168396831,0.368164375057002,0.368164375057002,-0.009404388714733602,0.01152368758002559,0.0279765777488614,0.033017325923504266,0.05352062588904697,0.06808878206331923
2011-11-04,96.5,99.0,95.9,97.5,97.5,6505,0.4787880960982287,0.5774564933814433,0.5021530206646785,0.5392099461186423,0.5392099461186423,0.017108282912580854,0.027722146094655797,0.05004307869040791,0.05668147827029359,0.07730045080880414,0.091662312458013
2011-11-07,97.5,98.2,96.4,97.6,97.6,6505,0.5423856640059649,0.5272563005591766,0.5342694414296775,0.545544967269073,0.545544967269073,0.011818370308936354,0.022739180551189373,0.04571428571428571,0.053426875337290756,0.07191494969907308,0.08565072302558385
2011-11-08,97.6,97.9,96.4,97.0,97.0,6505,0.548745420796738,0.5084312282508267,0.5342694414296775,0.5075348403664867,0.5075348403664867,0.004556752278376264,0.012314756835733739,0.03411513859275057,0.04469574582660211,0.05775102503707588,0.07261334316255064
2011-11-09,97.3,97.9,96.5,96.6,96.6,6505,0.5296661504244174,0.5084312282508267,0.5406927255826769,0.48219475576476184,0.48219475576476184,-0.001034126163392022,0.005516810658894569,0.025042444821731746,0.03725974444325136,0.046995577906875904,0.06411103767349628
2011-11-10,95.5,96.0,93.0,93.5,93.5,6505,0.41519052819049257,0.3892057702979425,0.3158777802276835,0.2858091001013977,0.2858091001013977,-0.03048527581916215,-0.026751327157281225,-0.01190643934056657,0.0024122219244169852,0.008586468760787091,0.026795519437733496
2011-11-11,94.5,95.7,92.2,94.2,94.2,6505,0.3515929602827564,0.3703806979895926,0.2644915070036852,0.3301542481544157,0.3301542481544157,-0.01649613698058048,-0.016906700062617453,-0.010226954328943785,0.006571565956082803,0.013208277761046276,0.0308225424037935
2011-11-14,95.0,98.0,95.0,97.9,97.9,6505,0.3833917442366245,0.5147062523536097,0.44434346328767976,0.564550030720367,0.564550030720367,0.02149415692821371,0.018200728029121163,0.02441576560865041,0.041932737335036156,0.0494382986021783,0.06586826347305402
2011-11-15,97.0,99.3,96.7,99.3,99.3,6505,0.5105868800520967,0.5962815656897932,0.5535392938886767,0.6532403268264021,0.6532403268264021,0.03115264797507788,0.029762522036710617,0.03459053969576988,0.051628276409849086,0.06157793457344442,0.07386179301395045
2011-11-16,99.0,99.5,96.8,97.5,97.5,6505,0.637782015867569,0.6088316138953601,0.5599625780416762,0.5392099461186423,0.5392099461186423,0.010572139303482695,0.00942126514131894,0.013443281823851315,0.02848101265822788,0.03944562899786783,0.04876299749013981
2011-11-17,96.0,97.3,95.1,96.7,96.7,6505,0.4469893121443606,0.470781083634126,0.4507667474406792,0.4885297769151935,0.4885297769151935,-0.00432454695222407,-0.0008266170696424705,0.0029039618336444838,0.015223097112860922,0.028242099442814066,0.03488869863013704
2011-11-18,95.2,96.0,93.8,93.8,93.8,6505,0.39611125781817186,0.3892057702979425,0.36726405345168184,0.30481416355269086,0.30481416355269086,-0.03338829348722185,-0.0270718805103205,-0.02521823472356945,-0.01923881221246344,-0.005049005049005189,0.0016017084890549008
2011-11-21,91.8,93.8,90.2,93.3,93.3,6505,0.17987952693186865,0.2511552400367084,0.13602582394368892,0.2731390578005353,0.2731390578005353,-0.029338327091136013,-0.02792248385080232,-0.029540253796546883,-0.025129303589154182,-0.011568777015001407,-0.004906143344709982
2011-11-22,92.7,95.5,92.6,94.5,94.5,6505,0.23711733804883153,0.3578306497840257,0.29018464361568386,0.34915931160570884,0.34915931160570884,-0.00693568726355608,-0.012848636790974657,-0.015693354628150906,-0.01331245105716529,-0.0007613247049867057,0.00735529261272783
2011-11-23,94.1,94.6,90.3,91.2,91.2,6505,0.32615393311966157,0.3013554328589751,0.14244910809668837,0.14010361364148233,0.14010361364148233,-0.028753993610223672,-0.04191616766467061,-0.04695555245924487,-0.04632437519606811,-0.03614457831325303,-0.02789127731391004
2011-11-24,91.2,95.6,90.5,92.8,92.8,6505,0.1417209861872273,0.3641056738868087,0.15529567640268818,0.24146395204837975,0.24146395204837975,-0.003436426116838415,-0.0243902439024391,-0.028882377563834292,-0.029237930854124187,-0.021344807221800544,-0.011609330067099983
2011-11-25,93.5,94.5,91.2,92.6,92.6,6505,0.28799539237502025,0.2950804087561921,0.20025866547368706,0.22879390974751734,0.22879390974751734,-0.0030146425495262827,-0.024852569502948604,-0.027651382569128524,-0.029248348883530832,-0.02616523641258638,-0.015347534824371838
2011-11-28,92.8,94.0,92.0,93.0,93.0,6505,0.24347709483960478,0.2637052882422753,0.2516449386976854,0.25413399434924216,0.25413399434924216,0.0019392372333548007,-0.015560495395363595,-0.020296369127045393,-0.024236701290525676,-0.022369859557648496,-0.012004674386486875
2011-11-29,94.0,95.3,92.6,95.3,95.3,6505,0.31979417632888835,0.3452806015784588,0.29018464361568386,0.39983948080915754,0.39983948080915754,0.024951602495160333,0.013075369405761558,0.0051328927014485885,0.0005249343832020699,0.0008822046714839671,0.01053301286582786
2011-11-30,95.0,95.0,92.1,93.7,93.7,6505,0.3833917442366245,0.3264555292701089,0.2580682228506848,0.29847914240226014,0.29847914240226014,0.0023534445870775898,0.00010673497705203455,-0.00972310293806793,-0.015135589657347043,-0.015756302521008403,-0.007730594090860997
2011-12-01,95.4,96.7,95.2,96.1,96.1,6505,0.4088307713997193,0.4331309390174262,0.45719003159367955,0.4505196500126063,0.4505196500126063,0.020820055236881175,0.026380433621702434,0.013784373022012705,0.0094007667664513,0.008352220263577523,0.014676380530039074
2011-12-02,95.3,96.8,94.4,96.7,96.7,6505,0.40247101460894513,0.4394059631202092,0.40580375836968124,0.4885297769151935,0.4885297769151935,0.018323504633530004,0.029599659284497457,0.018323504633530004,0.016129879682656553,0.0146478636783346,0.017180925666199227
2011-12-05,96.0,96.3,94.1,94.1,94.1,6505,0.4469893121443606,0.4080308426062924,0.3865339059106811,0.323819227003984,0.323819227003984,-0.011346921622189518,0.001063829787233982,-0.00640574405180927,-0.00936940730603222,-0.012426010662860771,-0.010896604884201919
2011-12-06,94.0,94.0,91.7,92.1,92.1,6505,0.31979417632888835,0.2637052882422753,0.2323750862386861,0.19711880399536177,0.19711880399536177,-0.025809181298921215,-0.017704778156996552,-0.02256969010895711,-0.027917040477070137,-0.03162720275896885,-0.03157968525463528
2011-12-07,92.0,93.3,91.9,93.3,93.3,6505,0.19259904051341606,0.2197801195227916,0.24522165454468592,0.2731390578005353,0.2731390578005353,-0.01228033029853903,-0.007129935085665656,-0.006883338064149814,-0.013533516599704115,-0.017936086901604077,-0.018686673912281213
2011-12-08,93.3,93.6,91.4,93.6,93.6,6505,0.2752758787934729,0.2386051918311415,0.21310523377968685,0.2921441212518285,0.2921441212518285,-0.003831417624521218,-0.004784688995215191,-0.001493492639215007,-0.010413913411217418,-0.014280298243397034,-0.015565839293226798
2011-12-09,91.5,93.2,91.5,92.4,92.4,6505,0.16080025655954797,0.21350509542000862,0.2195285179326863,0.21612386744665585,0.21612386744665585,-0.007518796992481081,-0.017334893119217223,-0.013312451057165112,-0.022170485210857703,-0.024822695035460886,-0.026719567430918807
2011-12-12,95.0,95.5,94.4,95.5,95.5,6505,0.3833917442366245,0.3578306497840257,0.40580375836968124,0.41250952311002,0.41250952311002,0.022702934247162184,0.012940178192617722,0.018196033833250528,0.011920529801324504,0.008788608611146406,0.005616005616005596
2011-12-13,95.0,96.0,92.9,94.7,94.7,6505,0.3833917442366245,0.3892057702979425,0.30945449607468406,0.3618293539065713,0.3618293539065713,0.008519701810436604,0.005094459774994736,0.009523132684244316,0.005895161718625445,0.0013111148705802235,-0.0021775779713403796
2011-12-14,95.8,95.8,94.8,95.1,95.1,6505,0.4342697985628132,0.3766557220923756,0.4314968949816799,0.38716943850829516,0.38716943850829516,0.008911521323997338,0.007842306061890578,0.010985116938341581,0.011433129486838485,0.006178848025730976,0.0023187183811128227
2011-12-15,94.6,94.6,91.6,92.5,92.5,6505,0.35795271707352966,0.3013554328589751,0.22595180208568574,0.2224588885970866,0.2224588885970866,-0.016376010208421866,-0.015957446808510637,-0.016445736159353366,-0.014016948249213854,-0.02091536474871924,-0.024295910832952367
2011-12-16,91.7,93.9,91.7,93.6,93.6,6505,0.17351977014109538,0.2574302641394923,0.2323750862386861,0.2921441212518285,0.2921441212518285,-0.007212558336868974,-0.0009606147934678558,-0.005454416660763641,-0.0021853845743830106,-0.009020454834201391,-0.011337229772551275
2011-12-19,93.5,93.5,91.2,93.2,93.2,6505,0.28799539237502025,0.23233016772835852,0.20025866547368706,0.26680403665010455,0.26680403665010455,-0.00660839906203373,-0.004273504273504183,-0.009844889864721401,-0.006396588486140664,-0.01128744801833157,-0.014034840256717694
2011-12-20,92.1,94.1,92.1,94.0,94.0,6505,0.1989587973041893,0.2699803123450583,0.2580682228506848,0.3174842058535533,0.3174842058535533,0.003415883859948841,0.0022390446742723957,-0.00042535091450453266,0.0023993601706211068,-0.0005528856377323896,-0.004518497599548254
2011-12-21,94.5,94.8,93.0,94.0,94.0,6505,0.3515929602827564,0.313905481064542,0.3158777802276835,0.3174842058535533,0.3174842058535533,0.005777872886796404,0.0014915832090348902,-0.0006378907080587101,0.0009050737368898256,0.0009370474486752903,-0.0036039855840577
2011-12-22,94.2,94.7,93.5,94.4,94.4,6505,0.33251368991043573,0.307630456961759,0.3479942009926826,0.3428242904552781,0.3428242904552781,0.005967604433077603,0.004896742601660568,0.004825432869713462,0.0043087398265865325,0.006182050735450997,0.00031789763696106124
2011-12-23,95.0,96.1,95.0,96.1,96.1,6505,0.3833917442366245,0.3954807944007255,0.44434346328767976,0.4505196500126063,0.4505196500126063,0.0186559253762984,0.018979959707348178,0.023356524208433694,0.020494849739832295,0.023298407019337126,0.017649135192375473
2011-12-26,95.8,96.5,95.0,95.4,95.4,6505,0.4342697985628132,0.4205808908118593,0.44434346328767976,0.4061745019595892,0.4061745019595892,0.00654146444397557,0.01166489925768832,0.014965600397191439,0.011772192173083187,0.014936805821524587,0.011128775834658308
2011-12-27,95.4,96.0,93.8,94.4,94.4,6505,0.4088307713997193,0.3892057702979425,0.36726405345168184,0.3428242904552781,0.3428242904552781,-0.004849251528568351,0.001379017715073676,0.0026908369919274567,0.0016446495835324459,0.004340794961273465,0.0022650056625142085
2011-12-28,95.0,95.0,92.2,92.2,92.2,6505,0.3833917442366245,0.3264555292701089,0.2644915070036852,0.20345382514579344,0.20345382514579344,-0.02433862433862431,-0.01894020004256211,-0.01991354262631991,-0.020919613465009926,-0.0194827292836482,-0.01925327092862464
2011-12-29,92.0,94.0,91.0,93.8,93.8,6505,0.19259904051341606,0.2637052882422753,0.18741209716768725,0.30481416355269086,0.30481416355269086,-0.00614536978173355,-0.0032940176389331874,-0.0030468362502656604,-0.0027111796289404654,-0.002891402330130022,-0.001206786398807524
2011-12-30,93.8,94.5,91.6,93.8,93.8,6505,0.3070746627473409,0.2950804087561921,0.22595180208568574,0.30481416355269086,0.30481416355269086,-0.001277683134582672,-0.0035057898650801902,-0.0040348269271608585,-0.0011713342562027413,-0.0033999150021250253,-0.001206786398807524
2012-01-02,93.3,93.3,89.9,90.7,90.7,6505,0.2752758787934729,0.2197801195227916,0.11675597148468968,0.10842850788932676,0.10842850788932676,-0.024521402452140257,-0.03387302939923313,-0.03366716386106964,-0.032430125880093794,-0.03539371251116677,-0.03332385959926089
2012-01-03,91.7,92.1,89.6,90.3,90.3,6505,0.17351977014109538,0.14447983028939113,0.0974861190256895,0.08308842328760194,0.08308842328760194,-0.02018229166666666,-0.03432787937119033,-0.03491271820448877,-0.03577148958889491,-0.03760071620411838,-0.036148865011029714
2012-01-04,91.1,91.1,87.8,90.0,90.0,6505,0.13536122939645315,0.08172958926155753,-0.01813299572830694,0.06408335983630878,0.06408335983630878,-0.01875272568687308,-0.03340135323810546,-0.03461098398169344,-0.03727870781408781,-0.03928266438941083,-0.03894069908165453
2012-01-05,90.3,90.3,88.7,90.1,90.1,6505,0.08448317507026443,0.031529396439290834,0.03967656164869174,0.07041838098673954,0.07041838098673954,-0.009672455484721868,-0.027837721191195496,-0.03187679083094558,-0.034401457507234036,-0.03574486301369867,-0.036947304663840067
2012-01-06,89.1,90.5,88.9,90.5,90.5,6505,0.008166093580980872,0.04407944464485773,0.05252312995469154,0.09575846558846435,0.09575846558846435,0.00199291408325944,-0.017585757707338303,-0.025414602627611454,-0.029126213592233045,-0.02888659970812953,-0.031947514797119
2012-01-09,90.3,90.5,89.5,90.5,90.5,6505,0.08448317507026443,0.04407944464485773,0.09106283487269005,0.09575846558846435,0.09575846558846435,0.0024368630926007847,-0.012332205609516485,-0.02352179542511861,-0.02651535524121985,-0.027383715931562073,-0.031083829984654393
2012-01-10,91.2,93.0,90.8,93.0,93.0,6505,0.1417209861872273,0.2009550472144417,0.17456552886168744,0.25413399434924216,0.25413399434924216,0.02400352345298384,0.016504536014865068,0.004175064785488244,0.0012919896640827364,-0.0009024107257960893,-0.0035002500178584325
2012-01-11,93.0,93.1,91.9,93.0,93.0,6505,0.2561966084211522,0.20723007131722473,0.24522165454468592,0.25413399434924216,0.25413399434924216,0.01728287026908771,0.015616468275636043,0.004898429621092214,0.0024252223120452094,-0.0007735946364105502,-0.0032510449787431046
2012-01-12,93.0,93.2,92.2,93.0,93.0,6505,0.2561966084211522,0.21350509542000862,0.2644915070036852,0.25413399434924216,0.25413399434924216,0.010869565217391304,0.016504536014865068,0.0059128929910584,0.002155172413793134,-0.0005158627805002538,-0.0021459227467811462
2012-01-13,93.3,94.5,93.0,93.4,93.4,6505,0.2752758787934729,0.2950804087561921,0.3158777802276835,0.279474078950967,0.279474078950967,0.008857204579822937,0.021323127392017527,0.012210100426269917,0.00657398426554585,0.0033516672396012117,0.003330110645611798
2012-01-16,93.9,93.9,89.5,89.8,89.8,6505,0.31343441953811507,0.2574302641394923,0.09106283487269005,0.05141331753544638,0.05141331753544638,-0.0285590653396798,-0.01707530647985992,-0.022850924918389644,-0.030446987691643352,-0.03295283222054708,-0.03385454023812934
2012-01-17,90.0,90.4,89.3,90.4,90.4,6505,0.06540390469794376,0.03780442054207473,0.07821626656669024,0.0894234444380336,0.0894234444380336,-0.01653611836379456,-0.010616175987742135,-0.013459439796289569,-0.02206836867157066,-0.024684964612463133,-0.02680589945096345
2012-01-18,90.9,91.0,88.4,91.0,91.0,6505,0.12264171581490665,0.07545456515877452,0.020406709189692483,0.12743357134061992,0.12743357134061992,-0.005681818181818293,-0.005138296709303584,-0.006043836015437204,-0.013977679055152152,-0.016471402014612436,-0.01953742278408274
2012-01-30,91.8,92.5,89.5,90.5,90.5,6505,0.17987952693186865,0.1695799267005249,0.09106283487269005,0.09575846558846435,0.09575846558846435,-0.005713030103274118,-0.011037045131679654,-0.009124087591240825,-0.017319072696671902,-0.021028947254554137,-0.0238377737029446
2012-01-31,90.9,92.3,90.5,92.3,92.3,6505,0.12264171581490665,0.15702987849495803,0.15529567640268818,0.20978884629622419,0.20978884629622419,0.016519823788546256,0.006652852001308752,0.011691633175009092,0.004297916326641597,-0.0009957572084164533,-0.004386595714080402
2012-02-01,92.3,92.3,89.5,89.9,89.9,6505,0.21167831088573671,0.15702987849495803,0.09106283487269005,0.05774833868587803,0.05774833868587803,-0.010129927328782224,-0.018880279384480954,-0.014038166264531707,-0.018880279384480954,-0.025579882939518742,-0.028318201469952488
2012-02-02,90.5,90.7,89.0,90.0,90.0,6505,0.09720268865181184,0.05662949285042463,0.05894641410769099,0.06408335983630878,0.06408335983630878,-0.00815516861362128,-0.014562575276469926,-0.012724879333040924,-0.015425008204791561,-0.022801302931596032,-0.02558735428922007
2012-02-03,90.2,90.2,88.7,89.3,89.3,6505,0.07812341827949117,0.025254372336507833,0.03967656164869174,0.019738211783290816,0.019738211783290816,-0.012168141592920447,-0.018249780123131165,-0.01990195361088753,-0.021530707280994942,-0.02841848724867259,-0.0311381143539113
2012-02-04,90.3,90.4,89.1,89.4,89.4,6505,0.08448317507026443,0.03780442054207473,0.06536969826069045,0.02607323293372247,0.02607323293372247,-0.008649367930804912,-0.013245033112582657,-0.01830161054172757,-0.018067988357405633,-0.025209351011863196,-0.02896451846488042
2012-02-06,89.4,89.8,88.8,89.8,89.8,6505,0.02724536395330244,0.00015427592537403757,0.046099845801691186,0.05141331753544638,0.05141331753544638,0.0013380909901872249,-0.004875886524822827,-0.013403647549989002,-0.011503109692333114,-0.01815001093374149,-0.023276049597563787
2012-02-07,89.8,90.4,89.0,90.4,90.4,6505,0.052684391116396355,0.03780442054207473,0.05894641410769099,0.0894234444380336,0.0894234444380336,0.0069057696591669025,0.0011074197120709694,-0.006738939349545814,-0.004734118683254506,-0.009423624808240187,-0.015750889163097675
2012-02-08,90.6,91.5,89.8,91.5,91.5,6505,0.10356244544258508,0.10682968567269133,0.11033268733168931,0.15910867709277549,0.15910867709277549,0.015763765541740693,0.012056188474726285,0.00645303219183112,0.006711409395973148,0.003905907135960774,-0.002869701042536829
2012-02-09,91.2,91.6,90.4,91.6,91.6,6505,0.1417209861872273,0.11310470977547434,0.14887239224968873,0.16544369824320623,0.16544369824320623,0.011707532582284099,0.012490328285619492,0.008588416648315363,0.006925360008794058,0.005267778753292249,-0.000908925649881943
2012-02-10,91.9,91.9,90.5,90.5,90.5,6505,0.18623928372264278,0.1319297820838251,0.15529567640268818,0.09575846558846435,0.09575846558846435,-0.002864698104892079,0.0003316016359014164,-0.0016914252095898313,-0.00538520716562254,-0.005363344616872705,-0.011505133619748142
2012-02-13,90.9,91.6,90.6,91.2,91.2,6505,0.12264171581490665,0.11310470977547434,0.16171896055568763,0.14010361364148233,0.14010361364148233,0.0017574692442883437,0.009296148738379853,0.007660577489687625,0.0019225487503432808,0.003476959640860905,-0.002079002079002054
2012-02-14,91.5,91.5,89.7,90.4,90.4,6505,0.16080025655954797,0.10682968567269133,0.10390940317868987,0.0894234444380336,0.0894234444380336,-0.00702987697715275,-0.00011060723371298425,-0.0016197908997201572,-0.006811689738519056,-0.00519411920063395,-0.009025468630101995
2012-02-15,90.6,92.0,89.3,92.0,92.0,6505,0.10356244544258508,0.13820480618660813,0.07821626656669024,0.19078378284493103,0.19078378284493103,0.009436032477506968,0.01534047014678308,0.014855125753787292,0.01132241398263165,0.011656036947437897,0.009399114947152705
2012-02-16,92.0,92.6,91.0,92.0,92.0,6505,0.19259904051341606,0.17585495080330793,0.18741209716768725,0.19078378284493103,0.19078378284493103,0.008550756413067323,0.012323943661971882,0.014109347442680789,0.011878574571051456,0.010766864425401056,0.009472952708386632
2012-02-17,92.5,94.5,91.8,93.8,93.8,6505,0.22439782446728412,0.2950804087561921,0.23879837039168555,0.30481416355269086,0.30481416355269086,0.02089682194166306,0.027157249233464624,0.03144930723553991,0.031222515391380705,0.028869778869778928,0.02922351047876808
2012-02-20,95.0,95.3,92.7,92.7,92.7,6505,0.3833917442366245,0.3452806015784588,0.2966079277686842,0.235128930897949,0.235128930897949,0.00564113690605333,0.011898264381617764,0.0190545987541224,0.019521583722848564,0.015823617077233305,0.017563117453348064
2012-02-21,92.6,92.7,90.8,92.0,92.0,6505,0.23075758125805737,0.1821299749060918,0.17456552886168744,0.19078378284493103,0.19078378284493103,-0.005405405405405406,0.0025062656641604447,0.009805356358846903,0.010600318558796106,0.007490472644443444,0.009399114947152705
2012-02-22,91.0,93.4,91.0,93.0,93.0,6505,0.1290014726056799,0.22605514362557552,0.18741209716768725,0.25413399434924216,0.25413399434924216,0.003236245954692526,0.011749347258485778,0.018545560747663652,0.020128338726484875,0.018441456042752612,0.019364267446108866
2012-02-23,92.2,92.2,91.1,91.6,91.6,6505,0.20531855409496347,0.150754854392175,0.1938353813206867,0.16544369824320623,0.16544369824320623,-0.011012740228892206,-0.003481288076588264,0.001530723813688895,0.004441032951367804,0.003725619110234376,0.003432410720806243
2012-02-24,91.9,92.6,91.0,92.6,92.6,6505,0.18623928372264278,0.17585495080330793,0.18741209716768725,0.22879390974751734,0.22879390974751734,0.0023814678501840104,0.005101487029197705,0.010108355755944974,0.014238773274917823,0.014861251150760538,0.013461748932910191
2012-02-29,92.8,96.9,92.8,96.9,96.9,6505,0.24347709483960478,0.4456809872229931,0.3030312119216837,0.5011998192160559,0.5011998192160559,0.039476507187298934,0.045307443365695824,0.05158443061785555,0.058669288757784384,0.06036067582946692,0.058052775250227596
2012-03-01,96.8,96.8,95.2,95.3,95.3,6505,0.49786736647054936,0.4394059631202092,0.45719003159367955,0.39983948080915754,0.39983948080915754,0.015125692373242456,0.02264191436849431,0.030567370773556198,0.03812636165577342,0.040347583074974706,0.03876757620898875
2012-03-02,95.0,95.2,94.5,94.9,94.9,6505,0.3833917442366245,0.3390055774756758,0.41222704252268066,0.37449939620743367,0.37449939620743367,0.006789730532569646,0.015190415062045375,0.02373247033441211,0.03101743712314633,0.033949272204305915,0.03369399462638895
2012-03-03,94.6,95.0,94.1,94.5,94.5,6505,0.35795271707352966,0.3264555292701089,0.3865339059106811,0.34915931160570884,0.34915931160570884,-0.0035849852382961135,0.008215085884988755,0.017295823166355705,0.023779860245923764,0.02802314955833088,0.02877671734949391
2012-03-05,93.9,94.4,93.1,94.1,94.1,6505,0.31343441953811507,0.2888053846534091,0.32230106438068296,0.323819227003984,0.323819227003984,-0.010931259196972947,0.0036262798634812653,0.010379384395132293,0.016857575102658336,0.022070643437459073,0.02401334881021455
2012-03-06,94.0,94.9,92.8,93.7,93.7,6505,0.31979417632888835,0.3201805051673259,0.3030312119216837,0.29847914240226014,0.29847914240226014,-0.008465608465608435,-0.0017046665246110866,0.0042872454448017756,0.010405995578799843,0.017107377013590462,0.019549526676580466
2012-03-07,93.0,94.0,92.4,92.6,92.6,6505,0.2561966084211522,0.2637052882422753,0.27733807530968496,0.22879390974751734,0.22879390974751734,-0.014474244359301974,-0.014054514480408937,-0.00906042662481285,-0.002638806613172541,0.003989938416168025,0.0065582086307473956
2012-03-08,92.8,94.2,92.0,94.1,94.1,6505,0.24347709483960478,0.2762553364478422,0.2516449386976854,0.323819227003984,0.323819227003984,0.0031982942430704843,0.0007444432627883992,0.005485111839293369,0.012100026888948644,0.01844235681198329,0.02149370386452458
2012-03-09,94.5,94.5,92.5,93.6,93.6,6505,0.3515929602827564,0.2950804087561921,0.28376135946268444,0.2921441212518285,0.2921441212518285,-0.00021362956633208963,-0.006685768863419246,-0.0009961576775296846,0.005640612409347209,0.011148561057816763,0.015110982575373976
2012-03-12,93.9,93.9,92.5,92.6,92.6,6505,0.31343441953811507,0.2574302641394923,0.28376135946268444,0.22879390974751734,0.22879390974751734,-0.007715387912558926,-0.01729810039265622,-0.010824668850591107,-0.006224511697789359,-0.0010356433934582251,0.003503955496152767
2012-03-13,93.0,94.8,92.7,94.2,94.2,6505,0.2561966084211522,0.313905481064542,0.2966079277686842,0.3301542481544157,0.3301542481544157,0.008349389852280037,0.0025542784163473274,0.0051931422067297206,0.009321761491481888,0.014299250581445617,0.020142949967511523
2012-03-14,95.5,96.2,94.8,95.6,95.6,6505,0.41519052819049257,0.4017558185035094,0.4314968949816799,0.4188445442604507,0.4188445442604507,0.016804935120187176,0.017129481859772464,0.017526431561768196,0.021476653488620483,0.02707348517404379,0.033178428617745684
2012-03-15,95.5,95.5,94.5,95.5,95.5,6505,0.41519052819049257,0.3578306497840257,0.41222704252268066,0.41250952311002,0.41250952311002,0.012725344644750825,0.015417331206804922,0.014662133446663938,0.018503706073694868,0.024238524238524295,0.030056805925073808
2012-03-16,95.0,95.0,93.4,93.4,93.4,6505,0.3833917442366245,0.3264555292701089,0.3415709168396831,0.279474078950967,0.279474078950967,-0.009123700403140094,-0.005748350010645008,-0.008913412563667119,-0.004635796877497609,0.0009430727023322005,0.00592353257942931
2012-03-19,93.9,93.9,91.2,92.0,92.0,6505,0.31343441953811507,0.2574302641394923,0.20025866547368706,0.19078378284493103,0.19078378284493103,-0.022732101125982732,-0.018457270884455243,-0.02335456475583867,-0.01861432609739176,-0.014693912521955038,-0.01007854811520391
2012-03-20,91.5,92.2,91.0,91.3,91.3,6505,0.16080025655954797,0.150754854392175,0.18741209716768725,0.14643863479191307,0.14643863479191307,-0.024155622060709613,-0.023424965236923712,-0.026929089100468845,-0.025353616226314386,-0.022232693625771155,-0.01813880126182966
2012-03-21,91.3,93.0,90.5,93.0,93.0,6505,0.14808074297800056,0.2009550472144417,0.15529567640268818,0.25413399434924216,0.25413399434924216,-0.0004299226139294072,-0.0056666310274778265,-0.0071881004910682375,-0.007735396105628107,-0.005134788189987205,-0.0007879091755605368
2012-03-22,93.0,93.3,91.9,92.9,92.9,6505,0.2561966084211522,0.2197801195227916,0.24522165454468592,0.24779897319881142,0.24779897319881142,0.004107220060527404,-0.00545980087785024,-0.00684199273038273,-0.008749466495945296,-0.006587108088455447,-0.0023625429553266004
2012-03-23,92.9,93.0,91.9,93.0,93.0,6505,0.24983685163037894,0.2009550472144417,0.24522165454468592,0.25413399434924216,0.25413399434924216,0.006057983556901644,-0.0037493304767005284,-0.004708904109589168,-0.008423072822262416,-0.005942964641498113,-0.0017889087656530024
2012-03-26,92.0,92.7,90.9,90.9,90.9,6505,0.19259904051341606,0.1821299749060918,0.1809888130146878,0.12109855019018916,0.12109855019018916,-0.014313597918022048,-0.02446877012234386,-0.02495709382151016,-0.02993436849687857,-0.027183219178082106,-0.024468770122343712
2012-03-27,91.9,93.0,91.0,93.0,93.0,6505,0.18623928372264278,0.2009550472144417,0.18741209716768725,0.25413399434924216,0.25413399434924216,0.004753673292999111,-0.0006447453255964138,-0.001931745009658646,-0.005453962143086355,-0.0048367076146041185,-0.0025740025740025193
2012-03-28,93.0,93.0,91.6,92.8,92.8,6505,0.2561966084211522,0.2009550472144417,0.22595180208568574,0.24146395204837975,0.24146395204837975,0.003026372676177982,0.0002155636990730332,-0.004220616639244707,-0.0062643893558923585,-0.0073167600872876375,-0.005572224603514746
2012-03-29,91.2,93.0,91.2,92.5,92.5,6505,0.1417209861872273,0.2009550472144417,0.20025866547368706,0.2224588885970866,0.2224588885970866,0.000649069666810929,0.00021626297577865736,-0.0063023705507413135,-0.008202433924837833,-0.010314131644269437,-0.008963965572658036
2012-03-30,90.6,92.5,90.6,92.0,92.0,6505,0.10356244544258508,0.1695799267005249,0.16171896055568763,0.19078378284493103,0.19078378284493103,-0.002601908065914949,-0.0036820446177171693,-0.010539901053989997,-0.01223963925273782,-0.015832263585793795,-0.014320917110103129
2012-04-02,97.0,97.0,92.7,92.8,92.8,6505,0.5105868800520967,0.4519560113257761,0.2966079277686842,0.24146395204837975,0.24146395204837975,0.0019434247462750227,0.004111664141960719,-0.0020790020790021745,-0.0029546065001343613,-0.007359233270580358,-0.0053945911185739465
2012-04-03,93.0,93.9,91.6,93.4,93.4,6505,0.2561966084211522,0.2574302641394923,0.22595180208568574,0.279474078950967,0.279474078950967,0.007551240560949329,0.008312641692756082,0.004949429739617043,0.003653556845046243,0.0005570553198783767,0.0007857704121724971
2012-04-05,92.0,93.4,91.2,91.7,91.7,6505,0.19259904051341606,0.22605514362557552,0.20025866547368706,0.17177871939363787,0.17177871939363787,-0.008434256055363182,-0.008648648648648618,-0.01057401812688826,-0.014137504703542565,-0.01613664649585845,-0.017324522236113523
2012-04-06,92.0,92.0,89.1,89.2,89.2,6505,0.19259904051341606,0.13820480618660813,0.06536969826069045,0.013403190632860064,0.013403190632860064,-0.028534088433892445,-0.03180288722457404,-0.03316713635378281,-0.03848226797456067,-0.04061263121665802,-0.04281575276317196
2012-04-09,87.0,87.0,85.0,85.7,85.7,6505,-0.12538879902526467,-0.17554639895255986,-0.1979849520123015,-0.20832254963222888,-0.20832254963222888,-0.053666077738515894,-0.06236323851203504,-0.06590611829675919,-0.07225981055480375,-0.07475384349628612,-0.0784285611871819
2012-04-10,87.6,88.5,86.5,88.1,88.1,6505,-0.08723025828062334,-0.08142103741080946,-0.10163568971730433,-0.056282042021882715,-0.056282042021882715,-0.016960499888417878,-0.033143107989464404,-0.0370181447205422,-0.04395008138903973,-0.04637166608936619,-0.051089649229885535
2012-04-11,87.6,88.8,85.8,88.7,88.7,6505,-0.08723025828062334,-0.06259596510245956,-0.14659867878830318,-0.0182719151192955,-0.0182719151192955,0.0002255299954893552,-0.0219428823464549,-0.028619405709279365,-0.034557823129251666,-0.037793977262865514,-0.04180620071297386
2012-04-12,88.6,88.6,86.0,86.5,86.5,6505,-0.023632690372887198,-0.07514601330802645,-0.1337521104823034,-0.15764238042878015,-0.15764238042878015,-0.013007759014148957,-0.03952920275371977,-0.04819542253521137,-0.05381754539488064,-0.05916902327604957,-0.06260159664776206
2012-04-13,87.3,87.3,85.9,86.6,86.6,6505,-0.106309528652944,-0.15672132664420996,-0.14017539463530285,-0.1513073592783494,-0.1513073592783494,-0.005968778696051378,-0.032077791438471046,-0.04267079372098165,-0.04809013465237703,-0.05499781754692281,-0.05869565217391311
2012-04-16,86.1,86.3,85.5,85.8,85.8,6505,-0.18262661014222756,-0.21947156767204354,-0.16586853124730244,-0.20198752848179813,-0.20198752848179813,-0.015377553362405363,-0.03432751828925152,-0.04645476772616129,-0.05292786577625699,-0.060529081990189124,-0.06444226365718035
2012-04-17,86.1,86.2,85.0,85.6,85.6,6505,-0.18262661014222756,-0.22574659177482653,-0.1979849520123015,-0.21465757078266054,-0.21465757078266054,-0.012003693444136892,-0.02870759105866351,-0.04492710502826559,-0.051786208806424934,-0.05983656972146553,-0.06373049438529971
2012-04-18,86.5,86.7,85.6,86.3,86.3,6505,-0.15718758297913274,-0.19437147126090976,-0.159445247094303,-0.17031242272964256,-0.17031242272964256,0.0016248839368616594,-0.012811713566689436,-0.03229423637586913,-0.04137739516800898,-0.04884715425649182,-0.05352050888352719
2012-04-19,86.6,87.1,86.0,87.0,87.0,6505,-0.1508278261883595,-0.16927137484977683,-0.1337521104823034,-0.12596727467662458,-0.12596727467662458,0.008578715511245179,0.0005750431282345849,-0.020196711464824723,-0.03037057676232928,-0.037482851705978724,-0.04388599897428389
2012-04-20,87.0,87.0,85.6,86.0,86.0,6505,-0.12538879902526467,-0.17554639895255986,-0.159445247094303,-0.18931748618093572,-0.18931748618093572,-0.0016252612026932966,-0.007272307514717713,-0.0267089180624717,-0.03781606623405694,-0.04452937516665196,-0.05206304882977561
2012-04-23,86.0,88.3,86.0,87.2,87.2,6505,-0.1889863669330008,-0.09397108561637635,-0.1337521104823034,-0.11329723237576218,-0.11329723237576218,0.009025688498032876,0.004839824844434221,-0.00954111767378468,-0.021214502188797852,-0.028520499108734425,-0.036570544691194216
2012-04-24,86.7,88.6,86.7,88.2,88.2,6505,-0.14446806939758533,-0.07514601330802645,-0.08878912141130452,-0.049947020871451066,-0.049947020871451066,0.014492753623188465,0.016246111303145648,0.005319148936170234,-0.00848743746838284,-0.01571288277832338,-0.023940388800767202
2012-04-25,88.2,88.4,87.3,87.7,87.7,6505,-0.049071717535981114,-0.08769606151359247,-0.050249416493306005,-0.08162212662360663,-0.08162212662360663,0.005503324925475854,0.011650709424385801,0.003968556819049042,-0.011162476040139755,-0.019717428239291734,-0.027140955479958647
2012-04-26,87.7,88.3,87.1,88.3,88.3,6505,-0.08087050148984919,-0.09397108561637635,-0.06309598479930581,-0.04361199972102031,-0.04361199972102031,0.009373571101966086,0.016461379072176895,0.013466982936720303,-0.0018651444073928248,-0.010932389443971652,-0.017833969819435906
2012-04-27,89.0,90.4,87.8,90.3,90.3,6505,0.00180633679020762,0.03780442054207473,-0.01813299572830694,0.08308842328760194,0.08308842328760194,0.02218700475435809,0.03507565337001378,0.03555045871559626,0.022013468394544822,0.0126497106715114,0.006352390504847801
2012-04-30,90.3,91.3,90.1,90.9,90.9,6505,0.08448317507026443,0.09427963746712444,0.12960253979068856,0.12109855019018916,0.12109855019018916,0.020431073192635915,0.035897435897435964,0.038303381053914336,0.029445073612684128,0.02033943965517255,0.013980813564363764
2012-05-02,91.5,91.8,90.3,91.7,91.7,6505,0.16080025655954797,0.12565475798104123,0.14244910809668837,0.17177871939363787,0.17177871939363787,0.02138560926709737,0.037799909461294745,0.04457776427703533,0.03915235990707687,0.02894973070017951,0.023018853891636597
2012-05-03,91.7,92.0,90.4,91.0,91.0,6505,0.17351977014109538,0.13820480618660813,0.14887239224968873,0.12743357134061992,0.12743357134061992,0.00619195046439631,0.024428684003151943,0.03479645212644988,0.032624113475177303,0.02201257861635213,0.015322820589110562
2012-05-04,91.0,91.0,90.0,90.4,90.4,6505,0.1290014726056799,0.07545456515877452,0.12317925563768913,0.0894234444380336,0.0894234444380336,-0.00506273387629313,0.013793876864416329,0.024943310657596404,0.026572791278673836,0.01636985069257064,0.009604645968282486
2012-05-07,88.5,89.0,86.4,86.5,86.5,6505,-0.02999244716366045,-0.05004591689689266,-0.10805897387030378,-0.15764238042878015,-0.15764238042878015,-0.03995560488346276,-0.030486438018381516,-0.019200241892811346,-0.016206994597668434,-0.024846681096681027,-0.03164415254869753
2012-05-08,86.5,87.5,86.4,87.2,87.2,6505,-0.15718758297913274,-0.14417127843864305,-0.10805897387030378,-0.11329723237576218,-0.11329723237576218,-0.024171888988361645,-0.022640663528356825,-0.01230838933776326,-0.00909090909090906,-0.014822848879247985,-0.02169035153328351
2012-05-09,86.7,87.3,85.2,87.0,87.0,6505,-0.14446806939758533,-0.15672132664420996,-0.1851383837063017,-0.12596727467662458,-0.12596727467662458,-0.016059714996607122,-0.023569023569023507,-0.015614392396469896,-0.010745352208766766,-0.01449932034435887,-0.022508520280139444
2012-05-10,86.7,89.0,86.7,89.0,89.0,6505,-0.14446806939758533,-0.05004591689689266,-0.08878912141130452,0.000733148331997658,0.000733148331997658,0.011133833219722673,-0.0025776084276587447,0.004968383017163479,0.011823556161891678,0.010169799328066676,0.001462810847304841
2012-05-11,88.0,88.1,86.5,87.5,87.5,6505,-0.061791231117528524,-0.10652113382194325,-0.10163568971730433,-0.09429216892446902,-0.09429216892446902,0.000686184812442844,-0.01850813236118907,-0.012341033937843334,-0.005794796045903932,-0.004958151382823951,-0.01345460012026468
2012-05-14,86.5,87.2,86.1,86.8,86.8,6505,-0.15718758297913274,-0.16299635074699295,-0.12732882632930395,-0.138637316977487,-0.138637316977487,-0.008000000000000033,-0.022522522522522525,-0.02083176656388672,-0.013860486253124278,-0.011839708561020108,-0.019245979435802793
2012-05-15,86.3,88.6,85.8,88.6,88.6,6505,-0.16990709656068015,-0.07514601330802645,-0.14659867878830318,-0.024606936269727153,-0.024606936269727153,0.009341535657325054,0.0003387151405666357,-0.0015776425512733893,0.004990925589836635,0.007321842739551657,0.002375834370403821
2012-05-16,87.2,88.3,85.0,85.0,85.0,6505,-0.11266928544371725,-0.09397108561637635,-0.1979849520123015,-0.25266769768524683,-0.25266769768524683,-0.02723735408560306,-0.032992036405005754,-0.03983733714888158,-0.035515715420401786,-0.032243373713452886,-0.035515715420401474
2012-05-17,86.4,86.6,85.0,85.7,85.7,6505,-0.16354733976990599,-0.20064649536369364,-0.1979849520123015,-0.20832254963222888,-0.20832254963222888,-0.011761992619926153,-0.019114112395558977,-0.030469869522588372,-0.027241770715096387,-0.02293870850054725,-0.0247325696077689
2012-05-18,84.1,84.1,82.0,83.1,83.1,6505,-0.30982174595769985,-0.3575220979332776,-0.3906834766022959,-0.37303309954343833,-0.37303309954343833,-0.03191985088536823,-0.04085872576177293,-0.05618232755356999,-0.05466128206586664,-0.05110989312140327,-0.05122545288476174
2012-05-21,82.0,83.6,82.0,83.2,83.2,6505,-0.4433766385639454,-0.38889721844719444,-0.3906834766022959,-0.36669807839300667,-0.36669807839300667,-0.022556390977443466,-0.03603290464604333,-0.049939098660170385,-0.052013900757705206,-0.048490393412625746,-0.047909673481843155
2012-05-22,83.4,83.7,82.5,83.5,83.5,6505,-0.35434004349311443,-0.3826221943444105,-0.3585670558372968,-0.3476930149417135,-0.3476930149417135,-0.007134363852556413,-0.028391901326507,-0.04111162149747341,-0.04658597853391199,-0.044053670375967385,-0.04367412384515521
2012-05-23,83.2,83.5,82.0,82.5,82.5,6505,-0.3670595570746618,-0.3951722425499774,-0.3906834766022959,-0.41104322644602465,-0.41104322644602465,-0.013157894736842039,-0.03497485085974978,-0.045875096376252915,-0.05492869007388741,-0.054159405668164615,-0.053102762261840825
2012-05-24,82.5,83.6,82.5,83.4,83.4,6505,-0.4115778546100773,-0.38889721844719444,-0.3585670558372968,-0.3540280360921443,-0.3540280360921443,0.003127255232138623,-0.018014835747085848,-0.029781293624941856,-0.04225999081304539,-0.04256784681085531,-0.040828062104657815
2012-05-25,82.6,84.0,82.6,84.0,84.0,6505,-0.40521809781930407,-0.3637971220360606,-0.3521437716842974,-0.31601790918955797,-0.31601790918955797,0.008161305808929339,-0.006857413100023626,-0.017926734216679636,-0.0329822137800034,-0.03434956545730445,-0.03300076745970829
2012-05-28,83.5,84.5,83.2,83.9,83.9,6505,-0.34798028670234116,-0.33242200152214385,-0.313604066766298,-0.32235293033998874,-0.32235293033998874,0.005271986580397767,-0.004626883378811086,-0.017104029990627857,-0.03056213530533244,-0.0345668783945502,-0.033150232397341814
2012-05-29,83.7,86.0,83.2,85.9,85.9,6505,-0.3352607731207938,-0.23829663998039344,-0.313604066766298,-0.19565250733136647,-0.19565250733136647,0.023350011913271306,0.022375624851226013,0.00734891720741161,-0.004577321976939522,-0.010961175332749944,-0.010140585388338274
2012-05-30,85.0,85.0,83.2,83.4,83.4,6505,-0.25258393484073693,-0.301046881008227,-0.313604066766298,-0.3540280360921443,-0.3540280360921443,-0.008559201141226805,-0.005485332697352656,-0.01920815366522923,-0.028877503493246272,-0.03761827832910213,-0.038136244810087705
2012-05-31,82.6,82.6,80.7,81.5,81.5,6505,-0.40521809781930407,-0.45164745947502805,-0.47418617059129325,-0.4743934379503358,-0.4743934379503358,-0.026749462622402617,-0.023250239693192853,-0.03588328075709777,-0.04572331830689071,-0.05684395685784389,-0.05831150824218148
2012-06-01,81.5,82.2,80.6,82.0,82.0,6505,-0.4751754225178135,-0.4767475558861609,-0.4806094547442936,-0.44271833219818024,-0.44271833219818024,-0.01607871370290381,-0.01596063842553717,-0.025742574257425797,-0.03512384538447961,-0.0482822655524605,-0.05070618198657107
2012-06-04,80.0,82.3,80.0,82.0,82.0,6505,-0.5705717743794176,-0.47047253178337795,-0.5191491596622921,-0.44271833219818024,-0.44271833219818024,-0.01157184185149479,-0.014541521451748682,-0.022024330126421215,-0.032562529495044894,-0.044600829566109154,-0.049238617917600716
2012-06-05,82.4,82.4,81.1,81.9,81.9,6505,-0.41793761140085056,-0.46419750768059403,-0.4484930339792946,-0.44905335334861096,-0.44905335334861096,-0.003164556962025206,-0.013847080072245534,-0.017985611510791366,-0.030711876442393028,-0.04174661861749408,-0.04844893691181582
2012-06-06,82.2,83.3,81.2,82.9,82.9,6505,-0.43065712498239794,-0.40772229075554434,-0.4420697498262942,-0.3857031418442998,-0.3857031418442998,0.01023641238118454,-0.0022866770971235735,-0.004323804948354545,-0.016490686914224707,-0.026035058038441587,-0.03484942564420978
2012-06-07,82.1,82.6,80.7,81.0,81.0,6505,-0.4370168817731721,-0.45164745947502805,-0.47418617059129325,-0.5060685437024913,-0.5060685437024913,-0.011713030746705806,-0.022329511164755515,-0.023468895675936415,-0.03444987483609506,-0.04386420510883431,-0.05451149760709702
2012-06-08,81.0,81.0,77.5,78.4,78.4,6505,-0.5069742064716816,-0.5520478451195614,-0.6797312634872875,-0.6707790936136999,-0.6707790936136999,-0.03495814869522407,-0.04727184348037412,-0.05123033481242437,-0.06034637741954811,-0.06928154233344411,-0.08132177173658289
2012-06-11,79.2,80.1,79.0,80.1,80.1,6505,-0.6214498287056064,-0.608523062044612,-0.5833820011922902,-0.5630837340563717,-0.5630837340563717,-0.009398961167449977,-0.022097424001953393,-0.028227110967324675,-0.03610108303249114,-0.04620147654203393,-0.05764705882352948
2012-06-12,78.1,80.1,78.1,79.6,79.6,6505,-0.6914071534041167,-0.608523062044612,-0.641191558569289,-0.5947588398085273,-0.5947588398085273,-0.009950248756219046,-0.020669291338582762,-0.031237322515213106,-0.03690260133091362,-0.04871169749988058,-0.05936109032181818
2012-06-13,79.0,79.8,78.6,79.0,79.0,6505,-0.6341693422871538,-0.6273481343529619,-0.6090751378042899,-0.6327689667111136,-0.6327689667111136,-0.007786988193921182,-0.022761009401286534,-0.035801464605370266,-0.0406800242865816,-0.05225778588224013,-0.0617577197149644
2012-06-14,78.9,80.5,78.9,79.0,79.0,6505,-0.6405290990779271,-0.5834229656334782,-0.5898052853452898,-0.6327689667111136,-0.6327689667111136,-0.002777076495834371,-0.019729494974562643,-0.032337089661930433,-0.0367615680058526,-0.04768793095134774,-0.05727923627684961
2012-06-15,79.3,80.8,79.1,79.5,79.5,6505,-0.6150900719148331,-0.5645978933251283,-0.5769587170392908,-0.601093860958958,-0.601093860958958,0.0007552870090634727,-0.010455563853622148,-0.022621096631423525,-0.02853302376733681,-0.03794956193426605,-0.04718149494626664
2012-06-18,80.7,82.0,80.4,81.2,81.2,6505,-0.5260534768440022,-0.48929760409172784,-0.4934560230502925,-0.49339850140162894,-0.49339850140162894,0.019332161687170554,0.01171193620732634,0.0004928536224742023,-0.006545543524805733,-0.014706596126777693,-0.02474177276002885
2012-06-19,81.2,82.8,80.8,82.8,82.8,6505,-0.49425469289013413,-0.4390974112694611,-0.46776288643829383,-0.3920381629947315,-0.3920381629947315,0.031133250311332503,0.030491599253266995,0.0228114963353372,0.013463892288861619,0.007544414699440135,-0.0037699526750619846
2012-06-20,82.8,83.9,81.8,83.7,83.7,6505,-0.39249858423775663,-0.37007214613884365,-0.4035300449082957,-0.3350229726408511,-0.3350229726408511,0.030280649926144855,0.04065647146587108,0.03367363741149358,0.02372798434442267,0.019140853302162687,0.00839323721938885
2012-06-21,83.0,83.3,81.8,82.6,82.6,6505,-0.37977907065620925,-0.40772229075554434,-0.4035300449082957,-0.4047082052955939,-0.4047082052955939,0.0078086871644704806,0.024941059684824306,0.019165912642921702,0.010768477728830095,0.007267938149358613,-0.002294963159801881
2012-06-22,81.8,81.8,79.2,79.5,79.5,6505,-0.45609615214549276,-0.5018476522972947,-0.5705354328862905,-0.601093860958958,-0.601093860958958,-0.030014641288433307,-0.014869888475836465,-0.017062314540059464,-0.024480029449659543,-0.028829709259711695,-0.03663610292038607
2012-06-25,79.5,79.5,77.9,78.3,78.3,6505,-0.6023705583332858,-0.6461732066613118,-0.6540381268752878,-0.6771141147641315,-0.6771141147641315,-0.03784713688867042,-0.02757078986587199,-0.02893757751136845,-0.03589238441174667,-0.04119318181818187,-0.04790856031128419
2012-06-26,78.3,79.8,77.9,79.8,79.8,6505,-0.6786876398225693,-0.6273481343529619,-0.6540381268752878,-0.5820887975076648,-0.5820887975076648,-0.012131715771230551,-0.009187981127390055,-0.008613549776379107,-0.013718946978123835,-0.02105108199617263,-0.026195899772209673
2012-06-27,79.6,79.7,78.6,79.5,79.5,6505,-0.5960108015425125,-0.6336231584557449,-0.6090751378042899,-0.601093860958958,-0.601093860958958,-0.005504128096072026,-0.01352525127187,-0.009551495016611284,-0.015052964133060811,-0.023293527937490795,-0.027681519833666297
2012-06-28,79.3,79.6,79.0,79.0,79.0,6505,-0.6150900719148331,-0.6398981825585288,-0.5833820011922902,-0.6327689667111136,-0.6327689667111136,-0.002777076495834371,-0.019729494974562643,-0.014143094841930198,-0.019729494974562643,-0.02733316917015512,-0.031150355653666816
2012-06-29,80.0,81.5,79.1,80.9,80.9,6505,-0.5705717743794176,-0.5206727246056446,-0.5769587170392908,-0.5124035648529222,-0.5124035648529222,0.017610062893081833,0.002105784714480564,0.007471980074719907,0.004532190972869052,-0.002416888625826156,-0.006955810147299462
2012-07-02,82.0,82.0,80.0,80.9,80.9,6505,-0.4433766385639454,-0.48929760409172784,-0.5191491596622921,-0.5124035648529222,-0.5124035648529222,0.01099725068732811,0.0024783147459727737,0.006803285489090033,0.00521868787276344,-0.0009385496937363343,-0.006020395625998391
2012-07-03,80.9,81.8,80.7,81.8,81.8,6505,-0.5133339632624547,-0.5018476522972947,-0.47418617059129325,-0.4553883744990426,-0.4553883744990426,0.017159910470032274,0.014888337468982667,0.01614906832298133,0.016464740602671675,0.012225907043508384,0.005737704918032811
2012-07-04,80.4,81.7,80.4,81.7,81.7,6505,-0.5451327472163229,-0.5081226764000777,-0.4934560230502925,-0.4617233956494734,-0.4617233956494734,0.010388325500865736,0.016169154228855686,0.01264253842340104,0.01597960579493889,0.011839889032002416,0.004837651689078356
2012-07-05,80.6,81.1,80.3,81.0,81.0,6505,-0.5324132336347763,-0.5457728210167784,-0.4998793072032929,-0.5060685437024913,-0.5060685437024913,-0.003199606202313624,0.009471585244267083,0.002309849859759125,0.007274762171236809,0.003419057529359252,-0.0027905449770191273
2012-07-06,81.4,82.4,81.0,82.4,82.4,6505,-0.4815351793085867,-0.46419750768059403,-0.454916318132294,-0.4173782475964554,-0.4173782475964554,0.01029916625796981,0.023221159816217616,0.017200230433709128,0.022142281213173864,0.020559821649740042,0.015111695137976255
2012-07-09,82.1,83.3,81.9,82.9,82.9,6505,-0.4370168817731721,-0.40772229075554434,-0.39710676075529533,-0.3857031418442998,-0.3857031418442998,0.011469009272815979,0.023583158414619224,0.02194280078895447,0.026561822797350136,0.02629493909081899,0.02169090460931729
2012-07-10,83.5,83.5,82.1,83.0,83.0,6505,-0.34798028670234116,-0.3951722425499774,-0.38426019244929643,-0.3793681206938691,-0.3793681206938691,0.009732360097323567,0.020784651334399183,0.023007395234182333,0.02564102564102568,0.02697352140559276,0.02414346234524736
2012-07-11,82.0,83.1,82.0,83.0,83.0,6505,-0.4433766385639454,-0.4202723389611112,-0.3906834766022959,-0.3793681206938691,-0.3793681206938691,0.006548629638612563,0.016409502816556495,0.023596152265066103,0.023112480739599383,0.026922696228842944,0.02431198321609297
2012-07-12,82.1,83.0,80.0,80.0,80.0,6505,-0.4370168817731721,-0.42654736306389424,-0.5191491596622921,-0.5694187552068025,-0.5694187552068025,-0.02747386336007786,-0.02152641878669282,-0.011287797643569172,-0.014474899907606987,-0.009704892057833134,-0.012101753519387378
2012-07-13,80.9,81.9,80.5,80.6,80.6,6505,-0.5133339632624547,-0.4955726281945108,-0.4870327388972931,-0.5314086283042162,-0.5314086283042162,-0.01587301587301601,-0.013826012480117578,-0.004774448468883812,-0.007755755262833873,-0.003363339598377752,-0.004118616144975405
2012-07-16,81.8,83.0,81.3,83.0,83.0,6505,-0.45609615214549276,-0.42654736306389424,-0.4356464656732948,-0.3793681206938691,-0.3793681206938691,0.01318359374999998,0.012936294849890015,0.020910209102091057,0.02065912444663068,0.024843186644935056,0.025113215314944398
2012-07-17,81.5,84.0,81.5,83.5,83.5,6505,-0.4751754225178135,-0.3637971220360606,-0.42279989736729495,-0.3476930149417135,-0.3476930149417135,0.018044379419653617,0.01692851053464865,0.02395356442119032,0.026365927109581595,0.029034802326727904,0.0306097259935817
2012-07-18,83.7,83.9,82.5,82.6,82.6,6505,-0.3352607731207938,-0.37007214613884365,-0.3585670558372968,-0.4047082052955939,-0.4047082052955939,0.008054674151818363,0.0048661800486616965,0.010356356519611809,0.015990159901598983,0.016140143686644987,0.019627206517713727
2012-07-19,83.0,83.9,82.2,83.4,83.4,6505,-0.37977907065620925,-0.37007214613884365,-0.37783690829629607,-0.3540280360921443,-0.3540280360921443,0.009440813362382004,0.011644832605531218,0.01649467782562776,0.025325792967789553,0.023765098693901688,0.02848686644469111
2012-07-20,83.5,83.6,82.9,83.5,83.5,6505,-0.34798028670234116,-0.38889721844719444,-0.3328739192252972,-0.3476930149417135,-0.3476930149417135,0.0036057692307691963,0.011508176862507605,0.01556798832400877,0.02403728231542811,0.02298343624424195,0.027565838050701386
2012-07-23,82.3,83.0,81.3,83.0,83.0,6505,-0.4242973681916247,-0.42654736306389424,-0.4356464656732948,-0.3793681206938691,-0.3793681206938691,-0.002403846153846188,0.0053294573643410574,0.007770762506070915,0.014980128401100511,0.01596161378770077,0.020199123202359948
2012-07-24,82.0,83.0,82.0,82.4,82.4,6505,-0.4433766385639454,-0.42654736306389424,-0.3906834766022959,-0.4173782475964554,-0.4173782475964554,-0.006989636056880986,-0.0012121212121211432,0.0,0.006043587082595746,0.008814887365328095,0.01166359729895645
2012-07-25,81.8,84.0,81.6,83.1,83.1,6505,-0.45609615214549276,-0.3637971220360606,-0.41637661321429553,-0.37303309954343833,-0.37303309954343833,0.00024073182474718368,0.0071506484062536565,0.007354129626636353,0.012365231162819037,0.017683942392475786,0.018548782480797367
2012-07-26,83.9,84.4,82.0,82.0,82.0,6505,-0.32254125953924634,-0.3386970256249268,-0.3906834766022959,-0.44271833219818024,-0.44271833219818024,-0.009661835748792237,-0.008584209889977124,-0.006782945736434136,-0.002857664011673682,0.004508036064288453,0.0038357953154327714
2012-07-27,84.1,84.9,83.0,84.3,84.3,6505,-0.30982174595769985,-0.30732190511101004,-0.32645063507229777,-0.2970128457382648,-0.2970128457382648,0.016152362584377883,0.014684641309581112,0.019511408530194264,0.022996177416418857,0.030260070394993944,0.029974749531644536
2012-07-30,84.3,84.9,83.8,84.9,84.9,6505,-0.2971022323761524,-0.30732190511101004,-0.27506436184829947,-0.2590027188356776,-0.2590027188356776,0.018718502519798442,0.019574876906449018,0.025114706592610458,0.027782821863083545,0.03425592047558714,0.035744784677321055
2012-07-31,84.3,87.0,84.3,87.0,87.0,6505,-0.2971022323761524,-0.17554639895255986,-0.2429479410833004,-0.12596727467662458,-0.12596727467662458,0.032518395442677366,0.04042095192537683,0.047099414266227956,0.04990044047547222,0.05613285422938714,0.05955425648520279
2012-08-01,86.0,87.1,85.6,86.8,86.8,6505,-0.1889863669330008,-0.16927137484977683,-0.159445247094303,-0.138637316977487,-0.138637316977487,0.021176470588235262,0.03284150404569259,0.041516678665706665,0.04427333974975947,0.04998306478927766,0.05578981511514749
2012-08-03,86.5,87.5,86.4,87.4,87.4,6505,-0.15718758297913274,-0.14417127843864305,-0.10805897387030378,-0.10062719007489979,-0.10062719007489979,0.015334572490706239,0.03505447655139754,0.0425447316103381,0.04745925215723883,0.05296130306973176,0.06102298478472021
2012-08-06,88.1,88.9,86.8,87.4,87.4,6505,-0.05543147432675527,-0.05632094099967566,-0.08236583725830507,-0.10062719007489979,-0.10062719007489979,0.00807381776239911,0.030295885889426,0.03693743573518956,0.044330266459553035,0.04967332820907007,0.05764188616836757
2012-08-07,88.0,88.0,87.0,87.7,87.7,6505,-0.061791231117528524,-0.11279615792472625,-0.06951926895230526,-0.08162212662360663,-0.08162212662360663,0.0050424020169607805,0.028135990621336527,0.036643026004728234,0.04491838436792578,0.04984677264891785,0.05726341169379144
2012-08-08,88.6,89.3,87.3,88.3,88.3,6505,-0.023632690372887198,-0.03122084458854276,-0.050249416493306005,-0.04361199972102031,-0.04361199972102031,0.008912248628884676,0.02805914541855858,0.039802166745171876,0.048755864362491706,0.05374958231896499,0.06087304765718858
2012-08-09,88.5,89.4,88.2,88.9,88.9,6505,-0.02999244716366045,-0.024945820485758864,0.007560140883692673,-0.005601872818433095,-0.005601872818433095,0.010916534000454782,0.028102231987972785,0.04171549097726743,0.05219552609776318,0.0572760572760573,0.06407596552824775
2012-08-10,89.3,89.8,88.6,89.0,89.0,6505,0.020885607162528283,0.00015427592537403757,0.033253277495691375,0.000733148331997658,0.000733148331997658,0.008384319057330556,0.020993461053114584,0.038344870498561036,0.04779844596185546,0.05445239562106066,0.06103958035288495
2012-08-13,90.0,90.0,88.7,88.8,88.8,6505,0.06540390469794376,0.012704324130940935,0.03967656164869174,-0.011936893968864748,-0.011936893968864748,0.0029365258640163218,0.013467244921250772,0.03175832687838886,0.04042179261862921,0.04890148830616585,0.0553420750307014
2012-08-14,89.9,91.0,89.7,91.0,91.0,6505,0.05904414790717051,0.07545456515877452,0.10390940317868987,0.12743357134061992,0.12743357134061992,0.020179372197309385,0.03139521704635607,0.05080831408775988,0.061224489795918366,0.07078979572625442,0.07717803030303025
2012-08-15,90.3,91.0,90.3,91.0,91.0,6505,0.08448317507026443,0.07545456515877452,0.14244910809668837,0.12743357134061992,0.12743357134061992,0.014040561622464795,0.026740381360712964,0.043897216274089955,0.05660377358490566,0.0667729532026634,0.07328196257273144
2012-08-16,90.5,90.5,89.6,90.0,90.0,6505,0.09720268865181184,0.04407944464485773,0.0974861190256895,0.06408335983630878,0.06408335983630878,0.0004446420631390845,0.011804384485666073,0.027006466337010194,0.04052257355916539,0.05159842961301174,0.0580351894666719
2012-08-17,90.0,90.3,89.7,90.0,90.0,6505,0.06540390469794376,0.031529396439290834,0.10390940317868987,0.06408335983630878,0.06408335983630878,-0.0017746228926352773,0.008855509472032194,0.02079395085066157,0.036567808810826344,0.04670636397469303,0.05431684173532747
2012-08-20,90.0,90.5,89.6,90.0,90.0,6505,0.06540390469794376,0.04407944464485773,0.0974861190256895,0.06408335983630878,0.06408335983630878,-0.004424778761062009,0.005923773331843089,0.0164131907845204,0.03270223752151456,0.04214914312181566,0.05119719680747526
2012-08-21,90.5,91.5,89.9,90.7,90.7,6505,0.09720268865181184,0.10682968567269133,0.11675597148468968,0.10842850788932676,0.10842850788932676,0.003984945760460476,0.010359808399242425,0.019865067466266855,0.0361569657851146,0.04652236119444312,0.05616581919807464
2012-08-22,91.0,91.2,89.8,90.5,90.5,6505,0.1290014726056799,0.08800461336434143,0.11033268733168931,0.09575846558846435,0.09575846558846435,0.0028812056737589223,0.005667296366262817,0.01495327102803733,0.02911075733454631,0.040852003496342555,0.050777923987924606
2012-08-23,91.0,91.1,89.4,89.8,89.8,6505,0.1290014726056799,0.08172958926155753,0.0846395507196906,0.05141331753544638,0.05141331753544638,-0.004434589800443521,-0.0031083481349911315,0.004848936963819513,0.017275559331634,0.02939153560456684,0.03991353354435256
2012-08-24,89.8,89.9,89.2,89.6,89.6,6505,0.052684391116396355,0.006429300028157932,0.0717929824136908,0.03874327523458397,0.03874327523458397,-0.005770084332001732,-0.005990681162635969,0.0009681984061965419,0.010659297275957286,0.02418727995976407,0.03376663333589702
2012-08-27,89.6,90.5,89.2,89.2,89.2,6505,0.039964877534848946,0.04407944464485773,0.0717929824136908,0.013403190632860064,0.013403190632860064,-0.008448199199644187,-0.010867154579729317,-0.004834510970621091,0.003374578177727752,0.016964611455673108,0.025758969641214456
2012-08-28,89.0,89.0,87.6,88.3,88.3,6505,0.00180633679020762,-0.05004591689689266,-0.03097956403430675,-0.04361199972102031,-0.04361199972102031,-0.013187304425569878,-0.017906795684573457,-0.015314846479815644,-0.00864488604468407,0.004276420545016205,0.013350675184575878
2012-08-29,88.0,88.3,87.0,87.4,87.4,6505,-0.061791231117528524,-0.09397108561637635,-0.06951926895230526,-0.10062719007489979,-0.10062719007489979,-0.016430339860454578,-0.024008933556672156,-0.024698705549769277,-0.018969581322258365,-0.008215696064636076,0.0015278838808251334
2012-08-30,87.4,87.4,85.5,85.5,85.5,6505,-0.09994977186216984,-0.15044630254142605,-0.16586853124730244,-0.2209925919330913,-0.2209925919330913,-0.028409090909090908,-0.040404040404040345,-0.043481503579952306,-0.03959561920808768,-0.030832010881886182,-0.021328551261017167
2012-08-31,85.5,86.4,85.1,85.4,85.4,6505,-0.22078515088686887,-0.21319654356925966,-0.19156166785930206,-0.22732761308352203,-0.22732761308352203,-0.020192748967416144,-0.036552346570397055,-0.04202811845647625,-0.03964014619060997,-0.033455566118882736,-0.02321857485988792
2012-09-03,85.4,86.4,84.3,85.2,85.2,6505,-0.22714490767764214,-0.21319654356925966,-0.2429479410833004,-0.23999765538438445,-0.23999765538438445,-0.01343214451134797,-0.03357531760435565,-0.041691661667666434,-0.040702584022969036,-0.03611186532717885,-0.026137316162462797
2012-09-04,87.2,87.2,85.7,86.5,86.5,6505,-0.11266928544371725,-0.16299635074699295,-0.15302196294130263,-0.15764238042878015,-0.15764238042878015,0.005813953488372093,-0.014132664691132994,-0.023775487171770242,-0.025407019322855155,-0.022112688794428747,-0.012594650127468415
2012-09-05,87.0,87.1,85.1,86.2,86.2,6505,-0.12538879902526467,-0.16927137484977683,-0.19156166785930206,-0.1766474438800733,-0.1766474438800733,0.005130597014925346,-0.012713320352765999,-0.023635127992146707,-0.027636773829667262,-0.025151542567628582,-0.017439872335574914
2012-09-06,85.5,85.5,83.1,83.4,83.4,6505,-0.22078515088686887,-0.26967176049431024,-0.3200273509192983,-0.3540280360921443,-0.3540280360921443,-0.02273259901570187,-0.037729318103149834,-0.05061850193519001,-0.05629420084865623,-0.05536426241391814,-0.049464326418965004
2012-09-07,84.7,84.7,82.9,83.2,83.2,6505,-0.2716632052130576,-0.3198719533165769,-0.3328739192252972,-0.36669807839300667,-0.36669807839300667,-0.020023557126030656,-0.03289550156922002,-0.047982302235105745,-0.05545779644661412,-0.05583295506128009,-0.05217589428115742
2012-09-10,84.4,84.5,83.1,84.3,84.3,6505,-0.2907424755853783,-0.33242200152214385,-0.3200273509192983,-0.2970128457382648,-0.2970128457382648,-0.004957507082152994,-0.01449614215571673,-0.031182960465829048,-0.04051900751195086,-0.042001909177690026,-0.03964456596035548
2012-09-11,84.3,84.3,83.4,84.0,84.0,6505,-0.2971022323761524,-0.34497204972771073,-0.30075749846029814,-0.31601790918955797,-0.31601790918955797,-0.0026122061268107205,-0.013041945717307008,-0.029649595687331495,-0.04010970174837167,-0.04380293233767431,-0.042735042735042736
2012-09-12,85.0,85.3,84.5,85.3,85.3,6505,-0.25258393484073693,-0.2822218086998771,-0.23010137277730058,-0.2336626342339537,-0.2336626342339537,0.014992860542598825,0.004711425206124752,-0.010670378102528435,-0.022069360848380595,-0.027676454495713997,-0.027292078455222878
2012-09-13,85.3,86.6,85.0,86.5,86.5,6505,-0.23350466446841628,-0.20064649536369364,-0.1979849520123015,-0.15764238042878015,-0.15764238042878015,0.021733994802740415,0.01764705882352941,0.005813953488372093,-0.006318207926479002,-0.012917655650903677,-0.013495533168599168
2012-09-14,86.6,90.4,86.1,90.2,90.2,6505,-0.1508278261883595,0.03780442054207473,-0.12732882632930395,0.07675340213717119,0.07675340213717119,0.04810597257727168,0.05521759475900794,0.04834960483496044,0.03606708017459224,0.02874087591240871,0.02760794440435953
2012-09-17,90.5,90.5,88.5,89.7,89.7,6505,0.09720268865181184,0.04407944464485773,0.02682999334269193,0.04507829638501563,0.04507829638501563,0.029378012393848837,0.04387291981845701,0.04213461389512817,0.030501464759607112,0.022618450453736998,0.02101988162088326
2012-09-18,89.0,89.8,88.5,88.9,88.9,6505,0.00180633679020762,0.00015427592537403757,0.02682999334269193,-0.005601872818433095,-0.005601872818433095,0.008851566046300512,0.03168155970755488,0.0323604552140591,0.022367891438100085,0.01446960014606537,0.01145327669902922
2012-09-19,89.0,89.7,88.6,89.4,89.4,6505,0.00180633679020762,-0.006120748177408965,0.033253277495691375,0.02607323293372247,0.02607323293372247,0.005172026085001054,0.03364550815123132,0.036561799489835387,0.028768699654775604,0.02092088434131182,0.016717843739338097
2012-09-20,89.4,89.5,88.0,89.4,89.4,6505,0.02724536395330244,-0.018670796382975863,-0.005286427422307134,0.02607323293372247,0.02607323293372247,-0.001340482573726592,0.026524285222183974,0.033446362515413205,0.029005524861878403,0.021200767613999753,0.01652516676773802
2012-09-21,89.0,89.0,88.0,88.3,88.3,6505,0.00180633679020762,-0.05004591689689266,-0.005286427422307134,-0.04361199972102031,-0.04361199972102031,-0.009423378954453865,0.007990867579908708,0.018454440599769254,0.017105338939123416,0.009419726553568956,0.0042840353338133704
2012-09-24,88.8,88.8,87.3,87.5,87.5,6505,-0.010913176791339789,-0.06259596510245956,-0.050249416493306005,-0.09429216892446902,-0.09429216892446902,-0.013528748590755387,-0.004777070063694126,0.007445501995701502,0.008878127522195437,0.0014191540010986452,-0.00432407828857544
2012-09-25,88.2,88.4,87.4,88.3,88.3,6505,-0.049071717535981114,-0.08769606151359247,-0.04382613234030565,-0.04361199972102031,-0.04361199972102031,-0.00316098442086251,-0.0005659309564232842,0.015253717614594361,0.01810215611668405,0.011686526122823053,0.005809317689941966
2012-09-26,88.3,88.3,87.5,88.3,88.3,6505,-0.04271196074520786,-0.09397108561637635,-0.0374028481873062,-0.04361199972102031,-0.04361199972102031,-0.0006790402897238827,-0.0039481105470954144,0.013622101477003146,0.017574186113511858,0.01270758785209657,0.0068415051311287835
2012-09-27,88.7,88.7,87.9,88.0,88.0,6505,-0.017272933582113043,-0.06887098920524257,-0.011709711575306583,-0.06261706317231347,-0.06261706317231347,-0.0009082652134423058,-0.009009009009008978,0.006634637382749923,0.0126582278481012,0.010101010101010048,0.004184100418409966
2012-09-28,87.5,88.1,87.1,88.1,88.1,6505,-0.0935900150713966,-0.10652113382194325,-0.06309598479930581,-0.056282042021882715,-0.056282042021882715,0.0006815084052703576,-0.0055310983180946955,0.004026743655979398,0.012236456597920352,0.011945784516425362,0.006052301016329807
2012-10-01,88.7,88.7,87.2,87.6,87.6,6505,-0.017272933582113043,-0.06887098920524257,-0.05667270064630545,-0.08795714777403828,-0.08795714777403828,-0.005223711106063977,-0.00882552613713527,-0.004168245547555978,0.005105845906717838,0.006942847947031874,0.0012572865470339403
2012-10-02,87.6,88.0,87.4,87.4,87.4,6505,-0.08723025828062334,-0.11279615792472625,-0.04382613234030565,-0.10062719007489979,-0.10062719007489979,-0.005461993627674145,-0.00940723110053268,-0.00899538891828546,0.002293577981651409,0.005059797608095814,0.00022888532845040076
2012-10-03,87.5,87.5,86.3,86.5,86.5,6505,-0.0935900150713966,-0.14417127843864305,-0.11448225802330413,-0.15764238042878015,-0.15764238042878015,-0.011654478976234119,-0.016374801000682258,-0.020089117136167886,-0.00819813105543775,-0.0048778243062904654,-0.008558111102620955
2012-10-04,86.0,86.6,85.1,86.5,86.5,6505,-0.1889863669330008,-0.20064649536369364,-0.19156166785930206,-0.15764238042878015,-0.15764238042878015,-0.008254987388213699,-0.013120365088419916,-0.020089117136167886,-0.009957651367746418,-0.005335541143461646,-0.00730652997207456
2012-10-05,86.8,86.9,85.9,86.4,86.4,6505,-0.13810831260681208,-0.18182142305534285,-0.14017539463530285,-0.1639774015792109,-0.1639774015792109,-0.005524861878452921,-0.012119826206265746,-0.018404907975460013,-0.012909859476750777,-0.006942209553583572,-0.007238883143743485
2012-10-08,86.4,86.4,85.2,86.4,86.4,6505,-0.16354733976990599,-0.21319654356925966,-0.1851383837063017,-0.1639774015792109,-0.1639774015792109,-0.0027700831024931793,-0.010875787063537364,-0.015945330296127467,-0.014092542933759335,-0.007489776225704188,-0.006173076185729181
2012-10-09,86.4,88.4,86.0,88.4,88.4,6505,-0.16354733976990599,-0.08769606151359247,-0.1337521104823034,-0.037276978570588655,-0.037276978570588655,0.017964071856287452,0.011904761904761977,0.007216103304215799,0.006203403335040711,0.014599210357175547,0.016793190706234275
2012-10-11,87.3,88.0,86.6,86.6,86.6,6505,-0.106309528652944,-0.11279615792472625,-0.09521240556430488,-0.1513073592783494,-0.1513073592783494,-0.0029933225880728197,-0.006766831058607678,-0.011189769353733775,-0.01501364877161064,-0.006242541081428406,-0.00360512387819299
2012-10-12,86.6,86.9,85.7,85.9,85.9,6505,-0.1508278261883595,-0.18182142305534285,-0.15302196294130263,-0.19565250733136647,-0.19565250733136647,-0.00968411344247163,-0.012416647505173583,-0.01656235689207745,-0.022641938787120362,-0.015405070835816721,-0.0118107216811104
2012-10-15,85.9,86.0,85.5,85.9,85.9,6505,-0.19534612372377405,-0.23829663998039344,-0.16586853124730244,-0.19565250733136647,-0.19565250733136647,-0.008541089566020418,-0.009912402028584594,-0.014757608196971958,-0.020245223838038114,-0.016622401318802067,-0.012000153356592292
2012-10-16,85.9,85.9,85.3,85.8,85.8,6505,-0.19534612372377405,-0.24457166408317646,-0.17871509955330225,-0.20198752848179813,-0.20198752848179813,-0.008321775312066725,-0.009009009009009023,-0.014623688844651938,-0.019204389574760023,-0.018441403926234327,-0.013377285445973486
2012-10-17,86.0,86.0,85.0,85.7,85.7,6505,-0.1889863669330008,-0.23829663998039344,-0.1979849520123015,-0.20832254963222888,-0.20832254963222888,-0.0032565712956501643,-0.008216641592408215,-0.013808975834292322,-0.01855245075584048,-0.020347508001829002,-0.01422491468885393
2012-10-18,85.7,85.7,85.1,85.5,85.5,6505,-0.20806563730532146,-0.25712171228874336,-0.19156166785930206,-0.2209925919330913,-0.2209925919330913,-0.0030317164179105073,-0.009384775808133499,-0.01399246559544866,-0.018651362984218076,-0.02272311631309452,-0.01626140983355075
2012-10-19,85.5,85.5,84.8,85.0,85.0,6505,-0.22078515088686887,-0.26967176049431024,-0.21083152031830132,-0.25266769768524683,-0.25266769768524683,-0.006777284412245997,-0.013463324048282226,-0.017492486707251315,-0.02192048788907429,-0.027771423342636353,-0.02261402836335763
2012-10-22,84.0,84.3,83.5,84.3,84.3,6505,-0.3161815027484731,-0.34497204972771073,-0.2943342143072987,-0.2970128457382648,-0.2970128457382648,-0.011259676284306753,-0.019197207678883138,-0.022722003246000554,-0.027737731388040077,-0.033168180567024454,-0.031071606451860082
2012-10-23,83.6,83.7,82.5,82.9,82.9,6505,-0.34162052991156794,-0.3826221943444105,-0.3585670558372968,-0.3857031418442998,-0.3857031418442998,-0.021020311761927268,-0.03154205607476623,-0.03544834005584859,-0.04134142815842716,-0.04624942475839848,-0.04665158891401853
2012-10-24,82.2,83.1,81.8,82.5,82.5,6505,-0.43065712498239794,-0.4202723389611112,-0.4035300449082957,-0.41104322644602465,-0.41104322644602465,-0.01832460732984284,-0.029525938124926376,-0.03644008409250196,-0.042756860242501624,-0.04804763223483801,-0.05070573795642851
2012-10-25,82.5,82.5,82.0,82.5,82.5,6505,-0.4115778546100773,-0.457922483577811,-0.3906834766022959,-0.41104322644602465,-0.41104322644602465,-0.011265580057526339,-0.024822695035460928,-0.0334296649222839,-0.03952500145526511,-0.045006250868176036,-0.049685148210720315
2012-10-26,82.2,84.0,82.1,82.9,82.9,6505,-0.43065712498239794,-0.3637971220360606,-0.38426019244929643,-0.3857031418442998,-0.3857031418442998,-0.0014454348349795777,-0.0166073546856464,-0.026004542962324635,-0.031994395142456736,-0.037479100873119175,-0.04375576745616721
2012-10-29,82.5,84.2,82.5,83.5,83.5,6505,-0.4115778546100773,-0.35124707383049375,-0.3585670558372968,-0.3476930149417135,-0.3476930149417135,0.0077238715906346395,-0.006661908160837524,-0.016721620348563372,-0.02236272099285794,-0.028346676596537036,-0.03434717242974441
2012-10-30,83.8,86.3,83.8,85.8,85.8,6505,-0.3289010163300205,-0.21947156767204354,-0.27506436184829947,-0.20198752848179813,-0.20198752848179813,0.028283796740172572,0.020699500356887876,0.010838831291234535,0.005625879043600442,-0.0007919131690503103,-0.006254343293954043
2012-10-31,85.5,86.0,84.1,85.0,85.0,6505,-0.22078515088686887,-0.23829663998039344,-0.2557945093893002,-0.25266769768524683,-0.25266769768524683,0.01262806766738149,0.01202524110013103,0.004095133091825284,-0.0023474178403756203,-0.008584491928711442,-0.014035494722190092
2012-11-01,84.5,85.0,83.4,83.8,83.8,6505,-0.284382718794605,-0.301046881008227,-0.30075749846029814,-0.32868795149042035,-0.32868795149042035,-0.0047505938242280955,-0.0002386065378192583,-0.00789265982636154,-0.014870981014518317,-0.020524568703539206,-0.025845700778858564
2012-11-02,84.0,84.5,83.6,84.2,84.2,6505,-0.3161815027484731,-0.33242200152214385,-0.28791093015429925,-0.3033478668886956,-0.3033478668886956,-0.0030783802983661507,0.005493193217100644,-0.0018177507310519559,-0.008828722778104767,-0.014097700341904449,-0.019219569015725003
2012-11-05,84.0,84.8,83.9,84.8,84.8,6505,-0.3161815027484731,-0.31359692921379395,-0.2686410776952991,-0.26533773998610927,-0.26533773998610927,0.0009442870632672131,0.012053944384771344,0.006169909824394827,-0.0008247908566041379,-0.005535228445445262,-0.010886469673405954
2012-11-06,85.8,85.8,84.2,84.6,84.6,6505,-0.2017058805145482,-0.25084668818596034,-0.24937122523629984,-0.27800778228697165,-0.27800778228697165,0.0014204545454545995,0.00762267746545975,0.004750593824227927,-0.002123142250530866,-0.006482525366403686,-0.012105406562609581
2012-11-07,84.6,85.0,83.5,84.4,84.4,6505,-0.27802296200383175,-0.301046881008227,-0.2943342143072987,-0.29067782458783314,-0.29067782458783314,0.0004741583688952851,0.0029708853238265003,0.0034081001822938413,-0.002128162686214148,-0.007432496001505373,-0.012942460626851735
2012-11-08,83.9,83.9,81.7,82.8,82.8,6505,-0.32254125953924634,-0.37007214613884365,-0.40995332906129517,-0.3920381629947315,-0.3920381629947315,-0.016159695817490487,-0.01639344262295077,-0.013502779984114454,-0.018841094916459335,-0.024551152160595675,-0.029573778177130052
2012-11-09,81.7,82.8,80.6,82.7,82.7,6505,-0.46245590893626604,-0.4390974112694611,-0.4806094547442936,-0.39837318414516226,-0.39837318414516226,-0.013832578106367715,-0.017347908745247075,-0.012890904750537101,-0.01816454944794001,-0.023981494594722305,-0.028734732226746072
2012-11-12,82.6,82.8,81.7,82.6,82.6,6505,-0.40521809781930407,-0.4390974112694611,-0.40995332906129517,-0.4047082052955939,-0.4047082052955939,-0.009829777031886927,-0.01748542880932555,-0.012749003984063869,-0.017426991018854664,-0.023409789548356635,-0.02781592059319719
2012-11-13,82.6,82.6,79.3,80.1,80.1,6505,-0.40521809781930407,-0.45164745947502805,-0.564112148733291,-0.5630837340563717,-0.5630837340563717,-0.029326223945710155,-0.04071856287425157,-0.04048873981792041,-0.043924564335163604,-0.05013755810644145,-0.0544581726607383
2012-11-14,79.2,80.5,79.0,80.1,80.1,6505,-0.6214498287056064,-0.5834229656334782,-0.5833820011922902,-0.5630837340563717,-0.5630837340563717,-0.01910360029390157,-0.035056017347307684,-0.03864618338934228,-0.04071856287425157,-0.04638316110290983,-0.051734343553924526
2012-11-15,79.3,80.7,78.6,80.1,80.1,6505,-0.6150900719148331,-0.5708729174279114,-0.6090751378042899,-0.5630837340563717,-0.5630837340563717,-0.012573964497041373,-0.03073572120038713,-0.03679653679653683,-0.03760663222395782,-0.043422184006878875,-0.04933338608220912
2012-11-16,79.8,81.2,79.6,80.0,80.0,6505,-0.5832912879609651,-0.5394977969139945,-0.5448422962742918,-0.5694187552068025,-0.5694187552068025,-0.007197815835194817,-0.027000729749452675,-0.035757332261952615,-0.03591226801638954,-0.041916167664670656,-0.04807234650166578
2012-11-19,80.1,81.3,80.0,80.0,80.0,6505,-0.5642120175886444,-0.5332227728112116,-0.5191491596622921,-0.5694187552068025,-0.5694187552068025,-0.0007494379215586818,-0.0212870075850258,-0.03303787268331992,-0.03340784147888601,-0.03920061491160641,-0.0456497534595195
2012-11-20,80.8,81.5,80.1,81.1,81.1,6505,-0.5196937200532289,-0.5206727246056446,-0.5127258755092927,-0.4997335225520606,-0.4997335225520606,0.010465985546972383,-0.0035630912888562015,-0.016015530211113897,-0.01905049894163898,-0.023785449467957208,-0.030484160191273296
2012-11-21,81.0,81.6,79.1,79.2,79.2,6505,-0.5069742064716816,-0.5143977005028616,-0.5769587170392908,-0.6200989244102512,-0.6200989244102512,-0.010989010989010933,-0.02065042661060964,-0.03453880536367308,-0.04011634953338992,-0.04366306027820711,-0.04971403431588207
2012-11-22,79.8,80.1,79.5,79.7,79.7,6505,-0.5832912879609651,-0.608523062044612,-0.5512655804272912,-0.5884238186580957,-0.5884238186580957,-0.0037499999999999643,-0.010675273088381149,-0.025195694716242518,-0.0324147140949375,-0.03492201879298654,-0.04106842063046419
2012-11-23,80.5,84.5,80.5,84.5,84.5,6505,-0.5387729904255496,-0.33242200152214385,-0.4870327388972931,-0.2843428034374024,-0.2843428034374024,0.044499381953028355,0.04656923458013401,0.03325996576180012,0.0248635536688902,0.023448476333511062,0.017255216693418986
2012-11-26,84.2,85.0,83.4,84.6,84.6,6505,-0.3034619891669257,-0.301046881008227,-0.30075749846029814,-0.27800778228697165,-0.27800778228697165,0.033977022732827995,0.045218680504077055,0.03465144720750096,0.025392400460578134,0.024510753729897142,0.01899064520014438
2012-11-27,83.8,85.3,83.8,85.3,85.3,6505,-0.3289010163300205,-0.2822218086998771,-0.27506436184829947,-0.2336626342339537,-0.2336626342339537,0.03193805952092912,0.04713970046648648,0.042617340286831784,0.03419010669253161,0.0317882717244047,0.027628302947554455
2012-11-28,85.2,86.0,84.4,86.0,86.0,6505,-0.23986442125918955,-0.23829663998039344,-0.23652465693030003,-0.18931748618093572,-0.18931748618093572,0.023565817662461366,0.048141377209018926,0.04980468749999998,0.04204531685447715,0.0384968362073128,0.03593655892391087
2012-11-29,86.0,88.1,85.1,88.0,88.0,6505,-0.1889863669330008,-0.10652113382194325,-0.19156166785930206,-0.06261706317231347,-0.06261706317231347,0.027077497665733048,0.062288749396426805,0.06969205834683956,0.06357263717669816,0.05983235379130924,0.058965102286402
2012-11-30,88.0,88.4,87.0,88.3,88.3,6505,-0.061791231117528524,-0.08769606151359247,-0.06951926895230526,-0.04361199972102031,-0.04361199972102031,0.021517815826006474,0.05533644077925177,0.06848983543078409,0.06456085357767183,0.06068614261003276,0.061170532387934004
2012-12-03,87.8,89.5,87.5,89.4,89.4,6505,-0.07451074469907593,-0.018670796382975863,-0.0374028481873062,0.02607323293372247,0.02607323293372247,0.02288329519450801,0.05661269353504322,0.07589858793324782,0.07484220018034275,0.07086387810838018,0.07219956824178454
2012-12-04,87.6,88.0,86.3,86.9,86.9,6505,-0.08723025828062334,-0.11279615792472625,-0.11448225802330413,-0.13230229582705536,-0.13230229582705536,-0.009347925216598189,0.02007277849512846,0.040137248643472775,0.04334253811982248,0.04036969638923492,0.04055240680130939
2012-12-05,86.2,87.3,86.2,87.3,87.3,6505,-0.1762668533514534,-0.15672132664420996,-0.12090554217630357,-0.10696221122533144,-0.10696221122533144,-0.007729029324846633,0.015116279069767409,0.038955887019993744,0.04632348534787553,0.044008610380291704,0.04334315990757707
2012-12-06,87.3,87.3,85.8,86.0,86.0,6505,-0.106309528652944,-0.15672132664420996,-0.14659867878830318,-0.18931748618093572,-0.18931748618093572,-0.018040648549897377,-0.007272307514717713,0.018715944089078396,0.028769663257371868,0.027380895493859626,0.026375462465688126
2012-12-07,86.5,86.9,85.6,85.7,85.7,6505,-0.15718758297913274,-0.18182142305534285,-0.159445247094303,-0.20832254963222888,-0.20832254963222888,-0.015621410521479433,-0.012103746397694492,0.010613207547169878,0.023344677294166793,0.02306369974214517,0.021657063381680858
2012-12-10,85.7,86.1,85.0,85.2,85.2,6505,-0.20806563730532146,-0.23202161587761044,-0.1979849520123015,-0.23999765538438445,-0.23999765538438445,-0.011830201809324937,-0.018546250431977877,0.0006263701847791355,0.015797317436661733,0.01690060154683485,0.01501072194424578
2012-12-11,86.1,87.2,85.9,87.2,87.2,6505,-0.18262661014222756,-0.16299635074699295,-0.14017539463530285,-0.11329723237576218,-0.11329723237576218,0.010662957811775634,0.002298850574712676,0.019247253175407257,0.03526059598717812,0.0394812130459662,0.03826004127639314
2012-12-12,87.2,88.2,86.8,88.2,88.2,6505,-0.11266928544371725,-0.10024610971915936,-0.08236583725830507,-0.049947020871451066,-0.049947020871451066,0.020124913254684185,0.011235955056179822,0.02375609378627237,0.04212205352395578,0.04950023798191333,0.04883462819089903
2012-12-13,88.1,88.5,87.3,88.5,88.5,6505,-0.05543147432675527,-0.08142103741080946,-0.050249416493306005,-0.030941957420157904,-0.030941957420157904,0.017709291628334775,0.014094190443451404,0.020290523403274047,0.040503203809299955,0.0502207243556271,0.050445103857566766
2012-12-14,87.9,88.6,87.6,88.6,88.6,6505,-0.06815098790830178,-0.07514601330802645,-0.03097956403430675,-0.024606936269727153,-0.024606936269727153,0.01210875028558376,0.014891179839633416,0.018234753294514162,0.0364391413698309,0.0484710782921519,0.04980449464828767
2012-12-17,88.0,88.5,86.2,87.1,87.1,6505,-0.061791231117528524,-0.08142103741080946,-0.12090554217630357,-0.11963225352619385,-0.11963225352619385,-0.009326660600546035,0.0003445503617777297,-0.0009176416609313868,0.014678471575023192,0.028529592366916972,0.03109462552284743
2012-12-18,87.0,87.0,86.0,86.7,86.7,6505,-0.12538879902526467,-0.17554639895255986,-0.1337521104823034,-0.14497233812791774,-0.14497233812791774,-0.01275335914370292,-0.004020677771395685,-0.006569398823619168,0.006734788666976292,0.02062438197485532,0.025509600599298358
2012-12-19,87.0,88.8,86.9,88.8,88.8,6505,-0.12538879902526467,-0.06259596510245956,-0.0759425531053047,-0.011936893968864748,-0.011936893968864748,0.009779395042074136,0.018348623853210944,0.01532128973244916,0.02540415704387994,0.04108047270680912,0.048529932695713776
2012-12-20,88.5,88.5,86.3,87.0,87.0,6505,-0.02999244716366045,-0.08142103741080946,-0.11448225802330413,-0.12596727467662458,-0.12596727467662458,-0.007302601551802836,-0.0034364261168384554,-0.004500724692959008,0.0004024607600758534,0.016687701584630454,0.025580572910526955
2012-12-21,87.0,87.0,85.3,86.2,86.2,6505,-0.12538879902526467,-0.17554639895255986,-0.17871509955330225,-0.1766474438800733,-0.1766474438800733,-0.011014226709499699,-0.013165426445334763,-0.012072127139364236,-0.009764503159103897,0.0044278722908414085,0.014754355674148619
2012-12-22,85.5,85.5,84.2,84.3,84.3,6505,-0.22078515088686887,-0.26967176049431024,-0.24937122523629984,-0.2970128457382648,-0.2970128457382648,-0.026558891454965327,-0.033921613568645516,-0.030068267239395527,-0.03142413971390819,-0.019676248953391096,-0.008274185326065643
2012-12-24,84.0,84.7,83.5,84.0,84.0,6505,-0.3161815027484731,-0.3198719533165769,-0.2943342143072987,-0.31601790918955797,-0.31601790918955797,-0.023936788287241485,-0.033816425120772924,-0.031365313653136516,-0.034149706795446697,-0.024480884470664634,-0.013312451057165308
2012-12-25,83.7,85.5,82.3,85.1,85.1,6505,-0.3352607731207938,-0.26967176049431024,-0.37141362414329665,-0.24633267653481608,-0.24633267653481608,-0.002578527894983578,-0.017661318250029034,-0.01701832742953962,-0.0209951107276388,-0.014407486333734827,-0.002344665885111405
2012-12-26,84.9,85.1,84.3,84.9,84.9,6505,-0.2589436916315102,-0.29477185690544405,-0.2429479410833004,-0.2590027188356776,-0.2590027188356776,0.0,-0.015880375565086407,-0.01849710982658953,-0.02155122738273602,-0.019086791755245414,-0.00655277322724084
2012-12-27,84.9,84.9,83.6,84.8,84.8,6505,-0.2589436916315102,-0.30732190511101004,-0.28791093015429925,-0.26533773998610927,-0.26533773998610927,0.0021271567005435193,-0.012690650832460163,-0.01897269782508115,-0.020728679484958736,-0.020377986229841778,-0.009577201588414172
2012-12-28,85.1,86.0,84.5,86.0,86.0,6505,-0.2462241780499637,-0.23829663998039344,-0.23010137277730058,-0.18931748618093572,-0.18931748618093572,0.012241054613936044,0.002564700396362775,-0.005703715122552868,-0.004917558576800662,-0.007157700300161678,0.002097413190398422
2013-01-02,86.0,88.0,85.5,88.0,88.0,6505,-0.1889863669330008,-0.11279615792472625,-0.16586853124730244,-0.06261706317231347,-0.06261706317231347,0.026119402985074737,0.024327784891165213,0.01679248189801263,0.01757631822386691,0.014666543676782483,0.02266124346310288
2013-01-03,88.5,88.5,87.1,88.5,88.5,6505,-0.02999244716366045,-0.08142103741080946,-0.06309598479930581,-0.030941957420157904,-0.030941957420157904,0.023831559463211336,0.03050768514205874,0.022333461686561463,0.022648486249133442,0.019256461049430858,0.024779990736452068
2013-01-04,87.5,88.0,86.5,88.0,88.0,6505,-0.0935900150713966,-0.11279615792472625,-0.10163568971730433,-0.06261706317231347,-0.06261706317231347,0.010797151389846221,0.023493835775761928,0.016949152542372902,0.015697137580794083,0.013497949970055542,0.015736216382593766
2013-01-07,87.6,87.6,85.3,85.6,85.6,6505,-0.08723025828062334,-0.13789625433586006,-0.17871509955330225,-0.21465757078266054,-0.21465757078266054,-0.018573721623480904,-0.003724394785847221,-0.008494208494208505,-0.011946672822762124,-0.012915129151291565,-0.012383662795169816
2013-01-08,85.6,85.9,83.5,84.5,84.5,6505,-0.21442539409609562,-0.24457166408317646,-0.2943342143072987,-0.2843428034374024,-0.2843428034374024,-0.027841693511274756,-0.01675587619269255,-0.019266480965645434,-0.024249422632794393,-0.02339235356664048,-0.025037498557747798
2013-01-09,84.0,85.5,83.8,85.3,85.3,6505,-0.3161815027484731,-0.26967176049431024,-0.27506436184829947,-0.2336626342339537,-0.2336626342339537,-0.012502894188469697,-0.00894620657604271,-0.008907823392718813,-0.013929830645627564,-0.013416608836456127,-0.01580708434290994
2013-01-10,86.0,86.8,85.0,86.0,86.0,6505,-0.1889863669330008,-0.18809644715812673,-0.1979849520123015,-0.18931748618093572,-0.18931748618093572,0.0013972985561248783,-0.001857010213556135,0.0013972985561247126,-0.00457202384397257,-0.004721785019905415,-0.007730471904926753
2013-01-11,86.0,87.2,85.9,87.2,87.2,6505,-0.1889863669330008,-0.16299635074699295,-0.14017539463530285,-0.11329723237576218,-0.11329723237576218,0.01726551563229123,0.00937608519504575,0.01521266687364162,0.01007760917409944,0.008605533450541313,0.0064248066787210905
2013-01-14,86.4,86.4,84.4,86.2,86.2,6505,-0.16354733976990599,-0.21319654356925966,-0.23652465693030003,-0.1766474438800733,-0.1766474438800733,0.004193849021435221,-0.0038137062290534876,0.0035703197764668316,-0.0001159958241502251,-0.0031916369859845074,-0.004312336362236108
2013-01-15,86.2,86.2,85.0,85.6,85.6,6505,-0.1762668533514534,-0.22574659177482653,-0.1979849520123015,-0.21465757078266054,-0.21465757078266054,-0.005345108064141389,-0.010290206960342243,-0.004419632472668174,-0.006211180124223728,-0.010313092540350507,-0.00979409269684581
2013-01-16,86.3,86.3,83.2,83.2,83.2,6505,-0.16990709656068015,-0.21947156767204354,-0.313604066766298,-0.36669807839300667,-0.36669807839300667,-0.0284913591779542,-0.03267061969538428,-0.031732485064784,-0.03210795718939031,-0.036278552564518424,-0.03618179711935747
2013-01-17,84.5,84.5,82.6,83.3,83.3,6505,-0.284382718794605,-0.33242200152214385,-0.3521437716842974,-0.36036305724257595,-0.36036305724257595,-0.02115158636897764,-0.025617031231722983,-0.029212959366016557,-0.027834510124292524,-0.032924677254573986,-0.03353057199211046
2013-01-18,84.5,85.1,83.7,85.1,85.1,6505,-0.284382718794605,-0.29477185690544405,-0.2814876460012989,-0.24633267653481608,-0.24633267653481608,0.004959848842701957,-0.0011737089201878934,-0.008389652761594186,-0.005724967870078386,-0.010465116279069833,-0.012302692664809847
2013-01-21,85.1,85.1,83.8,84.1,84.1,6505,-0.2462241780499637,-0.29477185690544405,-0.27506436184829947,-0.30968288803912725,-0.30968288803912725,-0.0018988844054119486,-0.011169900058788982,-0.019508782838489027,-0.016201672808094883,-0.02004194826380796,-0.02330442861567058
2013-01-22,85.0,85.0,83.8,84.6,84.6,6505,-0.25258393484073693,-0.301046881008227,-0.27506436184829947,-0.27800778228697165,-0.27800778228697165,0.00642398286937909,-0.0054079473312956495,-0.012605042016806704,-0.01052631578947375,-0.013065795613625811,-0.017269418415550197
2013-01-23,84.6,84.8,84.2,84.4,84.4,6505,-0.27802296200383175,-0.31359692921379395,-0.24937122523629984,-0.29067782458783314,-0.29067782458783314,0.0011862396204034226,-0.00670824997057777,-0.012172284644194663,-0.013096351730589224,-0.014341103377400015,-0.018528568106054737
2013-01-24,84.1,84.1,82.4,83.0,83.0,6505,-0.30982174595769985,-0.3575220979332776,-0.3649903399902963,-0.3793681206938691,-0.3793681206938691,-0.014719848053181326,-0.019723632927837506,-0.024371130789122997,-0.028273722414095794,-0.02805752025856013,-0.032859473316243226
2013-01-25,83.0,83.0,81.1,81.5,81.5,6505,-0.37977907065620925,-0.42654736306389424,-0.4484930339792946,-0.4743934379503358,-0.4743934379503358,-0.024185823754789393,-0.030915576694411348,-0.03709829867674859,-0.04393219543668239,-0.04315769700385087,-0.04774887054058256
2013-01-28,81.0,83.0,81.0,83.0,83.0,6505,-0.5069742064716816,-0.42654736306389424,-0.454916318132294,-0.3793681206938691,-0.3793681206938691,-0.0036014405762304583,-0.009310097875387934,-0.017363851617995286,-0.025306793494216443,-0.024080519236195887,-0.028103044496487185
2013-01-29,83.5,83.5,82.5,83.5,83.5,6505,-0.34798028670234116,-0.3951722425499774,-0.3585670558372968,-0.3476930149417135,-0.3476930149417135,0.005055368319691712,-0.0008376211559172835,-0.010663507109004806,-0.017993649300246984,-0.0178319375176438,-0.020872420262664178
2013-01-30,83.5,84.0,82.7,83.7,83.7,6505,-0.34798028670234116,-0.3637971220360606,-0.345720487531297,-0.3350229726408511,-0.3350229726408511,0.009163250542560949,0.0009567089213106708,-0.007038911736792159,-0.01314625950598355,-0.015340454566843771,-0.01737497065038746
2013-01-31,84.8,85.1,83.1,85.1,85.1,6505,-0.26530344842228437,-0.29477185690544405,-0.3200273509192983,-0.24633267653481608,-0.24633267653481608,0.020873320537428137,0.015513126491646744,0.010288880094974199,0.005375391340303432,0.0011293586184179998,0.000509464278716188
2013-02-01,85.0,85.4,84.0,85.2,85.2,6505,-0.25258393484073693,-0.27594678459709326,-0.2622177935422996,-0.23999765538438445,-0.23999765538438445,0.013079667063020316,0.01658513303901683,0.013079667063020316,0.008224365422164457,0.002164298484991031,0.002392250676497115
2013-02-04,84.8,85.3,84.4,85.3,85.3,6505,-0.26530344842228437,-0.2822218086998771,-0.23652465693030003,-0.2336626342339537,-0.2336626342339537,0.008751182592242304,0.01632312641486959,0.014992860542598825,0.009586933364895111,0.003104567477303681,0.003923107100823797
2013-02-05,84.9,85.0,84.3,85.0,85.0,6505,-0.2589436916315102,-0.301046881008227,-0.2429479410833004,-0.25266769768524683,-0.25266769768524683,0.0016497761018149282,0.012266285578182698,0.011904761904761904,0.005738626279358518,4.706103816639227e-05,0.00011766090128256402
2013-02-06,85.0,85.0,84.2,84.7,84.7,6505,-0.25258393484073693,-0.301046881008227,-0.24937122523629984,-0.27167276113654,-0.27167276113654,-0.004232306607100863,0.008333333333333368,0.007134363852556582,0.002544830443274163,-0.001932503770738915,-0.0036856963613550726
2013-02-18,85.8,86.0,84.8,85.2,85.2,6505,-0.2017058805145482,-0.23829663998039344,-0.21083152031830132,-0.23999765538438445,-0.23999765538438445,0.0014104372355429045,0.01163619092852059,0.011556118410637911,0.008940730653087923,0.005523296983429982,0.002156439913742448
2013-02-19,85.3,85.3,83.6,83.6,83.6,6505,-0.23350466446841628,-0.2822218086998771,-0.28791093015429925,-0.3413579937912828,-0.3413579937912828,-0.01368570080226518,-0.009830628923368452,-0.006260400982645099,-0.007891770011274031,-0.011306116656417085,-0.016161933155499783
2013-02-20,85.2,85.2,83.5,84.4,84.4,6505,-0.23986442125918955,-0.28849683280266014,-0.2943342143072987,-0.29067782458783314,-0.29067782458783314,-0.0021281626862143153,-0.0020101690906941198,0.003010616384091233,0.0026730026730027744,-0.0012779855161641983,-0.006591337099811536
2013-02-21,84.9,84.9,83.2,83.5,83.5,6505,-0.2589436916315102,-0.30732190511101004,-0.313604066766298,-0.3476930149417135,-0.3476930149417135,-0.009254864736592325,-0.012652240747310008,-0.006819443343113207,-0.006780064232187382,-0.011459961168726825,-0.01621961277147215
2013-02-22,84.0,84.4,83.2,84.4,84.4,6505,-0.3161815027484731,-0.3386970256249268,-0.313604066766298,-0.29067782458783314,-0.29067782458783314,0.002137259558299772,-0.0028355387523628884,0.0038854967885181457,0.003209318911208965,-0.000379003221527173,-0.004208125221221398
2013-02-23,84.0,84.3,83.6,83.8,83.8,6505,-0.3161815027484731,-0.34497204972771073,-0.28791093015429925,-0.32868795149042035,-0.32868795149042035,-0.0016678579938051057,-0.008401372618625108,-0.003883033520881395,-0.004218406511793761,-0.006449777103291247,-0.009456264775413678
2013-02-25,83.6,83.9,82.5,82.5,82.5,6505,-0.34162052991156794,-0.37007214613884365,-0.3585670558372968,-0.41104322644602465,-0.41104322644602465,-0.014572384137601516,-0.020655270655270595,-0.02011243962308982,-0.018149360309431782,-0.01967774133751611,-0.02270483711747291
2013-02-26,82.3,82.7,81.7,82.6,82.6,6505,-0.4242973681916247,-0.44537243537224414,-0.40995332906129517,-0.4047082052955939,-0.4047082052955939,-0.009117082533589314,-0.016315350720495468,-0.018613861386138738,-0.016081000595592716,-0.01680712279198217,-0.020359754892271223
2013-02-27,82.5,83.1,82.2,82.5,82.5,6505,-0.4115778546100773,-0.4202723389611112,-0.37783690829629607,-0.41104322644602465,-0.41104322644602465,-0.007936507936507896,-0.014572384137601516,-0.01902497027348388,-0.016041505158327852,-0.01654587068472238,-0.020771513353115726
2013-03-01,82.5,83.2,82.2,82.4,82.4,6505,-0.4115778546100773,-0.4139973148583273,-0.37783690829629607,-0.4173782475964554,-0.4173782475964554,-0.004349927501208135,-0.013055455743202651,-0.019203301063323238,-0.016060660337930608,-0.017363098645296733,-0.020834983759803662
2013-03-04,82.2,82.2,80.4,81.7,81.7,6505,-0.43065712498239794,-0.4767475558861609,-0.4934560230502925,-0.4617233956494734,-0.4617233956494734,-0.007772649987855241,-0.017320182824152174,-0.02490451941438565,-0.02366156787762911,-0.02496658392209262,-0.027496726580169054
2013-03-05,82.0,82.2,81.0,81.9,81.9,6505,-0.4433766385639454,-0.4767475558861609,-0.454916318132294,-0.44905335334861096,-0.44905335334861096,-0.0038919970810021064,-0.012896227552127193,-0.01994415636218577,-0.02150537634408599,-0.02108433734939754,-0.023061630218687748
2013-03-06,81.2,82.5,81.2,82.0,82.0,6505,-0.49425469289013413,-0.457922483577811,-0.4420697498262942,-0.44271833219818024,-0.44271833219818024,-0.0012180267965894557,-0.00882388492687042,-0.016157414813629787,-0.019725044829647407,-0.018904044029672152,-0.020232595188784556
2013-03-07,82.0,82.3,81.3,81.5,81.5,6505,-0.4433766385639454,-0.47047253178337795,-0.4356464656732948,-0.4743934379503358,-0.4743934379503358,-0.004884004884004953,-0.012480310190233868,-0.01941124568861791,-0.024536205864751612,-0.023437500000000035,-0.02461403438784065
2013-03-08,82.0,82.9,81.8,82.6,82.6,6505,-0.4433766385639454,-0.4328223871666772,-0.4035300449082957,-0.4047082052955939,-0.4047082052955939,0.008054674151818188,0.0030358227079538558,-0.004499437570303731,-0.010719204742799093,-0.009402283411685768,-0.011212641155580393
2013-03-11,83.1,87.0,82.7,85.4,85.4,6505,-0.373419313865436,-0.17554639895255986,-0.345720487531297,-0.22732761308352203,-0.22732761308352203,0.03289791969037268,0.03502605744758212,0.029080976863753306,0.022632020117351395,0.022999520843315784,0.02144964516386257
2013-03-12,85.0,85.2,83.8,84.0,84.0,6505,-0.25258393484073693,-0.28849683280266014,-0.27506436184829947,-0.31601790918955797,-0.31601790918955797,0.010830324909747361,0.01621098475683527,0.011885640860905853,0.006590772917914885,0.005025125628140724,0.005145387100634281
2013-03-13,83.7,84.7,83.1,83.1,83.1,6505,-0.3352607731207938,-0.3198719533165769,-0.3200273509192983,-0.37303309954343833,-0.37303309954343833,-0.0026404224675949718,0.004715270221254822,0.002090200176863076,-0.0028797696184306347,-0.005790581929556002,-0.0052272455209289425
2013-03-14,83.0,83.0,81.7,81.7,81.7,6505,-0.37977907065620925,-0.42654736306389424,-0.40995332906129517,-0.4617233956494734,-0.4617233956494734,-0.01991362763915543,-0.01125499213360756,-0.013364463408743118,-0.01773369401863534,-0.02169748060159016,-0.020853307766059384
2013-03-15,82.0,84.0,81.8,82.6,82.6,6505,-0.4433766385639454,-0.3637971220360606,-0.4035300449082957,-0.4047082052955939,-0.4047082052955939,-0.009117082533589314,-0.0006049606775560964,-0.0010481335160850678,-0.005657878897315674,-0.010399194901040198,-0.009354761333653337
2013-03-18,81.6,82.1,81.0,81.4,81.4,6505,-0.4688156657270402,-0.4830225799889448,-0.454916318132294,-0.48072845910076656,-0.48072845910076656,-0.014050387596899184,-0.014766400387315236,-0.013652152839486037,-0.017857142857142905,-0.02304368698991824,-0.02312184974797962
2013-03-19,81.4,81.4,80.5,80.5,80.5,6505,-0.4815351793085867,-0.5269477487084276,-0.4870327388972931,-0.5377436494546469,-0.5377436494546469,-0.016613730759833856,-0.024005819592628395,-0.02297920543733309,-0.026896343306134718,-0.03166049174806338,-0.033536097326716696
2013-03-20,81.0,81.0,79.6,79.9,79.9,6505,-0.5069742064716816,-0.5520478451195614,-0.5448422962742918,-0.5757537763572332,-0.5757537763572332,-0.01625215464171378,-0.028807584781816022,-0.028138177100227042,-0.03151515151515145,-0.03637416180230584,-0.03954802259886996
2013-03-21,80.5,80.6,79.8,80.0,80.0,6505,-0.5387729904255496,-0.5771479415306953,-0.531995727968292,-0.5694187552068025,-0.5694187552068025,-0.010880316518298658,-0.025815879201169074,-0.024945153164865525,-0.028241724870938387,-0.03283524348372755,-0.036995425728272094
2013-03-22,79.2,79.4,78.1,78.6,78.6,6505,-0.6214498287056064,-0.6524482307640949,-0.641191558569289,-0.6581090513128384,-0.6581090513128384,-0.018481518481518706,-0.038179148311306955,-0.03904148667373048,-0.04187237154872923,-0.04694926763022618,-0.05190784447750402
2013-03-25,79.0,79.3,78.0,78.6,78.6,6505,-0.6341693422871538,-0.6587232548668787,-0.6476148427222884,-0.6581090513128384,-0.6581090513128384,-0.011569416498993986,-0.030108588351431365,-0.03660728877267542,-0.03882604708040368,-0.04388867263526686,-0.04942352656615359
2013-03-26,78.5,79.0,78.2,78.5,78.5,6505,-0.6659681262410219,-0.6775483271752286,-0.6347682744162886,-0.6644440724632692,-0.6644440724632692,-0.007836198179979657,-0.024723568145111133,-0.03515240904621435,-0.03769537235672697,-0.042729622945222076,-0.04806176482477066
2013-03-27,78.5,78.9,78.2,78.9,78.9,6505,-0.6659681262410219,-0.6838233512780116,-0.6347682744162886,-0.6391039878615443,-0.6391039878615443,-0.0002534211860111001,-0.014612214312476429,-0.02776636819190007,-0.030593438997419935,-0.03526362124620953,-0.0407294832826747
2013-03-28,78.9,78.9,78.0,78.5,78.5,6505,-0.6405290990779271,-0.6838233512780116,-0.6476148427222884,-0.6644440724632692,-0.6644440724632692,-0.0015263291783261833,-0.01567398119122257,-0.030305525817343325,-0.033132159132898284,-0.037801529711708214,-0.04307192198293375
2013-03-29,78.6,78.6,77.3,77.6,77.6,6505,-0.6596083694502486,-0.7026484235863624,-0.6925778317932872,-0.7214592628171496,-0.7214592628171496,-0.010456516194848168,-0.020820189274448023,-0.03745968742247611,-0.041383570105003195,-0.04565131837859115,-0.051306084192509954
2013-04-01,77.6,78.4,77.5,78.0,78.0,6505,-0.7232059373579848,-0.7151984717919284,-0.6797312634872875,-0.6961191782154247,-0.6961191782154247,-0.0038314176245210366,-0.011532125205930764,-0.02654130959314434,-0.03423512660186963,-0.03798717316230881,-0.04360976008501253
2013-04-02,78.4,79.8,78.4,79.6,79.6,6505,-0.6723278830317951,-0.6273481343529619,-0.6219217061102887,-0.5947588398085273,-0.5947588398085273,0.01375445746306653,0.009895965490991967,-0.002922755741127361,-0.013019218846869327,-0.016846993725606496,-0.022393253367175892
2013-04-03,80.0,80.3,78.5,78.7,78.7,6505,-0.5705717743794176,-0.5959730138390451,-0.6154984219572893,-0.6517740301624068,-0.6517740301624068,0.002803261977574071,0.0,-0.010560724163942712,-0.022178045598558696,-0.026086526086526136,-0.031185884283955658
2013-04-08,78.5,80.1,77.2,77.2,77.2,6505,-0.6659681262410219,-0.608523062044612,-0.6990011159462867,-0.7467993474188734,-0.7467993474188734,-0.013040143185885911,-0.01555725580209111,-0.025744573447753737,-0.03824592001993264,-0.042136086158122,-0.047188052824289346
2013-04-09,77.5,77.6,76.1,77.2,77.2,6505,-0.729565694148758,-0.765398664614196,-0.7696572416292852,-0.7467993474188734,-0.7467993474188734,-0.012029690299462653,-0.01379662749105772,-0.021298174442190402,-0.03499999999999996,-0.03965766034731555,-0.04435733443367025
2013-04-10,77.2,77.2,75.0,75.1,75.1,6505,-0.7486449645210786,-0.7904987610253289,-0.8403133673122828,-0.8798347915779273,-0.8798347915779273,-0.03171738009283146,-0.036314641344796596,-0.04282436910527675,-0.055167641693401166,-0.06270281064350258,-0.06700347854894813
2013-04-11,75.3,76.2,75.2,76.1,76.1,6505,-0.8694803435457777,-0.8532490020531625,-0.827466799006283,-0.8164845800736162,-0.8164845800736162,-0.00988810824876387,-0.02046595443429017,-0.026439232409381796,-0.03780503224175002,-0.04746407650327945,-0.05206776283009459
2013-04-12,76.2,76.5,75.5,75.9,75.9,6505,-0.8122425324288148,-0.8344239297448126,-0.8081969465472837,-0.8291546223744777,-0.8291546223744777,-0.0052424639580601765,-0.019253133479777862,-0.025673940949935813,-0.035945636987171146,-0.04705705102450772,-0.05192155556480808
2013-04-15,75.9,75.9,75.4,75.5,75.5,6505,-0.8313218028011354,-0.8720740743615124,-0.8146202307002831,-0.8544947069762026,-0.8544947069762026,-0.006055818852027487,-0.02062524322220785,-0.02706185567010302,-0.03723539913287411,-0.04921418496876873,-0.054161272810790376
2013-04-16,75.5,75.9,75.2,75.7,75.7,6505,-0.8567608299642303,-0.8720740743615124,-0.827466799006283,-0.8418246646753401,-0.8418246646753401,0.0005286809410521578,-0.015604681404421361,-0.022048057876152063,-0.03041946845981428,-0.043370570692008316,-0.04899497487437175
2013-04-17,76.0,76.0,75.2,75.7,75.7,6505,-0.8249620460103623,-0.8657990502587294,-0.827466799006283,-0.8418246646753401,-0.8418246646753401,-0.001055687516495095,-0.012651623842441617,-0.019599378345708705,-0.02686720658182272,-0.03865691354261908,-0.0465994962216625
2013-04-18,75.5,75.7,75.1,75.5,75.5,6505,-0.8567608299642303,-0.8846241225670793,-0.8338900831592834,-0.8544947069762026,-0.8544947069762026,-0.0021147237642082555,-0.009965906110674076,-0.019650277008310096,-0.026309001805519632,-0.03703892658537825,-0.04655665937026436
2013-04-19,75.8,78.0,75.2,78.0,78.0,6505,-0.8376815595919096,-0.7402985682030622,-0.827466799006283,-0.6961191782154247,-0.6961191782154247,0.025236593059936932,0.023756398477490323,0.01360131681538595,0.007166376137904223,-0.0025575447570332843,-0.013324337999662601
2013-04-22,77.8,77.8,76.1,76.3,76.3,6505,-0.7104864237764373,-0.7528486164086291,-0.7696572416292852,-0.8038145377727538,-0.8038145377727538,0.0007869884575026531,0.002628120893561141,-0.006596649596389308,-0.01242557597721988,-0.02159417316372586,-0.03270791075050725
2013-04-23,76.7,76.8,75.6,76.8,76.8,6505,-0.7804437484749468,-0.8155988574364627,-0.8017736623942843,-0.7721394320205982,-0.7721394320205982,0.004446769552707156,0.009729161188535488,0.000608008338400072,-0.004794609304133606,-0.012244058030661567,-0.023976955011437817
2013-04-24,76.8,77.6,76.3,77.6,77.6,6505,-0.7740839916841735,-0.765398664614196,-0.7568106733232854,-0.7214592628171496,-0.7214592628171496,0.009890681936491293,0.016904730703708452,0.011382396385437504,0.006224066390041361,0.0,-0.010540632437946295
2013-04-25,77.1,77.6,77.1,77.5,77.5,6505,-0.7550047213118528,-0.765398664614196,-0.7054244000992871,-0.7277942839675803,-0.7277942839675803,0.0033661315380630616,0.013734466971877007,0.011925487465181161,0.005579343454002758,0.0002581311306143007,-0.009078123002173555
2013-04-26,77.8,78.9,77.4,78.8,78.8,6505,-0.7104864237764373,-0.6838233512780116,-0.6861545476402869,-0.645439009011976,-0.645439009011976,0.01808785529715751,0.02684388845452179,0.02881016624597456,0.02251346266138973,0.017614546205898935,0.009393680614859108
2013-04-29,78.9,79.2,78.3,78.7,78.7,6505,-0.6405290990779271,-0.6649982789696617,-0.6283449902632892,-0.6517740301624068,-0.6517740301624068,0.010529019003595371,0.02128211783026214,0.02616481223922125,0.021083360363282518,0.01700609945208315,0.009405728943993172
2013-04-30,78.5,80.5,78.5,80.3,80.3,6505,-0.6659681262410219,-0.5834229656334782,-0.6154984219572893,-0.5504136917555094,-0.5504136917555094,0.021888521252227015,0.035861713106294976,0.044213263979193645,0.04002072270431277,0.0367711614935702,0.030941070740788248
2013-05-02,80.3,80.3,79.2,80.3,80.3,6505,-0.551492504007097,-0.5959730138390451,-0.5705354328862905,-0.5504136917555094,-0.5504136917555094,0.014914054600606762,0.029751218261092685,0.03952705618365421,0.0384739734885224,0.035861713106295164,0.03142661414625781
2013-05-03,79.4,81.0,79.4,80.6,80.6,6505,-0.608730315124059,-0.5520478451195614,-0.5576888645802907,-0.5314086283042162,-0.5314086283042162,0.010785051417105406,0.026882405401962028,0.0393741403026134,0.04168012924071075,0.03860625740941182,0.035235689514920475
2013-05-06,80.7,81.5,80.3,81.4,81.4,6505,-0.5260534768440022,-0.5206727246056446,-0.4998793072032929,-0.48072845910076656,-0.48072845910076656,0.014203837528033897,0.03260180134466583,0.04475057756481576,0.050187072635788935,0.047565118912797445,0.04483997946260491
2013-05-07,80.0,81.0,79.5,80.4,80.4,6505,-0.5705717743794176,-0.5520478451195614,-0.5512655804272912,-0.5440786706050776,-0.5440786706050776,-0.0024813895781636308,0.014639071176173787,0.027607361963190323,0.03514870606411747,0.03368475186423251,0.031827515400410726
2013-05-08,79.6,82.5,79.6,82.0,82.0,6505,-0.5960108015425125,-0.457922483577811,-0.5448422962742918,-0.44271833219818024,-0.44271833219818024,0.013096120583147861,0.028084252758274943,0.04246122552758713,0.052496470286227746,0.051875416901842025,0.050832977360102546
2013-05-09,83.0,83.0,81.4,82.0,82.0,6505,-0.37977907065620925,-0.42654736306389424,-0.42922318152029443,-0.44271833219818024,-0.44271833219818024,0.008858267716535419,0.022443890274314177,0.03692463328275167,0.04785636700530305,0.04972092785088843,0.04930899163965201
2013-05-10,82.0,82.9,81.7,82.9,82.9,6505,-0.4433766385639454,-0.4328223871666772,-0.40995332906129517,-0.3857031418442998,-0.3857031418442998,0.014191338390017261,0.02675253901411935,0.04180630026809653,0.05477447674788481,0.05945199877313159,0.05883855585831085
2013-05-13,82.9,82.9,81.1,82.7,82.7,6505,-0.38613882744698247,-0.4328223871666772,-0.4484930339792946,-0.39837318414516226,-0.39837318414516226,0.008536585365853694,0.019351657833107452,0.035216556788783916,0.04769747260404131,0.05473931231506991,0.05457791379750046
2013-05-14,81.8,83.3,81.8,83.3,83.3,6505,-0.45609615214549276,-0.40772229075554434,-0.4035300449082957,-0.36036305724257595,-0.36036305724257595,0.008718818115766342,0.02095845079053798,0.03667136812411855,0.05011030570438064,0.05909576361694548,0.060066174599134624
2013-05-15,82.8,84.2,82.6,84.2,84.2,6505,-0.39249858423775663,-0.35124707383049375,-0.3521437716842974,-0.3033478668886956,-0.3033478668886956,0.014213442543965392,0.02707977555501358,0.04147769440092363,0.05579937304075239,0.06674099224649066,0.06852791878172597
2013-05-16,84.6,85.4,83.7,85.1,85.1,6505,-0.27802296200383175,-0.27594678459709326,-0.2814876460012989,-0.24633267653481608,-0.24633267653481608,0.0174557627929218,0.03201552267766173,0.04613997705294211,0.060832710047369676,0.07270710432108105,0.07671544852600058
2013-05-17,84.8,86.1,84.3,86.0,86.0,6505,-0.26530344842228437,-0.23202161587761044,-0.2429479410833004,-0.18931748618093572,-0.18931748618093572,0.020650367908853485,0.03614457831325301,0.04989012777732553,0.0650814291906621,0.0786674693959463,0.08517350157728706
2013-05-20,85.1,85.2,84.1,84.1,84.1,6505,-0.2462241780499637,-0.28849683280266014,-0.2557945093893002,-0.30968288803912725,-0.30968288803912725,-0.005204636858291907,0.009967575357271333,0.0222852512155591,0.037631091918568754,0.05051463975217344,0.05879390658441379
2013-05-21,84.0,84.5,83.5,84.0,84.0,6505,-0.3161815027484731,-0.33242200152214385,-0.2943342143072987,-0.31601790918955797,-0.31601790918955797,-0.008030231459612572,0.004424249671170517,0.016702977487291333,0.03149751335420885,0.0448281009005423,0.054525672678578906
2013-05-22,83.8,84.5,83.2,83.6,83.6,6505,-0.3289010163300205,-0.33242200152214385,-0.313604066766298,-0.3413579937912828,-0.3413579937912828,-0.01135288552507105,-0.002267573696145098,0.009174311926605394,0.022317334148578276,0.035781544256120415,0.046700888944534925
2013-05-23,83.0,83.1,80.5,80.7,80.7,6505,-0.37977907065620925,-0.4202723389611112,-0.4870327388972931,-0.5250736071537845,-0.5250736071537845,-0.035611854684512306,-0.03538130528328943,-0.026146419951729574,-0.015012815818381422,-0.002620130512161226,0.008035974518049863
2013-05-24,81.4,81.4,80.2,80.4,80.4,6505,-0.4815351793085867,-0.5269477487084276,-0.5063025913562923,-0.5440786706050776,-0.5440786706050776,-0.02616279069767421,-0.03608680014386753,-0.029610556807209355,-0.020408163265306086,-0.008729101938156512,0.0024937655860349482
2013-05-27,81.0,81.2,80.0,81.0,81.0,6505,-0.5069742064716816,-0.5394977969139945,-0.5191491596622921,-0.5060685437024913,-0.5060685437024913,-0.01147180864046878,-0.02691013935607875,-0.02205408886027046,-0.014418689541887233,-0.0028069138720639266,0.007838745800672014
2013-05-28,80.6,81.2,80.5,80.6,80.6,6505,-0.5324132336347763,-0.5394977969139945,-0.4870327388972931,-0.5314086283042162,-0.5314086283042162,-0.008122077282796096,-0.028564541400506262,-0.027040077257363536,-0.020418084589207665,-0.009828009828009967,0.0007449714427613892
2013-05-29,80.6,81.2,80.2,81.0,81.0,6505,-0.5324132336347763,-0.5394977969139945,-0.5063025913562923,-0.5060685437024913,-0.5060685437024913,0.0032202130294773984,-0.01996370235934671,-0.021423969072164865,-0.015975217153617174,-0.006963515103962312,0.0035102209374354505
2013-05-30,80.9,80.9,78.0,78.6,78.6,6505,-0.5133339632624547,-0.5583228692223444,-0.6476148427222884,-0.6581090513128384,-0.6581090513128384,-0.021414342629482233,-0.04146341463414641,-0.04781133904054279,-0.044144472820138586,-0.03685913145770017,-0.027388219765715288
2013-05-31,78.6,79.6,78.1,78.1,78.1,6505,-0.6596083694502486,-0.6398981825585288,-0.641191558569289,-0.689784157064994,-0.689784157064994,-0.02203856749311301,-0.038295776382218934,-0.050186476406680704,-0.04877900249680299,-0.04326734613876924,-0.03461063040791114
2013-06-03,78.0,78.0,76.6,77.2,77.2,6505,-0.6977669101948899,-0.7402985682030622,-0.7375408208642862,-0.7467993474188734,-0.7467993474188734,-0.024020227560050463,-0.0412319920516641,-0.05692645980943053,-0.0573295072959278,-0.053550411926245524,-0.04542082268568113
2013-06-04,77.9,78.0,77.0,77.7,77.7,6505,-0.7041266669856632,-0.7402985682030622,-0.7118476842522865,-0.7151242416667178,-0.7151242416667178,-0.010443199184921132,-0.027412692452121638,-0.04646977010553868,-0.0496575342465752,-0.046953193994701076,-0.03979238754325258
2013-06-05,76.7,77.8,76.6,77.8,77.8,6505,-0.7804437484749468,-0.7528486164086291,-0.7375408208642862,-0.7087892205162871,-0.7087892205162871,-0.0010272213662043952,-0.01903921321397056,-0.040217123118677416,-0.04598405885959534,-0.04455469862946407,-0.03895248291196578
2013-06-06,76.8,77.9,76.5,77.7,77.7,6505,-0.7740839916841735,-0.7465735923058452,-0.7439641050172856,-0.7151242416667178,-0.7151242416667178,0.0,-0.016580179724085587,-0.035581299131154244,-0.04469170713714872,-0.044562490777630165,-0.04022728208506618
2013-06-07,77.6,79.6,77.1,79.4,79.4,6505,-0.7232059373579848,-0.6398981825585288,-0.7054244000992871,-0.6074288821093888,-0.6074288821093888,0.018471010774756255,0.006209605880116704,-0.009068974124303273,-0.021685559388861398,-0.023081844578965557,-0.019995062947420445
2013-06-10,79.5,79.5,78.5,78.5,78.5,6505,-0.6023705583332858,-0.6461732066613118,-0.6154984219572893,-0.6644440724632692,-0.6644440724632692,0.0035796471490667494,-0.0020340706839562244,-0.015715121625010587,-0.03026559604694259,-0.03277476589452928,-0.030983829156894273
2013-06-11,78.3,78.9,77.2,77.2,77.2,6505,-0.6786876398225693,-0.6838233512780116,-0.6990011159462867,-0.7467993474188734,-0.7467993474188734,-0.011776753712237424,-0.014300306435137952,-0.026481715006305098,-0.042718085436170956,-0.047289959522164006,-0.04644268774703563
2013-06-13,77.0,77.5,76.5,77.0,77.0,6505,-0.7613644781026261,-0.771673688716979,-0.7439641050172856,-0.7594693897197359,-0.7594693897197359,-0.012314007183170958,-0.01180698151950721,-0.023586101952827614,-0.040916734134645284,-0.04740696753760879,-0.047619047619047554
2013-06-14,76.8,77.4,76.7,77.0,77.0,6505,-0.7740839916841735,-0.777948712819762,-0.7311175367112858,-0.7594693897197359,-0.7594693897197359,-0.01053713698278087,-0.009773662551440394,-0.02052238805970127,-0.03605408112168264,-0.04504415120547679,-0.046321525885558525
2013-06-17,77.0,77.1,75.9,76.4,76.4,6505,-0.7613644781026261,-0.7967737851281128,-0.7825038099352841,-0.7974795166223222,-0.7974795166223222,-0.01061901061901053,-0.015337027967521557,-0.02484683458134775,-0.03778337531486146,-0.049420196088189844,-0.052109181141439066
2013-06-18,76.1,76.4,75.4,76.0,76.0,6505,-0.818602289219589,-0.8406989538475956,-0.8146202307002831,-0.822819601224047,-0.822819601224047,-0.009384775808133457,-0.018975087130502114,-0.025807554264228365,-0.03791379201215255,-0.05123339658444022,-0.05496145237503127
2013-06-19,75.9,75.9,75.2,75.5,75.5,6505,-0.8313218028011354,-0.8720740743615124,-0.827466799006283,-0.8544947069762026,-0.8544947069762026,-0.0115213406650957,-0.022653721682847898,-0.027980430864303477,-0.03907343769886717,-0.05378985361941049,-0.05926818125181718
2013-06-20,75.0,75.2,73.1,73.1,73.1,6505,-0.8885596139180983,-0.9159992430809961,-0.9623557662192795,-1.0065352145865496,-1.0065352145865496,-0.033068783068783074,-0.047929148215681255,-0.05245419979260284,-0.06336088154269982,-0.07874174522357218,-0.08579289644822427
2013-06-21,72.5,72.5,69.0,69.0,69.0,6505,-1.0475535336874386,-1.085424893856147,-1.2257104164922716,-1.2662710817542249,-1.2662710817542249,-0.06756756756756757,-0.09102884995389272,-0.09811781108400132,-0.10921766072811782,-0.12329741817442579,-0.1323665018023305
2013-06-24,70.3,71.9,70.3,70.6,70.6,6505,-1.1874681830844585,-1.1230750384728467,-1.142207722503274,-1.1649107433473274,-1.1649107433473274,-0.030752333882482275,-0.059043049446888,-0.07113411104289115,-0.08275951669481622,-0.09589181436328262,-0.10764693490625658
2013-06-25,71.4,72.2,69.0,69.0,69.0,6505,-1.117510858385948,-1.1042499661644969,-1.2257104164922716,-1.2662710817542249,-1.2662710817542249,-0.03415453527435607,-0.06857451403887686,-0.08560826928173877,-0.09650386277334021,-0.10949357286665629,-0.12280701754385961
2013-06-26,72.3,73.7,70.5,73.2,73.2,6505,-1.060273047268986,-1.0101246046227466,-1.1293611541972743,-1.000200193436118,-1.000200193436118,0.0312764158918007,-0.006514657980455888,-0.026077700904736663,-0.03684210526315786,-0.04999221305092652,-0.0654126058645783
2013-06-27,74.0,75.9,73.8,75.9,75.9,6505,-0.9521571818258345,-0.8720740743615124,-0.9173927771482807,-0.8291546223744777,-0.8291546223744777,0.06094492591557169,0.03167051787413365,0.011550422034651368,0.0020463396923889516,-0.010997602418430029,-0.02750491159135535
2013-06-28,75.9,76.5,74.0,76.5,76.5,6505,-0.8313218028011354,-0.8344239297448126,-0.9045462088422809,-0.7911444954718914,-0.7911444954718914,0.04737130339539969,0.04053318824809581,0.02063506181624122,0.011369645690110855,-0.0009924780610113823,-0.01620370370370359
2013-07-01,75.5,76.1,74.2,75.2,75.2,6505,-0.8567608299642303,-0.8595240261559464,-0.8916996405362811,-0.8734997704274957,-0.8734997704274957,0.016765819361817126,0.02452316076294274,0.007052941701633647,-0.003907543545930029,-0.015294364131573332,-0.028423772609819157
2013-07-02,74.2,74.9,73.5,74.6,74.6,6505,-0.9394376682442871,-0.934824315389346,-0.93666262960728,-0.9115098973300829,-0.9115098973300829,-0.006393180607352211,0.018291018291018143,0.0025085110195305605,-0.010150600411331529,-0.019865461425268034,-0.03221621621621623
2013-07-03,74.7,74.7,72.4,72.5,72.5,6505,-0.9076388842904191,-0.9473743635949129,-1.0073187552902776,-1.044545341489136,-1.044545341489136,-0.03255938083800371,-0.006304824561403617,-0.02159244264507415,-0.03468477464882503,-0.04338417691455108,-0.05475880052151242
2013-07-04,72.5,74.7,72.1,73.6,73.6,6505,-1.0475535336874386,-0.9473743635949129,-1.0265886077492776,-0.974860108834394,-0.974860108834394,-0.011815252416756118,0.008081084782906499,-0.0037000270733691188,-0.01729087389011285,-0.025062258252530202,-0.036228721082496716
2013-07-05,73.0,75.3,73.0,73.7,73.7,6505,-1.0157547497335706,-0.9097242189782131,-0.9687790503722791,-0.9685250876839624,-0.9685250876839624,-0.002976190476190269,0.0029940119760480826,0.0006335988414190709,-0.013320838074837733,-0.021196345091372762,-0.03196147110332754
2013-07-08,73.7,74.9,72.0,72.4,72.4,6505,-0.9712364521981551,-0.934824315389346,-1.0330118919022773,-1.0508803626395666,-1.0508803626395666,-0.013086150490730367,-0.017105620418137266,-0.013444767441860435,-0.026161813168336715,-0.0355411093941492,-0.04569420035149369
2013-07-09,73.6,74.8,73.0,74.0,74.0,6505,-0.9775962089889293,-0.9410993394921299,-0.9687790503722791,-0.9495200242326692,-0.9495200242326692,0.01037684325505176,-0.0021574973031283254,0.010192937750273067,-0.001618996222342209,-0.012543368027755507,-0.02159541648303226
2013-07-10,74.0,75.4,73.7,73.8,73.8,6505,-0.9521571818258345,-0.9034491948754292,-0.9238160613012801,-0.9621900665335317,-0.9621900665335317,0.004081632653061186,-0.005658852061438988,0.009023789991796509,-0.0020283975659229976,-0.013157894736842222,-0.021306692600123807
2013-07-11,75.0,78.5,75.0,78.5,78.5,6505,-0.8885596139180983,-0.7089234476891454,-0.8403133673122828,-0.6644440724632692,-0.6644440724632692,0.05397422126745449,0.05397422126745429,0.06802721088435375,0.06045254981425186,0.04929690423996154,0.04217373987697495
2013-07-12,78.6,79.7,78.0,79.7,79.7,6505,-0.6596083694502486,-0.6336231584557449,-0.6476148427222884,-0.5884238186580957,-0.5884238186580957,0.05311839323467245,0.06550802139037441,0.07393100970176066,0.07470334412081994,0.06419911338994809,0.0575902335456478
2013-07-15,80.0,80.0,78.1,79.4,79.4,6505,-0.5705717743794176,-0.6147980861473951,-0.641191558569289,-0.6074288821093888,-0.6074288821093888,0.030098598858328916,0.05557032704068076,0.06149732620320867,0.06849683757233217,0.06019334508358717,0.05300384598382038
2013-07-16,79.4,79.8,78.5,79.8,79.8,6505,-0.608730315124059,-0.6273481343529619,-0.6154984219572893,-0.5820887975076648,-0.5820887975076648,0.019938650306748497,0.05360443622920521,0.05667372881355934,0.07114093959731539,0.064795046968403,0.057093654788713574
2013-07-17,80.0,81.0,79.1,80.9,80.9,6505,-0.5705717743794176,-0.5520478451195614,-0.5769587170392908,-0.5124035648529222,-0.5124035648529222,0.015566156163695822,0.05641159571689746,0.06400701446733899,0.08198475324327932,0.07734512331539987,0.07015300498258312
2013-07-18,81.0,81.7,80.6,81.1,81.1,6505,-0.5069742064716816,-0.5081226764000777,-0.4806094547442936,-0.4997335225520606,-0.4997335225520606,0.011474183088051726,0.04875210138368009,0.061796281749149175,0.07888785419715322,0.07765493781226739,0.07123987319478667
2013-07-19,80.9,81.9,80.8,81.2,81.2,6505,-0.5133339632624547,-0.4955726281945108,-0.46776288643829383,-0.49339850140162894,-0.49339850140162894,0.00894632206759442,0.03995901639344268,0.05876216968011137,0.07152282924254423,0.07658039881204937,0.07091044972963485
2013-07-22,82.5,82.5,81.0,81.0,81.0,6505,-0.4115778546100773,-0.457922483577811,-0.454916318132294,-0.5060685437024913,-0.5060685437024913,0.0024752475247525104,0.0260957689384341,0.05085625324338352,0.06159895150720843,0.07131520474023907,0.06752185564292913
2013-07-23,81.0,81.1,80.4,80.8,80.8,6505,-0.5069742064716816,-0.5457728210167784,-0.4934560230502925,-0.5187385860033538,-0.5187385860033538,-0.002469135802469171,0.014820396885204628,0.042670337233310464,0.05085186630251003,0.06596306068601583,0.0638111120863686
2013-07-24,80.8,80.8,79.7,80.0,80.0,6505,-0.5196937200532289,-0.5645978933251283,-0.5384190121212914,-0.5694187552068025,-0.5694187552068025,-0.010146003464489078,-0.0029910269192422096,0.025728694760236023,0.03586689110449321,0.052908660173729874,0.0519856228631542
2013-07-25,79.4,79.7,78.4,78.4,78.4,6505,-0.608730315124059,-0.6336231584557449,-0.6219217061102887,-0.6707790936136999,-0.6707790936136999,-0.023418036870951613,-0.022809422909136037,0.001106665531625178,0.013509146144399405,0.028979420411591936,0.030313649903627195
2013-07-26,78.4,80.5,78.4,80.3,80.3,6505,-0.6723278830317951,-0.5834229656334782,-0.6219217061102887,-0.5504136917555094,-0.5504136917555094,0.002496878901373319,0.00012454851164517256,0.01963938034368916,0.035527758075956026,0.04770105944366169,0.0537596780543283
2013-07-29,79.7,80.5,79.0,79.3,79.3,6505,-0.5896510447517384,-0.5834229656334782,-0.5833820011922902,-0.6137639032598204,-0.6137639032598204,-0.005767301905717251,-0.012207274539113154,0.001094091903719994,0.01993569131832794,0.029977140482127917,0.039318479685452164
2013-07-30,80.0,81.1,79.2,79.9,79.9,6505,-0.5705717743794176,-0.5457728210167784,-0.5705354328862905,-0.5757537763572332,-0.5757537763572332,0.004021110831867397,-0.004857391954165978,0.0036847835189684802,0.02416202012433513,0.03192643488143835,0.045401020541672096
2013-07-31,79.8,80.0,78.1,78.1,78.1,6505,-0.5832912879609651,-0.6147980861473951,-0.641191558569289,-0.689784157064994,-0.689784157064994,-0.013888888888888996,-0.023872015998000384,-0.022446595460614192,-0.002490580496838792,0.006132124085334421,0.020692659551295952
2013-08-01,79.2,79.6,78.1,78.1,78.1,6505,-0.6214498287056064,-0.6398981825585288,-0.641191558569289,-0.689784157064994,-0.689784157064994,-0.01314126863785704,-0.0201982185422157,-0.022120200333889808,-0.0053489556800817096,0.004992793905702993,0.018474244729406526
2013-08-02,79.0,80.4,78.8,79.7,79.7,6505,-0.6341693422871538,-0.5896979897362612,-0.5962285694982901,-0.5884238186580957,-0.5884238186580957,0.008605416350290971,0.0017596782302664728,-0.0020868113522536378,0.011164679015478246,0.023895169578622807,0.034527518172378126
2013-08-05,79.0,79.8,78.5,79.2,79.2,6505,-0.6341693422871538,-0.6273481343529619,-0.6154984219572893,-0.6200989244102512,-0.6200989244102512,0.002531645569620289,-0.002267573696145032,-0.00818166638837855,0.0005053057099546015,0.015384615384615422,0.024226226398827506
2013-08-06,79.0,79.2,77.0,77.2,77.2,6505,-0.6341693422871538,-0.6649982789696617,-0.7118476842522865,-0.7467993474188734,-0.7467993474188734,-0.01605913841447878,-0.023032143761073237,-0.03112449799196792,-0.026727181038829935,-0.011574311174843751,-0.005154639175257623
2013-08-07,77.4,78.4,76.6,77.6,77.6,6505,-0.7359254509395313,-0.7151984717919284,-0.7375408208642862,-0.7214592628171496,-0.7214592628171496,-0.00969882593159764,-0.014978420919015065,-0.023408004027183658,-0.02402213558043027,-0.00904122184195756,-0.0018864688732637032
2013-08-08,77.0,77.5,75.6,75.8,75.8,6505,-0.7613644781026261,-0.771673688716979,-0.8017736623942843,-0.8354896435249094,-0.8354896435249094,-0.026957637997432712,-0.034640855832908976,-0.04180010112927699,-0.04503937007874019,-0.03311393438440741,-0.024996784290185765
2013-08-09,75.8,75.8,74.0,74.0,74.0,6505,-0.8376815595919096,-0.8783490984642963,-0.9045462088422809,-0.9495200242326692,-0.9495200242326692,-0.03595622720166742,-0.04994222621645929,-0.05884347973545886,-0.06435706157542044,-0.056218753188450175,-0.04712850888488296
2013-08-12,74.6,76.2,74.5,76.1,76.1,6505,-0.9139986410811932,-0.8532490020531625,-0.8724297880772819,-0.8164845800736162,-0.8164845800736162,-0.0005253480430786216,-0.018950625241717145,-0.02809706257982124,-0.0357934748178651,-0.03126432099394067,-0.02046595443429017
2013-08-13,76.7,76.7,75.2,76.2,76.2,6505,-0.7804437484749468,-0.8218738815392457,-0.827466799006283,-0.8101495589231845,-0.8101495589231845,0.0034237555965236388,-0.012953367875647668,-0.022993418240875328,-0.0323195123499905,-0.031076750928233414,-0.019851648587231527
2013-08-14,76.1,76.1,74.0,75.3,75.3,6505,-0.818602289219589,-0.8595240261559464,-0.9045462088422809,-0.867164749277065,-0.867164749277065,-0.002384737678855416,-0.021060842433697227,-0.03063851699279106,-0.040336455744599584,-0.04325066070339496,-0.03258961072330943
2013-08-15,74.6,74.9,73.7,74.1,74.1,6505,-0.9139986410811932,-0.934824315389346,-0.9238160613012801,-0.9431850030822385,-0.9431850030822385,-0.013840830449827073,-0.031625718766335624,-0.04255319148936192,-0.0513985790181145,-0.056387530562347334,-0.04821030998458637
2013-08-16,74.0,76.3,73.5,75.4,75.4,6505,-0.9521571818258345,-0.8469739779503795,-0.93666262960728,-0.8608297281266333,-0.8608297281266333,-0.00026518164942980667,-0.00906820870022339,-0.021626297577854548,-0.03115965306778024,-0.03772525396906413,-0.032216660249005144
2013-08-19,75.5,76.0,74.2,75.0,75.0,6505,-0.8567608299642303,-0.8657990502587294,-0.8916996405362811,-0.8861698127283582,-0.8861698127283582,-0.002659574468085144,-0.008854235496233482,-0.023183120604324058,-0.03257013866494686,-0.040675364543361556,-0.038420445318176025
2013-08-20,75.0,75.5,74.0,74.5,74.5,6505,-0.8885596139180983,-0.8971741707726462,-0.9045462088422809,-0.9178449184805136,-0.9178449184805136,-0.004808976756612336,-0.011936339522546493,-0.025124313007066235,-0.03509908042999622,-0.04447978657910942,-0.045035036745855433
2013-08-22,73.6,75.2,73.0,74.1,74.1,6505,-0.9775962089889293,-0.9159992430809961,-0.9687790503722791,-0.9431850030822385,-0.9431850030822385,-0.006968641114982526,-0.012658227848101304,-0.026963144532960108,-0.036598842878502395,-0.04628294892915985,-0.05028410304609731
2013-08-23,74.3,74.6,73.5,73.9,73.9,6505,-0.9330779114535138,-0.9536493876976968,-0.93666262960728,-0.9558550453831,-0.9558550453831,-0.009117725931885314,-0.012823938017632644,-0.02600825937966763,-0.03638023210327281,-0.04531831335262499,-0.050982406575060805
2013-08-26,74.1,74.2,73.6,73.8,73.8,6505,-0.9457974250350613,-0.9787494841088297,-0.9302393454542806,-0.9621900665335317,-0.9621900665335317,-0.006194451925666493,-0.013896312132549521,-0.02225755166931628,-0.03358868591632289,-0.042950513538748805,-0.04986696420908096
2013-08-27,73.3,73.6,73.1,73.1,73.1,6505,-0.99667547936125,-1.0163996287255304,-0.9623557662192795,-1.0065352145865496,-1.0065352145865496,-0.010557661072008678,-0.01931848671854054,-0.026285409821507993,-0.038853461310893594,-0.04812750664097104,-0.056327724945135466
2013-08-28,72.5,73.6,72.0,73.2,73.2,6505,-1.0475535336874386,-1.0163996287255304,-1.0330118919022773,-1.000200193436118,-1.000200193436118,-0.005704971475142455,-0.014008620689655067,-0.021477586667854945,-0.03328050713153719,-0.043037180358730345,-0.05234540197643796
2013-08-29,74.0,75.4,74.0,74.8,74.8,6505,-0.9521571818258345,-0.9034491948754292,-0.9045462088422809,-0.8988398550292205,-0.8988398550292205,0.014099783080260195,0.008222132362851936,0.0024122219244171383,-0.009992720534709941,-0.01945362068061466,-0.02907580477673929
2013-08-30,74.8,76.0,74.2,76.0,76.0,6505,-0.9012791274996458,-0.8657990502587294,-0.8916996405362811,-0.822819601224047,-0.822819601224047,0.024534915071447932,0.021780048400107617,0.01831174631531925,0.0072895957587806115,-0.002467580196356413,-0.011317809288408878
2013-09-02,76.2,76.3,75.2,75.6,75.6,6505,-0.8122425324288148,-0.8469739779503795,-0.827466799006283,-0.8481596858257718,-0.8481596858257718,0.01422055272336984,0.016129032258064363,0.011506556061011499,0.004717921456575241,-0.005263157894736917,-0.014127363616605208
2013-09-03,76.2,76.2,75.4,75.7,75.7,6505,-0.8122425324288148,-0.8532490020531625,-0.8146202307002831,-0.8418246646753401,-0.8418246646753401,0.008526512123634433,0.016516718141533555,0.013206031944320485,0.008392167310510129,-0.002056528158616403,-0.010543743464621703
2013-09-04,75.7,77.0,75.5,76.8,76.8,6505,-0.8440413163826829,-0.8030488092308958,-0.8081969465472837,-0.7721394320205982,-0.7721394320205982,0.013460015835312695,0.02811244979919671,0.027378935164541162,0.023317788141239176,0.014102360957059074,0.00558659217877108
2013-09-05,77.5,78.0,76.7,78.0,78.0,6505,-0.729565694148758,-0.7402985682030622,-0.7311175367112858,-0.6961191782154247,-0.6961191782154247,0.020675215912064882,0.03875349580503391,0.040925266903914535,0.03903023844411892,0.030002112824846702,0.022191158483313066
2013-09-06,78.0,78.0,77.1,77.3,77.3,6505,-0.6977669101948899,-0.7402985682030622,-0.7054244000992871,-0.7404643262684427,-0.7404643262684427,0.008085550339071526,0.02479119713641774,0.028655074520936873,0.028677889413800003,0.021190023250898322,0.013504654516848055
2013-09-09,77.4,79.7,77.4,79.4,79.4,6505,-0.7359254509395313,-0.6336231584557449,-0.6861545476402869,-0.6074288821093888,-0.6074288821093888,0.025309917355372004,0.04487432556915398,0.05286421499292783,0.05284094676125458,0.04909888483695376,0.04144805876180497
2013-09-10,79.4,80.0,78.9,80.0,80.0,6505,-0.608730315124059,-0.6147980861473951,-0.5898052853452898,-0.5694187552068025,-0.5694187552068025,0.021711366538952784,0.04329681794470537,0.05615208590036961,0.05806110302869991,0.05657985102224089,0.048996896717514046
2013-09-11,78.0,80.0,78.0,80.0,80.0,6505,-0.6977669101948899,-0.6147980861473951,-0.6476148427222884,-0.5694187552068025,-0.5694187552068025,0.013427919939194172,0.03412616339193383,0.0510642025050364,0.05540897097625334,0.05501925410138731,0.04895104895104916
2013-09-12,80.0,80.5,79.2,80.0,80.0,6505,-0.5705717743794176,-0.5834229656334782,-0.5705354328862905,-0.5694187552068025,-0.5694187552068025,0.008318628686664943,0.027221366204417112,0.04566050888811441,0.05214703754849745,0.053685264211580104,0.0480807022140707
2013-09-13,80.0,80.1,79.0,79.0,79.0,6505,-0.5705717743794176,-0.608523062044612,-0.5833820011922902,-0.6327689667111136,-0.6327689667111136,-0.008534136546184824,0.01048861601432601,0.028021167693241988,0.035658101730466685,0.0387629516646506,0.03457307490832917
2013-09-14,78.8,79.7,78.6,79.0,79.0,6505,-0.6468888558687013,-0.6336231584557449,-0.6090751378042899,-0.6327689667111136,-0.6327689667111136,-0.007537688442210985,0.006113092205807307,0.023404439070731378,0.03321998430551912,0.036038398992813366,0.03488930614383662
2013-09-16,80.0,80.4,79.6,80.1,80.1,6505,-0.5705717743794176,-0.5896979897362612,-0.5448422962742918,-0.5630837340563717,-0.5630837340563717,0.0060286360211002765,0.014437689969604688,0.03141900592325519,0.044124356384018654,0.04826467047060675,0.04888694893059801
2013-09-17,80.0,80.2,79.2,80.2,80.2,6505,-0.5705717743794176,-0.6022480379418281,-0.5705354328862905,-0.5567487129059401,-0.5567487129059401,0.006778809942254661,0.011349306431273716,0.02653810052052247,0.04155844155844159,0.047380243431019174,0.04882301656495206
2013-09-18,80.1,80.5,80.0,80.4,80.4,6505,-0.5642120175886444,-0.5834229656334782,-0.5191491596622921,-0.5440786706050776,-0.5440786706050776,0.00827689992475559,0.010812169977369869,0.024203821656051026,0.039901700834249605,0.047202250703344724,0.050156739811912265
2013-09-23,80.5,80.5,79.3,80.5,80.5,6505,-0.5387729904255496,-0.5834229656334782,-0.564112148733291,-0.5377436494546469,-0.5377436494546469,0.005747126436781709,0.00801402454295035,0.021573604060913742,0.03676991435378955,0.045020251324125085,0.049315663697588503
2013-09-24,79.8,80.5,79.5,80.3,80.3,6505,-0.5832912879609651,-0.5834229656334782,-0.5512655804272912,-0.5504136917555094,-0.5504136917555094,0.0,0.004377736085053087,0.014999578663520698,0.029883288444273418,0.03977831874449666,0.04385128693994283
2013-09-25,79.3,80.0,79.3,80.0,80.0,6505,-0.6150900719148331,-0.6147980861473951,-0.564112148733291,-0.5694187552068025,-0.5694187552068025,-0.003487792725460901,0.0006253908692932728,0.00755667506297222,0.021515673881121144,0.0332179573280984,0.038196997880347916
2013-09-26,80.0,80.0,78.2,78.2,78.2,6505,-0.5705717743794176,-0.6147980861473951,-0.6347682744162886,-0.6834491359145624,-0.6834491359145624,-0.021031547320981555,-0.01968158455559743,-0.01626970815162701,-0.004645834659199324,0.00804372486335974,0.013960323291697111
2013-09-27,78.5,80.0,78.5,79.7,79.7,6505,-0.6659681262410219,-0.6147980861473951,-0.6154984219572893,-0.5884238186580957,-0.5884238186580957,-0.0005016302984699278,-0.0005016302984699278,0.001172431119671724,0.011292983123969046,0.024421593830334265,0.031448168758897464
2013-09-30,79.0,80.0,77.7,77.7,77.7,6505,-0.6341693422871538,-0.6147980861473951,-0.6668846951812877,-0.7151242416667178,-0.7151242416667178,-0.018691588785046603,-0.023991960808943558,-0.02427794056090419,-0.015146713986944588,-0.0032327586206895953,0.004005685489081121
2013-10-01,77.6,77.9,77.0,77.1,77.1,6505,-0.7232059373579848,-0.7465735923058452,-0.7118476842522865,-0.753134368569305,-0.753134368569305,-0.01833460656990066,-0.02921178544447252,-0.029944640161046924,-0.023679878434848735,-0.012601813431689063,-0.004476198674356695
2013-10-02,77.3,78.3,77.3,77.5,77.5,6505,-0.7422852077303054,-0.7214734958947123,-0.6925778317932872,-0.7277942839675803,-0.7277942839675803,-0.00691952844695018,-0.02097018696311264,-0.022862906615113043,-0.01973184922843413,-0.00971121901354466,-0.00038694698826262266
2013-10-03,77.5,79.5,77.5,79.4,79.4,6505,-0.729565694148758,-0.6461732066613118,-0.6797312634872875,-0.6074288821093888,-0.6074288821093888,0.014307613694430309,0.004046535154274066,0.0015978471112607776,0.002651849981058315,0.011361899424262625,0.021966706710142395
2013-10-04,79.9,80.2,79.4,79.9,79.9,6505,-0.5769315311701909,-0.6022480379418281,-0.5576888645802907,-0.5757537763572332,-0.5757537763572332,0.020173646578140938,0.01100847779324313,0.007989907485281833,0.007756826638077936,0.01509299725581871,0.025849524950783027
2013-10-07,80.0,80.0,78.5,78.8,78.8,6505,-0.5705717743794176,-0.6147980861473951,-0.6154984219572893,-0.645439009011976,-0.645439009011976,0.003310415075121023,-0.0007608419984781648,-0.005720053835800805,-0.007056451612903254,-0.00030447579417437466,0.009609224855861628
2013-10-08,79.3,80.8,78.6,80.4,80.4,6505,-0.6150900719148331,-0.5645978933251283,-0.6090751378042899,-0.5440786706050776,-0.5440786706050776,0.015151515151515187,0.019399011030810206,0.013275079818518002,0.012466943709860335,0.017515439910904124,0.027213491759294873
2013-10-09,80.0,80.0,78.9,79.3,79.3,6505,-0.5705717743794176,-0.6147980861473951,-0.5898052853452898,-0.6137639032598204,-0.6137639032598204,-0.0032679738562092146,0.006345177664974619,8.40760047081798e-05,-0.0009448818897638153,0.001768569984840836,0.010491441192711082
2013-10-11,79.5,80.4,78.9,79.8,79.8,6505,-0.6023705583332858,-0.5896979897362612,-0.5898052853452898,-0.5820887975076648,-0.5820887975076648,0.0020090406830737895,0.01063829787234047,0.006728343145500397,0.00548100548100551,0.006559031281533754,0.014020077089245514
2013-10-14,79.5,80.4,79.2,80.0,80.0,6505,-0.6023705583332858,-0.5896979897362612,-0.5705354328862905,-0.5694187552068025,-0.5694187552068025,0.0042681395932714465,0.012786428661855996,0.009591115598182801,0.008001008001008066,0.008064516129032265,0.014327374160010268
2013-10-15,79.9,80.5,79.7,80.2,80.2,6505,-0.5769315311701909,-0.5834229656334782,-0.5384190121212914,-0.5567487129059401,-0.5567487129059401,0.003252439329497187,0.012115093387178293,0.01237061348144413,0.009757632987094816,0.00910966832754547,0.015061384634856317
2013-10-16,80.0,80.4,79.6,80.1,80.1,6505,-0.5705717743794176,-0.5896979897362612,-0.5448422962742918,-0.5630837340563717,-0.5630837340563717,0.0027541311967951786,0.007040482775961809,0.011278511909771874,0.007800704579768554,0.007496478164620695,0.011874684183931068
2013-10-17,80.0,80.5,80.0,80.5,80.5,6505,-0.5705717743794176,-0.5834229656334782,-0.5191491596622921,-0.5377436494546469,-0.5377436494546469,0.004742885671492704,0.00826653306613222,0.015901060070671443,0.012578616352201259,0.012273024495749699,0.014876449823499654
2013-10-18,80.9,81.0,80.1,80.9,80.9,6505,-0.5133339632624547,-0.5520478451195614,-0.5127258755092927,-0.5124035648529222,-0.5124035648529222,0.006970375902414765,0.01137642205275673,0.018635104507680734,0.017162255610737528,0.016842634489693354,0.018165037546671255
2013-10-21,80.8,81.0,80.3,81.0,81.0,6505,-0.5196937200532289,-0.5520478451195614,-0.4998793072032929,-0.5060685437024913,-0.5060685437024913,0.005711447727837199,0.011235955056179848,0.018782492034211045,0.018035568403192388,0.017587939698492535,0.01814220471781132
2013-10-22,80.9,81.0,80.5,81.0,81.0,6505,-0.5133339632624547,-0.5520478451195614,-0.4870327388972931,-0.5060685437024913,-0.5060685437024913,0.0037174721189590725,0.008466135458167238,0.015971235053097995,0.017715793441387066,0.01656626506024088,0.01656626506024106
2013-10-23,81.0,81.2,80.3,80.8,80.8,6505,-0.5069742064716816,-0.5394977969139945,-0.4998793072032929,-0.5187385860033538,-0.5187385860033538,-0.0004948045522019576,0.00547536087605789,0.010336778926308786,0.01488412987502358,0.013140736282475697,0.01346266410234957
2013-10-24,80.1,81.0,80.1,81.0,81.0,6505,-0.5642120175886444,-0.5520478451195614,-0.5127258755092927,-0.5060685437024913,-0.5060685437024913,0.0007412898443289851,0.005836334285359479,0.009891114620563584,0.016757672754660242,0.015190254173559976,0.015546639919759212
2013-10-25,80.2,80.6,78.1,79.8,79.8,6505,-0.5578522607978702,-0.5771479415306953,-0.641191558569289,-0.5820887975076648,-0.5820887975076648,-0.011397423191278514,-0.009064944741090326,-0.005400914000830957,0.0006896984136937341,0.00035100035100042373,0.000585137507314043
2013-10-28,79.5,80.0,78.8,80.0,80.0,6505,-0.6023705583332858,-0.6147980861473951,-0.5962285694982901,-0.5694187552068025,-0.5694187552068025,-0.006458022851465601,-0.006581398236681996,-0.0029910269192422096,0.0030090270812438455,0.003059330959426247,0.003092869681517873
2013-10-29,80.0,80.8,79.1,80.5,80.5,6505,-0.5705717743794176,-0.5645978933251283,-0.5769587170392908,-0.5377436494546469,-0.5377436494546469,0.0009947774185525777,-0.0007447864945382606,0.0018252717165851912,0.0075093867334167,0.009328451777922662,0.008729794077106114
2013-10-30,80.5,81.0,80.0,81.0,81.0,6505,-0.5387729904255496,-0.5520478451195614,-0.5191491596622921,-0.5060685437024913,-0.5060685437024913,0.006711409395973232,0.004339739615622991,0.007546231030765434,0.011299082339721595,0.015241151107991681,0.014147990484537135
2013-10-31,80.9,81.3,79.2,79.2,79.2,6505,-0.5133339632624547,-0.5332227728112116,-0.5705354328862905,-0.6200989244102512,-0.6200989244102512,-0.01123595505617967,-0.016393442622950737,-0.01476198374523139,-0.012222499376402967,-0.006921456515197017,-0.008016032064128088
2013-11-01,80.5,80.5,79.9,80.2,80.2,6505,-0.5387729904255496,-0.5834229656334782,-0.5255724438152916,-0.5567487129059401,-0.5567487129059401,0.00024943876278368696,-0.0031075201988812924,-0.0026529597081744933,-0.0002493143854399903,0.004609680328690365,0.004509018036072316
2013-11-04,79.5,79.6,78.0,78.5,78.5,6505,-0.6023705583332858,-0.6398981825585288,-0.6476148427222884,-0.6644440724632692,-0.6644440724632692,-0.017275913870806153,-0.021197007481296794,-0.022578235245289274,-0.020586400499064322,-0.01609345232126732,-0.016003008398445713
2013-11-05,78.5,78.6,77.5,78.1,78.1,6505,-0.6659681262410219,-0.7026484235863624,-0.6797312634872875,-0.689784157064994,-0.689784157064994,-0.01637279596977344,-0.022650481792016047,-0.02586063529020461,-0.025151344941646392,-0.021303258145363446,-0.020034296708352647
2013-11-06,78.0,78.8,78.0,78.6,78.6,6505,-0.6977669101948899,-0.6900983753807955,-0.6476148427222884,-0.6581090513128384,-0.6581090513128384,-0.004054738976178323,-0.013678002258752885,-0.018399800183165557,-0.01780693533270867,-0.015777610818933197,-0.013058764439980164
2013-11-07,79.0,79.0,77.7,78.5,78.5,6505,-0.6341693422871538,-0.6775483271752286,-0.6668846951812877,-0.6644440724632692,-0.6644440724632692,-0.0035542015740035685,-0.011832829808660773,-0.018013510132599598,-0.018565981121460268,-0.017521902377972534,-0.01369518783766809
2013-11-08,78.2,78.8,78.0,78.0,78.0,6505,-0.6850473966133426,-0.6900983753807955,-0.6476148427222884,-0.6961191782154247,-0.6961191782154247,-0.004340056165432773,-0.01589704769114296,-0.021902691857548943,-0.023718630702797547,-0.0230950353188719,-0.019895287958115127
2013-11-11,78.0,78.2,77.2,78.1,78.1,6505,-0.6977669101948899,-0.7277485199974953,-0.6990011159462867,-0.689784157064994,-0.689784157064994,-0.002044467160746187,-0.012267610977614758,-0.018268666722534146,-0.021303258145363446,-0.020959735245449498,-0.017980636237897734
2013-11-12,80.0,80.0,78.4,79.7,79.7,6505,-0.5705717743794176,-0.6147980861473951,-0.6219217061102887,-0.5884238186580957,-0.5884238186580957,0.014252990582845565,0.008988479554374073,0.002936241610738267,-0.0009401441554372026,-0.0013532477947073487,0.0012982118179155708
2013-11-13,79.5,79.6,77.5,77.6,77.6,6505,-0.6023705583332858,-0.6398981825585288,-0.6797312634872875,-0.7214592628171496,-0.7214592628171496,-0.00995151824445013,-0.013350286077558948,-0.020861372812920626,-0.02573760200878859,-0.02629993977113034,-0.02528889633227268
2013-11-14,78.1,78.2,77.3,77.7,77.7,6505,-0.6914071534041167,-0.7277485199974953,-0.6925778317932872,-0.7151242416667178,-0.7151242416667178,-0.006647916133981028,-0.010191082802547734,-0.01687051876845207,-0.02276443214689979,-0.024261603375527453,-0.02411454408440075
2013-11-15,78.4,78.9,77.9,77.9,77.9,6505,-0.6723278830317951,-0.6838233512780116,-0.6540381268752878,-0.7024541993658555,-0.7024541993658555,-0.003836317135549836,-0.004727226268046563,-0.01275768840824613,-0.01839717741935476,-0.020815526170244757,-0.020987809475932984
2013-11-18,78.5,78.6,78.0,78.0,78.0,6505,-0.6659681262410219,-0.7026484235863624,-0.6476148427222884,-0.6961191782154247,-0.6961191782154247,-0.002302379125095838,-0.0028125799028381345,-0.00981719702098858,-0.015275849008963614,-0.018571644269968282,-0.01895019285594492
2013-11-19,78.1,79.3,78.1,79.0,79.0,6505,-0.6914071534041167,-0.6587232548668787,-0.641191558569289,-0.6327689667111136,-0.6327689667111136,0.012301383905689493,0.00881113523177132,0.004152190492330994,-0.001390468967260769,-0.005388527975021369,-0.006455940303513064
2013-11-20,79.0,79.0,78.2,78.2,78.2,6505,-0.6341693422871538,-0.6775483271752286,-0.6347682744162886,-0.6834491359145624,-0.6834491359145624,0.000511770726714512,-0.0008943401047656495,-0.0036524250403466734,-0.009875917953912397,-0.014517592499243887,-0.01560926485397778
2013-11-21,78.2,78.2,76.6,76.7,76.7,6505,-0.6850473966133426,-0.7277485199974953,-0.7375408208642862,-0.778474453171029,-0.778474453171029,-0.016162134427911815,-0.017799974388526065,-0.020684371807967193,-0.026217228464419446,-0.03156565656565657,-0.03343694866840278
2013-11-22,77.0,77.7,76.4,77.4,77.4,6505,-0.7613644781026261,-0.7591236405114121,-0.750387389170285,-0.734129305118011,-0.734129305118011,-0.005908040071923886,-0.00807381776239902,-0.00938566552901025,-0.015830631317947794,-0.020996711358461883,-0.02363131780338055
2013-11-25,78.3,79.0,77.7,78.2,78.2,6505,-0.6786876398225693,-0.6775483271752286,-0.6668846951812877,-0.6834491359145624,-0.6834491359145624,0.0038510911424903356,0.002050230650948188,0.0011094990185201816,-0.004519126726497409,-0.009474590869939766,-0.012792459181955925
2013-11-26,77.7,78.8,77.2,78.1,78.1,6505,-0.7168461805672106,-0.6900983753807955,-0.6990011159462867,-0.689784157064994,-0.689784157064994,0.004889346371590266,0.0028248587570621326,-0.00017069215669542653,-0.00427105246382365,-0.009285569311954529,-0.013182832834940865
2013-11-27,78.4,78.8,78.1,78.6,78.6,6505,-0.6723278830317951,-0.6900983753807955,-0.641191558569289,-0.6581090513128384,-0.6581090513128384,0.01028277634961436,0.00795075660425756,0.006230263719382068,0.0036391495882012685,-0.0018287107589150342,-0.006237356709372791
2013-11-28,78.6,80.5,78.6,80.3,80.3,6505,-0.6596083694502486,-0.5834229656334782,-0.6090751378042899,-0.5504136917555094,-0.5504136917555094,0.02266938359653593,0.026329243353783074,0.026416702172986743,0.024626770447875368,0.020122973728339714,0.015341819101407802
2013-11-29,80.3,81.0,79.6,80.7,80.7,6505,-0.551492504007097,-0.5520478451195614,-0.5448422962742918,-0.5250736071537845,-0.5250736071537845,0.019196766860318393,0.027763627101375535,0.029161707192654245,0.029402385356208843,0.02473587972368947,0.02048558421851314
2013-12-02,80.3,80.7,79.7,80.1,80.1,6505,-0.551492504007097,-0.5708729174279114,-0.5384190121212914,-0.5630837340563717,-0.5630837340563717,0.006787330316741981,0.01740124476057399,0.01977592938380573,0.020707231602421154,0.017065366448270534,0.013282732447817984
2013-12-03,79.5,80.4,79.5,79.5,79.5,6505,-0.6023705583332858,-0.5896979897362612,-0.5512655804272912,-0.601093860958958,-0.601093860958958,-0.004258517034068179,0.009139375476009124,0.012308998302207155,0.012158635177286884,0.009959855683723661,0.006329113924050633
2013-12-04,79.0,80.6,79.0,80.1,80.1,6505,-0.6341693422871538,-0.5771479415306953,-0.5833820011922902,-0.5630837340563717,-0.5630837340563717,-0.0004991265285750718,0.014309231353678556,0.01778907242693763,0.018824726532688935,0.0180477885104218,0.01422361034904808
2013-12-05,80.9,80.9,79.3,79.7,79.7,6505,-0.5133339632624547,-0.5583228692223444,-0.564112148733291,-0.5884238186580957,-0.5884238186580957,-0.003999000249937608,0.005424498549262103,0.010993657505285508,0.012963904422979287,0.012706480304955527,0.009712837837837825
2013-12-06,79.7,79.9,78.8,78.8,78.8,6505,-0.5896510447517384,-0.621073110250178,-0.5962285694982901,-0.645439009011976,-0.645439009011976,-0.010547463586137663,-0.0076816521848633605,-0.001183031941862435,0.0010162601626016044,0.0019836223996745578,-0.0012674271229405388
2013-12-09,80.0,81.0,79.9,81.0,81.0,6505,-0.5705717743794176,-0.5520478451195614,-0.5255724438152916,-0.5060685437024913,-0.5060685437024913,0.014783262340265684,0.016438699962354152,0.024106540795684604,0.02707157801306036,0.028649801889667786,0.026182432432432384
2013-12-10,81.0,81.0,80.2,81.0,81.0,6505,-0.5069742064716816,-0.5520478451195614,-0.5063025913562923,-0.5060685437024913,-0.5060685437024913,0.010983524712930726,0.012753188297074218,0.022383036014809923,0.026225769669327346,0.027136697945726613,0.025965801139961966
2013-12-11,81.0,81.5,80.7,81.0,81.0,6505,-0.5069742064716816,-0.5206727246056446,-0.47418617059129325,-0.5060685437024913,-0.5060685437024913,0.008717310087173136,0.00972326103216157,0.019979852249832186,0.024020227560050643,0.025887836263235365,0.025965801139961966
2013-12-12,80.7,80.7,79.1,79.5,79.5,6505,-0.5260534768440022,-0.5708729174279114,-0.5769587170392908,-0.601093860958958,-0.601093860958958,-0.009469225018689147,-0.007986024457200083,-0.0012562814070351046,0.00391463568632406,0.006380069876955857,0.0068389057750758864
2013-12-13,79.6,81.0,79.6,80.8,80.8,6505,-0.5960108015425125,-0.5520478451195614,-0.5448422962742918,-0.5187385860033538,-0.5187385860033538,0.0017356806347632106,0.008109794135994903,0.012193085017537946,0.01846599861347455,0.021388481569500017,0.023043808559128805
2013-12-16,80.3,80.4,79.5,79.6,79.6,6505,-0.551492504007097,-0.5896979897362612,-0.5512655804272912,-0.5947588398085273,-0.5947588398085273,-0.009703906444389166,-0.006242197253433209,-0.004004004004004097,0.002329534722659476,0.005456750202101707,0.007382408774520265
2013-12-17,80.3,80.3,79.1,79.1,79.1,6505,-0.551492504007097,-0.5959730138390451,-0.5769587170392908,-0.6264339455606829,-0.6264339455606829,-0.01125000000000007,-0.011991006744941218,-0.011085180863477291,-0.004029211785444387,-0.000555948650560964,0.0006325110689436705
2013-12-18,79.8,80.6,79.5,80.6,80.6,6505,-0.5832912879609651,-0.5771479415306953,-0.5512655804272912,-0.5314086283042162,-0.5314086283042162,0.008508508508508416,0.006116589689177496,0.00599101347978038,0.013326628111641972,0.01685506661283791,0.01874868337897621
2013-12-19,80.8,81.4,80.6,81.1,81.1,6505,-0.5196937200532289,-0.5269477487084276,-0.4806094547442936,-0.4997335225520606,-0.4997335225520606,0.010717846460618139,0.010591900311526408,0.011558290370863075,0.016800401203610697,0.021410579345088016,0.023946803585707603
2013-12-20,81.1,81.1,79.8,79.8,79.8,6505,-0.5006144496809083,-0.5457728210167784,-0.531995727968292,-0.5820887975076648,-0.5820887975076648,-0.002998500749625124,-0.006845052893590506,-0.003911125904967776,-0.0010015022533800487,0.004076702400724723,0.0067706800117750335
2013-12-23,79.8,80.4,79.6,79.9,79.9,6505,-0.5832912879609651,-0.5896979897362612,-0.5448422962742918,-0.5757537763572332,-0.5757537763572332,-0.0024968789013731416,-0.004237288135593086,-0.0024968789013731416,-0.0008128556243356184,0.004374497184231864,0.007269823927386002
2013-12-24,79.6,80.7,79.6,80.5,80.5,6505,-0.5960108015425125,-0.5708729174279114,-0.5448422962742918,-0.5377436494546469,-0.5377436494546469,0.001492908683752234,0.003865818680633524,0.004158004158004098,0.005181994131235462,0.011154097372255506,0.014492753623188479
2013-12-25,80.0,80.9,79.9,80.5,80.5,6505,-0.5705717743794176,-0.5583228692223444,-0.5255724438152916,-0.5377436494546469,-0.5377436494546469,0.001742160278745829,0.004492138757174937,0.0038240917782025653,0.003991020204539878,0.009986951721369148,0.013258370395233806
2013-12-26,80.5,80.5,80.0,80.1,80.1,6505,-0.5387729904255496,-0.5834229656334782,-0.5191491596622921,-0.5630837340563717,-0.5630837340563717,-0.0007485029940120044,-0.0012468827930173856,-0.0014958863126402961,-0.000873144567793354,0.0032565130260519904,0.0072093218207727825
2013-12-27,80.1,81.4,79.6,81.3,81.3,6505,-0.5642120175886444,-0.5269477487084276,-0.5448422962742918,-0.48706348025119817,-0.48706348025119817,0.01043997017151384,0.013084112149532675,0.011361751534251039,0.013715710723192128,0.016300815040752065,0.020843797086890967
2013-12-30,81.5,82.0,80.8,82.0,82.0,6505,-0.4751754225178135,-0.48929760409172784,-0.46776288643829383,-0.44271833219818024,-0.44271833219818024,0.013847675568743875,0.018760094421667352,0.0192243950944647,0.02123419889158743,0.023107251584568597,0.027912418519137647
2013-12-31,81.9,82.0,81.2,81.8,81.8,6505,-0.44973639535471865,-0.48929760409172784,-0.4420697498262942,-0.4553883744990426,-0.4553883744990426,0.008134089228493919,0.012877662209014443,0.016064922159655378,0.017286407163288157,0.018730696423233915,0.02420701168614362
2014-01-02,81.5,81.5,80.5,81.1,81.1,6505,-0.4751754225178135,-0.5206727246056446,-0.4870327388972931,-0.4997335225520606,-0.4997335225520606,-0.0019689884321930935,0.003588664769211633,0.00728657779249804,0.007954262987819864,0.008756654559928275,0.0142148484722163
2014-01-03,81.4,81.4,79.7,80.0,80.0,6505,-0.4815351793085867,-0.5269477487084276,-0.5384190121212914,-0.5694187552068025,-0.5694187552068025,-0.015263417035942823,-0.00867410161090462,-0.006786955802019536,-0.0059024541783161775,-0.004777070063694272,-0.0009158271584379754
2014-01-06,79.6,81.0,79.6,81.0,81.0,6505,-0.5960108015425125,-0.5520478451195614,-0.5448422962742918,-0.5060685437024913,-0.5060685437024913,-0.002217294900221639,0.002227171492204808,0.005461767626613676,0.00514984178196925,0.007512811582665794,0.010059024025272147
2014-01-07,80.2,81.8,80.2,81.1,81.1,6505,-0.5578522607978702,-0.5018476522972947,-0.5063025913562923,-0.4997335225520606,-0.4997335225520606,0.0012345679012346735,0.0019767729182109785,0.005454996280684326,0.006328328576746382,0.00825501019444032,0.010088429443268182
2014-01-08,81.8,82.8,81.2,81.9,81.9,6505,-0.45609615214549276,-0.4390974112694611,-0.4420697498262942,-0.44905335334861096,-0.44905335334861096,0.010861515675141882,0.010113468179575818,0.01302877875814309,0.015687976685062326,0.016987036209208876,0.01844559585492229
2014-01-09,82.5,83.8,81.3,82.6,82.6,6505,-0.4115778546100773,-0.3763471702416275,-0.4356464656732948,-0.4047082052955939,-0.4047082052955939,0.015740285292670946,0.0161151433140608,0.02000493949123246,0.023353775630304042,0.024407183252306643,0.02545003103662318
2014-01-10,84.0,84.0,80.7,81.0,81.0,6505,-0.3161815027484731,-0.3637971220360606,-0.47418617059129325,-0.5060685437024913,-0.5060685437024913,-0.006378802747791904,-0.00466945195379712,0.00032932652725182164,0.0025993316004456987,0.0039165138069506035,0.005295383087870386
2014-01-13,81.6,83.2,81.6,83.1,83.1,6505,-0.4688156657270402,-0.4139973148583273,-0.41637661321429553,-0.37303309954343833,-0.37303309954343833,0.014156700024408062,0.018881804806277668,0.02348304458494111,0.027130585254310526,0.02775304244582944,0.030335592659943688
2014-01-14,83.0,83.9,81.9,82.0,82.0,6505,-0.37977907065620925,-0.37007214613884365,-0.39710676075529533,-0.44271833219818024,-0.44271833219818024,-0.0014612761811983017,0.0053948013732223144,0.00819672131147547,0.012033323048441768,0.013647151898734167,0.015899236010737124
2014-01-15,82.0,82.5,81.0,81.1,81.1,6505,-0.4433766385639454,-0.457922483577811,-0.454916318132294,-0.4997335225520606,-0.4997335225520606,-0.010492923377257192,-0.004785863296109959,-0.003359003768638289,-0.00030816640986139517,0.0024721878862792165,0.004085675374520045
2014-01-16,81.6,82.3,80.8,81.1,81.1,6505,-0.4688156657270402,-0.47047253178337795,-0.46776288643829383,-0.4997335225520606,-0.4997335225520606,-0.0068577026696057105,-0.004785863296109959,-0.003848673435964616,-0.0006161429451632429,0.0024226243449025756,0.003671465698609796
2014-01-17,79.5,80.0,78.7,79.3,79.3,6505,-0.6023705583332858,-0.6147980861473951,-0.6026518536512895,-0.6137639032598204,-0.6137639032598204,-0.024840137727496433,-0.026037828543355325,-0.025319567354965614,-0.021712311867752344,-0.01972903481012663,-0.018442876593637764
2014-01-20,77.6,77.6,76.5,76.7,76.7,6505,-0.7232059373579848,-0.765398664614196,-0.7439641050172856,-0.778474453171029,-0.778474453171029,-0.04172913543228373,-0.05296950240770456,-0.05370949169271251,-0.05197453803844013,-0.04994302135460515,-0.04980178394449945
2014-01-21,76.8,77.4,76.8,76.8,76.8,6505,-0.7740839916841735,-0.777948712819762,-0.7246942525582863,-0.7721394320205982,-0.7721394320205982,-0.027848101265822822,-0.046673286991062456,-0.048405749215265324,-0.04891640866873068,-0.04738278342842976,-0.04690990320178689
2014-01-22,77.1,78.0,77.1,77.7,77.7,6505,-0.7550047213118528,-0.7402985682030622,-0.7054244000992871,-0.7151242416667178,-0.7151242416667178,-0.007916241062308536,-0.03044671824307459,-0.03398259428097788,-0.036099739486415865,-0.0355493768929049,-0.03442276624829124
2014-01-23,77.7,77.9,76.7,76.7,76.7,6505,-0.7168461805672106,-0.7465735923058452,-0.7311175367112858,-0.778474453171029,-0.778474453171029,-0.009555785123966876,-0.03582652419861715,-0.04292488145744944,-0.046257149962695664,-0.04611481444632356,-0.045148975018673564
2014-01-24,76.7,77.0,76.3,76.5,76.5,6505,-0.7804437484749468,-0.8030488092308958,-0.7568106733232854,-0.7911444954718914,-0.7911444954718914,-0.00494276795005197,-0.03286978508217439,-0.042633071917236774,-0.04661016949152536,-0.04642002393298751,-0.04645172012630871
2014-01-27,76.9,76.9,75.3,76.2,76.2,6505,-0.7677242348933994,-0.8093238333336787,-0.8210435148532835,-0.8101495589231845,-0.8101495589231845,-0.007554050533993205,-0.02818518046167573,-0.042553191489361576,-0.04732137275739197,-0.04845154845154839,-0.04837232536841231
2014-02-05,76.0,76.0,74.0,75.7,75.7,6505,-0.8249620460103623,-0.8657990502587294,-0.9045462088422809,-0.8418246646753401,-0.8418246646753401,-0.011233019853709685,-0.02674209308305475,-0.04451363177381358,-0.04983055102296974,-0.05270797877665419,-0.05307926447900603
2014-02-06,75.0,75.6,74.2,74.7,74.7,6505,-0.8885596139180983,-0.8908991466698631,-0.8916996405362811,-0.9051748761796513,-0.9051748761796513,-0.01658767772511855,-0.03163080114078296,-0.05138841855739926,-0.05818571518628248,-0.06250000000000004,-0.06387067128952735
2014-02-07,75.8,75.8,74.5,75.5,75.5,6505,-0.8376815595919096,-0.8783490984642963,-0.8724297880772819,-0.8544947069762026,-0.8544947069762026,-0.0029054410987849823,-0.014102898929224318,-0.03543139425943285,-0.04472701967482757,-0.05007549068948168,-0.05182518419290001
2014-02-10,75.4,76.4,75.2,76.0,76.0,6505,-0.8631205867550036,-0.8406989538475956,-0.827466799006283,-0.822819601224047,-0.822819601224047,0.005025125628140643,-0.003278688524590164,-0.024890941750064302,-0.03596118475296515,-0.04180745372938628,-0.043503796618701976
2014-02-11,76.5,76.5,76.0,76.1,76.1,6505,-0.7931632620564941,-0.8344239297448126,-0.7760805257822847,-0.8164845800736162,-0.8164845800736162,0.006613756613756614,-0.0011812573828586877,-0.017726529558557805,-0.0316834202824788,-0.03802396723466665,-0.04075630252100842
2014-02-12,76.5,76.8,75.4,76.5,76.5,6505,-0.7931632620564941,-0.8155988574364627,-0.8146202307002831,-0.7911444954718914,-0.7911444954718914,0.009767687434002232,0.004464285714285759,-0.007867888639114496,-0.023736600306278707,-0.030270763614237972,-0.034334763948498014
2014-02-13,76.0,76.8,75.8,75.8,75.8,6505,-0.8249620460103623,-0.8155988574364627,-0.7889270940882844,-0.8354896435249094,-0.8354896435249094,-0.0023690444853907955,-0.002237725417928152,-0.012420741770172846,-0.028889885337262132,-0.036211982504323045,-0.04127492727349385
2014-02-14,76.6,76.6,76.0,76.0,76.0,6505,-0.786803505265721,-0.8281489056420296,-0.7760805257822847,-0.822819601224047,-0.822819601224047,-0.0010515247108306822,0.0013175230566534165,-0.005409178153899944,-0.02219363139273071,-0.03115598388659429,-0.03691813804173364
2014-02-17,76.6,76.6,76.2,76.3,76.3,6505,-0.786803505265721,-0.8281489056420296,-0.7632339574762849,-0.8038145377727538,-0.8038145377727538,0.002101392172314113,0.005535055350553529,0.0011371588523443814,-0.015356820234868987,-0.025493000919587148,-0.03156202403113892
2014-02-18,76.3,76.6,76.2,76.5,76.5,6505,-0.8058827756380416,-0.8281489056420296,-0.7632339574762849,-0.7911444954718914,-0.7911444954718914,0.0036735764891104848,0.0077723620076406725,0.003937007874015711,-0.008553654743390314,-0.02068718316350043,-0.02704765134814328
2014-02-19,76.5,77.3,76.5,77.0,77.0,6505,-0.7931632620564941,-0.7842237369225459,-0.7439641050172856,-0.7594693897197359,-0.7594693897197359,0.008909853249475793,0.012624934245134245,0.010321903428971432,0.0011701989338187937,-0.012212643678160896,-0.01860820800407861
2014-02-20,77.2,77.2,75.8,76.1,76.1,6505,-0.7486449645210786,-0.7904987610253289,-0.7889270940882844,-0.8164845800736162,-0.8164845800736162,-0.0036658811207122433,-0.0010501443948544565,-8.75963559916978e-05,-0.007304983042003683,-0.020844055584148282,-0.02772454324773223
2014-02-21,76.2,77.2,76.2,76.8,76.8,6505,-0.8122425324288148,-0.7904987610253289,-0.7632339574762849,-0.7721394320205982,-0.7721394320205982,0.0033969166448916273,0.00642117677892799,0.009021634404834906,0.00464386159984289,-0.00887879413586623,-0.016980971072617312
2014-02-24,77.1,78.0,76.5,76.5,76.5,6505,-0.7550047213118528,-0.7402985682030622,-0.7439641050172856,-0.7911444954718914,-0.7911444954718914,-0.0010446591799425215,0.0018334206390780588,0.005080143645441056,0.0025555337133871623,-0.010451699694727671,-0.019356492757338868
2014-02-25,76.2,77.2,76.2,76.7,76.7,6505,-0.8122425324288148,-0.7904987610253289,-0.7632339574762849,-0.778474453171029,-0.778474453171029,0.0010441138084052795,0.0036639623135305043,0.007266678340045448,0.0051765939322455405,-0.004568343456366995,-0.014982876712328647
2014-02-26,76.9,77.5,76.5,77.3,77.3,6505,-0.7677242348933994,-0.771673688716979,-0.7439641050172856,-0.7404643262684427,-0.7404643262684427,0.008085550339071526,0.010457516339869244,0.013726175904878478,0.01270797851434559,0.005672356369692016,-0.0056598919475173365
2014-02-27,77.3,77.9,77.0,77.8,77.8,6505,-0.7422852077303054,-0.7465735923058452,-0.7118476842522865,-0.7087892205162871,-0.7087892205162871,0.010127239678005542,0.014341590612776978,0.01752550353125822,0.019191720704787963,0.013918573737163086,0.0025342554014003596
2014-03-03,77.4,77.4,76.0,76.9,76.9,6505,-0.7359254509395313,-0.777948712819762,-0.7760805257822847,-0.7658044108701666,-0.7658044108701666,-0.0018172377985460329,0.0014324781872639592,0.004528433336236326,0.0072696312790622416,0.004388485450080958,-0.0066310713055460135
2014-03-04,76.1,77.3,76.1,76.5,76.5,6505,-0.818602289219589,-0.7842237369225459,-0.7696572416292852,-0.7911444954718914,-0.7911444954718914,-0.007009345794392421,-0.004035932821247263,-0.0011316155988856927,0.002030257384242598,0.0006278449223042147,-0.009879632425902783
2014-03-05,76.6,77.5,76.6,76.6,76.6,6505,-0.786803505265721,-0.771673688716979,-0.7375408208642862,-0.7848094743214606,-0.7848094743214606,-0.0054531290573878975,-0.0028638375423066763,-0.0002610284521012271,0.003077326000130943,0.00198827961490146,-0.005797352254045244
2014-03-06,76.6,76.7,76.3,76.6,76.6,6505,-0.786803505265721,-0.8218738815392457,-0.7568106733232854,-0.7848094743214606,-0.7848094743214606,-0.0036420395421436153,-0.002344360510549711,-0.0003480076561686755,0.002486585525454754,0.002093144950287763,-0.0034692107545533273
2014-03-07,76.6,77.5,76.4,76.6,76.6,6505,-0.786803505265721,-0.771673688716979,-0.750387389170285,-0.7848094743214606,-0.7848094743214606,-0.0005219206680585367,-0.0029936222829624365,-0.0010432968179448683,0.0012417489053002924,0.0026702968741818094,-0.0015207473386920712
2014-03-10,76.5,77.0,75.4,75.4,75.4,6505,-0.7931632620564941,-0.8030488092308958,-0.8146202307002831,-0.8608297281266333,-0.8608297281266333,-0.012313335079905655,-0.01682096753162071,-0.016179540709812226,-0.014379084967320188,-0.012365084355024659,-0.014722536806341812
2014-03-11,75.7,77.0,75.6,77.0,77.0,6505,-0.8440413163826829,-0.8030488092308958,-0.8017736623942843,-0.7594693897197359,-0.7594693897197359,0.007326007326007356,0.0033880635913474738,0.004085890637224875,0.005878510777269795,0.008328531768896282,0.007194244604316509
2014-03-12,76.2,76.6,75.6,76.0,76.0,6505,-0.8122425324288148,-0.8281489056420296,-0.8017736623942843,-0.822819601224047,-0.822819601224047,-0.00419287211740033,-0.008738750489109007,-0.008523221429814098,-0.007119994774315784,-0.004662370999004776,-0.005582693649685917
2014-03-13,76.2,77.0,75.8,77.0,77.0,6505,-0.8122425324288148,-0.8030488092308958,-0.7889270940882844,-0.7594693897197359,-0.7594693897197359,0.007853403141361182,0.004697286012526089,0.004522525656635716,0.005615776413738965,0.007747879803161956,0.007413868294810242
2014-03-14,76.3,76.6,76.0,76.2,76.2,6505,-0.8058827756380416,-0.8281489056420296,-0.7760805257822847,-0.8101495589231845,-0.8101495589231845,-0.0015723270440252167,-0.0036610878661088014,-0.006000521784502919,-0.005092048570309447,-0.0035047340063815782,-0.002400174558149733
2014-03-17,76.2,76.4,75.4,76.4,76.4,6505,-0.8122425324288148,-0.8406989538475956,-0.8146202307002831,-0.7974795166223222,-0.7974795166223222,-0.0015682174594877749,-0.00039251602773762826,-0.003044802087864301,-0.002741156506983341,-0.0013594060441282157,0.00034916201117342506
2014-03-18,76.9,77.0,76.1,77.0,77.0,6505,-0.7677242348933994,-0.8030488092308958,-0.7696572416292852,-0.7594693897197359,-0.7594693897197359,0.006272869837950728,0.006799163179916453,0.004347826086956459,0.004631743753669381,0.005957357859531813,0.007985338395077882
2014-03-19,77.0,77.0,76.6,77.0,77.0,6505,-0.7613644781026261,-0.8030488092308958,-0.7375408208642862,-0.7594693897197359,-0.7594693897197359,0.0036496350364963654,0.006272869837950728,0.004085890637225062,0.004304160688665687,0.005484460694698377,0.007633587786259479
2014-03-20,76.8,76.8,74.8,76.2,76.2,6505,-0.7740839916841735,-0.8155988574364627,-0.8531599356182826,-0.8101495589231845,-0.8101495589231845,-0.004702194357366764,-0.0036610878661088014,-0.005395057431256443,-0.005611379355343948,-0.004806185351582841,-0.003052769297863074
2014-03-21,76.5,76.5,75.1,75.1,75.1,6505,-0.7931632620564941,-0.8344239297448126,-0.8338900831592834,-0.8798347915779273,-0.8798347915779273,-0.016243122871365066,-0.016114240796541387,-0.017444395987789046,-0.01932619482893711,-0.01881369218709187,-0.01761576698351807
2014-03-24,75.1,76.4,75.1,76.1,76.1,6505,-0.8821998571273251,-0.8406989538475956,-0.8338900831592834,-0.8164845800736162,-0.8164845800736162,-0.002359727320398621,-0.003926701570680776,-0.003665881120712429,-0.005813573714808379,-0.0058005852842811555,-0.004795117698343604
2014-03-25,76.0,76.1,75.2,76.1,76.1,6505,-0.8249620460103623,-0.8595240261559464,-0.827466799006283,-0.8164845800736162,-0.8164845800736162,0.0,-0.0027519329052549855,-0.0033179079717104297,-0.005553740607644709,-0.005696665621407012,-0.004838498757682811
2014-03-26,76.1,76.2,75.5,75.5,75.5,6505,-0.818602289219589,-0.8532490020531625,-0.8081969465472837,-0.8544947069762026,-0.8544947069762026,-0.003957783641160913,-0.009965906110674076,-0.010225485055060319,-0.01262015301118163,-0.013020288642543522,-0.012426422498364797
2014-03-27,76.2,77.2,75.9,77.2,77.2,6505,-0.8122425324288148,-0.7904987610253289,-0.7825038099352841,-0.7467993474188734,-0.7467993474188734,0.015789473684210565,0.012060828526481406,0.011530398322851281,0.00967826314412758,0.009097563526090112,0.009502222997123272
2014-03-28,77.1,77.2,76.1,76.9,76.9,6505,-0.7550047213118528,-0.7904987610253289,-0.7696572416292852,-0.7658044108701666,-0.7658044108701666,0.007071765322158467,0.007203667321545664,0.0073356038773908375,0.006346921415952544,0.004755931849064549,0.005097372892432369
2014-03-31,77.0,77.5,76.2,77.5,77.5,6505,-0.7613644781026261,-0.771673688716979,-0.7632339574762849,-0.7277942839675803,-0.7277942839675803,0.01122129436325659,0.013601883337692806,0.013336820083682144,0.013800771796716684,0.01222506661093996,0.012277951933124316
2014-04-01,77.0,77.7,76.5,77.5,77.5,6505,-0.7613644781026261,-0.7591236405114121,-0.7439641050172856,-0.7277942839675803,-0.7277942839675803,0.00754030161206446,0.012939485034635928,0.012895355929249964,0.01313811360219635,0.011696517153151282,0.011749347258485714
2014-04-02,77.8,77.8,76.6,77.3,77.3,6505,-0.7104864237764373,-0.7528486164086291,-0.7375408208642862,-0.7404643262684427,-0.7404643262684427,0.0002587991718425986,0.009929448654298473,0.009138381201044423,0.01006141382464388,0.008769640340345526,0.00878719331825317
2014-04-03,77.4,77.4,76.6,77.4,77.4,6505,-0.7359254509395313,-0.777948712819762,-0.7375408208642862,-0.734129305118011,-0.734129305118011,0.0010346611484738527,0.009653013305504946,0.010092222028884917,0.010839754473031378,0.010021922956467281,0.009916492693110714
2014-04-07,76.7,77.0,76.1,76.6,76.6,6505,-0.7804437484749468,-0.8030488092308958,-0.7696572416292852,-0.7848094743214606,-0.7848094743214606,-0.008542583484338737,-0.0027340190079417777,-0.0006957731779442842,0.0003917983544467405,0.00020892092343036576,-0.0007392268556768966
2014-04-08,76.4,76.9,76.1,76.8,76.8,6505,-0.7995230188472674,-0.8093238333336787,-0.7696572416292852,-0.7721394320205982,-0.7721394320205982,-0.004149377593360908,-0.001040582726326721,0.0015649452269169317,0.002087682672233776,0.0028728127448419804,0.0018698091055354726
2014-04-09,76.8,76.8,76.1,76.5,76.5,6505,-0.7740839916841735,-0.8155988574364627,-0.7696572416292852,-0.7911444954718914,-0.7911444954718914,-0.005460218408736371,-0.005460218408736371,-0.001913542663303584,-0.0015010115512627408,-0.0010446591799425215,-0.0020437448362829883
2014-04-10,76.7,76.9,76.1,76.8,76.8,6505,-0.7804437484749468,-0.8093238333336787,-0.7696572416292852,-0.7721394320205982,-0.7721394320205982,-0.0002603488674825596,-0.003244646333549643,0.002174858634188654,0.001891592198812811,0.002768057659163173,0.0018262457605009207
2014-04-11,76.5,76.7,76.1,76.5,76.5,6505,-0.7931632620564941,-0.8218738815392457,-0.7696572416292852,-0.7911444954718914,-0.7911444954718914,-0.0018267223382046002,-0.00623538581449714,-0.0020003478865890066,-0.001696463526034131,-0.0010968348480100698,-0.0017398869073511085
2014-04-14,76.6,76.7,75.8,76.5,76.5,6505,-0.786803505265721,-0.8218738815392457,-0.7889270940882844,-0.7911444954718914,-0.7911444954718914,-0.0015661707126077334,-0.005718741876787077,-0.0032140375260598032,-0.0018918389979778226,-0.0010446591799425215,-0.00117508813160973
2014-04-15,76.7,77.2,75.9,77.2,77.2,6505,-0.7804437484749468,-0.7904987610253289,-0.7825038099352841,-0.7467993474188734,-0.7467993474188734,0.006518904823989569,0.003770641008971607,0.004946628482166229,0.006715785355675824,0.007149193758806056,0.007832898172323872
2014-04-16,76.4,78.0,76.2,77.3,77.3,6505,-0.7995230188472674,-0.7402985682030622,-0.7632339574762849,-0.7404643262684427,-0.7404643262684427,0.005724694249284384,0.00533229288594091,0.005201560468140331,0.00782268578878741,0.008295940728373105,0.00878719331825317
2014-04-17,76.8,77.1,76.6,76.7,76.7,6505,-0.7740839916841735,-0.7967737851281128,-0.7375408208642862,-0.778474453171029,-0.778474453171029,-0.001821967725143162,-0.0016920473773265059,-0.00363730839179009,0.00019560539870901178,0.00010431335732553302,0.0009134803601721672
2014-04-18,77.0,77.0,76.7,76.7,76.7,6505,-0.7613644781026261,-0.8030488092308958,-0.7311175367112858,-0.778474453171029,-0.778474453171029,-0.0023413111342350757,-0.0007816571130797586,-0.0032056835903656604,-0.00013036110024775276,0.0002608242044861244,0.0008699434536754615
2014-04-21,76.7,76.9,76.5,76.5,76.5,6505,-0.7804437484749468,-0.8093238333336787,-0.7439641050172856,-0.7911444954718914,-0.7911444954718914,-0.00494276795005197,-0.003257328990228013,-0.005460218408736555,-0.0036467830164105385,-0.002503520575809827,-0.0016964635260343162
2014-04-22,76.5,77.0,76.3,77.0,77.0,6505,-0.7931632620564941,-0.8030488092308958,-0.7568106733232854,-0.7594693897197359,-0.7594693897197359,0.0020822488287349896,0.0029959619643088412,0.001474031041359345,0.0022779043280181863,0.003701965691641793,0.004129537057161437
2014-04-23,77.0,77.7,76.4,76.4,76.4,6505,-0.7613644781026261,-0.7591236405114121,-0.750387389170285,-0.7974795166223222,-0.7974795166223222,-0.0033915992695015772,-0.004689942678478366,-0.005381010241277472,-0.0057261842790213135,-0.003807437542377137,-0.0034349319535632254
2014-04-24,77.0,77.1,76.3,76.8,76.8,6505,-0.7613644781026261,-0.7967737851281128,-0.7568106733232854,-0.7721394320205982,-0.7721394320205982,0.0015649452269171174,0.000521104742053049,0.00026048450117231356,-0.0013653208503998956,0.0015127014761879879,0.0014343460685876282
2014-04-25,77.2,77.2,75.6,76.0,76.0,6505,-0.7486449645210786,-0.7904987610253289,-0.8017736623942843,-0.822819601224047,-0.822819601224047,-0.0070551345701594746,-0.009255638117585814,-0.008954185864557082,-0.010996161103520058,-0.008816318013459072,-0.008566334739314002
2014-04-28,75.0,76.8,75.0,76.0,76.0,6505,-0.8885596139180983,-0.8155988574364627,-0.8403133673122828,-0.822819601224047,-0.822819601224047,-0.005756148613291626,-0.00860944429950426,-0.008436983560928866,-0.01041666666666663,-0.009281468349150111,-0.008480104370515404
2014-04-29,76.0,76.5,75.7,75.9,75.9,6505,-0.8249620460103623,-0.8344239297448126,-0.795350378241284,-0.8291546223744777,-0.8291546223744777,-0.004198373130411876,-0.008232065856526792,-0.00896587743732573,-0.010688216892596365,-0.010481852315394086,-0.009569377990430634
2014-04-30,76.4,77.0,75.9,75.9,75.9,6505,-0.7995230188472674,-0.8030488092308958,-0.7825038099352841,-0.8291546223744777,-0.8291546223744777,-0.002890173410404609,-0.006414452153423156,-0.00844800557394175,-0.009655532359081537,-0.010378637738604259,-0.009095260890378062
2014-05-02,76.8,76.8,76.1,76.5,76.5,6505,-0.7740839916841735,-0.8155988574364627,-0.7696572416292852,-0.7911444954718914,-0.7911444954718914,0.0057849066526424325,0.0017022390991226326,-0.00034846240961761696,-0.0013054830287205525,-0.003075479566305309,-0.001044659179942336
2014-05-05,76.5,76.8,75.8,76.0,76.0,6505,-0.7931632620564941,-0.8155988574364627,-0.7889270940882844,-0.822819601224047,-0.822819601224047,-0.0007888509071787599,-0.003931847968545179,-0.006449363778978639,-0.00692538873644324,-0.008971416649280231,-0.007487375935921864
2014-05-06,76.0,76.0,75.2,75.8,75.8,6505,-0.8249620460103623,-0.8657990502587294,-0.827466799006283,-0.8354896435249094,-0.8354896435249094,-0.002893975269666049,-0.005640823822642094,-0.008459056422778522,-0.009020787030984414,-0.011011951359532491,-0.010400800731102314
2014-05-07,75.0,76.7,75.0,75.4,75.4,6505,-0.8885596139180983,-0.8218738815392457,-0.8403133673122828,-0.8608297281266333,-0.8608297281266333,-0.006849315068493098,-0.008807677139476819,-0.012140798322997401,-0.01334729128500369,-0.015151515151515107,-0.015323001915375221
2014-05-08,75.5,75.9,75.1,75.8,75.8,6505,-0.8567608299642303,-0.8720740743615124,-0.8338900831592834,-0.8354896435249094,-0.8354896435249094,-0.0013175230566536036,-0.002762794369162057,-0.0055973412629002515,-0.007658571709105295,-0.009046697693876579,-0.00996995951064481
2014-05-09,75.9,76.0,75.1,76.0,76.0,6505,-0.8313218028011354,-0.8657990502587294,-0.8338900831592834,-0.822819601224047,-0.822819601224047,0.002638522427440671,0.0009219017516134255,-0.0023628248884222476,-0.004518959984281864,-0.005756148613291441,-0.00757377905458342
2014-05-12,75.8,75.9,75.1,75.9,75.9,6505,-0.8376815595919096,-0.8720740743615124,-0.8338900831592834,-0.8291546223744777,-0.8291546223744777,0.0015835312747427362,-0.0002634351949419918,-0.0029774936509323756,-0.0054379872895235805,-0.006284367635506543,-0.008318453029049119
2014-05-13,75.9,76.5,75.6,76.2,76.2,6505,-0.8313218028011354,-0.8344239297448126,-0.8017736623942843,-0.8101495589231845,-0.8101495589231845,0.00448194041655686,0.0034237555965236388,0.0012263489838824624,-0.0013106159895149977,-0.00214760882091021,-0.00409514681536986
2014-05-14,76.0,76.5,75.4,75.9,75.9,6505,-0.8249620460103623,-0.8344239297448126,-0.8146202307002831,-0.8291546223744777,-0.8291546223744777,-0.0007898894154818623,-0.0005267316302342908,-0.0017536168347215136,-0.004394307076801912,-0.005607378681479893,-0.007324091027988335
2014-05-15,75.9,75.9,74.8,75.1,75.1,6505,-0.8313218028011354,-0.8720740743615124,-0.8531599356182826,-0.8798347915779273,-0.8798347915779273,-0.009496175151675005,-0.010018455048774124,-0.011148174157303523,-0.013464696223316988,-0.01536605831760013,-0.01675831369468467
2014-05-16,75.1,75.1,73.9,74.2,74.2,6505,-0.8821998571273251,-0.92227426718378,-0.9109694929952804,-0.9368499819318068,-0.9368499819318068,-0.01669758812615962,-0.01890784080391388,-0.02076368115431996,-0.023684210526315752,-0.025837622098519107,-0.0272254512083206
2014-05-19,74.2,74.4,73.6,74.0,74.0,6505,-0.9394376682442871,-0.9661994359032627,-0.9302393454542806,-0.9495200242326692,-0.9495200242326692,-0.014384656366542332,-0.018957974280790227,-0.02168164992067708,-0.02458314110591175,-0.0271862018194247,-0.02840386887828799
2014-05-20,74.0,74.1,73.1,73.5,73.5,6505,-0.9521571818258345,-0.9850245082116136,-0.9623557662192795,-0.9811951299848248,-0.9811951299848248,-0.013952240407834802,-0.02260638297872344,-0.026146100167829825,-0.029254440995839705,-0.032232580186443455,-0.03365763870628454
2014-05-21,74.0,74.0,73.0,73.1,73.1,6505,-0.9521571818258345,-0.9912995323143966,-0.9687790503722791,-1.0065352145865496,-1.0065352145865496,-0.011895106785617674,-0.024943310657596432,-0.029044540866023212,-0.032044491525423754,-0.03541644674337588,-0.03735569114613063
2014-05-22,73.1,74.0,73.1,73.8,73.8,6505,-1.0093949929427974,-0.9912995323143966,-0.9623557662192795,-0.9621900665335317,-0.9621900665335317,0.0010851871947910783,-0.012973117560519097,-0.01792051100070969,-0.021090330282530885,-0.02437734651789956,-0.026984266502592953
2014-05-23,73.5,74.0,73.5,74.0,74.0,6505,-0.9839559657797026,-0.9912995323143966,-0.93666262960728,-0.9495200242326692,-0.9495200242326692,0.004343105320304118,-0.007643824594340986,-0.01307015204054401,-0.016611295681063124,-0.020334674857021836,-0.023145296136583792
2014-05-26,74.0,74.1,73.7,73.9,73.9,6505,-0.9521571818258345,-0.9850245082116136,-0.9238160613012801,-0.9558550453831,-0.9558550453831,0.0032582134129786736,-0.006319752588409099,-0.012560128273650236,-0.01656796859405156,-0.02020577004666932,-0.023348017621145543
2014-05-27,74.1,74.9,73.8,74.0,74.0,6505,-0.9457974250350613,-0.934824315389346,-0.9173927771482807,-0.9495200242326692,-0.9495200242326692,0.0032537960954448094,-0.002022926500337231,-0.009635974304068507,-0.01392497834632556,-0.01757739896978384,-0.020948180815876637
2014-05-28,74.0,74.6,73.7,74.0,74.0,6505,-0.9521571818258345,-0.9536493876976968,-0.9238160613012801,-0.9495200242326692,-0.9495200242326692,0.0008114687584528304,0.0005408328826391568,-0.008397355726282106,-0.012675116744496367,-0.016009786713472602,-0.019564545334098928
2014-05-29,74.1,74.3,73.7,73.8,73.8,6505,-0.9457974250350613,-0.9724744600060466,-0.9238160613012801,-0.9621900665335317,-0.9621900665335317,-0.0018934271030565401,-0.000406338886631466,-0.009307320565598642,-0.013962188522947448,-0.01731025299600529,-0.02070063694267519
2014-05-30,74.2,74.2,73.3,73.3,73.3,6505,-0.9394376682442871,-0.9787494841088297,-0.9495091979132798,-0.9938651722856872,-0.9938651722856872,-0.006775067750677507,-0.005966910767561673,-0.013635955862563758,-0.01854455379259545,-0.02214514407684094,-0.02587047045273331
2014-06-03,73.5,74.3,73.3,74.0,74.0,6505,-0.9839559657797026,-0.9724744600060466,-0.9495091979132798,-0.9495200242326692,-0.9495200242326692,0.0024383635871036654,0.0035259018171956216,-0.0025161754133716852,-0.007843400147482655,-0.011752136752136691,-0.015390074067503619
2014-06-04,74.0,74.0,73.3,73.5,73.5,6505,-0.9521571818258345,-0.9912995323143966,-0.9495091979132798,-0.9811951299848248,-0.9811951299848248,-0.0029842647856755137,-0.0032546786004881327,-0.006846230069363039,-0.013025379347388195,-0.017116876170098973,-0.02073988541990503
2014-06-05,74.0,74.0,73.3,74.0,74.0,6505,-0.9521571818258345,-0.9912995323143966,-0.9495091979132798,-0.9495200242326692,-0.9495200242326692,0.0037981551817688705,0.00230258702424491,0.0016242555495400487,-0.005376344086021581,-0.009423859498821931,-0.01276292969271149
2014-06-06,74.0,74.1,73.2,73.3,73.3,6505,-0.9521571818258345,-0.9850245082116136,-0.9559324820662792,-0.9938651722856872,-0.9938651722856872,-0.0043466449334421,-0.00650582813770675,-0.006236442516269088,-0.013126893301918659,-0.017426273458445003,-0.020751692198076162
2014-06-09,73.5,73.8,73.4,73.7,73.7,6505,-0.9839559657797026,-1.0038495805199634,-0.9430859137602794,-0.9685250876839624,-0.9685250876839624,0.0,-0.0006779661016948767,-0.00036169635590907803,-0.006202804746493983,-0.01057888518956069,-0.014046822742474879
2014-06-10,73.9,74.3,73.6,74.3,74.3,6505,-0.9585169386166078,-0.9724744600060466,-0.9302393454542806,-0.9305149607813761,-0.9305149607813761,0.007321041214750628,0.006911505624068372,0.007503163984812793,0.002969762419006272,-0.001612469766191945,-0.005265976436986758
2014-06-11,74.5,74.7,74.3,74.4,74.4,6505,-0.9203583978719665,-0.9473743635949129,-0.8852763563832816,-0.9241799396309445,-0.9241799396309445,0.006221260481471571,0.007720438845997662,0.008039020865324018,0.0055412893634276365,0.00048410521219966087,-0.0032154340836012176
2014-06-12,74.4,75.1,74.4,75.1,75.1,6505,-0.9267181546627397,-0.92227426718378,-0.8788530722302813,-0.8798347915779273,-0.8798347915779273,0.01267529665587915,0.01568839599675408,0.015688395996753885,0.015551048005408944,0.010060253927264774,0.006522516082916341
2014-06-13,75.1,75.4,74.7,75.4,75.4,6505,-0.8821998571273251,-0.9034491948754292,-0.859583219771282,-0.8608297281266333,-0.8608297281266333,0.010994904800214441,0.017543859649122962,0.018276762402088847,0.019401068072737136,0.01431338786052528,0.010769024531927365
2014-06-16,75.5,75.8,75.1,75.5,75.5,6505,-0.8567608299642303,-0.8783490984642963,-0.8338900831592834,-0.8544947069762026,-0.8544947069762026,0.007472644782492691,0.0158772874058126,0.01825211292932914,0.019856814804808845,0.015931966198396198,0.01256202780633914
2014-06-17,75.5,75.5,74.5,74.8,74.8,6505,-0.8567608299642303,-0.8971741707726462,-0.8724297880772819,-0.8988398550292205,-0.8988398550292205,-0.0031982942430702948,0.0053763440860213904,0.007995687718983025,0.00985554205481307,0.0071090047393365715,0.003712483785838752
2014-06-18,74.8,77.0,74.7,76.5,76.5,6505,-0.9012791274996458,-0.8030488092308958,-0.859583219771282,-0.7911444954718914,-0.7911444954718914,0.013782136231115715,0.024096385542168634,0.02859447830763732,0.030719482619240113,0.029831457649022782,0.026202825970309422
2014-06-19,76.5,76.5,75.2,75.8,75.8,6505,-0.7931632620564941,-0.8344239297448126,-0.827466799006283,-0.8354896435249094,-0.8354896435249094,0.002645502645502683,0.01228632478632481,0.017540719527474373,0.019433797323649964,0.020463112547118956,0.016630901287553772
2014-06-20,75.8,76.3,75.8,75.8,75.8,6505,-0.8376815595919096,-0.8469739779503795,-0.7889270940882844,-0.8354896435249094,-0.8354896435249094,0.0015856236786469947,0.00891787568215077,0.015722708593889374,0.0180646027802026,0.02007859180707313,0.016630901287553578
2014-06-23,75.9,76.8,75.9,76.8,76.8,6505,-0.8313218028011354,-0.8155988574364627,-0.7825038099352841,-0.7721394320205982,-0.7721394320205982,0.011324730050039498,0.01802757158006362,0.025915041410633152,0.02955962195857629,0.03209159812933405,0.02967465141222726
2014-06-24,76.8,77.3,75.9,76.4,76.4,6505,-0.7740839916841735,-0.7842237369225459,-0.7825038099352841,-0.7974795166223222,-0.7974795166223222,0.001835824809861196,0.00991407799074686,0.01839509464142889,0.022483940042826642,0.025393246362806817,0.02408292748313321
2014-06-25,77.0,77.3,76.4,77.1,77.1,6505,-0.7613644781026261,-0.7842237369225459,-0.750387389170285,-0.753134368569305,-0.753134368569305,0.00942655145326,0.015542676501580704,0.024448578262024834,0.029716193656093414,0.03279215560199316,0.03305046895935669
2014-06-26,77.4,77.7,77.1,77.7,77.7,6505,-0.7359254509395313,-0.7591236405114121,-0.7054244000992871,-0.7151242416667178,-0.7151242416667178,0.012245961438249058,0.0199527435022315,0.029048207663782376,0.03517186250999201,0.03827035116788717,0.040253480899678604
2014-06-27,77.7,78.2,77.5,78.0,78.0,6505,-0.7168461805672106,-0.7277485199974953,-0.6797312634872875,-0.6961191782154247,-0.6961191782154247,0.010362694300518097,0.020408163265305965,0.028752308098127236,0.03626943005181333,0.03994453629139772,0.04292017649418382
2014-06-30,78.0,78.7,77.8,77.8,77.8,6505,-0.6977669101948899,-0.6963733994835785,-0.6604614110282883,-0.7087892205162871,-0.7087892205162871,0.0051679586563306385,0.014738489630885554,0.022428596460487078,0.03053182329955616,0.03518015860343806,0.03857962888799874
2014-07-01,75.5,77.2,75.4,76.7,76.7,6505,-0.8567608299642303,-0.7904987610253289,-0.8146202307002831,-0.778474453171029,-0.778474453171029,-0.009811515620965725,-0.0020817069997397424,0.005857667424374968,0.014147824937194143,0.019025349418079426,0.022666666666666703
2014-07-02,76.9,76.9,75.2,75.5,75.5,6505,-0.7677242348933994,-0.8093238333336787,-0.827466799006283,-0.8544947069762026,-0.8544947069762026,-0.021260046668395132,-0.016414799374674376,-0.010830640230587841,-0.0030371055064043837,0.002283347493627828,0.005772646536412129
2014-07-03,75.6,76.0,74.9,75.0,75.0,6505,-0.850401073173457,-0.8657990502587294,-0.8467366514652822,-0.8861698127283582,-0.8861698127283582,-0.020887728459529954,-0.021909233176838898,-0.017295597484276642,-0.01029295328582741,-0.0048827088419487715,-0.0017303340875816538
2014-07-04,75.5,75.7,74.3,74.5,74.5,6505,-0.8567608299642303,-0.8846241225670793,-0.8852763563832816,-0.9178449184805136,-0.9178449184805136,-0.018445322793148953,-0.026779882429784418,-0.02307894046682409,-0.01766877637130806,-0.011883919571330054,-0.008693338064401703
2014-07-07,74.3,74.3,73.8,74.0,74.0,6505,-0.9330779114535138,-0.9724744600060466,-0.9173927771482807,-0.9495200242326692,-0.9495200242326692,-0.015171679531541131,-0.02976268519732542,-0.028361344537815265,-0.024454551446839414,-0.01887993211709809,-0.01534640290960706
2014-07-08,74.0,74.7,73.9,74.6,74.6,6505,-0.9521571818258345,-0.9473743635949129,-0.9109694929952804,-0.9115098973300829,-0.9115098973300829,-0.0016059957173448147,-0.019582073859902866,-0.020311679215549126,-0.016739159087913486,-0.011239529212172797,-0.0076708198465836215
2014-07-09,74.9,75.2,74.0,74.3,74.3,6505,-0.8949193707088716,-0.9159992430809961,-0.9045462088422809,-0.9305149607813761,-0.9305149607813761,-0.0024167561761545735,-0.01991821659411694,-0.022368421052631617,-0.02062874843471954,-0.01563328033916278,-0.01179287107643204
2014-07-10,74.9,75.9,74.3,75.9,75.9,6505,-0.8949193707088716,-0.8720740743615124,-0.8852763563832816,-0.8291546223744777,-0.8291546223744777,0.016608625770158172,0.0035700119000398023,-0.0014033856679237118,-6.587181345096439e-05,0.004552914394621318,0.008637873754152899
2014-07-11,75.7,76.2,75.2,75.2,75.2,6505,-0.8440413163826829,-0.8532490020531625,-0.827466799006283,-0.8734997704274957,-0.8734997704274957,0.0053475935828877766,-0.0019907100199069872,-0.010092145677928904,-0.009157388497266055,-0.005711867992384204,-0.0012838107043250788
2014-07-14,75.9,75.9,75.2,75.7,75.7,6505,-0.8313218028011354,-0.8720740743615124,-0.827466799006283,-0.8418246646753401,-0.8418246646753401,0.007452754857598988,0.007452754857599178,-0.0025474349964864137,-0.002700744351491974,-0.0001584953508030491,0.004289567947640985
2014-07-15,75.7,75.8,75.0,75.5,75.5,6505,-0.8440413163826829,-0.8783490984642963,-0.8403133673122828,-0.8544947069762026,-0.8544947069762026,0.0023898035050450425,0.006398293788323167,-0.004395604395604333,-0.0057940479325785076,-0.003431890179514323,0.0009722467739084899
2014-07-16,75.5,75.5,74.8,75.0,75.0,6505,-0.8567608299642303,-0.8971741707726462,-0.8531599356182826,-0.8861698127283582,-0.8861698127283582,-0.00609594487145518,0.0004001600640256254,-0.009159767482825553,-0.011401832201937771,-0.010345191597170985,-0.006315417568343322
2014-07-17,74.8,75.9,74.8,75.9,75.9,6505,-0.9012791274996458,-0.8720740743615124,-0.8531599356182826,-0.8291546223744777,-0.8291546223744777,0.005830903790087433,0.01119104716227042,0.004322512350035492,0.0003954132068013095,0.0011079455523902264,0.0047656870532170196
2014-07-18,75.9,76.1,75.5,75.5,75.5,6505,-0.8313218028011354,-0.8595240261559464,-0.8081969465472837,-0.8544947069762026,-0.8544947069762026,-0.00026483050847471174,0.004523682810005368,0.0012377331800901828,-0.004679981543734623,-0.004220522289633252,-0.0014988538176687939
2014-07-21,75.5,75.8,75.0,75.3,75.3,6505,-0.8567608299642303,-0.8783490984642963,-0.8403133673122828,-0.867164749277065,-0.867164749277065,-0.0018557794273594986,0.0001328197635808888,0.0007974481658692488,-0.006334125098970757,-0.0067535482509365335,-0.0048458149779736686
2014-07-22,75.3,76.2,75.2,76.0,76.0,6505,-0.8694803435457777,-0.8532490020531625,-0.827466799006283,-0.822819601224047,-0.822819601224047,0.0060894890124436555,0.007556675062972201,0.010727901409699512,0.0031678986272440485,0.001845504877405755,0.0036536514504554728
2014-07-24,75.4,76.1,75.1,76.1,76.1,6505,-0.8631205867550036,-0.8595240261559464,-0.8338900831592834,-0.8164845800736162,-0.8164845800736162,0.0044878563885954225,0.00648062425605072,0.011519716437749137,0.005151234975564474,0.0033753494014026946,0.00422275006598038
2014-07-25,76.1,76.1,75.4,75.5,75.5,6505,-0.818602289219589,-0.8595240261559464,-0.8146202307002831,-0.8544947069762026,-0.8544947069762026,-0.002378435517970304,-0.0009262935027128144,0.0031000885739592685,-0.0013227513227512477,-0.0043780989555859484,-0.003870173278212726
2014-07-28,75.6,76.3,75.5,76.1,76.1,6505,-0.850401073173457,-0.8469739779503795,-0.8081969465472837,-0.8164845800736162,-0.8164845800736162,0.003957783641160913,0.005815490351572796,0.00964089863789148,0.007880272829613918,0.003375349401402883,0.003737085073642534
2014-07-29,76.3,77.5,76.0,77.3,77.3,6505,-0.8058827756380416,-0.771673688716979,-0.7760805257822847,-0.7404643262684427,-0.7404643262684427,0.014435695538057668,0.01951991558955407,0.022576946820707443,0.02411234764175951,0.018928609089950532,0.018758511619733572
2014-07-30,77.0,77.5,76.7,76.7,76.7,6505,-0.7613644781026261,-0.771673688716979,-0.7311175367112858,-0.778474453171029,-0.778474453171029,0.004715745349751106,0.010007900974453584,0.012764084507042278,0.016163222045575163,0.01085982392324335,0.010007900974453584
2014-07-31,76.7,77.5,75.9,76.7,76.7,6505,-0.7804437484749468,-0.771673688716979,-0.7825038099352841,-0.778474453171029,-0.778474453171029,0.0031388961548521432,0.007751937984496169,0.01062895291637374,0.015356102727032181,0.01107302926443453,0.009919241573033857
2014-08-01,75.7,77.5,75.7,76.7,76.7,6505,-0.8440413163826829,-0.771673688716979,-0.795350378241284,-0.778474453171029,-0.778474453171029,0.0,0.006693791836198856,0.009919241573033668,0.01421487603305789,0.01160643629649182,0.009520466809985466
2014-08-04,77.4,77.4,75.1,75.2,75.2,6505,-0.7359254509395313,-0.777948712819762,-0.8338900831592834,-0.8734997704274957,-0.8734997704274957,-0.017250392054364967,-0.012605042016806641,-0.009831460674157343,-0.006079830822098781,-0.006709991018122201,-0.009961820336156502
2014-08-05,75.2,75.2,73.2,73.7,73.7,6505,-0.875840100336551,-0.9159992430809961,-0.9559324820662792,-0.9685250876839624,-0.9685250876839624,-0.02770448548812676,-0.030263157894736804,-0.02787548364403776,-0.025712208341595523,-0.024409615588266362,-0.0283881174195815
2014-08-06,73.7,75.0,73.5,74.2,74.2,6505,-0.9712364521981551,-0.9285492912865629,-0.93666262960728,-0.9368499819318068,-0.9368499819318068,-0.014608233731739632,-0.021366394091268854,-0.020160225371951626,-0.01884297520661153,-0.016489051481893852,-0.020849828450778547
2014-08-07,74.0,75.0,73.6,73.7,73.7,6505,-0.9521571818258345,-0.9285492912865629,-0.9302393454542806,-0.9685250876839624,-0.9685250876839624,-0.013386880856760375,-0.02487430537179142,-0.025647805393971414,-0.0250677954891196,-0.02218330414477521,-0.02599118942731298
2014-08-08,74.2,74.5,73.5,73.5,73.5,6505,-0.9394376682442871,-0.9599244118004798,-0.93666262960728,-0.9811951299848248,-0.9811951299848248,-0.0075614366729678945,-0.02494030246749795,-0.026232114467408637,-0.026167605167273858,-0.024059910771191812,-0.02683378939006096
2014-08-11,74.3,74.4,73.5,73.7,73.7,6505,-0.9330779114535138,-0.9661994359032627,-0.93666262960728,-0.9685250876839624,-0.9685250876839624,-0.0008134490238613947,-0.01916422677668368,-0.022027600849256854,-0.022546419098143273,-0.02098831030818276,-0.022330311739995626
2014-08-12,73.6,73.6,72.4,72.5,72.5,6505,-0.9775962089889293,-1.0163996287255304,-1.0073187552902776,-1.044545341489136,-1.044545341489136,-0.013873775843308081,-0.028931154567372042,-0.035562256119191366,-0.03641679957469424,-0.03616059558628023,-0.035989717223650346
2014-08-13,72.5,73.4,72.3,73.0,73.0,6505,-1.0475535336874386,-1.0289496769310964,-1.013742039443278,-1.0128702357369803,-1.0128702357369803,-0.0038209606986899717,-0.017364382824067926,-0.026320469500266893,-0.028156826199826866,-0.028686997711426975,-0.027746947835738008
2014-08-14,73.4,73.4,72.3,72.5,72.5,6505,-0.9903157225704758,-1.0289496769310964,-1.013742039443278,-1.044545341489136,-1.044545341489136,-0.007393209200438201,-0.018546094490320894,-0.02988403211418378,-0.03320442725696753,-0.034414788769911074,-0.03311847077128252
2014-08-15,72.5,72.8,72.1,72.3,72.3,6505,-1.0475535336874386,-1.066599821547797,-1.0265886077492776,-1.0572153837899982,-1.0572153837899982,-0.006868131868131868,-0.01538880566525937,-0.02979066022544282,-0.03355166421601397,-0.03522818254603684,-0.034627025102368
2014-08-18,73.2,73.2,72.3,72.5,72.5,6505,-1.0030352361520232,-1.0414997251366633,-1.013742039443278,-1.044545341489136,-1.044545341489136,-0.0008269018743107508,-0.009021323127391971,-0.023963381798599907,-0.028931154567372042,-0.03116313876416498,-0.031094084105488258
2014-08-19,73.0,73.3,73.0,73.3,73.3,6505,-1.0157547497335706,-1.0352247010338802,-0.9687790503722791,-0.9938651722856872,-0.9938651722856872,0.007975797579757953,0.0024617067833697017,-0.009637903080526098,-0.016899141630901355,-0.019214301006208426,-0.020097143621050716
2014-08-20,73.4,73.7,72.9,73.7,73.7,6505,-0.9903157225704758,-1.0101246046227466,-0.9752023345252785,-0.9685250876839624,-0.9685250876839624,0.011528959648641276,0.008621869440262895,-0.001535404624277408,-0.01000738800456719,-0.012911175399121379,-0.014354493580599202
2014-08-21,73.7,74.2,73.1,73.1,73.1,6505,-0.9712364521981551,-0.9787494841088297,-0.9623557662192795,-1.0065352145865496,-1.0065352145865496,0.0016442861057824687,0.001232707848239819,-0.006433490395070622,-0.01608452789555143,-0.01994958974633989,-0.021855486173059855
2014-08-22,73.1,75.1,73.1,74.8,74.8,6505,-1.0093949929427974,-0.92227426718378,-0.9623557662192795,-0.8988398550292205,-0.8988398550292205,0.01796407185628753,0.022696199070276136,0.018426068802759252,0.007271747912738918,0.003434213350504212,0.0013833727520191613
2014-08-25,74.8,75.3,73.5,75.3,75.3,6505,-0.9012791274996458,-0.9097242189782131,-0.93666262960728,-0.867164749277065,-0.867164749277065,0.01701782820097252,0.027285129604365622,0.025140678889090544,0.014551333872271602,0.010250080498014326,0.008032128514056148
2014-08-26,75.3,75.3,74.5,74.9,74.9,6505,-0.8694803435457777,-0.9097242189782131,-0.8724297880772819,-0.8925048338787889,-0.8925048338787889,0.007261968800430423,0.018493336959478024,0.0185856754306438,0.010796221322537266,0.005099302200751606,0.0030354432639941894
2014-08-27,74.9,76.0,74.4,76.0,76.0,6505,-0.8949193707088716,-0.8657990502587294,-0.8788530722302813,-0.822819601224047,-0.822819601224047,0.015771184175354083,0.02925243770314188,0.03186097031136854,0.026125700398298823,0.019860440150295276,0.017539161869058614
2014-08-28,75.6,76.3,75.4,76.3,76.3,6505,-0.850401073173457,-0.8469739779503795,-0.8146202307002831,-0.8038145377727538,-0.8038145377727538,0.01113172541743975,0.028024791161411995,0.03350189633375469,0.03045445337294882,0.023776298840704046,0.020963425512934827
2014-08-29,75.9,76.3,74.7,75.5,75.5,6505,-0.8313218028011354,-0.8469739779503795,-0.859583219771282,-0.8544947069762026,-0.8544947069762026,-0.0013227513227512477,0.012878991145693696,0.02082206598161157,0.02047712374129892,0.013042078145126585,0.010438972162740914
2014-09-01,75.5,76.2,74.8,76.0,76.0,6505,-0.8567608299642303,-0.8532490020531625,-0.8531599356182826,-0.822819601224047,-0.822819601224047,0.0034327964087667133,0.01482173854987314,0.02545650805073316,0.02668017561634575,0.019805700177124134,0.01690379554881587
2014-09-02,76.0,76.0,74.9,75.7,75.7,6505,-0.8249620460103623,-0.8657990502587294,-0.8467366514652822,-0.8418246646753401,-0.8418246646753401,-0.0026350461133070203,0.0075868494609344795,0.018476993452327777,0.021247892074199026,0.016653236637120726,0.012709030100334487
2014-09-03,75.7,76.0,74.9,76.0,76.0,6505,-0.8440413163826829,-0.8657990502587294,-0.8467366514652822,-0.822819601224047,-0.822819601224047,0.0013175230566534165,0.008492569002123149,0.019769210126129488,0.024051741561678858,0.021066208082545113,0.016722408026755852
2014-09-04,76.0,76.4,74.8,76.4,76.4,6505,-0.8249620460103623,-0.8406989538475956,-0.8531599356182826,-0.7974795166223222,-0.7974795166223222,0.006322444678609114,0.009380367287620662,0.021572472811553004,0.027572293207801097,0.026605751142166137,0.02193686463349385
2014-09-05,75.5,76.3,75.5,75.9,75.9,6505,-0.8567608299642303,-0.8469739779503795,-0.8081969465472837,-0.8291546223744777,-0.8291546223744777,-0.0013157894736843224,0.0013192612137204291,0.011640305669095453,0.019202363367799204,0.02032585900951767,0.015067760342368217
2014-09-09,75.5,76.3,75.5,76.0,76.0,6505,-0.8567608299642303,-0.8469739779503795,-0.8081969465472837,-0.822819601224047,-0.822819601224047,0.0,0.001713457229471592,0.00983258038798824,0.018971643091774376,0.021230851921526447,0.016450448040658074
2014-09-10,75.5,75.5,74.0,74.0,74.0,6505,-0.8567608299642303,-0.8971741707726462,-0.9045462088422809,-0.9495200242326692,-0.9495200242326692,-0.021940259053661072,-0.023489047242016378,-0.01735127478753548,-0.00884007500669698,-0.00580395528804818,-0.00884007500669698
2014-09-11,74.0,74.0,73.3,73.6,73.6,6505,-0.9521571818258345,-0.9912995323143966,-0.9495091979132798,-0.974860108834394,-0.974860108834394,-0.021016227720138315,-0.025681758009001826,-0.022576361221779587,-0.014593653768911547,-0.010859047414256624,-0.012831403406804814
2014-09-12,73.6,75.2,73.6,73.8,73.8,6505,-0.9775962089889293,-0.9159992430809961,-0.9302393454542806,-0.9621900665335317,-0.9621900665335317,-0.011518885614787028,-0.019790144773542424,-0.020527340293753322,-0.012775065213029208,-0.00822447992259306,-0.008863819500402857
2014-09-15,73.8,74.1,73.6,73.9,73.9,6505,-0.964876695407382,-0.9850245082116136,-0.9302393454542806,-0.9558550453831,-0.9558550453831,-0.004847831941825818,-0.016371622520963715,-0.018418489329673108,-0.012494153805037779,-0.00709410436932326,-0.006275212909009248
2014-09-16,73.9,73.9,73.5,73.6,73.6,6505,-0.9585169386166078,-0.9975745564171796,-0.93666262960728,-0.974860108834394,-0.974860108834394,-0.0024396855516401034,-0.017225263720123115,-0.020929407591344505,-0.01722526372012293,-0.011071697301945583,-0.009598995245357561
2014-09-17,73.6,74.1,71.7,72.6,72.6,6505,-0.9775962089889293,-0.9850245082116136,-1.0522817443612764,-1.0382103203387052,-1.0382103203387052,-0.012244897959183751,-0.026548672566371737,-0.03225806451612924,-0.030124908155767946,-0.024560649218036263,-0.022573262128079648
2014-09-18,72.7,73.3,72.5,73.3,73.3,6505,-1.0348340201058914,-1.0352247010338802,-1.0008954711372782,-0.9938651722856872,-0.9938651722856872,-0.0019063180827886789,-0.013591710402368526,-0.020577231427044443,-0.02051179261040971,-0.015314347125201513,-0.01275029182005934
2014-09-19,73.3,73.6,72.8,73.3,73.3,6505,-0.99667547936125,-1.0163996287255304,-0.9816256186782788,-0.9938651722856872,-0.9938651722856872,-0.0005454049631852502,-0.009459459459459498,-0.01795284030010723,-0.020642661500434253,-0.01573745837361689,-0.01257296811854518
2014-09-22,72.6,72.7,72.1,72.7,72.7,6505,-1.0411937768966655,-1.0728748456505801,-1.0265886077492776,-1.0318752991882736,-1.0318752991882736,-0.005471956224350089,-0.013300760043431106,-0.02354942693409738,-0.02729462135402719,-0.024003866394587004,-0.020303656454945567
2014-09-23,72.1,72.7,72.1,72.3,72.3,6505,-1.0729925608505335,-1.0728748456505801,-1.0265886077492776,-1.0572153837899982,-1.0572153837899982,-0.007413509060955605,-0.013777110898922454,-0.025694007726170153,-0.03070116637618992,-0.029269602577873345,-0.025080906148867495
2014-09-24,72.3,74.3,72.3,73.9,73.9,6505,-1.060273047268986,-0.9724744600060466,-1.013742039443278,-0.9558550453831,-0.9558550453831,0.010943912448700566,0.008185538881309802,-0.0025195716728156313,-0.008585994097129065,-0.008106947277998485,-0.004132602641272003
2014-09-25,73.9,73.9,72.5,73.0,73.0,6505,-0.9585169386166078,-0.9975745564171796,-1.0008954711372782,-1.0128702357369803,-1.0128702357369803,-0.0005476451259584645,-0.003276897870016315,-0.012000360913110407,-0.018685307164941718,-0.019818465008861905,-0.016260893001527225
2014-09-26,72.9,73.8,72.8,73.5,73.5,6505,-1.022114506524344,-1.0038495805199634,-0.9816256186782788,-0.9811951299848248,-0.9811951299848248,0.0057471264367816325,0.0039612074853163,-0.0026234847114168024,-0.010101010101010102,-0.013316866240670197,-0.009967672413793035
2014-09-29,73.8,73.8,72.5,73.0,73.0,6505,-0.964876695407382,-1.0038495805199634,-1.0008954711372782,-1.0128702357369803,-1.0128702357369803,-0.0019141372709873495,-0.0016411378555797368,-0.006802721088435374,-0.01517706576728499,-0.019080892233270648,-0.017011535526729047
2014-09-30,72.5,74.5,72.1,73.8,73.8,6505,-1.0475535336874386,-0.9599244118004798,-1.0265886077492776,-0.9621900665335317,-0.9621900665335317,0.004901960784313718,0.009023789991796509,0.00608924838680368,-0.002904816591231553,-0.007530930607853715,-0.006818589628566221
2014-10-01,73.6,73.7,72.7,73.1,73.1,6505,-0.9775962089889293,-1.0101246046227466,-0.9880489028312783,-1.0065352145865496,-1.0065352145865496,-0.0024563318777293505,-0.0012296761852712585,-0.0026378024376932153,-0.01062461934086771,-0.01599181563644199,-0.016150740242261142
2014-10-02,73.0,73.9,72.3,72.4,72.4,6505,-1.0157547497335706,-0.9975745564171796,-1.013742039443278,-1.0508803626395666,-1.0508803626395666,-0.010388190267905835,-0.009575923392612705,-0.011109087597887441,-0.017705718743640277,-0.02352179542511868,-0.025003366701081678
2014-10-03,72.7,72.8,72.2,72.5,72.5,6505,-1.0348340201058914,-1.066599821547797,-1.0201653235962773,-1.044545341489136,-1.044545341489136,-0.006304824561403423,-0.00712133662010422,-0.008569605251162538,-0.01373962726159713,-0.020164342091036926,-0.023393650936195023
2014-10-06,72.3,72.5,72.0,72.0,72.0,6505,-1.060273047268986,-1.085424893856147,-1.0330118919022773,-1.0762204472412915,-1.0762204472412915,-0.010445299615173048,-0.013022618231665563,-0.0136986301369863,-0.0179363022573825,-0.02507718138980669,-0.028907971047071143
2014-10-07,72.0,72.2,71.0,71.3,71.3,6505,-1.079352317641307,-1.1042499661644969,-1.0972447334322752,-1.1205655952943094,-1.1205655952943094,-0.013285358427899362,-0.021276595744680812,-0.021231811110094267,-0.02435686918445541,-0.032091659426585636,-0.03661667342251058
2014-10-08,70.9,71.7,70.9,71.7,71.7,6505,-1.1493096423398161,-1.1356250866784137,-1.1036680175852747,-1.0952255106925846,-1.0952255106925846,-0.0038899694359542506,-0.012804626187525908,-0.014929474262685368,-0.01733707942164052,-0.024542882020026146,-0.029813720626043025
2014-10-09,71.7,71.9,71.0,71.9,71.9,6505,-1.0984315880136275,-1.1230750384728467,-1.0972447334322752,-1.0825554683917222,-1.0825554683917222,0.0002782415136337788,-0.008549365692222897,-0.010913426265590458,-0.0134467618002194,-0.019634578674665906,-0.025305015815634796
2014-10-13,71.5,72.3,71.1,71.1,71.1,6505,-1.111151101595175,-1.097974942061714,-1.0908214492792758,-1.1332356375951718,-1.1332356375951718,-0.006983240223463688,-0.016325401217487642,-0.019941187281749758,-0.022613238023231976,-0.027732195602231783,-0.03387988042395153
2014-10-14,71.1,71.5,70.3,70.4,70.4,6505,-1.1365901287582696,-1.1481751348839806,-1.142207722503274,-1.177580785648189,-1.177580785648189,-0.012345679012345616,-0.022493751735629054,-0.027534763790404163,-0.029902163428413776,-0.03439951719975835,-0.04117673764016897
2014-10-15,70.4,70.4,68.6,69.2,69.2,6505,-1.1811084262936842,-1.217200400014597,-1.251403553104271,-1.2536010394533625,-1.2536010394533625,-0.02342647473892177,-0.03297931805477901,-0.04137421499815291,-0.043538355217691664,-0.04730436698056051,-0.05460175782139445
2014-10-16,69.0,69.6,68.8,69.5,69.5,6505,-1.2701450213645151,-1.2674005928368648,-1.2385569847982714,-1.2345959760020693,-1.2345959760020693,-0.013064470320931578,-0.02387640449438206,-0.03329005934718117,-0.03732945494840354,-0.04079717345699444,-0.04781476914645835
2014-10-17,69.5,69.6,67.5,68.0,68.0,6505,-1.238346237410647,-1.2674005928368648,-1.3220596787872687,-1.329621293258536,-1.329621293258536,-0.023549684089603683,-0.03900508762012424,-0.04974846282839578,-0.054636452106214276,-0.05858899102890685,-0.06494935142320203
2014-10-20,68.0,68.8,68.0,68.7,68.7,6505,-1.3337425892722514,-1.3176007856591314,-1.2899432580222696,-1.285276145205518,-1.285276145205518,-0.006651243493348666,-0.02387041773231021,-0.03565412689500289,-0.04184100418410042,-0.04620425390126066,-0.051977920883164656
2014-10-21,68.2,68.4,67.5,68.4,68.4,6505,-1.321023075690704,-1.3427008820702644,-1.3220596787872687,-1.3042812086568112,-1.3042812086568112,-0.005235602094240829,-0.023136246786632255,-0.035714285714285685,-0.04315590683360137,-0.04745989304812836,-0.05285021924763438
2014-10-22,69.3,69.3,68.3,69.0,69.0,6505,-1.2510657509921945,-1.2862256651452146,-1.2706734055632705,-1.2662710817542249,-1.2662710817542249,0.00407450523864961,-0.011319673305631066,-0.022847432024169133,-0.032529444756029265,-0.03663576454819626,-0.041444778884000937
2014-10-23,67.7,68.5,67.6,68.3,68.3,6505,-1.352821859644572,-1.3364258579674813,-1.3156363946342693,-1.3106162298072428,-1.3106162298072428,-0.0026285046728970886,-0.016558675305975604,-0.028357359635811923,-0.03856981981981975,-0.04411353076191011,-0.04865818553254721
2014-10-24,68.5,68.5,67.0,67.7,67.7,6505,-1.3019438053183834,-1.3364258579674813,-1.3541760995522678,-1.348626356709829,-1.348626356709829,-0.010523238819058738,-0.01926698536868026,-0.03258073735352959,-0.043447545037089405,-0.04953108328185553,-0.05442525257227964
2014-10-27,67.8,68.0,66.7,68.0,68.0,6505,-1.3464621028537989,-1.3678009784813983,-1.373445952011267,-1.329621293258536,-1.329621293258536,-0.004100761570005875,-0.010477299185098935,-0.024110218140068983,-0.03546099290780142,-0.042469302692351094,-0.0476635077727464
2014-10-28,68.7,70.4,68.7,69.3,69.3,6505,-1.289224291736836,-1.217200400014597,-1.2449802689512708,-1.2472660183029316,-1.2472660183029316,0.012269938650306799,0.010056843025797955,-0.0028776978417266595,-0.014435042309606778,-0.022291196388261828,-0.027368421052631618
2014-10-29,70.0,70.8,69.5,70.8,70.8,6505,-1.206547453456779,-1.1921003036034643,-1.1935939957272725,-1.152240701046465,-1.152240701046465,0.02877070619006109,0.02951868547331666,0.019193857965450988,0.009050096201810093,-0.00028240609997170324,-0.00501241392233124
2014-10-30,70.0,71.1,70.0,71.1,71.1,6505,-1.206547453456779,-1.1732752312951145,-1.1614775749622734,-1.1332356375951718,-1.1332356375951718,0.024791006053617743,0.03148121282460449,0.024102170155559807,0.01477199743095692,0.005543927136957571,-9.375585974134841e-05
2014-10-31,71.1,71.3,70.0,71.3,71.3,6505,-1.1365901287582696,-1.1607251830895475,-1.1614775749622734,-1.1205655952943094,-1.1205655952943094,0.01711840228245368,0.02945423043603821,0.0275749423520368,0.018425939151549664,0.009343148357870847,0.0036599099099099822
2014-11-03,70.7,70.8,69.3,69.7,69.7,6505,-1.1620291559213636,-1.1921003036034643,-1.2064405640332723,-1.221925933701207,-1.221925933701207,-0.010505394662123722,0.004901960784313775,0.005868770444487405,-0.0024330900243307216,-0.011179207808421245,-0.01720248166948673
2014-11-04,69.7,69.7,68.5,68.7,68.7,6505,-1.2256267238290997,-1.2611255687340808,-1.2578268372572705,-1.285276145205518,-1.285276145205518,-0.023037542662115905,-0.009943795936014004,-0.006938421509106735,-0.014417904024101506,-0.02298196711985872,-0.029478244490487745
2014-11-05,68.6,68.9,68.4,68.8,68.8,6505,-1.29558404852761,-1.3113257615563476,-1.2642501214102702,-1.2789411240550872,-1.2789411240550872,-0.01601830663615567,-0.008216808418624872,-0.005109418683119717,-0.0112101178499569,-0.018768897255975848,-0.02646101598981206
2014-11-06,69.2,69.5,68.2,68.2,68.2,6505,-1.257425507782968,-1.2736756169396477,-1.2770966897162699,-1.3169512509576735,-1.3169512509576735,-0.0164407268531872,-0.016724336793540694,-0.012548262548262454,-0.017361861537353192,-0.024599542334096093,-0.032349602724177084
2014-11-07,68.2,68.9,68.2,68.3,68.3,6505,-1.321023075690704,-1.3113257615563476,-1.2770966897162699,-1.3106162298072428,-1.3106162298072428,-0.006400931044515533,-0.016133679055027435,-0.011386664093409174,-0.013362224629830223,-0.020872756465393702,-0.02877186329809916
2014-11-10,68.3,70.0,68.3,70.0,70.0,6505,-1.3146633188999306,-1.242300496425731,-1.2706734055632705,-1.2029208702499137,-1.2029208702499137,0.01744186046511632,0.005458201666187812,0.01195065535851968,0.011999421714616347,0.0049385551854830645,-0.002943690057924178
2014-11-11,70.0,70.6,69.9,70.6,70.6,6505,-1.206547453456779,-1.2046503518090312,-1.1679008591152729,-1.1649107433473274,-1.1649107433473274,0.020526163631107285,0.012186379928315332,0.018465089440276996,0.020526163631107073,0.014367816091954025,0.006749691035269657
2014-11-12,70.4,70.4,67.2,68.3,68.3,6505,-1.1811084262936842,-1.217200400014597,-1.341329531246268,-1.3106162298072428,-1.3106162298072428,-0.011291256514186467,-0.017266187050359753,-0.014050620729477374,-0.01207781876039644,-0.016983304548071485,-0.023495210408426035
2014-11-13,68.4,69.6,68.0,69.4,69.4,6505,-1.3083035621091565,-1.2674005928368648,-1.2899432580222696,-1.2409309971525,-1.2409309971525,0.0011540680900172862,0.0010096639261504023,0.0007690828686792204,0.003905684941414668,0.00017294056609212623,-0.00601546834717828
2014-11-14,69.0,69.4,67.8,68.4,68.4,6505,-1.2701450213645151,-1.2799506410424308,-1.3027898263282696,-1.3042812086568112,-1.3042812086568112,-0.013556388808768353,-0.009269988412514491,-0.014314535498126706,-0.010845986984815618,-0.012245841035120133,-0.018463598966803718
2014-11-17,68.6,68.8,67.3,67.5,67.5,6505,-1.29558404852761,-1.3176007856591314,-1.3349062470932684,-1.3612963990106914,-1.3612963990106914,-0.0194654270772807,-0.019180470793374125,-0.026816608996539783,-0.023013460703430355,-0.02321139152581615,-0.029056386651323304
2014-11-18,68.3,69.4,68.0,69.4,69.4,6505,-1.3146633188999306,-1.2799506410424308,-1.2899432580222696,-1.2409309971525,-1.2409309971525,0.011661807580175093,0.007403106401509727,0.0004805382027872992,0.0037604859704947224,0.004865052704737613,-0.0004800768122899391
2014-11-19,69.5,70.0,68.7,68.7,68.7,6505,-1.238346237410647,-1.242300496425731,-1.2449802689512708,-1.285276145205518,-1.285276145205518,0.0002912055911472921,-0.00261324041811836,-0.007607858243451523,-0.006148282097649145,-0.004982330108336832,-0.009325129782734011
2014-11-20,68.7,70.0,68.7,70.0,70.0,6505,-1.289224291736836,-1.242300496425731,-1.2449802689512708,-1.2029208702499137,-1.2029208702499137,0.01744186046511632,0.013611352447147583,0.012243324014267773,0.01141453547175252,0.013552646820340448,0.010246788858421245
2014-11-21,70.0,70.2,69.7,70.0,70.0,6505,-1.206547453456779,-1.229750448220164,-1.1807474274212726,-1.2029208702499137,-1.2029208702499137,0.012731481481481415,0.011122345803842415,0.01351351351351357,0.009736747205192891,0.012379960661807164,0.011171032357472932
2014-11-24,70.0,70.8,69.7,70.7,70.7,6505,-1.206547453456779,-1.1921003036034643,-1.1807474274212726,-1.1585757221968958,-1.1585757221968958,0.013474770642201801,0.020202020202020284,0.022661523625843723,0.017852001151742142,0.021322084826072077,0.021479483721826207
2014-11-25,70.7,70.7,69.5,69.5,69.5,6505,-1.1620291559213636,-1.1983753277062472,-1.1935939957272725,-1.2345959760020693,-1.2345959760020693,-0.004012611063341948,0.0044804162451221605,0.0045288109462324035,0.00043184108248166313,0.003349309926661858,0.004577210310768434
2014-11-26,69.6,70.0,69.5,69.5,69.5,6505,-1.231986480619874,-1.242300496425731,-1.1935939957272725,-1.2345959760020693,-1.2345959760020693,-0.006291106662853842,0.0027413071706824084,0.003851709195955692,0.0013687774656004448,0.003059692876111351,0.0044320262067635285
2014-11-27,70.0,70.5,69.9,70.3,70.3,6505,-1.206547453456779,-1.2109253759118142,-1.1679008591152729,-1.1839158067986206,-1.1839158067986206,0.004285714285714245,0.012968299711815437,0.013357678262540987,0.013479420457002638,0.013435589897359044,0.015602427044206852
2014-11-28,69.5,70.0,69.5,70.0,70.0,6505,-1.238346237410647,-1.242300496425731,-1.1935939957272725,-1.2029208702499137,-1.2029208702499137,0.0,0.006325474410580966,0.007387508394895934,0.010101010101010142,0.007774258566081289,0.010295391128644351
2014-12-01,68.8,69.4,68.1,68.8,68.8,6505,-1.2828645349460626,-1.2799506410424308,-1.2835199738692702,-1.2789411240550872,-1.2789411240550872,-0.011778224648089735,-0.012770842301621475,-0.008740754970704099,-0.006569922749260161,-0.009957980774765545,-0.007071727522008875
2014-12-02,69.4,70.1,67.7,68.0,68.0,6505,-1.2447059942014205,-1.236025472322948,-1.309213110481269,-1.329621293258536,-1.329621293258536,-0.019042123485285736,-0.022286125089863367,-0.017814155031295152,-0.017624963883270714,-0.02073732718894006,-0.01842852331232243
2014-12-03,68.0,68.9,67.5,68.5,68.5,6505,-1.3337425892722514,-1.3113257615563476,-1.3220596787872687,-1.2979461875063805,-1.2979461875063805,-0.008969907407407473,-0.014813749460664478,-0.010782709155675406,-0.010187125207716384,-0.012228182499855786,-0.010973144672249364
2014-12-04,69.4,69.4,68.5,68.5,68.5,6505,-1.2447059942014205,-1.2799506410424308,-1.2578268372572705,-1.2979461875063805,-1.2979461875063805,-0.0037812681791738064,-0.012683770539060385,-0.009924841009828494,-0.010401618029471234,-0.010744613251689674,-0.011068334937439833
2014-12-05,68.1,68.8,68.0,68.3,68.3,6505,-1.327382832481478,-1.3176007856591314,-1.2899432580222696,-1.3106162298072428,-1.3106162298072428,-0.0017538731365096516,-0.01314838896113294,-0.012720439433362382,-0.013290956370991067,-0.011920606446386177,-0.01424035408447991
2014-12-08,67.7,68.2,67.4,68.2,68.2,6505,-1.352821859644572,-1.3552509302758313,-1.3284829629402681,-1.3169512509576735,-1.3169512509576735,-0.0014641288433381305,-0.011020881670533715,-0.014830508474576128,-0.013452914798206374,-0.012510135526468265,-0.015778333654030974
2014-12-09,68.0,68.0,67.1,67.6,67.6,6505,-1.3337425892722514,-1.3678009784813983,-1.3477528153992684,-1.3549613778602607,-1.3549613778602607,-0.009088243916740025,-0.017013232514177922,-0.021802045147597832,-0.020005798782255665,-0.020573746740075366,-0.023638727071397674
2014-12-10,67.6,67.9,67.1,67.5,67.5,6505,-1.3591816164353463,-1.3740760025841812,-1.3477528153992684,-1.3612963990106914,-1.3612963990106914,-0.007644810349897238,-0.015604491760245112,-0.022117056210160385,-0.020887728459529995,-0.021285233731585713,-0.02353168097212864
2014-12-11,67.0,67.4,66.7,66.9,66.9,6505,-1.3973401571799875,-1.405451123098098,-1.373445952011267,-1.3993065259132778,-1.3993065259132778,-0.011816838995568643,-0.019492891689872463,-0.02789886660854385,-0.027828235123156173,-0.02925300365662533,-0.030247390800154508
2014-12-12,66.7,67.5,65.7,65.7,65.7,6505,-1.416419427552308,-1.399176098995315,-1.4376787935412652,-1.4753267797184515,-1.4753267797184515,-0.022030366180410894,-0.030973451327433545,-0.0413424124513618,-0.043389633080955205,-0.04522467011567762,-0.04505813953488364
2014-12-15,65.7,65.7,63.1,63.7,63.7,6505,-1.4800169954600444,-1.5121265328454152,-1.6046841815192603,-1.6020272027270737,-1.6020272027270737,-0.0389257694628847,-0.05335116659236127,-0.06415279138099893,-0.06993721711198723,-0.07088681446907817,-0.07142857142857131
2014-12-16,63.6,66.4,63.5,64.6,64.6,6505,-1.6135718880662904,-1.4682013641259315,-1.5789910449072613,-1.545012012373194,-1.545012012373194,-0.016443361753958562,-0.03510082150858863,-0.04635370534396222,-0.05347985347985356,-0.054449648711943785,-0.05642923219241458
2014-12-17,65.9,65.9,64.1,64.3,64.3,6505,-1.467297481878497,-1.4995764846398483,-1.5404513399892628,-1.5640170758244873,-1.5640170758244873,-0.011377613776137684,-0.03351871336239296,-0.045899693342566036,-0.05482875202116719,-0.056631455399061024,-0.058748902117693014
2014-12-18,66.6,66.6,64.1,65.0,65.0,6505,-1.4227791843430824,-1.4556513159203655,-1.5404513399892628,-1.5196719277714694,-1.5196719277714694,0.005258274048871071,-0.017830160169235307,-0.030429594272076463,-0.04101504868692831,-0.04389268063073657,-0.0470139771283354
2014-12-19,65.2,66.0,64.6,66.0,66.0,6505,-1.5118157794139124,-1.4933014605370654,-1.5083349192242637,-1.4563217162671582,-1.4563217162671582,0.019777503090234877,0.0007581501137224739,-0.011581469648562407,-0.023379698135543036,-0.02781051143059164,-0.03126376045794818
2014-12-22,66.5,66.6,65.7,66.2,66.2,6505,-1.4291389411338555,-1.4556513159203655,-1.4376787935412652,-1.443651673966296,-1.443651673966296,0.015026065624041766,0.006844106463878371,-0.0060060060060058785,-0.017147947442654608,-0.024116988029954534,-0.026518307926082174
2014-12-23,66.2,67.5,66.0,66.8,66.8,6505,-1.4482182115061764,-1.399176098995315,-1.418408941082266,-1.4056415470637096,-1.4056415470637096,0.017362168748096263,0.017207248363027186,0.004209260372820222,-0.006248140434394551,-0.013760113388058852,-0.015862102833570712
2014-12-24,67.3,67.7,66.8,67.7,67.7,6505,-1.378260886807667,-1.386626050789748,-1.3670226678582675,-1.348626356709829,-1.348626356709829,0.02050045221585769,0.030598264576038828,0.018555667001003022,0.008490987635930182,0.00011818235537448705,-0.0023087881318465337
2014-12-25,68.0,68.0,67.2,67.4,67.4,6505,-1.3337425892722514,-1.3678009784813983,-1.341329531246268,-1.3676314201611224,-1.3676314201611224,0.008680035917389977,0.025250988743535305,0.01516216487599169,0.006195416884377406,-0.002781558856601589,-0.005753060923439835
2014-12-26,67.1,69.0,67.1,68.5,68.5,6505,-1.3909804003892143,-1.3050507374535645,-1.3477528153992684,-1.2979461875063805,-1.2979461875063805,0.01752822341057624,0.03756437443199014,0.03152293946390925,0.02376326408608584,0.01439402914346654,0.010423837152128971
2014-12-27,68.5,68.5,68.0,68.0,68.0,6505,-1.3019438053183834,-1.3364258579674813,-1.2899432580222696,-1.329621293258536,-1.329621293258536,0.004728132387706966,0.023325808878856238,0.024199216788834257,0.01689845969792127,0.00860278849006227,0.0028019466155433967
2014-12-29,68.1,69.6,68.1,68.5,68.5,6505,-1.327382832481478,-1.2674005928368648,-1.2835199738692702,-1.2979461875063805,-1.2979461875063805,0.007056748015289469,0.02483542788749247,0.030798555377207066,0.02399282457582763,0.016622143069160055,0.0106226025376217
2014-12-30,68.9,69.2,68.0,68.1,68.1,6505,-1.2765047781552885,-1.2925006892479975,-1.2899432580222696,-1.3232862721081051,-1.3232862721081051,0.0,0.013091341862540844,0.024162823340685823,0.01831775700934571,0.011526350187154387,0.005017709563163949
2014-12-31,68.1,69.9,68.0,68.7,68.7,6505,-1.327382832481478,-1.248575520528514,-1.2899432580222696,-1.285276145205518,-1.285276145205518,0.00497366881217091,0.01642254771415889,0.031325060048038526,0.027136129176945467,0.021409455842997287,0.0145212896874231
2015-01-05,68.7,69.0,66.6,67.4,67.4,6505,-1.289224291736836,-1.3050507374535645,-1.3798692361642675,-1.3676314201611224,-1.3676314201611224,-0.010859994129732828,-0.004872287021999089,0.0100909181736437,0.008378216636744498,0.003633331347906576,-0.0034008576075704538
2015-01-06,66.7,66.7,65.1,65.1,65.1,6505,-1.416419427552308,-1.4493762918175817,-1.4762184984592646,-1.5133369066210387,-1.5133369066210387,-0.03641207815275323,-0.03726708074534156,-0.025740796168811718,-0.023768463672490185,-0.028474212034383974,-0.03474521820787823
2015-01-07,65.1,65.1,64.5,64.6,64.6,6505,-1.5181755362046865,-1.549776677462116,-1.514758203377263,-1.545012012373194,-1.545012012373194,-0.032644504342617654,-0.04154302670623162,-0.03322358575276862,-0.029082437814684038,-0.033975355903816326,-0.039833531510107115
2015-01-08,65.0,66.5,65.0,66.2,66.2,6505,-1.5245352929954599,-1.4619263400231486,-1.482641782612264,-1.443651673966296,-1.443651673966296,-0.003012048192771127,-0.01561338289962821,-0.011153156741684968,-0.004061982849405687,-0.008685235100329414,-0.014440970671430681
2015-01-09,66.3,66.4,65.3,65.7,65.7,6505,-1.441858454715403,-1.4682013641259315,-1.4633719301532648,-1.4753267797184515,-1.4753267797184515,-0.0015197568389056888,-0.020572450805008878,-0.01930540352273842,-0.01069116096973338,-0.014519709605807936,-0.01964685401641377
2015-01-12,65.6,66.2,64.8,65.2,65.2,6505,-1.4863767522508184,-1.4807514123314984,-1.495488350918264,-1.5070018854706069,-1.5070018854706069,-0.0024479804161566185,-0.023220973782771492,-0.025993426949506945,-0.017850418016117923,-0.020197162779514218,-0.02477937877050385
2015-01-13,65.0,66.3,65.0,66.2,66.2,6505,-1.5245352929954599,-1.4744763882287155,-1.482641782612264,-1.443651673966296,-1.443651673966296,0.009454101860323338,-0.005558059185819506,-0.011054675829100611,-0.004660953240114302,-0.003972075108329258,-0.008536768009585041
2015-01-14,66.2,66.3,65.1,65.5,65.5,6505,-1.4482182115061764,-1.4744763882287155,-1.4762184984592646,-1.4879968220193138,-1.4879968220193138,-0.0039537712895377905,-0.011619133846386149,-0.020243318707618748,-0.015851551348508644,-0.01325700512202464,-0.017794661601519556
2015-01-15,66.0,66.2,65.0,65.5,65.5,6505,-1.4609377250877236,-1.4807514123314984,-1.482641782612264,-1.4879968220193138,-1.4879968220193138,-0.0018287107589150342,-0.007726102105741631,-0.0180891465120927,-0.016737971928244316,-0.012066365007541435,-0.016319583500200126
2015-01-16,65.1,65.4,64.5,64.8,64.8,6505,-1.5181755362046865,-1.530951605153765,-1.514758203377263,-1.5323419700723317,-1.5323419700723317,-0.009779951100244507,-0.01249619018591904,-0.02605210420841685,-0.0271000675624952,-0.021384559623051993,-0.0250263303074378
2015-01-19,65.8,66.0,65.0,65.4,65.4,6505,-1.473657238669271,-1.4933014605370654,-1.482641782612264,-1.4943318431697445,-1.4943318431697445,-0.0012217470983503986,-0.0003057169061446318,-0.013971253392300667,-0.017649267743146783,-0.01214428131230723,-0.0145655449522851
2015-01-20,65.6,65.9,65.2,65.6,65.6,6505,-1.4863767522508184,-1.4995764846398483,-1.4697952143062643,-1.481661800868883,-1.481661800868883,0.0036719706242349277,0.0019856422789063,-0.008564231738035421,-0.014200916672928204,-0.010259505129752667,-0.010259505129752667
2015-01-21,65.5,66.4,65.3,66.4,66.4,6505,-1.4927365090415918,-1.4682013641259315,-1.4633719301532648,-1.4309816316654334,-1.4309816316654334,0.013121757705218177,0.011424219345011423,0.005654281098546064,-0.0018789928598271326,0.0007234145165179921,0.002415458937198231
2015-01-22,66.5,67.4,66.5,67.2,67.2,6505,-1.4291389411338555,-1.405451123098098,-1.386292520317267,-1.3803014624619847,-1.3803014624619847,0.02003642987249534,0.02205323193916354,0.018696311268317344,0.010526315789473727,0.011012818198230717,0.014645930847048147
2015-01-23,67.5,67.5,67.0,67.5,67.5,6505,-1.3655413732261195,-1.399176098995315,-1.3541760995522678,-1.3612963990106914,-1.3612963990106914,0.01626016260162599,0.023813135143333733,0.024486491955883784,0.014961281106683778,0.014000721067179459,0.018867924528301886
2015-01-26,67.5,67.5,66.5,67.0,67.0,6505,-1.3655413732261195,-1.399176098995315,-1.386292520317267,-1.392971504762847,-1.392971504762847,0.003895714713814667,0.013462411132960227,0.01730944427573642,0.008580460635255268,0.0058851789574825225,0.010659694288012823
2015-01-27,67.3,67.8,67.0,67.8,67.8,6505,-1.378260886807667,-1.380351026686965,-1.3541760995522678,-1.3422913355593984,-1.3422913355593984,0.00922893718368569,0.023087369850611154,0.026650514839491077,0.02077687443541117,0.01691864650827934,0.02062321240403439
2015-01-28,67.6,68.0,67.0,68.0,68.0,6505,-1.3591816164353463,-1.3678009784813983,-1.3541760995522678,-1.329621293258536,-1.329621293258536,0.007407407407407408,0.022248947684906855,0.02615694164989941,0.024173507041192702,0.019184652278177474,0.021890497420227372
2015-01-29,67.5,67.6,67.1,67.2,67.2,6505,-1.3655413732261195,-1.392901074892532,-1.3477528153992684,-1.3803014624619847,-1.3803014624619847,-0.004444444444444402,0.007647323436797198,0.013065326633165944,0.01281085154483811,0.0074962518740629685,0.00840336134453785
2015-01-30,67.3,67.8,67.2,67.2,67.2,6505,-1.378260886807667,-1.380351026686965,-1.341329531246268,-1.3803014624619847,-1.3803014624619847,-0.0035587188612098888,0.004034065441506205,0.011540391369794265,0.013956997359486942,0.007617105499910182,0.007294893574497819
2015-02-02,68.0,68.5,67.5,68.1,68.1,6505,-1.3337425892722514,-1.3364258579674813,-1.3220596787872687,-1.3232862721081051,-1.3232862721081051,0.006503103754064407,0.013392857142857015,0.022113267960776405,0.02699442014779056,0.021357010018597283,0.0197154978787122
2015-02-03,69.0,69.4,68.8,69.4,69.4,6505,-1.2701450213645151,-1.2799506410424308,-1.2385569847982714,-1.2409309971525,-1.2409309971525,0.02088849661665198,0.02693104468777756,0.03830041891083209,0.043216835776024046,0.03998081879757825,0.037524293616385186
2015-02-04,70.3,71.0,69.0,69.6,69.6,6505,-1.1874681830844585,-1.1795502553978974,-1.2257104164922716,-1.2282609548516386,-1.2282609548516386,0.019033674963396738,0.025036818851251672,0.03705175325320351,0.04230625233994741,0.04229064334491409,0.039064443891515206
2015-02-05,69.0,69.4,68.0,68.6,68.6,6505,-1.2701450213645151,-1.2799506410424308,-1.2899432580222696,-1.2916111663559497,-1.2916111663559497,0.0002916302128899974,0.008230452674897153,0.01901366607248962,0.02548770461170467,0.027007605245822918,0.023676880222841108
2015-02-06,68.8,68.9,68.1,68.7,68.7,6505,-1.2828645349460626,-1.3113257615563476,-1.2835199738692702,-1.285276145205518,-1.285276145205518,-0.00261324041811836,0.007922535211267697,0.016572950577093883,0.02468491311805527,0.028504700880292395,0.024506636178356793
2015-02-09,68.9,68.9,68.1,68.2,68.2,6505,-1.2765047781552885,-1.3113257615563476,-1.2835199738692702,-1.3169512509576735,-1.3169512509576735,-0.010159651669085671,-0.0011716461628587917,0.0063944909001476214,0.014956469975444748,0.02053031663374633,0.01720194889131952
2015-02-10,68.2,69.2,68.0,68.8,68.8,6505,-1.321023075690704,-1.2925006892479975,-1.2899432580222696,-1.2789411240550872,-1.2789411240550872,0.00029078220412904945,0.006142146826557289,0.012062371285672155,0.02190865206089854,0.027233635929288076,0.025742967895835293
2015-02-11,68.7,69.0,68.0,69.0,69.0,6505,-1.289224291736836,-1.3050507374535645,-1.2899432580222696,-1.2662710817542249,-1.2662710817542249,0.004951937081270076,0.0075934579439251755,0.012422967817666008,0.022222222222222223,0.027519656897784114,0.028469220450141768
2015-02-12,69.0,69.7,68.5,69.7,69.7,6505,-1.2701450213645151,-1.2611255687340808,-1.2578268372572705,-1.221925933701207,-1.221925933701207,0.011904761904762013,0.014113196566274017,0.02019906323185026,0.029390045783488326,0.035784342863936294,0.03807774412947434
2015-02-13,69.5,69.9,69.4,69.9,69.9,6505,-1.238346237410647,-1.248575520528514,-1.200017279880272,-1.2092558914003444,-1.2092558914003444,0.011284722222222238,0.013043478260869648,0.020735981308411238,0.028470536305451367,0.03616958197450359,0.04043661622426199
2015-02-24,70.0,70.5,69.9,70.3,70.3,6505,-1.206547453456779,-1.2109253759118142,-1.1679008591152729,-1.1839158067986206,-1.1839158067986206,0.010928961748633954,0.015602427044206852,0.02328966521106251,0.03064066852367672,0.03895720028375496,0.04488703923900113
2015-02-25,70.3,70.5,69.5,70.0,70.0,6505,-1.1874681830844585,-1.2109253759118142,-1.1935939957272725,-1.2029208702499137,-1.2029208702499137,0.00315276583548293,0.010392609699769037,0.01675220296310646,0.022943153587607883,0.03220478943022292,0.0379083675184106
2015-02-26,70.0,70.0,68.8,68.8,68.8,6505,-1.206547453456779,-1.242300496425731,-1.2385569847982714,-1.2789411240550872,-1.2789411240550872,-0.0134786349297392,-0.005780346820809331,-0.0014513788098694995,0.0036469730123997084,0.012539000412079672,0.018002466091245405
2015-03-02,68.8,69.0,67.6,67.7,67.7,6505,-1.2828645349460626,-1.3050507374535645,-1.3156363946342693,-1.348626356709829,-1.348626356709829,-0.023651571964234216,-0.02040225727101717,-0.01789168278529982,-0.012759752096244987,-0.004938561937797615,0.0009857072449481943
2015-03-03,67.7,68.0,66.7,67.3,67.3,6505,-1.352821859644572,-1.3678009784813983,-1.373445952011267,-1.373966441311554,-1.373966441311554,-0.022086602731764167,-0.024213426127301752,-0.023788801856686984,-0.01844964632100927,-0.012269578490078646,-0.0057125972618930895
2015-03-04,67.6,68.0,67.0,67.7,67.7,6505,-1.3591816164353463,-1.3678009784813983,-1.3541760995522678,-1.348626356709829,-1.348626356709829,-0.0087847730600292,-0.017701683110853145,-0.0176066557028152,-0.01311953352769667,-0.0077387582810577145,-0.0010329054153756438
2015-03-05,67.9,68.0,67.0,67.0,67.0,6505,-1.3401023460630246,-1.3678009784813983,-1.3541760995522678,-1.392971504762847,-1.392971504762847,-0.010339734121122641,-0.025312772766947846,-0.025501793852419234,-0.022753792298716484,-0.018803819342744887,-0.011750823540980386
2015-03-06,67.2,67.8,67.0,67.6,67.6,6505,-1.38462064359844,-1.380351026686965,-1.3541760995522678,-1.3549613778602607,-1.3549613778602607,0.00207530388378278,-0.01457725947521866,-0.014864470999708484,-0.013714619200466849,-0.010712404144471104,-0.003929273084479358
2015-03-09,67.6,68.2,67.0,67.8,67.8,6505,-1.3591816164353463,-1.3552509302758313,-1.3541760995522678,-1.3422913355593984,-1.3422913355593984,0.004742145820984106,-0.008916825025581047,-0.011181332036946996,-0.011229400612512909,-0.008133887295921521,-0.0021096011382035775
2015-03-10,67.9,68.2,67.6,67.9,67.9,6505,-1.3401023460630246,-1.3552509302758313,-1.3156363946342693,-1.3359563144089668,-1.3359563144089668,0.0044378698224853755,-0.004544788154229618,-0.008952028802179572,-0.010276218934479765,-0.006903410752939715,-0.002155383560301673
2015-03-11,67.5,67.5,66.8,67.1,67.1,6505,-1.3655413732261195,-1.399176098995315,-1.3670226678582675,-1.3866364836124163,-1.3866364836124163,-0.0056312981624184275,-0.01163647076152609,-0.019579193454120448,-0.02122383487710595,-0.018661518661518814,-0.014732514316479817
2015-03-12,67.1,67.8,67.0,67.8,67.8,6505,-1.3909804003892143,-1.380351026686965,-1.3541760995522678,-1.3422913355593984,-1.3422913355593984,0.0023654642223535863,0.001921087631151318,-0.008385335413416394,-0.00985761226725078,-0.008424008424008535,-0.005524861878453224
2015-03-13,67.8,68.1,67.4,67.4,67.4,6505,-1.3464621028537989,-1.3615259543786151,-1.3284829629402681,-1.3676314201611224,-1.3676314201611224,-0.002958579881656637,-0.001925070339108477,-0.012695312499999903,-0.014115409931982582,-0.01392790262172282,-0.011875091628793258
2015-03-16,67.3,67.7,67.2,67.2,67.2,6505,-1.378260886807667,-1.386626050789748,-1.341329531246268,-1.3803014624619847,-1.3803014624619847,-0.004149377593360802,-0.004149377593360802,-0.01321585903083688,-0.016033384581594333,-0.016853932584269676,-0.014807213018618839
2015-03-17,67.2,68.0,67.2,67.5,67.5,6505,-1.38462064359844,-1.3678009784813983,-1.341329531246268,-1.3612963990106914,-1.3612963990106914,0.0014836795252224674,0.0,-0.006476302619958754,-0.010771598153440308,-0.012638230647709178,-0.010409030933880572
2015-03-18,67.6,68.2,67.5,68.2,68.2,6505,-1.3591816164353463,-1.3552509302758313,-1.3220596787872687,-1.3169512509576735,-1.3169512509576735,0.008577343981070663,0.00962250185048121,0.005899705014749347,-0.0005129332454018699,-0.002457289960215191,-0.000732600732600691
2015-03-19,68.5,69.0,68.4,69.0,69.0,6505,-1.3019438053183834,-1.3050507374535645,-1.2642501214102702,-1.2662710817542249,-1.2662710817542249,0.016799292661361636,0.01845018450184502,0.018700787401574787,0.011063081544435423,0.009480337078651629,0.010396837018597277
2015-03-20,68.6,68.8,68.0,68.5,68.5,6505,-1.29558404852761,-1.3176007856591314,-1.2899432580222696,-1.2979461875063805,-1.2979461875063805,0.0061692126909516365,0.00972877358490561,0.01161760362311699,0.004104368220463224,0.002810798149557783,0.002830372828420978
2015-03-23,68.4,68.5,67.6,68.0,68.0,6505,-1.3083035621091565,-1.3364258579674813,-1.3156363946342693,-1.329621293258536,-1.329621293258536,-0.0035169988276671903,0.0020630710285882785,0.003937007874015734,-0.001981360534233582,-0.004159100228457499,-0.0048780487804877355
2015-03-24,67.9,67.9,67.2,67.3,67.3,6505,-1.3401023460630246,-1.3740760025841812,-1.341329531246268,-1.373966441311554,-1.373966441311554,-0.013196480938416504,-0.007374631268436578,-0.006397637795275647,-0.01036688478788322,-0.013601453948525698,-0.015169991707721504
2015-03-25,67.2,67.8,67.1,67.4,67.4,6505,-1.38462064359844,-1.380351026686965,-1.3477528153992684,-1.3676314201611224,-1.3676314201611224,-0.009406231628453651,-0.0063393778564056116,-0.00462735059564831,-0.006778661951075652,-0.011672238840987628,-0.013369766761003127
2015-03-26,67.2,68.8,67.2,68.8,68.8,6505,-1.38462064359844,-1.3176007856591314,-1.341329531246268,-1.2789411240550872,-1.2789411240550872,0.0117647058823529,0.012807301634034892,0.01425061425061428,0.014749262536873156,0.008856824447181642,0.007418976962124291
2015-03-27,68.8,69.3,68.6,69.2,69.2,6505,-1.2828645349460626,-1.2862256651452146,-1.251403553104271,-1.2536010394533625,-1.2536010394533625,0.015556207807455272,0.016003523711643194,0.01854577568442751,0.020347979946918244,0.014603249076300437,0.013473930872876416
2015-03-30,68.9,69.6,68.3,69.3,69.3,6505,-1.2765047781552885,-1.2674005928368648,-1.2706734055632705,-1.2472660183029316,-1.2472660183029316,0.01315789473684198,0.014344262295081817,0.018518518518518382,0.0206185567010308,0.01630785475450218,0.014591771997462347
2015-03-31,69.4,69.5,68.2,68.5,68.5,6505,-1.2447059942014205,-1.2736756169396477,-1.2770966897162699,-1.2979461875063805,-1.2979461875063805,-0.0020396270396272546,0.00116924875767317,0.006169212690951846,0.007945850500294173,0.005401279868490504,0.002977207281956169
2015-04-01,68.8,68.8,67.5,67.6,67.6,6505,-1.2828645349460626,-1.3176007856591314,-1.3220596787872687,-1.3549613778602607,-1.3549613778602607,-0.015725101921956877,-0.011117612638970233,-0.007536458843104661,-0.005224045324111603,-0.006233094202046433,-0.009910657618513057
2015-04-02,67.8,68.6,67.5,67.9,67.9,6505,-1.3464621028537989,-1.3301508338646983,-1.3220596787872687,-1.3359563144089668,-1.3359563144089668,-0.008759124087591158,-0.005128205128205045,-0.003229594832648251,-0.0014705882352940341,-0.0005887547836324999,-0.00507961316792025
2015-04-07,68.4,70.5,68.4,70.5,70.5,6505,-1.3083035621091565,-1.2109253759118142,-1.2642501214102702,-1.171245764497758,-1.171245764497758,0.025305410122163974,0.029948867786705583,0.03180798126646522,0.03455866167730559,0.03664274791201042,0.03226121333398409
2015-04-08,70.5,72.7,70.0,72.0,72.0,6505,-1.174748669502911,-1.0728748456505801,-1.1614775749622734,-1.0762204472412915,-1.0762204472412915,0.038961038961039,0.04575163398692819,0.048849179372632674,0.05332455562870325,0.05602816075095325,0.05304212168486759
2015-04-09,72.0,72.0,71.0,71.6,71.6,6505,-1.079352317641307,-1.1168000143700638,-1.0972447334322752,-1.1015605318430164,-1.1015605318430164,0.024027459954233513,0.03348729792147796,0.03888566453859536,0.044645462503647544,0.04751872659176016,0.04632471138389577
2015-04-10,71.6,72.7,71.6,72.6,72.6,6505,-1.1047913448044016,-1.0728748456505801,-1.0587050285142767,-1.0382103203387052,-1.0382103203387052,0.02368866328257181,0.04011461318051572,0.04893084184164885,0.05500254305020703,0.059111863219933364,0.05975087582717012
2015-04-13,72.6,73.3,72.1,73.1,73.1,6505,-1.0411937768966655,-1.0352247010338802,-1.0265886077492776,-1.0065352145865496,-1.0065352145865496,0.01584213451917733,0.04086572689733739,0.052000383766669815,0.05819339895773011,0.06262356087917188,0.06544235534178684
2015-04-14,72.6,73.2,72.1,72.3,72.3,6505,-1.0411937768966655,-1.0414997251366633,-1.0265886077492776,-1.0572153837899982,-1.0572153837899982,-0.0002765486725663167,0.024950382761553803,0.03670777172354463,0.04291381175622062,0.04812989272252817,0.051993403821903046
2015-04-15,72.3,72.8,70.9,71.6,71.6,6505,-1.060273047268986,-1.066599821547797,-1.1036680175852747,-1.1015605318430164,-1.1015605318430164,-0.008859357696566813,0.011728133389854435,0.02314947127750772,0.02954921273995244,0.0356998206329918,0.039841216052669895
2015-04-16,72.1,74.2,71.6,74.1,74.1,6505,-1.0729925608505335,-0.9787494841088297,-1.0587050285142767,-0.9431850030822385,-0.9431850030822385,0.01869672807258729,0.03883359035468942,0.05205868433506849,0.06046511627906968,0.06803113289132313,0.07261761158021712
2015-04-17,74.0,75.0,73.5,74.4,74.4,6505,-0.9521571818258345,-0.9285492912865629,-0.93666262960728,-0.9241799396309445,-0.9241799396309445,0.017783857729138323,0.03318983474517449,0.049365303244005634,0.060055567428937855,0.06786083362039261,0.07348980377068125
2015-04-20,74.0,75.5,73.8,75.0,75.0,6505,-0.9521571818258345,-0.8971741707726462,-0.9173927771482807,-0.8861698127283582,-0.8861698127283582,0.020685900925422027,0.03135313531353137,0.0516967374030102,0.0640561821664184,0.07204116638078911,0.0779992334227675
2015-04-21,75.0,75.2,74.0,75.1,75.1,6505,-0.8885596139180983,-0.9159992430809961,-0.9045462088422809,-0.8798347915779273,-0.8798347915779273,0.01431658562938955,0.026236676687619594,0.04732242469319446,0.0605097790016239,0.06876529857118452,0.07557168090896078
2015-04-22,75.1,76.6,74.7,76.6,76.6,6505,-0.8821998571273251,-0.8281489056420296,-0.859583219771282,-0.7848094743214606,-0.7848094743214606,0.020788912579957197,0.040195545898967865,0.061039800535598855,0.07516316934521727,0.08431006171790957,0.09246493938673642
2015-04-23,76.8,79.1,76.5,78.6,78.6,6505,-0.7740839916841735,-0.6712733030724456,-0.7439641050172856,-0.6581090513128384,-0.6581090513128384,0.035027653410587264,0.05730427764326077,0.0786825251601098,0.09455507589472208,0.10567184334908825,0.11531548576293632
2015-04-24,78.6,80.0,78.5,79.6,79.6,6505,-0.6596083694502486,-0.6147980861473951,-0.6154984219572893,-0.5947588398085273,-0.5947588398085273,0.03403481423746434,0.06076759061833693,0.08054298642533922,0.0991438829052749,0.11260203511126017,0.1228664127521509
2015-04-27,79.6,82.2,78.9,81.4,81.4,6505,-0.5960108015425125,-0.4767475558861609,-0.5898052853452898,-0.48072845910076656,-0.48072845910076656,0.04012266802964497,0.07288783445367077,0.09164059007599477,0.11430527036276535,0.1299278178789561,0.14096154744661993
2015-04-28,81.4,81.6,80.4,81.5,81.5,6505,-0.4815351793085867,-0.5143977005028616,-0.4934560230502925,-0.4743934379503358,-0.4743934379503358,0.024641689715866333,0.06133611147284794,0.08233731739707839,0.10635987239530319,0.12320837927232632,0.13488674340883797
2015-04-29,81.4,83.5,81.1,81.9,81.9,6505,-0.4815351793085867,-0.3951722425499774,-0.4484930339792946,-0.44905335334861096,-0.44905335334861096,0.016129032258064658,0.052428681572860424,0.07819905213270159,0.10236220472440971,0.12013786312161505,0.13272785948089086
2015-04-30,82.7,83.5,79.0,79.0,79.0,6505,-0.3988583410285299,-0.3951722425499774,-0.5833820011922902,-0.6327689667111136,-0.6327689667111136,-0.020823004462072296,0.008811135231771136,0.03331008022322986,0.055867415129644576,0.07360295716460095,0.08685682839585435
2015-05-04,80.0,80.9,80.0,80.5,80.5,6505,-0.5705717743794176,-0.5583228692223444,-0.5191491596622921,-0.5377436494546469,-0.5377436494546469,-0.00445213950037083,0.02002027369488087,0.0457261626396468,0.06671967137083411,0.08625249635666879,0.10128140818094765
2015-05-05,80.8,81.8,80.1,81.3,81.3,6505,-0.5196937200532289,-0.5018476522972947,-0.5127258755092927,-0.48706348025119817,-0.48706348025119817,0.005690252350321545,0.02199874292897549,0.04867142488606062,0.06784002101530166,0.08969547501608396,0.10602212951206223
2015-05-06,81.0,81.8,80.2,81.3,81.3,6505,-0.5069742064716816,-0.5018476522972947,-0.5063025913562923,-0.48706348025119817,-0.48706348025119817,0.006188118811881188,0.014095048022951171,0.04061780015359652,0.06031953048581676,0.0826719224418047,0.09963931469792596
2015-05-07,81.0,81.3,80.0,80.4,80.4,6505,-0.5069742064716816,-0.5332227728112116,-0.5191491596622921,-0.5440786706050776,-0.5440786706050776,-0.0012422360248446499,-0.001862197392923544,0.02142796646057443,0.04286918736623655,0.06439313704723582,0.0814203730272598
2015-05-08,80.4,80.6,78.7,79.5,79.5,6505,-0.5451327472163229,-0.5771479415306953,-0.6026518536512895,-0.601093860958958,-0.601093860958958,-0.013647642679900675,-0.014136904761904942,0.005395835089790193,0.025938830816879664,0.04638306833736971,0.0634977258539196
2015-05-11,79.8,80.8,78.8,79.7,79.7,6505,-0.5832912879609651,-0.5645978933251283,-0.5962285694982901,-0.5884238186580957,-0.5884238186580957,-0.009199403281949391,-0.01177929324240549,0.003441329528286141,0.023829404586036405,0.042375098090504965,0.060357443789081484
2015-05-12,80.1,82.2,79.9,81.0,81.0,6505,-0.5642120175886444,-0.4767475558861609,-0.5255724438152916,-0.5060685437024913,-0.5060685437024913,0.007713361532719461,0.004838109415705432,0.014698513445799396,0.03527607361963197,0.052166683986282936,0.07185391028185778
2015-05-13,81.0,82.1,80.5,80.5,80.5,6505,-0.5069742064716816,-0.4830225799889448,-0.4870327388972931,-0.5377436494546469,-0.5377436494546469,0.003490401396160573,-0.00012420817289766372,0.003907549052211497,0.02352193261284163,0.04026672180295668,0.059954353932584185
2015-05-14,80.1,80.3,79.0,79.6,79.6,6505,-0.5642120175886444,-0.5959730138390451,-0.5833820011922902,-0.5947588398085273,-0.5947588398085273,-0.005745690731951136,-0.008470353761833667,-0.009786034168187387,0.006957621758380736,0.024611265575120892,0.04338707563245495
2015-05-15,74.3,78.7,74.3,76.1,76.1,6505,-0.9330779114535138,-0.6963733994835785,-0.8852763563832816,-0.8164845800736162,-0.8164845800736162,-0.04132023179642229,-0.048631078884860617,-0.05135876340064827,-0.03853442830069503,-0.022705090666255725,-0.005791926142054726
2015-05-18,76.1,76.9,75.3,76.9,76.9,6505,-0.818602289219589,-0.8093238333336787,-0.8210435148532835,-0.7658044108701666,-0.7658044108701666,-0.024359299670134327,-0.03428356147180698,-0.039230384807596205,-0.02995900346893724,-0.014607893388006157,0.0006072172102708328
2015-05-19,77.9,80.3,77.0,80.1,80.1,6505,-0.7041266669856632,-0.5959730138390451,-0.7118476842522865,-0.5630837340563717,-0.5630837340563717,0.01856561546286869,0.007420450257829067,0.0018344034019844222,0.007167106752168907,0.022727272727272745,0.036758995599275035
2015-05-20,80.1,80.1,77.5,78.8,78.8,6505,-0.5642120175886444,-0.608523062044612,-0.6797312634872875,-0.645439009011976,-0.645439009011976,0.006385696040868455,-0.005803684077718822,-0.012201236837706785,-0.011478391770683136,0.0027996945787732105,0.016293366579252667
2015-05-21,78.1,79.3,76.2,78.1,78.1,6505,-0.6914071534041167,-0.6587232548668787,-0.7632339574762849,-0.689784157064994,-0.689784157064994,0.0012820512820512092,-0.011767683158294405,-0.017857142857143054,-0.021180599072565632,-0.009386098427194433,0.004630820684332199
2015-05-22,78.8,79.2,78.0,78.6,78.6,6505,-0.6468888558687013,-0.6649982789696617,-0.6476148427222884,-0.6581090513128384,-0.6581090513128384,0.0012738853503183988,-0.004307068659741619,-0.01123783965112393,-0.014914149642812355,-0.00531511009870921,0.008036935704514345
2015-05-25,78.6,78.6,76.3,77.0,77.0,6505,-0.6596083694502486,-0.7026484235863624,-0.7568106733232854,-0.7594693897197359,-0.7594693897197359,-0.019358125318390346,-0.021227914071437672,-0.028513752207923352,-0.033391915641476234,-0.026843941155654357,-0.014336917562723893
2015-05-26,77.1,78.4,77.0,77.6,77.6,6505,-0.7550047213118528,-0.7151984717919284,-0.7118476842522865,-0.7214592628171496,-0.7214592628171496,-0.005383235067931322,-0.009319545512575054,-0.01788727640904481,-0.023530892160563793,-0.020548291008229417,-0.008560112431327479
2015-05-27,77.0,77.2,75.6,76.5,76.5,6505,-0.7613644781026261,-0.7904987610253289,-0.8017736623942843,-0.7911444954718914,-0.7911444954718914,-0.013666838576585717,-0.01834980110355438,-0.0278719078278549,-0.03433476394849784,-0.03511427274103214,-0.02435913786506819
2015-05-28,76.6,76.9,75.0,75.2,75.2,6505,-0.786803505265721,-0.8093238333336787,-0.8403133673122828,-0.8734997704274957,-0.8734997704274957,-0.023122889062093883,-0.0295522002839075,-0.04016337644656222,-0.04671357038727264,-0.05084061190488218,-0.0424041767477397
2015-05-29,74.9,76.0,74.9,75.1,75.1,6505,-0.8949193707088716,-0.8657990502587294,-0.8467366514652822,-0.8798347915779273,-0.8798347915779273,-0.015469323544834908,-0.029590386354826286,-0.03783737615305774,-0.045622061253018216,-0.05042484321262391,-0.044083329797615575
2015-06-01,75.1,76.1,74.8,74.8,74.8,6505,-0.8821998571273251,-0.8595240261559464,-0.8531599356182826,-0.8988398550292205,-0.8988398550292205,-0.013713080168776268,-0.03083700440528629,-0.03765331503559494,-0.04597921050953388,-0.05191644696816066,-0.04806346243583749
2015-06-02,74.8,76.1,74.6,75.9,75.9,6505,-0.9012791274996458,-0.8595240261559464,-0.8660065039242824,-0.8291546223744777,-0.8291546223744777,0.005298013245033188,-0.011203751954142591,-0.019210889042039946,-0.0286043386446533,-0.03528394936193988,-0.034433042150792764
2015-06-03,75.9,75.9,74.6,74.9,74.9,6505,-0.8313218028011354,-0.8720740743615124,-0.8660065039242824,-0.8925048338787889,-0.8925048338787889,-0.0037243947858471263,-0.019248395967002733,-0.027441135734071975,-0.03746064383473613,-0.044789062898535764,-0.04707379134860037
2015-06-04,74.8,75.5,72.1,72.7,72.7,6505,-0.9012791274996458,-0.8971741707726462,-1.0265886077492776,-1.0318752991882736,-1.0318752991882736,-0.026513122656668504,-0.04127653962811546,-0.050335278237394296,-0.06108743381118434,-0.06847419404438532,-0.0735312858417229
2015-06-05,72.7,75.7,72.6,74.2,74.2,6505,-1.0348340201058914,-0.8846241225670793,-0.9944721869842786,-0.9368499819318068,-0.9368499819318068,-0.004026845637583855,-0.015784586815227455,-0.029134682484298763,-0.03842415602928793,-0.046909520628885586,-0.05264501851300168
2015-06-08,75.6,78.0,74.6,77.3,77.3,6505,-0.850401073173457,-0.7402985682030622,-0.8660065039242824,-0.7404643262684427,-0.7404643262684427,0.030666666666666433,0.02492707504640692,0.011074293686780572,0.0033097540398467837,-0.00545520045288465,-0.012098491948538704
2015-06-09,77.3,78.3,76.4,77.1,77.1,6505,-0.7422852077303054,-0.7214734958947123,-0.750387389170285,-0.753134368569305,-0.753134368569305,0.02472089314194577,0.022953429746583577,0.01110333974471058,0.0032530904359141188,-0.005879622466346938,-0.012846229354274393
2015-06-10,77.4,78.4,76.2,77.9,77.9,6505,-0.7359254509395313,-0.7151984717919284,-0.7632339574762849,-0.7024541993658555,-0.7024541993658555,0.027162447257383995,0.031651436895775396,0.022399160031498774,0.01538060479666328,0.006199948333763937,-0.0010686044026500781
2015-06-11,78.0,78.0,76.1,77.7,77.7,6505,-0.6977669101948899,-0.7402985682030622,-0.7696572416292852,-0.7151242416667178,-0.7151242416667178,0.0111920874544508,0.02560718057022172,0.020131291028446362,0.014029363784665617,0.005018625827814453,-0.0018413051856292237
2015-06-12,77.7,77.7,76.1,77.2,77.2,6505,-0.7168461805672106,-0.7591236405114121,-0.7696572416292852,-0.7467993474188734,-0.7467993474188734,-0.0030991735537189424,0.016190601553244754,0.014810270791341857,0.006781429316640718,-0.00025900025900020746,-0.0074994643239767985
2015-06-15,76.7,76.7,74.6,75.2,75.2,6505,-0.7804437484749468,-0.8218738815392457,-0.8660065039242824,-0.8734997704274957,-0.8734997704274957,-0.023630225915346754,-0.01065649256676756,-0.009918370929518085,-0.018212677067693663,-0.023883696780893086,-0.03101108152220599
2015-06-16,76.3,78.9,75.0,77.9,77.9,6505,-0.8058827756380416,-0.6838233512780116,-0.8403133673122828,-0.7024541993658555,-0.7024541993658555,0.009328841668826105,0.02217556751082532,0.025359775359775297,0.018500359547623798,0.012793176972281566,0.0052477632484516585
2015-06-17,77.9,77.9,74.5,75.3,75.3,6505,-0.7041266669856632,-0.7465735923058452,-0.8724297880772819,-0.867164749277065,-0.867164749277065,-0.017740673102008865,-0.01245901639344266,-0.00781799016163055,-0.013235486830035448,-0.018355321478854894,-0.02578920131102302
2015-06-18,75.0,75.2,72.7,73.8,73.8,6505,-0.8885596139180983,-0.9159992430809961,-0.9880489028312783,-0.9621900665335317,-0.9621900665335317,-0.027411702688455435,-0.03352540597171297,-0.026385224274406333,-0.030159668835008892,-0.03499136984151893,-0.04247037453507491
2015-06-22,74.2,76.3,74.2,76.2,76.2,6505,-0.9394376682442871,-0.8469739779503795,-0.8916996405362811,-0.8101495589231845,-0.8101495589231845,0.0068710359408033295,-0.004702194357366764,0.004305421316228632,0.002961500493583528,-0.0036610878661088014,-0.00991814283858117
2015-06-23,77.0,77.1,75.5,76.8,76.8,6505,-0.7613644781026261,-0.7967737851281128,-0.8081969465472837,-0.7721394320205982,-0.7721394320205982,0.010526315789473648,0.003790354202064985,0.010437680905183799,0.010991904166392334,0.004236623254354282,-0.0008673026886382855
2015-06-24,77.2,77.5,76.5,77.5,77.5,6505,-0.7486449645210786,-0.771673688716979,-0.7439641050172856,-0.7277942839675803,-0.7277942839675803,0.020811380400421475,0.012410189418680639,0.01821844617675401,0.020273828330700263,0.01476981092547007,0.009771986970684038
2015-06-25,77.7,78.6,77.7,78.6,78.6,6505,-0.7168461805672106,-0.7026484235863624,-0.6668846951812877,-0.6581090513128384,-0.6581090513128384,0.026377644293549177,0.02584181675802649,0.029334730225248754,0.03332676000788776,0.02928081294850983,0.024950013040076418
2015-06-26,78.6,79.1,77.8,77.9,77.9,6505,-0.6596083694502486,-0.6712733030724456,-0.6604614110282883,-0.7024541993658555,-0.7024541993658555,0.006459948320413436,0.016440501043841402,0.015557100643142825,0.022309711286089277,0.02022106972602018,0.016573143677410883
2015-06-29,77.9,77.9,75.9,77.5,77.5,6505,-0.7041266669856632,-0.7465735923058452,-0.7825038099352841,-0.7277942839675803,-0.7277942839675803,-0.0020602626834921012,0.010825616277553315,0.0074529855273419284,0.015461215932913948,0.015567669567040601,0.010737729861322307
2015-06-30,77.0,79.2,76.7,79.2,79.2,6505,-0.7613644781026261,-0.6649982789696617,-0.7311175367112858,-0.6200989244102512,-0.6200989244102512,0.013565395444074582,0.027637212923316404,0.027859491261464038,0.03475307029004457,0.036649214659685826,0.03187700859897515
2015-07-01,78.8,80.3,78.3,79.8,79.8,6505,-0.6468888558687013,-0.5959730138390451,-0.6283449902632892,-0.5820887975076648,-0.5820887975076648,0.015267175572519122,0.03287600310639408,0.03323262839879149,0.039942659803218844,0.04330090994665827,0.039829735481909274
2015-07-02,80.2,80.2,78.6,80.0,80.0,6505,-0.5578522607978702,-0.6022480379418281,-0.6090751378042899,-0.5694187552068025,-0.5694187552068025,0.014198782961460505,0.029203653672970675,0.033947957952783214,0.03909598649175224,0.04400480242209114,0.04189277186889519
2015-07-03,79.6,79.6,77.1,78.4,78.4,6505,-0.5960108015425125,-0.6398981825585288,-0.7054244000992871,-0.6707790936136999,-0.6707790936136999,-0.007343631299063032,0.0026857654431512177,0.01265822784810113,0.01455839534131349,0.021418521027672176,0.020921955030818867
2015-07-06,78.0,79.0,78.0,79.0,79.0,6505,-0.6977669101948899,-0.6775483271752286,-0.6476148427222884,-0.6327689667111136,-0.6327689667111136,-0.0035317860746720627,0.006754173569517028,0.01882899148826404,0.019157582403405597,0.027147909298938965,0.028556548910684956
2015-07-07,78.0,78.8,76.8,77.5,77.5,6505,-0.6977669101948899,-0.6900983753807955,-0.7246942525582863,-0.7277942839675803,-0.7277942839675803,-0.01824170255890547,-0.01324166030048391,-0.0024884159945084377,-0.000322476620445091,0.006232147494157413,0.008808087820540763
2015-07-08,76.5,76.5,73.6,75.1,75.1,6505,-0.7931632620564941,-0.8344239297448126,-0.9302393454542806,-0.8798347915779273,-0.8798347915779273,-0.037179487179487256,-0.04086845466155815,-0.03105109237915018,-0.03002906038101392,-0.02452330233283116,-0.0213708626531146
2015-07-09,74.7,76.8,74.2,76.8,76.8,6505,-0.9076388842904191,-0.8155988574364627,-0.8916996405362811,-0.7721394320205982,-0.7721394320205982,-0.007238883143743384,-0.01689708141321054,-0.010394296022678351,-0.007367196587824651,-0.0034257240734972987,0.0006514657980455656
2015-07-13,76.8,77.2,75.0,76.7,76.7,6505,-0.7740839916841735,-0.7904987610253289,-0.8403133673122828,-0.778474453171029,-0.778474453171029,-0.004154764996105003,-0.016666666666666632,-0.014138817480719722,-0.008018623900672405,-0.006785455298870646,-0.0013020833333332593
2015-07-14,76.9,78.0,75.2,77.3,77.3,6505,-0.7677242348933994,-0.7402985682030622,-0.827466799006283,-0.7404643262684427,-0.7404643262684427,0.008085550339071526,-0.008720184662734122,-0.0073623833575891225,-0.0003233107015842959,-0.0006205719604902754,0.00555025583210489
2015-07-15,77.9,77.9,75.0,77.3,77.3,6505,-0.7041266669856632,-0.7465735923058452,-0.8403133673122828,-0.7404643262684427,-0.7404643262684427,0.008611691022964465,-0.006299010155546921,-0.007787095670032549,-0.0016789358129923216,-0.0006205719604902754,0.004461385195131279
2015-07-16,76.5,77.2,76.0,76.1,76.1,6505,-0.7931632620564941,-0.7904987610253289,-0.7760805257822847,-0.8164845800736162,-0.8164845800736162,-0.00963040083289965,-0.01704985791785078,-0.02201850582590822,-0.016033100594776428,-0.015625808454493875,-0.011217462861102827
2015-07-17,76.7,78.3,75.9,78.2,78.2,6505,-0.7804437484749468,-0.7214734958947123,-0.7825038099352841,-0.6834491359145624,-0.6834491359145624,0.014004149377593337,0.012428793371310306,0.005313678436750186,0.009227592437245963,0.01138127263321275,0.014618112620015736
2015-07-20,78.9,78.9,75.6,76.2,76.2,6505,-0.6405290990779271,-0.6838233512780116,-0.8017736623942843,-0.8101495589231845,-0.8101495589231845,-0.010646585302518738,-0.010646585302518921,-0.018968328898806917,-0.018104503575800363,-0.013719906808180199,-0.012825495530509249
2015-07-21,76.8,76.8,75.1,75.5,75.5,6505,-0.7740839916841735,-0.8155988574364627,-0.8338900831592834,-0.8544947069762026,-0.8544947069762026,-0.015131750587007522,-0.01526020607799663,-0.026309001805519632,-0.026685574319969152,-0.02191936988288951,-0.022442813983599492
2015-07-22,76.0,76.9,75.2,75.5,75.5,6505,-0.8249620460103623,-0.8093238333336787,-0.827466799006283,-0.8544947069762026,-0.8544947069762026,-0.01048492791612054,-0.012684712959330442,-0.023201656028980548,-0.02586929875491898,-0.022071395264493986,-0.021682791983414124
2015-07-23,75.2,76.1,74.3,75.4,75.4,6505,-0.875840100336551,-0.8595240261559464,-0.8852763563832816,-0.8608297281266333,-0.8608297281266333,-0.009978991596638537,-0.014379084967320188,-0.020779220779220706,-0.025839793281653745,-0.02210002075119311,-0.022260644045817866
2015-07-24,75.5,75.5,74.4,74.9,74.9,6505,-0.8567608299642303,-0.8971741707726462,-0.8788530722302813,-0.8925048338787889,-0.8925048338787889,-0.007947019867549594,-0.018477263792425404,-0.02295851813201154,-0.029981221265298164,-0.028383146533831494,-0.027483228738368233
2015-07-27,74.9,75.2,73.8,74.7,74.7,6505,-0.8949193707088716,-0.9159992430809961,-0.9173927771482807,-0.9051748761796513,-0.9051748761796513,-0.006648936170212766,-0.01852581789515171,-0.02242191589600425,-0.030562585166439605,-0.03142990508791046,-0.028819068255688
2015-07-28,75.8,76.2,74.7,75.3,75.3,6505,-0.8376815595919096,-0.8532490020531625,-0.859583219771282,-0.867164749277065,-0.867164749277065,0.001862692921766905,-0.008035831906204709,-0.011378555798687188,-0.021378907011501854,-0.023194271481942853,-0.02021165857043712
2015-07-29,75.3,75.4,74.3,74.5,74.5,6505,-0.8694803435457777,-0.9034491948754292,-0.8852763563832816,-0.9178449184805136,-0.9178449184805136,-0.006136606189968088,-0.014941160914980768,-0.01930671347082056,-0.028809803154738727,-0.032417268429528925,-0.03032669530131439
2015-07-30,74.5,75.3,74.2,74.6,74.6,6505,-0.9203583978719665,-0.9097242189782131,-0.8916996405362811,-0.9115098973300829,-0.9115098973300829,-0.0026737967914438883,-0.011658717541070424,-0.017559262510974664,-0.02419882275997395,-0.02965660770031219,-0.027632950990615465
2015-07-31,74.3,74.5,73.0,74.5,74.5,6505,-0.9330779114535138,-0.9599244118004798,-0.9687790503722791,-0.9178449184805136,-0.9178449184805136,-0.0029443254817987,-0.008121421914525355,-0.016891000263921895,-0.021988841483426284,-0.028885760467177744,-0.028598748261474384
2015-08-03,74.5,74.6,71.5,74.1,74.1,6505,-0.9203583978719665,-0.9536493876976968,-1.0651283126672761,-0.9431850030822385,-0.9431850030822385,-0.006702412868632708,-0.01068090787716971,-0.019927695970372906,-0.024486571879936803,-0.032182226633927155,-0.03394028942679595
2015-08-04,74.6,75.8,73.6,75.8,75.8,6505,-0.9139986410811932,-0.8783490984642963,-0.9302393454542806,-0.8354896435249094,-0.8354896435249094,0.014725568942436335,0.011610836780995658,0.003884866678438844,0.0,-0.009098514955030486,-0.011605163645846924
2015-08-05,75.8,77.3,75.4,76.2,76.2,6505,-0.8376815595919096,-0.7842237369225459,-0.8146202307002831,-0.8101495589231845,-0.8101495589231845,0.01545842217484023,0.01600000000000004,0.01016349977905434,0.006139829669241668,-0.0023043888132397864,-0.006130168253554179
2015-08-06,75.7,76.5,73.8,75.1,75.1,6505,-0.8440413163826829,-0.8344239297448126,-0.9173927771482807,-0.8798347915779273,-0.8798347915779273,-0.0005323396326859257,0.001734026944110917,-0.003538257408226436,-0.00838449858057708,-0.014280464115083845,-0.01945423684554113
2015-08-07,74.1,74.1,73.5,73.7,73.7,6505,-0.9457974250350613,-0.9850245082116136,-0.93666262960728,-0.9685250876839624,-0.9685250876839624,-0.017071218991731144,-0.015364061456245711,-0.018206039076376468,-0.024874305371791604,-0.029445849136114675,-0.03567690160502433
2015-08-10,73.2,73.6,72.3,72.5,72.5,6505,-1.0030352361520232,-1.0163996287255304,-1.013742039443278,-1.044545341489136,-1.044545341489136,-0.028931154567372042,-0.028540801286345913,-0.031007751937984593,-0.038078811198089486,-0.042272126816380484,-0.04913876016437863
2015-08-11,72.5,73.0,69.4,69.7,69.7,6505,-1.0475535336874386,-1.0540497733422303,-1.200017279880272,-1.221925933701207,-1.221925933701207,-0.05092592592592586,-0.05899824490346975,-0.06359158083296015,-0.07054273903187099,-0.07471325403568377,-0.08273381294964023
2015-08-12,70.3,72.4,70.2,71.7,71.7,6505,-1.1874681830844585,-1.09169991795893,-1.1486310066562737,-1.0952255106925846,-1.0952255106925846,-0.011579818031430787,-0.028323621086868183,-0.033432191965489404,-0.040289117922634066,-0.04522211569191418,-0.053298710444082506
2015-08-13,71.7,72.9,71.7,72.0,72.0,6505,-1.0984315880136275,-1.0603247974450132,-1.0522817443612764,-1.0762204472412915,-1.0762204472412915,0.0011123470522802878,-0.020807833537331715,-0.02641305327684125,-0.033621904570163015,-0.03964146614736161,-0.04606280086560959
2015-08-14,72.0,72.9,71.0,72.2,72.2,6505,-1.079352317641307,-1.0603247974450132,-1.0972447334322752,-1.0635504049404292,-1.0635504049404292,0.008098296565205226,-0.015006821282401014,-0.02132658593891185,-0.027019742604945697,-0.034604482002460205,-0.04010635940615997
2015-08-17,71.8,72.5,71.5,71.5,71.5,6505,-1.0920718312228541,-1.085424893856147,-1.0651283126672761,-1.107895552993447,-1.107895552993447,0.0011201344161299116,-0.021084337349397485,-0.02800435019032067,-0.03339191564147626,-0.041297935103244816,-0.046497155049786784
2015-08-18,71.5,71.7,69.8,69.8,69.8,6505,-1.111151101595175,-1.1356250866784137,-1.1743241432682732,-1.2155909125507762,-1.2155909125507762,-0.02295632698768198,-0.036443953616786505,-0.04636123508516255,-0.052724435095338335,-0.0603123317178245,-0.0653454740224961
2015-08-19,69.4,71.5,69.0,69.7,69.7,6505,-1.2447059942014205,-1.1481751348839806,-1.2257104164922716,-1.221925933701207,-1.221925933701207,-0.01886261261261266,-0.02911268978966415,-0.04354587869362343,-0.05034402888480133,-0.05780253055044875,-0.0634238108035476
2015-08-20,70.8,72.2,69.0,71.0,71.0,6505,-1.1556693991305904,-1.1042499661644969,-1.2257104164922716,-1.1395706587456027,-1.1395706587456027,0.00225861095426308,-0.005323620061641853,-0.022487379531895453,-0.029723266142808298,-0.03757523179526096,-0.04420013461969932
2015-08-21,70.0,71.6,70.0,70.9,70.9,6505,-1.206547453456779,-1.1419001107811975,-1.1614775749622734,-1.1459056798960334,-1.1459056798960334,0.004533862283933231,-0.0028129395218001218,-0.02062805046505211,-0.028434395340870007,-0.035111594991834486,-0.0430126878430665
2015-08-24,70.4,70.5,63.9,65.1,65.1,6505,-1.1811084262936842,-1.2109253759118142,-1.553297908295262,-1.5133369066210387,-1.5133369066210387,-0.06060606060606065,-0.07475838544627636,-0.09323056922648354,-0.10200703496792878,-0.10865874363327684,-0.11668928086838545
2015-08-25,65.1,66.8,65.1,66.1,66.1,6505,-1.5181755362046865,-1.4431012677147987,-1.4762184984592646,-1.4499866951167275,-1.4499866951167275,-0.03588098016336067,-0.05571428571428579,-0.07093328335832104,-0.0823905046158118,-0.0902835122488302,-0.09855441403763988
2015-08-26,66.1,67.5,65.3,67.0,67.0,6505,-1.4545779682969504,-1.399176098995315,-1.4633719301532648,-1.392971504762847,-1.392971504762847,-0.014995589532490592,-0.03638717100532146,-0.05009451795841207,-0.06502930505163267,-0.07356194690265477,-0.08198218771409
2015-08-27,67.0,67.4,65.6,66.4,66.4,6505,-1.3973401571799875,-1.405451123098098,-1.4441020776942655,-1.4309816316654334,-1.4309816316654334,-0.010432190760059443,-0.037262577932434295,-0.05079576860764311,-0.0680701754385964,-0.07726514730405765,-0.08615469309110933
2015-08-28,68.6,71.7,67.5,70.7,70.7,6505,-1.29558404852761,-1.1356250866784137,-1.3220596787872687,-1.1585757221968958,-1.1585757221968958,0.054279749478079335,0.027317640220865958,0.0135716333747492,-0.005066141289051498,-0.015210608424336955,-0.023615522717856757
2015-08-31,70.7,72.9,70.2,72.9,72.9,6505,-1.1620291559213636,-1.0603247974450132,-1.1486310066562737,-1.019205256887411,-1.019205256887411,0.06237248615563977,0.05713457076566121,0.0447119518486673,0.02676056338028177,0.016452872281093236,0.00829875518672211
2015-09-01,72.5,73.4,72.0,72.5,72.5,6505,-1.0475535336874386,-1.0289496769310964,-1.0330118919022773,-1.044545341489136,-1.044545341489136,0.03719599427753926,0.047233858153979645,0.03620771796093375,0.023505329286369617,0.012456708747625906,0.0041551246537395725
2015-09-02,71.4,72.5,70.5,71.2,71.2,6505,-1.117510858385948,-1.085424893856147,-1.1293611541972743,-1.1269006164447402,-1.1269006164447402,0.00650268589199878,0.0262323436148745,0.018112488083889405,0.008712899341219936,-0.003861436006491637,-0.011888791229125064
2015-09-03,72.3,72.3,70.8,71.9,71.9,6505,-1.060273047268986,-1.097974942061714,-1.1100913017382752,-1.0825554683917222,-1.0825554683917222,0.000835189309576869,0.03497912768101349,0.028220040041948644,0.020944266950656848,0.007454321264432389,-0.0005560189046426473
2015-09-04,71.3,73.3,71.3,73.3,73.3,6505,-1.1238706151767224,-1.0352247010338802,-1.077974880973276,-0.9938651722856872,-0.9938651722856872,0.012990602542841317,0.05149906756562909,0.047142857142857104,0.04111923869043386,0.027762198541783568,0.01966057683390493
2015-09-07,73.0,73.5,71.6,72.2,72.2,6505,-1.0157547497335706,-1.0226746528283133,-1.0587050285142767,-1.0635504049404292,-1.0635504049404292,-0.0002769315978952648,0.02527690996875889,0.030741410488245968,0.025713879812473396,0.013418673853236807,0.005524348916020733
2015-09-08,71.9,72.7,71.2,72.3,72.3,6505,-1.08571207443208,-1.0728748456505801,-1.0843981651262755,-1.0572153837899982,-1.0572153837899982,0.0016625103906898078,0.017736486486486562,0.029718951766046223,0.02524106636415203,0.01682043204320429,0.008321323973780619
2015-09-09,73.3,74.7,73.1,74.5,74.5,6505,-0.99667547936125,-0.9473743635949129,-0.9623557662192795,-0.9178449184805136,-0.9178449184805136,0.022789676002196547,0.0377489901100433,0.05623818525519852,0.0543447495046703,0.04876400698237511,0.03900330063688325
2015-09-10,74.0,75.0,73.9,75.0,75.0,6505,-0.9521571818258345,-0.9285492912865629,-0.9109694929952804,-0.8861698127283582,-0.8861698127283582,0.020963789817587692,0.03234686854783199,0.05932203389830513,0.05917243327213667,0.05586214663813498,0.045782012549384125
2015-09-11,74.2,74.6,73.6,74.2,74.2,6505,-0.9394376682442871,-0.9536493876976968,-0.9302393454542806,-0.9368499819318068,-0.9368499819318068,0.007604562737642617,0.0164383561643836,0.044776119402985176,0.04639684106614027,0.04430557901255434,0.03477129044254378
2015-09-14,74.2,74.2,73.6,74.0,74.0,6505,-0.9394376682442871,-0.9787494841088297,-0.9302393454542806,-0.9495200242326692,-0.9495200242326692,0.0,0.012173437286280954,0.03332712716440147,0.041739987330189396,0.0406119923500957,0.032030124122541956
2015-09-15,74.0,75.0,73.6,74.8,74.8,6505,-0.9521571818258345,-0.9285492912865629,-0.9302393454542806,-0.8988398550292205,-0.8988398550292205,0.004026845637583855,0.019907281156258436,0.03610675039246451,0.049309111313740626,0.04885299231588997,0.04367238733082155
2015-09-16,74.7,75.2,74.5,75.0,75.0,6505,-0.9076388842904191,-0.9159992430809961,-0.8724297880772819,-0.8861698127283582,-0.8861698127283582,0.005361930294906243,0.017362995116657638,0.03125859382161508,0.048218029350104864,0.049714477662075804,0.047047326539159426
2015-09-17,75.5,77.9,75.4,77.0,77.0,6505,-0.8567608299642303,-0.7465735923058452,-0.8146202307002831,-0.7594693897197359,-0.7594693897197359,0.02666666666666667,0.03731644887511802,0.048570131638674484,0.07167710508002792,0.07469852612773566,0.07401896968569821
2015-09-18,77.0,77.0,74.9,75.2,75.2,6505,-0.7613644781026261,-0.8030488092308958,-0.8467366514652822,-0.8734997704274957,-0.8734997704274957,0.0,0.010481053480247261,0.019891500904159157,0.043502393672379173,0.0478207557685877,0.04818101565766849
2015-09-21,74.6,75.4,74.5,75.0,75.0,6505,-0.9139986410811932,-0.9034491948754292,-0.8724297880772819,-0.8861698127283582,-0.8861698127283582,-0.005305039787798484,0.004016064257028074,0.01525133110730096,0.03362734288864385,0.042999388107025624,0.04418043437906068
2015-09-22,76.4,77.5,75.2,77.4,77.4,6505,-0.7995230188472674,-0.771673688716979,-0.827466799006283,-0.734129305118011,-0.734129305118011,0.01949420442571133,0.02911846828879135,0.043126684636118635,0.05846153846153854,0.07184401484517812,0.07375722543352616
2015-09-23,75.8,76.4,75.5,75.9,75.9,6505,-0.8376815595919096,-0.8406989538475956,-0.8081969465472837,-0.8291546223744777,-0.8291546223744777,-0.0026281208935609547,0.007299270072992852,0.018609644806298696,0.03167051787413365,0.04747446867237113,0.05090690912447494
2015-09-24,76.1,77.0,75.6,75.7,75.7,6505,-0.818602289219589,-0.8030488092308958,-0.8017736623942843,-0.8418246646753401,-0.8418246646753401,-0.001845991561181442,0.0037125430920180473,0.012483281319661026,0.02248936313905594,0.04201079176302179,0.04635090305934398
2015-09-25,77.0,77.0,75.5,75.7,75.7,6505,-0.7613644781026261,-0.8030488092308958,-0.8081969465472837,-0.8418246646753401,-0.8418246646753401,-0.003160389781406493,0.0017202593621806993,0.010321202953999563,0.019048260079423927,0.03926414058209774,0.04466626799760816
2015-09-30,75.4,78.3,75.2,78.3,78.3,6505,-0.8631205867550036,-0.7214734958947123,-0.827466799006283,-0.6771141147641315,-0.6771141147641315,0.02219321148825069,0.030263157894736804,0.03938053097345136,0.05023137281201804,0.0672227674190383,0.07717705323978538
2015-10-01,78.0,78.8,76.6,78.5,78.5,6505,-0.6977669101948899,-0.6900983753807955,-0.7375408208642862,-0.6644440724632692,-0.6644440724632692,0.021869304868523724,0.027890532931779434,0.03634923428973768,0.048694142007882045,0.06276399870031424,0.07563716086599062
2015-10-02,78.5,78.9,78.1,78.5,78.5,6505,-0.6659681262410219,-0.6838233512780116,-0.641191558569289,-0.6644440724632692,-0.6644440724632692,0.014998707008016506,0.0232012513034411,0.032713559024732476,0.04360542408933796,0.056186426995317826,0.07133108907287791
2015-10-05,78.5,79.3,78.5,79.0,79.0,6505,-0.6659681262410219,-0.6587232548668787,-0.6154984219572893,-0.6327689667111136,-0.6327689667111136,0.01282051282051282,0.02704108164326571,0.035658101730466685,0.04531921931855769,0.055754530389693656,0.07424530867555083
2015-10-06,79.5,80.0,79.2,80.0,80.0,6505,-0.6023705583332858,-0.6147980861473951,-0.5705354328862905,-0.5694187552068025,-0.5694187552068025,0.014455997971088194,0.033591731266149796,0.043478260869565154,0.05387959425635626,0.0638297872340425,0.08337471222859207
2015-10-07,80.3,81.6,79.6,81.6,81.6,6505,-0.551492504007097,-0.5143977005028616,-0.5448422962742918,-0.468058416799905,-0.468058416799905,0.026156941649899193,0.04534973097617207,0.05736005528680022,0.0683424980361351,0.08010801080108021,0.0968724796128685
2015-10-08,81.8,82.0,80.1,80.1,80.1,6505,-0.45609615214549276,-0.48929760409172784,-0.5127258755092927,-0.5630837340563717,-0.5630837340563717,0.0032565130260519904,0.022596706242818607,0.03319287986929235,0.043376318874560164,0.05600379686758412,0.06999732834624646
2015-10-12,81.7,84.4,81.6,83.6,83.6,6505,-0.46245590893626604,-0.3386970256249268,-0.41637661321429553,-0.3413579937912828,-0.3413579937912828,0.03388572841949041,0.056890012642225034,0.07042253521126761,0.08255098737455488,0.09498611620474663,0.10855728429985836
2015-10-13,82.5,82.5,80.6,81.0,81.0,6505,-0.4115778546100773,-0.457922483577811,-0.4806094547442936,-0.5060685437024913,-0.5060685437024913,-0.003199606202313624,0.017204571141529634,0.033602722245852916,0.04482425024185739,0.055897382417353175,0.06719367588932798
2015-10-14,80.3,81.9,80.3,80.7,80.7,6505,-0.551492504007097,-0.4955726281945108,-0.4998793072032929,-0.5250736071537845,-0.5250736071537845,-0.008599508599508634,0.0071134406589293325,0.024978831498729915,0.036608863198458685,0.04794307084978194,0.05859204197638831
2015-10-15,81.8,81.9,80.8,80.8,80.8,6505,-0.45609615214549276,-0.4955726281945108,-0.46776288643829383,-0.5187385860033538,-0.5187385860033538,-0.005416051206302287,0.005225180393132641,0.02123356926188041,0.0333802276505947,0.04457544730582264,0.05625517451740809
2015-10-16,80.8,81.7,80.5,80.5,80.5,6505,-0.5196937200532289,-0.5081226764000777,-0.4870327388972931,-0.5377436494546469,-0.5377436494546469,-0.010083620265617405,-0.000992802184164784,0.014791158920917707,0.025804396304555666,0.0363027806385169,0.04867775413608925
2015-10-19,80.5,82.9,80.5,81.6,81.6,6505,-0.5387729904255496,-0.4328223871666772,-0.4870327388972931,-0.468058416799905,-0.468058416799905,0.008403361344537901,0.008777351959451028,0.02375376380060218,0.035467292684474176,0.046636909342773536,0.058228504733497534
2015-10-20,81.6,81.8,80.3,80.9,80.9,6505,-0.4688156657270402,-0.5018476522972947,-0.4998793072032929,-0.5124035648529222,-0.5124035648529222,0.0,-0.002220029600394581,0.010576282478347913,0.024050632911392478,0.03452685421994888,0.0450846143909055
2015-10-21,81.1,81.5,80.3,80.4,80.4,6505,-0.5006144496809083,-0.5206727246056446,-0.4998793072032929,-0.5440786706050776,-0.5440786706050776,-0.005442850074220655,-0.0088757396449704,0.00041476565740372026,0.014383043149129453,0.02488272486232916,0.035459775049369084
2015-10-22,80.4,80.8,79.0,79.7,79.7,6505,-0.5451327472163229,-0.5645978933251283,-0.5833820011922902,-0.5884238186580957,-0.5884238186580957,-0.011411560406846957,-0.015198319535400838,-0.009445687298036179,0.0025787785395307663,0.013015404951954863,0.023150327356754596
2015-10-23,81.4,82.5,80.7,82.0,82.0,6505,-0.4815351793085867,-0.457922483577811,-0.47418617059129325,-0.44271833219818024,-0.44271833219818024,0.013346515076618862,0.010848126232741737,0.01619299405155327,0.02853559109438703,0.03844790030900159,0.048325236512400935
2015-10-26,82.0,82.4,80.9,81.3,81.3,6505,-0.4433766385639454,-0.46419750768059403,-0.46133960228529347,-0.48706348025119817,-0.48706348025119817,0.005441503833786764,0.005068611694894082,0.00519287833827913,0.016313519594974592,0.026307816602706383,0.036372907283079875
2015-10-27,81.5,81.5,80.4,80.5,80.5,6505,-0.4751754225178135,-0.5206727246056446,-0.4934560230502925,-0.5377436494546469,-0.5377436494546469,-0.003466204506065872,-0.004205838693716024,-0.005927389478883549,0.0033027980307845776,0.014416049196027913,0.023782271397685607
2015-10-28,80.2,80.2,79.0,79.2,79.2,6505,-0.5578522607978702,-0.6022480379418281,-0.5833820011922902,-0.6200989244102512,-0.6200989244102512,-0.016637695555003766,-0.01846573305242279,-0.02133618914243339,-0.015047879616962988,-0.003974042959907471,0.005118659841786911
2015-10-29,80.1,80.1,77.4,78.2,78.2,6505,-0.5642120175886444,-0.608523062044612,-0.6861545476402869,-0.6834491359145624,-0.6834491359145624,-0.025423728813559223,-0.027725972895685735,-0.03097893432465923,-0.02742366768235804,-0.01813068153282091,-0.009332376166546995
2015-10-30,78.2,79.2,77.5,79.1,79.1,6505,-0.6850473966133426,-0.6649982789696617,-0.6797312634872875,-0.6264339455606829,-0.6264339455606829,-0.007029876977152929,-0.014821272885789162,-0.019016122364613627,-0.01659725243985837,-0.007677639502208061,0.000252908447142264
2015-11-02,78.4,79.6,78.3,79.6,79.6,6505,-0.6723278830317951,-0.6398981825585288,-0.6283449902632892,-0.5947588398085273,-0.5947588398085273,0.003530005042864182,-0.006118117118242091,-0.00953961012028203,-0.01105727419555225,-0.0032556974705735676,0.004627681952040303
2015-11-03,80.2,81.5,80.2,81.4,81.4,6505,-0.5578522607978702,-0.5206727246056446,-0.5063025913562923,-0.48072845910076656,-0.48072845910076656,0.02389937106918246,0.015722485650112188,0.01252176797412731,0.009800272918992759,0.016381979822195553,0.025447215923406714
2015-11-04,81.5,83.0,81.0,82.7,82.7,6505,-0.4751754225178135,-0.42654736306389424,-0.454916318132294,-0.39837318414516226,-0.39837318414516226,0.031172069825436407,0.028990917008834303,0.026988989154731514,0.024212025512415608,0.02901652398964772,0.0385533090543764
2015-11-05,82.6,82.7,81.1,81.1,81.1,6505,-0.40521809781930407,-0.44537243537224414,-0.4484930339792946,-0.4997335225520606,-0.4997335225520606,0.003961376578360896,0.007328282200968689,0.006869723555702803,0.004707631318136713,0.007703777335983975,0.015866388308977023
2015-11-06,81.0,81.4,79.0,79.9,79.9,6505,-0.5069742064716816,-0.5269477487084276,-0.5833820011922902,-0.5757537763572332,-0.5757537763572332,-0.012849023968371709,-0.004981320049813095,-0.007535607817157854,-0.010035931111386473,-0.007897089500347617,-0.00020855057351406529
2015-11-09,80.0,80.8,78.1,78.3,78.3,6505,-0.5705717743794176,-0.5645978933251283,-0.641191558569289,-0.6771141147641315,-0.6771141147641315,-0.02949925632126916,-0.021250000000000036,-0.024744664950593683,-0.026664180495991174,-0.027667395191734657,-0.021209217050710345
2015-11-10,78.0,78.0,76.6,76.7,76.7,6505,-0.6977669101948899,-0.7402985682030622,-0.7375408208642862,-0.778474453171029,-0.778474453171029,-0.03812390268372217,-0.03667420246169289,-0.0413298891759019,-0.04399850430013712,-0.046446864587995476,-0.04160939647632136
2015-11-11,76.7,76.9,74.8,75.2,75.2,6505,-0.7804437484749468,-0.8093238333336787,-0.8531599356182826,-0.8734997704274957,-0.8734997704274957,-0.03885480572597127,-0.05074476142388281,-0.05598794878232497,-0.05947095241073098,-0.06285828223917049,-0.060156640559906674
2015-11-12,75.4,76.6,75.3,76.0,76.0,6505,-0.8631205867550036,-0.8281489056420296,-0.8210435148532835,-0.822819601224047,-0.822819601224047,-0.015799015799015784,-0.0379746835443038,-0.042981867024848984,-0.046603525058019235,-0.050237440639839995,-0.049247320795629886
2015-11-13,76.3,76.9,75.2,75.5,75.5,6505,-0.8058827756380416,-0.8093238333336787,-0.827466799006283,-0.8544947069762026,-0.8544947069762026,-0.011003405816085976,-0.03992878942014243,-0.044061787794378374,-0.04989618070848805,-0.05431133824339895,-0.05431923510500596
2015-11-16,75.3,76.4,75.0,75.9,75.9,6505,-0.8694803435457777,-0.8406989538475956,-0.8403133673122828,-0.8291546223744777,-0.8291546223744777,0.000527287107830296,-0.030279800689919565,-0.034596794708725676,-0.04142460217226556,-0.045619153002716024,-0.04827586206896545
2015-11-17,77.6,77.7,76.3,76.3,76.3,6505,-0.7232059373579848,-0.7591236405114121,-0.7568106733232854,-0.8038145377727538,-0.8038145377727538,0.006861968857218211,-0.018775720164608975,-0.026040336992596454,-0.0335655478150729,-0.03831610789009335,-0.042179261862917566
2015-11-18,76.4,77.1,75.0,75.8,75.8,6505,-0.7995230188472674,-0.7967737851281128,-0.8403133673122828,-0.8354896435249094,-0.8354896435249094,-0.0013175230566536036,-0.016478526015310888,-0.029615089186651865,-0.03709349593495937,-0.04225209744263614,-0.046780684104627754
2015-11-19,76.3,77.3,75.1,76.7,76.7,6505,-0.8058827756380416,-0.7842237369225459,-0.8338900831592834,-0.778474453171029,-0.778474453171029,0.008679642293529865,0.0009134803601723528,-0.016834729106135694,-0.023800432735140518,-0.028868067865282364,-0.03347754862015373
2015-11-20,76.9,77.5,76.6,77.5,77.5,6505,-0.7677242348933994,-0.771673688716979,-0.7375408208642862,-0.7277942839675803,-0.7277942839675803,0.013867085295656754,0.014530697735305471,-0.005219921273318677,-0.010785627672474297,-0.01724575196550849,-0.022328749842311216
2015-11-23,78.0,78.1,77.2,77.6,77.6,6505,-0.6977669101948899,-0.7340235441002791,-0.6990011159462867,-0.7214592628171496,-0.7214592628171496,0.010679864548059302,0.016771488469601692,-0.002228698782787571,-0.0071647901740020765,-0.013977128335451188,-0.01859112179081825
2015-11-24,78.0,78.4,76.3,76.9,76.9,6505,-0.6977669101948899,-0.7151984717919284,-0.7568106733232854,-0.7658044108701666,-0.7658044108701666,0.0,0.00733560387739065,-0.00740039583512612,-0.013849705052577382,-0.02088107970460912,-0.02576013513513511
2015-11-25,77.7,78.0,76.8,77.3,77.3,6505,-0.7168461805672106,-0.7402985682030622,-0.7246942525582863,-0.7404643262684427,-0.7404643262684427,0.0012953367875646932,0.009797517962116264,0.0024206795193222196,-0.007511074019387479,-0.01423178943072842,-0.01928444557218975
2015-11-26,77.7,79.2,77.6,77.7,77.7,6505,-0.7168461805672106,-0.6649982789696617,-0.673307979334288,-0.7151242416667178,-0.7151242416667178,0.003875968992248025,0.012773722627737278,0.010578340414462836,-0.0020549704597995965,-0.008118872549019553,-0.012915519796739348
2015-11-27,78.0,78.4,76.7,77.0,77.0,6505,-0.6977669101948899,-0.7151984717919284,-0.7311175367112858,-0.7594693897197359,-0.7594693897197359,-0.003880983182406173,0.0016911669051645044,0.0039986091794157385,-0.009709986496045212,-0.01453875294358549,-0.02035623409669204
2015-11-30,76.2,77.2,75.2,77.2,77.2,6505,-0.8122425324288148,-0.7904987610253289,-0.827466799006283,-0.7467993474188734,-0.7467993474188734,-0.00025900025900020746,0.0025974025974026343,0.007569825110936883,-0.005603142912346265,-0.00990099009900979,-0.015975526852481266
2015-12-01,77.6,77.6,75.6,75.6,75.6,6505,-0.7232059373579848,-0.765398664614196,-0.8017736623942843,-0.8481596858257718,-0.8481596858257718,-0.017671517671517846,-0.017288444040036557,-0.012367183417523157,-0.022561251535328782,-0.027977782349310868,-0.03419494953796358
2015-12-02,75.7,76.7,75.6,76.6,76.6,6505,-0.8440413163826829,-0.8218738815392457,-0.8017736623942843,-0.7848094743214606,-0.7848094743214606,-0.0028638375423066763,-0.00532398389819518,-0.0005219206680585367,-0.005711318795430916,-0.013801627356061422,-0.019833653230966235
2015-12-03,75.7,76.7,75.3,76.5,76.5,6505,-0.8440413163826829,-0.8218738815392457,-0.8210435148532835,-0.7911444954718914,-0.7911444954718914,-0.0010446591799425215,-0.006364462917262099,-0.0022606729849578124,-0.004035932821247263,-0.014226070821091686,-0.019775338487165114
2015-12-04,75.9,76.0,74.4,75.5,75.5,6505,-0.8313218028011354,-0.8657990502587294,-0.8788530722302813,-0.8544947069762026,-0.8544947069762026,-0.010225485055060319,-0.01679906237791387,-0.015303017128945292,-0.014231622927275145,-0.025303382390911358,-0.029895494260750225
2015-12-07,75.6,76.8,75.1,75.2,75.2,6505,-0.850401073173457,-0.8155988574364627,-0.8338900831592834,-0.8734997704274957,-0.8734997704274957,-0.00896151818661034,-0.0176355323318092,-0.01861840960501107,-0.01615751946097991,-0.026965477977330406,-0.03121913513977772
2015-12-08,74.5,75.0,73.9,74.1,74.1,6505,-0.9203583978719665,-0.9285492912865629,-0.9109694929952804,-0.9431850030822385,-0.9431850030822385,-0.019581899973538028,-0.028451553690835213,-0.031119246861924632,-0.028897188912915255,-0.037562344139651004,-0.04275933341945506
2015-12-09,73.8,74.7,73.8,74.1,74.1,6505,-0.964876695407382,-0.9473743635949129,-0.9173927771482807,-0.9431850030822385,-0.9431850030822385,-0.01305274374001071,-0.02435813034891387,-0.0296813618507202,-0.028196721311475485,-0.03324287652645864,-0.040652511651993795
2015-12-10,73.8,74.2,73.2,74.0,74.0,6505,-0.964876695407382,-0.9787494841088297,-0.9559324820662792,-0.9495200242326692,-0.9495200242326692,-0.0077768838830785504,-0.020905001323101326,-0.028701435071753597,-0.02823374917925155,-0.030956995442878717,-0.040207522697795
2015-12-11,73.5,74.2,72.5,73.5,73.5,6505,-0.9839559657797026,-0.9787494841088297,-1.0008954711372782,-0.9811951299848248,-0.9811951299848248,-0.009166891345376014,-0.022996145154858302,-0.031875658587987375,-0.03353057199211042,-0.034267094129394944,-0.04437895466759133
2015-12-14,73.0,74.2,72.5,74.2,74.2,6505,-1.0157547497335706,-0.9787494841088297,-1.0008954711372782,-0.9368499819318068,-0.9368499819318068,0.0029737766964046107,-0.00974242626451341,-0.019728729963008708,-0.023234384255907334,-0.02296428947645633,-0.03301476976542135
2015-12-15,74.5,76.0,74.5,74.8,74.8,6505,-0.9203583978719665,-0.8657990502587294,-0.8724297880772819,-0.8988398550292205,-0.8988398550292205,0.009174311926605404,-0.0006680026720106501,-0.009970881496514565,-0.014362893661879081,-0.014077081246375255,-0.022392611309575736
2015-12-16,74.8,77.2,74.3,77.0,77.0,6505,-0.9012791274996458,-0.7904987610253289,-0.8852763563832816,-0.7594693897197359,-0.7594693897197359,0.03078982597054882,0.02817465616237147,0.019417475728155366,0.01382488479262669,0.013958388201211513,0.008865790278202515
2015-12-17,77.0,77.7,75.9,77.7,77.7,6505,-0.7613644781026261,-0.7591236405114121,-0.7825038099352841,-0.7151242416667178,-0.7151242416667178,0.029957582184517564,0.03586188508198923,0.02868490732568409,0.022368421052631617,0.022260814651089457,0.019551239994751276
2015-12-18,76.5,77.5,76.2,77.5,77.5,6505,-0.7931632620564941,-0.771673688716979,-0.7632339574762849,-0.7277942839675803,-0.7277942839675803,0.016526757607554968,0.030448078712937195,0.025584472871636576,0.019736842105263157,0.018557459783408576,0.017995533955076713
2015-12-21,76.6,77.4,76.2,77.4,77.4,6505,-0.786803505265721,-0.777948712819762,-0.7632339574762849,-0.734129305118011,-0.734129305118011,0.006763787721123963,0.026116929603605975,0.024080444562053743,0.018555073035925924,0.01644166622892275,0.017082785808147326
2015-12-22,77.4,77.9,76.8,77.7,77.7,6505,-0.7359254509395313,-0.7465735923058452,-0.7246942525582863,-0.7151242416667178,-0.7151242416667178,0.0030983733539890895,0.02520121388045931,0.026148969889065028,0.021965013810338045,0.019631515406015366,0.020577933450087516
2015-12-23,77.9,78.0,77.2,78.0,78.0,6505,-0.7041266669856632,-0.7402985682030622,-0.6990011159462867,-0.6961191782154247,-0.6961191782154247,0.0043780582024206685,0.023890784982935252,0.02884277172001408,0.02543876947347647,0.022387668431814587,0.02326394962392854
2015-12-24,78.5,80.0,78.5,79.9,79.9,6505,-0.6659681262410219,-0.6147980861473951,-0.6154984219572893,-0.5757537763572332,-0.5757537763572332,0.023047375160051363,0.0407711345577699,0.05076275644397684,0.0489005579258288,0.04553781732530756,0.04640502903042742
2015-12-25,79.9,80.5,79.7,79.9,79.9,6505,-0.5769315311701909,-0.5834229656334782,-0.5384190121212914,-0.5757537763572332,-0.5757537763572332,0.016798167472639444,0.032166386771735035,0.046724890829694464,0.04690775681341716,0.044226044226044224,0.044398936865496175
2015-12-28,79.8,80.0,78.7,78.7,78.7,6505,-0.5832912879609651,-0.6147980861473951,-0.6026518536512895,-0.6517740301624068,-0.6517740301624068,-0.001775748351090824,0.010788594913948155,0.027862429255550807,0.030172131684010634,0.027951933124346923,0.027459854649897805
2015-12-29,77.8,79.0,77.5,78.4,78.4,6505,-0.7104864237764373,-0.6775483271752286,-0.6797312634872875,-0.6707790936136999,-0.6707790936136999,-0.007343631299062853,0.0023012017386858452,0.020124913254684247,0.024367936238322455,0.02323153223701385,0.022608695652173924
2015-12-30,79.0,79.0,77.1,77.6,77.6,6505,-0.6341693422871538,-0.6775483271752286,-0.7054244000992871,-0.7214592628171496,-0.7214592628171496,-0.016476552598225745,-0.008686765457332738,0.006659171495286718,0.013253248025070004,0.012631798726380483,0.011382396385437317
2015-12-31,78.0,78.8,77.8,78.8,78.8,6505,-0.6977669101948899,-0.6900983753807955,-0.6604614110282883,-0.645439009011976,-0.645439009011976,0.0015251652262328998,0.005230258961602019,0.018000172250452126,0.027379400260756116,0.02770097553341326,0.026086201658058226
2016-01-04,79.1,79.2,75.6,76.9,76.9,6505,-0.6278095854963806,-0.6649982789696617,-0.8017736623942843,-0.7658044108701666,-0.7658044108701666,-0.015112704918032871,-0.018256096004085363,-0.009446114212108213,0.001693369805913709,0.0029737061769615296,0.0016063908305476804
2016-01-05,77.0,77.7,76.1,76.3,76.3,6505,-0.7613644781026261,-0.7591236405114121,-0.7696572416292852,-0.8038145377727538,-0.8038145377727538,-0.016752577319587594,-0.024546151879314776,-0.018943939653694446,-0.0068337129840547435,-0.004384362440628591,-0.005647263249348442
2016-01-06,76.9,78.0,76.1,77.0,77.0,6505,-0.7677242348933994,-0.7402985682030622,-0.7696572416292852,-0.7594693897197359,-0.7594693897197359,-0.0041386445938955945,-0.014715291106845881,-0.01180698151950721,0.00038976224503054613,0.0040160642570280175,0.003431649363624544
2016-01-07,77.0,77.0,74.3,76.2,76.2,6505,-0.7613644781026261,-0.8030488092308958,-0.8852763563832816,-0.8101495589231845,-0.8101495589231845,-0.01090342679127712,-0.02270103886110037,-0.021404109589040977,-0.011352578657152125,-0.0062079399029683225,-0.006518904823989569
2016-01-08,75.4,76.1,74.6,76.0,76.0,6505,-0.8631205867550036,-0.8595240261559464,-0.8660065039242824,-0.822819601224047,-0.822819601224047,-0.00627615062761493,-0.02036607373034285,-0.02254994426819854,-0.01522513767411723,-0.00855771237737432,-0.008393859000565357
2016-01-11,75.0,76.3,74.7,76.0,76.0,6505,-0.8885596139180983,-0.8469739779503795,-0.859583219771282,-0.822819601224047,-0.822819601224047,-0.003931847968545179,-0.015416504728591757,-0.021291208791208823,-0.016817593790426872,-0.008816318013459256,-0.007962406996475465
2016-01-12,76.0,77.0,75.8,76.9,76.9,6505,-0.8249620460103623,-0.8030488092308958,-0.7889270940882844,-0.7658044108701666,-0.7658044108701666,0.006281078251766605,-0.0014283859239059787,-0.009275959804174349,-0.006909020468780223,0.0020327322005629874,0.003916449086162029
2016-01-13,77.2,79.9,77.2,78.9,78.9,6505,-0.7486449645210786,-0.621073110250178,-0.6990011159462867,-0.6391039878615443,-0.6391039878615443,0.02734375000000011,0.023877498053465066,0.01544401544401548,0.016228748068006064,0.025527711344494105,0.02854908095424322
2016-01-14,79.3,80.0,78.8,79.0,79.0,6505,-0.6150900719148331,-0.6147980861473951,-0.5962285694982901,-0.6327689667111136,-0.6327689667111136,0.02119958634953465,0.023316062176165765,0.015859408486926716,0.016207872395163248,0.02421822330550219,0.02877978903503052
2016-01-15,79.4,80.0,78.3,78.8,78.8,6505,-0.608730315124059,-0.6147980861473951,-0.6283449902632892,-0.645439009011976,-0.645439009011976,0.01129363449691986,0.020725388601036194,0.014244036382358022,0.012918568031364425,0.01908851068232353,0.02515177797051176
2016-01-18,77.5,80.4,77.5,79.0,79.0,6505,-0.729565694148758,-0.5896979897362612,-0.6797312634872875,-0.6327689667111136,-0.6327689667111136,0.006113092205807307,0.02053998191448138,0.017604121940747015,0.014511365095672215,0.018776436603734507,0.026196146352024236
2016-01-19,78.2,78.6,78.1,78.3,78.3,6505,-0.6850473966133426,-0.7026484235863624,-0.641191558569289,-0.6771141147641315,-0.6771141147641315,-0.006345177664974619,0.0088906068805566,0.008933940383128528,0.00494128216646352,0.007618263241879842,0.015739859897950424
2016-01-20,78.7,79.3,78.3,78.9,78.9,6505,-0.6532486126594744,-0.6587232548668787,-0.6283449902632892,-0.6391039878615443,-0.6391039878615443,0.0012690355329950322,0.014138817480719905,0.016228748068006248,0.01186277653093955,0.013201150606122758,0.021403296798135876
2016-01-21,79.5,80.4,78.9,78.9,78.9,6505,-0.6023705583332858,-0.5896979897362612,-0.5898052853452898,-0.6391039878615443,-0.6391039878615443,0.001523229246001581,0.010631484565133832,0.015095634273951435,0.01127915918995142,0.012213270385385104,0.019292050641632825
2016-01-22,80.1,81.7,79.6,79.8,79.8,6505,-0.5642120175886444,-0.5081226764000777,-0.5448422962742918,-0.5820887975076648,-0.5820887975076648,0.010382375284882344,0.017208413001911973,0.025794841031793563,0.022880215343203,0.022657371334836814,0.028350515463917564
2016-01-25,81.0,81.9,80.7,81.0,81.0,6505,-0.5069742064716816,-0.4955726281945108,-0.47418617059129325,-0.5060685437024913,-0.5060685437024913,0.02040816326530618,0.025965801139961966,0.03757472245943643,0.03753042141667724,0.036176636135700616,0.04046242774566482
2016-01-26,79.8,81.0,79.8,81.0,81.0,6505,-0.5832912879609651,-0.5520478451195614,-0.531995727968292,-0.5060685437024913,-0.5060685437024913,0.013513513513513492,0.020665322580645167,0.033426894615973334,0.03600434866022891,0.034271413248889084,0.037441830679247064
2016-01-27,81.4,81.4,79.7,80.2,80.2,6505,-0.4815351793085867,-0.5269477487084276,-0.5384190121212914,-0.5567487129059401,-0.5567487129059401,0.0002494387627838642,0.00893194112466969,0.02044278564763766,0.024592781858831007,0.022750459089981714,0.024832815095625436
2016-01-28,80.9,81.0,79.8,80.0,80.0,6505,-0.5133339632624547,-0.5520478451195614,-0.531995727968292,-0.5694187552068025,-0.5694187552068025,-0.004975124378109523,0.005151400929765002,0.014627547137904828,0.02047324446712168,0.019160211985324156,0.020972476283660155
2016-01-29,80.4,82.0,80.1,82.0,82.0,6505,-0.5451327472163229,-0.48929760409172784,-0.5127258755092927,-0.44271833219818024,-0.44271833219818024,0.014349332013854485,0.026154423726692574,0.034743837806006525,0.04385462414868573,0.0435225248154747,0.044585987261146494
2016-01-30,82.5,82.5,81.4,81.9,81.9,6505,-0.4115778546100773,-0.457922483577811,-0.42922318152029443,-0.44905335334861096,-0.44905335334861096,0.010861515675141882,0.021197007481296794,0.028377699648417944,0.0392741577311086,0.041189931350114534,0.04136644909722825
2016-02-01,82.4,82.5,81.8,82.5,82.5,6505,-0.41793761140085056,-0.457922483577811,-0.4035300449082957,-0.41104322644602465,-0.41104322644602465,0.01451057550418092,0.023319275613991507,0.03107815364105998,0.042785818112873734,0.04679490432928999,0.046732924508352765
2016-02-02,81.7,82.6,81.6,82.4,82.4,6505,-0.46245590893626604,-0.45164745947502805,-0.41637661321429553,-0.4173782475964554,-0.4173782475964554,0.00782778864970664,0.01766086204767206,0.026833928719780707,0.037979467153744416,0.04340779010282121,0.043390173898362444
2016-02-03,82.0,82.1,80.4,80.4,80.4,6505,-0.4433766385639454,-0.4830225799889448,-0.4934560230502925,-0.5440786706050776,-0.5440786706050776,-0.017595307917888534,-0.0088757396449704,0.0007468259895444644,0.010113700609334843,0.016640534115623926,0.01703491313880939
2016-02-15,80.0,81.0,79.2,80.6,80.6,6505,-0.5705717743794176,-0.5520478451195614,-0.5705354328862905,-0.5314086283042162,-0.5314086283042162,-0.01177047572339409,-0.007389162561576459,0.0017399950285854628,0.009708737864077383,0.018242457931173735,0.01926400539560773
2016-02-16,81.0,81.2,80.1,80.5,80.5,6505,-0.5069742064716816,-0.5394977969139945,-0.5127258755092927,-0.5377436494546469,-0.5377436494546469,-0.0095964566929134,-0.008009858287122681,-0.0007447864945382606,0.005621486570893228,0.015132408575031562,0.017742003455687168
2016-02-17,80.6,81.8,80.3,81.0,81.0,6505,-0.5324132336347763,-0.5018476522972947,-0.4998793072032929,-0.5060685437024913,-0.5060685437024913,0.0002469745616202795,-0.0018484288354899037,0.0032202130294773984,0.00928291072207327,0.019021739130434787,0.02307174132704616
2016-02-18,81.5,83.6,81.1,83.0,83.0,6505,-0.4751754225178135,-0.38889721844719444,-0.4484930339792946,-0.3793681206938691,-0.3793681206938691,0.02342786683107282,0.019280363502394787,0.024522712310730718,0.03156848123291066,0.04103953441701775,0.04630641230355509
2016-02-19,83.0,83.2,82.2,83.0,83.0,6505,-0.37977907065620925,-0.4139973148583273,-0.37783690829629607,-0.3793681206938691,-0.3793681206938691,0.01690762068120553,0.015538969778539219,0.021077667514147524,0.029010662038185017,0.0375,0.04393761529431502
2016-02-22,83.2,83.4,81.8,82.2,82.2,6505,-0.3670595570746618,-0.4014472666527604,-0.4035300449082957,-0.4300482898973178,-0.4300482898973178,0.0031730534537467063,0.005504587155963338,0.009249406564623029,0.016949152542372937,0.024324593759346185,0.032403918613413504
2016-02-23,83.0,83.0,82.2,82.5,82.5,6505,-0.37977907065620925,-0.42654736306389424,-0.37783690829629607,-0.41104322644602465,-0.41104322644602465,0.001943162496963767,0.008434176751008406,0.011690647482014387,0.01845565088574785,0.02474288269488752,0.0337482248767855
2016-02-24,82.9,84.5,82.8,83.5,83.5,6505,-0.38613882744698247,-0.33242200152214385,-0.33929720337829755,-0.3476930149417135,-0.3476930149417135,0.00796716562047316,0.019411549261384487,0.021865056702292506,0.027502614901864265,0.03377408012677672,0.04314150079120513
2016-02-25,83.5,84.4,83.2,84.4,84.4,6505,-0.34798028670234116,-0.3386970256249268,-0.313604066766298,-0.29067782458783314,-0.29067782458783314,0.015399422521655451,0.027889416636219782,0.029351979835758997,0.03507480990924717,0.042078229948636914,0.05114579873796084
2016-02-26,84.6,85.0,83.8,84.4,84.4,6505,-0.27802296200383175,-0.301046881008227,-0.27506436184829947,-0.29067782458783314,-0.29067782458783314,0.011990407673860911,0.02290631438613502,0.025682573118366817,0.03159567316506745,0.039306472268742086,0.04757964418700881
2016-03-01,84.4,86.5,84.3,86.3,86.3,6505,-0.2907424755853783,-0.20692151946647663,-0.2429479410833004,-0.17031242272964256,-0.17031242272964256,0.02469722156257419,0.0387578237843041,0.045131600193767246,0.05064523983442898,0.05879177504048685,0.06661722901989847
2016-03-02,86.6,87.7,85.6,85.6,85.6,6505,-0.1508278261883595,-0.13162123023307615,-0.159445247094303,-0.21465757078266054,-0.21465757078266054,0.00895803866100885,0.024045938509390966,0.033566771311277485,0.039213305815224045,0.04681309005527569,0.05379785793426062
2016-03-03,85.6,86.2,85.1,85.7,85.7,6505,-0.21442539409609562,-0.22574659177482653,-0.19156166785930206,-0.20832254963222888,-0.20832254963222888,0.004924953095684823,0.019509873899595534,0.03211561621838607,0.03746746564977923,0.044255982843495516,0.05123277589238249
2016-03-04,86.3,88.2,85.6,87.6,87.6,6505,-0.16990709656068015,-0.10024610971915936,-0.159445247094303,-0.08795714777403828,-0.08795714777403828,0.019553072625698237,0.036441079034547845,0.05061165747181559,0.05573968062669479,0.06290040768782758,0.07073011734028677
2016-03-07,88.5,90.2,88.1,89.2,89.2,6505,-0.02999244716366045,0.025254372336507833,0.0011368567306923128,0.013403190632860064,0.013403190632860064,0.026703499079189775,0.047686163965233584,0.062326319968241374,0.06909570324204471,0.07693050659197354,0.08577456788119776
2016-03-08,90.0,90.0,87.6,88.0,88.0,6505,0.06540390469794376,0.012704324130940935,-0.03097956403430675,-0.06261706317231347,-0.06261706317231347,0.008942903003898202,0.02659822678488102,0.04191333175467667,0.05093449573057862,0.05825196017124433,0.06718408925539646
2016-03-09,89.4,89.4,87.7,88.2,88.2,6505,0.02724536395330244,-0.024945820485758864,-0.02455627988130639,-0.049947020871451066,-0.049947020871451066,0.005242762708001003,0.02213466218565316,0.037972697316805186,0.04937537180249858,0.05699630890177844,0.06564639548932728
2016-03-10,88.2,88.9,86.8,87.1,87.1,6505,-0.049071717535981114,-0.05632094099967566,-0.08236583725830507,-0.11963225352619385,-0.11963225352619385,-0.010452169961372595,0.005193306405077768,0.020145233075661566,0.033459895586141354,0.040770480833572396,0.048639537683602116
2016-03-11,87.2,88.5,87.1,87.6,87.6,6505,-0.11266928544371725,-0.08142103741080946,-0.06309598479930581,-0.08795714777403828,-0.08795714777403828,-0.004771642808452644,0.0072438771990340975,0.022329417256671518,0.03619588360539393,0.04305582015622023,0.05098980203959209
2016-03-14,87.7,87.7,87.2,87.5,87.5,6505,-0.08087050148984919,-0.13162123023307615,-0.05667270064630545,-0.09429216892446902,-0.09429216892446902,-0.002052919708029113,0.0025206232813932044,0.017599627849278984,0.030684963778785435,0.038156708272032755,0.046191861623689726
2016-03-15,87.3,87.5,86.3,87.3,87.3,6505,-0.106309528652944,-0.14417127843864305,-0.11448225802330413,-0.10696221122533144,-0.10696221122533144,-0.002741603838245315,-0.0009155413138017658,0.011275001930650968,0.024287222808870204,0.03318500284037099,0.04068981959786989
2016-03-16,87.5,88.8,87.0,88.0,88.0,6505,-0.0935900150713966,-0.06259596510245956,-0.06951926895230526,-0.06261706317231347,-0.06261706317231347,0.005714285714285714,0.004336909381419715,0.015072285450630472,0.027977337772326506,0.03847061600188819,0.04612458392772207
2016-03-17,89.1,90.5,88.9,89.8,89.8,6505,0.008166093580980872,0.04407944464485773,0.05252312995469154,0.05141331753544638,0.05141331753544638,0.01999091322126312,0.020106781778938952,0.03084104997321498,0.04363995583706212,0.056073007808824744,0.06381298373084808
2016-03-18,89.8,94.4,89.8,92.7,92.7,6505,0.052684391116396355,0.2888053846534091,0.11033268733168931,0.235128930897949,0.235128930897949,0.0408713227037952,0.04698441382426035,0.0574144486692015,0.07130474979775803,0.08492111792519076,0.09277378285983756
2016-03-21,92.7,92.7,90.4,90.8,90.8,6505,0.23711733804883153,0.1821299749060918,0.14887239224968873,0.1147635290397575,0.1147635290397575,0.012037449843958964,0.023675310033821808,0.030724988648403173,0.04463874827427531,0.05753552294432795,0.06585279962436905
2016-03-22,91.9,94.5,91.7,94.5,94.5,6505,0.18623928372264278,0.2950804087561921,0.2323750862386861,0.34915931160570884,0.34915931160570884,0.03663887670030719,0.05763850027979861,0.06611010830324891,0.07956817273090767,0.09354749120533239,0.10388599018768024
2016-03-23,94.1,94.4,92.7,93.0,93.0,6505,0.32615393311966157,0.2888053846534091,0.2966079277686842,0.25413399434924216,0.25413399434924216,0.00911458333333337,0.0352888789936547,0.04338070306656686,0.05609811492164431,0.06999861935662022,0.08168883030279524
2016-03-24,94.4,94.4,91.8,93.3,93.3,6505,0.34523320349198316,0.2888053846534091,0.23879837039168555,0.2731390578005353,0.2731390578005353,0.004738315744131079,0.0315091210613598,0.0408299866131191,0.053642010163749296,0.06740801757276234,0.080653256631018
2016-03-25,93.3,93.3,91.9,92.3,92.3,6505,0.2752758787934729,0.2197801195227916,0.24522165454468592,0.20978884629622419,0.20978884629622419,-0.005173528777753869,0.015178178618565881,0.026087600978285008,0.03771993928832413,0.05149236728184092,0.0649999999999999
2016-03-28,91.9,92.7,91.8,91.8,91.8,6505,0.18623928372264278,0.1821299749060918,0.23879837039168555,0.17811374054406864,0.17811374054406864,-0.012690901269090048,0.004926108374384268,0.018566462016421478,0.027822874097296082,0.041619389098171,0.05460672436241093
2016-03-29,91.8,92.5,89.8,90.3,90.3,6505,0.17987952693186865,0.1695799267005249,0.11033268733168931,0.08308842328760194,0.08308842328760194,-0.019969611460820526,-0.014729950900163758,0.0002215330084183677,0.008769479975423076,0.020846522564890953,0.03353553851436428
2016-03-30,91.2,93.6,90.7,93.0,93.0,6505,0.1417209861872273,0.2386051918311415,0.168142244708688,0.25413399434924216,0.25413399434924216,0.00933362274799218,0.0092240911557243,0.02649006622516579,0.03465539300216938,0.04640172825059628,0.05938639125151889
2016-03-31,93.5,93.7,92.3,92.5,92.5,6505,0.28799539237502025,0.24488021593392542,0.27091479115668465,0.2224588885970866,0.2224588885970866,0.005653402913676998,0.0008656135035706372,0.0169305189094108,0.02521474092546418,0.03657716616612125,0.04910967449245773
2016-04-01,92.0,94.1,91.4,92.9,92.9,6505,0.19259904051341606,0.2699803123450583,0.21310523377968685,0.24779897319881142,0.24779897319881142,0.008686210640608158,0.004976200778883687,0.017376067752062567,0.026632777102442218,0.03710815396981332,0.04971751412429385
2016-04-06,92.9,92.9,89.2,89.7,89.7,6505,0.24983685163037894,0.19468002311165872,0.0717929824136908,0.04507829638501563,0.04507829638501563,-0.021596858638743346,-0.0284847828441461,-0.019243385086376612,-0.009004032480804261,-0.0009800864258029344,0.01100800240447826
2016-04-07,90.0,90.4,88.5,89.6,89.6,6505,0.06540390469794376,0.03780442054207473,0.02682999334269193,0.03874327523458397,0.03874327523458397,-0.021192921127375988,-0.024390243902439122,-0.02197642264590294,-0.010982946078701965,-0.0035587188612100466,0.007081038552320956
2016-04-08,88.6,90.6,88.6,89.9,89.9,6505,-0.023632690372887198,0.050354468747640733,0.033253277495691375,0.05774833868587803,0.05774833868587803,-0.011218653761548571,-0.017808368840817167,-0.020056681927185408,-0.00860167622408455,-0.002131154819517592,0.007659256491686947
2016-04-11,90.1,90.3,89.2,89.8,89.8,6505,0.07176366148871702,0.031529396439290834,0.0717929824136908,0.05141331753544638,0.05141331753544638,-0.006417348971011267,-0.015134898003948186,-0.021146718988445584,-0.011176567747618946,-0.00505229569225318,0.004174742806023575
2016-04-12,90.8,92.1,90.8,91.3,91.3,6505,0.11628195902413249,0.14447983028939113,0.17456552886168744,0.14643863479191307,0.14643863479191307,0.01376859871196974,0.0024154589371980554,-0.0037826434858515843,0.0032967032967032655,0.009911065882040626,0.0183291816931256
2016-04-13,92.0,93.1,91.8,92.6,92.6,6505,0.19259904051341606,0.20723007131722473,0.23879837039168555,0.22879390974751734,0.22879390974751734,0.021624007060900036,0.015796401930671323,0.00908100254268066,0.01473891841542928,0.0227523746410425,0.02968975870121191
2016-04-14,93.9,93.9,92.0,92.2,92.2,6505,0.31343441953811507,0.2574302641394923,0.2516449386976854,0.20345382514579344,0.20345382514579344,0.01140851250548493,0.009304871373836985,0.006403725804104433,0.007650273224043747,0.016448383825020996,0.023004660107996365
2016-04-15,92.2,94.0,92.2,94.0,94.0,6505,0.20531855409496347,0.2637052882422753,0.2644915070036852,0.3174842058535533,0.3174842058535533,0.021961295933898787,0.027884089666484386,0.02530541012216413,0.023965141612200466,0.0336485594897735,0.03974633139149031
2016-04-18,93.2,93.4,92.2,92.5,92.5,6505,0.2689161220026996,0.22605514362557552,0.2644915070036852,0.2224588885970866,0.2224588885970866,-0.00021616947686997655,0.011481683980317082,0.00953143189755547,0.00614564638059496,0.014743955417087125,0.02059580728208925
2016-04-19,93.2,94.0,92.5,93.0,93.0,6505,0.2689161220026996,0.2637052882422753,0.28376135946268444,0.25413399434924216,0.25413399434924216,0.0015076459185871265,0.0168379619505794,0.014471674787288212,0.011419249592169627,0.0178172744385587,0.024078696226692283
2016-04-20,93.9,94.4,90.0,91.5,91.5,6505,0.31343441953811507,0.2888053846534091,0.12317925563768913,0.15910867709277549,0.15910867709277549,-0.012305699481865443,-0.0015277171540811934,-0.0016729706139075064,-0.005272598793281507,-0.00034960450989829437,0.006711409395973148
2016-04-21,92.0,92.2,89.9,91.1,91.1,6505,0.19259904051341606,0.150754854392175,0.11675597148468968,0.13376859249105066,0.13376859249105066,-0.014282622808915747,-0.007517158731887981,-0.006615295143937372,-0.007787398573217921,-0.0063697046376685485,0.001172247051065883
2016-04-22,91.1,91.1,89.8,90.6,90.6,6505,0.13536122939645315,0.08172958926155753,0.11033268733168931,0.1020934867388951,0.1020934867388951,-0.012426422498364951,-0.013716525146962673,-0.01034080978735806,-0.011941763454932253,-0.012942868348803791,-0.005197276919698367
2016-04-25,91.0,91.8,90.3,91.8,91.8,6505,0.1290014726056799,0.12565475798104123,0.14244910809668837,0.17811374054406864,0.17811374054406864,0.002183406113537149,-0.0028242450575712047,0.0032786885245901327,0.001964636542239605,-0.0007401924500369862,0.00624794475501488
2016-04-26,91.7,93.0,91.2,91.5,91.5,6505,0.17351977014109538,0.2009550472144417,0.20025866547368706,0.15910867709277549,0.15910867709277549,0.002190580503833547,-0.006298870547350112,0.001021077966596168,-0.0008735531775496648,-0.0034850795033760967,0.001532399299474768
2016-04-27,91.8,93.0,91.8,92.5,92.5,6505,0.17987952693186865,0.2009550472144417,0.23879837039168555,0.2224588885970866,0.2224588885970866,0.01092896174863388,0.004670359509069106,0.00989882815343199,0.009659990176281233,0.006660282082535359,0.010634423483137994
2016-04-28,93.0,94.0,92.4,93.9,93.9,6505,0.2561966084211522,0.2637052882422753,0.27733807530968496,0.3111491847031225,0.3111491847031225,0.01998696502281125,0.017996530789245565,0.02198519808445794,0.022931532218530466,0.022163197770617607,0.023470425810202034
2016-04-29,93.9,93.9,91.7,91.7,91.7,6505,0.31343441953811507,0.2574302641394923,0.2323750862386861,0.17177871939363787,0.17177871939363787,-0.006285218899003016,-0.0033691990001087084,-0.0032608695652173603,-0.0003270467676876369,-0.0012198841110092427,-0.0018504408403177046
2016-05-03,92.9,92.9,90.2,91.3,91.3,6505,0.24983685163037894,0.19468002311165872,0.13602582394368892,0.14643863479191307,0.14643863479191307,-0.009546539379475045,-0.006420720426597055,-0.008686210640608004,-0.004036216864841328,-0.004709370775738197,-0.006744995648389954
2016-05-04,90.6,90.9,88.5,88.6,88.6,6505,0.10356244544258508,0.06917954105599153,0.02682999334269193,-0.024606936269727153,-0.024606936269727153,-0.03275109170305677,-0.03116457080371797,-0.036118363794604084,-0.031217538680225292,-0.032582110412299185,-0.03468313056110394
2016-05-05,88.3,89.1,87.1,88.3,88.3,6505,-0.04271196074520786,-0.04377089279410966,-0.06309598479930581,-0.04361199972102031,-0.04361199972102031,-0.02710445130013215,-0.031054537473938312,-0.03637686431429621,-0.033758275428133803,-0.034381698088447786,-0.03707742639040355
2016-05-06,88.1,90.2,87.7,90.0,90.0,6505,-0.05543147432675527,0.025254372336507833,-0.02455627988130639,0.06408335983630878,0.06408335983630878,0.00022227161591476143,-0.011206328279498967,-0.01625009108795466,-0.01537115037470599,-0.01566191267827459,-0.016930638995084624
2016-05-09,90.0,90.6,88.8,90.6,90.6,6505,0.06540390469794376,0.050354468747640733,0.046099845801691186,0.1020934867388951,0.1020934867388951,0.009358288770053355,-0.004614370468029179,-0.007232084155161196,-0.009186351706036783,-0.008058158885871991,-0.009511315185306709
2016-05-10,90.6,90.7,87.4,88.4,88.4,6505,0.10356244544258508,0.05662949285042463,-0.04382613234030565,-0.037276978570588655,-0.037276978570588655,-0.00874635568513105,-0.02514336127040127,-0.028429073856975448,-0.03250519864288043,-0.030404071425437693,-0.03183411214953255
2016-05-11,88.4,88.7,86.3,86.5,86.5,6505,-0.036352203954433705,-0.06887098920524257,-0.11448225802330413,-0.15764238042878015,-0.15764238042878015,-0.025461919783686244,-0.040807274340208394,-0.044761834646249075,-0.050806540107538635,-0.04857230850455362,-0.05063291139240503
2016-05-12,86.5,88.9,86.0,88.6,88.6,6505,-0.15718758297913274,-0.05632094099967566,-0.1337521104823034,-0.024606936269727153,-0.024606936269727153,-0.0024769196126999894,-0.013253146230092414,-0.019477644975653,-0.025624106455515216,-0.025002200897966585,-0.0264449490879789
2016-05-13,87.3,87.8,85.0,85.3,85.3,6505,-0.106309528652944,-0.12534620613029315,-0.1979849520123015,-0.2336626342339537,-0.2336626342339537,-0.029358215748748275,-0.04081862138760818,-0.05194131594546531,-0.05834299276922239,-0.05953693495038595,-0.06098634962571561
2016-05-16,85.3,86.7,85.0,85.5,85.5,6505,-0.23350466446841628,-0.19437147126090976,-0.1979849520123015,-0.2209925919330913,-0.2209925919330913,-0.01565737969145735,-0.0318197259653492,-0.046113796950539306,-0.05168589174800351,-0.05549909416287394,-0.05618721713213382
2016-05-17,86.1,88.0,86.0,88.0,88.0,6505,-0.18262661014222756,-0.11279615792472625,-0.1337521104823034,-0.06261706317231347,-0.06261706317231347,0.014058538833832667,0.00022732439190736796,-0.01543969568136059,-0.021515539000389196,-0.027108300535090262,-0.0269792127377268
2016-05-18,86.5,89.4,86.2,89.2,89.2,6505,-0.15718758297913274,-0.024945820485758864,-0.12090554217630357,0.013403190632860064,0.013403190632860064,0.021530004580851983,0.01317582916855987,-0.000298864315600764,-0.00607276171374436,-0.012924929178470324,-0.012363904779479537
2016-05-19,88.7,89.1,87.2,88.3,88.3,6505,-0.017272933582113043,-0.04377089279410966,-0.05667270064630545,-0.04361199972102031,-0.04361199972102031,0.01191840476736198,0.002953203089504829,-0.007270274321690999,-0.014343919182899042,-0.021020887844250154,-0.021823418632989908
2016-05-20,88.2,88.2,86.6,86.8,86.8,6505,-0.049071717535981114,-0.10024610971915936,-0.09521240556430488,-0.138637316977487,-0.138637316977487,-0.008679762448606729,-0.010487916096671246,-0.01891342023962021,-0.02875685353026751,-0.03534118693042906,-0.037445015340258
2016-05-23,86.2,90.0,85.6,89.8,89.8,6505,-0.1762668533514534,0.012704324130940935,-0.159445247094303,0.05141331753544638,0.05141331753544638,0.01560732865867462,0.024646280237334513,0.0164503471174164,0.005261390350386196,-0.00013361243486410127,-0.004140174478781623
2016-05-24,89.0,90.4,88.5,89.4,89.4,6505,0.00180633679020762,0.03780442054207473,0.02682999334269193,0.02607323293372247,0.02607323293372247,0.00789177001127399,0.018919534989742547,0.013375651779641883,0.0021298060755520426,-0.0032111319240030163,-0.008429458740017801
2016-05-25,90.1,90.7,89.5,90.5,90.5,6505,0.07176366148871702,0.05662949285042463,0.09106283487269005,0.09575846558846435,0.09575846558846435,0.017311151079136763,0.026775584297708186,0.024373679444612165,0.015029161058770788,0.010179934812698199,0.004068047337278033
2016-05-26,89.8,90.0,88.9,88.9,88.9,6505,0.052684391116396355,0.012704324130940935,0.05252312995469154,-0.005601872818433095,-0.005601872818433095,-0.0020206555904805435,0.008279460133832415,0.005807814149947225,-0.0008990784445941121,-0.006526306378793851,-0.012331963115209415
2016-05-27,89.8,90.8,88.9,89.9,89.9,6505,0.052684391116396355,0.06290451695320763,0.05252312995469154,0.05774833868587803,0.05774833868587803,0.0022296544035674787,0.0143292338937154,0.01719846119031483,0.012615453931065607,0.005188067444876768,-0.00037064492216454524
2016-05-30,89.1,90.7,89.1,90.1,90.1,6505,0.008166093580980872,0.05662949285042463,0.06536969826069045,0.07041838098673954,0.07041838098673954,0.0037878787878786674,0.011336850376024143,0.01984606097192873,0.015783540022547816,0.0076496376487429265,0.0033035150885266243
2016-05-31,89.5,90.0,87.6,89.0,89.0,6505,0.03360512074407569,0.012704324130940935,-0.03097956403430675,0.000733148331997658,0.000733148331997658,-0.00758251561106147,-0.0021302836640880356,0.006939206516819992,0.004684766043912697,-0.0034041028397384446,-0.00765628484352949
2016-06-01,88.1,88.6,87.9,87.9,87.9,6505,-0.05543147432675527,-0.07514601330802645,-0.011709711575306583,-0.06895208432274422,-0.06895208432274422,-0.014131897711978364,-0.013024927015495133,-0.006555153707052262,-0.007340485601355071,-0.014131897711978364,-0.018059951591882256
2016-06-02,88.0,89.5,88.0,88.2,88.2,6505,-0.061791231117528524,-0.018670796382975863,-0.005286427422307134,-0.049947020871451066,-0.049947020871451066,-0.009211413165580851,-0.00954519932622116,-0.0028640337654506744,-0.0038963239031001057,-0.008855126533914648,-0.013496383565729745
2016-06-03,88.7,88.7,87.0,87.3,87.3,6505,-0.017272933582113043,-0.06887098920524257,-0.06951926895230526,-0.10696221122533144,-0.10696221122533144,-0.013559322033898338,-0.020202020202020173,-0.01452438290186629,-0.012555140821174069,-0.01604977232766774,-0.0221774193548386
2016-06-04,87.7,88.9,87.4,88.8,88.8,6505,-0.08087050148984919,-0.05632094099967566,-0.04382613234030565,-0.011936893968864748,-0.011936893968864748,0.006346328195829582,-0.002247191011235987,-7.506943923138069e-05,0.005434782608695536,0.0021668472372696943,-0.004707464694014814
2016-06-06,89.4,90.1,89.2,89.2,89.2,6505,0.02724536395330244,0.018979348233723936,0.0717929824136908,0.013403190632860064,0.013403190632860064,0.01042138649750795,0.002472465722634287,0.0035250881272031716,0.009506564056134035,0.007636347205277686,0.0007479431563200772
2016-06-07,89.2,90.2,89.2,90.2,90.2,6505,0.01452585037175503,0.025254372336507833,0.0717929824136908,0.07675340213717119,0.07675340213717119,0.016452558034708065,0.014052838673412029,0.01401483924154991,0.01869106104240783,0.018196595475685296,0.012459310809293966
2016-06-08,89.2,90.2,88.4,88.5,88.5,6505,0.01452585037175503,0.025254372336507833,0.020406709189692483,-0.030941957420157904,-0.030941957420157904,-0.0033783783783783465,-0.004611404791362014,-0.005245410266017256,-0.00045177320984872654,-0.0010835703643504158,-0.005133585640948899
2016-06-13,88.5,89.1,86.8,87.1,87.1,6505,-0.02999244716366045,-0.04377089279410966,-0.08236583725830507,-0.11963225352619385,-0.11963225352619385,-0.018702118071203366,-0.017262777840460354,-0.021201678154030762,-0.017262777840460354,-0.015596745027124883,-0.018370336977347117
2016-06-14,86.8,87.4,85.5,86.2,86.2,6505,-0.13810831260681208,-0.15044630254142605,-0.16586853124730244,-0.1766474438800733,-0.1766474438800733,-0.02311876699909345,-0.02311876699909345,-0.028695913461538308,-0.027801274460046124,-0.02382678021380684,-0.026502032826381382
2016-06-15,85.8,87.2,85.7,87.2,87.2,6505,-0.2017058805145482,-0.16299635074699295,-0.15302196294130263,-0.11329723237576218,-0.11329723237576218,-0.007285974499089259,-0.009766068589597995,-0.015801354401805773,-0.01607898448519038,-0.011965192168237665,-0.013686234588847504
2016-06-16,86.3,86.6,85.1,86.1,86.1,6505,-0.16990709656068015,-0.20064649536369364,-0.19156166785930206,-0.18298246503050497,-0.18298246503050497,-0.010572282233969223,-0.02025489303595814,-0.024988675826664777,-0.026788741946422567,-0.02425203989120581,-0.025209449769794025
2016-06-17,86.3,86.8,84.3,85.8,85.8,6505,-0.16990709656068015,-0.18809644715812673,-0.2429479410833004,-0.20198752848179813,-0.20198752848179813,-0.007863089731729795,-0.020994979461433333,-0.026106696935300763,-0.028807515988454376,-0.026416122004357175,-0.02768858837305944
2016-06-20,86.9,87.3,86.1,86.7,86.7,6505,-0.13174855581603792,-0.15672132664420996,-0.12732882632930395,-0.14497233812791774,-0.14497233812791774,0.003472222222222189,-0.010047956154373093,-0.013502237730410545,-0.018564636631197652,-0.016828449605370686,-0.016263237518910782
2016-06-21,86.7,88.6,86.7,88.6,88.6,6505,-0.14446806939758533,-0.07514601330802645,-0.08878912141130452,-0.024606936269727153,-0.024606936269727153,0.019797421731123376,0.0118775696665143,0.009264884568651268,0.003624830086089637,0.003306608687774464,0.006056018168054483
2016-06-22,88.0,89.8,87.7,89.3,89.3,6505,-0.061791231117528524,0.00015427592537403757,-0.02455627988130639,0.019738211783290816,0.019738211783290816,0.02290950744558992,0.019755624072170883,0.017007060967276662,0.011611441517983477,0.0106382978723404,0.013659237958303377
2016-06-23,88.9,88.9,88.0,88.4,88.4,6505,-0.0045534200005656325,-0.05632094099967566,-0.005286427422307134,-0.037276978570588655,-0.037276978570588655,0.007292616226071109,0.011557386428653059,0.006375227686703122,0.0026085970284679396,0.0008151435558375255,0.0027223230490017567
2016-06-24,88.0,88.6,85.5,86.6,86.6,6505,-0.061791231117528524,-0.07514601330802645,-0.16586853124730244,-0.1513073592783494,-0.1513073592783494,-0.01501364877161064,-0.006880733944954226,-0.012917933130699163,-0.016523763556868007,-0.01880806707455258,-0.016951717874981148
2016-06-27,86.6,87.9,86.1,87.6,87.6,6505,-0.1508278261883595,-0.11907118202750926,-0.12732882632930395,-0.08795714777403828,-0.08795714777403828,-0.005675368898978434,0.0040114613180515105,-0.001747322039049041,-0.003866272458494467,-0.0078376296833236,-0.006464783940115769
2016-06-28,87.0,87.3,86.3,87.1,87.1,6505,-0.12538879902526467,-0.15672132664420996,-0.11448225802330413,-0.11963225352619385,-0.11963225352619385,-0.007972665148063813,-0.0027478818410809377,-0.006161570059333709,-0.007859665109921378,-0.012292479361335425,-0.012732837117920446
2016-06-29,87.1,87.7,86.8,87.5,87.5,6505,-0.11902904223449141,-0.13162123023307615,-0.08236583725830507,-0.09429216892446902,-0.09429216892446902,0.0006861848124426813,0.0014879249170195198,-0.0003046690532409647,-0.002451120104885178,-0.006900621963953376,-0.0080114881717179
2016-06-30,88.0,88.0,87.2,87.5,87.5,6505,-0.061791231117528524,-0.11279615792472625,-0.05667270064630545,-0.09429216892446902,-0.09429216892446902,0.0027504011001605448,-0.00011427265455382373,0.001755457182109632,-0.00222361594161575,-0.005546210846933828,-0.007373794668179304
2016-07-01,87.1,90.0,86.6,90.0,90.0,6505,-0.11902904223449141,0.012704324130940935,-0.09521240556430488,0.06408335983630878,0.06408335983630878,0.023425062542642903,0.023541453428863955,0.029198749714111388,0.025232101156234022,0.02235550708833139,0.02033104073766159
2016-07-04,87.6,88.0,86.2,86.2,86.2,6505,-0.08723025828062334,-0.11279615792472625,-0.12090554217630357,-0.1766474438800733,-0.1766474438800733,-0.016655258955053546,-0.019116977696859272,-0.013579493439121156,-0.017439872335574914,-0.01916162213827315,-0.02252797097066841
2016-07-05,86.0,86.4,84.5,84.9,84.9,6505,-0.1889863669330008,-0.21319654356925966,-0.23010137277730058,-0.2590027188356776,-0.2590027188356776,-0.02659940380646633,-0.02982516283853273,-0.027491408934707806,-0.030102244816359067,-0.03166202837720695,-0.03548301586700482
2016-07-06,84.5,85.0,83.3,84.6,84.6,6505,-0.284382718794605,-0.301046881008227,-0.3071807826132985,-0.27800778228697165,-0.27800778228697165,-0.02354570637119137,-0.028033088235294094,-0.028999923483051703,-0.030983334287841457,-0.03314285714285721,-0.03714101445426612
2016-07-07,85.0,86.9,85.0,86.5,86.5,6505,-0.25258393484073693,-0.18182142305534285,-0.1979849520123015,-0.15764238042878015,-0.15764238042878015,0.0006941230911613611,-0.004029936672423654,-0.007496366557025962,-0.007116620752984279,-0.01079548053611457,-0.014020289524678034
2016-07-11,86.5,87.6,86.1,86.3,86.3,6505,-0.15718758297913274,-0.13789625433586006,-0.12732882632930395,-0.17031242272964256,-0.17031242272964256,0.007001166861143457,-0.005989403363280467,-0.010169750726410808,-0.008159981611308974,-0.012224155297134099,-0.015327273418780669
2016-07-12,87.0,88.5,86.9,88.0,88.0,6505,-0.12538879902526467,-0.08142103741080946,-0.0759425531053047,-0.06261706317231347,-0.06261706317231347,0.02254241227050909,0.013124568270780573,0.008326331067145448,0.010855206478663,0.0069110714449173785,0.004795615437314475
2016-07-13,89.0,89.1,87.4,88.0,88.0,6505,0.00180633679020762,-0.04377089279410966,-0.04382613234030565,-0.06261706317231347,-0.06261706317231347,0.015228426395939174,0.012075905692926936,0.008788689338937703,0.009811234149979964,0.007279886452085642,0.005599360073134604
2016-07-14,88.3,88.4,87.3,87.3,87.3,6505,-0.04271196074520786,-0.08769606151359247,-0.050249416493306005,-0.10696221122533144,-0.10696221122533144,0.0009172208209126152,0.00425629817094219,0.0022962112514351646,0.001721170395869093,0.00013747594171020593,-0.0017533160542765969
2016-07-15,88.0,88.0,86.7,87.8,87.8,6505,-0.061791231117528524,-0.11279615792472625,-0.08878912141130452,-0.07528710547317587,-0.07528710547317587,0.003657978966621027,0.009659613615455422,0.008499885136687448,0.006476758181922368,0.006973116799706278,0.00400228702115488
2016-07-18,87.8,88.0,87.3,87.8,87.8,6505,-0.07451074469907593,-0.11279615792472625,-0.050249416493306005,-0.07528710547317587,-0.07528710547317587,0.00022784233310544567,0.01222042886788105,0.007574018820289151,0.005324325871643547,0.007296590335459543,0.004155388662269792
2016-07-19,88.0,88.7,87.5,88.4,88.4,6505,-0.061791231117528524,-0.06887098920524257,-0.0374028481873062,-0.037276978570588655,-0.037276978570588655,0.006146141588891652,0.016559337626494912,0.013838978515176964,0.011210249370853397,0.013575490735645136,0.01059370474811366
2016-07-20,88.8,90.5,88.6,90.5,90.5,6505,-0.010913176791339789,0.04407944464485773,0.033253277495691375,0.09575846558846435,0.09575846558846435,0.024219103666817735,0.03404936014625233,0.03523221230839623,0.03410843855339067,0.03561129674554869,0.033931223580486676
2016-07-21,91.0,92.2,90.9,91.9,91.9,6505,0.1290014726056799,0.150754854392175,0.1809888130146878,0.18444876169450028,0.18444876169450028,0.02934587813620077,0.04135977337110488,0.047731245724709284,0.04854812025785852,0.04937425778752167,0.048847295138096165
2016-07-22,91.6,92.1,90.3,90.5,90.5,6505,0.16716001335032124,0.14447983028939113,0.14244910809668837,0.09575846558846435,0.09575846558846435,0.0075706969494543815,0.020868584320360904,0.029422916508682704,0.03133903133903134,0.03131552557206679,0.03275134086500046
2016-07-25,91.5,92.7,89.6,90.5,90.5,6505,0.16080025655954797,0.1821299749060918,0.0974861190256895,0.09575846558846435,0.09575846558846435,0.0015493581230633087,0.016054788368698853,0.029032747119466275,0.029052248564443765,0.02911075733454631,0.03196624729180122
2016-07-26,90.5,90.5,89.0,89.8,89.8,6505,0.09720268865181184,0.04407944464485773,0.05894641410769099,0.05141331753544638,0.05141331753544638,-0.009267431597528878,0.006162464985994366,0.018294526761415138,0.019817159729714436,0.019712936046511677,0.022934386391251543
2016-07-27,90.4,91.0,89.6,91.0,91.0,6505,0.09084293186103858,0.07545456515877452,0.0974861190256895,0.12743357134061992,0.12743357134061992,0.002865329512893882,0.01619207146845341,0.027165324704642932,0.031161473087818695,0.03221415607985485,0.03471801091570642
2016-07-28,91.1,91.9,90.6,91.4,91.4,6505,0.13536122939645315,0.1319297820838251,0.16171896055568763,0.1527736559423447,0.1527736559423447,0.008384819064430771,0.0160071142730102,0.026428090140001723,0.03341059415455931,0.03576447123883767,0.037614470597139335
2016-07-29,90.9,91.6,90.4,90.8,90.8,6505,0.12264171581490665,0.11310470977547434,0.14887239224968873,0.1147635290397575,0.1147635290397575,0.0011025358324144908,0.005982716596499073,0.016417910447761218,0.02471504344882065,0.027846954946796395,0.028972915801004695
2016-08-01,91.1,91.9,90.6,91.4,91.4,6505,0.13536122939645315,0.1319297820838251,0.16171896055568763,0.1527736559423447,0.1527736559423447,0.005721830985915606,0.008607371441182975,0.019255073972195454,0.030672079386558398,0.03239506619075582,0.03358588714237265
2016-08-02,91.5,91.8,90.2,90.4,90.4,6505,0.16080025655954797,0.12565475798104123,0.13602582394368892,0.0894234444380336,0.0894234444380336,-0.006593406593406686,-0.004624532041400591,0.006307977736549282,0.01698728765890432,0.01980957538017254,0.02085372280358366
2016-08-03,89.5,91.1,88.7,90.0,90.0,6505,0.03360512074407569,0.08172958926155753,0.03967656164869174,0.06408335983630878,0.06408335983630878,-0.00881057268722464,-0.008482978957805554,0.0003705075954056847,0.009591115598182782,0.013970256872465016,0.015801354401805936
2016-08-04,90.0,90.7,89.3,90.0,90.0,6505,0.06540390469794376,0.05662949285042463,0.07821626656669024,0.06408335983630878,0.06408335983630878,-0.005744586831639529,-0.006403179509825706,-0.0016269782576542897,0.006542526421741408,0.012829169480081034,0.01553390754880219
2016-08-05,90.0,91.0,89.9,90.7,90.7,6505,0.06540390469794376,0.07545456515877452,0.11675597148468968,0.10842850788932676,0.10842850788932676,0.002209944751381247,0.0011037527593819926,0.003984945760460476,0.011994421199442152,0.01923854901784514,0.02254791431792559
2016-08-08,90.7,91.5,90.6,91.1,91.1,6505,0.10992220223335925,0.10682968567269133,0.16171896055568763,0.13376859249105066,0.13376859249105066,0.007297655904466854,0.004853298036620315,0.005962897526501679,0.013742836476937463,0.023227603558271324,0.025323579065841307
2016-08-09,91.5,94.8,91.5,94.7,94.7,6505,0.16080025655954797,0.313905481064542,0.2195285179326863,0.3618293539065713,0.3618293539065713,0.03723986856516983,0.03894679100383979,0.04088810727632445,0.04988913525498891,0.05961598711005671,0.06300980318790703
2016-08-10,94.7,98.0,93.6,98.0,98.0,6505,0.3643124738643038,0.5147062523536097,0.354417485145682,0.5708850518707977,0.5708850518707977,0.054897739504843855,0.06695699510070774,0.0712724092697857,0.08048511576626237,0.09014861617869536,0.09558412520961428
2016-08-11,97.5,100.0,95.8,96.9,96.9,6505,0.5423856640059649,0.6402067344092769,0.49572973651167807,0.5011998192160559,0.5011998192160559,0.027789563003818463,0.0487012987012987,0.0554022654661633,0.06273305549462617,0.07204496172058238,0.07950536596234546
2016-08-12,96.9,100.0,96.9,99.7,99.7,6505,0.5042271232613235,0.6402067344092769,0.5663858621946766,0.6785804114281269,0.6785804114281269,0.03767693588676108,0.06871047271947686,0.07869301788805548,0.08635249250885314,0.09661665713405788,0.1056892536320284
2016-08-15,99.7,100.5,97.7,98.3,98.3,6505,0.6823003134029845,0.6715818549231937,0.6177721354186749,0.5898901153220909,0.5898901153220909,0.007998359310910594,0.045967227069589355,0.057595753837325965,0.06500541711809317,0.07553941091513848,0.08682833345618034
2016-08-16,98.4,98.4,96.8,97.8,97.8,6505,0.5996234751229277,0.5398063487647435,0.5599625780416762,0.5582150095699354,0.5582150095699354,-0.003464438557163271,0.03251689189189187,0.04621309370988439,0.05422011426107579,0.0654987580075827,0.07669724770642204
2016-08-17,97.8,99.4,97.4,99.4,99.4,6505,0.5614649343782855,0.6025565897925771,0.5985022829596757,0.6595753479768337,0.6595753479768337,0.00995732574679947,0.03909680117081339,0.05699702254359862,0.06635198197714962,0.0775768613676771,0.08851980288373802
2016-08-18,99.3,99.3,97.5,97.5,97.5,6505,0.6568612862398897,0.5962815656897932,0.6049255671126751,0.5392099461186423,0.5392099461186423,-0.010554089709762595,0.011305881132662622,0.03232865109056267,0.04283651532167491,0.0523248283901049,0.06270890858886803
2016-08-19,98.0,98.5,94.5,95.1,95.1,6505,0.5741844479598329,0.5460813728675264,0.41222704252268066,0.38716943850829516,0.38716943850829516,-0.02581438229870924,-0.018069179143004648,0.0038705137227304015,0.014670578821018939,0.023196763642623425,0.033321260412893836
2016-08-22,94.2,95.1,91.6,94.4,94.4,6505,0.33251368991043573,0.3327305533728919,0.22595180208568574,0.3428242904552781,0.3428242904552781,-0.025196199917389483,-0.02860670919942376,-0.0056179775280898675,0.005110732538330536,0.012788601836752135,0.02271496153985062
2016-08-23,94.2,95.2,93.2,94.9,94.9,6505,0.33251368991043573,0.3390055774756758,0.3287243485336833,0.37449939620743367,0.37449939620743367,-0.014128402243922703,-0.023662551440329187,-0.003500175008750388,0.007698433766923372,0.015320751487139852,0.025576368876080773
2016-08-24,94.2,94.9,93.5,94.0,94.0,6505,0.33251368991043573,0.3201805051673259,0.3479942009926826,0.3174842058535533,0.3174842058535533,-0.012397562513132935,-0.028925619834710717,-0.015706806282722512,-0.0034455340577789857,0.004187676266985684,0.013659237958303368
2016-08-25,93.6,95.1,93.3,94.9,94.9,6505,0.29435514916579353,0.3327305533728919,0.33514763268668274,0.37449939620743367,0.37449939620743367,0.0025353898161843344,-0.01759834368530009,-0.009670237929595057,0.004232804232804293,0.012504267668146092,0.020576426727846372
2016-08-26,94.0,95.5,94.0,95.5,95.5,6505,0.31979417632888835,0.3578306497840257,0.3801106217576816,0.41250952311002,0.41250952311002,0.008021954823728002,-0.007070076939072496,-0.006725835529052926,0.008075157016942003,0.016736223490332897,0.02420190898366275
2016-08-29,95.2,95.2,92.7,93.6,93.6,6505,0.39611125781817186,0.3390055774756758,0.2966079277686842,0.2921441212518285,0.2921441212518285,-0.010361598646648531,-0.02204576324313043,-0.028171938810825827,-0.013126680373240598,-0.004805852081827206,0.001748064642716923
2016-08-30,93.8,94.0,92.5,92.6,92.6,6505,0.3070746627473409,0.2637052882422753,0.28376135946268444,0.22879390974751734,0.22879390974751734,-0.016149596260093605,-0.027208740413909062,-0.037155136558990755,-0.024801221631299223,-0.01660931990994443,-0.010437074769351259
2016-08-31,92.0,93.4,91.3,92.8,92.8,6505,0.19259904051341606,0.22605514362557552,0.2066819496266865,0.24146395204837975,0.24146395204837975,-0.01150404772049423,-0.01830106844388029,-0.03158480589954088,-0.024133760975866256,-0.015238337790228861,-0.009111617312072951
2016-09-01,92.1,92.8,91.5,92.0,92.0,6505,0.1989587973041893,0.18840499900887483,0.2195285179326863,0.19078378284493103,0.19078378284493103,-0.013933547695605543,-0.02106831240689498,-0.03664921465968586,-0.03356268711592003,-0.02397623594313606,-0.01768872121578816
2016-09-02,92.0,93.1,91.6,92.1,92.1,6505,0.19259904051341606,0.20723007131722473,0.22595180208568574,0.19711880399536177,0.19711880399536177,-0.005614338155905962,-0.016865926558497144,-0.03045827777387899,-0.03322311447016225,-0.02345406735092053,-0.017180663749866605
2016-09-05,92.1,94.0,92.1,93.4,93.4,6505,0.1989587973041893,0.2637052882422753,0.2580682228506848,0.279474078950967,0.279474078950967,0.008857204579822937,-0.0019234879247701712,-0.013380281690140834,-0.020759068987208952,-0.010509365200440761,-0.004335157415961752
2016-09-06,93.4,94.3,93.0,94.2,94.2,6505,0.28163563558424703,0.2825303605506252,0.3158777802276835,0.3301542481544157,0.3301542481544157,0.013993541442411163,0.007378889958293206,-0.002400451849759879,-0.012112631744533597,-0.0036385175156540247,0.002625416873625236
2016-09-07,94.7,96.1,94.0,95.5,95.5,6505,0.3643124738643038,0.3954807944007255,0.3801106217576816,0.41250952311002,0.41250952311002,0.0220462328767122,0.01964552637198381,0.01415929203539818,0.0028352409954845743,0.007766662445654513,0.01484184052991402
2016-09-08,95.2,96.0,94.5,96.0,96.0,6505,0.39611125781817186,0.3892057702979425,0.41222704252268066,0.4441846288621755,0.4441846288621755,0.018675721561969342,0.0237815932601044,0.020552799433026264,0.008562273467458083,0.010483769104458859,0.01849559712840831
2016-09-09,95.1,95.8,94.3,95.8,95.8,6505,0.38975150102739775,0.3766557220923756,0.3993804742166809,0.43151458656131314,0.43151458656131314,0.008633396504527348,0.021321961620469083,0.01792165474250904,0.008527213390883276,0.006217964876900938,0.014579729586613462
2016-09-10,94.1,94.8,93.6,93.6,93.6,6505,0.32615393311966157,0.313905481064542,0.354417485145682,0.2921441212518285,0.2921441212518285,-0.014944222268996167,-0.0021321961620469386,-0.00489049542845001,-0.012189330378344163,-0.01792084609896349,-0.009488870859642408
2016-09-12,92.5,93.1,90.3,90.3,90.3,6505,0.22439782446728412,0.20723007131722473,0.14244910809668837,0.08308842328760194,0.08308842328760194,-0.04180814940577233,-0.03494709842898361,-0.03683424589347934,-0.04322949777495245,-0.050792582937392194,-0.044377028361789285
2016-09-13,90.8,92.1,90.4,91.3,91.3,6505,0.11628195902413249,0.14447983028939113,0.14887239224968873,0.14643863479191307,0.14643863479191307,-0.022483940042826493,-0.02269321344465858,-0.024294670846394913,-0.028465017291832907,-0.037569573283858924,-0.034237156658791984
2016-09-14,90.4,91.5,89.7,89.7,89.7,6505,0.09084293186103858,0.10682968567269133,0.10390940317868987,0.04507829638501563,0.04507829638501563,-0.02648144128500121,-0.037450370211396015,-0.03782894736842095,-0.04151306299086397,-0.051556420233462796,-0.05106142887368645
2016-09-19,90.7,93.9,90.1,93.9,93.9,6505,0.10992220223335925,0.2574302641394923,0.12960253979068856,0.3111491847031225,0.3111491847031225,0.023321708805579777,0.005676341437292504,0.00837628865979398,0.00400962309542903,-0.004706181633172098,-0.007749207467418115
2016-09-20,93.8,94.5,93.0,94.2,94.2,6505,0.3070746627473409,0.2950804087561921,0.3158777802276835,0.3301542481544157,0.3301542481544157,0.02525032651284292,0.008025682182985553,0.011163589523400514,0.007325028070363068,0.00021235931195578699,-0.005664825305231995
2016-09-21,93.7,96.1,93.5,95.9,95.9,6505,0.3007149059565677,0.3954807944007255,0.3479942009926826,0.4378496077117448,0.4378496077117448,0.031182795698924636,0.024353770561845924,0.026986506746626643,0.024955913001656532,0.019085267363767814,0.011852424999120755
2016-09-22,96.5,96.5,95.3,95.5,95.5,6505,0.4787880960982287,0.4205808908118593,0.463613315746679,0.41250952311002,0.41250952311002,0.01768968456947993,0.02008117923520626,0.02073535699016687,0.01986330627936763,0.01651977689785846,0.008518727119121279
2016-09-23,94.8,95.8,94.3,94.9,94.9,6505,0.37067223065507704,0.3766557220923756,0.3993804742166809,0.37449939620743367,0.37449939620743367,0.00021079258010128828,0.014864720350764629,0.012230676242622578,0.013455788124733074,0.011252717275478578,0.0028885444554036174
2016-09-26,94.3,95.4,94.3,95.4,95.4,6505,0.338873446701209,0.3515556256812427,0.3993804742166809,0.4061745019595892,0.4061745019595892,0.002311409960075634,0.020648336364609037,0.015181611804767415,0.018849789074598177,0.016450733037845177,0.009701887458105535
2016-09-29,96.2,96.2,95.1,95.9,95.9,6505,0.45970882572590804,0.4017558185035094,0.4507667474406792,0.4378496077117448,0.4378496077117448,0.003978224455611342,0.023479188900747093,0.018695559804546475,0.022933333333333392,0.021125260871417105,0.015853959959041024
2016-09-30,95.1,95.6,93.0,94.2,94.2,6505,0.38975150102739775,0.3641056738868087,0.3158777802276835,0.3301542481544157,0.3301542481544157,-0.010296280731245954,0.0011690934211924693,0.0006373486297003193,0.003943301715869174,0.003323108384458204,-0.0008838607035530698
2016-10-03,94.1,96.0,93.6,96.0,96.0,6505,0.32615393311966157,0.3892057702979425,0.354417485145682,0.4441846288621755,0.4441846288621755,0.00755667506297228,0.015228426395939063,0.01939685685969121,0.021385253750399034,0.021624382768602193,0.019432940426887372
2016-10-04,96.0,97.7,95.3,97.5,97.5,6505,0.4469893121443606,0.4958811800452598,0.463613315746679,0.5392099461186423,0.5392099461186423,0.017745302713987506,0.022655758338577685,0.03422671663955865,0.03431814565321169,0.036440173484139936,0.03536158012105749
2016-10-05,96.6,97.1,96.2,96.8,96.8,6505,0.4851478528890019,0.4582310354285591,0.5214228731236776,0.4948647980656243,0.4948647980656243,0.007493755203996658,0.012234654397155723,0.0260758956964173,0.024338624338624156,0.028430580935786855,0.027310032545634688
2016-10-06,97.8,98.5,97.5,98.4,98.4,6505,0.5614649343782855,0.5460813728675264,0.6049255671126751,0.5962251364725226,0.5962251364725226,0.018844481259059773,0.024466423737636737,0.039509824635537656,0.038522427440633306,0.043301242631154875,0.04281475201356514
2016-10-07,98.5,99.2,97.5,97.9,97.9,6505,0.605983231913701,0.5900065415870102,0.6049255671126751,0.564550030720367,0.564550030720367,0.005959720509658839,0.01714285714285705,0.02872154115586691,0.031231895507452503,0.03567197020988505,0.0364175312301503
2016-10-11,97.9,99.2,97.4,98.4,98.4,6505,0.5678246911690596,0.5900065415870102,0.5985022829596757,0.5962251364725226,0.5962251364725226,0.006134969325153315,0.019266625233064008,0.028858218318695006,0.03491796381994118,0.03850050658561308,0.04009583538862663
2016-10-12,97.1,98.0,96.6,98.0,98.0,6505,0.51694663684287,0.5147062523536097,0.5471160097356764,0.5708850518707977,0.5708850518707977,0.0010214504596526488,0.011874032008260255,0.018781620347910363,0.02962807312460609,0.03166582449048352,0.03473762010347368
2016-10-13,98.3,100.0,98.3,100.0,100.0,6505,0.5932637183321535,0.6402067344092769,0.6563118403366733,0.69758547487942,0.69758547487942,0.014816318246397338,0.027643613194943968,0.03519668737060048,0.04832791697242897,0.04922986527888538,0.05418511490617753
2016-10-14,99.8,100.5,99.1,99.9,99.9,6505,0.6886600701937577,0.6715818549231937,0.7076981135606717,0.6912504537289893,0.6912504537289893,0.010724403075677886,0.022413263739637677,0.030109300886780797,0.04383261062640398,0.045328980411853424,0.050804670242978835
2016-10-17,100.0,102.0,98.5,102.0,102.0,6505,0.7013795837753052,0.7657072164649441,0.6691584086426732,0.8242858978880423,0.8242858978880423,0.023479831426851328,0.03563813585135552,0.04737130339539959,0.05930003115588336,0.0638297872340426,0.06936921195177331
2016-10-18,101.5,102.0,100.5,101.5,101.5,6505,0.7967759356369094,0.7657072164649441,0.7976240917026695,0.7926107921358867,0.7926107921358867,0.012165935380933374,0.024838449111470196,0.03797382056176701,0.048553719008264495,0.05597170203911772,0.060901679325482405
2016-10-19,101.0,104.0,100.5,103.0,103.0,6505,0.7649771516830414,0.8912076985206112,0.7976240917026695,0.8876361093923534,0.8876361093923534,0.01698262243285939,0.03424038558088158,0.047528646009898964,0.05678961678551271,0.06846473029045637,0.07246980424822984
2016-10-20,103.0,106.0,103.0,105.0,105.0,6505,0.8921722874985136,1.0167081805762785,0.9582061955276647,1.0143365324009757,1.0143365324009757,0.02659366445052795,0.045712578428443416,0.060963287302121756,0.0712099571516016,0.0850694444444446,0.08842127086140754
2016-10-21,104.5,110.5,101.5,105.5,105.5,6505,0.9875686393601179,1.2990842652015295,0.8618569332326675,1.0460116381531313,1.0460116381531313,0.02030947775628621,0.04331487341772147,0.059166053142359926,0.07014251661003186,0.08489983957879149,0.08905099442571038
2016-10-24,105.5,105.5,102.0,103.0,103.0,6505,1.051166207267854,0.9853330600623617,0.8939733539976666,0.8876361093923534,0.8876361093923534,-0.0057915057915057366,0.01348027157335437,0.02801250914897855,0.04103497068930667,0.05368688108683188,0.060034305317323976
2016-10-25,102.5,107.5,102.5,106.5,106.5,6505,0.8603735035446456,1.1108335421180289,0.9260897747626657,1.1093618496574424,1.1093618496574424,0.01816443594646277,0.03963295587661058,0.055570239196511044,0.07045934264750231,0.08275721838145589,0.09193438140806548
2016-10-26,105.5,107.0,103.5,105.0,105.0,6505,1.051166207267854,1.079458421604112,0.9903226162926638,1.0143365324009757,1.0143365324009757,0.0,0.018033740546829408,0.03557104346110843,0.05005250262513121,0.06090611486076861,0.07325383304940364
2016-10-27,104.0,105.5,103.0,104.5,104.5,6505,0.9557698554062497,0.9853330600623617,0.9582061955276647,0.9826614266488201,0.9826614266488201,-0.003813155386082037,0.008784631721208578,0.025448122465000514,0.0403185664509706,0.0513501549358123,0.06498624180453154
2016-10-28,104.5,105.0,103.5,105.0,105.0,6505,0.9875686393601179,0.9539579395484449,0.9903226162926638,1.0143365324009757,1.0143365324009757,0.0019083969465649127,0.00864553314121043,0.02592496091714437,0.040582726326742966,0.05180911167207609,0.06595377482995488
2016-10-31,103.0,105.5,101.5,105.5,105.5,6505,0.8921722874985136,0.9853330600623617,0.8618569332326675,1.0460116381531313,1.0460116381531313,0.001899335232668593,0.010052656773575846,0.02573243453461234,0.03971617226766533,0.052768131561090455,0.0655489344510655
2016-11-01,103.5,105.5,103.5,104.0,104.0,6505,0.9239710714523817,0.9853330600623617,0.9903226162926638,0.9509863208966646,0.9509863208966646,-0.007633587786259515,-0.00668576886341932,0.007491604236631293,0.020909001668793514,0.03429071525180994,0.04592691920884996
2016-11-02,102.5,104.0,101.0,102.0,102.0,6505,0.8603735035446456,0.8912076985206112,0.8297405124676686,0.8242858978880423,0.8242858978880423,-0.02111324376199619,-0.024856596558317345,-0.014429270806493229,-0.0009305059013663634,0.01154349637034394,0.021600507461689976
2016-11-03,101.5,103.5,101.0,101.5,101.5,6505,0.7967759356369094,0.8598325780066944,0.8297405124676686,0.7926107921358867,0.7926107921358867,-0.020270270270270216,-0.026378896882494004,-0.020207220541862414,-0.008111013388058226,0.004155124653739629,0.01401978087848416
2016-11-04,101.0,102.0,100.5,100.5,100.5,6505,0.7649771516830414,0.7657072164649441,0.7976240917026695,0.7292605806315756,0.7292605806315756,-0.021421616358325245,-0.03132530120481928,-0.03023480218719852,-0.018890027822521756,-0.00754463580344442,0.0019274225707828793
2016-11-07,101.5,107.0,101.5,107.0,107.0,6505,0.7967759356369094,1.079458421604112,0.8618569332326675,1.1410369554095978,1.1410369554095978,0.038834951456310676,0.027364378300528028,0.02917601795447257,0.03994557294197672,0.05132840748310003,0.06280833029831463
2016-11-08,108.0,108.5,105.5,108.0,108.0,6505,1.2101601270371942,1.1735837831458624,1.11878829935266,1.204387166913909,1.204387166913909,0.04046242774566477,0.035474592521572416,0.0344827586206896,0.044790558189029654,0.05617274291973087,0.06831970456343972
2016-11-09,108.0,109.0,102.5,104.5,104.5,6505,1.2101601270371942,1.2049589036597792,0.9260897747626657,0.9826614266488201,0.9826614266488201,0.0019175455417066428,0.002398081534772182,0.0,0.007763151550219322,0.01915424826402433,0.030436497501972047
2016-11-10,107.0,108.5,105.5,105.5,105.5,6505,1.1465625591294581,1.1735837831458624,1.11878829935266,1.0460116381531313,1.0460116381531313,0.003805899143672747,0.011020603737422191,0.009247448979591856,0.01471578339905743,0.025426694140974298,0.03685503685503671
2016-11-11,104.0,104.5,101.5,101.5,101.5,6505,0.9557698554062497,0.9225828190345281,0.8618569332326675,0.7926107921358867,0.7926107921358867,-0.03608736942070273,-0.02403846153846154,-0.02653452685421994,-0.024507448342143173,-0.014639639639639598,-0.004283705568817386
2016-11-14,102.5,103.0,99.3,99.3,99.3,6505,0.8603735035446456,0.8284574574927777,0.7205446818666715,0.6532403268264021,0.6532403268264021,-0.04298380878951421,-0.039466047591410314,-0.0453758892520669,-0.04441129769523176,-0.03652099666226833,-0.0274875946722381
2016-11-15,99.3,101.0,98.5,99.5,99.5,6505,0.6568612862398897,0.7029569754371104,0.6691584086426732,0.6659103691272645,0.6659103691272645,-0.025083284342543623,-0.03332361799281058,-0.03914247086847352,-0.04156432114819642,-0.034992435116576834,-0.02664101477157853
2016-11-16,101.0,102.0,99.4,99.5,99.5,6505,0.7649771516830414,0.7657072164649441,0.7269679660196718,0.6659103691272645,0.6659103691272645,-0.015436374431031092,-0.030970003895597904,-0.03572813024938623,-0.039945966808182305,-0.03555366004962785,-0.027275393489099544
2016-11-17,100.0,100.0,98.8,100.0,100.0,6505,0.7013795837753052,0.6402067344092769,0.6884282611016724,0.69758547487942,0.69758547487942,0.0004001600640255306,-0.024675704671803387,-0.0280567614851293,-0.03278847083857253,-0.030707196029776736,-0.023405709821283326
2016-11-18,99.5,100.5,99.0,99.5,99.5,6505,0.6695807998214371,0.6715818549231937,0.7012748294076723,0.6659103691272645,0.6659103691272645,-0.0006026516673363025,-0.028604900907937058,-0.029457666796722553,-0.034823940246386687,-0.03540406390569258,-0.028636511552229127
2016-11-21,99.9,100.5,98.9,100.0,100.0,6505,0.6950198269845319,0.6715818549231937,0.6948515452546729,0.69758547487942,0.69758547487942,0.003009027081243703,-0.017005799665781873,-0.021079423089473366,-0.028560326403730442,-0.02980440856876749,-0.024421970017235183
2016-11-22,101.0,105.0,101.0,103.5,103.5,6505,0.7649771516830414,0.9539579395484449,0.8297405124676686,0.919311215144509,0.919311215144509,0.029850746268656716,0.02191943127962084,0.01351351351351361,0.006907286701040896,0.003373662168450432,0.008051425232127797
2016-11-23,103.5,106.0,103.0,105.0,105.0,6505,0.9239710714523817,1.0167081805762785,0.9582061955276647,1.0143365324009757,1.0143365324009757,0.03346456692913392,0.03621829665449523,0.0261923377638781,0.021500145928592212,0.01712647241165517,0.020342057527856963
2016-11-24,104.0,105.0,103.0,104.5,104.5,6505,0.9557698554062497,0.9539579395484449,0.9582061955276647,0.9826614266488201,0.9826614266488201,0.01951219512195122,0.03230267707201433,0.019313304721030083,0.01663585951940844,0.012479169088865604,0.01400523983568919
2016-11-25,104.5,105.0,103.5,105.0,105.0,6505,0.9875686393601179,0.9539579395484449,0.9903226162926638,1.0143365324009757,1.0143365324009757,0.01351351351351357,0.033668044890726535,0.02120210075860734,0.021500145928592212,0.01752073804170859,0.017179023508137502
2016-11-28,104.5,106.0,104.0,104.5,104.5,6505,0.9875686393601179,1.0167081805762785,1.0224390370576628,0.9826614266488201,0.9826614266488201,0.0,0.023506366307541684,0.017989349266138432,0.017130620985010617,0.012086932940766187,0.011518730035814656
2016-11-29,104.0,104.5,102.5,102.5,102.5,6505,0.9557698554062497,0.9225828190345281,0.9260897747626657,0.8559610036401979,0.8559610036401979,-0.017257909875359512,0.0009765624999999445,0.0020856416606922206,-0.0016071689475479105,-0.005742443642571808,-0.008160500596716315
2016-11-30,103.5,107.5,102.0,107.5,107.5,6505,0.9239710714523817,1.1108335421180289,0.8939733539976666,1.1727120611617534,1.1727120611617534,0.025763358778625983,0.04166666666666664,0.048916932283874344,0.044297649115989775,0.041747422280796885,0.03871424890492149
2016-12-01,107.5,110.5,107.0,109.5,109.5,6505,1.1783613430833262,1.2990842652015295,1.2151375616476572,1.2994124841703758,1.2994124841703758,0.0349716446124764,0.05136821891502635,0.06565885940439892,0.059609057480162535,0.0590761374187557,0.05650789566783523
2016-12-02,109.5,110.0,107.0,108.5,108.5,6505,1.3055564788987986,1.2677091446876128,1.2151375616476572,1.2360622726660646,1.2360622726660646,0.018779342723004695,0.032841504045692554,0.051152877349350916,0.04588394062078263,0.047985164007263346,0.0458503357645472
2016-12-05,107.5,108.5,106.0,107.5,107.5,6505,1.1783613430833262,1.1735837831458624,1.1509047201176592,1.1727120611617534,1.1727120611617534,0.003734827264239082,0.01606805293005674,0.03597815611949889,0.035994795933117954,0.037524611048913165,0.03471509240246409
2016-12-06,108.5,112.0,108.5,111.0,111.0,6505,1.2419589109910625,1.39320962674328,1.3114868239426545,1.3944378014268424,1.3944378014268424,0.020220588235294143,0.041764429845143156,0.061862244897959204,0.06818072463070772,0.06841720247949784,0.06686316598853054
2016-12-07,112.0,112.0,109.0,110.0,110.0,6505,1.464550398668139,1.39320962674328,1.3436032447076536,1.3310875899225314,1.3310875899225314,0.00640439158279966,0.027557216254086903,0.04529616724738675,0.055763508973989705,0.055540628718381724,0.055560886671144866
2016-12-08,110.0,113.5,108.5,111.5,111.5,6505,1.3373552628526666,1.4873349882850304,1.3114868239426545,1.426112907178998,1.426112907178998,0.016408386508659955,0.03480278422273782,0.05188679245283019,0.06708775959421945,0.06584330669521651,0.06756454855902728
2016-12-09,112.0,113.5,112.0,113.5,113.5,6505,1.464550398668139,1.4873349882850304,1.536301769297648,1.5528133301876201,1.5528133301876201,0.025293586269196,0.04511970534069987,0.06140897755610969,0.08002664382909883,0.07959517558878357,0.08377363294926483
2016-12-12,115.0,115.0,110.0,111.0,111.0,6505,1.6553431023913474,1.5814603498267807,1.4078360862376516,1.3944378014268424,1.3944378014268424,-0.0035906642728905356,0.016018306636155607,0.03095975232198138,0.05039034776437192,0.05421114614595599,0.058049756934515334
2016-12-13,110.5,113.5,110.0,113.5,113.5,6505,1.3691540468065346,1.4873349882850304,1.4078360862376516,1.5528133301876201,1.5528133301876201,0.014298480786416391,0.028545536927956555,0.047692307692307735,0.06698002350176263,0.0757070285844264,0.07862392295995953
2016-12-14,112.0,112.5,111.0,111.5,111.5,6505,1.464550398668139,1.4245847472571969,1.4720689277676497,1.426112907178998,1.426112907178998,-0.006238859180035676,0.006772009029345372,0.025130248237817968,0.04229960271091382,0.05395493042952206,0.05643811388687122
2016-12-15,110.5,111.5,107.5,109.5,109.5,6505,1.3691540468065346,1.3618345062293633,1.2472539824126563,1.2994124841703758,1.2994124841703758,-0.02057245080500892,-0.011286681715575621,0.0036663611365720045,0.019078641228478334,0.03348686197523395,0.03487383045080817
2016-12-16,109.0,110.0,109.0,109.5,109.5,6505,1.2737576949449305,1.2677091446876128,1.3436032447076536,1.2994124841703758,1.2994124841703758,-0.013513513513513514,-0.012178619756427554,0.0009140767824496737,0.014358499305233878,0.0303748870822041,0.031947978512864156
2016-12-19,109.0,111.5,108.0,109.5,109.5,6505,1.2737576949449305,1.3618345062293633,1.2793704031776554,1.2994124841703758,1.2994124841703758,-0.010840108401084037,-0.013957676722197183,-0.0021263669501822686,0.009914687572054442,0.02643419572553424,0.03113817565446675
2016-12-20,109.5,110.5,107.0,107.5,107.5,6505,1.3055564788987986,1.2990842652015295,1.2151375616476572,1.1727120611617534,1.1727120611617534,-0.0182648401826484,-0.028906955736224055,-0.02331920048455478,-0.010356731875719217,0.004672897196261682,0.012463504222522253
2016-12-21,108.0,109.0,105.5,106.5,106.5,6505,1.2101601270371942,1.2049589036597792,1.11878829935266,1.1093618496574424,1.1093618496574424,-0.018433179723502304,-0.03488898957861345,-0.031818181818181815,-0.02023919043238273,-0.0072706935123042615,0.0024158378564930333
2016-12-22,106.0,107.5,105.0,105.5,105.5,6505,1.082964991221722,1.1108335421180289,1.086671878587661,1.0460116381531313,1.0460116381531313,-0.020427112349117947,-0.0387243735763098,-0.03857837181044958,-0.029885057471264367,-0.018604651162790697,-0.00699651742854446
2016-12-23,105.5,106.0,104.0,105.0,105.0,6505,1.051166207267854,1.0167081805762785,1.0224390370576628,1.0143365324009757,1.0143365324009757,-0.016853932584269638,-0.03581267217630859,-0.0410958904109589,-0.034482758620689655,-0.0252506498329001,-0.012786761940579029
2016-12-26,105.5,106.0,104.0,105.0,105.0,6505,1.051166207267854,1.0167081805762785,1.0224390370576628,1.0143365324009757,1.0143365324009757,-0.008498583569405152,-0.0304709141274238,-0.039634146341463374,-0.03470466559411635,-0.02705707931801336,-0.014547160957297018
2016-12-27,105.5,106.5,105.5,106.0,106.0,6505,1.051166207267854,1.0480833010901953,1.11878829935266,1.0776867439052868,1.0776867439052868,0.0037878787878788418,-0.014411901441190119,-0.027522935779816515,-0.027076640660853628,-0.01870024069616734,-0.007180768029971893
2016-12-28,106.0,109.0,105.5,108.0,108.0,6505,1.082964991221722,1.2049589036597792,1.11878829935266,1.204387166913909,1.204387166913909,0.019830028328611842,0.007462686567164152,-0.007960808328230191,-0.00894700619408116,-0.0012946180876641444,0.008874357776739868
2016-12-29,108.0,109.0,106.5,106.5,106.5,6505,1.2101601270371942,1.2049589036597792,1.1830211408826583,1.1093618496574424,1.1093618496574424,0.0037700282752121178,-0.0037418147801684346,-0.018734643734643716,-0.021364576154376317,-0.015893550175568278,-0.007147296457426964
2016-12-30,108.0,112.5,107.5,112.0,112.0,6505,1.2101601270371942,1.4245847472571969,1.2472539824126563,1.4577880129311536,1.4577880129311536,0.04186046511627907,0.04526364909006061,0.03289271441746077,0.027522935779816515,0.03225806451612903,0.040086673889490755
2017-01-03,112.0,112.0,109.0,109.5,109.5,6505,1.464550398668139,1.39320962674328,1.3436032447076536,1.2994124841703758,1.2994124841703758,0.010147601476014708,0.02193187120858604,0.010769230769230814,0.0036663611365720045,0.007359705611775503,0.013888888888888888
2017-01-04,110.0,110.5,108.0,109.5,109.5,6505,1.3373552628526666,1.2990842652015295,1.2793704031776554,1.2994124841703758,1.2994124841703758,0.0036663611365720045,0.02002794597112255,0.013263417643430017,0.004356798899334963,0.0047715177096714625,0.012014787430683892
2017-01-05,109.0,112.0,108.0,111.0,111.0,6505,1.2737576949449305,1.39320962674328,1.2793704031776554,1.3944378014268424,1.3944378014268424,0.011850501367365516,0.02968460111317257,0.027460660290033957,0.017648407059362797,0.017228739002932508,0.02398523985239847
2017-01-06,110.0,110.0,108.5,109.0,109.0,6505,1.3373552628526666,1.2677091446876128,1.3114868239426545,1.2677373784182202,1.2677373784182202,-0.010889292196007285,0.007859454461396156,0.009259259259259259,0.00045892611289579765,-0.0009165902841429361,0.004145555043758663
2017-01-09,110.0,110.5,109.0,109.0,109.0,6505,1.3373552628526666,1.2990842652015295,1.3436032447076536,1.2677373784182202,1.2677373784182202,-0.005474452554744474,0.004145555043758663,0.00957085520222289,0.0025293170843872677,-0.0010997067448680767,0.0029136635485354657
2017-01-10,109.5,110.0,107.5,108.5,108.5,6505,1.3055564788987986,1.2677091446876128,1.2472539824126563,1.2360622726660646,1.2360622726660646,-0.008226691042047584,-0.0036730945821855433,0.005560704355885026,-0.0009208103130754541,-0.0060461707585195736,-0.0029100934293153275
2017-01-11,109.0,109.5,107.5,107.5,107.5,6505,1.2737576949449305,1.236334024173696,1.2472539824126563,1.1727120611617534,1.1727120611617534,-0.013761467889908258,-0.014213663457129731,-0.0037071362372567717,-0.00738688827331484,-0.013942395890662228,-0.013610643829331711
2017-01-12,108.5,110.0,108.0,108.0,108.0,6505,1.2419589109910625,1.2677091446876128,1.2793704031776554,1.204387166913909,1.204387166913909,-0.003690036900369056,-0.009628610729023358,0.0,-0.0011560693641618498,-0.008628602900679253,-0.009174311926605505
2017-01-13,109.5,110.0,108.0,108.0,108.0,6505,1.3055564788987986,1.2677091446876128,1.2793704031776554,1.204387166913909,1.204387166913909,-0.0018484288354898599,-0.010989010989011014,-0.0015408320493066692,-0.00046274872744097326,-0.007352941176470562,-0.008719596145020677
2017-01-16,108.5,108.5,104.0,104.5,104.5,6505,1.2419589109910625,1.1735837831458624,1.0224390370576628,0.9826614266488201,0.9826614266488201,-0.026095060577819174,-0.03642231443061321,-0.033600493218249136,-0.03061224489795916,-0.036333456289192156,-0.03966916832593043
2017-01-17,104.5,106.0,104.0,104.5,104.5,6505,0.9875686393601179,1.0167081805762785,1.0224390370576628,0.9826614266488201,0.9826614266488201,-0.018779342723004695,-0.03195924038906904,-0.0333024976873265,-0.028358902835890258,-0.034017378443335244,-0.038785834738617214
2017-01-18,104.5,105.5,103.5,105.0,105.0,6505,0.9875686393601179,0.9853330600623617,0.9903226162926638,1.0143365324009757,1.0143365324009757,-0.009433962264150943,-0.023255813953488372,-0.028077753779697606,-0.022573888759599696,-0.02633531157270033,-0.032406696360006135
2017-01-19,105.0,105.0,103.0,104.0,104.0,6505,1.019367423313986,0.9539579395484449,0.9582061955276647,0.9509863208966646,0.9509863208966646,-0.011406844106463905,-0.02621722846441945,-0.03495205691308381,-0.030754892823858314,-0.03291798400595133,-0.03985228496691796
2017-01-20,103.5,105.0,103.0,104.0,104.0,6505,0.9239710714523817,0.9539579395484449,0.9582061955276647,0.9509863208966646,0.9509863208966646,-0.0038314176245211272,-0.021636876763875795,-0.03345724907063192,-0.03007694101189083,-0.0309355199403652,-0.037631091918568754
2017-01-23,105.5,106.0,105.0,106.0,106.0,6505,1.051166207267854,1.0167081805762785,1.086671878587661,1.0776867439052868,1.0776867439052868,0.012416427889207231,0.0,-0.011194029850746294,-0.011885341412258266,-0.011009516700877093,-0.016849590353995945
2017-01-24,106.0,106.5,105.0,106.5,106.5,6505,1.082964991221722,1.0480833010901953,1.086671878587661,1.1093618496574424,1.1093618496574424,0.013320647002854479,0.006616257088846908,-0.004672897196261682,-0.007918025151373957,-0.005230711750420346,-0.010835913312693542
2017-02-02,106.0,106.5,103.5,103.5,103.5,6505,1.082964991221722,1.0480833010901953,0.9903226162926638,0.919311215144509,0.919311215144509,-0.01240458015267173,-0.01802656546489569,-0.029080675422138786,-0.034740032641641355,-0.031805425631431294,-0.03571428571428567
2017-02-03,104.0,105.0,103.5,104.0,104.0,6505,0.9557698554062497,0.9539579395484449,0.9903226162926638,0.9509863208966646,0.9509863208966646,-0.007633587786259515,-0.009523809523809525,-0.020100502512562877,-0.028264424199953335,-0.02621722846441945,-0.028793774319066105
2017-02-06,104.0,107.0,103.5,106.5,106.5,6505,0.9557698554062497,1.079458421604112,0.9903226162926638,1.1093618496574424,1.1093618496574424,0.011396011396011423,0.01573676680972824,0.005033029254482524,-0.004905395935529135,-0.0031823287158367973,-0.004517837669418922
2017-02-07,105.0,106.0,104.0,104.5,104.5,6505,1.019367423313986,1.0167081805762785,1.0224390370576628,0.9826614266488201,0.9826614266488201,-0.004761904761904762,-0.0033381020505483484,-0.011041009463722442,-0.0201593999062354,-0.021718779254821134,-0.021688250897175812
2017-02-08,104.0,105.0,103.0,104.0,104.0,6505,0.9557698554062497,0.9539579395484449,0.9582061955276647,0.9509863208966646,0.9509863208966646,-0.004784688995215311,-0.007633587786259515,-0.012970578930718065,-0.022326674500587545,-0.02603483798464133,-0.024695217255392372
2017-02-09,103.5,105.0,103.5,104.5,104.5,6505,0.9239710714523817,0.9539579395484449,0.9903226162926638,0.9826614266488201,0.9826614266488201,-0.0019102196752626823,-0.002386634844868735,-0.006339144215530948,-0.015312131919905771,-0.020802098950524726,-0.019086357947434275
2017-02-10,105.0,107.5,104.5,107.5,107.5,6505,1.019367423313986,1.1108335421180289,1.054555457822662,1.1727120611617534,1.1727120611617534,0.0199240986717267,0.02283539486203621,0.022511097019657512,0.014629542236904172,0.007497656982193038,0.008758210822646266
2017-02-13,108.0,108.5,106.5,106.5,106.5,6505,1.2101601270371942,1.1735837831458624,1.1830211408826583,1.1093618496574424,1.1093618496574424,0.010436432637571103,0.010915994304698678,0.013963821009203447,0.006378454996456387,-0.0018744142455482927,-0.0009380863039399092
2017-02-14,107.0,108.5,106.5,108.0,108.0,6505,1.1465625591294581,1.1735837831458624,1.1830211408826583,1.204387166913909,1.204387166913909,0.01790763430725736,0.023211747986736173,0.02596580113996201,0.021035216260931168,0.01370377323071141,0.012183692596063703
2017-02-15,108.0,110.0,107.0,109.0,109.0,6505,1.2101601270371942,1.2677091446876128,1.2151375616476572,1.2677373784182202,1.2677373784182202,0.017740429505135442,0.030245746691871484,0.0325228923271235,0.030245746691871484,0.023282012767555427,0.020280811232449344
2017-02-16,110.0,113.0,108.5,108.5,108.5,6505,1.3373552628526666,1.4559598677711136,1.3114868239426545,1.2360622726660646,1.2360622726660646,0.005560704355885026,0.020696142991533422,0.02551984877126657,0.02503542749173364,0.0189706987227648,0.014809041309430976
2017-02-17,109.0,109.0,107.0,107.0,107.0,6505,1.2737576949449305,1.2049589036597792,1.2151375616476572,1.1410369554095978,1.1410369554095978,-0.0074211502782931095,0.0037523452157599032,0.009433962264150943,0.011342155009451823,0.006395786305492916,0.0010915328239512866
2017-02-18,107.0,108.0,106.5,107.5,107.5,6505,1.1465625591294581,1.1422086626319456,1.1830211408826583,1.1727120611617534,1.1727120611617534,-0.004629629629629629,0.007497656982193038,0.011923438970818942,0.016308201370834264,0.011669489930359447,0.005455962587685068
2017-02-20,108.0,108.0,106.5,108.0,108.0,6505,1.2101601270371942,1.1422086626319456,1.1830211408826583,1.204387166913909,1.204387166913909,0.0,0.008874357776739868,0.015355687872140459,0.019348749410099075,0.01675767275466015,0.011393788044326536
2017-02-21,107.0,108.5,107.0,107.5,107.5,6505,1.1465625591294581,1.1735837831458624,1.2151375616476572,1.1727120611617534,1.1727120611617534,-0.0018570102135562008,0.0009310986964617719,0.010021922956467236,0.013195098963242278,0.012431719721228038,0.007340309230048397
2017-02-22,108.0,110.0,108.0,109.0,109.0,6505,1.2101601270371942,1.2677091446876128,1.2793704031776554,1.2677373784182202,1.2677373784182202,0.01113172541743973,0.010662957811775668,0.020599250936329614,0.02539981185324556,0.02597891566265065,0.021555763823805033
2017-02-23,109.0,110.0,108.5,109.0,109.0,6505,1.2737576949449305,1.2677091446876128,1.3114868239426545,1.2677373784182202,1.2677373784182202,0.0073937153419593084,0.009259259259259259,0.017423771001866768,0.022993899577663096,0.02559277380504327,0.022194435761175305
2017-02-24,109.0,109.5,107.0,107.0,107.0,6505,1.2737576949449305,1.236334024173696,1.2151375616476572,1.1410369554095978,1.1410369554095978,-0.010175763182238616,-0.009717723276260965,-0.0015552099533437456,0.0028116213683223724,0.0071536144578313735,0.004066312167657214
2017-03-01,107.0,107.0,104.5,104.5,104.5,6505,1.1465625591294581,1.079458421604112,1.054555457822662,0.9826614266488201,0.9826614266488201,-0.027001862197392975,-0.029712163416898817,-0.024883359253499264,-0.01992966002344666,-0.016378012048192725,-0.018010963194988298
2017-03-02,104.5,105.5,103.5,105.5,105.5,6505,0.9875686393601179,0.9853330600623617,0.9903226162926638,1.0460116381531313,1.0460116381531313,-0.014018691588785047,-0.017233348858872795,-0.016469857054070842,-0.010086793338024891,-0.007339104252916834,-0.007681454773475431
2017-03-03,104.0,105.0,103.5,104.5,104.5,6505,0.9557698554062497,0.9539579395484449,0.9903226162926638,0.9826614266488201,0.9826614266488201,-0.015080113100848204,-0.02290790088826557,-0.02579241765071472,-0.01992966002344666,-0.016563146997929653,-0.016161933155499783
2017-03-06,106.0,107.5,106.0,107.5,107.5,6505,1.082964991221722,1.1108335421180289,1.1509047201176592,1.1727120611617534,1.1727120611617534,0.01606805293005674,0.004672897196261682,0.0021752641392169137,0.006554307116104895,0.0103383458646616,0.012241054613935943
2017-03-07,107.0,108.0,106.0,108.0,108.0,6505,1.1465625591294581,1.1422086626319456,1.1509047201176592,1.204387166913909,1.204387166913909,0.018867924528301886,0.008874357776739868,0.005898789195901956,0.010526315789473684,0.013513513513513492,0.016949152542372854
2017-03-08,107.0,107.5,106.5,107.0,107.0,6505,1.1465625591294581,1.1108335421180289,1.1830211408826583,1.1410369554095978,1.1410369554095978,0.004694835680751174,0.0004675081813931478,-0.0027958993476234592,0.0,0.0037523452157599032,0.006742982593696113
2017-03-09,106.5,106.5,104.0,104.0,104.0,6505,1.11476377517559,1.0480833010901953,1.0224390370576628,0.9509863208966646,0.9509863208966646,-0.020715630885122436,-0.024390243902438973,-0.02773449672795265,-0.028037383177570093,-0.023474178403755867,-0.02132998745294855
2017-03-10,104.0,104.0,103.0,103.5,103.5,6505,0.9557698554062497,0.8912076985206112,0.9582061955276647,0.919311215144509,0.919311215144509,-0.02358490566037736,-0.02404526166902402,-0.029384182557049138,-0.03225806451612906,-0.028169014084507043,-0.025576651498509354
2017-03-13,104.0,104.0,103.5,103.5,103.5,6505,0.9557698554062497,0.8912076985206112,0.9903226162926638,0.919311215144509,0.919311215144509,-0.01615969581749052,-0.018957345971563982,-0.02725563909774441,-0.03044496487119438,-0.02798647633358381,-0.025423728813559348
2017-03-14,104.5,107.0,104.0,106.5,106.5,6505,0.9875686393601179,1.079458421604112,1.0224390370576628,1.1093618496574424,1.1093618496574424,0.015252621544327877,0.009957325746799403,0.0015673981191223017,-0.00234192037470726,0.00018782870022535707,0.002038576132977907
2017-03-15,105.5,105.5,104.5,105.0,105.0,6505,1.051166207267854,0.9853330600623617,1.054555457822662,1.0143365324009757,1.0143365324009757,0.004784688995215311,-0.004739336492890996,-0.010678391959799057,-0.015009380863039348,-0.014084507042253521,-0.011764705882352941
2017-03-16,106.0,107.5,106.0,107.0,107.0,6505,1.082964991221722,1.1108335421180289,1.1509047201176592,1.1410369554095978,1.1410369554095978,0.018078020932445347,0.01277804070042588,0.008482563619227198,0.004694835680751174,0.003564059275933178,0.0069008782936010125
2017-03-17,107.5,107.5,105.5,106.5,106.5,6505,1.1783613430833262,1.1108335421180289,1.11878829935266,1.1093618496574424,1.1093618496574424,0.007568590350047277,0.0061407652338215,0.00534927627438637,0.0009398496240600969,-0.0018744142455482927,0.0012535255405829518
2017-03-20,106.5,107.0,106.0,107.0,107.0,6505,1.11476377517559,1.079458421604112,1.1509047201176592,1.1410369554095978,1.1410369554095978,0.005639097744360848,0.011342155009451823,0.011342155009451823,0.005639097744360848,0.0029996250468690773,0.005009392611145881
2017-03-21,106.0,108.5,106.0,108.0,108.0,6505,1.082964991221722,1.1735837831458624,1.1509047201176592,1.204387166913909,1.204387166913909,0.012183692596063703,0.020793950850661654,0.02015113350125951,0.014799154334038082,0.011804384485666152,0.013925833202941646
2017-03-22,107.0,107.0,106.0,106.5,106.5,6505,1.1465625591294581,1.079458421604112,1.1509047201176592,1.1093618496574424,1.1093618496574424,-0.004672897196261682,0.0070921985815602835,0.0047169811320754715,0.0014104372355430719,-0.001687289088863956,-0.0007818608287724341
2017-03-23,106.5,107.0,105.0,106.0,106.0,6505,1.11476377517559,1.079458421604112,1.086671878587661,1.0776867439052868,1.0776867439052868,-0.007490636704119823,0.0004719207173194635,-0.0003143665513989133,-0.002587626440837503,-0.0052552552552552765,-0.006094702297233996
2017-03-24,106.0,107.0,105.5,106.5,106.5,6505,1.082964991221722,1.079458421604112,1.11878829935266,1.1093618496574424,1.1093618496574424,-0.0028089887640449173,0.002352941176470588,0.0031397174254316662,0.003297220913801171,0.00018782870022535707,-0.0020302982976729833
2017-03-27,106.0,106.5,105.0,106.5,106.5,6505,1.082964991221722,1.0480833010901953,1.086671878587661,1.1093618496574424,1.1093618496574424,-0.0018744142455482927,-0.00046926325668697477,0.0037700282752121178,0.004480075453902328,0.0003757279729476447,-0.0017184814872676498
2017-03-28,107.0,108.0,106.0,107.0,107.0,6505,1.1465625591294581,1.1422086626319456,1.1509047201176592,1.1410369554095978,1.1410369554095978,0.004694835680751174,0.0037523452157599032,0.009116629990569022,0.00919594435274694,0.005261180007515993,0.0028116213683223724
2017-03-29,107.5,107.5,106.0,106.5,106.5,6505,1.1783613430833262,1.1108335421180289,1.1509047201176592,1.1093618496574424,1.1093618496574424,0.0,-0.00234192037470726,0.0047169811320754715,0.0035335689045936395,0.0011280315848844196,-0.0014064697609001938
2017-03-30,107.0,107.0,106.0,107.0,107.0,6505,1.1465625591294581,1.079458421604112,1.1509047201176592,1.1410369554095978,1.1410369554095978,0.0028116213683223724,0.00234192037470726,0.007532956685499031,0.007532956685499031,0.006017299736743142,0.003909304143862437
2017-03-31,107.0,107.0,106.0,106.0,106.0,6505,1.1465625591294581,1.079458421604112,1.1509047201176592,1.0776867439052868,1.0776867439052868,-0.005628517823639722,-0.006560449859418958,-0.0034471952366028837,-0.002587626440837503,-0.002259036144578265,-0.004694835680751174
2017-04-05,106.0,108.0,106.0,108.0,108.0,6505,1.082964991221722,1.1422086626319456,1.1509047201176592,1.204387166913909,1.204387166913909,0.010289990645462996,0.011235955056179803,0.012499999999999956,0.01599247412982129,0.016949152542372854,0.013767209011264098
2017-04-06,107.0,107.5,106.0,106.5,106.5,6505,1.1465625591294581,1.1108335421180289,1.1509047201176592,1.1093618496574424,1.1093618496574424,-0.0028089887640449173,-0.0014064697609001938,-0.0015625000000000443,0.0025888444339845205,0.0030137502354491727,0.0
2017-04-07,106.0,108.0,105.5,108.0,108.0,6505,1.082964991221722,1.1422086626319456,1.11878829935266,1.204387166913909,1.204387166913909,0.008403361344537869,0.011235955056179803,0.010605115408608921,0.016231474947071223,0.015801354401805936,0.014084507042253521
2017-04-10,108.5,110.5,108.0,110.5,110.5,6505,1.2419589109910625,1.2990842652015295,1.2793704031776554,1.3627626956746868,1.3627626956746868,0.02504638218923936,0.030303030303030304,0.0317460317460318,0.03658536585365859,0.03736387532857683,0.03658536585365859
2017-04-11,111.0,111.5,108.0,109.5,109.5,6505,1.4009528307604027,1.3618345062293633,1.2793704031776554,1.2994124841703758,1.2994124841703758,0.009216589861751152,0.018131101813110208,0.020503261882572253,0.024321796071094425,0.026049475262368827,0.027043926840706646
2017-04-12,110.0,110.0,108.5,108.5,108.5,6505,1.3373552628526666,1.2677091446876128,1.3114868239426545,1.2360622726660646,1.2360622726660646,-0.0009208103130754541,0.0069605568445475635,0.01024208566108002,0.012599160055996213,0.016298239040839217,0.017823639774859342
2017-04-13,108.5,111.0,108.0,111.0,111.0,6505,1.2419589109910625,1.3304593857154465,1.2793704031776554,1.3944378014268424,1.3944378014268424,0.0136986301369863,0.026352288488210765,0.03159851301115247,0.033760186263096625,0.038547904191616814,0.039975015615240465
2017-04-14,111.0,111.0,108.0,109.0,109.0,6505,1.4009528307604027,1.3304593857154465,1.2793704031776554,1.2677373784182202,1.2677373784182202,-0.006381039197812241,0.005535055350553453,0.011444478812248695,0.013246572158958839,0.01907255048616311,0.019803524091688694
2017-04-17,109.0,110.5,108.0,110.0,110.0,6505,1.2737576949449305,1.2990842652015295,1.2793704031776554,1.3310875899225314,1.3310875899225314,0.0036496350364964023,0.011959521619135207,0.018204257945078697,0.02111858899976798,0.026119402985074598,0.02771722204920587
2017-04-18,110.5,111.0,109.0,109.5,109.5,6505,1.3691540468065346,1.3304593857154465,1.3436032447076536,1.2994124841703758,1.2994124841703758,-0.0009124087591240357,0.004126547455295762,0.011703110563597158,0.015063731170336037,0.019173492181682822,0.021455223880596987
2017-04-19,108.5,109.0,107.0,107.5,107.5,6505,1.2419589109910625,1.2049589036597792,1.2151375616476572,1.1727120611617534,1.1727120611617534,-0.01736745886654484,-0.013761467889908258,-0.00738688827331484,-0.0037071362372567717,-0.0009293680297397242,0.0027985074626865405
2017-04-20,106.5,107.0,105.0,106.0,106.0,6505,1.11476377517559,1.079458421604112,1.086671878587661,1.0776867439052868,1.0776867439052868,-0.022140221402214073,-0.027076640660853628,-0.020634431783184488,-0.01669758812615953,-0.014686744748094427,-0.010578718108276352
2017-04-21,107.0,107.0,106.0,106.5,106.5,6505,1.1465625591294581,1.079458421604112,1.1509047201176592,1.1093618496574424,1.1093618496574424,-0.012974976830398569,-0.021139705882352915,-0.016014782876501394,-0.01205936920222632,-0.01059085841694538,-0.005756962813132037
2017-04-24,107.0,107.0,106.0,106.5,106.5,6505,1.1465625591294581,1.079458421604112,1.1509047201176592,1.1093618496574424,1.1093618496574424,-0.006529850746268683,-0.017527675276752818,-0.01571164510166361,-0.012288430326918644,-0.010406987548782796,-0.006529850746268683
2017-04-25,107.0,108.0,106.5,108.0,108.0,6505,1.1465625591294581,1.1422086626319456,1.1830211408826583,1.204387166913909,1.204387166913909,0.010289990645462996,-0.0023094688221709007,-0.003076923076923033,0.0009267840593141271,0.0029717682020801743,0.006054960409874297
2017-04-26,108.5,108.5,105.5,107.0,107.0,6505,1.2419589109910625,1.1735837831458624,1.11878829935266,1.1410369554095978,1.1410369554095978,0.0018726591760299892,-0.010175763182238616,-0.011699507389162552,-0.008570766736159344,-0.006315007429420568,-0.004342431761786618
2017-04-27,106.0,107.5,106.0,107.0,107.0,6505,1.082964991221722,1.1108335421180289,1.1509047201176592,1.1410369554095978,1.1410369554095978,0.0,-0.006499535747446637,-0.012003693444136631,-0.008570766736159344,-0.005945745076179864,-0.004496821212591109
2017-04-28,106.5,106.5,105.0,105.5,105.5,6505,1.11476377517559,1.0480833010901953,1.086671878587661,1.0460116381531313,1.0460116381531313,-0.01217228464419473,-0.017233348858872795,-0.024352651048088838,-0.0220162224797219,-0.019516728624535264,-0.018604651162790697
2017-05-02,106.0,107.5,105.5,107.5,107.5,6505,1.082964991221722,1.1108335421180289,1.11878829935266,1.1727120611617534,1.1727120611617534,0.004672897196261682,0.003734827264239082,-0.004014823965410782,-0.0037071362372567717,-0.0014861601337543804,-0.0001550147263989991
2017-05-03,106.5,107.0,105.0,105.5,105.5,6505,1.11476377517559,1.079458421604112,1.086671878587661,1.0460116381531313,1.0460116381531313,-0.009389671361502348,-0.011246485473289623,-0.020123839009287967,-0.0220162224797219,-0.019698940717338825,-0.018452473251666934
2017-05-04,106.0,106.0,105.0,105.5,105.5,6505,1.082964991221722,1.0167081805762785,1.086671878587661,1.0460116381531313,1.0460116381531313,-0.006591337099811702,-0.009389671361502348,-0.018300248138957833,-0.02088167053364269,-0.019334448782301526,-0.017995656220912228
2017-05-05,105.0,105.5,104.0,104.0,104.0,6505,1.019367423313986,0.9853330600623617,1.0224390370576628,0.9509863208966646,0.9509863208966646,-0.015151515151515098,-0.021636876763875795,-0.028037383177570093,-0.03368176538908246,-0.03219802717290149,-0.030754892823858314
2017-05-08,105.0,105.5,103.0,103.5,103.5,6505,1.019367423313986,0.9853330600623617,0.9582061955276647,0.919311215144509,0.919311215144509,-0.01615969581749052,-0.02358490566037736,-0.029384182557049138,-0.036312849162011225,-0.03577417551704866,-0.03451492537313435
2017-05-09,103.5,103.5,101.5,102.0,102.0,6505,0.9239710714523817,0.8598325780066944,0.8618569332326675,0.8242858978880423,0.8242858978880423,-0.020172910662824155,-0.03363334912363806,-0.038642789820923604,-0.04650619303575597,-0.047974612656337505,-0.04732254047322537
2017-05-10,102.0,102.5,101.0,102.0,102.0,6505,0.8285747195907774,0.7970823369788609,0.8297405124676686,0.8242858978880423,0.8242858978880423,-0.013539651837524232,-0.02810862315388283,-0.03409090909090904,-0.04315196998123822,-0.04655075715086936,-0.04598597038191742
2017-05-11,103.0,104.5,103.0,103.5,103.5,6505,0.8921722874985136,0.9225828190345281,0.9582061955276647,0.919311215144509,0.919311215144509,0.0048543689320388345,-0.010516252390057308,-0.017405063291139198,-0.026798307475317296,-0.030898876404494357,-0.03105008581682006
2017-05-12,105.0,105.0,104.0,105.0,105.0,6505,1.019367423313986,0.9539579395484449,1.0224390370576628,1.0143365324009757,1.0143365324009757,0.01744186046511625,0.0057471264367815545,-0.002533248891703601,-0.009900990099009875,-0.016301292861157907,-0.01639344262295082
2017-05-15,105.5,106.5,104.5,106.5,106.5,6505,1.051166207267854,1.0480833010901953,1.054555457822662,1.1093618496574424,1.1093618496574424,0.026011560693641647,0.019138755980861243,0.011716276124129205,0.005428369129100806,-0.001687289088863956,-0.00234192037470726
2017-05-16,108.5,109.0,107.5,109.0,109.0,6505,1.2419589109910625,1.2049589036597792,1.2472539824126563,1.2677373784182202,1.2677373784182202,0.03612167300380225,0.04156712852365021,0.033828643692696767,0.0295159386068477,0.02232226599137118,0.020440006241223316
2017-05-17,108.5,108.5,105.5,106.5,106.5,6505,1.2419589109910625,1.1735837831458624,1.11878829935266,1.1093618496574424,1.1093618496574424,0.0037700282752121178,0.016706443914081145,0.011075949367088653,0.007330338141404642,0.0,-0.0031201248049921556
2017-05-18,105.5,106.5,104.5,105.5,105.5,6505,1.051166207267854,1.0480833010901953,1.054555457822662,1.0460116381531313,1.0460116381531313,-0.009389671361502348,0.007159904534606206,0.0025340513145391103,-0.001183431952662722,-0.008272231622485388,-0.0117096018735363
2017-05-19,105.0,105.0,104.0,104.5,104.5,6505,1.019367423313986,0.9539579395484449,1.0224390370576628,0.9826614266488201,0.9826614266488201,-0.017857142857142908,-0.0028625954198473014,-0.0053934010152283905,-0.009947891994315464,-0.01526573690162085,-0.02046555225745981
2017-05-22,105.0,106.0,104.5,106.0,106.0,6505,1.019367423313986,1.0167081805762785,1.054555457822662,1.0776867439052868,1.0776867439052868,-0.0028222013170272546,0.009043312708234202,0.008563273073263614,0.004501303008765641,0.0,-0.0057839612318273574
2017-05-23,105.5,106.0,104.5,104.5,104.5,6505,1.051166207267854,1.0167081805762785,1.054555457822662,0.9826614266488201,0.9826614266488201,-0.008538899430740092,-0.0075973409306742375,-0.003813155386082037,-0.008774009959686954,-0.012100586122140301,-0.018010963194988298
2017-05-24,105.0,107.0,105.0,106.0,106.0,6505,1.019367423313986,1.079458421604112,1.086671878587661,1.0776867439052868,1.0776867439052868,0.006647673314340008,0.002838221381267712,0.010165184243964386,0.006408734868264867,0.0034078000757288853,-0.0028222013170272546
2017-05-25,106.0,107.0,105.5,106.0,106.0,6505,1.082964991221722,1.079458421604112,1.11878829935266,1.0776867439052868,1.0776867439052868,0.005692599620493305,0.0004719207173194635,0.009844395046046346,0.006886725243410062,0.003978026141314659,-0.002039855640985425
2017-05-26,105.5,106.5,105.0,106.0,106.0,6505,1.051166207267854,1.0480833010901953,1.086671878587661,1.0776867439052868,1.0776867439052868,0.002838221381267712,-0.0004714757190004447,0.008563273073263614,0.007365169874079408,0.003978026141314659,-0.0004714757190004447
2017-05-31,106.5,108.0,105.5,108.0,108.0,6505,1.11476377517559,1.1422086626319456,1.11878829935266,1.204387166913909,1.204387166913909,0.01790763430725736,0.016949152542372854,0.0246679316888045,0.025154247745609926,0.022340022718667165,0.018707750353717977
2017-06-01,108.0,108.0,105.5,105.5,105.5,6505,1.2101601270371942,1.1422086626319456,1.11878829935266,1.0460116381531313,1.0460116381531313,-0.00752587017873939,-0.003306565895134571,-0.001262227832123761,0.0023752969121140144,-0.0009469696969696432,-0.003463476070528905
2017-06-02,106.0,107.0,106.0,106.0,106.0,6505,1.082964991221722,1.079458421604112,1.1509047201176592,1.0776867439052868,1.0776867439052868,-0.0028222013170272546,0.001890359168241993,0.0009442870632671795,0.006886725243410062,0.0045489006823351405,0.002364066193853428
2017-06-03,105.5,106.0,105.0,105.5,105.5,6505,1.051166207267854,1.0167081805762785,1.086671878587661,1.0460116381531313,1.0460116381531313,-0.006591337099811702,-0.0028355387523629223,-0.005029864822382881,0.0021372595582996373,0.00037929072634180025,-0.0017347421542343838
2017-06-05,105.5,107.0,105.5,107.0,107.0,6505,1.051166207267854,1.079458421604112,1.11878829935266,1.1410369554095978,1.1410369554095978,0.005639097744360848,0.008958038661008985,0.007849293563579232,0.014939530471899483,0.014602692964157086,0.012139366230490287
2017-06-06,107.0,107.0,105.5,106.0,106.0,6505,1.1465625591294581,1.079458421604112,1.11878829935266,1.0776867439052868,1.0776867439052868,0.0,-0.0004714757190004447,-0.0012562814070352383,0.004263382283278094,0.0049298445202881685,0.002838221381267712
2017-06-07,106.5,107.0,106.0,107.0,107.0,6505,1.11476377517559,1.079458421604112,1.1509047201176592,1.1410369554095978,1.1410369554095978,0.006585136406397017,0.006585136406397017,0.009433962264150943,0.011342155009451823,0.014602692964157086,0.012139366230490287
2017-06-08,106.5,106.5,105.5,106.0,106.0,6505,1.11476377517559,1.0480833010901953,1.11878829935266,1.0776867439052868,1.0776867439052868,-0.0028222013170272546,-0.0028222013170272546,0.00031456432840514095,0.0,0.0049298445202881685,0.0033128253667770403
2017-06-09,106.5,107.0,106.0,107.0,107.0,6505,1.11476377517559,1.079458421604112,1.1509047201176592,1.1410369554095978,1.1410369554095978,0.0037523452157599032,0.005639097744360848,0.008799497171590231,0.007770190722863225,0.013833617585749419,0.01277804070042588
2017-06-12,107.0,107.5,106.0,106.5,106.5,6505,1.1465625591294581,1.1108335421180289,1.1509047201176592,1.1093618496574424,1.1093618496574424,0.0,0.0004697040864255252,0.00282485875706212,0.002352941176470588,0.008140855736463455,0.008204480908803977
2017-06-13,107.0,107.5,106.5,107.5,107.5,6505,1.1465625591294581,1.1108335421180289,1.1830211408826583,1.1727120611617534,1.1727120611617534,0.006554307116104895,0.0103383458646616,0.011288805268109152,0.011288805268109152,0.01606805293005674,0.017029328287606407
2017-06-14,107.5,107.5,106.5,106.5,106.5,6505,1.1783613430833262,1.1108335421180289,1.1830211408826583,1.1093618496574424,1.1093618496574424,-0.0018744142455482927,0.0,0.0006263701847791689,0.0030609842241582563,0.0049065861483298355,0.007886435331230238
2017-06-15,106.5,107.0,105.5,106.0,106.0,6505,1.11476377517559,1.079458421604112,1.11878829935266,1.0776867439052868,1.0776867439052868,-0.006560449859418958,-0.004694835680751174,-0.004071406201064865,-0.0014130946773434354,-0.0013190126248351288,0.0029963728118592922
2017-06-16,106.0,107.0,105.0,106.0,106.0,6505,1.082964991221722,1.079458421604112,1.086671878587661,1.0776867439052868,1.0776867439052868,-0.004694835680751174,-0.005161895823556989,-0.004071406201064865,-0.0016482222745467122,-0.002259036144578265,0.002838221381267712
2017-06-19,106.5,108.0,106.0,108.0,108.0,6505,1.11476377517559,1.1422086626319456,1.1509047201176592,1.204387166913909,1.204387166913909,0.011235955056179803,0.012658227848101212,0.013450109477635318,0.015514809590973256,0.015419330575404292,0.020472440944881935
2017-06-20,108.0,109.5,107.5,109.0,109.0,6505,1.2101601270371942,1.236334024173696,1.2472539824126563,1.2677373784182202,1.2677373784182202,0.017740429505135442,0.019167835437120122,0.022194435761175305,0.023474178403755867,0.02385872628217177,0.028140229523659813
2017-06-21,108.5,111.0,107.5,110.0,110.0,6505,1.2419589109910625,1.3304593857154465,1.2472539824126563,1.3310875899225314,1.3310875899225314,0.02040816326530615,0.02564102564102564,0.02867830423940146,0.030203699367829493,0.03286384976525822,0.03496942135800535
2017-06-22,110.0,110.5,109.0,110.0,110.0,6505,1.3373552628526666,1.2990842652015295,1.3436032447076536,1.3310875899225314,1.3310875899225314,0.012891344383057144,0.021830004644681784,0.026119402985074598,0.028277634961439643,0.0315078769692423,0.032379164711403126
2017-06-23,109.0,109.5,108.5,108.5,108.5,6505,1.2737576949449305,1.236334024173696,1.3114868239426545,1.2360622726660646,1.2360622726660646,-0.005499541704857877,0.00649350649350652,0.01024208566108002,0.013071895424836655,0.016298239040839217,0.016710916757769777
2017-06-26,109.0,114.0,109.0,114.0,114.0,6505,1.2737576949449305,1.5187101087989472,1.3436032447076536,1.5844884359397757,1.5844884359397757,0.033544877606527676,0.05020727775218796,0.05686032138442528,0.06046511627906977,0.06402837408997572,0.06525463323469866
2017-06-27,115.5,119.0,115.0,117.5,117.5,6505,1.6871418863452154,1.8324613139381152,1.7290002938876423,1.8062141762048647,1.8062141762048647,0.049107142857142856,0.07256960292104064,0.08162012887388763,0.08821486455197969,0.09200743494423798,0.09421077137979196
2017-06-28,111.5,111.5,105.0,105.0,105.0,6505,1.432751614714271,1.3618345062293633,1.086671878587661,1.0143365324009757,1.0143365324009757,-0.05405405405405406,-0.040219378427787986,-0.03225806451612903,-0.027327466419638746,-0.02434491730161684,-0.02097902097902098
2017-06-29,106.0,106.5,104.0,105.0,105.0,6505,1.082964991221722,1.0480833010901953,1.0224390370576628,1.0143365324009757,1.0143365324009757,-0.045454545454545456,-0.03934126258005487,-0.03166308023363053,-0.026876737720111267,-0.023982152816508628,-0.020522388059701517
2017-06-30,104.5,106.0,104.5,105.0,105.0,6505,0.9875686393601179,1.0167081805762785,1.054555457822662,1.0143365324009757,1.0143365324009757,-0.03934126258005487,-0.038461538461538484,-0.0304709141274238,-0.026651216685979143,-0.023619118467547016,-0.02037008241331056
2017-07-03,105.5,106.0,105.0,106.0,106.0,6505,1.051166207267854,1.0167081805762785,1.086671878587661,1.0776867439052868,1.0776867439052868,-0.01578458681522751,-0.027522935779816515,-0.020935960591132997,-0.016925573846510576,-0.014320252929142702,-0.011501398818775266
2017-07-04,106.0,106.5,105.0,105.5,105.5,6505,1.082964991221722,1.0480833010901953,1.086671878587661,1.0460116381531313,1.0460116381531313,0.001899335232668593,-0.028992176714220025,-0.024352651048088838,-0.021335807050092737,-0.018056589724497373,-0.016011192289755963
2017-07-05,105.0,105.5,104.0,105.5,105.5,6505,1.019367423313986,0.9853330600623617,1.0224390370576628,1.0460116381531313,1.0460116381531313,0.0009487666034155058,-0.02495378927911278,-0.023750771128932723,-0.020654444186586164,-0.018056589724497373,-0.016317016317016316
2017-07-06,105.0,105.5,104.0,104.5,104.5,6505,1.019367423313986,0.9853330600623617,1.0224390370576628,0.9826614266488201,0.9826614266488201,-0.0075973409306742375,-0.029261495587552304,-0.032108675517134935,-0.029261495587552304,-0.026820636990128474,-0.02518656716417913
2017-07-07,104.5,105.0,104.0,104.0,104.0,6505,0.9875686393601179,0.9539579395484449,1.0224390370576628,0.9509863208966646,0.9509863208966646,-0.010466222645099851,-0.029850746268656744,-0.03554868624420398,-0.03255813953488372,-0.0309355199403652,-0.029247044181705102
2017-07-10,104.0,104.5,103.0,103.0,103.0,6505,0.9557698554062497,0.9225828190345281,0.9582061955276647,0.8876361093923534,0.8876361093923534,-0.014354066985645933,-0.029217719132893446,-0.04186046511627907,-0.040298159795015165,-0.038820455393803625,-0.037682964808470866
2017-07-11,102.5,103.5,101.5,103.5,103.5,6505,0.8603735035446456,0.8598325780066944,0.8618569332326675,0.919311215144509,0.919311215144509,-0.005763688760806862,-0.011461318051575959,-0.03391412570006229,-0.0338389731621937,-0.0332523818419578,-0.031654451894589174
2017-07-12,103.5,104.5,103.0,103.5,103.5,6505,0.9239710714523817,0.9225828190345281,0.9582061955276647,0.919311215144509,0.919311215144509,-0.0019286403085824768,-0.01004304160688663,-0.029990627928772284,-0.03248422528628179,-0.031986531986532,-0.03105008581682006
2017-07-13,104.0,104.5,103.5,103.5,103.5,6505,0.9557698554062497,0.9225828190345281,0.9903226162926638,0.919311215144509,0.919311215144509,0.0,-0.008620689655172467,-0.02603513174404014,-0.031352363125877344,-0.03108032203707165,-0.03029356652092443
2017-07-14,104.0,104.0,103.0,103.5,103.5,6505,0.9557698554062497,0.8912076985206112,0.9582061955276647,0.919311215144509,0.919311215144509,0.0009671179883945291,-0.007194244604316547,-0.02297042164883578,-0.03021784961349257,-0.029808773903262153,-0.029687500000000044
2017-07-17,104.5,106.0,104.0,104.5,104.5,6505,0.9875686393601179,1.0167081805762785,1.0224390370576628,0.9826614266488201,0.9826614266488201,0.00771456123432977,0.0038424591738713326,-0.0075973409306742375,-0.01923979352416703,-0.01969981238273916,-0.01954652071931192
2017-07-18,105.0,105.0,104.0,104.5,104.5,6505,1.019367423313986,0.9539579395484449,1.0224390370576628,0.9826614266488201,0.9826614266488201,0.005774783445620734,0.004807692307692308,0.000638365783593963,-0.017164354573242443,-0.018595041322314085,-0.019086357947434275
2017-07-19,105.0,105.0,104.0,104.5,104.5,6505,1.019367423313986,0.9539579395484449,1.0224390370576628,0.9826614266488201,0.9826614266488201,0.0038424591738713326,0.005774783445620734,0.0009578544061302137,-0.01461574728901459,-0.017857142857142908,-0.01831845937059655
2017-07-20,104.5,105.5,104.0,105.0,105.0,6505,0.9875686393601179,0.9853330600623617,1.0224390370576628,1.0143365324009757,1.0143365324009757,0.0057471264367815545,0.010101010101010074,0.0057471264367815545,-0.007561436672967837,-0.01278676194057916,-0.013312451057165275
2017-07-21,105.0,105.5,104.5,105.0,105.0,6505,1.019367423313986,0.9853330600623617,1.054555457822662,1.0143365324009757,1.0143365324009757,0.0028653295128939554,0.009130225852955337,0.0057471264367815545,-0.005917159763313609,-0.01241534988713312,-0.012693935119887112
2017-07-24,104.5,105.0,104.0,104.5,104.5,6505,0.9875686393601179,0.9539579395484449,1.0224390370576628,0.9826614266488201,0.9826614266488201,-0.0019102196752626823,0.002879078694817631,0.0019175455417066428,-0.0061816452686638676,-0.015822188736108557,-0.016779049709894918
2017-07-25,104.5,104.5,103.0,103.5,103.5,6505,0.9875686393601179,0.9225828190345281,0.9582061955276647,0.919311215144509,0.919311215144509,-0.009569377990430622,-0.006717850287907896,-0.006400000000000045,-0.009095260890378199,-0.023216308040770045,-0.024964672633066468
2017-07-26,104.0,104.5,103.0,103.5,103.5,6505,0.9557698554062497,0.9225828190345281,0.9582061955276647,0.919311215144509,0.919311215144509,-0.007670182166826435,-0.006717850287907896,-0.005126561999359161,-0.008383233532934131,-0.02081362346263011,-0.02404526166902402
2017-07-27,104.0,106.0,103.5,106.0,106.0,6505,0.9557698554062497,1.0167081805762785,0.9903226162926638,1.0776867439052868,1.0776867439052868,0.014354066985645933,0.014839636189564357,0.017925736235595326,0.015082595163993325,0.004358537047564844,-0.0004714757190004447
2017-07-28,106.0,106.0,104.5,105.5,105.5,6505,1.082964991221722,1.0167081805762785,1.054555457822662,1.0460116381531313,1.0460116381531313,0.008604206500956078,0.008122312470138502,0.012152222577550359,0.010052656773575846,0.0007588692847656829,-0.005029864822382881
2017-07-31,105.5,106.0,104.5,106.0,106.0,6505,1.051166207267854,1.0167081805762785,1.054555457822662,1.0776867439052868,1.0776867439052868,0.010486177311725398,0.01145038167938934,0.015001595914458947,0.014839636189564357,0.008563273073263614,0.00031456432840514095
2017-08-01,106.0,106.5,105.5,105.5,105.5,6505,1.082964991221722,1.0480833010901953,1.11878829935266,1.0460116381531313,1.0460116381531313,0.001899335232668593,0.0057197330791229194,0.00892572521517377,0.010052656773575846,0.008411393614987531,-0.003306565895134571
2017-08-02,105.5,106.5,105.5,106.0,106.0,6505,1.051166207267854,1.0480833010901953,1.11878829935266,1.0776867439052868,1.0776867439052868,0.001890359168241993,0.009043312708234202,0.012094207511139392,0.014596793491265908,0.012803363271545992,0.0026801198171212182
2017-08-03,105.0,105.5,104.5,104.5,104.5,6505,1.019367423313986,0.9853330600623617,1.054555457822662,0.9826614266488201,0.9826614266488201,-0.009478672985781991,-0.004761904761904762,-0.0028625954198473014,0.00023929169657818317,-0.0013379204892966414,-0.009791535060012617
2017-08-04,105.0,106.5,105.0,106.5,106.5,6505,1.019367423313986,1.0480833010901953,1.086671878587661,1.1093618496574424,1.1093618496574424,0.007568590350047277,0.012838801711840174,0.014285714285714285,0.01816443594646277,0.01719197707736387,0.009797724399494293
2017-08-07,106.5,107.5,106.5,106.5,106.5,6505,1.11476377517559,1.1108335421180289,1.1830211408826583,1.1093618496574424,1.1093618496574424,0.006616257088846908,0.010915994304698678,0.012999365884590932,0.016463851109520346,0.016997708174178772,0.012197053698716915
2017-08-08,106.0,106.5,105.0,105.0,105.0,6505,1.082964991221722,1.0480833010901953,1.086671878587661,1.0143365324009757,1.0143365324009757,-0.006622516556291418,-0.004739336492890996,-0.0015847860538827708,0.0014306151645207981,0.0028653295128939554,0.0019083969465649127
2017-08-09,105.0,106.0,104.5,105.0,105.0,6505,1.019367423313986,1.0167081805762785,1.054555457822662,1.0143365324009757,1.0143365324009757,-0.004739336492890996,-0.0061523899668718,-0.0019011406844106733,0.0007147962830593552,0.0030569354222391397,0.0019083969465649127
2017-08-10,105.0,105.5,103.5,103.5,103.5,6505,1.019367423313986,0.9853330600623617,0.9903226162926638,0.919311215144509,0.919311215144509,-0.017094017094017068,-0.01802656546489569,-0.015223596574690718,-0.013581129378127207,-0.010894495412844043,-0.011933174224343675
2017-08-11,103.5,105.0,103.5,104.0,104.0,6505,0.9239710714523817,0.9539579395484449,0.9903226162926638,0.9509863208966646,0.9509863208966646,-0.007633587786259515,-0.011876484560570071,-0.009838146620120579,-0.009051929490233472,-0.006116207951070342,-0.006843864395989195
2017-08-14,104.5,105.5,103.5,104.0,104.0,6505,0.9875686393601179,0.9853330600623617,0.9903226162926638,0.9509863208966646,0.9509863208966646,-0.002876318312559896,-0.009995240361732481,-0.009523809523809525,-0.008815820824398354,-0.006495987772258376,-0.006211180124223657
2017-08-15,104.5,105.0,104.0,105.0,105.0,6505,0.9875686393601179,0.9539579395484449,1.0224390370576628,1.0143365324009757,1.0143365324009757,0.006711409395973182,0.0,-0.0009514747859181191,0.00047641734159120685,0.0024823372159633868,0.003504300732717362
2017-08-16,104.5,104.5,102.5,103.0,103.0,6505,0.9875686393601179,0.9225828190345281,0.9260897747626657,0.8876361093923534,0.8876361093923534,-0.008662175168431239,-0.016236867239732597,-0.019670050761421285,-0.017878426698450536,-0.016424751718869354,-0.014825442372070752
2017-08-17,103.0,104.0,103.0,103.0,103.0,6505,0.8921722874985136,0.8912076985206112,0.9582061955276647,0.8876361093923534,0.8876361093923534,-0.007707129094412304,-0.014825442372070752,-0.017800381436745012,-0.016941064185158727,-0.016236867239732597,-0.014354066985645933
2017-08-18,102.5,103.0,102.0,102.0,102.0,6505,0.8603735035446456,0.8284574574927777,0.8939733539976666,0.8242858978880423,0.8242858978880423,-0.013539651837524232,-0.020172910662824155,-0.02516725071678885,-0.025089605734767026,-0.025229357798165142,-0.023300351101181012
2017-08-21,102.0,104.0,102.0,103.5,103.5,6505,0.8285747195907774,0.8912076985206112,0.8939733539976666,0.919311215144509,0.919311215144509,0.0019361084220716636,-0.002890173410404597,-0.009253350350989169,-0.010279703562036842,-0.010516252390057308,-0.009095260890378199
2017-08-22,103.0,104.0,103.0,103.0,103.0,6505,0.8921722874985136,0.8912076985206112,0.9582061955276647,0.8876361093923534,0.8876361093923534,0.0009718172983478552,-0.0057915057915057366,-0.012464046021092974,-0.014825442372070752,-0.014731203367132257,-0.013724864347271023
2017-08-23,103.0,104.0,102.0,102.0,102.0,6505,0.8921722874985136,0.8912076985206112,0.8939733539976666,0.8242858978880423,0.8242858978880423,-0.006815968841285325,-0.012584704743465607,-0.019545017622556855,-0.02368987796123469,-0.023362696284948276,-0.02283250838256433
2017-08-24,102.0,105.0,102.0,104.0,104.0,6505,0.8285747195907774,0.9539579395484449,0.8939733539976666,0.9509863208966646,0.9509863208966646,0.010689990281826961,0.006289308176100684,0.0,-0.003592814371257485,-0.0038314176245211272,-0.0038314176245211272
2017-08-25,104.0,105.0,104.0,105.0,105.0,6505,0.9557698554062497,0.9539579395484449,1.0224390370576628,1.0143365324009757,1.0143365324009757,0.014492753623188406,0.01498308361527305,0.010587102983638057,0.006229036895064741,0.0057471264367815545,0.005265677357587335
2017-08-28,105.0,105.5,104.5,105.5,105.5,6505,1.019367423313986,0.9853330600623617,1.054555457822662,1.0460116381531313,1.0460116381531313,0.015399422521655382,0.018339768339768397,0.016051364365971155,0.011262880421758898,0.010149368058215265,0.00973041952464507
2017-08-29,105.0,105.5,104.5,105.0,105.0,6505,1.019367423313986,0.9853330600623617,1.054555457822662,1.0143365324009757,1.0143365324009757,0.006711409395973182,0.01351351351351357,0.011235955056179822,0.006711409395973182,0.004784688995215311,0.004784688995215311
2017-08-30,105.5,106.0,105.0,106.0,106.0,6505,1.051166207267854,1.0167081805762785,1.086671878587661,1.0776867439052868,1.0776867439052868,0.008563273073263614,0.020211742059672706,0.020211742059672706,0.01629913710450626,0.013384321223709424,0.013868962219033982
2017-08-31,106.0,107.0,105.5,106.5,106.5,6505,1.082964991221722,1.079458421604112,1.11878829935266,1.1093618496574424,1.1093618496574424,0.008522727272727328,0.02158273381294964,0.023054755043227723,0.020114942528735576,0.017969795450200683,0.01816443594646277
2017-09-01,106.5,107.5,106.0,106.5,106.5,6505,1.11476377517559,1.1108335421180289,1.1509047201176592,1.1093618496574424,1.1093618496574424,0.005665722379603345,0.01719197707736387,0.02141943734015346,0.020114942528735576,0.017580737626600455,0.017677974199713276
2017-09-04,106.5,107.5,106.5,107.5,107.5,6505,1.11476377517559,1.1108335421180289,1.1830211408826583,1.1727120611617534,1.1727120611617534,0.011288805268109152,0.02283539486203621,0.028708133971291867,0.02920057443752989,0.02654698242933538,0.026252983293556086
2017-09-05,107.5,108.0,107.0,108.0,108.0,6505,1.1783613430833262,1.1422086626319456,1.2151375616476572,1.204387166913909,1.204387166913909,0.010289990645462996,0.022727272727272783,0.03151862464183378,0.03250478011472281,0.03033772180881518,0.02955195424213531
2017-09-06,107.5,107.5,105.5,106.5,106.5,6505,1.1783613430833262,1.1108335421180289,1.11878829935266,1.1093618496574424,1.1093618496574424,-0.004672897196261682,0.00424328147100427,0.014930114358322708,0.017434917602101772,0.015833651278138083,0.014285714285714285
2017-09-07,107.0,108.0,106.5,107.0,107.0,6505,1.1465625591294581,1.1422086626319456,1.1830211408826583,1.1410369554095978,1.1410369554095978,-0.0009337068160597043,0.006111894687353133,0.01711026615969579,0.020505484024797384,0.019630264913283804,0.01872421453506825
2017-09-08,107.0,107.0,106.0,107.0,107.0,6505,1.1465625591294581,1.079458421604112,1.1509047201176592,1.1410369554095978,1.1410369554095978,-0.0018656716417910712,0.004223369310183039,0.013897662665824402,0.01904761904761905,0.01943597560975616,0.018239492466296636
2017-09-11,107.0,107.5,106.0,106.0,106.0,6505,1.1465625591294581,1.1108335421180289,1.1509047201176592,1.0776867439052868,1.0776867439052868,-0.008419083255378912,-0.005628517823639722,0.002838221381267712,0.008563273073263614,0.010101010101010123,0.008723235527359284
2017-09-12,106.0,107.0,106.0,107.0,107.0,6505,1.082964991221722,1.079458421604112,1.1509047201176592,1.1410369554095978,1.1410369554095978,0.0028116213683223724,0.0018726591760299892,0.009751494180559907,0.01711026615969579,0.01885355170443729,0.017755231452124223
2017-09-13,106.5,107.0,105.0,105.0,105.0,6505,1.11476377517559,1.079458421604112,1.086671878587661,1.0143365324009757,1.0143365324009757,-0.013157894736842158,-0.015932521087160288,-0.010989010989011033,-0.0028490028490028223,-0.00019043991620639898,-0.0009514747859181191
2017-09-14,105.0,107.5,105.0,106.0,106.0,6505,1.019367423313986,1.1108335421180289,1.086671878587661,1.0776867439052868,1.0776867439052868,-0.0018832391713747914,-0.006094702297233996,-0.0028222013170272546,0.005215742057847294,0.008371385083713807,0.008083689966714163
2017-09-15,106.5,107.5,106.0,106.0,106.0,6505,1.11476377517559,1.1108335421180289,1.1509047201176592,1.0776867439052868,1.0776867439052868,0.0,-0.005628517823639722,-0.0034471952366028837,0.0033128253667770403,0.007604562737642559,0.008243500317057641
2017-09-18,106.5,107.0,105.5,106.5,106.5,6505,1.11476377517559,1.079458421604112,1.11878829935266,1.1093618496574424,1.1093618496574424,0.0037700282752121178,0.0,0.0006263701847791689,0.006616257088846908,0.011396011396011423,0.012999365884590932
2017-09-19,106.5,106.5,104.5,105.0,105.0,6505,1.11476377517559,1.0480833010901953,1.054555457822662,1.0143365324009757,1.0143365324009757,-0.006622516556291418,-0.011299435028248614,-0.013466958972752931,-0.008498583569405152,-0.0028490028490028223,-0.0012682308180089407
2017-09-20,105.0,105.5,104.0,105.5,105.5,6505,1.019367423313986,0.9853330600623617,1.0224390370576628,1.0460116381531313,1.0460116381531313,-0.0028355387523629223,-0.005655042412818043,-0.008458646616541407,-0.005420692905962789,0.0009487666034155058,0.003328578221588153
2017-09-21,105.0,106.0,104.5,105.0,105.0,6505,1.019367423313986,1.0167081805762785,1.054555457822662,1.0143365324009757,1.0143365324009757,-0.005681818181818128,-0.008498583569405152,-0.012229539040451525,-0.01060070671378092,-0.004550625711035305,-0.0019011406844106733
2017-09-22,104.5,105.5,104.0,104.5,104.5,6505,0.9875686393601179,0.9853330600623617,1.0224390370576628,0.9826614266488201,0.9826614266488201,-0.0075973409306742375,-0.01088499763369622,-0.0156985871271586,-0.015080113100848204,-0.01022921007766621,-0.006811341675906877
2017-09-25,104.5,105.5,104.0,105.5,105.5,6505,0.9875686393601179,0.9853330600623617,1.0224390370576628,1.0460116381531313,1.0460116381531313,0.003805899143672747,-0.0009469696969696432,-0.005029864822382881,-0.005655042412818043,-0.0015142911224682624,0.0022165927802406675
2017-09-26,105.5,106.5,104.5,105.0,105.0,6505,1.051166207267854,1.0480833010901953,1.054555457822662,1.0143365324009757,1.0143365324009757,-0.0009514747859181191,-0.003795066413662293,-0.00787401574803145,-0.010367577756833123,-0.006998297711367457,-0.002533248891703601
2017-09-27,105.0,106.5,105.0,106.0,106.0,6505,1.019367423313986,1.0480833010901953,1.086671878587661,1.0776867439052868,1.0776867439052868,0.007604562737642559,0.004739336492890996,0.001890359168241993,-0.0009425070688029625,0.0009442870632671795,0.006010756089845049
2017-09-28,105.5,106.0,104.5,104.5,104.5,6505,1.051166207267854,1.0167081805762785,1.054555457822662,0.9826614266488201,0.9826614266488201,-0.005708848715508985,-0.008068343616516321,-0.010728936573051498,-0.014150943396226415,-0.01340634441087615,-0.008695652173913089
2017-09-29,104.5,105.0,104.0,104.5,104.5,6505,0.9875686393601179,0.9539579395484449,1.0224390370576628,0.9826614266488201,0.9826614266488201,-0.005708848715508985,-0.006653992395437289,-0.00916561314791405,-0.013220018885741319,-0.013220018885741319,-0.009478672985781991
2017-09-30,105.0,106.5,105.0,106.0,106.0,6505,1.019367423313986,1.0480833010901953,1.086671878587661,1.0776867439052868,1.0776867439052868,0.007604562737642559,0.008083689966714163,0.005056890012642207,0.001653673517599784,0.000755287009063428,0.003946329913180787
2017-10-02,106.0,107.0,105.5,107.0,107.0,6505,1.082964991221722,1.079458421604112,1.11878829935266,1.1410369554095978,1.1410369554095978,0.013257575757575812,0.015662078785002427,0.014538558786346379,0.01158118648073736,0.009433962264150943,0.012139366230490287
2017-10-03,107.0,107.0,106.0,107.0,107.0,6505,1.1465625591294581,1.079458421604112,1.1509047201176592,1.1410369554095978,1.1410369554095978,0.011342155009451823,0.014218009478672985,0.013257575757575812,0.011342155009451823,0.009053187476423932,0.010546198646308767
2017-10-05,106.5,107.5,106.5,107.0,107.0,6505,1.11476377517559,1.1108335421180289,1.1830211408826583,1.1410369554095978,1.1410369554095978,0.006585136406397017,0.012298959318826842,0.012618296529968409,0.011342155009451823,0.008862907788044482,0.009592703255228801
2017-10-06,107.0,107.5,106.5,107.5,107.5,6505,1.1465625591294581,1.1108335421180289,1.1830211408826583,1.1727120611617534,1.1727120611617534,0.005612722170252519,0.014150943396226415,0.016388276079420117,0.015828017954169594,0.013195098963242278,0.013513513513513549
2017-10-11,107.5,107.5,106.5,107.0,107.0,6505,1.1783613430833262,1.1108335421180289,1.1830211408826583,1.1410369554095978,1.1410369554095978,-0.0009337068160597043,0.008007536504945777,0.011342155009451823,0.010625737898465172,0.008672699849170453,0.008324171509345123
2017-10-12,107.5,107.5,106.5,106.5,106.5,6505,1.1783613430833262,1.1108335421180289,1.1830211408826583,1.1093618496574424,1.1093618496574424,-0.004672897196261682,0.001881467544684881,0.005665722379603345,0.0061407652338215,0.004527447651386568,0.0031397174254316662
2017-10-13,106.5,107.0,105.5,105.5,105.5,6505,1.11476377517559,1.079458421604112,1.11878829935266,1.0460116381531313,1.0460116381531313,-0.011246485473289623,-0.007058823529411765,-0.0037771482530689865,-0.0035419126328217238,-0.0045291564446122284,-0.006123410268488042
2017-10-16,105.5,106.0,105.0,105.5,105.5,6505,1.051166207267854,1.0167081805762785,1.086671878587661,1.0460116381531313,1.0460116381531313,-0.008458646616541407,-0.007992477668077052,-0.004090623033354347,-0.003306565895134571,-0.003965256797583098,-0.005811214072561584
2017-10-17,105.5,106.0,105.0,105.5,105.5,6505,1.051166207267854,1.0167081805762785,1.086671878587661,1.0460116381531313,1.0460116381531313,-0.0047169811320754715,-0.008924377642085512,-0.0047169811320754715,-0.0030711079612568185,-0.0034007179293406332,-0.005498821681068298
2017-10-18,105.5,106.5,105.5,106.5,106.5,6505,1.051166207267854,1.0480833010901953,1.11878829935266,1.1093618496574424,1.1093618496574424,0.005665722379603345,0.0,0.004085480829666912,0.006378454996456387,0.0058556856819040855,0.00424328147100427
2017-10-19,107.0,107.0,106.0,106.0,106.0,6505,1.1465625591294581,1.079458421604112,1.1509047201176592,1.0776867439052868,1.0776867439052868,0.001890359168241993,-0.0037593984962406546,-0.0012562814070352383,0.0011806375442739079,0.0015117157974300509,0.0001572574304135781
2017-10-20,106.0,106.5,104.0,105.0,105.0,6505,1.082964991221722,1.0480833010901953,1.0224390370576628,1.0143365324009757,1.0143365324009757,-0.006622516556291418,-0.011299435028248614,-0.010056568196103044,-0.008030231459612605,-0.007936507936507969,-0.008810572687224705
2017-10-23,104.5,105.0,104.0,104.5,104.5,6505,0.9875686393601179,0.9539579395484449,1.0224390370576628,0.9826614266488201,0.9826614266488201,-0.009478672985781991,-0.013685700802265246,-0.014770584538026363,-0.012520670918970024,-0.012100586122140301,-0.012753897024090641
2017-10-24,104.5,105.0,104.0,105.0,105.0,6505,0.9875686393601179,0.9539579395484449,1.0224390370576628,1.0143365324009757,1.0143365324009757,-0.003795066413662293,-0.006622516556291418,-0.010367577756833123,-0.008030231459612605,-0.006998297711367457,-0.00740507326295886
2017-10-25,104.5,105.5,104.5,105.5,105.5,6505,0.9875686393601179,0.9853330600623617,1.054555457822662,1.0460116381531313,1.0460116381531313,0.0028517110266159424,-0.000473709142586425,-0.005342551854179725,-0.003306565895134571,-0.0018921475875118528,-0.0025212732429877
2017-10-26,105.0,105.5,104.5,105.0,105.0,6505,1.019367423313986,0.9853330600623617,1.054555457822662,1.0143365324009757,1.0143365324009757,0.0,-0.003795066413662293,-0.008810572687224705,-0.008030231459612605,-0.006622516556291418,-0.006622516556291418
2017-10-27,105.0,105.0,104.5,105.0,105.0,6505,1.019367423313986,0.9539579395484449,1.054555457822662,1.0143365324009757,1.0143365324009757,0.0,-0.003322259136212571,-0.007561436672967837,-0.007561436672967837,-0.006434519303557974,-0.006622516556291418
2017-10-30,105.0,105.5,104.5,104.5,104.5,6505,1.019367423313986,0.9853330600623617,1.054555457822662,0.9826614266488201,0.9826614266488201,-0.004761904761904762,-0.007125890736342043,-0.010728936573051498,-0.012287334593572752,-0.010978610637895103,-0.01088499763369622
2017-10-31,104.5,105.5,104.0,105.5,105.5,6505,0.9875686393601179,0.9853330600623617,1.0224390370576628,1.0460116381531313,1.0460116381531313,0.003805899143672747,0.0023752969121140144,0.0,-0.003306565895134571,-0.0018921475875118528,-0.001262227832123761
2017-11-01,105.5,106.0,105.0,105.5,105.5,6505,1.051166207267854,1.0167081805762785,1.086671878587661,1.0460116381531313,1.0460116381531313,0.003805899143672747,0.003328578221588153,0.0009487666034155058,-0.0030711079612568185,-0.0018921475875118528,-0.0009469696969696432
2017-11-02,105.0,106.0,105.0,105.5,105.5,6505,1.019367423313986,1.0167081805762785,1.086671878587661,1.0460116381531313,1.0460116381531313,0.0028517110266159424,0.003805899143672747,0.0015822784810127033,-0.002364066193853428,-0.0020809685962920816,-0.0011046236389458106
2017-11-03,105.5,106.5,105.5,106.5,106.5,6505,1.051166207267854,1.0480833010901953,1.11878829935266,1.1093618496574424,1.1093618496574424,0.009478672985781991,0.011876484560570071,0.010436432637571103,0.007330338141404642,0.007187440892755865,0.00804543303360146
2017-11-06,106.0,106.5,105.5,105.5,105.5,6505,1.082964991221722,1.0480833010901953,1.11878829935266,1.0460116381531313,1.0460116381531313,-0.0018921475875118528,0.0014238253440911788,0.0009487666034155058,-0.0014197823000473798,-0.0026470032142181994,-0.0015772870662461016
2017-11-07,106.0,107.0,106.0,106.5,106.5,6505,1.082964991221722,1.079458421604112,1.1509047201176592,1.1093618496574424,1.1093618496574424,0.005665722379603345,0.009478672985781991,0.009797724399494293,0.008522727272727328,0.006045720763272252,0.007250945775535931
2017-11-08,106.0,107.0,106.0,106.5,106.5,6505,1.082964991221722,1.079458421604112,1.1509047201176592,1.1093618496574424,1.1093618496574424,0.0037700282752121178,0.008522727272727328,0.009797724399494293,0.008761543926118845,0.0058556856819040855,0.006933501418216208
2017-11-09,106.5,107.0,105.0,105.0,105.0,6505,1.11476377517559,1.079458421604112,1.086671878587661,1.0143365324009757,1.0143365324009757,-0.009433962264150943,-0.005681818181818128,-0.003795066413662293,-0.004739336492890996,-0.007561436672967837,-0.007248660573589654
2017-11-10,105.0,106.0,105.0,106.0,106.0,6505,1.019367423313986,1.0167081805762785,1.086671878587661,1.0776867439052868,1.0776867439052868,0.0009442870632671795,0.002838221381267712,0.005056890012642207,0.004501303008765641,0.0022692889561270317,0.0022061140876142543
2017-11-13,106.0,107.5,106.0,106.5,106.5,6505,1.082964991221722,1.1108335421180289,1.1509047201176592,1.1093618496574424,1.1093618496574424,0.0037700282752121178,0.005665722379603345,0.008522727272727328,0.008761543926118845,0.007187440892755865,0.006299212598425242
2017-11-14,106.5,107.0,106.0,106.5,106.5,6505,1.11476377517559,1.079458421604112,1.1509047201176592,1.1093618496574424,1.1093618496574424,0.0037700282752121178,0.0047169811320754715,0.007568590350047277,0.008284023668639054,0.007568590350047277,0.005665722379603345
2017-11-15,106.5,107.5,106.0,106.5,106.5,6505,1.11476377517559,1.1108335421180289,1.1509047201176592,1.1093618496574424,1.1093618496574424,0.0037700282752121178,0.0037700282752121178,0.006933501418216208,0.008284023668639054,0.007759273277819769,0.00550747442958296
2017-11-16,106.0,106.5,106.0,106.0,106.0,6505,1.082964991221722,1.0480833010901953,1.1509047201176592,1.0776867439052868,1.0776867439052868,-0.0028222013170272546,-0.0014130946773434354,0.001574803149606344,0.0035502958579881655,0.003217868635245158,0.0011018416496142928
2017-11-17,106.5,106.5,106.0,106.0,106.0,6505,1.11476377517559,1.0480833010901953,1.1509047201176592,1.0776867439052868,1.0776867439052868,-0.0028222013170272546,-0.0009425070688029625,0.0009442870632671795,0.00307546723444526,0.0030280090840271875,0.0014170996693434643
2017-11-20,106.0,106.5,105.5,105.5,105.5,6505,1.082964991221722,1.0480833010901953,1.11878829935266,1.0460116381531313,1.0460116381531313,-0.005655042412818043,-0.005655042412818043,-0.004403900597672242,-0.0021281626862141812,-0.0017032551097653937,-0.0028355387523629223
2017-11-21,105.5,107.5,105.5,107.0,107.0,6505,1.051166207267854,1.1108335421180289,1.11878829935266,1.1410369554095978,1.1410369554095978,0.007532956685499031,0.008007536504945777,0.008799497171590231,0.01110323647531299,0.011916020427463639,0.011501496770127637
2017-11-22,107.5,108.0,106.5,108.0,108.0,6505,1.1783613430833262,1.1422086626319456,1.1830211408826583,1.204387166913909,1.204387166913909,0.014084507042253521,0.01599247412982129,0.016630059617194846,0.019348749410099075,0.020793950850661654,0.020633170578043824
2017-11-23,108.0,108.0,107.0,107.5,107.5,6505,1.2101601270371942,1.1422086626319456,1.2151375616476572,1.1727120611617534,1.1727120611617534,0.006554307116104895,0.008916001877053053,0.010654967094954622,0.013433891114777254,0.015492159455885137,0.01558809636277757
2017-11-24,107.5,107.5,106.5,107.5,107.5,6505,1.1783613430833262,1.1108335421180289,1.1830211408826583,1.1727120611617534,1.1727120611617534,0.003734827264239082,0.007497656982193038,0.010021922956467236,0.012241054613935943,0.014533786334465896,0.014948859166010969
2017-11-27,107.5,108.0,107.0,107.0,107.0,6505,1.1783613430833262,1.1422086626319456,1.2151375616476572,1.1410369554095978,1.1410369554095978,-0.0037243947858473527,0.00234192037470726,0.004380475594493134,0.006348459910651278,0.008862907788044482,0.009751494180559907
2017-11-28,107.0,107.5,105.5,106.0,106.0,6505,1.1465625591294581,1.1108335421180289,1.11878829935266,1.0776867439052868,1.0776867439052868,-0.011194029850746294,-0.006560449859418958,-0.004694835680751174,-0.0032910202162669895,-0.0009425070688029625,0.0001572574304135781
2017-11-29,106.5,107.0,106.0,106.0,106.0,6505,1.11476377517559,1.079458421604112,1.1509047201176592,1.0776867439052868,1.0776867439052868,-0.007490636704119823,-0.006094702297233996,-0.004383218534752679,-0.0035252643948296123,-0.0011307953260460285,0.00031456432840514095
2017-11-30,106.0,107.0,105.5,106.0,106.0,6505,1.082964991221722,1.079458421604112,1.11878829935266,1.0776867439052868,1.0776867439052868,-0.004694835680751174,-0.006094702297233996,-0.005006257822277829,-0.0037593984962406546,-0.0015071590052750244,0.00031456432840514095
2017-12-01,106.0,108.5,105.5,108.0,108.0,6505,1.082964991221722,1.1735837831458624,1.11878829935266,1.204387166913909,1.204387166913909,0.01313320825515953,0.010762751520823639,0.012499999999999956,0.014322610941535625,0.01618366578848324,0.01822752985543687
2017-12-04,108.0,110.0,107.5,109.5,109.5,6505,1.2101601270371942,1.2677091446876128,1.2472539824126563,1.2994124841703758,1.2994124841703758,0.02240896358543423,0.02097902097902098,0.024641297567061824,0.02648230606983832,0.028362133734034522,0.03074992155632255
2017-12-05,109.0,111.5,108.5,111.0,111.0,6505,1.2737576949449305,1.3618345062293633,1.3114868239426545,1.3944378014268424,1.3944378014268424,0.026827012025901997,0.0311193683232698,0.035769828926905084,0.038353601496725856,0.040299906279287694,0.04290635765737547
2017-12-06,111.0,111.5,108.5,109.0,109.0,6505,1.4009528307604027,1.3618345062293633,1.3114868239426545,1.2677373784182202,1.2677373784182202,0.002759889604415797,0.01160092807424594,0.015527950310559051,0.018453632328895065,0.020217147135904123,0.022993899577663096
2017-12-07,108.5,109.5,107.5,108.5,108.5,6505,1.2419589109910625,1.236334024173696,1.2472539824126563,1.2360622726660646,1.2360622726660646,-0.006410256410256436,0.006026889197960183,0.009302325581395349,0.012126865671641764,0.014397905759162362,0.017187499999999956
2017-12-08,108.5,109.0,108.0,108.0,108.0,6505,1.2419589109910625,1.2049589036597792,1.2793704031776554,1.204387166913909,1.204387166913909,-0.010989010989011014,0.0009267840593141271,0.003406627438835491,0.0065237651444548265,0.009157166884694487,0.011551670309085242
2017-12-11,108.0,110.0,108.0,109.0,109.0,6505,1.2101601270371942,1.2677091446876128,1.2793704031776554,1.2677373784182202,1.2677373784182202,-0.0009165902841429361,0.00832562442183169,0.01050679851668733,0.014661391668606031,0.017170586039567035,0.01948558067030393
2017-12-12,109.0,110.0,109.0,109.5,109.5,6505,1.2737576949449305,1.2677091446876128,1.3436032447076536,1.2994124841703758,1.2994124841703758,0.006433823529411791,0.009681881051175631,0.013576056772601066,0.01789449221473388,0.02069351230425055,0.022886501634750145
2017-12-13,110.0,113.0,110.0,113.0,113.0,6505,1.3373552628526666,1.4559598677711136,1.4078360862376516,1.5211382244354648,1.5211382244354648,0.03102189781021903,0.03527256069628946,0.042756075053829654,0.04726598702502312,0.050771805839687496,0.053122087604846255
2017-12-14,114.5,114.5,112.5,113.0,113.0,6505,1.6235443184374792,1.550085229312864,1.568418190062647,1.5211382244354648,1.5211382244354648,0.02262443438914027,0.028675466545289085,0.03923973022685468,0.04387990762124711,0.047654366771741154,0.05067410506741053
2017-12-15,112.5,113.0,112.0,112.0,112.0,6505,1.496349182622007,1.4559598677711136,1.536301769297648,1.4577880129311536,1.4577880129311536,0.006289308176100654,0.015873015873015872,0.02720880464689699,0.03178258866881624,0.03607770582793715,0.0396039603960396
2017-12-18,113.0,115.5,113.0,115.0,115.0,6505,1.528147966575875,1.6128354703406975,1.600534610827646,1.647838647444087,1.647838647444087,0.022222222222222223,0.03790613718411555,0.049589291146942535,0.05480394404952987,0.06049428255256365,0.06432207311429897
2017-12-19,115.0,116.5,115.0,116.0,116.0,6505,1.6553431023913474,1.6755857113685313,1.7290002938876423,1.7111888589483981,1.7111888589483981,0.0193321616871705,0.04222821203953282,0.05231327487148472,0.05960264900662257,0.06598051828707965,0.07043986465702867
2017-12-20,116.5,116.5,114.0,114.0,114.0,6505,1.7507394542529515,1.6755857113685313,1.6647674523576441,1.5844884359397757,1.5844884359397757,0.0,0.019677996422182494,0.029190490520613913,0.038487815987246585,0.044721407624633384,0.0495626822157435
2017-12-21,114.0,115.0,112.5,114.0,114.0,6505,1.5917455344836111,1.5814603498267807,1.568418190062647,1.5844884359397757,1.5844884359397757,-0.0017513134851138603,0.014686248331108195,0.02425876010781674,0.03542234332425073,0.041666666666666685,0.046671767406273865
2017-12-22,114.5,115.5,112.5,113.0,113.0,6505,1.6235443184374792,1.6128354703406975,1.568418190062647,1.5211382244354648,1.5211382244354648,-0.012237762237762287,0.0013291980505095763,0.01224246043595097,0.02378255945639864,0.02989427633977398,0.03527256069628946
2017-12-25,113.0,113.5,111.0,113.0,113.0,6505,1.528147966575875,1.4873349882850304,1.4720689277676497,1.5211382244354648,1.5211382244354648,-0.008771929824561403,-0.002207505518763797,0.010131108462455364,0.021007454257962528,0.027085984366478858,0.03322157878695526
2017-12-26,113.0,114.5,112.0,112.5,112.5,6505,1.528147966575875,1.550085229312864,1.536301769297648,1.4894631186833092,1.4894631186833092,-0.007060900264783735,-0.009247027741083198,0.00476332241738611,0.013513513513513514,0.020500725689404982,0.026772132643748135
2017-12-27,113.0,117.0,113.0,117.0,117.0,6505,1.528147966575875,1.706960831882448,1.600534610827646,1.774539070452709,1.774539070452709,0.027216856892010484,0.026766125493637535,0.04,0.04885701479157331,0.05786618444846298,0.0644427596664139
2017-12-28,117.0,117.5,115.0,116.0,116.0,6505,1.7825382382068196,1.7383359523963648,1.7290002938876423,1.7111888589483981,1.7111888589483981,0.014873140857392851,0.015317286652078774,0.02654867256637168,0.035252119589469014,0.04561023976924466,0.05215419501133787
2017-12-29,116.0,117.0,115.5,115.5,115.5,6505,1.7189406702990835,1.706960831882448,1.7611167146526414,1.6795137531962425,1.6795137531962425,0.006097560975609781,0.007853403141361306,0.01762114537444934,0.027351567711807898,0.038108934028401896,0.04461863129333739
2018-01-02,116.5,117.0,115.0,115.0,115.0,6505,1.7507394542529515,1.706960831882448,1.7290002938876423,1.647838647444087,1.647838647444087,-0.0017361111111111357,0.0034904013961606084,0.009657594381035946,0.020408163265306097,0.030650654239110967,0.037126108522471
2018-01-03,116.0,118.0,115.5,117.5,117.5,6505,1.7189406702990835,1.7697110729102816,1.7611167146526414,1.8062141762048647,1.8062141762048647,0.011187607573149717,0.023965141612200435,0.026798718322167167,0.03959301039593005,0.04873259550160651,0.05633802816901408
2018-01-04,118.0,119.0,117.0,119.0,119.0,6505,1.8461358061145559,1.8324613139381152,1.8574659769476385,1.9012394934613315,1.9012394934613315,0.0205831903945112,0.03253796095444685,0.03628447024673444,0.04822726271746306,0.05721393034825868,0.06630824372759862
2018-01-05,119.0,120.0,119.0,120.0,120.0,6505,1.909733374022292,1.8952115549659487,1.9859316600076349,1.9645897049656427,1.9645897049656427,0.02214650766609876,0.03582218385843768,0.04076322636600176,0.05170902716914992,0.060820367751060776,0.07126915637553936
2018-01-08,120.5,123.0,119.0,122.0,122.0,6505,2.0051297258838963,2.0834622780494496,1.9859316600076349,2.091290127974265,2.091290127974265,0.027801179443976386,0.044967880085653104,0.05202644438056911,0.06271777003484323,0.0731878958479943,0.08444444444444445
2018-01-09,122.0,122.0,119.0,120.5,120.5,6505,2.1005260777455,2.020712037021616,1.9859316600076349,1.996264810717798,1.996264810717798,0.005843071786310541,0.02553191489361702,0.035816618911174825,0.044420368364030335,0.05590606379249908,0.0668437361664453
2018-01-10,120.5,121.0,119.0,120.0,120.0,6505,2.0051297258838963,1.9579617959937823,1.9859316600076349,1.9645897049656427,1.9645897049656427,-0.0024937655860348892,0.014799154334038054,0.02915951972555751,0.03537532355478856,0.04821802935010479,0.058045554739162335
2018-01-11,121.0,121.5,119.0,119.5,119.5,6505,2.036928509837764,1.989336916507699,1.9859316600076349,1.932914599213487,1.932914599213487,-0.0074750830564784525,0.008438818565400843,0.021658592191507536,0.028178102817810333,0.04003481288076583,0.04947306791569093
2018-01-12,120.5,121.0,119.0,120.0,120.0,6505,2.0051297258838963,1.9579617959937823,1.9859316600076349,1.9645897049656427,1.9645897049656427,-0.0033222591362126715,0.00925147182506303,0.02243680772507816,0.02938022732146684,0.04022191400832178,0.04956268221574348
2018-01-15,120.5,121.0,119.0,120.0,120.0,6505,2.0051297258838963,1.9579617959937823,1.9859316600076349,1.9645897049656427,1.9645897049656427,0.0,0.005446166736489365,0.01838755304101843,0.025860226544133412,0.03591160220994472,0.045903544450900634
2018-01-16,120.0,120.0,119.0,120.0,120.0,6505,1.973330941930028,1.8952115549659487,1.9859316600076349,1.9645897049656427,1.9645897049656427,0.0008340283569640894,0.0012515644555695093,0.014370245139475933,0.023672424824056352,0.03199174406604746,0.042722664735698815
2018-01-17,120.0,124.0,119.5,120.0,120.0,6505,1.973330941930028,2.146212519077283,2.0180480807726338,1.9645897049656427,1.9645897049656427,0.0008340283569640894,-0.0008326394671106938,0.010101010101010124,0.02192889078134982,0.028277634961439563,0.04001155568395198
2018-01-18,122.0,122.0,120.5,120.5,120.5,6505,2.1005260777455,2.020712037021616,2.082280922302632,1.996264810717798,1.996264810717798,0.0033305578684430116,0.002079002079002079,0.012321478577429308,0.02335456475583864,0.029914529914529916,0.04088684134753816
2018-01-19,121.0,121.5,120.5,121.0,121.0,6505,2.036928509837764,1.989336916507699,2.082280922302632,2.0279399164699536,2.0279399164699536,0.00581878636741482,0.005400914000830957,0.013683328679139961,0.02455546147332774,0.03136720081827486,0.04145746664753978
2018-01-22,120.0,121.0,118.5,120.5,120.5,6505,1.973330941930028,1.9579617959937823,1.9538152392426358,1.996264810717798,1.996264810717798,0.0008305647840531089,0.002495840266222938,0.006683375104427712,0.017092213547161898,0.0241373448920619,0.033447684391080666
2018-01-23,121.0,122.5,120.0,122.5,122.5,6505,2.036928509837764,2.052087157535533,2.050164501537633,2.12296523372642,2.12296523372642,0.013234077750206736,0.01744186046511623,0.019134775374376016,0.029844472467423264,0.03848762292302481,0.04656129859034603
2018-01-24,122.5,122.5,120.0,121.5,121.5,6505,2.1323248616993684,2.052087157535533,2.050164501537633,2.0596150222221095,2.0596150222221095,0.002475247524752452,0.007880547490667796,0.008577753182069712,0.017587939698492414,0.028092739888305913,0.03448275862068963
2018-01-25,121.5,123.0,121.0,123.0,123.0,6505,2.0687272937916323,2.0834622780494496,2.114397343067631,2.154640339478576,2.154640339478576,0.010682004930156098,0.017369727047146354,0.018774157923799,0.027568922305764385,0.03762443057195878,0.04429036366209143
2018-01-26,122.5,124.0,122.0,124.0,124.0,6505,2.1323248616993684,2.146212519077283,2.1786301845976292,2.217990550982887,2.217990550982887,0.013900245298446468,0.022258862324814534,0.024793388429752067,0.03247293921731895,0.04254245838237769,0.04951333051206089
2018-01-29,125.5,126.5,124.0,126.5,126.5,6505,2.3231175654225766,2.303088121646867,2.3070958676576256,2.376366079743665,2.376366079743665,0.024291497975708502,0.03731037310373101,0.04286892003297612,0.048487360132614954,0.0587546032808838,0.0663107614498454
2018-01-30,125.5,125.5,124.0,124.0,124.0,6505,2.3231175654225766,2.2403378806190335,2.3070958676576256,2.217990550982887,2.217990550982887,0.0016155088852988922,0.013485901103391956,0.020296215030170064,0.02394715111478122,0.034022681787858555,0.04260089686098651
2018-01-31,122.5,127.0,120.5,124.0,124.0,6505,2.1323248616993684,2.334463242160784,2.082280922302632,2.217990550982887,2.217990550982887,-0.0024135156878519483,0.010183299389002037,0.018062397372742223,0.021206506073708074,0.030071440438611104,0.0402684563758389
2018-02-01,125.0,125.0,123.5,124.5,124.5,6505,2.291318781468709,2.2089627601051167,2.2749794468926265,2.2496656567350426,2.2496656567350426,-0.0008025682182985098,0.010962241169305678,0.019377729257641866,0.023007395234182392,0.031653960888299575,0.04140526976160605
2018-02-02,123.5,123.5,120.0,120.5,120.5,6505,2.1959224296071045,2.1148373985633664,2.050164501537633,1.996264810717798,1.996264810717798,-0.027441485068603756,-0.02112103980503651,-0.013642564802182849,-0.010063668104333493,-0.0029786529869270184,0.006123016977456173
2018-02-05,118.0,121.0,116.5,119.5,119.5,6505,1.8461358061145559,1.9579617959937823,1.8253495561826394,1.932914599213487,1.932914599213487,-0.024489795918367346,-0.028455284552845527,-0.021561135371179093,-0.017269736842105216,-0.012559907453313469,-0.0040283372690651555
2018-02-06,115.5,115.5,110.0,113.0,113.0,6505,1.6871418863452154,1.6128354703406975,1.4078360862376516,1.5211382244354648,1.5211382244354648,-0.060681629260182855,-0.07414993854977465,-0.07123287671232881,-0.06784904103938952,-0.06565238961468495,-0.0582025281289068
2018-02-07,115.0,121.0,114.5,116.0,116.0,6505,1.6553431023913474,1.9579617959937823,1.6968838731226432,1.7111888589483981,1.7111888589483981,-0.022746419545071634,-0.04526748971193416,-0.04448105436573316,-0.04152034703573646,-0.04037061548643279,-0.03413821815154034
2018-02-08,116.0,117.0,114.0,115.5,115.5,6505,1.7189406702990835,1.706960831882448,1.6647674523576441,1.6795137531962425,1.6795137531962425,-0.011976047904191664,-0.043478260869565216,-0.04598017621145371,-0.04407200496585974,-0.04339903925790952,-0.03790087463556849
2018-02-09,112.0,116.5,111.5,116.0,116.0,6505,1.464550398668139,1.6755857113685313,1.5041853485326488,1.7111888589483981,1.7111888589483981,0.0,-0.03293038766152566,-0.039204859193815576,-0.0383419689119171,-0.03798308177143803,-0.03373594335693459
2018-02-12,114.5,115.0,111.5,111.5,111.5,6505,1.6235443184374792,1.5814603498267807,1.5041853485326488,1.426112907178998,1.426112907178998,-0.025349650349650397,-0.058674546222034635,-0.07186459489456165,-0.07237936772046591,-0.07207057256990676,-0.07018763029881867
2018-02-21,113.5,116.0,113.5,115.5,115.5,6505,1.559946750529743,1.6442105908546143,1.632651031592645,1.6795137531962425,1.6795137531962425,0.005221932114882457,-0.01785714285714281,-0.03481894150417831,-0.037299437382788035,-0.037179059686562134,-0.03696498054474711
2018-02-22,114.5,114.5,112.5,113.0,113.0,6505,1.6235443184374792,1.550085229312864,1.568418190062647,1.5211382244354648,1.5211382244354648,-0.011373578302712137,-0.030042918454935622,-0.051217464315701046,-0.055381400208986416,-0.05581550802139043,-0.05663002643662166
2018-02-23,113.5,115.5,113.5,115.5,115.5,6505,1.559946750529743,1.6128354703406975,1.632651031592645,1.6795137531962425,1.6795137531962425,0.01049868766404202,-0.0008650519031141378,-0.02613827993254633,-0.032460732984293195,-0.03363453815261041,-0.03481894150417831
2018-02-26,116.0,118.5,115.5,118.0,118.0,6505,1.7189406702990835,1.8010861934241984,1.7611167146526414,1.8378892819570203,1.8378892819570203,0.028770706190061,0.022973558734287004,-0.0016920473773265892,-0.0102746907108408,-0.012056262558606813,-0.013377926421404635
2018-02-27,118.0,118.5,117.0,117.0,117.0,6505,1.8461358061145559,1.8010861934241984,1.8574659769476385,1.774539070452709,1.774539070452709,0.01036269430051816,0.016507384882710738,-0.004819960306209211,-0.01721965560688784,-0.019443513241702928,-0.020373988277979378
2018-03-01,114.5,116.0,114.0,114.5,114.5,6505,1.6235443184374792,1.6442105908546143,1.6647674523576441,1.6161635416919313,1.6161635416919313,-0.009515570934256007,-0.006507592190889371,-0.02080957810718361,-0.0349768225874421,-0.03862300587741389,-0.039698071009225615
2018-03-02,113.0,113.5,111.5,112.5,112.5,6505,1.528147966575875,1.4873349882850304,1.5041853485326488,1.4894631186833092,1.4894631186833092,-0.025974025974025976,-0.020887728459530075,-0.03156384505021525,-0.048223350253807126,-0.05303030303030301,-0.05448942428911613
2018-03-05,113.5,114.0,111.5,111.5,111.5,6505,1.559946750529743,1.5187101087989472,1.5041853485326488,1.426112907178998,1.426112907178998,-0.027898866608544053,-0.026200873362445413,-0.0329575021682567,-0.052072263549415514,-0.05859506923336709,-0.06078899340165662
2018-03-06,113.0,114.0,112.5,114.0,114.0,6505,1.528147966575875,1.5187101087989472,1.568418190062647,1.5844884359397757,1.5844884359397757,0.000877963125548677,-0.002624671916010474,-0.007544979686593094,-0.026680896478121666,-0.03520649966147594,-0.03810997046828856
2018-03-07,113.0,114.5,113.0,113.0,113.0,6505,1.528147966575875,1.550085229312864,1.600534610827646,1.5211382244354648,1.5211382244354648,-0.0008841732979663512,-0.012669287898645722,-0.012525487911447745,-0.029626449119793927,-0.041235363991175965,-0.044666760603071703
2018-03-08,113.0,114.5,113.0,114.5,114.5,6505,1.528147966575875,1.550085229312864,1.600534610827646,1.6161635416919313,1.6161635416919313,0.01237842617152967,0.0013117621337997874,-0.00029103608847495436,-0.012718258245311441,-0.025863535817594062,-0.030482641828958462
2018-03-09,114.5,114.5,113.5,113.5,113.5,6505,1.6235443184374792,1.550085229312864,1.632651031592645,1.5528133301876201,1.5528133301876201,0.0017652250661959652,-0.007867132867132916,-0.007577965607694492,-0.016890428757037702,-0.031735198771540685,-0.037183656157217644
2018-03-12,115.5,116.0,115.0,116.0,116.0,6505,1.6871418863452154,1.6442105908546143,1.7290002938876423,1.7111888589483981,1.7111888589483981,0.015761821366024494,0.01354303189165572,0.013986013986013936,0.008476418169963001,-0.008038310244569845,-0.014722536806342024
2018-03-13,115.5,117.5,115.0,117.5,117.5,6505,1.6871418863452154,1.7383359523963648,1.7290002938876423,1.8062141762048647,1.8062141762048647,0.022628372497824144,0.027097902097902048,0.026200873362445413,0.022850924918389554,0.0070277682550565065,-0.0009919229134192436
2018-03-14,117.0,117.5,116.5,117.5,117.5,6505,1.7825382382068196,1.7383359523963648,1.8253495561826394,1.8062141762048647,1.8062141762048647,0.014680483592400716,0.02664919178680644,0.022628372497824144,0.023742104116750113,0.01014442916093541,-0.00014182385477236467
2018-03-15,116.5,117.5,116.5,117.0,117.0,6505,1.7507394542529515,1.7383359523963648,1.8253495561826394,1.774539070452709,1.774539070452709,0.006018916595012923,0.020052310374890994,0.017391304347826087,0.01761252446183958,0.008273009307135416,-0.0028409090909090507
2018-03-16,117.0,117.5,114.5,116.0,116.0,6505,1.7825382382068196,1.7383359523963648,1.6968838731226432,1.7111888589483981,1.7111888589483981,-0.006849315068493127,0.008257279443720147,0.00694444444444442,0.008914981517721294,0.0024196335983408326,-0.009816474605207048
2018-03-19,116.0,116.5,114.5,116.0,116.0,6505,1.7189406702990835,1.6755857113685313,1.6968838731226432,1.7111888589483981,1.7111888589483981,-0.006849315068493127,0.004329004329004329,0.0066531674862597544,0.008695652173913044,0.005373548275264384,-0.007840342124019998
2018-03-20,116.0,116.0,115.0,115.5,115.5,6505,1.7189406702990835,1.6442105908546143,1.7290002938876423,1.6795137531962425,1.6795137531962425,-0.007731958762886647,-0.001297016861219245,0.0037659327925840423,0.0045662100456621505,0.0027782601146031705,-0.009717062017719404
2018-03-21,116.5,117.0,106.0,106.0,106.0,6505,1.7507394542529515,1.706960831882448,1.1509047201176592,1.0776867439052868,1.0776867439052868,-0.07099035933391756,-0.07785993910395826,-0.07288629737609326,-0.0758500435919791,-0.07536636427076064,-0.08581285036653732
2018-03-22,116.5,116.5,116.5,116.5,116.5,6505,1.7507394542529515,1.6755857113685313,1.8253495561826394,1.7428639647005537,1.7428639647005537,0.021929824561403508,0.011723838471558787,0.017763541059988334,0.015250544662309368,0.01498518905732705,0.006914433880725991
2018-03-23,114.0,117.5,113.5,117.5,117.5,6505,1.5917455344836111,1.7383359523963648,1.632651031592645,1.8062141762048647,1.8062141762048647,0.027996500437445344,0.01687581133708354,0.023519163763066227,0.021961295933898724,0.023162661093695545,0.017462837350266984
2018-03-26,117.5,118.5,117.0,118.5,118.5,6505,1.8143370221606876,1.8010861934241984,1.8574659769476385,1.8695643877091759,1.8695643877091759,0.03222996515679445,0.023316062176165827,0.02805089647194911,0.029315960912052116,0.030793319415448907,0.027902269770131577
2018-03-27,119.0,120.0,118.0,119.5,119.5,6505,1.909733374022292,1.8952115549659487,1.9216988184776367,1.932914599213487,1.932914599213487,0.03373702422145334,0.03017241379310345,0.033439031421158776,0.03732638888888886,0.038227628149435325,0.0368763557483731
2018-03-28,118.0,119.5,118.0,118.5,118.5,6505,1.8461358061145559,1.863836434452032,1.9216988184776367,1.8695643877091759,1.8695643877091759,0.0033869602032176606,0.020671834625323047,0.021551724137931036,0.027976577748861368,0.027041081643265772,0.028497034572544464
2018-03-29,119.5,120.0,117.5,118.5,118.5,6505,1.94153215797616,1.8952115549659487,1.8895823977126376,1.8695643877091759,1.8695643877091759,0.0,0.01935483870967742,0.019208715596330285,0.0261961463520243,0.025974025974025976,0.02686308492201035
2018-03-30,118.5,120.0,118.5,119.5,119.5,6505,1.877934590068424,1.8952115549659487,1.9538152392426358,1.932914599213487,1.932914599213487,0.005046257359125267,0.024871355060034354,0.024285714285714244,0.03172890135981003,0.032308223911541076,0.03448275862068966
2018-03-31,119.5,120.0,118.5,118.5,118.5,6505,1.94153215797616,1.8952115549659487,1.9538152392426358,1.8695643877091759,1.8695643877091759,-0.003364171572750258,0.014120667522464748,0.014265335235378072,0.020012911555842505,0.022609596133931695,0.024938734323194524
2018-04-02,119.0,119.0,117.0,117.0,117.0,6505,1.909733374022292,1.8324613139381152,1.8574659769476385,1.774539070452709,1.774539070452709,-0.011824324324324372,0.0,0.001712328767123312,0.00580270793036748,0.010013812154696104,0.011673151750972713
2018-04-03,116.5,117.0,116.0,116.0,116.0,6505,1.7507394542529515,1.706960831882448,1.7932331354176405,1.7111888589483981,1.7111888589483981,-0.016115351993214636,-0.01694915254237288,-0.005998286203941755,-0.004078128353723926,0.001727115716753047,0.001727115716753047
2018-04-09,117.5,119.0,116.0,119.0,119.0,6505,1.8143370221606876,1.8324613139381152,1.7932331354176405,1.9012394934613315,1.9012394934613315,0.00847457627118644,0.006342494714587738,0.01854493580599148,0.019708654670094233,0.026038972236592482,0.02659956865564338
2018-04-10,117.5,118.5,117.0,117.5,117.5,6505,1.8143370221606876,1.8010861934241984,1.8574659769476385,1.8062141762048647,1.8062141762048647,-0.0008503401360543735,-0.006342494714587738,0.004846066134549568,0.005132591958939215,0.01136168015148901,0.012349224583572693
2018-04-11,117.5,119.5,117.5,119.5,119.5,6505,1.8143370221606876,1.863836434452032,1.8895823977126376,1.932914599213487,1.932914599213487,0.014431239388794592,0.009716941275876686,0.01991465149359882,0.020713218022635038,0.02575107296137339,0.028399311531841626
2018-04-12,119.5,120.0,118.5,120.0,120.0,6505,1.94153215797616,1.8952115549659487,1.9538152392426358,1.9645897049656427,1.9645897049656427,0.013513513513513466,0.013513513513513466,0.02156640181611803,0.023890784982935127,0.027925304094569173,0.032110091743119275
2018-04-13,119.0,120.5,118.0,120.5,120.5,6505,1.909733374022292,1.9265866754798655,1.9216988184776367,1.996264810717798,1.996264810717798,0.010058675607711676,0.016020236087689762,0.017450042217844044,0.02684277801448663,0.0295625427204374,0.0353716167836173
2018-04-16,121.5,121.5,119.0,119.0,119.0,6505,2.0687272937916323,1.989336916507699,1.9859316600076349,1.9012394934613315,1.9012394934613315,-0.002514668901927889,0.002949852507374583,0.003372681281618935,0.013197105151128116,0.015185121992833997,0.021167048054919924
2018-04-17,119.0,119.5,117.0,117.5,117.5,6505,1.909733374022292,1.863836434452032,1.8574659769476385,1.8062141762048647,1.8062141762048647,-0.015088013411567453,-0.008020261713803316,-0.009274873524451891,-0.0002127206977239369,0.0010223206679162084,0.006855184233076239
2018-04-18,118.0,120.0,117.5,118.5,118.5,6505,1.8461358061145559,1.8952115549659487,1.8895823977126376,1.8695643877091759,1.8695643877091759,-0.005037783375314814,0.0004221190375685703,-0.0008431703204046739,0.007224819379515464,0.008682328907047974,0.013397947548460628
2018-04-19,118.5,120.0,118.5,119.0,119.0,6505,1.877934590068424,1.8952115549659487,1.9538152392426358,1.9012394934613315,1.9012394934613315,0.0008410428931875047,0.002949852507374583,0.003654765251616563,0.009972416719711412,0.01242130338608128,0.016225448334756667
2018-04-20,118.5,119.5,118.0,119.5,119.5,6505,1.877934590068424,1.863836434452032,1.9216988184776367,1.932914599213487,1.932914599213487,0.006739679865206379,0.004201680672268907,0.007305422871593087,0.008438818565400843,0.015983676245536434,0.018610598096320534
2018-04-23,119.5,120.0,118.0,119.0,119.0,6505,1.94153215797616,1.8952115549659487,1.9216988184776367,1.9012394934613315,1.9012394934613315,0.002527379949452377,0.0,0.002808988764044904,0.003161222339304531,0.011045029736618497,0.013053348467650381
2018-04-24,118.5,119.0,117.0,117.5,117.5,6505,1.877934590068424,1.8324613139381152,1.8574659769476385,1.8062141762048647,1.8062141762048647,-0.010109519797809628,-0.012605042016806723,-0.008717660292463427,-0.009483667017913594,-0.002207880434782652,-0.0008503401360543735
2018-04-25,116.5,120.5,116.5,120.5,120.5,6505,1.7507394542529515,1.9265866754798655,1.8253495561826394,1.996264810717798,1.996264810717798,0.011754827875734725,0.011754827875734725,0.01544943820224715,0.014950515898083857,0.021705952179074124,0.02335456475583864
2018-04-26,120.5,120.5,118.0,119.0,119.0,6505,2.0051297258838963,1.9265866754798655,1.9216988184776367,1.9012394934613315,1.9012394934613315,-0.0008396305625524292,0.0,0.0016835016835017075,0.002527379949452377,0.007791327913279147,0.01018675721561972
2018-04-27,119.0,119.5,118.0,119.0,119.0,6505,1.909733374022292,1.863836434452032,1.9216988184776367,1.9012394934613315,1.9012394934613315,0.0,0.0012620950778292443,0.0,0.002316277110970779,0.003372681281618935,0.009758167161646208
2018-04-30,119.0,121.5,119.0,121.5,121.5,6505,1.909733374022292,1.989336916507699,1.9859316600076349,2.0596150222221095,2.0596150222221095,0.016736401673640166,0.020151133501259494,0.01958041958041954,0.022082018927444796,0.022727272727272752,0.029661016949152543
2018-05-02,120.5,121.5,119.5,120.0,120.0,6505,2.0051297258838963,1.989336916507699,2.0180480807726338,1.9645897049656427,1.9645897049656427,0.0,0.005446166736489365,0.00558659217877099,0.00925147182506303,0.00925147182506303,0.01580135440180581
2018-05-03,119.0,119.5,118.5,118.5,118.5,6505,1.909733374022292,1.863836434452032,1.9538152392426358,1.8695643877091759,1.8695643877091759,-0.009197324414715671,-0.007121910347716752,-0.006428172163219668,-0.003364171572750258,-0.003364171572750258,0.0023967291696038186
2018-05-04,118.5,119.0,118.0,118.0,118.0,6505,1.877934590068424,1.8324613139381152,1.9216988184776367,1.8378892819570203,1.8378892819570203,-0.011725293132328356,-0.010482180293501049,-0.009513150531617292,-0.007986548970155551,-0.0070683271625715536,-0.002535925612848666
2018-05-07,118.5,119.0,117.5,118.5,118.5,6505,1.877934590068424,1.8324613139381152,1.8895823977126376,1.8695643877091759,1.8695643877091759,-0.006705783738474411,-0.005455308434746166,-0.004201680672268907,-0.004828889355448271,-0.0028609895658027887,-0.001825073704899637
2018-05-08,119.5,121.5,118.5,121.5,121.5,6505,1.94153215797616,1.989336916507699,1.9538152392426358,2.0596150222221095,2.0596150222221095,0.018440905280804717,0.017587939698492414,0.01958041958041954,0.019295302013422794,0.021351714862138587,0.02201037431655679
2018-05-09,120.5,122.0,120.0,120.5,120.5,6505,2.0051297258838963,2.020712037021616,2.050164501537633,1.996264810717798,1.996264810717798,0.009212730318257908,0.006683375104427712,0.00949455459368897,0.00963552576455807,0.012605042016806723,0.012746883316991166
2018-05-10,121.5,125.5,121.5,123.0,123.0,6505,2.0687272937916323,2.2403378806190335,2.14651376383263,2.154640339478576,2.154640339478576,0.02244389027431424,0.025427261358899517,0.027855153203342576,0.029073415603430196,0.03205235777815064,0.03245663122551757
2018-05-11,124.0,128.0,123.5,125.5,125.5,6505,2.2277212135609727,2.3972134831886174,2.2749794468926265,2.313015868239354,2.313015868239354,0.030377668308702817,0.04063018242122725,0.044962531223980064,0.04757929883138567,0.05003346720214193,0.05167597765363133
2018-05-14,126.0,129.0,125.5,125.5,125.5,6505,2.354916349376445,2.459963724216451,2.4034451299526225,2.313015868239354,2.313015868239354,0.018668831168831144,0.03505154639175258,0.04149377593360996,0.045397750937109564,0.04670558798999161,0.04962364092556457
2018-05-15,125.0,125.5,122.5,122.5,122.5,6505,2.291318781468709,2.2403378806190335,2.2107466053626283,2.12296523372642,2.12296523372642,-0.007293354943273951,0.009476720230737583,0.0146327995582551,0.018922852983988405,0.020493168943685386,0.02339181286549705
2018-05-16,122.0,124.5,122.0,123.5,123.5,6505,2.1005260777455,2.1775876395912,2.1786301845976292,2.1863154452307314,2.1863154452307314,-0.004032258064516129,0.014790468364831529,0.019537699504677986,0.024683675585977966,0.02677086797472563,0.03059805285118224
2018-05-17,124.5,127.5,124.0,125.5,125.5,6505,2.2595199975148406,2.3658383626747006,2.3070958676576256,2.313015868239354,2.313015868239354,0.008032128514056224,0.025326797385620867,0.03320526893523599,0.038262668045501554,0.041320942582144075,0.04525263742365356
2018-05-18,126.5,127.5,123.5,124.0,124.0,6505,2.386715133330313,2.3658383626747006,2.2749794468926265,2.217990550982887,2.217990550982887,-0.0016103059581320679,0.008130081300813009,0.018062397372742223,0.023735810113519093,0.027510772290354597,0.03075644222776395
2018-05-21,124.0,126.5,124.0,125.5,125.5,6505,2.2277212135609727,2.303088121646867,2.3070958676576256,2.313015868239354,2.313015868239354,0.01046698872785827,0.014551333872271602,0.026724843196073076,0.03355981058266422,0.038219722038385216,0.04048638938786796
2018-05-22,126.0,127.0,124.5,125.0,125.0,6505,2.354916349376445,2.334463242160784,2.3392122884226243,2.281340762487198,2.281340762487198,0.002405773857257395,0.007658202337767052,0.020685900925421868,0.02690490860546318,0.03203434610303827,0.03462546558145954
2018-05-23,125.0,125.0,122.0,122.0,122.0,6505,2.291318781468709,2.2089627601051167,2.1786301845976292,2.091290127974265,2.091290127974265,-0.01929260450160776,-0.01771336553945252,-0.004893964110929807,0.0004100041000409771,0.005770816158285267,0.008542298153761351
2018-05-24,122.5,123.5,121.5,122.5,122.5,6505,2.1323248616993684,2.1148373985633664,2.14651376383263,2.12296523372642,2.12296523372642,-0.010500807754442627,-0.013290374546919094,-0.002984264785675475,0.003687013519049593,0.008562489708546075,0.011839207048458181
2018-05-25,122.0,123.0,122.0,122.5,122.5,6505,2.1005260777455,2.0834622780494496,2.1786301845976292,2.12296523372642,2.12296523372642,-0.008097165991902834,-0.010900282599919212,-0.005412719891745641,0.0022499488647985738,0.0074013157894737315,0.01114321089558394
2018-05-28,122.0,122.0,119.5,121.0,121.0,6505,2.1005260777455,2.020712037021616,2.0180480807726338,2.0279399164699536,2.0279399164699536,-0.013050570962479562,-0.01944894651539713,-0.018918918918918882,-0.01083180053137137,-0.005424954792043372,-0.001375515818431951
2018-05-29,120.5,121.0,119.5,120.5,120.5,6505,2.0051297258838963,1.9579617959937823,2.0180480807726338,1.996264810717798,1.996264810717798,-0.00986031224322106,-0.021915584415584437,-0.022444564629529467,-0.014516458801881052,-0.010023003614853754,-0.0059122782895641565
2018-05-30,119.0,120.0,118.0,118.0,118.0,6505,1.909733374022292,1.8952115549659487,1.9216988184776367,1.8378892819570203,1.8378892819570203,-0.02398676592224984,-0.0379127598858541,-0.04142973192526397,-0.03417229384080211,-0.03072120913422043,-0.026670332691778945
2018-05-31,119.0,122.5,119.0,121.5,121.5,6505,1.909733374022292,2.052087157535533,1.9859316600076349,2.0596150222221095,2.0596150222221095,0.006628003314001633,-0.006134969325153374,-0.012195121951219513,-0.006744328632740673,-0.0022992281162752598,0.0013736263736264128
2018-06-01,120.0,123.0,120.0,122.0,122.0,6505,1.973330941930028,2.0834622780494496,2.050164501537633,2.091290127974265,2.091290127974265,0.011608623548922104,-0.00040966816878326224,-0.006244909041542213,-0.004284839828606453,0.000820344544708731,0.004666483667307133
2018-06-04,122.0,124.0,121.5,123.5,123.5,6505,2.1005260777455,2.146212519077283,2.14651376383263,2.1863154452307314,2.1863154452307314,0.01981833195706033,0.013541239228559751,0.007067137809187224,0.005905110975361387,0.011631716906946279,0.015903482314230905
2018-06-05,123.5,123.5,120.5,121.5,121.5,6505,2.1959224296071045,2.1148373985633664,2.082280922302632,2.0596150222221095,2.0596150222221095,0.00164880461665295,0.0,-0.008702746804460128,-0.010384850335980498,-0.004750982961992122,-0.001233045622688086
2018-06-06,121.0,124.0,121.0,124.0,124.0,6505,2.036928509837764,2.146212519077283,2.114397343067631,2.217990550982887,2.217990550982887,0.012244897959183673,0.01889893179950696,0.011419249592169705,0.008540056933712868,0.014397905759162347,0.017505470459518654
2018-06-07,123.5,124.5,122.5,124.5,124.5,6505,2.1959224296071045,2.1775876395912,2.2107466053626283,2.2496656567350426,2.2496656567350426,0.011372867587327423,0.021328958162428174,0.016050054406964106,0.011989433042064575,0.016492488569562345,0.020491803278688523
2018-06-08,124.0,124.5,122.5,124.0,124.0,6505,2.2277212135609727,2.1775876395912,2.2107466053626283,2.217990550982887,2.217990550982887,0.004048582995951417,0.01597705858254816,0.011969532100108829,0.008540056933712868,0.010430247718383322,0.015006821282401052
2018-06-11,123.5,124.0,122.0,123.5,123.5,6505,2.1959224296071045,2.146212519077283,2.1786301845976292,2.1863154452307314,2.1863154452307314,0.0,0.009811937857726924,0.008986928104575116,0.0052910052910053375,0.004718516108037734,0.009674342553481432
2018-06-12,122.0,124.0,122.0,123.0,123.0,6505,2.1005260777455,2.146212519077283,2.1786301845976292,2.154640339478576,2.154640339478576,-0.0064620355411954536,0.003671970624235029,0.005997818974918219,0.001017293997965412,0.00016262806960478144,0.005175701443748352
2018-06-13,122.0,122.5,121.0,121.0,121.0,6505,2.1005260777455,2.052087157535533,2.114397343067631,2.0279399164699536,2.0279399164699536,-0.01785714285714288,-0.015059015059015014,-0.0098199672667758,-0.014256619144602852,-0.016260162601626018,-0.011437908496732072
2018-06-14,120.0,122.0,119.5,119.5,119.5,6505,1.973330941930028,2.020712037021616,2.0180480807726338,1.932914599213487,1.932914599213487,-0.02209492635024552,-0.025682837342030213,-0.020491803278688523,-0.02409146590445082,-0.027348201204623144,-0.02395861693438609
2018-06-15,119.5,121.0,119.5,121.0,121.0,6505,1.94153215797616,1.9579617959937823,2.0180480807726338,2.0279399164699536,2.0279399164699536,-0.004934210526315743,-0.012647898816809442,-0.007383100902379046,-0.010629599345870787,-0.013694163677861157,-0.012513601741022836
2018-06-19,118.5,120.0,118.0,118.5,118.5,6505,1.877934590068424,1.8952115549659487,1.9216988184776367,1.8695643877091759,1.8695643877091759,-0.017412935323383037,-0.029086439983613252,-0.026560788608981388,-0.02829028290282905,-0.03186274509803926,-0.03291621327529922
2018-06-20,118.0,122.0,117.0,121.0,121.0,6505,1.8461358061145559,2.020712037021616,1.8574659769476385,2.0279399164699536,2.0279399164699536,0.006655574043261207,-0.00819672131147541,-0.006296194908294544,-0.006160164271047228,-0.010953081575935945,-0.012379268126785463
2018-06-21,120.5,121.0,119.0,119.5,119.5,6505,2.0051297258838963,1.9579617959937823,1.9859316600076349,1.932914599213487,1.932914599213487,-0.0033361134278565943,-0.016865487453722725,-0.019420131291028393,-0.017471736896197326,-0.021934850220985486,-0.02435705538168459
2018-06-22,120.0,121.0,119.0,120.0,120.0,6505,1.973330941930028,1.9579617959937823,1.9859316600076349,1.9645897049656427,1.9645897049656427,0.0,-0.009083402146985916,-0.014508623049548308,-0.012345679012345678,-0.0160708428993112,-0.019474329293204466
2018-06-25,120.0,121.5,119.5,119.5,119.5,6505,1.973330941930028,1.989336916507699,2.0180480807726338,1.932914599213487,1.932914599213487,-0.0016708437761069578,-0.00953170327393291,-0.017269736842105216,-0.01524515863205599,-0.018722286089669905,-0.02196153321511393
2018-06-26,119.5,121.5,119.0,121.5,121.5,6505,1.94153215797616,1.989336916507699,1.9859316600076349,2.0596150222221095,2.0596150222221095,0.009975062344139675,0.008717310087173077,0.0002744237102085464,0.0010298661174047373,-0.0009866798223976694,-0.004506349856616118
2018-06-27,121.5,122.0,120.5,121.0,121.0,6505,2.0687272937916323,2.020712037021616,2.082280922302632,2.0279399164699536,2.0279399164699536,0.00581878636741482,0.006237006237006237,-0.003568487510293745,-0.0032948929159802775,-0.0037872550633953053,-0.00819672131147541
2018-06-28,119.5,123.0,119.5,121.0,121.0,6505,1.94153215797616,2.0834622780494496,2.0180480807726338,2.0279399164699536,2.0279399164699536,0.003316749585406349,0.006237006237006237,-0.0019246631839428179,-0.004524886877828031,-0.0034590676988964066,-0.007518796992481242
2018-06-29,121.0,122.5,120.5,122.5,122.5,6505,2.036928509837764,2.052087157535533,2.082280922302632,2.12296523372642,2.12296523372642,0.011560693641618545,0.016175860638739135,0.011560693641618545,0.0074013157894737315,0.008894745511447854,0.0056095225064988685
2018-07-02,122.0,123.0,121.0,121.0,121.0,6505,2.1005260777455,2.0834622780494496,2.114397343067631,2.0279399164699536,2.0279399164699536,-0.0032948929159802775,0.0037328909166321265,0.0008271298593878768,-0.004524886877828031,-0.0029663810151614985,-0.005887991236478175
2018-07-03,121.0,124.5,121.0,123.0,123.0,6505,2.036928509837764,2.1775876395912,2.114397343067631,2.154640339478576,2.154640339478576,0.010682004930156098,0.01652892561983471,0.017650303364589136,0.012137420283892156,0.012845849802371561,0.01123595505617972
2018-07-04,117.5,118.0,115.0,115.5,115.5,6505,1.8143370221606876,1.7697110729102816,1.7290002938876423,1.6795137531962425,1.6795137531962425,-0.0422885572139303,-0.04109589041095893,-0.040432013292716645,-0.04722623221282734,-0.04734411085450342,-0.04794614644868798
2018-07-05,117.0,120.0,116.5,119.0,119.0,6505,1.7825382382068196,1.8952115549659487,1.8253495561826394,1.9012394934613315,1.9012394934613315,-0.009983361064891871,-0.011627906976744233,-0.010257831993346279,-0.016325687125439095,-0.01879947229551452,-0.01828681424446585
2018-07-06,118.0,119.0,116.0,116.0,116.0,6505,1.8461358061145559,1.8324613139381152,1.7932331354176405,1.7111888589483981,1.7111888589483981,-0.02439024390243907,-0.03333333333333333,-0.03333333333333333,-0.03774367482372457,-0.04179745580703785,-0.04132231404958678
2018-07-09,118.0,119.0,117.0,117.5,117.5,6505,1.8461358061145559,1.8324613139381152,1.8574659769476385,1.8062141762048647,1.8062141762048647,-0.0059221658206430015,-0.019198664440734533,-0.018925688839409958,-0.022665834892909083,-0.02796161482461942,-0.027586206896551686
2018-07-10,119.0,119.0,117.5,118.0,118.0,6505,1.909733374022292,1.8324613139381152,1.8895823977126376,1.8378892819570203,1.8378892819570203,0.006825938566552877,-0.012138970280452096,-0.014476614699331857,-0.016256773655689893,-0.022045416873860406,-0.022639425731639986
2018-07-11,117.0,120.0,117.0,119.0,119.0,6505,1.7825382382068196,1.8952115549659487,1.8574659769476385,1.9012394934613315,1.9012394934613315,0.009329940627650503,-0.0020964360587002098,-0.005016722408026708,-0.006263048016701462,-0.01293961512939617,-0.013948349675459222
2018-07-12,118.5,119.0,118.0,118.5,118.5,6505,1.877934590068424,1.8324613139381152,1.9216988184776367,1.8695643877091759,1.8695643877091759,0.005942275042444846,-0.004201680672268907,-0.008644729503625194,-0.009404388714733543,-0.015290011633704532,-0.01822700911350458
2018-07-13,119.0,121.0,118.0,121.0,121.0,6505,1.909733374022292,1.9579617959937823,1.9216988184776367,2.0279399164699536,2.0279399164699536,0.018518518518518542,0.018090029448885197,0.011705685618729145,0.010860484544695048,0.006655574043261207,0.0026239469686507072
2018-07-16,121.5,121.5,119.0,119.0,119.0,6505,2.0687272937916323,1.989336916507699,1.9859316600076349,1.9012394934613315,1.9012394934613315,-0.0008396305625524292,0.002949852507374583,-0.0047393364928909635,-0.005016722408026708,-0.008333333333333333,-0.013130615065653037
2018-07-17,119.0,119.0,117.5,118.5,118.5,6505,1.909733374022292,1.8324613139381152,1.8895823977126376,1.8695643877091759,1.8695643877091759,-0.005872483221476534,0.0025380710659898237,-0.007260541748114997,-0.009197324414715671,-0.010851419031719508,-0.015916955017301077
2018-07-18,119.0,121.0,118.0,120.5,120.5,6505,1.909733374022292,1.9579617959937823,1.9216988184776367,1.996264810717798,1.996264810717798,0.008368200836820083,0.015164279696714382,0.009776536312849202,0.007735730712941645,0.006683375104427712,0.0009691264017720618
2018-07-19,120.5,121.0,119.5,120.0,120.0,6505,2.0051297258838963,1.9579617959937823,2.0180480807726338,1.9645897049656427,1.9645897049656427,0.0016694490818030287,0.010101010101010124,0.006148686416992741,0.003344481605351218,0.0028413839211098397,-0.002079002079002079
2018-07-20,120.0,120.5,119.0,120.5,120.5,6505,1.973330941930028,1.9265866754798655,1.9859316600076349,1.996264810717798,1.996264810717798,0.006683375104427712,0.010482180293501049,0.01147174034695014,0.0073145245559038665,0.006683375104427712,0.003191341751075399
2018-07-23,120.5,121.0,119.5,121.0,121.0,6505,2.0051297258838963,1.9579617959937823,2.0180480807726338,2.0279399164699536,2.0279399164699536,0.0074937552039967175,0.011705685618729145,0.015668718522663626,0.010860484544695048,0.010860484544695048,0.008193306485210395
2018-07-24,121.0,121.0,119.5,120.5,120.5,6505,2.036928509837764,1.9579617959937823,2.0180480807726338,1.996264810717798,1.996264810717798,0.0,0.005423445974134382,0.012888764359764623,0.007104053489343872,0.006011020203706786,0.004864489228630954
2018-07-25,120.5,120.5,119.5,119.5,119.5,6505,2.0051297258838963,1.9265866754798655,2.0180480807726338,1.932914599213487,1.932914599213487,-0.006650041562759744,-0.0033361134278565943,0.002236511042773266,-0.0006272214091574564,-0.0018376211159371774,-0.002504173622704484
2018-07-26,120.5,120.5,119.0,120.0,120.0,6505,2.0051297258838963,1.9265866754798655,1.9859316600076349,1.9645897049656427,1.9645897049656427,-0.0024937655860348892,-0.0004164931278633666,0.005867560771165154,0.0039740640033465325,0.0021713713044931113,0.0019482326746451512
2018-07-27,120.0,120.0,119.0,120.0,120.0,6505,1.973330941930028,1.8952115549659487,1.9859316600076349,1.9645897049656427,1.9645897049656427,-0.0016638935108153315,0.00041684035014587044,0.003624198494563734,0.005025125628140656,0.0021713713044931113,0.001808821483233632
2018-07-30,120.0,120.0,118.0,119.0,119.0,6505,1.973330941930028,1.8952115549659487,1.9216988184776367,1.9012394934613315,1.9012394934613315,-0.006677796327211997,-0.007919966652772012,-0.005571030640668563,-0.002514668901927889,-0.006014032743067148,-0.0059863566754837965
2018-07-31,119.5,120.5,118.5,120.5,120.5,6505,1.94153215797616,1.9265866754798655,1.9538152392426358,1.996264810717798,1.996264810717798,0.005843071786310541,0.00291302538493545,0.005563282336578621,0.011118103629116869,0.006851604278074809,0.005983024906080439
2018-08-01,120.5,121.0,120.0,120.5,120.5,6505,2.0051297258838963,1.9579617959937823,2.050164501537633,1.996264810717798,1.996264810717798,0.004166666666666667,0.00291302538493545,0.004724847137298468,0.009001465354825228,0.007019889687447797,0.006123016977456173
2018-08-02,120.0,120.0,118.0,118.5,118.5,6505,1.973330941930028,1.8952115549659487,1.9216988184776367,1.8695643877091759,1.8695643877091759,-0.010025062656641628,-0.0125,-0.011951083935519764,-0.007537688442211103,-0.008865841418534645,-0.01030066815144767
2018-08-03,119.0,121.0,119.0,121.0,121.0,6505,1.909733374022292,1.9579617959937823,1.9859316600076349,2.0279399164699536,2.0279399164699536,0.009174311926605457,0.007913369429404439,0.008893829905503026,0.01128290848307559,0.012552301255230125,0.010297801280267194
2018-08-06,120.0,121.5,120.0,121.5,121.5,6505,1.973330941930028,1.989336916507699,2.050164501537633,2.0596150222221095,2.0596150222221095,0.00913621262458467,0.011656952539550423,0.011656952539550423,0.013767209011264128,0.016566265060240996,0.013908205841446494
2018-08-07,121.0,121.0,119.0,119.0,119.0,6505,2.036928509837764,1.9579617959937823,1.9859316600076349,1.9012394934613315,1.9012394934613315,-0.009159034138218105,-0.007919966652772012,-0.009433962264150999,-0.0075062552126772784,-0.0030160857908847136,-0.006263048016701462
2018-08-08,119.5,121.5,119.5,121.0,121.0,6505,1.94153215797616,1.989336916507699,2.0180480807726338,2.0279399164699536,2.0279399164699536,0.006655574043261207,0.0074937552039967175,0.006934812760055439,0.008333333333333333,0.01187489546746949,0.010438413361169102
2018-08-09,120.0,121.0,120.0,120.0,120.0,6505,1.973330941930028,1.9579617959937823,2.050164501537633,1.9645897049656427,1.9645897049656427,-0.004149377593360996,-0.0008326394671106938,-0.001386962552011135,-0.0006246096189881561,0.0031767262999498032,0.0023666991507726417
2018-08-10,119.5,120.5,119.5,120.5,120.5,6505,1.94153215797616,1.9265866754798655,2.0180480807726338,1.996264810717798,1.996264810717798,0.0008305647840531089,0.00291302538493545,0.002773925104022152,0.003748438150770536,0.005843071786310541,0.007104053489343872
2018-08-13,120.5,120.5,119.0,119.5,119.5,6505,2.0051297258838963,1.9265866754798655,1.9859316600076349,1.932914599213487,1.932914599213487,-0.004166666666666667,-0.005823627287853601,-0.004719600222098803,-0.004788673745575706,-0.003169836503169799,-0.0008361204013377451
2018-08-14,120.0,120.5,119.0,120.5,120.5,6505,1.973330941930028,1.9265866754798655,1.9859316600076349,1.996264810717798,1.996264810717798,0.0016625103906899655,0.002495840266222938,0.0036091060521932575,0.002704389432078243,0.004334055675945958,0.00822758332171246
2018-08-15,119.5,121.0,119.5,120.5,120.5,6505,1.94153215797616,1.9579617959937823,2.0180480807726338,1.996264810717798,1.996264810717798,0.002495840266222938,0.002495840266222938,0.003052164261931132,0.002704389432078243,0.003832055981339501,0.00682356217796961
2018-08-16,119.5,121.0,119.5,120.5,120.5,6505,1.94153215797616,1.9579617959937823,2.0180480807726338,1.996264810717798,1.996264810717798,0.0016625103906899655,0.0008305647840531089,0.002773925104022152,0.002495840266222938,0.0031635031635031253,0.006403118040089079
2018-08-17,120.0,121.0,119.5,121.0,121.0,6505,1.973330941930028,1.9579617959937823,2.0180480807726338,2.0279399164699536,2.0279399164699536,0.00498338870431889,0.00498338870431889,0.006376490158026053,0.006446246620919157,0.007326007326007288,0.009174311926605457
2018-08-20,121.5,123.5,121.0,123.5,123.5,6505,2.0687272937916323,2.1148373985633664,2.114397343067631,2.1863154452307314,2.1863154452307314,0.018976897689768953,0.024046434494195735,0.024612831858407097,0.02617366015787292,0.026600166251039094,0.028309741881765244
2018-08-21,124.0,125.0,123.5,125.0,125.0,6505,2.2277212135609727,2.2089627601051167,2.2749794468926265,2.281340762487198,2.281340762487198,0.0237510237510238,0.03135313531353133,0.034482758620689696,0.03669914990669705,0.036828135368281334,0.038781163434903086
2018-08-22,125.0,125.0,124.0,125.0,125.0,6505,2.291318781468709,2.2089627601051167,2.3070958676576256,2.281340762487198,2.281340762487198,0.016260162601626018,0.027960526315789522,0.03192074848651618,0.03434009102192806,0.03528242504555247,0.03705752212389382
2018-08-23,125.0,125.0,124.0,125.0,125.0,6505,2.291318781468709,2.2089627601051167,2.3070958676576256,2.281340762487198,2.281340762487198,0.008878127522195273,0.0237510237510238,0.028242391006306586,0.03220478943022301,0.03357036547048125,0.035196687370600416
2018-08-24,125.0,127.5,124.5,127.0,127.0,6505,2.291318781468709,2.3658383626747006,2.3392122884226243,2.4080411854958204,2.4080411854958204,0.015187849720223866,0.034623217922606926,0.041268106039901595,0.04569781803211195,0.04785478547854783,0.05002066969822238
2018-08-27,127.0,129.5,126.5,128.0,128.0,6505,2.418513917284181,2.4913388447303677,2.4676779714826207,2.4713913970001316,2.4713913970001316,0.015873015873015872,0.03559870550161817,0.04575163398692805,0.05004101722723539,0.053671386236417484,0.05567010309278351
2018-08-28,128.0,128.5,127.5,128.0,128.0,6505,2.482111485191917,2.428588603702534,2.531910813012619,2.4713913970001316,2.4713913970001316,0.011058451816745701,0.029352633695215166,0.04065040650406504,0.046820691065221784,0.05107571029725734,0.05292020839045794
2018-08-29,128.0,128.0,127.0,128.0,128.0,6505,2.482111485191917,2.3972134831886174,2.49979439224762,2.4713913970001316,2.4713913970001316,0.006289308176100607,0.02318145483613114,0.03671706263498919,0.04362005707297182,0.04814936128398293,0.05075933780270902
2018-08-30,128.0,128.0,124.5,125.0,125.0,6505,2.482111485191917,2.3972134831886174,2.3392122884226243,2.281340762487198,2.281340762487198,-0.01729559748427675,-0.004380724810832315,0.009693053311793239,0.01646676153689779,0.02190974493132772,0.024730154392676586
2018-08-31,125.5,127.0,124.5,126.0,126.0,6505,2.3231175654225766,2.334463242160784,2.3392122884226243,2.344690973991509,2.344690973991509,-0.007874015748031496,-0.00039666798889327376,0.014765100671140901,0.02251978088861843,0.028067885117493453,0.031377899045020426
2018-09-03,126.0,126.5,124.0,124.5,124.5,6505,2.354916349376445,2.303088121646867,2.3070958676576256,2.2496656567350426,2.2496656567350426,-0.014251781472684064,-0.013079667063020259,0.0,0.00911854103343465,0.01400879622088287,0.018127299986370467
2018-09-04,125.5,126.5,125.0,126.5,126.5,6505,2.3231175654225766,2.303088121646867,2.3713287091876234,2.376366079743665,2.376366079743665,0.003968253968253968,0.0015835312747426986,0.012810248198558801,0.022222222222222223,0.028288083238497838,0.03279357735746359
2018-09-05,125.0,125.5,123.5,124.0,124.0,6505,2.291318781468709,2.2403378806190335,2.2749794468926265,2.217990550982887,2.217990550982887,-0.009584664536741236,-0.017432646592710006,-0.009057005860415608,0.0008071025020177104,0.0068203962325430615,0.011144332699102963
2018-09-06,123.0,124.0,122.0,124.0,124.0,6505,2.1641236456532367,2.146212519077283,2.1786301845976292,2.217990550982887,2.217990550982887,-0.008,-0.01665344964314032,-0.010901356022334434,-0.0008058017727638543,0.005025125628140741,0.010046158023350538
2018-09-07,123.0,124.0,122.0,123.5,123.5,6505,2.1641236456532367,2.146212519077283,2.1786301845976292,2.1863154452307314,2.1863154452307314,-0.008032128514056224,-0.017892644135188866,-0.016197557089750382,-0.006036217303822937,0.00016196954972461954,0.005018310050183046
2018-09-10,124.0,125.0,122.5,124.5,124.5,6505,2.2277212135609727,2.2089627601051167,2.2107466053626283,2.2496656567350426,2.2496656567350426,0.0,-0.007177033492823012,-0.008757961783439445,0.0,0.007281553398058299,0.011646803900325058
2018-09-11,124.5,125.5,123.0,125.5,125.5,6505,2.2595199975148406,2.2403378806190335,2.2428630261276274,2.313015868239354,2.313015868239354,0.009654062751407908,0.0027966440271673535,-0.0010612894667020958,0.006012024048096192,0.013240755691910225,0.01839329185826345
2018-09-12,125.0,128.0,124.5,127.5,127.5,6505,2.291318781468709,2.3972134831886174,2.3392122884226243,2.439716291247976,2.439716291247976,0.02,0.019184652278177505,0.013513513513513537,0.019184652278177505,0.027231711247180112,0.03266738660907126
2018-09-13,127.0,133.0,127.0,133.0,133.0,6505,2.418513917284181,2.7109646883277856,2.49979439224762,2.788142454521687,2.788142454521687,0.04889589905362778,0.056393963463065876,0.0527704485488127,0.05786438655796386,0.06707317073170731,0.07301331181928195
2018-09-14,133.0,133.0,129.5,132.0,132.0,6505,2.800099324730598,2.7109646883277856,2.6603764960726153,2.724792243017376,2.724792243017376,0.027237354085603113,0.043478260869565216,0.0421052631578947,0.04533755691942185,0.05515587529976024,0.061804531438530666
2018-09-17,132.0,132.0,129.0,129.5,129.5,6505,2.736501756822862,2.648214447299952,2.628260075307616,2.566416714256598,2.566416714256598,0.0,0.01968503937007874,0.021561924796213522,0.023108828757653542,0.03187250996015936,0.039464882943143854
2018-09-18,129.0,133.0,127.5,132.5,132.5,6505,2.545709053099653,2.7109646883277856,2.531910813012619,2.7564673487695317,2.7564673487695317,0.012223071046600415,0.038401253918495346,0.042759706190975896,0.04371799921228828,0.05175424670582629,0.059717408691015744
2018-09-19,133.0,138.5,132.0,137.0,137.0,6505,2.800099324730598,3.05609101398087,2.8209585998976103,3.041543300538932,3.041543300538932,0.0316265060240963,0.0628394103956555,0.07310704960835505,0.0740885927087417,0.08180669614655717,0.09105388903636849
2018-09-20,139.0,140.0,137.0,139.0,139.0,6505,3.1816847321770148,3.1502163755226205,3.142122807547601,3.168243723547554,3.168243723547554,0.03731343283582089,0.06595092024539873,0.08087091757387252,0.08382066276803118,0.0912231119485006,0.10142630744849443
2018-09-21,140.0,148.0,140.0,147.0,147.0,6505,3.245282300084751,3.6522183037452893,3.3348213321375955,3.675045415582043,3.675045415582043,0.072992700729927,0.10734463276836158,0.13076923076923078,0.13733075435203096,0.14468151378289998,0.15672131147540988
2018-09-25,146.5,147.0,141.5,142.0,142.0,6505,3.658666491485036,3.5894680627174558,3.4311705944325928,3.3582943580604874,3.3582943580604874,0.017921146953405017,0.055762081784386616,0.08259212198221101,0.09272797229703741,0.09941158253329208,0.11082138200782272
2018-09-26,143.0,146.5,142.5,146.0,146.0,6505,3.4360750038079595,3.558092942203539,3.495403435962591,3.6116952040777317,3.6116952040777317,0.026722925457102753,0.06920541926034411,0.10216406643180673,0.11578142911730994,0.12307692307692308,0.1345680611319777
2018-09-27,146.0,149.0,145.5,148.0,148.0,6505,3.6268677075311677,3.714968544773123,3.688101960552585,3.738395627086354,3.738395627086354,0.024930747922437633,0.06782106782106787,0.1039283938339135,0.12248767538869933,0.13046135044301874,0.14197530864197536
2018-09-28,148.0,151.0,147.5,148.0,148.0,6505,3.75406284334664,3.84046902682879,3.8165676436125815,3.738395627086354,3.738395627086354,0.01231190150478804,0.05638829407566028,0.09090909090909098,0.11278195488721804,0.12257281553398056,0.13395479504533253
2018-10-01,148.5,150.5,147.0,148.5,148.5,6505,3.785861627300508,3.809093906314873,3.7844512228475824,3.7700707328385095,3.7700707328385095,0.013651877133105802,0.047619047619047616,0.08131067961165041,0.10717614165890028,0.11906556141672955,0.12985036774029923
2018-10-02,149.5,150.0,145.5,147.0,147.0,6505,3.849459195208244,3.7777187858009564,3.688101960552585,3.675045415582043,3.675045415582043,-0.003389830508474576,0.024390243902439025,0.058823529411764636,0.08687615526802218,0.10145361906189114,0.11181142064792637
2018-10-03,145.0,145.0,139.0,140.0,140.0,6505,3.5632701396234316,3.4639675806617887,3.2705884906075973,3.231593935051865,3.231593935051865,-0.04306220095693787,-0.029462738301559793,0.0014306151645206624,0.029979768254552057,0.04524413916679112,0.054878814517141765
2018-10-04,137.5,139.0,135.5,137.5,137.5,6505,3.0862883803154104,3.087466134494787,3.045773545252604,3.0732184062910872,3.0732184062910872,-0.04646324549237163,-0.0471240471240472,-0.0211200759373517,0.006588579795022004,0.02367480643240029,0.03279919879819736
2018-10-05,136.5,136.5,130.5,132.5,132.5,6505,3.0226908124076743,2.930590531925203,2.724609337602613,2.7564673487695317,2.7564673487695317,-0.06094968107725014,-0.07761921336581974,-0.056491811061001686,-0.033023170954205476,-0.015748031496063027,-0.006622516556291334
2018-10-08,131.0,134.0,129.0,133.0,133.0,6505,2.6729041889151257,2.773714929355619,2.628260075307616,2.788142454521687,2.788142454521687,-0.036231884057971016,-0.06502636203866433,-0.05338078291814947,-0.03272727272727273,-0.014084507042253563,-0.004366812227074307
2018-10-09,133.0,136.5,131.0,135.0,135.0,6505,2.800099324730598,2.930590531925203,2.756725758367612,2.9148428775303095,2.9148428775303095,-0.004424778761061905,-0.046273401624867615,-0.04164694746805495,-0.021916319507335667,-0.002364765001477928,0.008842944326815323
2018-10-11,128.0,129.0,124.0,126.5,126.5,6505,2.482111485191917,2.459963724216451,2.3070958676576256,2.376366079743665,2.376366079743665,-0.04815650865312269,-0.0938395415472779,-0.09943046986236356,-0.08383125113163128,-0.06517883535323672,-0.054323448791427954
2018-10-12,126.5,127.5,123.5,127.0,127.0,6505,2.386715133330313,2.3658383626747006,2.2749794468926265,2.4080411854958204,2.4080411854958204,-0.02905198776758418,-0.07636363636363637,-0.09155937052932768,-0.08004346251358212,-0.062315416420555214,-0.05034895314057817
2018-10-15,125.0,125.5,123.0,123.0,123.0,6505,2.291318781468709,2.2403378806190335,2.2428630261276274,2.154640339478576,2.154640339478576,-0.04577191621411952,-0.08888888888888889,-0.11340701585776061,-0.10577971646673943,-0.09158050221565735,-0.07980049875311714
2018-10-16,123.5,127.0,123.0,125.5,125.5,6505,2.1959224296071045,2.334463242160784,2.2428630261276274,2.313015868239354,2.313015868239354,-0.014913657770800672,-0.054257724189901956,-0.08594319009468325,-0.0854436145017307,-0.07366400944788892,-0.060980172091283244
2018-10-17,127.0,127.5,122.5,123.0,123.0,6505,2.418513917284181,2.3658383626747006,2.2107466053626283,2.154640339478576,2.154640339478576,-0.016,-0.05602455871066777,-0.09580985052683165,-0.1015339663988313,-0.0917146654851572,-0.07934131736526942
2018-10-18,123.0,123.5,120.5,123.0,123.0,6505,2.1641236456532367,2.1148373985633664,2.082280922302632,2.154640339478576,2.154640339478576,-0.010458567980691853,-0.0435458786936236,-0.08550185873605948,-0.09840571742715785,-0.09104345255690212,-0.07853664627294285
2018-10-19,121.0,122.0,119.5,119.5,119.5,6505,2.036928509837764,2.020712037021616,2.0180480807726338,1.932914599213487,1.932914599213487,-0.026872964169381085,-0.057570977917981055,-0.09879336349924582,-0.11840649206934718,-0.11481481481481481,-0.10375000000000006
2018-10-22,120.0,123.0,119.0,123.0,123.0,6505,1.973330941930028,2.0834622780494496,1.9859316600076349,2.154640339478576,2.154640339478576,0.0016286644951140298,-0.022646007151370634,-0.06059063136456214,-0.08719851576994433,-0.08618127786032685,-0.07726931732933241
2018-10-23,121.0,121.0,119.5,120.5,120.5,6505,2.036928509837764,1.9579617959937823,2.0180480807726338,1.996264810717798,1.996264810717798,-0.010673234811165822,-0.03290529695024073,-0.06637396694214873,-0.096870901255387,-0.10168480691814513,-0.09534534534534526
2018-10-24,120.0,122.5,119.0,120.5,120.5,6505,1.973330941930028,2.052087157535533,1.9859316600076349,1.996264810717798,1.996264810717798,-0.006595218466611683,-0.021518473406414985,-0.05341712490180674,-0.0895353230071779,-0.09926745402900285,-0.09443887775551099
2018-10-25,117.0,122.5,117.0,122.0,122.0,6505,1.7825382382068196,2.052087157535533,1.8574659769476385,2.091290127974265,2.091290127974265,0.007431874483897653,-0.005704971475142647,-0.03251387787470257,-0.06976744186046516,-0.08518296340731862,-0.0823617901466716
2018-10-26,122.5,122.5,117.0,118.5,118.5,6505,2.1323248616993684,2.052087157535533,1.8574659769476385,1.8695643877091759,1.8695643877091759,-0.01985111662531022,-0.027492819039802992,-0.05073431241655537,-0.0861769809138231,-0.1064696124264817,-0.10667169242367136
2018-10-29,118.0,119.0,117.5,118.5,118.5,6505,1.8461358061145559,1.8324613139381152,1.8895823977126376,1.8695643877091759,1.8695643877091759,-0.0125,-0.023887973640856718,-0.04358353510895888,-0.07566302652106076,-0.10091047040971177,-0.10340479192938203
2018-10-30,119.5,119.5,117.0,118.5,118.5,6505,1.94153215797616,1.863836434452032,1.8574659769476385,1.8695643877091759,1.8695643877091759,-0.009197324414715671,-0.01822700911350458,-0.03606290672451196,-0.06471981057616419,-0.0930659727537119,-0.10034164241427307
2018-10-31,119.0,122.0,119.0,122.0,122.0,6505,1.909733374022292,2.020712037021616,1.9859316600076349,2.091290127974265,2.091290127974265,0.017514595496246826,0.011608623548922104,-0.0005461496450026997,-0.027500996412913533,-0.06052672108424467,-0.07200811359026371
2018-11-01,120.0,122.0,119.5,122.0,122.0,6505,1.973330941930028,2.020712037021616,2.0180480807726338,2.091290127974265,2.091290127974265,0.017514595496246826,0.012448132780082987,0.0019162332329592194,-0.020473705339221174,-0.05352986811481773,-0.06953095207830182
2018-11-02,122.0,122.0,119.0,120.5,120.5,6505,2.1005260777455,2.020712037021616,1.9859316600076349,1.996264810717798,1.996264810717798,0.0016625103906899655,-0.0008291873963515283,-0.006868131868131829,-0.02586903799514958,-0.05712050078247259,-0.07709982129180493
2018-11-05,120.5,122.0,119.5,121.5,121.5,6505,2.0051297258838963,2.020712037021616,2.0180480807726338,2.0596150222221095,2.0596150222221095,0.004962779156327497,0.008717310087173077,0.002199615067363204,-0.01339829476248482,-0.04134448477197408,-0.0652647775355814
2018-11-06,122.0,122.0,118.5,120.5,120.5,6505,2.1005260777455,2.020712037021616,1.9538152392426358,1.996264810717798,1.996264810717798,-0.006595218466611683,0.00041511000415107646,-0.0033085194375517425,-0.01652723933891047,-0.04075784110810384,-0.0666150271107668
2018-11-07,120.0,122.0,119.5,120.0,120.0,6505,1.973330941930028,2.020712037021616,2.0180480807726338,1.9645897049656427,1.9645897049656427,-0.007444168734491362,-0.0033222591362126715,-0.005799502899751474,-0.01457606241018276,-0.0364541512766983,-0.0651778758763958
2018-11-08,121.5,122.0,119.0,119.5,119.5,6505,2.0687272937916323,2.020712037021616,1.9859316600076349,1.932914599213487,1.932914599213487,-0.0074750830564784525,-0.0054099042863088274,-0.008024349750968472,-0.015853407453160363,-0.03410927901713546,-0.06262256504118185
2018-11-09,119.5,119.5,117.0,117.0,117.0,6505,1.94153215797616,1.863836434452032,1.8574659769476385,1.774539070452709,1.774539070452709,-0.022556390977443632,-0.025,-0.027431421446384018,-0.03245813520777339,-0.04800650935720102,-0.07473309608540928
2018-11-12,116.5,117.5,113.5,117.0,117.0,6505,1.7507394542529515,1.7383359523963648,1.632651031592645,1.774539070452709,1.774539070452709,-0.015151515151515128,-0.023779724655819727,-0.024186822351960013,-0.03005181347150259,-0.043179587831207074,-0.06710963455149505
2018-11-13,114.0,115.5,113.0,113.0,113.0,6505,1.5917455344836111,1.6128354703406975,1.600534610827646,1.5211382244354648,1.5211382244354648,-0.03665814151747653,-0.052808046940486145,-0.05360134003350088,-0.058333333333333334,-0.06980572933816269,-0.0904212503353904
2018-11-14,113.5,114.0,109.0,111.0,111.0,6505,1.559946750529743,1.5187101087989472,1.3436032447076536,1.3944378014268424,1.3944378014268424,-0.03896103896103896,-0.06091370558375637,-0.06539433062026381,-0.07035175879396989,-0.07899103883172914,-0.0978054727716066
2018-11-15,111.0,112.5,110.0,111.0,111.0,6505,1.4009528307604027,1.4245847472571969,1.4078360862376516,1.3944378014268424,1.3944378014268424,-0.024604569420035124,-0.05209222886421857,-0.05958768709404122,-0.06565656565656564,-0.07422852376980822,-0.09066084107045327
2018-11-16,112.0,113.0,110.0,112.0,112.0,6505,1.464550398668139,1.4559598677711136,1.4078360862376516,1.4577880129311536,1.4577880129311536,-0.007092198581560258,-0.03655913978494624,-0.047619047619047575,-0.054253747097318956,-0.06119027661357919,-0.07603464870067374
2018-11-19,112.5,115.0,112.0,115.0,115.0,6505,1.496349182622007,1.5814603498267807,1.536301769297648,1.647838647444087,1.647838647444087,0.02313167259786472,-0.005190311418685072,-0.02016472593013343,-0.025630163101037964,-0.03345100016809551,-0.04669798286819569
2018-11-20,115.0,116.0,113.5,115.0,115.0,6505,1.6553431023913474,1.6442105908546143,1.632651031592645,1.647838647444087,1.647838647444087,0.019503546099290805,-0.0004345936549326133,-0.018212862834376835,-0.02335456475583864,-0.030026990553306362,-0.04193279644543181
2018-11-21,113.0,113.0,111.0,112.0,112.0,6505,1.528147966575875,1.4559598677711136,1.4720689277676497,1.4577880129311536,1.4577880129311536,-0.008849557522123894,-0.019693654266958426,-0.03835145964510591,-0.045386746217771175,-0.05181171689806979,-0.06092789267747344
2018-11-22,113.0,115.0,112.5,115.0,115.0,6505,1.528147966575875,1.5814603498267807,1.568418190062647,1.647838647444087,1.647838647444087,0.010544815465729374,0.010544815465729374,-0.008620689655172414,-0.01688394956187215,-0.023769100169779265,-0.03266507780737423
2018-11-23,114.5,115.0,112.5,113.5,113.5,6505,1.6235443184374792,1.5814603498267807,1.568418190062647,1.5528133301876201,1.5528133301876201,-0.0052585451358457,0.00044072278536797844,-0.017599538372763977,-0.02762904262154632,-0.03453555631167066,-0.04165493948775686
2018-11-26,112.5,116.0,112.0,112.5,112.5,6505,1.496349182622007,1.6442105908546143,1.536301769297648,1.4894631186833092,1.4894631186833092,-0.009683098591549246,-0.004424778761061947,-0.021171693735498872,-0.03371269057333045,-0.0396107222127369,-0.04728299223712064
2018-11-27,113.0,113.5,112.0,113.0,113.0,6505,1.528147966575875,1.4873349882850304,1.536301769297648,1.5211382244354648,1.5211382244354648,-0.001766784452296845,0.0,-0.012525487911447745,-0.02712010331467934,-0.032865457035261926,-0.03966005665722384
2018-11-28,112.5,115.0,111.5,114.0,114.0,6505,1.496349182622007,1.5814603498267807,1.5041853485326488,1.5844884359397757,1.5844884359397757,0.0035211267605634307,0.006178287731685815,-0.00029231218941828214,-0.01511879049676026,-0.022130725681935137,-0.02868503266117575
2018-11-29,115.0,115.0,111.0,111.0,111.0,6505,1.6553431023913474,1.5814603498267807,1.4720689277676497,1.3944378014268424,1.3944378014268424,-0.015957446808510613,-0.020300088261253284,-0.021739130434782625,-0.036458333333333356,-0.04425693128982263,-0.05101168424052438
2018-11-30,112.0,114.0,111.0,111.5,111.5,6505,1.464550398668139,1.5187101087989472,1.4720689277676497,1.426112907178998,1.426112907178998,-0.00800711743772247,-0.01545253863134658,-0.014146772767462373,-0.02832244008714597,-0.037631624374244776,-0.04455869751499574
2018-12-03,113.0,116.0,112.5,115.5,115.5,6505,1.528147966575875,1.6442105908546143,1.568418190062647,1.6795137531962425,1.6795137531962425,0.022123893805309734,0.019417475728155366,0.022123893805309734,0.009174311926605479,-0.002073613271124891,-0.008158007728638925
2018-12-04,113.5,114.5,112.5,112.5,112.5,6505,1.559946750529743,1.550085229312864,1.568418190062647,1.4894631186833092,1.4894631186833092,-0.0035429583702391997,-0.004865103936311342,-0.004131012097964018,-0.013590530469092478,-0.025974025974025976,-0.03170276861282459
2018-12-05,112.0,113.5,112.0,113.0,113.0,6505,1.464550398668139,1.4873349882850304,1.536301769297648,1.5211382244354648,1.5211382244354648,0.0026619343389529472,-0.001325673884224531,-0.0008841732979663512,-0.006156552330694836,-0.01858606913322912,-0.025301897642323205
2018-12-06,113.0,113.0,110.0,110.5,110.5,6505,1.528147966575875,1.4559598677711136,1.4078360862376516,1.3627626956746868,1.3627626956746868,-0.018650088809946664,-0.01952085181898849,-0.022700471698113175,-0.024282560706401765,-0.03644925008719922,-0.0437040242319342
2018-12-07,111.5,113.0,111.0,113.0,113.0,6505,1.432751614714271,1.4559598677711136,1.4720689277676497,1.5211382244354648,1.5211382244354648,0.000885739592559737,0.003106968486462444,-0.001178550383028933,-0.00044228217602828093,-0.012065046336772123,-0.020514302224790466
2018-12-10,113.0,113.5,112.0,113.0,113.0,6505,1.528147966575875,1.4873349882850304,1.536301769297648,1.5211382244354648,1.5211382244354648,0.005338078291814896,0.0026619343389529472,0.0,0.0013291980505095763,-0.00911960715538413,-0.01895528867023589
2018-12-11,113.0,113.0,112.0,112.0,112.0,6505,1.528147966575875,1.4559598677711136,1.536301769297648,1.4577880129311536,1.4577880129311536,-0.0026714158504006873,-0.005328596802841868,-0.007092198581560258,-0.007092198581560258,-0.01495162708883028,-0.02580458103798204
2018-12-12,113.0,113.0,111.0,112.5,112.5,6505,1.528147966575875,1.4559598677711136,1.4720689277676497,1.4894631186833092,1.4894631186833092,0.002673796791443825,0.0004446420631391477,-0.0029542097488921295,-0.0033222591362126247,-0.007936507936507986,-0.01875272568687314
2018-12-13,112.5,113.0,112.0,113.0,113.0,6505,1.496349182622007,1.4559598677711136,1.536301769297648,1.5211382244354648,1.5211382244354648,0.0026619343389529472,0.003106968486462444,0.0026619343389529472,0.00022128789555216362,-0.001237404984974373,-0.01180585920419759
2018-12-14,112.5,113.0,110.5,111.0,111.0,6505,1.496349182622007,1.4559598677711136,1.4399525070026507,1.3944378014268424,1.3944378014268424,-0.011576135351736395,-0.014209591474245066,-0.013625592417061594,-0.017046712419747596,-0.01682905225863601,-0.026600409237065168
2018-12-17,112.0,112.5,111.0,112.5,112.5,6505,1.464550398668139,1.4245847472571969,1.4720689277676497,1.4894631186833092,1.4894631186833092,0.002673796791443825,0.001780943900267167,-0.00029620853080567037,-0.002659574468085081,-0.0019517388218594648,-0.010844079718640102
2018-12-18,111.5,112.0,110.5,110.5,110.5,6505,1.432751614714271,1.39320962674328,1.4399525070026507,1.3627626956746868,1.3627626956746868,-0.012511170688114437,-0.014272970561998166,-0.016612281222189204,-0.018432156340217658,-0.01882436512164806,-0.025573192239858954
2018-12-19,110.0,111.5,109.5,111.5,111.5,6505,1.3373552628526666,1.3618345062293633,1.3757196654726527,1.426112907178998,1.426112907178998,-0.001790510295434224,-0.0040196516301920756,-0.006238859180035676,-0.009329187027987537,-0.010120738636363641,-0.014292028878738707
2018-12-20,111.0,111.5,109.5,109.5,109.5,6505,1.4009528307604027,1.3618345062293633,1.3757196654726527,1.2994124841703758,1.2994124841703758,-0.013513513513513514,-0.021010281627179207,-0.02319357716324705,-0.024716098864395505,-0.027358322970332194,-0.029111866410521634
2018-12-21,109.0,109.5,108.0,109.0,109.0,6505,1.2737576949449305,1.236334024173696,1.2793704031776554,1.2677373784182202,1.2677373784182202,-0.014466546112115682,-0.02198295199641097,-0.02620607504466948,-0.027219991075412737,-0.030766494753690147,-0.03125462894386016
2018-12-22,108.5,108.5,107.5,107.5,107.5,6505,1.2419589109910625,1.1735837831458624,1.2472539824126563,1.1727120611617534,1.1727120611617534,-0.019160583941605788,-0.03065825067628499,-0.03500897666068228,-0.038461538461538436,-0.041547788873038484,-0.04188948306595368
2018-12-24,107.0,107.5,104.0,104.5,104.5,6505,1.1465625591294581,1.1108335421180289,1.0224390370576628,0.9826614266488201,0.9826614266488201,-0.03597785977859784,-0.051293690422151664,-0.05742633794347559,-0.06172839506172839,-0.0647932700912833,-0.06626954579300079
2018-12-25,101.5,103.5,100.5,103.0,103.0,6505,0.7967759356369094,0.8598325780066944,0.7976240917026695,0.8876361093923534,0.8876361093923534,-0.03467666354264295,-0.056776556776556804,-0.06533575317604358,-0.07060681254229643,-0.07523792422337938,-0.07747424988804304
2018-12-26,103.0,104.0,103.0,103.0,103.0,6505,0.8921722874985136,0.8912076985206112,0.9582061955276647,0.8876361093923534,0.8876361093923534,-0.022770398481973486,-0.0480591497227357,-0.06107566089334551,-0.06724020828616706,-0.0712353471596033,-0.07526559928175974
2018-12-27,106.0,109.5,104.5,109.5,109.5,6505,1.082964991221722,1.236334024173696,1.054555457822662,1.2994124841703758,1.2994124841703758,0.037914691943127965,0.013419713095789014,0.00030450669914736393,-0.00747790618626787,-0.011197399313707739,-0.01617250673854445
2018-12-28,108.0,110.0,107.5,109.0,109.0,6505,1.2101601270371942,1.2677091446876128,1.2472539824126563,1.2677373784182202,1.2677373784182202,0.030245746691871484,0.012070566388115107,-0.0018315018315018575,-0.00909090909090909,-0.014466546112115682,-0.01890189018901885
2019-01-02,107.5,108.5,102.5,103.0,103.0,6505,1.1783613430833262,1.1735837831458624,0.9260897747626657,0.8876361093923534,0.8876361093923534,-0.023696682464454975,-0.036933146330060805,-0.05156537753222831,-0.0595754393973979,-0.06533575317604358,-0.06955736224028909
2019-01-03,103.0,104.5,101.5,104.0,104.0,6505,0.8921722874985136,0.9225828190345281,0.8618569332326675,0.9509863208966646,0.9509863208966646,-0.016083254493850545,-0.020715630885122436,-0.037334156124652865,-0.04652761861104747,-0.05282331511839706,-0.058255357681859375
2019-01-04,104.0,105.0,102.5,104.5,104.5,6505,0.9557698554062497,0.9539579395484449,0.9260897747626657,0.9826614266488201,0.9826614266488201,-0.014150943396226415,-0.011352885525070982,-0.027605459057071978,-0.03930131004366817,-0.04601058973890822,-0.05071915215745643
2019-01-07,106.5,109.0,106.0,109.0,109.0,6505,1.11476377517559,1.2049589036597792,1.1509047201176592,1.2677373784182202,1.2677373784182202,0.029272898961284176,0.0312204351939451,0.015527950310559051,0.003914344922864353,-0.004020467836257289,-0.008489993935718651
2019-01-08,109.0,110.0,105.5,107.5,107.5,6505,1.2737576949449305,1.2677091446876128,1.11878829935266,1.1727120611617534,1.1727120611617534,0.017992424242424296,0.017029328287606407,0.004672897196261682,-0.00738688827331484,-0.014846041055718516,-0.02064986334649255
2019-01-09,108.5,114.0,107.0,114.0,114.0,6505,1.2419589109910625,1.5187101087989472,1.2151375616476572,1.5844884359397757,1.5844884359397757,0.05751391465677183,0.06891701828410683,0.06310226919490207,0.051660516605166,0.04414727972156066,0.03825136612021861
2019-01-10,113.5,114.0,110.5,111.5,111.5,6505,1.559946750529743,1.5187101087989472,1.4399525070026507,1.426112907178998,1.426112907178998,0.020128087831656018,0.037209302325581395,0.039788622940627905,0.0290724503922474,0.021810850439882654,0.01625398754367308
2019-01-11,111.0,112.5,110.5,110.5,110.5,6505,1.4009528307604027,1.4245847472571969,1.4399525070026507,1.3627626956746868,1.3627626956746868,0.0,0.020785219399538105,0.02982292637465054,0.021021021021021075,0.012646627565982362,0.007292616226071077
2019-01-14,111.5,112.5,109.0,109.5,109.5,6505,1.432751614714271,1.4245847472571969,1.3436032447076536,1.2994124841703758,1.2994124841703758,-0.009945750452079516,0.011547344110854504,0.020186335403726753,0.012482662968099809,0.0047715177096714625,-0.001216175129218668
2019-01-15,110.5,111.5,110.0,111.0,111.0,6505,1.3691540468065346,1.3618345062293633,1.4078360862376516,1.3944378014268424,1.3944378014268424,-0.002695417789757387,0.023513139695712282,0.031918190269600286,0.027064538514920168,0.019283746556473778,0.01385294565382858
2019-01-16,110.0,110.5,109.0,109.0,109.0,6505,1.3373552628526666,1.2990842652015295,1.3436032447076536,1.2677373784182202,1.2677373784182202,-0.011786038077969149,-0.0004585052728106113,0.01050679851668733,0.009259259259259259,0.002022430593859155,-0.003352636391344042
2019-01-17,109.0,110.0,108.5,109.0,109.0,6505,1.2737576949449305,1.2677091446876128,1.3114868239426545,1.2677373784182202,1.2677373784182202,-0.007285974499089227,-0.00502053856686442,0.006773399014778334,0.010428736964078795,0.0033136966126656796,-0.0021361000915471554
2019-01-18,110.0,111.0,109.0,110.5,110.5,6505,1.3373552628526666,1.3304593857154465,1.3436032447076536,1.3627626956746868,1.3627626956746868,0.006375227686703123,0.003177485247389871,0.01593625498007969,0.023859161454713947,0.018057858853878696,0.011595971925541645
2019-01-21,111.5,112.5,111.0,112.0,112.0,6505,1.432751614714271,1.4245847472571969,1.4720689277676497,1.4577880129311536,1.4577880129311536,0.015412511332728947,0.014033499320959684,0.028151774785801678,0.036317372195234766,0.031497513354208896,0.025641025641025616
2019-01-22,112.0,112.5,110.0,111.0,111.0,6505,1.464550398668139,1.4245847472571969,1.4078360862376516,1.3944378014268424,1.3944378014268424,0.006346328195829582,0.0018050541516245744,0.01772616136919319,0.025404157043879907,0.02285293033542208,0.01710445937690892
2019-01-23,110.0,111.0,109.5,110.0,110.0,6505,1.3373552628526666,1.3304593857154465,1.3757196654726527,1.3310875899225314,1.3310875899225314,-0.004524886877828055,-0.0036231884057971527,0.004260499087035927,0.013591338401289971,0.013824884792626729,0.00855745721271397
2019-01-24,110.0,110.5,107.0,107.5,107.5,6505,1.3373552628526666,1.2990842652015295,1.2151375616476572,1.1727120611617534,1.1727120611617534,-0.024500907441016358,-0.022727272727272728,-0.02064986334649255,-0.011494252873563218,-0.007753369023444742,-0.01285583103764927
2019-01-25,107.5,109.5,107.5,108.5,108.5,6505,1.1783613430833262,1.236334024173696,1.2472539824126563,1.2360622726660646,1.2360622726660646,-0.01183970856102001,-0.01183970856102001,-0.013935171160254452,-0.004815409309791384,0.001846722068328743,-0.0022988505747126436
2019-01-28,109.0,110.0,108.5,110.0,110.0,6505,1.2737576949449305,1.2677091446876128,1.3114868239426545,1.3310875899225314,1.3310875899225314,0.005484460694698302,0.001365498406918577,-0.0009082652134422736,0.008711600183402135,0.01532213402252166,0.011804384485666087
2019-01-29,109.0,109.5,107.5,108.5,108.5,6505,1.2737576949449305,1.236334024173696,1.2472539824126563,1.2360622726660646,1.2360622726660646,-0.0036730945821855433,-0.010036496350364911,-0.015128593040847243,-0.004815409309791384,0.0011072153533862757,-0.0007674597083652672
2019-01-30,109.0,109.5,107.5,107.5,107.5,6505,1.2737576949449305,1.236334024173696,1.2472539824126563,1.1727120611617534,1.1727120611617534,-0.00830258302583031,-0.01781635449977161,-0.020352369380315927,-0.016018306636155607,-0.009216589861751152,-0.009064372407435867
2019-02-11,108.5,109.5,106.5,106.5,106.5,6505,1.2419589109910625,1.236334024173696,1.1830211408826583,1.1093618496574424,1.1093618496574424,-0.01571164510166361,-0.024725274725274752,-0.026508226691042098,-0.026285714285714287,-0.01969808541973491,-0.016771811047853483
2019-02-12,107.0,109.0,107.0,109.0,109.0,6505,1.1465625591294581,1.2049589036597792,1.2151375616476572,1.2677373784182202,1.2677373784182202,0.006463527239150535,-0.0004585052728106113,-0.0027447392497712457,-0.005474452554744474,0.0011021307861866694,0.006463527239150535
2019-02-13,109.5,109.5,107.0,108.5,108.5,6505,1.3055564788987986,1.236334024173696,1.2151375616476572,1.2360622726660646,1.2360622726660646,0.004629629629629629,-0.0018399264029439082,-0.006713457430576756,-0.009810631987223388,-0.0031238515251745995,0.00200092350315532
2019-02-14,108.5,113.5,108.5,112.0,112.0,6505,1.2419589109910625,1.4873349882850304,1.3114868239426545,1.4577880129311536,1.4577880129311536,0.03035878564857403,0.02941176470588238,0.02470265324794147,0.020036429872495473,0.02790014684287818,0.03289271441746077
2019-02-15,111.0,114.0,111.0,112.0,112.0,6505,1.4009528307604027,1.5187101087989472,1.4720689277676497,1.4577880129311536,1.4577880129311536,0.021897810218978155,0.027522935779816515,0.0228310502283105,0.020966271649954394,0.024515184778631606,0.030516791903082312
2019-02-18,113.5,116.5,113.0,115.5,115.5,6505,1.559946750529743,1.6755857113685313,1.600534610827646,1.6795137531962425,1.6795137531962425,0.036804308797127414,0.05191256830601096,0.05063674954517886,0.0509554140127388,0.05210420841683366,0.058661778185151295
2019-02-19,116.0,116.5,115.0,115.0,115.0,6505,1.7189406702990835,1.6755857113685313,1.7290002938876423,1.647838647444087,1.647838647444087,0.021314387211367726,0.041195110909913964,0.043241608708799506,0.04426787741203178,0.04355716878402901,0.0502283105022831
2019-02-20,115.5,116.5,115.0,116.0,116.0,6505,1.6871418863452154,1.6755857113685313,1.7290002938876423,1.7111888589483981,1.7111888589483981,0.016652059596844924,0.04457451598379111,0.049773755656108594,0.05024898143956539,0.04996379435191886,0.05726872246696033
2019-02-21,116.0,117.0,115.5,116.5,116.5,6505,1.7189406702990835,1.706960831882448,1.7611167146526414,1.7428639647005537,1.7428639647005537,0.013043478260869565,0.04157353598569518,0.05081178592904396,0.052156242944231254,0.051064597618188344,0.059411943013034235
2019-02-22,116.0,116.5,114.0,115.0,115.0,6505,1.7189406702990835,1.6755857113685313,1.6647674523576441,1.647838647444087,1.647838647444087,-0.005190311418685072,0.021314387211367726,0.03417266187050357,0.03580274712902494,0.0371572871572872,0.04198127453941414
2019-02-25,115.5,116.5,115.0,116.0,116.0,6505,1.6871418863452154,1.6755857113685313,1.7290002938876423,1.7111888589483981,1.7111888589483981,0.0025929127052722314,0.021576398062527546,0.03787652848195647,0.04152637485970819,0.04448046101206553,0.04724646403851942
2019-02-26,115.5,117.5,115.5,117.0,117.0,6505,1.6871418863452154,1.7383359523963648,1.7611167146526414,1.774539070452709,1.774539070452709,0.007751937984496173,0.023174464363795416,0.0415430267062315,0.04744852282900624,0.051024074739489826,0.052315994603507686
2019-02-27,117.0,118.0,116.5,116.5,116.5,6505,1.7825382382068196,1.7697110729102816,1.8253495561826394,1.7428639647005537,1.7428639647005537,0.002581755593803762,0.011723838471558787,0.0331067100206917,0.04087558633013181,0.04390681003584235,0.04546814238707744
2019-03-04,117.5,117.5,115.0,116.5,116.5,6505,1.8143370221606876,1.7383359523963648,1.7290002938876423,1.7428639647005537,1.7428639647005537,0.002581755593803762,0.0077854671280277316,0.028243601059135065,0.038324420677361824,0.04185297800035778,0.04266109785202863
2019-03-05,116.0,117.0,115.5,116.5,116.5,6505,1.7189406702990835,1.706960831882448,1.7611167146526414,1.7428639647005537,1.7428639647005537,0.0,0.003877638948729021,0.02282704126426685,0.035325483225949736,0.03906528719229393,0.04188403636905653
2019-03-06,116.5,118.0,116.5,117.5,117.5,6505,1.7507394542529515,1.7697110729102816,1.8253495561826394,1.8062141762048647,1.8062141762048647,0.005993150684931532,0.010752688172043012,0.025007269555103167,0.03959301039593005,0.04481593455450833,0.04895104895104896
2019-03-07,116.5,117.5,116.0,116.5,116.5,6505,1.7507394542529515,1.7383359523963648,1.7932331354176405,1.7428639647005537,1.7428639647005537,-0.0017137960582690904,0.0008591065292095731,0.011870295309785697,0.02711042539122771,0.03371783496007096,0.038170206445863636
2019-03-08,116.0,117.0,115.5,116.0,116.0,6505,1.7189406702990835,1.706960831882448,1.7611167146526414,1.7111888589483981,1.7111888589483981,-0.005145797598627739,-0.0034364261168385365,0.0031709426347650044,0.020004396570674925,0.027822080453659408,0.03172250222353984
2019-03-11,115.0,116.5,115.0,115.0,115.0,6505,1.6553431023913474,1.6755857113685313,1.7290002938876423,1.647838647444087,1.647838647444087,-0.011177987962166786,-0.010752688172043012,-0.007194244604316506,0.008329679964927688,0.017519023181737783,0.021616819662422303
2019-03-12,115.5,116.0,115.0,115.0,115.0,6505,1.6871418863452154,1.6442105908546143,1.7290002938876423,1.647838647444087,1.647838647444087,-0.008620689655172414,-0.010752688172043012,-0.008905486929043362,0.005025125628140729,0.015721603956898086,0.019804906887378074
2019-03-13,115.0,115.5,113.5,113.5,113.5,6505,1.6553431023913474,1.6128354703406975,1.632651031592645,1.5528133301876201,1.5528133301876201,-0.014756944444444468,-0.021551724137931036,-0.02070750647109582,-0.011108690917011593,0.0003525471531817932,0.005166051660516563
2019-03-14,113.0,113.5,111.5,112.0,112.0,6505,1.528147966575875,1.4873349882850304,1.5041853485326488,1.4577880129311536,1.4577880129311536,-0.0201224846894138,-0.030303030303030304,-0.03197925669835785,-0.025451381335653663,-0.014084507042253471,-0.008557096488639733
2019-03-15,111.0,116.5,110.5,116.0,116.0,6505,1.4009528307604027,1.6755857113685313,1.4399525070026507,1.7111888589483981,1.7111888589483981,0.014873140857392851,0.004763967085318295,0.0025929127052722314,0.006071118820468368,0.018973998594518593,0.025641025641025692
2019-03-18,115.0,116.5,114.0,116.5,116.5,6505,1.6553431023913474,1.6755857113685313,1.6647674523576441,1.7428639647005537,1.7428639647005537,0.016579406631762703,0.009094846253789495,0.006914433880725991,0.008439731659813843,0.020497547302032265,0.028394880094159206
2019-03-19,115.5,116.0,114.0,114.5,114.5,6505,1.6871418863452154,1.6442105908546143,1.6647674523576441,1.6161635416919313,1.6161635416919313,0.0,-0.006507592190889371,-0.010086455331412144,-0.009943795936013883,0.0005242922055225644,0.009403467528651156
2019-03-20,114.5,115.0,113.5,114.5,114.5,6505,1.6235443184374792,1.5814603498267807,1.632651031592645,1.6161635416919313,1.6161635416919313,-0.0017436791630340265,-0.003914745541539824,-0.009229881742140147,-0.009515570934256007,-0.0022655977692576253,0.0073313782991201925
2019-03-21,115.0,115.5,113.5,114.5,114.5,6505,1.6553431023913474,1.6128354703406975,1.632651031592645,1.6161635416919313,1.6161635416919313,-0.006076388888888913,-0.002178649237472767,-0.007798960138648229,-0.009301319489509002,-0.004174639067663976,0.005562060889929801
2019-03-22,115.0,116.0,114.5,115.5,115.5,6505,1.6553431023913474,1.6442105908546143,1.6968838731226432,1.6795137531962425,1.6795137531962425,0.0034752389226759836,0.006974716652135982,0.0014450867052023533,-0.000432713111207245,0.0020822488287349896,0.012713722051731722
2019-03-25,114.0,115.0,113.0,113.5,113.5,6505,1.5917455344836111,1.5814603498267807,1.600534610827646,1.5528133301876201,1.5528133301876201,-0.008733624454148471,-0.0091663029244871,-0.014186450492183034,-0.016464471403812873,-0.015782171349288877,-0.006274624252152358
2019-03-26,114.0,115.0,113.5,114.0,114.0,6505,1.5917455344836111,1.5814603498267807,1.632651031592645,1.5844884359397757,1.5844884359397757,-0.003496503496503546,-0.003931847968545241,-0.008408234270803148,-0.011703511053315947,-0.012131715771230551,-0.0037867754150888765
2019-03-27,114.5,115.0,113.5,114.0,114.0,6505,1.6235443184374792,1.5814603498267807,1.632651031592645,1.5844884359397757,1.5844884359397757,-0.002624671916010474,-0.004366812227074236,-0.006391632771644401,-0.010845986984815618,-0.01161782555921626,-0.005958436273797446
2019-03-28,114.0,114.0,113.5,113.5,113.5,6505,1.5917455344836111,1.5187101087989472,1.632651031592645,1.5528133301876201,1.5528133301876201,-0.0052585451358457,-0.01003052769297868,-0.009022118742724081,-0.01368672604822944,-0.015440666204024992,-0.011611030478954967
2019-03-29,114.0,115.5,113.5,115.5,115.5,6505,1.5917455344836111,1.6128354703406975,1.632651031592645,1.6795137531962425,1.6795137531962425,0.012269938650306799,0.007853403141361306,0.008733624454148471,0.004129537057161437,0.0020822488287349896,0.0037659327925840423
2019-04-01,115.5,116.0,113.5,113.5,113.5,6505,1.6871418863452154,1.6442105908546143,1.632651031592645,1.5528133301876201,1.5528133301876201,-0.0052585451358457,-0.006999125109361305,-0.007867132867132916,-0.011969532100108813,-0.014243529616119511,-0.014043723758505806
2019-04-02,114.0,115.0,113.5,113.5,113.5,6505,1.5917455344836111,1.5814603498267807,1.632651031592645,1.5528133301876201,1.5528133301876201,-0.0043859649122807015,-0.006129597197898448,-0.006999125109361305,-0.010677707561560204,-0.013729579423010065,-0.014471780028943601
2019-04-03,114.0,114.5,113.5,114.5,114.5,6505,1.5917455344836111,1.550085229312864,1.632651031592645,1.6161635416919313,1.6161635416919313,0.0035056967572305495,0.002626970227670728,0.0011658408627222964,-0.0006545930613135748,-0.004520952877760355,-0.005500868558193457
2019-04-08,115.0,115.0,113.5,113.5,113.5,6505,1.6553431023913474,1.5814603498267807,1.632651031592645,1.5528133301876201,1.5528133301876201,-0.0052585451358457,-0.0052585451358457,-0.008444962143273168,-0.008083897749617628,-0.012012534818941465,-0.013758146270818207
2019-04-09,113.5,114.5,113.5,114.5,114.5,6505,1.559946750529743,1.550085229312864,1.632651031592645,1.6161635416919313,1.6161635416919313,0.005267778753292311,0.0043859649122807015,0.0011658408627222964,0.0013117621337997874,-0.0026132404181184424,-0.004636337293538089
2019-04-10,114.0,114.5,113.5,114.5,114.5,6505,1.5917455344836111,1.550085229312864,1.632651031592645,1.6161635416919313,1.6161635416919313,0.0035056967572305495,0.0035056967572305495,0.002334403268164567,0.0015307238136890195,-0.0019177126917712592,-0.0040591475790084245
2019-04-11,114.0,114.0,113.0,113.0,113.0,6505,1.5917455344836111,1.5187101087989472,1.600534610827646,1.5211382244354648,1.5211382244354648,-0.008771929824561403,-0.008771929824561403,-0.009929906542056133,-0.010724447362661364,-0.013789492057950763,-0.016536118363794653
2019-04-12,113.0,114.0,113.0,113.5,113.5,6505,1.528147966575875,1.5187101087989472,1.600534610827646,1.5528133301876201,1.5528133301876201,-0.0026362038664323123,-0.003949100482667862,-0.0049678550555230525,-0.006347121908513848,-0.008040552350987605,-0.01146755697488747
2019-04-15,114.0,114.0,113.0,113.5,113.5,6505,1.5917455344836111,1.5187101087989472,1.600534610827646,1.5528133301876201,1.5528133301876201,-0.0026362038664323123,-0.003949100482667862,-0.0043859649122807015,-0.006999125109361305,-0.006999125109361305,-0.010462074978204035
2019-04-16,113.0,114.5,113.0,114.5,114.5,6505,1.528147966575875,1.550085229312864,1.600534610827646,1.6161635416919313,1.6161635416919313,0.006151142355008812,0.005709266578831846,0.004973668812170827,0.0024075289997811835,0.002275910364145703,-0.001163128816516487
2019-04-17,114.5,116.0,113.0,115.0,115.0,6505,1.6235443184374792,1.6442105908546143,1.600534610827646,1.647838647444087,1.647838647444087,0.009657594381035946,0.008771929824561403,0.00847705349313068,0.0074463425317564105,0.006652661064425815,0.003636363636363678
2019-04-18,115.0,116.0,113.5,114.5,114.5,6505,1.6553431023913474,1.6442105908546143,1.632651031592645,1.6161635416919313,1.6161635416919313,0.002626970227670728,0.0035056967572305495,0.003798947983635334,0.0030661410424879043,0.002451409560497296,-0.00014553922282054186
2019-04-19,114.5,115.0,113.0,113.5,113.5,6505,1.6235443184374792,1.5814603498267807,1.600534610827646,1.5528133301876201,1.5528133301876201,-0.006129597197898448,-0.0043859649122807015,-0.004676995030692763,-0.0052585451358457,-0.006303624584135868,-0.007722570304531604
2019-04-22,114.0,114.5,113.5,114.0,114.0,6505,1.5917455344836111,1.550085229312864,1.632651031592645,1.5844884359397757,1.5844884359397757,-0.002624671916010474,-0.0004384042086803784,-0.0005844535359438592,-0.0006574621959237592,-0.002624671916010474,-0.002624671916010474
2019-04-23,114.5,115.5,114.0,115.5,115.5,6505,1.6235443184374792,1.6128354703406975,1.6647674523576441,1.6795137531962425,1.6795137531962425,0.008733624454148471,0.011826544021024918,0.012565751022793722,0.012491781722550927,0.010675533776688824,0.010646055126148479
2019-04-24,116.0,116.0,115.0,115.0,115.0,6505,1.7189406702990835,1.6442105908546143,1.7290002938876423,1.647838647444087,1.647838647444087,0.004366812227074236,0.007005253940455316,0.007299270072992659,0.0074463425317564105,0.006828926632813878,0.0062709639784162335
2019-04-25,114.5,115.0,114.5,115.0,115.0,6505,1.6235443184374792,1.5814603498267807,1.6968838731226432,1.647838647444087,1.647838647444087,0.0034904013961606084,0.005244755244755195,0.006417736289381572,0.007005253940455316,0.006652661064425815,0.0062709639784162335
2019-04-26,114.0,115.0,114.0,115.0,115.0,6505,1.5917455344836111,1.5814603498267807,1.6647674523576441,1.647838647444087,1.647838647444087,0.000870322019147035,0.003928415539065935,0.006124234470691188,0.006564551422319475,0.006476457202870601,0.005830903790087505
2019-04-29,114.5,115.0,114.0,115.0,115.0,6505,1.6235443184374792,1.5814603498267807,1.6647674523576441,1.647838647444087,1.647838647444087,-0.0008688097306689341,0.0026155187445509776,0.005244755244755195,0.0059042204242291466,0.006300315015750777,0.004951937081269993
2019-04-30,115.0,115.0,114.5,114.5,114.5,6505,1.6553431023913474,1.5814603498267807,1.6968838731226432,1.6161635416919313,1.6161635416919313,-0.003481288076588387,-0.0017436791630340265,0.0008741258741258244,0.001968934587617539,0.002275910364145703,0.0010199621156927877
2019-05-02,114.5,115.5,114.5,115.0,115.0,6505,1.6235443184374792,1.6128354703406975,1.6968838731226432,1.647838647444087,1.647838647444087,0.000870322019147035,0.0026155187445509776,0.004951937081269993,0.005684302579798913,0.006124234470691188,0.005830903790087505
2019-05-03,115.0,115.5,114.5,115.5,115.5,6505,1.6553431023913474,1.6128354703406975,1.6968838731226432,1.6795137531962425,1.6795137531962425,0.004347826086956522,0.006097560975609781,0.007853403141361306,0.009174311926605479,0.0099685204616999,0.009909647333139085
2019-05-06,114.5,114.5,112.5,113.0,113.0,6505,1.6235443184374792,1.550085229312864,1.568418190062647,1.5211382244354648,1.5211382244354648,-0.013961605584642186,-0.015250544662309368,-0.01367471632237413,-0.012021857923497269,-0.011546536039188185,-0.011517713952471174
2019-05-07,113.0,114.0,112.5,113.0,113.0,6505,1.528147966575875,1.5187101087989472,1.568418190062647,1.5211382244354648,1.5211382244354648,-0.010507880910683037,-0.014391626689925911,-0.013387660069848645,-0.01180585920419759,-0.011373578302712137,-0.011085180863477238
2019-05-08,112.5,112.5,110.0,110.5,110.5,6505,1.496349182622007,1.4245847472571969,1.4078360862376516,1.3627626956746868,1.3627626956746868,-0.025573192239858954,-0.031975470871660146,-0.032963827304550754,-0.031975470871660146,-0.031551270815074445,-0.031551270815074445
2019-05-09,110.0,110.5,107.0,107.0,107.0,6505,1.3373552628526666,1.2990842652015295,1.2151375616476572,1.1410369554095978,1.1410369554095978,-0.04293381037567082,-0.05602117335685924,-0.05920281359906214,-0.059547352230279106,-0.060084328882642334,-0.06044197277916001
2019-05-10,108.0,109.0,106.5,106.5,106.5,6505,1.2101601270371942,1.2049589036597792,1.1830211408826583,1.1093618496574424,1.1093618496574424,-0.031818181818181815,-0.05333333333333334,-0.05918727915194349,-0.061260467166152514,-0.062169778090877086,-0.06277500733352895
2019-05-13,106.5,108.0,106.5,107.0,107.0,6505,1.11476377517559,1.1422086626319456,1.1830211408826583,1.1410369554095978,1.1410369554095978,-0.0165441176470588,-0.042076991942703694,-0.05113804315696127,-0.05414364640883978,-0.05527105774324567,-0.05643738977072315
2019-05-14,106.0,108.0,105.5,107.0,107.0,6505,1.082964991221722,1.1422086626319456,1.11878829935266,1.1410369554095978,1.1410369554095978,-0.005576208178438609,-0.035166816952209246,-0.04719501335707923,-0.051418439716312034,-0.05309734513274336,-0.05463112943601829
2019-05-15,107.0,112.5,107.0,109.0,109.0,6505,1.1465625591294581,1.4245847472571969,1.2151375616476572,1.2677373784182202,1.2677373784182202,0.01584342963653311,-0.012233801540552735,-0.02562574493444571,-0.03132637191735175,-0.03351658095406988,-0.035113602832694026
2019-05-16,109.5,112.0,109.0,111.0,111.0,6505,1.3055564788987986,1.39320962674328,1.3436032447076536,1.3944378014268424,1.3944378014268424,0.026827012025901997,0.009549795361527941,-0.005376344086021455,-0.011796127309147588,-0.014559659090909095,-0.016683891923815208
2019-05-17,112.0,113.5,110.5,113.0,113.0,6505,1.464550398668139,1.4873349882850304,1.4399525070026507,1.5211382244354648,1.5211382244354648,0.03290676416819007,0.030082041932543272,0.013755980861244002,0.0066815144766146995,0.0031960227272727223,0.0011813349084466033
2019-05-20,113.5,115.0,113.0,114.5,114.5,6505,1.559946750529743,1.5814603498267807,1.600534610827646,1.6161635416919313,1.6161635416919313,0.03246167718665459,0.04233045061447434,0.027520191444810015,0.019590382902938585,0.016151934682286057,0.01447135262847023
2019-05-21,113.5,117.0,113.5,116.5,116.5,6505,1.559946750529743,1.706960831882448,1.632651031592645,1.7428639647005537,1.7428639647005537,0.03280141843971634,0.057168784029038085,0.044530783024506894,0.0362463864798755,0.03280141843971634,0.031277663027441706
2019-05-22,115.5,116.5,114.0,116.0,116.0,6505,1.6871418863452154,1.6755857113685313,1.6647674523576441,1.7111888589483981,1.7111888589483981,0.015761821366024494,0.04740406320541761,0.03911615407584347,0.03156958648288125,0.027822080453659408,0.026397286535909167
2019-05-23,115.0,116.5,114.0,116.0,116.0,6505,1.6553431023913474,1.6755857113685313,1.6647674523576441,1.7111888589483981,1.7111888589483981,0.00694444444444442,0.03896103896103891,0.038495971351835245,0.03111111111111111,0.027457927369353357,0.02594339622641513
2019-05-24,115.0,115.0,113.0,115.0,115.0,6505,1.6553431023913474,1.5814603498267807,1.600534610827646,1.647838647444087,1.647838647444087,-0.005190311418685072,0.022222222222222223,0.029850746268656674,0.022222222222222223,0.01842012043924901,0.016499705362404183
2019-05-27,115.0,116.0,114.0,116.0,116.0,6505,1.6553431023913474,1.6442105908546143,1.6647674523576441,1.7111888589483981,1.7111888589483981,0.0008628127696289414,0.02292768959435621,0.03694874851013117,0.030653043091959157,0.026367014687665936,0.02458413072280287
2019-05-28,115.5,116.0,113.0,113.0,113.0,6505,1.6871418863452154,1.6442105908546143,1.600534610827646,1.5211382244354648,1.5211382244354648,-0.019097222222222248,-0.008771929824561403,0.010131108462455364,0.004891062694530877,0.0001770224818551604,-0.001766784452296845
2019-05-29,112.5,114.0,112.5,114.0,114.0,6505,1.496349182622007,1.5187101087989472,1.568418190062647,1.5844884359397757,1.5844884359397757,-0.006968641114982554,-0.004366812227074236,0.016949152542372933,0.014009339559706497,0.009564293304994672,0.007215432189662755
2019-05-30,113.5,115.0,113.5,115.0,115.0,6505,1.559946750529743,1.5814603498267807,1.632651031592645,1.647838647444087,1.647838647444087,0.0034904013961606084,0.000870322019147035,0.02101213376738674,0.022904158327774097,0.01842012043924901,0.016050655279045763
2019-05-31,114.5,116.0,114.0,116.0,116.0,6505,1.6235443184374792,1.6442105908546143,1.6647674523576441,1.7111888589483981,1.7111888589483981,0.010452961672473893,0.00694444444444442,0.02413184226015304,0.03156958648288125,0.026912181303116203,0.024433323520753596
2019-06-03,115.0,116.5,114.5,116.0,116.0,6505,1.6553431023913474,1.6755857113685313,1.6968838731226432,1.7111888589483981,1.7111888589483981,0.010452961672473893,0.005635023840485529,0.01873536299765814,0.030195381882770923,0.02654867256637168,0.023679952934255073
2019-06-04,115.0,116.0,114.5,115.0,115.0,6505,1.6553431023913474,1.6442105908546143,1.6968838731226432,1.647838647444087,1.647838647444087,-0.0017361111111111357,-0.0017361111111111357,0.005244755244755195,0.020408163265306097,0.017699115044247787,0.014556682840758763
2019-06-05,116.0,116.5,115.5,116.5,116.5,6505,1.7189406702990835,1.6755857113685313,1.7611167146526414,1.7428639647005537,1.7428639647005537,0.006914433880725991,0.010845986984815618,0.0139251523063533,0.030973451327433628,0.03024407499115672,0.027487872997207053
2019-06-06,115.5,116.0,114.5,115.0,115.0,6505,1.6871418863452154,1.6442105908546143,1.6968838731226432,1.647838647444087,1.647838647444087,-0.006050129645635288,-0.0013026487190621423,-0.001447178002894397,0.014109347442680725,0.01697912981959676,0.014258415404968337
2019-06-10,115.0,116.0,114.5,116.0,116.0,6505,1.6553431023913474,1.6442105908546143,1.6968838731226432,1.7111888589483981,1.7111888589483981,0.0025929127052722314,0.006507592190889371,0.005489742848887662,0.018660812294182216,0.025641025641025692,0.022777369581190258
2019-06-11,115.5,116.0,114.5,115.0,115.0,6505,1.6871418863452154,1.6442105908546143,1.6968838731226432,1.647838647444087,1.647838647444087,-0.004329004329004329,-0.0013026487190621423,-0.003466204506065907,0.006344344782323293,0.01608057960770448,0.01396032329169724
2019-06-12,114.5,115.0,113.5,114.5,114.5,6505,1.6235443184374792,1.5814603498267807,1.632651031592645,1.6161635416919313,1.6161635416919313,-0.007798960138648229,-0.006938421509106654,-0.006651243493348748,-0.0013083296990842187,0.011126810314376592,0.009700176366842983
2019-06-13,114.0,115.0,114.0,114.0,114.0,6505,1.5917455344836111,1.5814603498267807,1.6647674523576441,1.5844884359397757,1.5844884359397757,-0.00783289817232381,-0.011274934952298327,-0.009843659525188245,-0.00783289817232381,0.0054683365672958595,0.005438777010142525
2019-06-14,114.5,115.5,114.0,115.0,115.0,6505,1.6235443184374792,1.6128354703406975,1.6647674523576441,1.647838647444087,1.647838647444087,0.000870322019147035,-0.0026019080659149796,-0.0005793742757821223,-0.0008688097306689341,0.011433597185576051,0.014258415404968337
2019-06-17,115.0,116.5,115.0,115.5,115.5,6505,1.6553431023913474,1.6755857113685313,1.7290002938876423,1.6795137531962425,1.6795137531962425,0.006097560975609781,0.0021691973969631237,0.0034752389226759836,0.0023866348448687846,0.01262493424513412,0.018668234602381244
2019-06-18,115.5,116.5,115.5,116.5,116.5,6505,1.6871418863452154,1.6755857113685313,1.7611167146526414,1.7428639647005537,1.7428639647005537,0.012163336229365818,0.010407632263660042,0.011870295309785697,0.010188597442011681,0.01800069905627405,0.02643171806167401
2019-06-19,117.0,119.0,115.5,118.5,118.5,6505,1.7825382382068196,1.8324613139381152,1.7611167146526414,1.8695643877091759,1.8695643877091759,0.022433132010353702,0.024643320363164672,0.025974025974025976,0.026640675763482807,0.03133159268929499,0.042369154082979
2019-06-20,114.0,114.0,110.5,111.0,111.0,6505,1.5917455344836111,1.5187101087989472,1.4399525070026507,1.3944378014268424,1.3944378014268424,-0.03729401561144837,-0.035621198957428275,-0.03729401561144837,-0.03624918602127195,-0.03461471560271355,-0.023746701846965725
2019-06-21,112.0,113.0,111.5,113.0,113.0,6505,1.464550398668139,1.4559598677711136,1.5041853485326488,1.5211382244354648,1.5211382244354648,-0.016536118363794653,-0.016536118363794653,-0.018813314037626667,-0.017604868506846387,-0.017903702416130735,-0.007901668129938592
2019-06-24,112.5,113.5,111.5,113.0,113.0,6505,1.496349182622007,1.4873349882850304,1.5041853485326488,1.5211382244354648,1.5211382244354648,-0.012237762237762287,-0.013961605584642186,-0.017106407654392593,-0.01675005438329343,-0.017903702416130735,-0.009785307433912606
2019-06-25,113.0,113.0,111.0,111.5,111.5,6505,1.528147966575875,1.4559598677711136,1.4720689277676497,1.426112907178998,1.426112907178998,-0.01675485008818347,-0.024070021881838075,-0.02761627906976748,-0.027898866608544053,-0.029928658430485453,-0.024212368728121346
2019-06-26,111.5,112.5,111.0,111.0,111.0,6505,1.432751614714271,1.4245847472571969,1.4720689277676497,1.3944378014268424,1.3944378014268424,-0.0080428954423593,-0.02546093064091313,-0.02972027972027977,-0.031413612565444976,-0.03242677824267781,-0.02972027972027977
2019-06-27,111.5,112.5,111.0,111.5,111.5,6505,1.432751614714271,1.4245847472571969,1.4720689277676497,1.426112907178998,1.426112907178998,-0.004464285714285714,-0.01891772987241536,-0.02250146113383983,-0.02598820703210303,-0.026540946394272798,-0.026059106128985304
2019-06-28,111.5,111.5,110.0,110.5,110.5,6505,1.432751614714271,1.3618345062293633,1.4078360862376516,1.3627626956746868,1.3627626956746868,-0.008968609865470852,-0.02385159010600709,-0.028713741576325804,-0.03282275711159737,-0.03341497550734774,-0.03465346534653467
2019-07-01,111.0,111.5,110.0,110.0,110.0,6505,1.4009528307604027,1.3618345062293633,1.4078360862376516,1.3310875899225314,1.3310875899225314,-0.008115419296663711,-0.023524189968930364,-0.029697147897677096,-0.03466432645897326,-0.03610234840518756,-0.038181288254153255
2019-07-02,110.0,110.5,108.0,108.0,108.0,6505,1.3373552628526666,1.2990842652015295,1.2793704031776554,1.204387166913909,1.204387166913909,-0.019963702359346667,-0.033989266547406055,-0.04340124003542963,-0.04887714663143987,-0.0509666080843585,-0.05387647831800268
2019-07-03,108.0,108.5,106.5,107.0,107.0,6505,1.2101601270371942,1.1735837831458624,1.1830211408826583,1.1410369554095978,1.1410369554095978,-0.02193784277879347,-0.03298689561680981,-0.048042704626334566,-0.054352629253203756,-0.05776681930257135,-0.060029282576866724
2019-07-04,107.0,107.5,106.5,107.5,107.5,6505,1.1465625591294581,1.1108335421180289,1.1830211408826583,1.1727120611617534,1.1727120611617534,-0.010128913443830519,-0.0253853127833182,-0.03989282524560883,-0.04614019520851821,-0.051191526919682234,-0.053280493174812836
2019-07-05,107.0,108.0,106.5,107.0,107.0,6505,1.1465625591294581,1.1422086626319456,1.1830211408826583,1.1410369554095978,1.1410369554095978,-0.00834105653382767,-0.024612579762989997,-0.03978462458869282,-0.04719501335707923,-0.05292972207470352,-0.05518763796909492
2019-07-08,106.5,107.0,106.0,106.5,106.5,6505,1.11476377517559,1.079458421604112,1.1509047201176592,1.1093618496574424,1.1093618496574424,-0.006529850746268683,-0.023383768913342477,-0.039097744360902215,-0.047619047619047644,-0.054174067495559454,-0.0572440247860726
2019-07-09,106.5,107.5,106.0,107.5,107.5,6505,1.11476377517559,1.1108335421180289,1.1509047201176592,1.1727120611617534,1.1727120611617534,0.003734827264239082,-0.010584445467096233,-0.02479588751133959,-0.035441902198295225,-0.04240156778906115,-0.04599911255731404
2019-07-10,108.0,108.0,106.5,107.0,107.0,6505,1.2101601270371942,1.1422086626319456,1.1830211408826583,1.1410369554095978,1.1410369554095978,-0.0009337068160597043,-0.011547344110854504,-0.022533495736906228,-0.03668692325005629,-0.044130784348758244,-0.04874796266113499
2019-07-11,107.0,107.5,106.5,107.5,107.5,6505,1.1465625591294581,1.1108335421180289,1.1830211408826583,1.1727120611617534,1.1727120611617534,0.003734827264239082,-0.0032452480296707867,-0.015868172108635958,-0.029345372460496615,-0.03656569277648323,-0.042458432304037994
2019-07-12,107.5,109.5,107.0,107.5,107.5,6505,1.1783613430833262,1.236334024173696,1.2151375616476572,1.1727120611617534,1.1727120611617534,0.0027985074626865405,-0.00046490004648997823,-0.012553582363747644,-0.026047565118912798,-0.033968368080517626,-0.040321380746912654
2019-07-15,108.5,108.5,107.0,108.0,108.0,6505,1.2419589109910625,1.1735837831458624,1.2151375616476572,1.204387166913909,1.204387166913909,0.004651162790697674,0.006054960409874297,-0.0049140049140048965,-0.01818181818181818,-0.026676279740446954,-0.03355704697986577
2019-07-16,108.0,108.5,107.0,107.5,107.5,6505,1.2101601270371942,1.1735837831458624,1.2151375616476572,1.1727120611617534,1.1727120611617534,0.0,0.0018639328984156836,-0.007081280788177331,-0.018712916476494725,-0.028555937104644828,-0.035586124401913895
2019-07-17,107.0,108.0,106.0,107.5,107.5,6505,1.1465625591294581,1.1422086626319456,1.1509047201176592,1.1727120611617534,1.1727120611617534,-0.0009293680297397242,0.0013972985561248783,-0.004936747917309455,-0.013761467889908258,-0.02609168327595575,-0.033418252659973044
2019-07-18,107.0,107.0,106.0,106.0,106.0,6505,1.1465625591294581,1.079458421604112,1.1509047201176592,1.0776867439052868,1.0776867439052868,-0.012115563839701745,-0.011194029850746294,-0.015479876160990756,-0.02528735632183908,-0.03688896965291661,-0.04389657245941064
2019-07-19,107.0,107.5,106.0,106.5,106.5,6505,1.1465625591294581,1.1108335421180289,1.1509047201176592,1.1093618496574424,1.1093618496574424,-0.0056022408963584906,-0.006066262249183441,-0.008379888268156476,-0.01775420797786486,-0.02934742982136346,-0.03692539562923884
2019-07-22,106.5,108.0,106.5,107.5,107.5,6505,1.11476377517559,1.1422086626319456,1.1830211408826583,1.1727120611617534,1.1727120611617534,0.004672897196261682,0.002331002331002331,0.002486788933789236,-0.0060101710587148,-0.01736745886654484,-0.0253853127833182
2019-07-23,107.5,107.5,107.0,107.5,107.5,6505,1.1783613430833262,1.1108335421180289,1.2151375616476572,1.1727120611617534,1.1727120611617534,0.004672897196261682,0.002331002331002331,0.0027985074626865405,-0.004168596572487289,-0.014123257520176138,-0.023171285779191253
2019-07-24,107.0,107.5,105.5,106.0,106.0,6505,1.1465625591294581,1.1108335421180289,1.11878829935266,1.0776867439052868,1.0776867439052868,-0.006560449859418958,-0.010732617825478354,-0.010578718108276352,-0.01578458681522751,-0.023401510963700075,-0.03431521409049498
2019-07-25,106.0,107.5,105.5,107.0,107.0,6505,1.082964991221722,1.1108335421180289,1.11878829935266,1.1410369554095978,1.1410369554095978,0.0009354536950420422,-0.0009337068160597043,-0.0009337068160597043,-0.0044196324726680095,-0.012732976563941645,-0.02312842361533778
2019-07-26,106.5,107.0,106.0,106.5,106.5,6505,1.11476377517559,1.079458421604112,1.1509047201176592,1.1093618496574424,1.1093618496574424,-0.0037418147801684346,-0.004672897196261682,-0.00529265255292649,-0.0072244232113726934,-0.014983351831298598,-0.02517162471395881
2019-07-29,106.0,107.5,106.0,107.5,107.5,6505,1.082964991221722,1.1108335421180289,1.1509047201176592,1.1727120611617534,1.1727120611617534,0.005612722170252519,0.0051425899953248914,0.0034225264467952084,0.0032664489034063865,-0.0037071362372567717,-0.013610643829331711
2019-07-30,107.0,107.5,106.5,107.0,107.0,6505,1.1465625591294581,1.1108335421180289,1.1830211408826583,1.1410369554095978,1.1410369554095978,0.0018726591760299892,0.0009354536950420422,-0.0009337068160597043,-0.0009337068160597043,-0.006683995544002961,-0.015337423312883479
2019-07-31,107.0,107.0,106.0,106.0,106.0,6505,1.1465625591294581,1.079458421604112,1.1509047201176592,1.0776867439052868,1.0776867439052868,-0.007490636704119823,-0.00702576112412178,-0.009654313298037977,-0.009808500700607167,-0.014136904761904726,-0.020785219399538105
2019-08-01,105.5,106.0,105.0,105.0,105.0,6505,1.051166207267854,1.0167081805762785,1.086671878587661,1.0143365324009757,1.0143365324009757,-0.013157894736842158,-0.0154711673699016,-0.017467248908296883,-0.01800327332242223,-0.021070296475853113,-0.028227672373900947
2019-08-02,104.0,105.5,104.0,105.0,105.0,6505,0.9557698554062497,0.9853330600623617,1.0224390370576628,1.0143365324009757,1.0143365324009757,-0.010367577756833123,-0.014084507042253521,-0.015932521087160288,-0.017084015913877863,-0.01905829596412562,-0.025823411164372954
2019-08-05,104.5,105.0,103.5,103.5,103.5,6505,0.9875686393601179,0.9539579395484449,0.9903226162926638,0.919311215144509,0.919311215144509,-0.017094017094017068,-0.024505183788878365,-0.02725563909774441,-0.029763299742207615,-0.03071736280202286,-0.03691066997518612
2019-08-06,100.5,102.5,100.5,102.0,102.0,6505,0.7331783677291732,0.7970823369788609,0.7976240917026695,0.8242858978880423,0.8242858978880423,-0.02205177372962605,-0.03363334912363806,-0.038038352719270654,-0.04135338345864667,-0.04261310305988367,-0.04806346243583766
2019-08-07,102.0,102.5,100.0,101.0,101.0,6505,0.8285747195907774,0.7970823369788609,0.7655076709376704,0.7609356863837312,0.7609356863837312,-0.02226524685382379,-0.03855306996668251,-0.04356060606060601,-0.048067860508953765,-0.04985888993414861,-0.05445467311593069
2019-08-08,101.0,102.0,100.5,100.5,100.5,6505,0.7649771516830414,0.7657072164649441,0.7976240917026695,0.7292605806315756,0.7292605806315756,-0.018554687500000056,-0.03735632183908051,-0.044979410833069375,-0.04964539007092199,-0.05206564799094507,-0.0558947862846407
2019-08-12,99.0,101.0,99.0,100.0,100.0,6505,0.637782015867569,0.7029569754371104,0.7012748294076723,0.69758547487942,0.69758547487942,-0.013806706114398477,-0.03614457831325301,-0.045801526717557224,-0.051008303677342826,-0.0542840930584452,-0.057492931196983926
2019-08-13,99.6,99.8,98.0,99.0,99.0,6505,0.6759405566122104,0.62765668620371,0.6370419878776741,0.6342352633751089,0.6342352633751089,-0.014925373134328358,-0.037900874635568564,-0.05020786696514232,-0.056468906361686895,-0.061077389984825474,-0.06368221941992434
2019-08-14,99.8,100.5,99.0,99.0,99.0,6505,0.6886600701937577,0.6715818549231937,0.7012748294076723,0.6342352633751089,0.6342352633751089,-0.009009009009009066,-0.03036238981390788,-0.04501607717041805,-0.05263157894736842,-0.058039961941008515,-0.06101802086626624
2019-08-15,98.0,98.0,95.0,95.2,95.2,6505,0.5741844479598329,0.5147062523536097,0.44434346328767976,0.3935044596587268,0.3935044596587268,-0.03585173182094382,-0.05761235398930911,-0.07524932003626476,-0.08360205997015946,-0.09010972206292756,-0.09367859862909371
2019-08-16,95.1,99.9,94.0,98.8,98.8,6505,0.38975150102739775,0.6339317103064939,0.3801106217576816,0.6215652210742465,0.6215652210742465,0.004065040650406417,-0.015936254980079764,-0.03515625000000008,-0.04564114948080182,-0.05255082470272347,-0.056801909307875924
2019-08-19,99.0,99.4,97.1,98.1,98.1,6505,0.637782015867569,0.6025565897925771,0.5792324305006754,0.5772200730212286,0.5772200730212286,0.0008161599673534389,-0.01614682579480507,-0.0367242733699921,-0.04854274768439936,-0.055859254696643074,-0.06082461067143227
2019-08-20,97.8,98.4,97.2,97.8,97.8,6505,0.5614649343782855,0.5398063487647435,0.5856557146536758,0.5582150095699354,0.5582150095699354,0.0002045408058907345,-0.013516239661085368,-0.03353317082811777,-0.046969401676086604,-0.055035943418102966,-0.06108995487855621
2019-08-21,97.1,98.3,97.1,97.9,97.9,6505,0.51694663684287,0.5335313246619596,0.5792324305006754,0.564550030720367,0.564550030720367,0.0034850348503485382,-0.008406765927276393,-0.026709968186638258,-0.04151165067554332,-0.050546978043292626,-0.05723365325971811
2019-08-22,98.0,99.0,97.0,97.8,97.8,6505,0.5741844479598329,0.5774564933814433,0.572809146347676,0.5582150095699354,0.5582150095699354,-0.002854812398042426,-0.006198557057209628,-0.022391043582566925,-0.03863167207313484,-0.04793427047233356,-0.055407102153826326
2019-08-23,97.3,97.7,97.0,97.4,97.4,6505,0.5296661504244174,0.4958811800452598,0.572809146347676,0.5328749249682114,0.5328749249682114,-0.004089979550102162,-0.007135575942915277,-0.021433355659745402,-0.03802469135802464,-0.04864231295174829,-0.05620155038759687
2019-08-26,96.2,96.4,95.0,95.2,95.2,6505,0.45970882572590804,0.4143058667090763,0.44434346328767976,0.3935044596587268,0.3935044596587268,-0.02077761777412051,-0.024790002048760373,-0.037216828478964466,-0.054476833689228774,-0.06600737775684792,-0.0738398676914097
2019-08-27,95.7,96.2,95.0,95.5,95.5,6505,0.42791004177203995,0.4017558185035094,0.44434346328767976,0.41250952311002,0.41250952311002,-0.013021909880115803,-0.018196771872108667,-0.028945227765726656,-0.04581106059849136,-0.05863102279000073,-0.0671398801771296
2019-08-28,95.8,95.8,95.0,95.0,95.0,6505,0.4342697985628132,0.3766557220923756,0.44434346328767976,0.3808344173578644,0.3808344173578644,-0.012268662923684682,-0.019304222153401513,-0.029423784225582443,-0.045082173191938475,-0.05892142489202355,-0.0682316016608364
2019-08-29,95.0,95.3,94.7,94.9,94.9,6505,0.3833917442366245,0.3452806015784588,0.4250736108286805,0.37449939620743367,0.37449939620743367,-0.007322175732217602,-0.020033044196612945,-0.02640038301073788,-0.04073587385019712,-0.0557589747671733,-0.06536226650471084
2019-08-30,95.7,97.2,95.2,97.2,97.2,6505,0.42791004177203995,0.464506059531343,0.45719003159367955,0.5202048826673491,0.5202048826673491,0.01716199246546673,0.005378568473314132,-0.0005483959418699697,-0.01359853866450176,-0.02908742208726219,-0.03993678596121558
2019-09-02,96.7,97.4,96.1,96.3,96.3,6505,0.4915076096797761,0.4770561077369099,0.5149995889706773,0.4631896923134687,0.4631896923134687,0.005429108373355565,-0.0020725388601036563,-0.007284722699470794,-0.01839865450282867,-0.03414105753028962,-0.0456212216312643
2019-09-03,95.9,97.0,95.9,96.1,96.1,6505,0.4406295553535874,0.4519560113257761,0.5021530206646785,0.4505196500126063,0.4505196500126063,0.002085505735140653,-0.0023876258694072875,-0.007368131111417211,-0.01672890980713158,-0.03171852329517971,-0.04400305070132983
2019-09-04,95.6,97.3,95.6,96.8,96.8,6505,0.4215502849812658,0.470781083634126,0.4828831682056783,0.4948647980656243,0.4948647980656243,0.0056098067733221695,0.006027852837247956,0.0013793103448275078,-0.006924852526288763,-0.020639417239983873,-0.033610648918469294
2019-09-05,96.9,98.3,96.9,97.5,97.5,6505,0.5042271232613235,0.5335313246619596,0.5663858621946766,0.5392099461186423,0.5392099461186423,0.007439553626782381,0.013618879301382555,0.007023342284652003,0.0020554984583761853,-0.01015228426395939,-0.023861171366594425
2019-09-06,97.4,98.3,97.0,97.7,97.7,6505,0.5360259072151916,0.5335313246619596,0.572809146347676,0.5518799884195046,0.5518799884195046,0.008464079273327905,0.015381417584701768,0.00985391400220507,0.005557842733635306,-0.005172694688823676,-0.01881360471344404
2019-09-09,97.5,97.6,96.7,97.6,97.6,6505,0.5423856640059649,0.4896061559424759,0.5535392938886767,0.545544967269073,0.545544967269073,0.004735433395099791,0.011818370308936205,0.009167987867925718,0.0057708161582852675,-0.0031865348476182455,-0.016888829197864653
2019-09-10,97.9,97.9,96.8,97.0,97.0,6505,0.5678246911690596,0.5084312282508267,0.5599625780416762,0.5075348403664867,0.5075348403664867,-0.0032881216605015143,0.0040368491874547205,0.0035174839644112267,0.0006189395502372837,-0.006676770573055205,-0.019475705910101858
2019-09-11,97.4,97.8,96.0,96.5,96.5,6505,0.5360259072151916,0.5021562041480427,0.5085763048176779,0.4758597346143311,0.4758597346143311,-0.007814106518609963,-0.0026870607689128264,-0.0006903693476009273,-0.0032536280535040824,-0.009565645783725964,-0.02106651337368547
2019-09-12,96.9,97.4,95.9,96.8,96.8,6505,0.5042271232613235,0.4770561077369099,0.5021530206646785,0.4948647980656243,0.4948647980656243,-0.0032948929159803066,-0.0015471892728211004,0.0031088082901554108,-0.0009804427473039173,-0.004770521467346589,-0.014958787015365817
2019-09-16,102.0,106.0,102.0,104.0,104.0,6505,0.8285747195907774,1.0167081805762785,0.8939733539976666,0.9509863208966646,0.9509863208966646,0.0571254319983737,0.06524633821571243,0.0728285537445843,0.07045442849055632,0.06771795819473538,0.05866784296426998
2019-09-17,105.0,105.5,102.0,102.0,102.0,6505,1.019367423313986,0.9853330600623617,0.8939733539976666,0.8242858978880423,0.8242858978880423,0.027604271609913453,0.03869653767820771,0.04729960982955715,0.047765793528505456,0.046325550859628306,0.03936686933188407
2019-09-18,100.5,103.0,98.6,101.5,101.5,6505,0.7331783677291732,0.8284574574927777,0.6755816927956726,0.7926107921358867,0.7926107921358867,0.013378594249201313,0.027952197690905463,0.03790306087667883,0.04065207361459992,0.04012952943105424,0.03497501784439693
2019-09-19,100.5,101.0,99.7,99.7,99.7,6505,0.7331783677291732,0.7029569754371104,0.7462378184786711,0.6785804114281269,0.6785804114281269,-0.010912698412698357,0.006765626577804723,0.01624082631149784,0.021254801536491705,0.021390812605007664,0.01741615075855497
2019-09-20,99.7,101.0,99.5,101.0,101.0,6505,0.6823003134029845,0.7029569754371104,0.7333912501726714,0.7609356863837312,0.7609356863837312,-0.006296733569460987,0.01630106661300065,0.025241930026392346,0.032878253310835034,0.032255427006254916,0.03068235934417301
2019-09-23,101.5,101.5,100.0,100.0,100.0,6505,0.7967759356369094,0.7343320959510272,0.7655076709376704,0.69758547487942,0.69758547487942,-0.008330027766759255,0.00391526955124988,0.013171225937183355,0.021293979471991097,0.021533935357332612,0.020651175449936988
2019-09-24,100.5,102.0,100.0,101.5,101.5,6505,0.7331783677291732,0.7657072164649441,0.7655076709376704,0.7926107921358867,0.7926107921358867,0.007544173118919901,0.015,0.024769468937201316,0.033289219179476845,0.03541845187089412,0.03543253536452662
2019-09-25,101.0,101.0,99.5,99.8,99.8,6505,0.7649771516830414,0.7029569754371104,0.7333912501726714,0.6849154325785577,0.6849154325785577,-0.005976095617529965,-0.004786597526924651,0.005102725929904742,0.013764030677027677,0.01724629999592279,0.017813434865379417
2019-09-26,100.5,100.5,98.6,98.6,98.6,6505,0.7331783677291732,0.6715818549231937,0.6755816927956726,0.6088951787733841,0.6088951787733841,-0.01577161110001995,-0.018807841576276255,-0.008181330472102998,-0.0002534854245881438,0.004728132387706697,0.005711954304365589
2019-09-27,98.9,99.8,98.2,98.2,98.2,6505,0.6314222590767958,0.62765668620371,0.6498885561836739,0.5835550941716602,0.5835550941716602,-0.014254165830154463,-0.024147868428898007,-0.01266840941081833,-0.005972264399230582,0.0004890374113621326,0.0006113715100876531
2019-10-01,99.3,101.0,99.0,100.5,100.5,6505,0.6568612862398897,0.7029569754371104,0.7012748294076723,0.7292605806315756,0.7292605806315756,0.007821901323706389,0.0021938571998404354,0.008563591356125031,0.015613157495831457,0.022630143676991517,0.023456329135408474
2019-10-02,99.7,100.0,99.0,99.0,99.0,6505,0.6823003134029845,0.6402067344092769,0.7012748294076723,0.6342352633751089,0.6342352633751089,-0.002217294900221718,-0.009801960392078455,-0.007419290154401393,-0.0009082652134423595,0.005811354492624078,0.007872946925478413
2019-10-03,97.2,97.9,97.2,97.3,97.3,6505,0.5233063936336442,0.5084312282508267,0.5856557146536758,0.5265399038177798,0.5265399038177798,-0.01438411669367911,-0.022699879469666583,-0.024659182036888612,-0.018658598083711633,-0.012182741116751298,-0.009265858873841877
2019-10-04,97.2,98.0,97.0,97.1,97.1,6505,0.5233063936336442,0.5147062523536097,0.572809146347676,0.5138698615169174,0.5138698615169174,-0.013411908148750328,-0.02215508559919439,-0.027054108216432896,-0.02082387939293095,-0.015053152641402345,-0.01103378034289604
2019-10-07,97.1,97.4,97.0,97.2,97.2,6505,0.51694663684287,0.4770561077369099,0.572809146347676,0.5202048826673491,0.5202048826673491,-0.010384850335980411,-0.017387788111605185,-0.02631227460932281,-0.01966717095310139,-0.014958044509303164,-0.009813576012767885
2019-10-08,97.1,98.5,97.1,97.4,97.4,6505,0.51694663684287,0.5460813728675264,0.5792324305006754,0.5328749249682114,0.5328749249682114,-0.002049180327868736,-0.012771133184674549,-0.019989267507378568,-0.017501386997528616,-0.0130112277572858,-0.007776155387279725
2019-10-09,96.7,97.5,96.1,96.1,96.1,6505,0.4915076096797761,0.4833311318396929,0.5149995889706773,0.4505196500126063,0.4505196500126063,-0.009482580911152503,-0.020587036282103507,-0.029227557411273603,-0.02988088027458114,-0.026105638655802905,-0.02131848733790482
2019-10-14,97.0,97.9,97.0,97.5,97.5,6505,0.5105868800520967,0.5084312282508267,0.572809146347676,0.5392099461186423,0.5392099461186423,0.004533278384504407,-0.003984063745019926,-0.012424876764129992,-0.015996366755815793,-0.012478223878783104,-0.007734581721962049
2019-10-15,96.9,97.3,96.5,97.2,97.2,6505,0.5042271232613235,0.470781083634126,0.5406927255826769,0.5202048826673491,0.5202048826673491,0.001236093943139579,-0.005626598465473117,-0.013798701298701293,-0.019370460048426165,-0.015676266861100862,-0.011525423728813483
2019-10-16,97.1,99.0,96.5,98.0,98.0,6505,0.51694663684287,0.5774564933814433,0.5406927255826769,0.5708850518707977,0.5708850518707977,0.007815713698066691,0.002762713598690374,-0.003660024400162662,-0.011897559991933784,-0.0077757978292563035,-0.004436016389556889
2019-10-17,98.1,98.1,97.1,97.3,97.3,6505,0.5805442047506062,0.5209812764563927,0.5792324305006754,0.5265399038177798,0.5265399038177798,0.0008228759514503013,-0.0011292475105225278,-0.008963128946832447,-0.015630532652132142,-0.014703499675956053,-0.011580658268996348
2019-10-18,97.3,97.7,96.5,96.5,96.5,6505,0.5296661504244174,0.4958811800452598,0.5406927255826769,0.4758597346143311,0.4758597346143311,-0.008221993833504596,-0.00679291889666526,-0.013763030592082824,-0.02100030435223692,-0.022369007577906677,-0.01977382000406317
2019-10-21,96.6,97.6,96.6,96.8,96.8,6505,0.4851478528890019,0.4896061559424759,0.5471160097356764,0.4948647980656243,0.4948647980656243,-0.0037052284890901547,-0.0031922562043044207,-0.008670717553082661,-0.015609904916865782,-0.01925025329280654,-0.016959480044683676
2019-10-22,97.0,97.5,96.8,97.5,97.5,6505,0.5105868800520967,0.4833311318396929,0.5599625780416762,0.5392099461186423,0.5392099461186423,0.002880065830076128,0.003602676273803338,-0.0007515714676140013,-0.007381012980402081,-0.012558233745189336,-0.01008528496006504
2019-10-23,97.1,97.4,96.6,96.9,96.9,6505,0.51694663684287,0.4770561077369099,0.5471160097356764,0.5011998192160559,0.5011998192160559,-0.0010309278350514879,-0.0022652388797363967,-0.006017916980099908,-0.011426239542950464,-0.018674552377865937,-0.01597725272493389
2019-10-24,97.1,97.6,97.1,97.6,97.6,6505,0.51694663684287,0.4896061559424759,0.5792324305006754,0.545544967269073,0.545544967269073,0.005563568926437321,0.004735433395099791,0.0031519802658625915,-0.0030643513789582366,-0.009016326862155848,-0.008835178226871174
2019-10-25,97.6,97.8,96.9,97.4,97.4,6505,0.548745420796738,0.5021562041480427,0.5663858621946766,0.5328749249682114,0.5328749249682114,0.0016454134101194036,0.001336486069702842,0.0021950884895046373,-0.0030196018219970488,-0.00919596354166663,-0.010799282304749502
2019-10-28,97.6,97.6,96.7,96.9,96.9,6505,0.548745420796738,0.4896061559424759,0.5535392938886767,0.5011998192160559,0.5011998192160559,-0.0037014188772361224,-0.0031889723279498227,-0.0026759983532316893,-0.006663249615581666,-0.012433754586220942,-0.015843997562461794
2019-10-29,97.4,97.4,96.9,96.9,96.9,6505,0.5360259072151916,0.4770561077369099,0.5663858621946766,0.5011998192160559,0.5011998192160559,-0.0024706609017911764,-0.002881251286272761,-0.0025391161130936353,-0.0057969527522700225,-0.011305199575544895,-0.01597725272493389
2019-10-30,97.0,98.4,96.9,98.4,98.4,6505,0.5105868800520967,0.5398063487647435,0.5663858621946766,0.5962251364725226,0.5962251364725226,0.009852216748768407,0.012137420283892274,0.012068019747668812,0.009489612721210685,0.005066187285504262,-0.001285607957236604
2019-10-31,98.4,98.4,96.9,96.9,96.9,6505,0.5996234751229277,0.5398063487647435,0.5663858621946766,0.5011998192160559,0.5011998192160559,-0.004110996916752225,-0.0028812512862729073,-0.0030180396460662926,-0.0040598180790379365,-0.008999795459194063,-0.014141825211109986
2019-11-01,97.2,97.5,96.9,97.5,97.5,6505,0.5233063936336442,0.4833311318396929,0.5663858621946766,0.5392099461186423,0.5392099461186423,0.001849568434031983,0.0022615131578947252,0.0021928321798122897,0.002880065830076128,-0.0012292562999385837,-0.0065212961076015355
2019-11-04,97.9,98.2,97.5,98.2,98.2,6505,0.5678246911690596,0.5272563005591766,0.6049255671126751,0.5835550941716602,0.5835550941716602,0.006353761016601663,0.008006569492917276,0.008904109589041174,0.009612913175345728,0.006601336668170133,0.0017341630113230817
2019-11-05,98.5,99.2,98.2,98.9,98.9,6505,0.605983231913701,0.5900065415870102,0.6498885561836739,0.6279002422246782,0.6279002422246782,0.009389671361502365,0.013735137351373548,0.01491414106861873,0.015869755020286598,0.013652017054772137,0.009149348661610239
2019-11-06,98.7,98.9,98.1,98.1,98.1,6505,0.6187027454952484,0.5711814692786603,0.6434652720306736,0.5772200730212286,0.5772200730212286,0.0018382352941177169,0.004299754299754171,0.006635654672321739,0.007186858316221649,0.005493829691279292,0.001974669753506687
2019-11-07,98.5,98.5,98.0,98.1,98.1,6505,0.605983231913701,0.5460813728675264,0.6370419878776741,0.5772200730212286,0.5772200730212286,-0.0006112469437653044,0.00378594085746449,0.006085054013400797,0.00682506286242102,0.0064841794229898685,0.002623241235989591
2019-11-08,98.2,98.6,98.1,98.6,98.6,6505,0.5869039615413804,0.5523563969703095,0.6434652720306736,0.6088951787733841,0.6088951787733841,0.0022362268753811634,0.007664793050587634,0.009763091418037675,0.010660106601065929,0.011780158436973913,0.008730050470604194
2019-11-11,98.6,98.6,96.9,96.9,96.9,6505,0.6123429887044742,0.5523563969703095,0.5663858621946766,0.5011998192160559,0.5011998192160559,-0.012433754586220942,-0.009708737864077555,-0.007714363735663541,-0.006459550907413057,-0.005501046841003339,-0.0076804915514592925
2019-11-12,97.7,97.7,96.7,96.9,96.9,6505,0.5551051775875122,0.4958811800452598,0.5535392938886767,0.5011998192160559,0.5011998192160559,-0.008391322144903736,-0.009708737864077555,-0.007307744843600506,-0.0063067220427626,-0.005419386623968528,-0.007104310403715902
2019-11-13,96.8,96.9,96.3,96.4,96.4,6505,0.49786736647054936,0.4456809872229931,0.5278461572766772,0.46952471346390035,0.46952471346390035,-0.010063668104333578,-0.012800819252432155,-0.012092641934822634,-0.010622466259557619,-0.010226292660889369,-0.011619958988379964
2019-11-14,96.4,96.5,96.0,96.2,96.2,6505,0.4724283393074554,0.4205808908118593,0.5085763048176779,0.45685467116303796,0.45685467116303796,-0.008247422680412342,-0.014142242262758715,-0.01319838610408256,-0.012117477921544533,-0.011792743559189816,-0.01221891364616488
2019-11-15,96.6,96.6,96.0,96.1,96.1,6505,0.4851478528890019,0.4268559149146423,0.5085763048176779,0.4505196500126063,0.4505196500126063,-0.004145077720207313,-0.013752052545156029,-0.013347022587269254,-0.01294165981922766,-0.012819986029502451,-0.012265314512813576
2019-11-18,96.1,96.9,96.1,96.9,96.9,6505,0.4533490689351339,0.4456809872229931,0.5149995889706773,0.5011998192160559,0.5011998192160559,0.004145077720207313,-0.00421333881409909,-0.00513347022587269,-0.004775843475581609,-0.004356582138013156,-0.003906249999999808
2019-11-19,96.3,96.6,96.2,96.3,96.3,6505,0.46606858251668126,0.4268559149146423,0.5214228731236776,0.4631896923134687,0.4631896923134687,-0.000830047727744475,-0.0077279752704791345,-0.010887428101889772,-0.010328349005703813,-0.0101554148507524,-0.009802577460926788
2019-11-20,96.1,96.9,95.8,96.9,96.9,6505,0.4533490689351339,0.4456809872229931,0.49572973651167807,0.5011998192160559,0.5011998192160559,0.004353233830845937,-0.00030950170225922755,-0.0037014188772362677,-0.004162170494835837,-0.003537493315782918,-0.0035306619134130913
2019-11-21,96.1,96.5,95.9,96.5,96.5,6505,0.4533490689351339,0.4205808908118593,0.5021530206646785,0.4758597346143311,0.4758597346143311,-0.0004143360265174233,-0.0027901209052393324,-0.007541995200548518,-0.007712082262210942,-0.0073241986586017075,-0.007337813742970836
2019-11-22,96.5,97.1,96.2,97.0,97.0,6505,0.4787880960982287,0.4582310354285591,0.5214228731236776,0.5075348403664867,0.5075348403664867,0.0028949545078577454,0.0040368491874547205,-0.002057613168724309,-0.0023655250437108295,-0.0023860457462562237,-0.002502313783292833
2019-11-25,97.3,97.3,96.4,96.9,96.9,6505,0.5296661504244174,0.470781083634126,0.5342694414296775,0.5011998192160559,0.5011998192160559,0.0018610421836228993,0.003001759652209981,-0.002196746069883889,-0.003394014193150099,-0.003455510304825358,-0.003325676277985439
2019-11-26,97.0,97.7,96.6,96.9,96.9,6505,0.5105868800520967,0.4958811800452598,0.5471160097356764,0.5011998192160559,0.5011998192160559,0.0006195786864932081,0.003001759652209981,-0.0008249123530624695,-0.0033940141931502444,-0.0032094803110726826,-0.0032231518310243974
2019-11-27,97.0,97.2,96.8,96.9,96.9,6505,0.5105868800520967,0.464506059531343,0.5599625780416762,0.5011998192160559,0.5011998192160559,0.0006195786864932081,0.0024829298572316273,0.0,-0.002624671916010452,-0.0032094803110726826,-0.0028470483312179533
2019-11-28,96.9,97.1,96.6,97.0,97.0,6505,0.5042271232613235,0.4582310354285591,0.5471160097356764,0.5075348403664867,0.5075348403664867,0.000618939550237137,0.002687616291089424,0.0017901404571743183,-0.0016467682173733696,-0.0019343951928223295,-0.0017152658662093112
2019-11-29,97.0,97.0,96.0,96.0,96.0,6505,0.5105868800520967,0.4519560113257761,0.5085763048176779,0.4441846288621755,0.4441846288621755,-0.0076493694438702605,-0.0075467796960612425,-0.006759553041798896,-0.011175773806458195,-0.011654243709591124,-0.011837364899639791
2019-12-02,96.0,96.0,95.6,96.0,96.0,6505,0.4469893121443606,0.3892057702979425,0.4828831682056783,0.4441846288621755,0.4441846288621755,-0.005799502899751474,-0.0066225165562915425,-0.006142590931051146,-0.010054137664346423,-0.011287797643569289,-0.011566050039468588
2019-12-03,95.7,96.0,95.2,95.4,95.4,6505,0.42791004177203995,0.3892057702979425,0.45719003159367955,0.4061745019595892,0.4061745019595892,-0.008934136713068766,-0.011910926980838855,-0.011330661876468154,-0.014462809917355284,-0.016859722164969657,-0.017035307047671266
2019-12-04,95.3,95.6,95.2,95.6,95.6,6505,0.40247101460894513,0.3641056738868087,0.45719003159367955,0.4188445442604507,0.4188445442604507,-0.004166666666666726,-0.008504459655673173,-0.008710078805475089,-0.011119731057667472,-0.013660187363295223,-0.014534584063498574
2019-12-05,95.7,95.8,95.2,95.4,95.4,6505,0.42791004177203995,0.3766557220923756,0.45719003159367955,0.4061745019595892,0.4061745019595892,-0.002926421404682138,-0.009448655383656905,-0.01023654724028232,-0.011808576755748772,-0.015113974231912915,-0.015852274681063185
2019-12-06,95.5,95.9,95.3,95.8,95.8,6505,0.41519052819049257,0.3829307461951595,0.463613315746679,0.43151458656131314,0.43151458656131314,0.0016729401923880865,-0.004054475517205684,-0.005880318228986471,-0.006224066390041582,-0.010289681391793145,-0.0111818338207467
2019-12-09,95.5,95.6,95.3,95.4,95.4,6505,0.41519052819049257,0.3641056738868087,0.463613315746679,0.4061745019595892,0.4061745019595892,-0.0012562814070352234,-0.0066638900458142495,-0.009002770083102424,-0.009602906825849957,-0.013280377311654377,-0.014802065404474936
2019-12-10,95.6,95.7,95.3,95.4,95.4,6505,0.4215502849812658,0.3703806979895926,0.463613315746679,0.4061745019595892,0.4061745019595892,-0.0012562814070352234,-0.005110021900093804,-0.008384727323123885,-0.008831168831168771,-0.011849519390122694,-0.014293094541071043
2019-12-11,95.3,95.5,94.9,95.5,95.5,6505,0.40247101460894513,0.3578306497840257,0.4379201791346803,0.41250952311002,0.41250952311002,0.0,-0.0026109660574412533,-0.006381355344385064,-0.007328101450028567,-0.0097469929489838,-0.012273322760808116
2019-12-12,95.5,96.2,95.2,95.5,95.5,6505,0.41519052819049257,0.4017558185035094,0.45719003159367955,0.41250952311002,0.41250952311002,-0.00020938023450596974,-0.001046025104602451,-0.005691677656694664,-0.006966829572631815,-0.00867796047168243,-0.011796357615894046
2019-12-13,96.0,97.0,95.9,96.0,96.0,6505,0.4469893121443606,0.4519560113257761,0.5021530206646785,0.4441846288621755,0.4441846288621755,0.004604437002930072,0.004184100418410101,0.0002083767451551992,-0.0017158009670878828,-0.002410840468867045,-0.006108292783931973
2019-12-16,96.5,97.7,96.4,97.2,97.2,6505,0.4787880960982287,0.4958811800452598,0.5342694414296775,0.5202048826673491,0.5202048826673491,0.013344453711426351,0.015461763476807397,0.01250000000000003,0.010605115408608966,0.0099330867378746,0.006662754168536585
2019-12-17,97.3,98.0,97.0,98.0,98.0,6505,0.5296661504244174,0.5147062523536097,0.572809146347676,0.5708850518707977,0.5708850518707977,0.016175860638739135,0.021046051260679266,0.02005412532093535,0.018023165221004514,0.017779993353273547,0.015263485047309852
2019-12-18,98.0,98.3,97.0,98.0,98.0,6505,0.5741844479598329,0.5335313246619596,0.572809146347676,0.5708850518707977,0.5708850518707977,0.010934598720858286,0.018499272500519654,0.01927610594924412,0.01744186046511635,0.017103952175356985,0.01529854612010905
2019-12-19,98.0,98.0,97.2,97.3,97.3,6505,0.5741844479598329,0.5147062523536097,0.5856557146536758,0.5265399038177798,0.5265399038177798,0.0,0.009231407530339183,0.011785095320623837,0.009755085097550976,0.009377982488899917,0.00832498531900923
2019-12-20,97.3,98.5,97.1,97.7,97.7,6505,0.5296661504244174,0.5460813728675264,0.5792324305006754,0.5518799884195046,0.5518799884195046,0.0006145022531749515,0.011387163561076694,0.01474864977149981,0.013538046579179489,0.012855069458843139,0.012785072563925373
2019-12-23,97.7,98.5,97.6,98.5,98.5,6505,0.5551051775875122,0.5460813728675264,0.6113488512656745,0.6025601576229533,0.6025601576229533,0.006128702757916183,0.016406975544319507,0.021289832031519948,0.02098989375485883,0.020471592557291442,0.020513883133029317
2019-12-24,98.9,99.2,98.1,98.2,98.2,6505,0.6314222590767958,0.5900065415870102,0.6434652720306736,0.5835550941716602,0.5835550941716602,0.0026546865427812013,0.010392015639469135,0.01621248706450496,0.0171949451004766,0.016563146997929396,0.01694915254237292
2019-12-25,98.1,98.3,97.5,97.5,97.5,6505,0.5805442047506062,0.5335313246619596,0.6049255671126751,0.5392099461186423,0.5392099461186423,-0.0034750613246116455,0.0011294794126706996,0.007647788342290149,0.009630319975147484,0.00906607054148028,0.009316770186335463
2019-12-26,97.7,97.8,96.9,96.9,96.9,6505,0.5551051775875122,0.5021562041480427,0.5663858621946766,0.5011998192160559,0.5011998192160559,-0.008797054009819961,-0.006459550907413057,0.0004129671691102671,0.0034691658468388514,0.0026903973509934303,0.0028633525373442225
2019-12-27,97.6,98.8,97.4,98.6,98.6,6505,0.548745420796738,0.5649064451758764,0.5985022829596757,0.6088951787733841,0.6088951787733841,0.0067388196855215675,0.00828305552715004,0.016006045201621154,0.01970112208490601,0.019606221045664982,0.01957810561147109
2019-12-30,98.6,98.7,97.4,97.6,97.6,6505,0.6123429887044742,0.5586314210730934,0.5985022829596757,0.545544967269073,0.545544967269073,-0.0016366612111294067,-0.0023510170704283346,0.004184100418409891,0.008524928958925225,0.008973245668444575,0.008994107309004346
2019-12-31,97.7,98.1,97.2,97.5,97.5,6505,0.5551051775875122,0.5209812764563927,0.5856557146536758,0.5392099461186423,0.5392099461186423,-0.0012292562999385837,-0.0028635712824708645,0.0017123287671233364,0.00639966969446743,0.007689445615775763,0.00754366022527647
2020-01-02,98.0,98.4,97.6,98.0,98.0,6505,0.5741844479598329,0.5398063487647435,0.6113488512656745,0.5708850518707977,0.5708850518707977,0.0028653295128939944,0.0022499488647985157,0.005128205128205128,0.010309278350515464,0.012396694214876063,0.012326974726258615
2020-01-03,98.3,101.5,97.7,101.0,101.0,6505,0.5932637183321535,0.7343320959510272,0.6177721354186749,0.7609356863837312,0.7609356863837312,0.02496448142886146,0.02903718797758527,0.03201634877384203,0.03824013157894736,0.041666666666666734,0.04170247877058483
2020-01-06,102.5,104.5,102.0,102.0,102.0,6505,0.8603735035446456,0.9225828190345281,0.8939733539976666,0.8242858978880423,0.8242858978880423,0.028018544648256413,0.03469263542300671,0.03799185888738128,0.045189056255763874,0.049382716049382686,0.05021107183306463
2020-01-07,103.0,103.0,99.1,100.0,100.0,6505,0.8921722874985136,0.8284574574927777,0.7076981135606717,0.69758547487942,0.69758547487942,0.003009027081243703,0.012863364732097746,0.015709642470205853,0.022285831118380624,0.027115858668857854,0.028524410312671496
2020-01-08,103.0,103.5,99.8,99.8,99.8,6505,0.8921722874985136,0.8598325780066944,0.7526611026316706,0.6849154325785577,0.6849154325785577,-0.00359424920127795,0.009202143796137088,0.01244420397673482,0.017951856385148974,0.023211942257217955,0.025447819981504874
2020-01-09,99.4,99.4,98.0,98.1,98.1,6505,0.6632210430306639,0.6025565897925771,0.6370419878776741,0.5772200730212286,0.5772200730212286,-0.020762627270912343,-0.008590197069226969,-0.0048691418137553665,-0.000713048792910333,0.004752345446351595,0.007566161114724893
2020-01-10,98.0,98.1,97.2,98.0,98.0,6505,0.5741844479598329,0.5209812764563927,0.5856557146536758,0.5708850518707977,0.5708850518707977,-0.0158666398875276,-0.010700585503734992,-0.006353927267811403,-0.0030011699476067116,0.002660118682218182,0.006194599404496984
2020-01-13,98.3,98.4,97.1,97.5,97.5,6505,0.5932637183321535,0.5398063487647435,0.5792324305006754,0.5392099461186423,0.5392099461186423,-0.011957843534657404,-0.01465386558868118,-0.01128988642509461,-0.008844159804818588,-0.0031490266644855934,0.0005473079291235628
2020-01-14,97.4,97.5,96.3,96.8,96.8,6505,0.5360259072151916,0.4833311318396929,0.5278461572766772,0.4948647980656243,0.4948647980656243,-0.012647898816809415,-0.02093658339233344,-0.017258883248730993,-0.015760040671072673,-0.010872230850976794,-0.0069078722385611056
2020-01-15,96.5,96.5,95.7,96.0,96.0,6505,0.4787880960982287,0.4205808908118593,0.48930645235867865,0.4441846288621755,0.4441846288621755,-0.013157894736842117,-0.027552674230145856,-0.023927336812851537,-0.022900763358778626,-0.01928734880679952,-0.015317286652078837
2020-01-16,96.0,96.2,95.5,95.7,95.7,6505,0.4469893121443606,0.4017558185035094,0.4764598840526788,0.42517956541088237,0.42517956541088237,-0.011363636363636305,-0.028327749010051702,-0.025788937902952135,-0.024812757935497042,-0.022431968619759723,-0.018427980443775856
2020-01-17,95.7,96.4,95.5,96.4,96.4,6505,0.42791004177203995,0.4143058667090763,0.4764598840526788,0.46952471346390035,0.46952471346390035,-0.0008291873963515577,-0.0166275629909211,-0.018329938900203638,-0.017229075338974387,-0.015643507740064354,-0.01158617861170917
2020-01-20,95.9,96.9,95.8,96.9,96.9,6505,0.4406295553535874,0.4456809872229931,0.49572973651167807,0.5011998192160559,0.5011998192160559,0.0056039850560399155,-0.006357670221493073,-0.012098144498062801,-0.011728709841917302,-0.010901518863302137,-0.006832934745473084
2020-01-30,92.8,92.9,89.5,89.9,89.9,6505,0.24347709483960478,0.19468002311165872,0.09106283487269005,0.05774833868587803,0.05774833868587803,-0.05348494419877867,-0.06849031188477878,-0.07864170538398454,-0.07908215529604588,-0.07961013964535808,-0.07684408694163958
2020-01-31,90.0,91.3,89.9,89.9,89.9,6505,0.06540390469794376,0.09427963746712444,0.11675597148468968,0.05774833868587803,0.05774833868587803,-0.04116894197952218,-0.058835845896147446,-0.07383241758241749,-0.0751504552234968,-0.07654696359602266,-0.07510288065843618
2020-02-03,90.0,90.0,87.0,87.5,87.5,6505,0.06540390469794376,0.012704324130940935,-0.06951926895230526,-0.09429216892446902,-0.09429216892446902,-0.050151975683890626,-0.07368198179123446,-0.09200968523002415,-0.09518639160332983,-0.09730532744604467,-0.0973177441540578
2020-02-04,87.2,88.4,86.6,88.0,88.0,6505,-0.11266928544371725,-0.08769606151359247,-0.09521240556430488,-0.06261706317231347,-0.06261706317231347,-0.026979212737726646,-0.05842071474427571,-0.07853403141361257,-0.0858092665697071,-0.08864954432477218,-0.0898121013618342
2020-02-05,87.9,87.9,86.6,87.0,87.0,6505,-0.06815098790830178,-0.11907118202750926,-0.09521240556430488,-0.12596727467662458,-0.12596727467662458,-0.0165046348632151,-0.0585434476788226,-0.07936507936507936,-0.09071906354515057,-0.09499438272375488,-0.09735431436970436
2020-02-06,87.9,90.5,87.8,90.5,90.5,6505,-0.06815098790830178,0.04407944464485773,-0.01813299572830694,0.09575846558846435,0.09575846558846435,0.021675321743057144,-0.013946393549792995,-0.0358664772727272,-0.050616312614739076,-0.0554419070680083,-0.05886023294509148
2020-02-07,89.8,89.8,88.6,89.2,89.2,6505,0.052684391116396355,0.00015427592537403757,0.033253277495691375,0.013403190632860064,0.013403190632860064,0.008593396653098042,-0.02085620197585062,-0.042507513954486986,-0.060162258982193594,-0.06549888949419586,-0.06954102920723217
2020-02-10,90.0,90.2,89.2,89.5,89.5,6505,0.06540390469794376,0.025254372336507833,0.0717929824136908,0.032408254084153224,0.032408254084153224,0.007429085997298476,-0.01083112290008846,-0.033338133640552915,-0.05275969730645061,-0.05920195097338426,-0.06364428945074102
2020-02-11,89.5,89.6,88.7,88.8,88.8,6505,0.03360512074407569,-0.01239577228019286,0.03967656164869174,-0.011936893968864748,-0.011936893968864748,-0.002247191011235987,-0.010254123941150264,-0.034502754421571455,-0.05406125166444743,-0.06337017973166831,-0.06820566631689402
2020-02-12,88.8,90.1,88.5,90.1,90.1,6505,-0.010913176791339789,0.018979348233723936,0.02682999334269193,0.07041838098673954,0.07041838098673954,0.0053559473331844425,0.011904761904761932,-0.015085264538696935,-0.034090909090909165,-0.046237879493585085,-0.05204460966542743
2020-02-13,90.1,90.6,89.6,89.8,89.8,6505,0.07176366148871702,0.050354468747640733,0.0974861190256895,0.05141331753544638,0.05141331753544638,0.0035762181493071907,0.008648770077501922,-0.013331380017579896,-0.032014659911609344,-0.046263647563617914,-0.05230942413902273
2020-02-14,89.6,89.8,89.3,89.7,89.7,6505,0.039964877534848946,0.00015427592537403757,0.07821626656669024,0.04507829638501563,0.04507829638501563,0.0013395847287341431,0.007751937984496098,-0.009860916918095337,-0.02780035766542023,-0.04415839052043808,-0.05052572154399823
2020-02-17,89.6,89.8,89.2,89.6,89.6,6505,0.039964877534848946,0.00015427592537403757,0.0717929824136908,0.03874327523458397,0.03874327523458397,0.0,0.004259134723156192,-0.006505026611472573,-0.024390243902439122,-0.04179321555374943,-0.04893323426387871
2020-02-18,89.2,89.6,89.1,89.1,89.1,6505,0.01452585037175503,-0.01239577228019286,0.06536969826069045,0.007068169482428411,0.007068169482428411,-0.0062458175329021,-0.002574722937423083,-0.0066889632107024356,-0.025110782865583627,-0.04226502708745366,-0.05162320383182553
2020-02-19,89.6,90.2,89.2,89.7,89.7,6505,0.039964877534848946,0.025254372336507833,0.0717929824136908,0.04507829638501563,0.04507829638501563,0.0013395847287341431,0.0011160714285715237,0.005379959650302668,-0.014339871435635324,-0.030689431597147213,-0.042212414578587695
2020-02-20,90.2,90.5,89.6,89.6,89.6,6505,0.07812341827949117,0.04407944464485773,0.0974861190256895,0.03874327523458397,0.03874327523458397,0.0006700915791823549,0.0010054742486871769,0.0044843049327353305,-0.011528490264217726,-0.027397855064912522,-0.04054825813820684
2020-02-21,89.6,89.9,88.7,89.0,89.0,6505,0.039964877534848946,0.006429300028157932,0.03967656164869174,0.000733148331997658,0.000733148331997658,-0.004474272930648833,-0.005475472119789864,-0.0015705631590756178,-0.014341879395315374,-0.02935915892335217,-0.0440728939171529
2020-02-24,88.3,88.9,87.9,88.0,88.0,6505,-0.04271196074520786,-0.05632094099967566,-0.011709711575306583,-0.06261706317231347,-0.06261706317231347,-0.012123933542882784,-0.014998880680546266,-0.01315789473684209,-0.021243465687910097,-0.036017877486635666,-0.05141748410046347
2020-02-25,87.1,87.8,87.0,87.6,87.6,6505,-0.11902904223449141,-0.12534620613029315,-0.06951926895230526,-0.08795714777403828,-0.08795714777403828,-0.013291281820229858,-0.018157363819771403,-0.01734968591085867,-0.02090086062367279,-0.03600669072981768,-0.05116077553525663
2020-02-26,87.0,87.2,86.6,87.0,87.0,6505,-0.12538879902526467,-0.16299635074699295,-0.09521240556430488,-0.12596727467662458,-0.12596727467662458,-0.014052583862193959,-0.021482397930491472,-0.02408016751420889,-0.022197246417532953,-0.03816388802900969,-0.05252840599702331
2020-02-27,86.8,86.9,85.9,86.1,86.1,6505,-0.13810831260681208,-0.18182142305534285,-0.14017539463530285,-0.18298246503050497,-0.18298246503050497,-0.016449623029472376,-0.027558165800767993,-0.030987394957983163,-0.030241594863997325,-0.043588376432951284,-0.057574430823117397
2020-03-02,84.1,85.6,83.9,85.0,85.0,6505,-0.30982174595769985,-0.2633967363915272,-0.2686410776952991,-0.25266769768524683,-0.25266769768524683,-0.020059949273691594,-0.03485863517656402,-0.040343218425410096,-0.03998192907160597,-0.051169851759242754,-0.0645634629493763
2020-03-03,85.6,86.6,85.3,86.4,86.4,6505,-0.21442539409609562,-0.20064649536369364,-0.17871509955330225,-0.1639774015792109,-0.1639774015792109,-0.0002314279102059248,-0.01538461538461532,-0.02225575254620884,-0.023563315816239813,-0.03152042326144447,-0.04505765759127585
2020-03-04,86.2,88.5,86.2,88.1,88.1,6505,-0.1762668533514534,-0.08142103741080946,-0.12090554217630357,-0.056282042021882715,-0.056282042021882715,0.01826167360147924,0.0051340559041641596,-0.0024909420289854945,-0.004407277658492492,-0.00877587758775879,-0.022703742049992762
2020-03-05,88.4,88.7,88.2,88.5,88.5,6505,-0.036352203954433705,-0.06887098920524257,0.007560140883692673,-0.030941957420157904,-0.030941957420157904,0.019350380096751815,0.011081914772078132,0.0032496977025392427,-0.0007339242364364899,-0.0004969280809540672,-0.01498849892409287
2020-03-06,88.4,88.4,86.3,87.1,87.1,6505,-0.036352203954433705,-0.08769606151359247,-0.11448225802330413,-0.11963225352619385,-0.11963225352619385,0.0009193288899103459,-0.0020623281393218015,-0.010602044680045481,-0.014650149895356093,-0.015062420843133795,-0.02706929292177085
2020-03-09,84.3,84.7,82.9,82.9,82.9,6505,-0.2971022323761524,-0.3198719533165769,-0.3328739192252972,-0.3857031418442998,-0.3857031418442998,-0.04272517321016153,-0.043498326987423355,-0.053436857730075275,-0.058810172570390624,-0.05957890915691059,-0.06944548379854809
2020-03-10,80.0,82.7,80.0,81.6,81.6,6505,-0.5705717743794176,-0.44537243537224414,-0.5191491596622921,-0.468058416799905,-0.468058416799905,-0.04717421765530133,-0.05149366500058127,-0.06257180056674572,-0.06939613388835043,-0.07184130306201363,-0.07917998871544103
2020-03-11,82.0,82.1,80.1,80.7,80.7,6505,-0.4433766385639454,-0.4830225799889448,-0.5127258755092927,-0.5250736071537845,-0.5250736071537845,-0.041112167300380156,-0.05437075228497774,-0.06690819394126257,-0.07538955087076075,-0.07901944672692404,-0.08392613894354455
2020-03-12,81.1,81.1,77.1,77.1,77.1,6505,-0.5006144496809083,-0.5457728210167784,-0.7054244000992871,-0.753134368569305,-0.753134368569305,-0.05837811431362972,-0.08595139300533491,-0.09978983420253772,-0.11000808034168304,-0.11610950612188747,-0.11818528402592461
2020-03-13,72.9,72.9,70.0,72.9,72.9,6505,-1.022114506524344,-1.0603247974450132,-1.1614775749622734,-1.019205256887411,-1.019205256887411,-0.07768218623481765,-0.1220040949054558,-0.13761829652996838,-0.15020108410561278,-0.1574592020711016,-0.1607828089025325
2020-03-16,73.4,73.4,70.0,70.0,70.0,6505,-0.9903157225704758,-1.0289496769310964,-1.1614775749622734,-1.2029208702499137,-1.2029208702499137,-0.08448862150143858,-0.1414203360726113,-0.15932746196957565,-0.17452830188679241,-0.18373058444890153,-0.1879664359460191
2020-03-17,67.9,69.7,67.5,69.4,69.4,6505,-1.3401023460630246,-1.2611255687340808,-1.3220596787872687,-1.2409309971525,-1.2409309971525,-0.06241556336125377,-0.13065263685331335,-0.1539336801040312,-0.17173887098699114,-0.18306808550710996,-0.189252336448598
2020-03-18,68.9,69.0,67.8,68.2,68.2,6505,-1.2765047781552885,-1.3050507374535645,-1.3027898263282696,-1.3169512509576735,-1.3169512509576735,-0.04642058165548108,-0.12384378211716342,-0.15524360033030551,-0.1757810139585472,-0.18933054393305424,-0.197080291970803
2020-03-19,67.0,68.8,66.1,67.3,67.3,6505,-1.3973401571799875,-1.3176007856591314,-1.4119856569292664,-1.373966441311554,-1.373966441311554,-0.032489936745255965,-0.11119915478077129,-0.15260639637370946,-0.17549770290964767,-0.19126129590463384,-0.20150286731263597
2020-03-20,70.0,72.4,70.0,71.5,71.5,6505,-1.206547453456779,-1.09169991795893,-1.1614775749622734,-1.107895552993447,-1.107895552993447,0.03204387990762123,-0.03586839266450913,-0.08855273221721771,-0.11422200198216054,-0.13316521992143926,-0.14524805738194865
2020-03-23,69.5,72.6,68.4,71.7,71.7,6505,-1.238346237410647,-1.079149869753364,-1.2642501214102702,-1.0952255106925846,-1.0952255106925846,0.029876472278080986,-0.01834611171960574,-0.07555440948942753,-0.10212259720743833,-0.1230859546988894,-0.13683788121990362
2020-03-24,74.7,78.0,74.0,77.4,77.4,6505,-0.9076388842904191,-0.7402985682030622,-0.9045462088422809,-0.734129305118011,-0.734129305118011,0.08677337826453253,0.0658220875791793,0.005717255717255873,-0.02426725496375666,-0.04768935479108229,-0.06367192225492949
2020-03-25,79.4,79.8,78.0,78.5,78.5,6505,-0.608730315124059,-0.6273481343529619,-0.6476148427222884,-0.6644440724632692,-0.6644440724632692,0.07123362445414845,0.08425414364640875,0.02856394129979045,-0.004691264105490104,-0.02909018948201657,-0.04640427599611265
2020-03-26,79.2,79.8,77.2,79.7,79.7,6505,-0.6214498287056064,-0.6273481343529619,-0.6990011159462867,-0.5884238186580957,-0.5884238186580957,0.05200633579725446,0.09688962290118369,0.05237676056338031,0.015221960384688784,-0.009347188385621182,-0.027732595966167943
2020-03-27,80.8,80.9,79.3,80.0,80.0,6505,-0.5196937200532289,-0.5583228692223444,-0.564112148733291,-0.5694187552068025,-0.5694187552068025,0.03279111799638512,0.09036390895461374,0.06298166356630341,0.023017902813299195,-0.0008492781136034102,-0.020168204458234775
2020-03-30,77.8,81.0,76.2,80.6,80.6,6505,-0.7104864237764373,-0.5520478451195614,-0.7632339574762849,-0.5314086283042162,-0.5314086283042162,0.0171630489651691,0.08289668144565367,0.0731404225102076,0.033598358553475316,0.010886469673405848,-0.009138220710568447
2020-03-31,80.7,81.9,80.4,81.4,81.4,6505,-0.5260534768440022,-0.4955726281945108,-0.4934560230502925,-0.48072845910076656,-0.48072845910076656,0.016991504247876234,0.07629247653047747,0.08398437500000028,0.04721471761224754,0.024311672622942593,0.0040705563093624345
2020-04-01,80.5,80.7,78.0,78.0,78.0,6505,-0.5387729904255496,-0.5708729174279114,-0.6476148427222884,-0.6961191782154247,-0.6961191782154247,-0.024268201150863294,0.018143845450985706,0.041203168105366096,0.010035610229847922,-0.013706944514693278,-0.033457249070632
2020-04-06,81.0,82.9,78.3,80.4,80.4,6505,-0.5069742064716816,-0.4328223871666772,-0.6283449902632892,-0.5440786706050776,-0.5440786706050776,0.003996003996004088,0.031827515400410726,0.07009760425909492,0.0466024472793545,0.020045673686881663,0.0001243935812910922
2020-04-07,81.3,82.0,80.1,81.5,81.5,6505,-0.48789493609936085,-0.48929760409172784,-0.5127258755092927,-0.4743934379503358,-0.4743934379503358,0.013933814381687044,0.032691332995438395,0.07652342374075363,0.06480271753331603,0.03642097766926095,0.017224163754368207
2020-04-08,81.0,82.3,80.7,82.3,82.3,6505,-0.5069742064716816,-0.47047253178337795,-0.47418617059129325,-0.4237132687468871,-0.4237132687468871,0.019573835480673915,0.029007251812953334,0.07544211168220219,0.07567638217226516,0.048033822330888425,0.03008052067253521
2020-04-09,82.3,82.7,81.5,81.6,81.6,6505,-0.4242973681916247,-0.44537243537224414,-0.42279989736729495,-0.468058416799905,-0.468058416799905,0.010401188707280875,0.014925373134328216,0.05508145849495741,0.06652725133969402,0.041666666666666616,0.024053545283413393
2020-04-10,81.7,82.8,81.4,82.3,82.3,6505,-0.46245590893626604,-0.4390974112694611,-0.42922318152029443,-0.4237132687468871,-0.4237132687468871,0.00833129135015936,0.018816538747214607,0.051354113438937095,0.07455281368324838,0.05372324080712893,0.03513332215327859
2020-04-13,82.2,82.2,81.1,81.1,81.1,6505,-0.43065712498239794,-0.4767475558861609,-0.4484930339792946,-0.4997335225520606,-0.4997335225520606,-0.008072407045009916,0.002224419179436389,0.02398989898989888,0.05612709988279727,0.042309274110631324,0.022569663346362456
2020-04-14,81.2,82.8,81.1,82.0,82.0,6505,-0.49425469289013413,-0.4390974112694611,-0.4484930339792946,-0.44271833219818024,-0.44271833219818024,0.0017102369899829046,0.01084812623274156,0.026282853566958624,0.061557382354845105,0.056646564610071656,0.03570225665207142
2020-04-15,82.2,83.5,81.6,82.9,82.9,6505,-0.43065712498239794,-0.3951722425499774,-0.41637661321429553,-0.3857031418442998,-0.3857031418442998,0.011222249329104855,0.019053472649047467,0.027940811771513557,0.0643214790088587,0.068243904953353,0.0479962917702585
2020-04-16,82.0,82.6,81.0,82.1,82.1,6505,-0.4433766385639454,-0.45164745947502805,-0.454916318132294,-0.43638331104774947,-0.43638331104774947,0.0002436647173488794,0.008351756325227127,0.01408102766798402,0.045526902260426466,0.0576625785839431,0.039766970618034456
2020-04-17,82.5,84.9,82.5,82.6,82.6,6505,-0.4115778546100773,-0.30732190511101004,-0.3585670558372968,-0.4047082052955939,-0.4047082052955939,0.005600194789383902,0.008793356130923113,0.016823963890028642,0.042337055965675933,0.06306306306306295,0.048533829814242854
2020-04-20,82.5,82.5,81.7,81.7,81.7,6505,-0.4115778546100773,-0.457922483577811,-0.40995332906129517,-0.4617233956494734,-0.4617233956494734,-0.006807682956479311,-0.0037800268259966844,0.0040966816878329725,0.02169699243418995,0.04899594268399161,0.040101845957988616
2020-04-21,80.8,81.1,78.2,79.5,79.5,6505,-0.5196937200532289,-0.5457728210167784,-0.6347682744162886,-0.601093860958958,-0.601093860958958,-0.02764187866927582,-0.028236156949028094,-0.02254098360655732,-0.01076339202389111,0.017300506730818496,0.015368896079015707
2020-04-22,78.8,80.0,77.8,80.0,80.0,6505,-0.6468888558687013,-0.6147980861473951,-0.6604614110282883,-0.5694187552068025,-0.5694187552068025,-0.01453559990145347,-0.019367492032360854,-0.015909463670657566,-0.009655855409754903,0.018485512043591158,0.023017902813299195
2020-04-23,80.0,81.0,79.2,80.8,80.8,6505,-0.5705717743794176,-0.5520478451195614,-0.5705354328862905,-0.5187385860033538,-0.5187385860033538,-0.0014829461196242011,-0.00858895705521476,-0.005579258286839512,-0.001852995676343492,0.02273302617588973,0.03360054579566773
2020-04-24,79.9,81.0,79.6,81.0,81.0,6505,-0.5769315311701909,-0.5520478451195614,-0.5448422962742918,-0.5060685437024913,-0.5060685437024913,0.0049627791563276145,-0.004547130392036433,-0.005565559011294808,-0.0009250693802035503,0.018662910609185505,0.03602643359624808
2020-04-27,81.2,82.5,80.6,81.9,81.9,6505,-0.49425469289013413,-0.457922483577811,-0.4806094547442936,-0.44905335334861096,-0.44905335334861096,0.015625000000000062,0.005524861878453073,0.004250797024442225,0.008807045636509426,0.022471910112359696,0.04539845977109331
2020-04-28,82.0,82.1,81.2,81.3,81.3,6505,-0.4433766385639454,-0.4830225799889448,-0.4420697498262942,-0.48706348025119817,-0.48706348025119817,0.0037037037037036687,-0.0009830425165888216,-0.002943340691685,0.0006153846153845804,0.010038264672265476,0.034044176877093074
2020-04-29,81.5,84.0,81.5,83.7,83.7,6505,-0.4751754225178135,-0.3637971220360606,-0.42279989736729495,-0.3350229726408511,-0.3350229726408511,0.023978468314166793,0.027498158605450462,0.025316455696202483,0.028192371475953586,0.03369065849923441,0.05842185128983314
2020-04-30,83.9,90.3,83.9,89.7,89.7,6505,-0.32254125953924634,0.031529396439290834,-0.2686410776952991,0.04507829638501563,0.04507829638501563,0.07399425287356312,0.09097543176842622,0.09159500243387947,0.09630897091175765,0.10109987233624673,0.12467087390813718
2020-05-04,85.2,87.8,85.0,86.4,86.4,6505,-0.23986442125918955,-0.12534620613029315,-0.1979849520123015,-0.1639774015792109,-0.1639774015792109,0.021276595744680986,0.04600484261501225,0.04795019002183247,0.05058365758754877,0.05649303008070438,0.07511717615828145
2020-05-05,88.1,88.8,86.0,86.0,86.0,6505,-0.05543147432675527,-0.06259596510245956,-0.1337521104823034,-0.18931748618093572,-0.18931748618093572,0.0067899789276515835,0.03577020354088882,0.03898195876288669,0.04217159476490535,0.04837136727130899,0.06190319394138956
2020-05-06,86.4,86.7,84.5,85.0,85.0,6505,-0.16354733976990599,-0.19437147126090976,-0.23010137277730058,-0.25266769768524683,-0.25266769768524683,-0.013463324048282389,0.01698971045704699,0.024425518238791633,0.027873511094987515,0.03366086195155189,0.043755883917973054
2020-05-07,84.1,86.0,84.1,84.4,84.4,6505,-0.30982174595769985,-0.23829663998039344,-0.2557945093893002,-0.29067782458783314,-0.29067782458783314,-0.022016222479721802,0.004522732682694542,0.015969825856673007,0.019323671497584644,0.024470771023499774,0.03102858538968997
2020-05-08,85.9,88.6,85.8,88.3,88.3,6505,-0.19534612372377405,-0.07514601330802645,-0.14659867878830318,-0.04361199972102031,-0.04361199972102031,0.026505463845617142,0.041642090362156436,0.05765391679310069,0.06212786431707454,0.06823130897653037,0.07390440669720663
2020-05-11,89.8,90.2,88.8,88.9,88.9,6505,0.052684391116396355,0.025254372336507833,0.046099845801691186,-0.005601872818433095,-0.005601872818433095,0.027508090614886675,0.0390369331463301,0.05951056729699655,0.06511711495836581,0.06984692403966498,0.076662225990069
2020-05-12,87.5,88.0,86.0,86.5,86.5,6505,-0.0935900150713966,-0.11279615792472625,-0.1337521104823034,-0.15764238042878015,-0.15764238042878015,-0.0013853613484184316,0.005580097651708785,0.02699066012347625,0.033020839553352846,0.03791696664266855,0.04472804863319779
2020-05-13,86.0,87.6,85.1,87.6,87.6,6505,-0.1889863669330008,-0.13789625433586006,-0.19156166785930206,-0.08795714777403828,-0.08795714777403828,0.005278861602019503,0.010963646855164324,0.03342508847817533,0.042670951615782646,0.04804747320061245,0.05478627332931965
2020-05-14,86.8,87.8,85.9,86.7,86.7,6505,-0.13810831260681208,-0.12534620613029315,-0.14017539463530285,-0.14497233812791774,-0.14497233812791774,-0.01027397260273963,-0.0028752156411730877,0.01744640901267405,0.02963006947330924,0.03510028653295126,0.04139974375400392
2020-05-15,87.5,87.7,86.4,86.4,86.4,6505,-0.0935900150713966,-0.13162123023307615,-0.10805897387030378,-0.1639774015792109,-0.1639774015792109,-0.009401513414354428,-0.0025398291387668517,0.00950303785636391,0.023454157782516038,0.029159519725557376,0.0357228482378327
2020-05-18,87.4,90.0,87.0,89.3,89.3,6505,-0.09994977186216984,0.012704324130940935,-0.06951926895230526,0.019738211783290816,0.019738211783290816,0.02290950744558992,0.027499712346105175,0.03668446714650548,0.053625154858120486,0.060167157374869204,0.06567484784597634
2020-05-19,92.3,95.0,91.5,92.1,92.1,6505,0.21167831088573671,0.3264555292701089,0.2195285179326863,0.19711880399536177,0.19711880399536177,0.0416195430897986,0.05233089579524678,0.06081548030407742,0.08003518029903241,0.0877267573696143,0.09399746594868538
2020-05-20,93.0,93.0,91.0,91.0,91.0,6505,0.2561966084211522,0.2009550472144417,0.18741209716768725,0.12743357134061992,0.12743357134061992,0.021324354657688057,0.032682705401725035,0.040396341463414615,0.05998835177635418,0.07018534198889816,0.07688059642617652
2020-05-21,91.5,93.0,91.3,92.0,92.0,6505,0.16080025655954797,0.2009550472144417,0.2066819496266865,0.19078378284493103,0.19078378284493103,0.020408163265306162,0.03510351035103516,0.04521699613724158,0.064198958935801,0.07733383296641527,0.08456460232631247
2020-05-22,91.6,91.6,90.0,90.0,90.0,6505,0.16716001335032124,0.11310470977547434,0.12317925563768913,0.06408335983630878,0.06408335983630878,-0.009683098591549246,0.010668163952835518,0.022262607905497594,0.035554021401449816,0.050028000746686535,0.05749647501174993
2020-05-25,89.9,90.0,88.0,89.0,89.0,6505,0.05904414790717051,0.012704324130940935,-0.005286427422307134,0.000733148331997658,0.000733148331997658,-0.020039638846069227,-0.0006737031214909956,0.008917775090689181,0.019356316573130198,0.03526893727898732,0.04300949255830308
2020-05-26,89.1,90.1,89.0,89.6,89.6,6505,0.008166093580980872,0.018979348233723936,0.05894641410769099,0.03874327523458397,0.03874327523458397,-0.007971656333038075,0.00257357054940141,0.012963521254145087,0.021723017275785243,0.03843122711047243,0.046565955458651276
2020-05-27,90.0,90.5,88.4,89.0,89.0,6505,0.06540390469794376,0.04407944464485773,0.020406709189692483,0.000733148331997658,0.000733148331997658,-0.01023131672597851,-0.005697687409228076,0.0031559963931468314,0.010445049954586758,0.026954675528477783,0.03673215811136137
2020-05-28,89.0,89.4,87.7,87.9,87.9,6505,0.00180633679020762,-0.024945820485758864,-0.02455627988130639,-0.06895208432274422,-0.06895208432274422,-0.01346801346801334,-0.0193015731339952,-0.01184141497414368,-0.004417261297995249,0.010577144171073829,0.02193458378545966
2020-05-29,87.3,88.6,87.2,87.7,87.7,6505,-0.106309528652944,-0.07514601330802645,-0.05667270064630545,-0.08162212662360663,-0.08162212662360663,-0.010604693140794198,-0.02295008912655974,-0.013646247281997505,-0.005556185508561164,0.00508847529109749,0.01740139211136891
2020-06-01,89.0,90.4,88.8,89.9,89.9,6505,0.00180633679020762,0.03780442054207473,0.046099845801691186,0.05774833868587803,0.05774833868587803,0.012159423553253751,0.0008906702293477233,0.010339402112834363,0.017371131103943994,0.026115144044194818,0.03998766050977515
2020-06-02,90.0,91.1,89.3,90.3,90.3,6505,0.06540390469794376,0.08172958926155753,0.07821626656669024,0.08308842328760194,0.08308842328760194,0.015062949640287647,0.007362784471218008,0.011953679491968579,0.019417475728155328,0.026743075453677052,0.041162227602905485
2020-06-03,91.8,93.9,91.6,93.5,93.5,6505,0.17987952693186865,0.2574302641394923,0.22595180208568574,0.2858091001013977,0.2858091001013977,0.04050745604273315,0.040160195794860215,0.04321630467122865,0.05050278074265496,0.0572617486091636,0.07228869605107222
2020-06-04,94.5,94.5,92.6,93.5,93.5,6505,0.3515929602827564,0.2950804087561921,0.29018464361568386,0.2858091001013977,0.2858091001013977,0.027698395251703787,0.038427365615282025,0.037966252220248686,0.045159847976749455,0.05259602827937117,0.06678329656955949
2020-06-05,93.5,94.6,93.0,94.3,94.3,6505,0.28799539237502025,0.3013554328589751,0.3158777802276835,0.33648926930484646,0.33648926930484646,0.021668472372697724,0.042334475516745865,0.04076226914870145,0.05057932263814624,0.05940772030737442,0.07041507435014567
2020-06-08,95.3,95.9,94.7,95.0,95.0,6505,0.40247101460894513,0.3829307461951595,0.4250736108286805,0.3808344173578644,0.3808344173578644,0.018002571795970774,0.04315361809597005,0.044109026963657705,0.05479376006217718,0.06316307802497863,0.07267868568632618
2020-06-09,95.2,96.3,94.6,96.0,96.0,6505,0.39611125781817186,0.4080308426062924,0.41865032667568014,0.4441846288621755,0.4441846288621755,0.016303197120474188,0.046777886817140894,0.05209322714985019,0.06030483764082166,0.06956637996345648,0.07824784724822166
2020-06-10,96.2,97.0,95.9,96.3,96.3,6505,0.45970882572590804,0.4519560113257761,0.5021530206646785,0.4631896923134687,0.4631896923134687,0.013470848242475129,0.04175681523150151,0.05131004366812231,0.05853256389117893,0.06753281305427439,0.07557706626954579
2020-06-11,95.2,95.7,92.4,93.0,93.0,6505,0.39611125781817186,0.3703806979895926,0.27733807530968496,0.25413399434924216,0.25413399434924216,-0.02022756005056892,0.0005379236148466612,0.014545454545454493,0.018731514952349586,0.027034190299496347,0.035135235409787406
2020-06-12,90.0,91.0,89.2,91.0,91.0,6505,0.06540390469794376,0.07545456515877452,0.0717929824136908,0.12743357134061992,0.12743357134061992,-0.034585189900275884,-0.024442538593482003,-0.007994186046511639,-0.005681818181818293,0.0037502757555703003,0.012385967514648035
2020-06-15,90.5,91.4,90.0,90.0,90.0,6505,0.09720268865181184,0.10055466156990832,0.12317925563768913,0.06408335983630878,0.06408335983630878,-0.034956036886124864,-0.03526637367349118,-0.01960784313725487,-0.01698432636120372,-0.007761509966484318,-7.406858751212666e-05
2020-06-16,90.5,91.9,90.3,90.8,90.8,6505,0.09720268865181184,0.1319297820838251,0.14244910809668837,0.1147635290397575,0.1147635290397575,-0.015397961396660179,-0.027212341975573238,-0.011754462342185289,-0.0075418078478522,-0.0008363044148069173,0.007024029574861284
2020-06-17,88.0,89.5,87.9,89.2,89.2,6505,-0.061791231117528524,-0.018670796382975863,-0.011709711575306583,0.013403190632860064,0.013403190632860064,-0.01762114537444928,-0.03993111613389295,-0.029309344167150263,-0.024070021881838103,-0.019133494611831923,-0.012254540085634162
2020-06-18,89.3,89.3,88.1,88.5,88.5,6505,0.020885607162528283,-0.03122084458854276,0.0011368567306923128,-0.030941957420157904,-0.030941957420157904,-0.015572858731924422,-0.042311438156043685,-0.03734590282813637,-0.02987119758838032,-0.02760075594427109,-0.021486750451479845
2020-06-19,89.0,89.1,87.9,88.1,88.1,6505,0.00180633679020762,-0.04377089279410966,-0.011709711575306583,-0.056282042021882715,-0.056282042021882715,-0.013658755038065372,-0.04020045756618366,-0.041974771639843554,-0.03324920443322727,-0.03271848924022842,-0.025837602742250634
2020-06-22,88.1,88.9,88.0,88.2,88.2,6505,-0.05543147432675527,-0.05632094099967566,-0.005286427422307134,-0.049947020871451066,-0.049947020871451066,-0.008543165467625798,-0.03193941389529137,-0.039703854249836475,-0.03172686354155232,-0.031152511094511892,-0.02448016516737934
2020-06-23,88.7,89.5,88.3,89.3,89.3,6505,-0.017272933582113043,-0.018670796382975863,0.01398342503669212,0.019738211783290816,0.019738211783290816,0.007218587863749161,-0.01260504201680673,-0.027021137502723946,-0.01948943178698881,-0.01786107078439131,-0.013332351208014109
2020-06-24,89.5,89.6,88.6,89.0,89.0,6505,0.03360512074407569,-0.01239577228019286,0.033253277495691375,0.000733148331997658,0.000733148331997658,0.0042879711126157715,-0.00791439081484793,-0.02710975076519462,-0.022783420258029128,-0.020298533750165056,-0.017153795185157854
2020-06-29,88.1,88.4,87.4,88.2,88.2,6505,-0.05543147432675527,-0.08769606151359247,-0.04382613234030565,-0.049947020871451066,-0.049947020871451066,-0.004065040650406338,-0.011543202958646208,-0.032116467920111004,-0.03172686354155232,-0.027477616548317277,-0.026525882049961244
2020-06-30,88.5,88.9,88.3,88.5,88.5,6505,-0.02999244716366045,-0.05632094099967566,0.01398342503669212,-0.030941957420157904,-0.030941957420157904,-0.0015794223826716466,-0.005394470667565789,-0.02468591580339426,-0.028859870514649354,-0.02352370023832632,-0.02396882582163075
2020-07-01,88.5,88.9,88.4,88.5,88.5,6505,-0.02999244716366045,-0.05632094099967566,0.020406709189692483,-0.030941957420157904,-0.030941957420157904,-0.002254791431792591,-0.0037149611617698125,-0.02000590580245081,-0.028113331869097324,-0.023308171103165087,-0.023681694491431874
2020-07-02,88.6,90.1,88.4,89.8,89.8,6505,-0.023632690372887198,0.018979348233723936,0.020406709189692483,0.05141331753544638,0.05141331753544638,0.011261261261261262,0.012059055561816832,-0.001038267576386991,-0.013566210798044702,-0.009048775104833451,-0.008501711383460264
2020-07-03,90.1,90.5,88.8,88.9,88.9,6505,0.07176366148871702,0.04407944464485773,0.046099845801691186,-0.005601872818433095,-0.005601872818433095,0.0013516557783285036,0.002254791431792591,-0.005592841163310961,-0.02097902097902099,-0.01893705305906235,-0.017679558011049663
2020-07-06,89.6,90.7,89.1,89.6,89.6,6505,0.039964877534848946,0.05662949285042463,0.06536969826069045,0.03874327523458397,0.03874327523458397,0.006063328093420077,0.008895394662763113,0.004784688995215102,-0.011146672552698434,-0.01195359710643557,-0.009068790090687982
2020-07-07,90.1,90.2,88.9,88.9,88.9,6505,0.07176366148871702,0.025254372336507833,0.05252312995469154,-0.005601872818433095,-0.005601872818433095,-0.002692393986986705,0.00011249859376763546,-0.0014975664545113338,-0.015939783041841904,-0.020191332716131105,-0.01641158030610364
2020-07-08,88.9,89.4,88.2,88.7,88.7,6505,-0.0045534200005656325,-0.024945820485758864,0.007560140883692673,-0.0182719151192955,-0.0182719151192955,-0.005382372729311549,-0.0026984483921744422,-0.0027731974216759444,-0.01471813385170789,-0.02187817034978601,-0.01851578636765991
2020-07-09,89.0,89.0,88.0,88.2,88.2,6505,0.00180633679020762,-0.05004591689689266,-0.005286427422307134,-0.049947020871451066,-0.049947020871451066,-0.007427413909520556,-0.007092198581560391,-0.006458395914689144,-0.0160093713393206,-0.02649006622516547,-0.023544173001697526
2020-07-10,88.0,88.0,86.6,86.7,86.7,6505,-0.061791231117528524,-0.11279615792472625,-0.09521240556430488,-0.14497233812791774,-0.14497233812791774,-0.01945261253110155,-0.021444695259593586,-0.02151832066812128,-0.027536313162469836,-0.040164732973164315,-0.03933518005540163
2020-07-13,86.8,87.4,86.5,87.4,87.4,6505,-0.13810831260681208,-0.15044630254142605,-0.10163568971730433,-0.10062719007489979,-0.10062719007489979,-0.006592407365310278,-0.012652507907817492,-0.012801204819277023,-0.016596343178621596,-0.029794414102393293,-0.03140007388252673
2020-07-14,87.4,87.4,85.1,85.1,85.1,6505,-0.09994977186216984,-0.15044630254142605,-0.19156166785930206,-0.24633267653481608,-0.24633267653481608,-0.02430635175418487,-0.034928555227942824,-0.03660377358490567,-0.039286520659291085,-0.051451246154532226,-0.05598284277473762
2020-07-15,86.0,86.0,83.0,84.3,84.3,6505,-0.1889863669330008,-0.23829663998039344,-0.32645063507229777,-0.2970128457382648,-0.2970128457382648,-0.023627519110493468,-0.03942570647219699,-0.04284308530769821,-0.04524605017271636,-0.05586416987725129,-0.0629168519341931
2020-07-16,85.0,86.0,84.4,85.8,85.8,6505,-0.25258393484073693,-0.23829663998039344,-0.23652465693030003,-0.20198752848179813,-0.20198752848179813,-0.0006988120195667631,-0.017857142857142884,-0.023224043715846906,-0.025498324720313527,-0.034653465346534636,-0.044649816278810726
2020-07-17,86.8,86.8,85.8,86.1,86.1,6505,-0.13810831260681208,-0.18809644715812673,-0.14659867878830318,-0.18298246503050497,-0.18298246503050497,0.004198740377886461,-0.011254019292604708,-0.01764661139423443,-0.020366367049721314,-0.026810742381770503,-0.03866909821727632
2020-07-20,85.2,86.0,84.7,86.0,86.0,6505,-0.23986442125918955,-0.23829663998039344,-0.21725480447130077,-0.18931748618093572,-0.18931748618093572,0.0063187456119822875,-0.008302583025830245,-0.017142857142857144,-0.020110522417820322,-0.024854862119012985,-0.03709785772934223
2020-07-21,86.0,87.2,85.4,85.8,85.8,6505,-0.1889863669330008,-0.16299635074699295,-0.1722918154003019,-0.20198752848179813,-0.20198752848179813,0.0023364485981308743,-0.0070593681286888026,-0.017407237746220914,-0.02110667427267551,-0.024822695035460966,-0.036279905649781015
2020-07-22,86.0,87.0,85.9,87.0,87.0,6505,-0.1889863669330008,-0.17554639895255986,-0.14017539463530285,-0.12596727467662458,-0.12596727467662458,0.009983747387973061,0.008812615955473158,-0.002522357257509895,-0.006735928758990791,-0.009833378858235344,-0.019865560103646422
2020-07-23,86.2,86.2,84.8,85.2,85.2,6505,-0.1762668533514534,-0.22574659177482653,-0.21083152031830132,-0.23999765538438445,-0.23999765538438445,-0.009532666821669464,-0.008610658599022514,-0.019713124185011782,-0.02500429135435146,-0.02784116841624826,-0.0362354360695298
2020-07-24,84.6,85.8,84.0,84.7,84.7,6505,-0.27802296200383175,-0.25084668818596034,-0.2622177935422996,-0.27167276113654,-0.27167276113654,-0.012129694425005739,-0.012129694425005739,-0.02231627549057334,-0.028335436503384177,-0.031557283329521964,-0.03768225714826733
2020-07-27,84.3,84.4,83.0,83.5,83.5,6505,-0.2971022323761524,-0.3386970256249268,-0.32645063507229777,-0.3476930149417135,-0.3476930149417135,-0.020412951665884665,-0.02167545401288804,-0.031622081336013526,-0.03951227928912408,-0.04308961723584695,-0.04789053591790197
2020-07-28,82.9,82.9,81.6,82.1,82.1,6505,-0.38613882744698247,-0.4328223871666772,-0.41637661321429553,-0.43638331104774947,-0.43638331104774947,-0.028402366863905393,-0.03468547912992361,-0.04282605316337649,-0.05212722969462565,-0.056538726729487496,-0.060676556958163395
2020-07-29,82.0,83.0,81.1,82.0,82.0,6505,-0.4433766385639454,-0.42654736306389424,-0.4484930339792946,-0.44271833219818024,-0.44271833219818024,-0.017964071856287425,-0.03324687573685444,-0.03898742089225722,-0.04971607370494834,-0.05499469875074915,-0.05894954286370074
2020-07-30,82.4,82.5,81.0,81.3,81.3,6505,-0.41793761140085056,-0.457922483577811,-0.454916318132294,-0.48706348025119817,-0.48706348025119817,-0.01716634429400389,-0.03638734147208732,-0.04202670856245086,-0.05316485180224769,-0.0595937630130016,-0.06357982031789922
2020-07-31,80.8,81.7,80.7,81.5,81.5,6505,-0.5196937200532289,-0.5081226764000777,-0.47418617059129325,-0.4743934379503358,-0.4743934379503358,-0.007066276803118888,-0.028721248957216026,-0.035731187884524326,-0.046727878823322896,-0.053997585662549925,-0.05849281836035272
2020-08-03,80.7,81.5,80.0,80.0,80.0,6505,-0.5260534768440022,-0.5206727246056446,-0.5191491596622921,-0.5694187552068025,-0.5694187552068025,-0.01695748341115748,-0.03973112471492004,-0.04792129482703908,-0.058989590072340184,-0.0678598061148398,-0.07278627723690312
2020-08-04,80.6,81.3,80.2,81.0,81.0,6505,-0.5324132336347763,-0.5332227728112116,-0.5063025913562923,-0.5060685437024913,-0.5060685437024913,-0.001971414489896459,-0.022093444404201357,-0.03287431346016075,-0.04277948475537687,-0.05289743229970551,-0.05861387672878011
2020-08-05,81.0,81.3,80.5,81.1,81.1,6505,-0.5069742064716816,-0.5332227728112116,-0.4870327388972931,-0.4997335225520606,-0.4997335225520606,0.001481847369720975,-0.013861867704280164,-0.029207565238209218,-0.03727445394112062,-0.04843478668982041,-0.05485199285214837
2020-08-06,81.7,83.5,81.7,82.7,82.7,6505,-0.46245590893626604,-0.3951722425499774,-0.40995332906129517,-0.39837318414516226,-0.39837318414516226,0.017720895889736618,0.008659592633248055,-0.00759999999999991,-0.015065801226701607,-0.026417404407609715,-0.03372799501479969
2020-08-07,83.0,83.6,82.1,82.2,82.2,6505,-0.37977907065620925,-0.38889721844719444,-0.38426019244929643,-0.4300482898973178,-0.4300482898973178,0.009828009828009793,0.005627599706386025,-0.010512799935799714,-0.018390255552901746,-0.029240871085077225,-0.03701968134957822
2020-08-10,82.7,84.4,82.1,84.2,84.2,6505,-0.3988583410285299,-0.3386970256249268,-0.38426019244929643,-0.3033478668886956,-0.3033478668886956,0.023832684824902823,0.029214032514362553,0.015028530097243293,0.007418042593922046,-0.003078380298365983,-0.012046307884856118
2020-08-11,84.5,84.7,83.5,83.7,83.7,6505,-0.284382718794605,-0.3198719533165769,-0.2943342143072987,-0.3350229726408511,-0.3350229726408511,0.01111379560280263,0.021105282420397754,0.010706810497504644,0.0022751766255537987,-0.006551773251673462,-0.01606583072100306
2020-08-12,83.7,83.9,82.2,83.4,83.4,6505,-0.3352607731207938,-0.37007214613884365,-0.37783690829629607,-0.3540280360921443,-0.3540280360921443,0.0019221528111486163,0.0157106320789186,0.01001130308412743,-0.0007787695441202626,-0.007615421227986679,-0.017629274804664526
2020-08-13,83.7,84.2,83.3,83.9,83.9,6505,-0.3352607731207938,-0.35124707383049375,-0.3071807826132985,-0.32235293033998874,-0.32235293033998874,0.005031145184475515,0.018574723807211552,0.0171340822759233,0.006357202830754653,0.0003815519626078656,-0.00944510035419123
2020-08-14,83.0,83.5,82.3,83.0,83.0,6505,-0.37977907065620925,-0.3951722425499774,-0.37141362414329665,-0.3793681206938691,-0.3793681206938691,-0.0076518412242947715,0.005816771691710976,0.007607640012948982,-0.0025836688097098286,-0.008600095556617282,-0.017790225237663174
2020-08-17,83.3,84.7,83.0,84.6,84.6,6505,-0.3606998002838886,-0.3198719533165769,-0.32645063507229777,-0.27800778228697165,-0.27800778228697165,0.010511227902532196,0.019522776572667995,0.026117894396377316,0.01749954898069618,0.011864893311644873,0.0031224062290028313
2020-08-18,85.0,85.0,83.9,84.9,84.9,6505,-0.25258393484073693,-0.301046881008227,-0.2686410776952991,-0.2590027188356776,-0.2590027188356776,0.01119580752739414,0.018351925152932897,0.027430415490116968,0.021660649819494723,0.015550239234449897,0.008273623371996428
2020-08-19,84.9,84.9,83.8,83.8,83.8,6505,-0.2589436916315102,-0.30732190511101004,-0.27506436184829947,-0.32868795149042035,-0.32868795149042035,-0.0028557829604949417,0.0019129603060734379,0.012648030290824138,0.010368941403424155,0.0026322086623594026,-0.0028557829604951104
2020-08-20,83.3,83.8,80.5,81.6,81.6,6505,-0.3606998002838886,-0.3763471702416275,-0.4870327388972931,-0.468058416799905,-0.468058416799905,-0.023689877961234795,-0.023105471088231855,-0.014175257731958747,-0.014016433059449138,-0.02172349302258665,-0.02648532569792411
2020-08-21,82.4,83.5,82.0,83.1,83.1,6505,-0.41793761140085056,-0.3951722425499774,-0.3906834766022959,-0.37303309954343833,-0.37303309954343833,-0.005980861244019139,-0.006218607988519446,0.002654440154439969,0.005079825834542836,-0.002305143351102234,-0.007168458781362109
2020-08-24,82.7,82.9,81.8,82.1,82.1,6505,-0.3988583410285299,-0.4328223871666772,-0.4035300449082957,-0.43638331104774947,-0.43638331104774947,-0.012033694344163659,-0.015705550893178304,-0.011081667068176364,-0.006173586732840951,-0.012461508852964005,-0.017041146186694323
2020-08-25,82.6,84.5,82.6,83.5,83.5,6505,-0.40521809781930407,-0.33242200152214385,-0.3521437716842974,-0.3476930149417135,-0.3476930149417135,0.008210577155276413,0.001319103009953225,0.00376662926751081,0.00991775520077416,0.005491064977602272,0.00035941056667067377
2020-08-26,83.3,83.9,83.1,83.1,83.1,6505,-0.3606998002838886,-0.37007214613884365,-0.3200273509192983,-0.37303309954343833,-0.37303309954343833,0.005079825834542836,-0.003119001919385858,-0.0026404224675948018,0.004411675832477124,0.002557668178747265,-0.003955411722401994
2020-08-27,83.2,83.5,82.6,83.0,83.0,6505,-0.3670595570746618,-0.3951722425499774,-0.3521437716842974,-0.3793681206938691,-0.3793681206938691,0.00048216007714568777,-0.0032424642728474864,-0.004079673626109782,0.002173388070514279,0.002415458937198102,-0.004039838406463649
2020-08-28,83.0,83.7,82.0,83.2,83.2,6505,-0.37977907065620925,-0.3826221943444105,-0.3906834766022959,-0.36669807839300667,-0.36669807839300667,0.002651241262955087,-0.001080561892183806,-0.0024778195188233966,0.0035582896085881634,0.005559584239787382,-0.0004805382027871966
2020-08-31,82.7,83.4,82.0,82.0,82.0,6505,-0.3988583410285299,-0.4014472666527604,-0.3906834766022959,-0.44271833219818024,-0.44271833219818024,-0.011571841851494622,-0.012405154763338566,-0.015133317319240825,-0.012107704355159442,-0.008224479922593212,-0.013316220118722955
2020-09-01,82.3,82.3,80.5,81.0,81.0,6505,-0.4242973681916247,-0.47047253178337795,-0.4870327388972931,-0.5060685437024913,-0.5060685437024913,-0.017705554208100823,-0.019845111326234274,-0.025036109773712064,-0.024155171375218474,-0.019797666876422017,-0.023468895675936415
2020-09-02,81.0,81.4,80.5,81.0,81.0,6505,-0.5069742064716816,-0.5269477487084276,-0.4870327388972931,-0.5060685437024913,-0.5060685437024913,-0.012676743052169748,-0.016512870325400504,-0.023154848046309715,-0.024096385542168676,-0.019322969635333472,-0.021108604576216602
2020-09-03,81.4,83.2,80.8,81.1,81.1,6505,-0.4815351793085867,-0.4139973148583273,-0.46776288643829383,-0.4997335225520606,-0.4997335225520606,-0.0068577026696057105,-0.014700522415259482,-0.01974214343271563,-0.021948866377231153,-0.01801714534799244,-0.01827865875801967
2020-09-04,80.9,81.7,80.2,81.0,81.0,6505,-0.5133339632624547,-0.5081226764000777,-0.5063025913562923,-0.5060685437024913,-0.5060685437024913,-0.00270869244028563,-0.013398294762484707,-0.01937046004842608,-0.0224475018102824,-0.018990407906210614,-0.01802311484684391
2020-09-07,82.5,82.5,81.4,81.6,81.6,6505,-0.4115778546100773,-0.457922483577811,-0.42922318152029443,-0.468058416799905,-0.468058416799905,0.005669213704707659,-0.005484460694698389,-0.009708737864077808,-0.013658890366251609,-0.012489108335753831,-0.00998908076192022
2020-09-08,81.6,82.5,81.4,82.2,82.2,6505,-0.4688156657270402,-0.457922483577811,-0.42922318152029443,-0.4300482898973178,-0.4300482898973178,0.010076185795035551,0.003417968750000188,-0.00024324981756258844,-0.0055048091464521,-0.005805515239477551,-0.002749919120025966
2020-09-09,81.3,81.7,81.0,81.2,81.2,6505,-0.48789493609936085,-0.5081226764000777,-0.454916318132294,-0.49339850140162894,-0.49339850140162894,-0.002702038811102735,-0.006484766915453162,-0.010319330462338303,-0.016294142588890725,-0.01794784964442933,-0.014563106796116538
2020-09-10,81.3,81.6,81.0,81.6,81.6,6505,-0.48789493609936085,-0.5143977005028616,-0.454916318132294,-0.468058416799905,-0.468058416799905,0.0009813542688908742,0.0001225640397106374,-0.005444056228162905,-0.01006914958146304,-0.01258470474346571,-0.009828904259191874
2020-09-11,81.6,82.1,81.4,82.0,82.0,6505,-0.4688156657270402,-0.4830225799889448,-0.42922318152029443,-0.44271833219818024,-0.44271833219818024,0.0034263338228096075,0.006505462133300615,0.0003253090435914627,-0.004612770089827573,-0.007648368670732948,-0.0051763183435780775
2020-09-14,82.4,82.4,81.4,82.3,82.3,6505,-0.41793761140085056,-0.46419750768059403,-0.42922318152029443,-0.4237132687468871,-0.4237132687468871,0.005375030539946397,0.009815950920245365,0.003821759635713115,0.0004254543244390977,-0.0031009254324337447,-0.002464546886994463
2020-09-15,82.3,82.4,81.6,82.4,82.4,6505,-0.4242973681916247,-0.46419750768059403,-0.41637661321429553,-0.4173782475964554,-0.4173782475964554,0.006105006105006105,0.009309162175404275,0.005941238707577088,0.0031653274896518762,-0.0012605449432752957,-0.0018170805572379344
2020-09-16,82.6,83.2,81.8,83.2,83.2,6505,-0.40521809781930407,-0.4139973148583273,-0.4035300449082957,-0.36669807839300667,-0.36669807839300667,0.010935601458080264,0.01636941118983635,0.015624999999999837,0.013274875167458329,0.008533747090768306,0.007020091987412401
2020-09-17,82.4,83.8,82.4,83.4,83.4,6505,-0.41793761140085056,-0.3763471702416275,-0.3649903399902963,-0.3540280360921443,-0.3540280360921443,0.008952334865715087,0.01595809477402853,0.017735112268141878,0.014598540145985436,0.011203259129928787,0.009155810107691613
2020-09-18,83.8,85.3,83.5,84.8,84.8,6505,-0.3289010163300205,-0.2822218086998771,-0.2943342143072987,-0.26533773998610927,-0.26533773998610927,0.018985820716173975,0.028252697950769956,0.033474163145921394,0.030564501427963794,0.02728109705868113,0.025021153148797385
2020-09-21,84.7,85.7,84.1,84.8,84.8,6505,-0.2716632052130576,-0.25712171228874336,-0.2557945093893002,-0.26533773998610927,-0.26533773998610927,0.012900143334925923,0.02427829448000973,0.03112840466926073,0.028876486289735444,0.02718154949367702,0.02477341389728093
2020-09-22,84.3,84.3,81.8,82.0,82.0,6505,-0.2971022323761524,-0.34497204972771073,-0.4035300449082957,-0.44271833219818024,-0.44271833219818024,-0.01960784313725491,-0.00930288751963284,-0.003725903126518603,-0.004189689720080137,-0.005337214944201816,-0.008384392131570568
2020-09-23,82.3,82.5,81.1,81.6,81.6,6505,-0.4242973681916247,-0.457922483577811,-0.4484930339792946,-0.468058416799905,-0.468058416799905,-0.02064330292846871,-0.014611761864509213,-0.009067357512953405,-0.008143916372918461,-0.009131532931805051,-0.012505042355788773
2020-09-24,81.0,81.0,79.0,79.4,79.4,6505,-0.5069742064716816,-0.5520478451195614,-0.5833820011922902,-0.6074288821093888,-0.6074288821093888,-0.0378090159961222,-0.0386245308148686,-0.03445480340494522,-0.03276891216956995,-0.03481474277934443,-0.03738128914932304
2020-09-25,79.1,80.2,79.1,80.1,80.1,6505,-0.6278095854963806,-0.6022480379418281,-0.5769587170392908,-0.5630837340563717,-0.5630837340563717,-0.018141701397401372,-0.027912621359223438,-0.0252312185623885,-0.02239580155000908,-0.024883132060771293,-0.027755300210390143
2020-09-28,80.4,80.8,79.6,80.6,80.6,6505,-0.5451327472163229,-0.5645978933251283,-0.5448422962742918,-0.5314086283042162,-0.5314086283042162,-0.0017339608620262643,-0.019822449227775697,-0.018350113673270472,-0.01545226897941734,-0.01807904098240837,-0.020100502512562846
2020-09-29,80.9,80.9,80.3,80.4,80.4,6505,-0.5133339632624547,-0.5583228692223444,-0.4998793072032929,-0.5440786706050776,-0.5440786706050776,-0.00024869435463810023,-0.019870778983298736,-0.019352740282972746,-0.01753528441375925,-0.019033674963396634,-0.020746214120417186
2020-09-30,80.9,80.9,80.0,80.0,80.0,6505,-0.5133339632624547,-0.5583228692223444,-0.5191491596622921,-0.5694187552068025,-0.5694187552068025,-0.0012484394506865708,-0.020927671031697563,-0.023278528406316126,-0.021825518126795826,-0.022435114130700408,-0.024112552352295282
2020-10-05,80.5,81.4,79.9,80.5,80.5,6505,-0.5387729904255496,-0.5269477487084276,-0.5255724438152916,-0.5377436494546469,-0.5377436494546469,0.002241035856573613,-0.011299435028248608,-0.0162932790224032,-0.015350743073818061,-0.015121855730644883,-0.017573834513058308
2020-10-06,81.0,81.5,80.6,81.5,81.5,6505,-0.5069742064716816,-0.5206727246056446,-0.4806094547442936,-0.4743934379503358,-0.4743934379503358,0.011166253101737043,0.005056110494512228,-0.0036674816625916523,-0.0034238200048911853,-0.0020571092716852642,-0.00472197345925267
2020-10-07,81.0,82.0,80.6,81.9,81.9,6505,-0.5069742064716816,-0.48929760409172784,-0.4806094547442936,-0.44905335334861096,-0.44905335334861096,0.012861736334405223,0.01361386138613872,0.0015489972281103788,0.0012836970474968395,0.002889890282131713,0.00024425989252559866
2020-10-08,81.9,81.9,80.9,81.4,81.4,6505,-0.44973639535471865,-0.4955726281945108,-0.46133960228529347,-0.48072845910076656,-0.48072845910076656,0.0041944238835432725,0.008174386920981061,-0.003753263707571693,-0.00434224206470557,-0.003428011753183167,-0.005011612272338303
2020-10-12,81.7,82.3,81.2,81.9,81.9,6505,-0.46245590893626604,-0.47047253178337795,-0.4420697498262942,-0.44905335334861096,-0.44905335334861096,0.005648330058939194,0.013990342949114712,0.003430531732418364,0.0013449076904268695,0.0022517010132655996,0.001589825119236828
2020-10-13,81.9,82.0,80.8,82.0,82.0,6505,-0.44973639535471865,-0.48929760409172784,-0.46776288643829383,-0.44271833219818024,-0.44271833219818024,0.0031808172253485548,0.011970874984573601,0.005805871289557557,0.002322454467668961,0.003033564928075211,0.003221728314505785
2020-10-14,82.0,82.0,81.2,81.6,81.6,6505,-0.4433766385639454,-0.48929760409172784,-0.4420697498262942,-0.468058416799905,-0.468058416799905,-0.00195694716242692,0.0051736881005173905,0.0035254570796096796,-0.002323022374373541,-0.0021522207004502068,-0.0010201999591921175
2020-10-15,81.0,81.7,80.9,81.1,81.1,6505,-0.5069742064716816,-0.5081226764000777,-0.46133960228529347,-0.4997335225520606,-0.4997335225520606,-0.006127450980392158,-0.0016003939431245803,0.00041118421052629246,-0.00770830784289729,-0.008023875923479695,-0.0067766165904638515
2020-10-16,81.0,81.6,80.4,80.4,80.4,6505,-0.5069742064716816,-0.5143977005028616,-0.4934560230502925,-0.5440786706050776,-0.5440786706050776,-0.012285012285012284,-0.01021789979071752,-0.006916996047430858,-0.015067989709665611,-0.015719112678125532,-0.015108207431604747
2020-10-19,80.6,81.2,80.2,81.0,81.0,6505,-0.5324132336347763,-0.5394977969139945,-0.5063025913562923,-0.5060685437024913,-0.5060685437024913,-0.00270869244028563,-0.004057543341940223,0.0009886307464161924,-0.006378802747792078,-0.008276605122679881,-0.007758268681094404
2020-10-20,80.8,81.0,80.4,80.8,80.8,6505,-0.5196937200532289,-0.5520478451195614,-0.4934560230502925,-0.5187385860033538,-0.5187385860033538,-0.002222771054581287,-0.006882989183874168,-0.0026333113890718183,-0.0072490477945694,-0.010337563078732157,-0.010086984930779478
2020-10-21,81.0,81.4,80.5,81.4,81.4,6505,-0.5069742064716816,-0.5269477487084276,-0.4870327388972931,-0.48072845910076656,-0.48072845910076656,0.005683222139856782,0.0006146281499694084,0.003699136868064259,0.002216202905688338,-0.0026954177897573982,-0.0028990241313135183
2020-10-22,81.1,81.3,80.4,81.0,81.0,6505,-0.5006144496809083,-0.5332227728112116,-0.4934560230502925,-0.5060685437024913,-0.5060685437024913,0.0009886307464161924,-0.003199606202313624,-0.0015613443997043225,-0.0003702332469455897,-0.006963515103962312,-0.007555646314069758
2020-10-23,80.6,81.5,80.5,81.2,81.2,6505,-0.5324132336347763,-0.5206727246056446,-0.4870327388972931,-0.49339850140162894,-0.49339850140162894,0.0014800197335963286,-0.0004923682914821055,0.00024636610002458755,0.002592912705272354,-0.003925417075564195,-0.004698672114402359
2020-10-26,81.2,82.0,81.1,81.4,81.4,6505,-0.49425469289013413,-0.48929760409172784,-0.4484930339792946,-0.48072845910076656,-0.48072845910076656,0.0029571217348448634,0.0025865254341668675,0.00155852678205249,0.005186465794023236,-0.000589333071407546,-0.0023287167545040267
2020-10-27,81.2,81.3,80.7,80.9,80.9,6505,-0.49425469289013413,-0.5332227728112116,-0.47418617059129325,-0.5124035648529222,-0.5124035648529222,-0.0034491254003449264,-0.0022200296003947557,-0.0049200492004919,-0.0019122817839736838,-0.005507203619019439,-0.00817327339599498
2020-10-28,80.9,81.2,80.0,80.4,80.4,6505,-0.5133339632624547,-0.5394977969139945,-0.5191491596622921,-0.5440786706050776,-0.5440786706050776,-0.007162262286984245,-0.006916996047430858,-0.01017728168089299,-0.008264462809917376,-0.00951066870349371,-0.013658297211090166
2020-10-29,80.0,80.2,79.3,80.0,80.0,6505,-0.5705717743794176,-0.6022480379418281,-0.564112148733291,-0.5694187552068025,-0.5694187552068025,-0.009655855409754903,-0.010513296227581872,-0.013563501849568366,-0.012833168805528037,-0.012101753519387552,-0.0176415210183783
2020-10-30,79.4,80.0,78.0,78.6,78.6,6505,-0.608730315124059,-0.6147980861473951,-0.6476148427222884,-0.6581090513128384,-0.6581090513128384,-0.020682780961874044,-0.025660096690219503,-0.028590261184806953,-0.029030265596047048,-0.027757161941516995,-0.03332923379658091
2020-11-02,78.6,79.1,78.2,79.1,79.1,6505,-0.6596083694502486,-0.6712733030724456,-0.6347682744162886,-0.6264339455606829,-0.6264339455606829,-0.00877192982456144,-0.017147117296222782,-0.02015030142868939,-0.022310116803658697,-0.02036064599227194,-0.025542049934297033
2020-11-03,79.1,80.4,79.1,80.1,80.1,6505,-0.6278095854963806,-0.5896979897362612,-0.5769587170392908,-0.5630837340563717,-0.5630837340563717,0.005775991963837189,-0.003855241885337673,-0.00620347394540943,-0.00970513692279175,-0.008319714752637018,-0.011883712323697582
2020-11-04,80.1,81.0,79.6,80.9,80.9,6505,-0.5642120175886444,-0.5520478451195614,-0.5448422962742918,-0.5124035648529222,-0.5124035648529222,0.014547278655631117,0.00671976107516185,0.004303566994951729,0.0005565518520809066,0.001188059997029895,-0.0004118616144975054
2020-11-05,81.0,81.5,80.8,81.2,81.2,6505,-0.5069742064716816,-0.5206727246056446,-0.46776288643829383,-0.49339850140162894,-0.49339850140162894,0.015253813453363506,0.010201542672306637,0.007944389275074664,0.00470180648354362,0.004602365516900082,0.004784688995215356
2020-11-06,81.1,81.2,80.6,81.1,81.1,6505,-0.5006144496809083,-0.5394977969139945,-0.4806094547442936,-0.4997335225520606,-0.4997335225520606,0.007703777335984153,0.009082991165857958,0.006120254734926704,0.003650764185384589,0.0030177104976747,0.003919950484835935
2020-11-09,81.8,82.3,81.3,81.9,81.9,6505,-0.45609615214549276,-0.47047253178337795,-0.4356464656732948,-0.44905335334861096,-0.44905335334861096,0.010612043435340742,0.01840338224322331,0.015289256198347118,0.013551141637274906,0.011960658330450298,0.013697499793712382
2020-11-10,83.7,86.3,83.7,86.0,86.0,6505,-0.3352607731207938,-0.21947156767204354,-0.2814876460012989,-0.18931748618093572,-0.18931748618093572,0.04597421551933838,0.06264673174348212,0.061553653719552306,0.06166286031726424,0.05973974763406939,0.061553653719552306
2020-11-11,87.0,93.6,86.9,92.2,92.2,6505,-0.12538879902526467,0.2386051918311415,-0.0759425531053047,0.20345382514579344,0.20345382514579344,0.09138257575757575,0.12288393618316897,0.12805872756933118,0.13080272275709826,0.13017896543270416,0.13244626407369495
2020-11-12,91.3,92.2,89.4,92.2,92.2,6505,0.14808074297800056,0.150754854392175,0.0846395507196906,0.20345382514579344,0.20345382514579344,0.06368251038301811,0.10644425777031068,0.11784675072744906,0.12315751004994517,0.12449995121475263,0.12709343547532692
2020-11-13,91.0,92.2,90.6,92.2,92.2,6505,0.1290014726056799,0.150754854392175,0.16171896055568763,0.20345382514579344,0.20345382514579344,0.03712035995500559,0.08867634903766684,0.10799551353949684,0.11514271891630395,0.11860623119479777,0.12169998783405649
2020-11-16,91.7,93.0,91.7,92.2,92.2,6505,0.17351977014109538,0.2009550472144417,0.2323750862386861,0.20345382514579344,0.20345382514579344,0.01363236587510988,0.07209302325581399,0.09849086576648132,0.10764055742431533,0.11304263846636733,0.1161777167991608
2020-11-17,92.2,92.7,91.8,92.5,92.5,6505,0.20531855409496347,0.1821299749060918,0.23879837039168555,0.2224588885970866,0.2224588885970866,0.002601344027747614,0.060293443374598694,0.09200377774279872,0.10348941246644792,0.1110310368021524,0.11441307578008919
2020-11-18,92.5,93.8,92.1,93.3,93.3,6505,0.22439782446728412,0.2511552400367084,0.2580682228506848,0.2731390578005353,0.2731390578005353,0.008866782006920496,0.05447558770343589,0.09037787300350605,0.10518834399431409,0.11437580622043869,0.11874975018985556
2020-11-19,93.0,94.0,92.4,94.0,94.0,6505,0.2561966084211522,0.2637052882422753,0.27733807530968496,0.3174842058535533,0.3174842058535533,0.01249461439034895,0.047237076648841296,0.08670520231213873,0.10497237569060763,0.1158594491927826,0.12171837708830553
2020-11-20,93.8,94.0,93.0,93.9,93.9,6505,0.3070746627473409,0.2637052882422753,0.3158777802276835,0.3111491847031225,0.3111491847031225,0.007726980038635041,0.03141476274165201,0.07289762340036575,0.09561869202496928,0.10757254069355986,0.11498119928755199
2020-11-23,94.9,96.6,94.1,94.7,94.7,6505,0.3770319874458512,0.4268559149146423,0.3865339059106811,0.3618293539065713,0.3618293539065713,0.010888129803586789,0.025779896013864767,0.06933152664859982,0.09644552506657401,0.10983498968685561,0.11881227109833425
2020-11-24,95.0,96.5,94.7,94.8,94.8,6505,0.3833917442366245,0.4205808908118593,0.4250736108286805,0.368164375057002,0.368164375057002,0.007010834926704871,0.017167381974248865,0.05874469510833154,0.08884167001665422,0.10376304023844997,0.11437639590925126
2020-11-25,96.3,96.5,94.9,95.2,95.2,6505,0.46606858251668126,0.4205808908118593,0.4379201791346803,0.3935044596587268,0.3935044596587268,0.007194244604316619,0.018181818181818212,0.0520111978782967,0.08422071636011612,0.10134197130957896,0.11314650972444179
2020-11-26,96.0,96.1,94.8,95.6,95.6,6505,0.4469893121443606,0.3954807944007255,0.4314968949816799,0.4188445442604507,0.4188445442604507,0.008013496415014665,0.018755328218243723,0.04534188657238659,0.07918947903143857,0.09854752711895562,0.11154174095031394
2020-11-27,94.8,95.2,93.9,94.5,94.5,6505,0.37067223065507704,0.3390055774756758,0.3736873376046822,0.34915931160570884,0.34915931160570884,-0.004844144903117185,0.004571064101201154,0.023317932428530364,0.057283508614902716,0.07930924208506576,0.09278032609952598
2020-11-30,94.5,94.9,90.5,90.5,90.5,6505,0.3515929602827564,0.3201805051673259,0.15529567640268818,0.09575846558846435,0.09575846558846435,-0.038461538461538505,-0.036208732694355754,-0.026043908738699974,0.00611450806003332,0.029344858962693336,0.042706813119287326
2020-12-01,91.1,92.9,90.5,92.7,92.7,6505,0.13536122939645315,0.19468002311165872,0.15529567640268818,0.235128930897949,0.235128930897949,-0.010672358591248666,-0.012989778534923327,-0.0071403070332023266,0.023404725104879554,0.04873744230247072,0.06319532056428478
2020-12-02,92.0,93.0,91.5,92.9,92.9,6505,0.19259904051341606,0.2009550472144417,0.2195285179326863,0.24779897319881142,0.24779897319881142,-0.0036465036465036828,-0.010438858116744823,-0.005495289751641472,0.01886378591796461,0.04508842190523326,0.06082521315468942
2020-12-03,92.5,93.6,92.1,92.8,92.8,6505,0.22439782446728412,0.2386051918311415,0.2580682228506848,0.24146395204837975,0.24146395204837975,0.0012947777298230963,-0.010238907849829436,-0.006991011556570153,0.011333914559720925,0.03798487763411034,0.05494505494505489
2020-12-04,93.5,95.0,93.0,94.9,94.9,6505,0.28799539237502025,0.3264555292701089,0.3158777802276835,0.37449939620743367,0.37449939620743367,0.023070288917636916,0.011080332409972365,0.013527945888216436,0.026500811249323988,0.0537887536643867,0.07324612658800475
2020-12-07,95.0,95.0,93.6,93.9,93.9,6505,0.3833917442366245,0.3264555292701089,0.354417485145682,0.3111491847031225,0.3111491847031225,0.004922945205479538,0.001279590531030119,0.0016356137107097423,0.009134873723804499,0.03587503309504893,0.05695632597928863
2020-12-08,92.7,93.2,92.3,92.9,92.9,6505,0.23711733804883153,0.21350509542000862,0.27091479115668465,0.24779897319881142,0.24779897319881142,-0.0062045357295678035,-0.0073725825408697265,-0.009313237594198793,-0.005300069596873391,0.01908731899956131,0.041012998655311474
2020-12-09,93.3,94.9,92.7,94.3,94.3,6505,0.2752758787934729,0.3201805051673259,0.2966079277686842,0.33648926930484646,0.33648926930484646,0.005759385665529078,0.00855614973262029,0.004901960784313811,0.00855614973262029,0.028398185307974166,0.05124298613949683
2020-12-10,93.7,94.6,93.0,93.2,93.2,6505,0.3007149059565677,0.3013554328589751,0.3158777802276835,0.26680403665010455,0.26680403665010455,-0.006820119352088668,-0.0006433626420759411,-0.006255331248222835,-0.003741314804917096,0.011109182433605286,0.033908959804755286
2020-12-11,93.6,94.4,93.5,94.4,94.4,6505,0.29435514916579353,0.2888053846534091,0.3479942009926826,0.3428242904552781,0.3428242904552781,0.0070407510134415496,0.012332439678284244,0.006182050735450845,0.007900918214819657,0.01825085213789525,0.04113819344877014
2020-12-14,94.4,94.6,93.5,94.5,94.5,6505,0.34523320349198316,0.3013554328589751,0.3479942009926826,0.34915931160570884,0.34915931160570884,0.0068186660984444975,0.009076348104644893,0.007391088053443195,0.007731271660890368,0.013817963352358029,0.03637360628769857
2020-12-15,93.7,94.4,92.3,93.0,93.0,6505,0.3007149059565677,0.2888053846534091,0.27091479115668465,0.25413399434924216,0.25413399434924216,-0.009373668512995266,-0.00725875320239104,-0.007329395858535702,-0.008528784648187604,-0.005262482351431186,0.015136079173337254
2020-12-16,93.5,95.5,93.1,94.7,94.7,6505,0.28799539237502025,0.3578306497840257,0.32230106438068296,0.3618293539065713,0.3618293539065713,0.007875691783737706,0.008949499254208432,0.011175968109339409,0.00884201555342493,0.011838618685357613,0.028527984939540927
2020-12-17,94.8,95.0,93.5,94.0,94.0,6505,0.37067223065507704,0.3264555292701089,0.3479942009926826,0.3174842058535533,0.3174842058535533,-0.0012749681257969033,0.00021281123643324132,0.0048460661345495985,0.0013848940023436184,0.003587290741373404,0.016216216216216217
2020-12-18,93.5,94.8,92.8,92.8,92.8,6505,0.28799539237502025,0.313905481064542,0.3030312119216837,0.24146395204837975,0.24146395204837975,-0.010660980810234541,-0.010344459848565777,-0.0067784516589370755,-0.010819165378670795,-0.00947826829476581,-0.0009688879319627258
2020-12-21,92.9,95.0,92.4,94.9,94.9,6505,0.24983685163037894,0.3264555292701089,0.27733807530968496,0.37449939620743367,0.37449939620743367,0.010864933958244524,0.01097262171087691,0.012518671313749185,0.01145750066613379,0.011770224743059396,0.016894667285780787
2020-12-22,94.1,94.8,93.5,93.5,93.5,6505,0.32615393311966157,0.313905481064542,0.3479942009926826,0.2858091001013977,0.2858091001013977,-0.00510746967439885,-0.004577877142552886,-0.0029857112390701762,-0.0027730375426621703,-0.003580715290506826,-0.0007836990595610233
2020-12-23,93.0,94.0,92.4,93.4,93.4,6505,0.2561966084211522,0.2637052882422753,0.27733807530968496,0.279474078950967,0.279474078950967,-0.0034144259496371445,-0.004688832054560931,-0.004405912450255759,-0.0028824596989429044,-0.004688832054560931,-0.0022788776527559187
2020-12-24,94.0,94.5,93.5,94.5,94.5,6505,0.31979417632888835,0.2950804087561921,0.3479942009926826,0.34915931160570884,0.34915931160570884,0.007247921551907829,0.005640097903586263,0.006104052807154412,0.009453613203012393,0.0068186660984444975,0.0086455331412104
2020-12-25,94.5,94.8,93.5,94.2,94.2,6505,0.3515929602827564,0.313905481064542,0.3479942009926826,0.3301542481544157,0.3301542481544157,0.0010626992561106113,0.0026609898882384245,0.0034086067319982227,0.006410256410256502,0.003494119652292363,0.00472855263625692
2020-12-28,94.2,95.5,93.7,95.4,95.4,6505,0.33251368991043573,0.3578306497840257,0.36084076929868236,0.4061745019595892,0.4061745019595892,0.012738853503184744,0.014461931093151843,0.015109597786763159,0.016569875859129488,0.01597444089456869,0.016371320004261614
2020-12-29,95.5,95.6,94.5,95.4,95.4,6505,0.41519052819049257,0.3641056738868087,0.41222704252268066,0.4061745019595892,0.4061745019595892,0.008669909071685423,0.011879507848960592,0.01331256196006228,0.015109597786763311,0.01571483326945204,0.015325670498084266
2020-12-30,95.9,99.0,95.5,98.5,98.5,6505,0.4406295553535874,0.5774564933814433,0.4764598840526788,0.6025601576229533,0.6025601576229533,0.030334728033472865,0.04056623705894785,0.04313753177068614,0.04498196477827281,0.047248447733265315,0.04638810198300276
2020-12-31,99.8,101.0,98.2,99.8,99.8,6505,0.6886600701937577,0.7029569754371104,0.6498885561836739,0.6849154325785577,0.6849154325785577,0.0324849989654459,0.04787904241915164,0.05200281096275479,0.05485678046718104,0.059178128714552324,0.05802530214149405
2021-01-04,99.4,100.5,97.6,100.0,100.0,6505,0.6632210430306639,0.6715818549231937,0.6113488512656745,0.69758547487942,0.69758547487942,0.022285831118380624,0.04210087536473522,0.049979000419991655,0.05412955252200485,0.05882851213417456,0.05786522796995661
2021-01-05,100.0,100.0,98.2,99.2,99.2,6505,0.7013795837753052,0.6402067344092769,0.6498885561836739,0.6469053056759714,0.6469053056759714,0.006289308176100675,0.02915240170142118,0.0381636782250751,0.04278355933985081,0.046501814499113864,0.04773975496408952
2021-01-06,98.3,100.5,98.3,99.5,99.5,6505,0.5932637183321535,0.6715818549231937,0.6563118403366733,0.6659103691272645,0.6659103691272645,0.0010060362173037658,0.025878956593463148,0.03660230587581611,0.042321391158600376,0.04666330051333846,0.0491722610804542
2021-01-07,100.5,101.0,99.9,100.0,100.0,6505,0.7331783677291732,0.7029569754371104,0.7590843867846709,0.69758547487942,0.69758547487942,0.003009027081243703,0.024065540194572393,0.03799045048785547,0.04444096297456797,0.04878969669001973,0.05266851468472575
2021-01-08,100.5,104.0,100.5,104.0,104.0,6505,0.7331783677291732,0.8912076985206112,0.7976240917026695,0.9509863208966646,0.9509863208966646,0.034414163517008094,0.054766734279918926,0.07209126520514045,0.08012670717141822,0.08564031901123213,0.09155791904278762
2021-01-11,103.0,103.5,100.5,102.0,102.0,6505,0.8921722874985136,0.8598325780066944,0.7976240917026695,0.8242858978880423,0.8242858978880423,0.010501287893798176,0.026363453411149023,0.04486785494775671,0.05519060673459896,0.061615320566194856,0.06776467304068667
2021-01-12,101.0,101.0,99.6,101.0,101.0,6505,0.7649771516830414,0.7029569754371104,0.7398145343256708,0.7609356863837312,0.7609356863837312,-0.0029615004935833874,0.010606363818290854,0.030331882480957518,0.04134446850190747,0.04810925241791551,0.053436706880367
2021-01-13,102.0,102.0,100.0,102.0,102.0,6505,0.8285747195907774,0.7657072164649441,0.7655076709376704,0.8242858978880423,0.8242858978880423,0.0019646365422397137,0.013916500994035843,0.03455270809385354,0.04679802955665027,0.054503349598875254,0.06043803714998613
2021-01-14,102.0,102.0,100.5,102.0,102.0,6505,0.8285747195907774,0.7657072164649441,0.7976240917026695,0.8242858978880423,0.8242858978880423,-0.001956947162426642,0.010401188707280804,0.028571428571428522,0.0428914677163745,0.05115627189908898,0.0571043631464401
2021-01-15,101.5,102.0,99.0,99.1,99.1,6505,0.7967759356369094,0.7657072164649441,0.7012748294076723,0.6405702845255397,0.6405702845255397,-0.02094447737601269,-0.01764472640761302,-0.003753099658199868,0.010605751580664818,0.01879266387038411,0.024819027921406323
2021-01-18,98.6,99.0,96.6,98.0,98.0,6505,0.6123429887044742,0.5774564933814433,0.5471160097356764,0.5708850518707977,0.5708850518707977,-0.024098785102569225,-0.026618990862137395,-0.017313991576976998,-0.0032546786004882767,0.005994908433933003,0.012361833270204256
2021-01-19,97.6,99.5,97.1,99.2,99.2,6505,0.548745420796738,0.6088316138953601,0.5792324305006754,0.6469053056759714,0.6469053056759714,-0.008594843094143509,-0.014700039729837007,-0.0078015603120624236,0.0067488709595575815,0.016351788861112288,0.022891317797484004
2021-01-20,97.9,98.5,95.2,95.2,95.2,6505,0.5678246911690596,0.5460813728675264,0.45719003159367955,0.3935044596587268,0.3935044596587268,-0.035460992907801414,-0.05037406483790521,-0.04768256085361786,-0.034678564185763414,-0.025508741759816468,-0.019129718034138012
2021-01-21,96.0,96.9,95.3,96.2,96.2,6505,0.4469893121443606,0.4456809872229931,0.463613315746679,0.45685467116303796,0.45685467116303796,-0.013737953660036798,-0.036747772103734734,-0.03620090836227621,-0.025921425678412335,-0.015876913004337575,-0.009472817133443326
2021-01-22,97.5,97.5,94.4,94.5,94.5,6505,0.5423856640059649,0.4833311318396929,0.40580375836968124,0.34915931160570884,0.34915931160570884,-0.021941626992341177,-0.04468257177517174,-0.049869294188618615,-0.04313487241798304,-0.033465613877183706,-0.0274108888812653
2021-01-25,94.5,95.9,93.8,95.9,95.9,6505,0.3515929602827564,0.3829307461951595,0.36726405345168184,0.4378496077117448,0.4378496077117448,-0.0031185031185030888,-0.024514291526802935,-0.033136174216964596,-0.02979412211037476,-0.020388984228160306,-0.013509806610889985
2021-01-26,95.5,95.6,92.9,93.7,93.7,6505,0.41519052819049257,0.3641056738868087,0.30945449607468406,0.29847914240226014,0.29847914240226014,-0.014721345951629775,-0.03976224636195937,-0.051811374215745706,-0.051235317942486855,-0.042392281906630795,-0.03587597750034296
2021-01-27,94.5,95.3,93.7,94.0,94.0,6505,0.3515929602827564,0.3452806015784588,0.36084076929868236,0.3174842058535533,0.3174842058535533,-0.009065991988192973,-0.028724943170076473,-0.0452329360780065,-0.0475225453440066,-0.03952262230759808,-0.033120757045875325
2021-01-28,92.3,93.2,90.8,91.4,91.4,6505,0.21167831088573671,0.21350509542000862,0.17456552886168744,0.1527736559423447,0.1527736559423447,-0.02662406815761448,-0.045131633932302476,-0.06620351450756032,-0.07052422840290844,-0.06532498875117607,-0.05879929976315512
2021-01-29,90.2,92.0,88.5,89.1,89.1,6505,0.07812341827949117,0.13820480618660813,0.02682999334269193,0.007068169482428411,0.007068169482428411,-0.04007756948933433,-0.05933277027027032,-0.08036881579852759,-0.08895705521472395,-0.08682818841470923,-0.08093797276853264
2021-02-01,89.1,90.5,88.4,90.0,90.0,6505,0.008166093580980872,0.04407944464485773,0.020406709189692483,0.06408335983630878,0.06408335983630878,-0.01789611523352264,-0.04173764906303239,-0.0633455907860958,-0.07502569373072968,-0.07601330540840208,-0.07075991189427304
2021-02-02,88.6,92.6,88.4,91.4,91.4,6505,-0.023632690372887198,0.17585495080330793,0.020406709189692483,0.1527736559423447,0.1527736559423447,0.0024128098267165287,-0.018681554648915705,-0.04239715024097227,-0.056856877515220214,-0.06009625272510394,-0.05516694807208579
2021-02-03,91.1,92.0,90.3,91.7,91.7,6505,0.13536122939645315,0.13820480618660813,0.14244910809668837,0.17177871939363787,0.17177871939363787,0.010802469135802514,-0.0117469554908933,-0.03229210637399749,-0.04993783671777877,-0.05557386504078438,-0.0514774333689619
2021-02-04,90.4,91.9,90.4,91.2,91.2,6505,0.09084293186103858,0.1319297820838251,0.14887239224968873,0.14010361364148233,0.14010361364148233,0.005734450816056576,-0.011810597031097663,-0.030199914929816985,-0.0507910074937553,-0.05789016982769306,-0.055933197612228584
2021-02-05,91.2,92.5,90.9,91.9,91.9,6505,0.1417209861872273,0.1695799267005249,0.1809888130146878,0.18444876169450028,0.18444876169450028,0.007233669443226774,-0.0014125828534173144,-0.017742625053441603,-0.0374443571615605,-0.047549954398474356,-0.047832844068381904
2021-02-17,93.5,96.5,92.0,95.8,95.8,6505,0.28799539237502025,0.4205808908118593,0.2516449386976854,0.43151458656131314,0.43151458656131314,0.0367965367965367,0.0410780265159748,0.025549528975164028,0.006672621236799147,-0.005398671096345474,-0.007973490732111382
2021-02-18,96.0,97.7,96.0,96.6,96.6,6505,0.4469893121443606,0.4958811800452598,0.5085763048176779,0.48219475576476184,0.48219475576476184,0.03381849315068489,0.046473838154046064,0.036036036036035876,0.017431144346726914,0.003991020204539641,-0.00010350895352453282
2021-02-19,96.7,97.6,95.2,97.0,97.0,6505,0.4915076096797761,0.4896061559424759,0.45719003159367955,0.5075348403664867,0.5075348403664867,0.026455026455026454,0.04740308821941475,0.03898886032562126,0.02434130629917094,0.00919722002580216,0.00348287871995578
2021-02-22,97.6,99.0,97.0,98.2,98.2,6505,0.548745420796738,0.5774564933814433,0.572809146347676,0.5835550941716602,0.5835550941716602,0.02398331595411884,0.05263157894736838,0.050342270393611076,0.03909846039892061,0.022448044646203886,0.01600220720099324
2021-02-23,98.8,103.0,98.7,103.0,103.0,6505,0.6250625022860217,0.8284574574927777,0.682004976948673,0.8876361093923534,0.8876361093923534,0.049735018344883766,0.08787494719053647,0.09504571550074435,0.08764519535374865,0.07287196366818059,0.06448945845390668
2021-02-24,102.0,103.0,99.8,100.5,100.5,6505,0.8285747195907774,0.8284574574927777,0.7526611026316706,0.7292605806315756,0.7292605806315756,0.014536644457904422,0.04982764023816981,0.064994701518898,0.059847086738729204,0.04748603351955304,0.03847346123376858
2021-02-25,103.0,103.0,102.0,102.5,102.5,6505,0.8921722874985136,0.8284574574927777,0.8939733539976666,0.8559610036401979,0.8559610036401979,0.022545889864325527,0.05844692275919038,0.07947763813803271,0.07906095378460896,0.06766384733969429,0.05793710864928091
2021-02-26,100.5,101.5,98.1,100.0,100.0,6505,0.7331783677291732,0.7343320959510272,0.6434652720306736,0.69758547487942,0.69758547487942,-0.008330027766759255,0.023855841097573445,0.04873103544710909,0.05008925758689484,0.042491972811809435,0.03195624505520963
2021-03-02,100.0,101.0,97.0,97.0,97.0,6505,0.7013795837753052,0.7029569754371104,0.572809146347676,0.5075348403664867,0.5075348403664867,-0.03578528827037768,-0.01272264631043257,0.01330176196113943,0.018158916762884326,0.013329990389035254,0.0020316104817327835
2021-03-03,96.2,101.0,96.2,100.0,100.0,6505,0.45970882572590804,0.7029569754371104,0.5214228731236776,0.69758547487942,0.69758547487942,0.0,0.009489198465576396,0.03677080453414432,0.04662724370715368,0.04427736006683369,0.03444708803144717
2021-03-04,99.5,100.5,97.7,99.8,99.8,6505,0.6695807998214371,0.6715818549231937,0.6177721354186749,0.6849154325785577,0.6849154325785577,-0.0006008411776485887,0.0034184596822842265,0.027735823149800852,0.042406517651974125,0.04140579347190906,0.03316194485662031
2021-03-05,99.5,100.5,98.5,99.0,99.0,6505,0.6695807998214371,0.6715818549231937,0.6691584086426732,0.6342352633751089,0.6342352633751089,-0.0016135538523597882,-0.007021063189568734,0.014205709602513356,0.031196291859799018,0.03314409751210555,0.025587900134673148
2021-03-08,101.5,103.0,100.5,102.5,102.5,6505,0.7967759356369094,0.8284574574927777,0.7976240917026695,0.8559610036401979,0.8559610036401979,0.02849688942404178,0.022443890274314215,0.04237288135593226,0.06294721559680605,0.06641974281077033,0.06166275376329236
2021-03-09,102.5,103.0,100.5,101.5,101.5,6505,0.8603735035446456,0.8284574574927777,0.7976240917026695,0.7926107921358867,0.7926107921358867,0.009347653142402665,0.009146947703320757,0.02504544536457271,0.04709341311187907,0.05369155385765314,0.05148658448150833
2021-03-10,101.5,101.5,100.0,101.5,101.5,6505,0.7967759356369094,0.7343320959510272,0.7655076709376704,0.7926107921358867,0.7926107921358867,0.006345429307951764,0.01065418699591763,0.018462773429660736,0.04043872687202099,0.05063762835375963,0.05061587827347066
2021-03-11,102.0,103.0,101.5,103.0,103.0,6505,0.8285747195907774,0.8284574574927777,0.8618569332326675,0.8876361093923534,0.8876361093923534,0.014778325123152709,0.023043305522447433,0.028560015977631165,0.048826434499261766,0.06303926020724095,0.06430613439878755
2021-03-12,101.5,101.5,100.0,101.5,101.5,6505,0.7967759356369094,0.7343320959510272,0.7655076709376704,0.7926107921358867,0.7926107921358867,-0.004901960784313725,0.009146947703320757,0.010285335102853331,0.028264613514334836,0.0441957121106128,0.047976321585903176
2021-03-15,100.5,101.0,100.0,100.5,100.5,6505,0.7331783677291732,0.7029569754371104,0.7655076709376704,0.7292605806315756,0.7292605806315756,-0.010826771653543251,-0.001291861273973919,-0.001986097318768648,0.013615733736762423,0.031149963063284918,0.03576213542203441
2021-03-16,100.0,100.5,98.8,100.5,100.5,6505,0.7013795837753052,0.6715818549231937,0.6884282611016724,0.7292605806315756,0.7292605806315756,-0.00887573964497047,-0.004753416518122299,-0.003503437334743576,0.008884204186116601,0.027313243652124255,0.034234357848518124
2021-03-17,100.0,100.0,97.8,98.2,98.2,6505,0.7013795837753052,0.6402067344092769,0.6241954195716743,0.5835550941716602,0.5835550941716602,-0.025213420686916874,-0.025793650793650737,-0.02320954907161799,-0.017312118482938094,8.147303242636648e-05,0.009284319435403922
2021-03-18,98.3,100.0,97.6,98.2,98.2,6505,0.5932637183321535,0.6402067344092769,0.6113488512656745,0.5835550941716602,0.5835550941716602,-0.015834836640609324,-0.02424483306836246,-0.021717473600318855,-0.0184907546226886,-0.0032480714575719976,0.00848966178282884
2021-03-19,96.9,97.2,94.8,95.8,95.8,6505,0.5042271232613235,0.464506059531343,0.4314968949816799,0.43151458656131314,0.43151458656131314,-0.028791565287915828,-0.045055821371610946,-0.04136090727151441,-0.042095790420957985,-0.029342627867390645,-0.01686450244586595
2021-03-22,95.0,96.8,94.5,96.3,96.3,6505,0.3833917442366245,0.4394059631202092,0.41222704252268066,0.4631896923134687,0.4631896923134687,-0.015337423312883436,-0.03410230692076234,-0.033973115762723376,-0.03675918979744933,-0.026092233009708723,-0.01251025430680885
2021-03-23,96.5,96.9,96.0,96.1,96.1,6505,0.4787880960982287,0.4456809872229931,0.5085763048176779,0.4505196500126063,0.4505196500126063,-0.00846058605035088,-0.03085921742638163,-0.03539882226980746,-0.03774907379593468,-0.030037546933667215,-0.016141691976930703
2021-03-24,95.7,96.7,94.8,95.4,95.4,6505,0.42791004177203995,0.4331309390174262,0.4314968949816799,0.4061745019595892,0.4061745019595892,-0.009962640099626191,-0.03196347031963462,-0.039468385018123255,-0.0411096592622373,-0.038461538461538484,-0.02540352788939588
2021-03-25,95.3,96.1,94.1,95.6,95.6,6505,0.40247101460894513,0.3954807944007255,0.3865339059106811,0.4188445442604507,0.4188445442604507,-0.0025041736227046025,-0.022594826704835987,-0.034733441033925665,-0.03672729104740789,-0.03636803483590037,-0.025219223710148828
2021-03-26,95.6,97.3,95.5,96.8,96.8,6505,0.4215502849812658,0.470781083634126,0.4764598840526788,0.4948647980656243,0.4948647980656243,0.007913369429404469,-0.005547565235257923,-0.021167587973574226,-0.021827000808407545,-0.024350911143364084,-0.01479169493825485
2021-03-29,97.6,98.2,96.6,96.6,96.6,6505,0.548745420796738,0.5272563005591766,0.5471160097356764,0.48219475576476184,0.48219475576476184,0.005202913631633715,-0.003610108303249185,-0.0192893401015229,-0.022168235651381697,-0.026209677419354923,-0.01845893310753609
2021-03-30,97.0,97.2,95.8,96.6,96.6,6505,0.5105868800520967,0.464506059531343,0.49572973651167807,0.48219475576476184,0.48219475576476184,0.004158004158004069,0.00041425020712502114,-0.01602607632758391,-0.02197023387668322,-0.02558102001291171,-0.02025085364616792
2021-03-31,96.6,97.3,96.1,96.8,96.8,6505,0.4851478528890019,0.470781083634126,0.5149995889706773,0.4948647980656243,0.4948647980656243,0.0033167495854063787,0.00394109105994617,-0.010831800531371227,-0.018355136395903075,-0.021114796537497045,-0.019846091535034506
2021-04-01,96.8,97.8,96.3,96.7,96.7,6505,0.49786736647054936,0.5021562041480427,0.5278461572766772,0.4885297769151935,0.4885297769151935,0.0,0.004466604341954841,-0.007594417077175645,-0.017825402468132603,-0.020620644952195767,-0.021155987448122172
2021-04-06,97.4,98.0,96.5,97.4,97.4,6505,0.5360259072151916,0.5147062523536097,0.5406927255826769,0.5328749249682114,0.5328749249682114,0.0059904978310266295,0.010059110235404057,0.002401372212692977,-0.009911054637865253,-0.011488653432387497,-0.014336313037611643
2021-04-07,96.7,98.2,96.7,98.0,98.0,6505,0.4915076096797761,0.5272563005591766,0.5535392938886767,0.5708850518707977,0.5708850518707977,0.009268795056642696,0.014492753623188465,0.010309278350515464,-0.0015282730514519173,-0.004591069759883114,-0.008598887202832518
2021-04-08,97.3,98.4,97.3,98.2,98.2,6505,0.5296661504244174,0.5398063487647435,0.5920789988066752,0.5835550941716602,0.5835550941716602,0.008006569492917424,0.014358020865613061,0.01397397948647367,0.0021942134000102406,-0.0030456852791877886,-0.006575619625695413
2021-04-09,97.5,98.2,97.1,98.0,98.0,6505,0.5423856640059649,0.5272563005591766,0.5792324305006754,0.5708850518707977,0.5708850518707977,0.003481466311693666,0.00958071494797561,0.012048192771084387,0.0019425416624066836,-0.004267425320056916,-0.006924505995608888
2021-04-12,97.4,98.4,96.5,98.2,98.2,6505,0.5360259072151916,0.5398063487647435,0.5406927255826769,0.5835550941716602,0.5835550941716602,0.0024499795835034185,0.008938662282954942,0.014113597246127445,0.006456902736496827,-0.0015860750742202397,-0.004124129538232705
2021-04-13,98.6,101.0,98.6,100.0,100.0,6505,0.6123429887044742,0.7029569754371104,0.6755816927956726,0.69758547487942,0.69758547487942,0.015434606011372974,0.024065540194572393,0.0297247202581177,0.025693625314118625,0.016301475669742663,0.014987989308793106
2021-04-14,99.6,101.0,98.8,99.2,99.2,6505,0.6759405566122104,0.7029569754371104,0.6884282611016724,0.6469053056759714,0.6469053056759714,0.004862236628849311,0.013175365131243042,0.019457385585091927,0.018166889048547782,0.00952536025400968,0.00714068157974889
2021-04-15,100.5,102.0,100.5,101.5,101.5,6505,0.7331783677291732,0.7657072164649441,0.7976240917026695,0.7926107921358867,0.7926107921358867,0.021332260012074764,0.03150406504065035,0.03924914675767913,0.04123922855970467,0.03293169421151189,0.028924782050415532
2021-04-16,101.0,102.5,100.5,102.0,102.0,6505,0.7649771516830414,0.7970823369788609,0.7976240917026695,0.8242858978880423,0.8242858978880423,0.018167298862048244,0.03113627173473512,0.039684696928513306,0.044332957919525066,0.037808798990680154,0.033295063145809364
2021-04-19,102.0,103.0,102.0,103.0,103.0,6505,0.8285747195907774,0.8284574574927777,0.8939733539976666,0.8876361093923534,0.8876361093923534,0.018390350009887136,0.034655951783023636,0.04462474645030432,0.05198651823102853,0.047983395059216234,0.042299129730823795
2021-04-20,102.5,103.0,102.0,103.0,103.0,6505,0.8603735035446456,0.8284574574927777,0.8939733539976666,0.8876361093923534,0.8876361093923534,0.012384509534106455,0.02886824493057637,0.04026393751683273,0.04813269563447649,0.04734401692019855,0.040894697837364415
2021-04-21,101.5,102.0,98.2,99.0,99.0,6505,0.7967759356369094,0.7657072164649441,0.6498885561836739,0.6342352633751089,0.6342352633751089,-0.02654867256637171,-0.012074643249176807,-0.0017477816617370127,0.00604644072963771,0.007285010785071917,0.0016525580924758806
2021-04-22,99.1,101.5,99.1,101.0,101.0,6505,0.6441417726583423,0.7343320959510272,0.7076981135606717,0.7609356863837312,0.7609356863837312,-0.0059055118110235665,0.0050751318539158635,0.015415549597855209,0.02382159148504809,0.02742513020833331,0.022060311677798088
2021-04-23,101.0,102.5,99.8,102.5,102.5,6505,0.7649771516830414,0.7970823369788609,0.7526611026316706,0.8559610036401979,0.8559610036401979,0.007866273352998988,0.015454725579552232,0.026574080256393164,0.03530124741174693,0.04086274828384582,0.03688966819530627
2021-04-26,101.5,103.0,101.5,102.5,102.5,6505,0.7967759356369094,0.8284574574927777,0.8618569332326675,0.8559610036401979,0.8559610036401979,0.00885826771653549,0.011147282233402342,0.022613900897904878,0.03170608958228491,0.03904792798637584,0.03706451721695735
2021-04-27,102.0,103.0,101.5,103.0,103.0,6505,0.8285747195907774,0.8284574574927777,0.8618569332326675,0.8876361093923534,0.8876361093923534,0.013779527559055175,0.013081538310219321,0.023789013319196993,0.033513947421232225,0.04107705991752236,0.041596440369446465
2021-04-28,102.5,103.0,101.5,103.0,103.0,6505,0.8603735035446456,0.8284574574927777,0.8618569332326675,0.8876361093923534,0.8876361093923534,0.0058593749999999445,0.009309162175404243,0.020408163265306145,0.030206041208241753,0.03826458610539905,0.040719409922198656
2021-04-29,102.0,104.0,101.5,103.5,103.5,6505,0.8285747195907774,0.8912076985206112,0.8618569332326675,0.919311215144509,0.919311215144509,0.005830903790087408,0.012224938875305624,0.021784915098064992,0.03164714677298776,0.04020100502512563,0.044715857474513045
2021-05-03,102.5,103.5,102.0,102.0,102.0,6505,0.8603735035446456,0.8598325780066944,0.8939733539976666,0.8242858978880423,0.8242858978880423,-0.0077821011673151474,-0.0024449877750611247,0.004332414336352872,0.014067703931997876,0.022412894430856867,0.028260358210961328
2021-05-04,102.5,105.0,100.5,101.0,101.0,6505,0.8603735035446456,0.9539579395484449,0.7976240917026695,0.7609356863837312,0.7609356863837312,-0.014634146341463415,-0.010289073983341472,-0.00733848774734638,0.001984126984127012,0.010202040408081576,0.017222278175042887
2021-05-05,102.0,104.5,101.0,104.0,104.0,6505,0.8285747195907774,0.9225828190345281,0.8297405124676686,0.9509863208966646,0.9509863208966646,0.012658227848101238,0.01811062163485065,0.019474578486472337,0.02837931375457337,0.037220249730721806,0.04456125079513878
2021-05-06,104.0,108.5,104.0,108.5,108.5,6505,0.9557698554062497,1.1735837831458624,1.0224390370576628,1.2360622726660646,1.2360622726660646,0.04527938342967248,0.05237633365664409,0.05716141604417012,0.06733559588805271,0.07698721511951084,0.0853255976793038
2021-05-07,107.0,108.5,102.5,105.0,105.0,6505,1.1465625591294581,1.1735837831458624,0.9260897747626657,1.0143365324009757,1.0143365324009757,0.00864553314121043,0.014492753623188406,0.02073882047958529,0.029462228540614834,0.038781163434903065,0.04720744680851065
2021-05-10,105.0,108.0,104.5,107.5,107.5,6505,1.019367423313986,1.1422086626319456,1.054555457822662,1.1727120611617534,1.1727120611617534,0.021863117870722405,0.03365384615384615,0.041330319664191144,0.049087537815946145,0.05902983016116961,0.06784543558160323
2021-05-11,107.0,109.0,102.5,104.0,104.0,6505,1.1465625591294581,1.2049589036597792,0.9260897747626657,0.9509863208966646,0.9509863208966646,-0.01701323251417767,-0.0014402304368699537,0.006776379477250754,0.012066952121448123,0.02161100196463657,0.030212976721149056
2021-05-12,104.5,106.0,94.0,97.7,97.7,6505,0.9875686393601179,1.0167081805762785,0.3801106217576816,0.5518799884195046,0.5518799884195046,-0.06542950066960018,-0.05713182783246479,-0.05096490091957003,-0.048175751376102166,-0.04038816642439014,-0.03248167954050308
2021-05-13,98.5,98.5,94.5,95.0,95.0,6505,0.605983231913701,0.5460813728675264,0.41222704252268066,0.3808344173578644,0.3808344173578644,-0.06716417910447764,-0.07605524217078397,-0.07479548110634988,-0.0725826133645728,-0.06580655312118953,-0.05872250478895577
2021-05-14,94.1,98.1,93.0,96.7,96.7,6505,0.32615393311966157,0.5209812764563927,0.3158777802276835,0.4885297769151935,0.4885297769151935,-0.03473747254941096,-0.053260231055414116,-0.05560257829285769,-0.05376975390185434,-0.048528022670025206,-0.04191023481620929
2021-05-17,96.0,97.0,94.7,95.4,95.4,6505,0.4469893121443606,0.4519560113257761,0.4250736108286805,0.4061745019595892,0.4061745019595892,-0.024140752864157112,-0.05991328340559701,-0.06397174254317108,-0.0634663525254013,-0.06035773382712158,-0.05435321328266975
2021-05-18,94.9,99.8,94.9,99.0,99.0,6505,0.3770319874458512,0.62765668620371,0.4379201791346803,0.6342352633751089,0.6342352633751089,0.023150062009094613,-0.022511848341232238,-0.02642103192814529,-0.02621354448433587,-0.025206774320598684,-0.019413629160063468
2021-05-19,97.1,100.5,97.1,98.1,98.1,6505,0.51694663684287,0.6715818549231937,0.5792324305006754,0.5772200730212286,0.5772200730212286,0.013011152416356782,-0.02572251464892247,-0.0321625887924231,-0.03273516071780721,-0.033345157857396245,-0.028552566430104044
2021-05-20,96.6,98.2,95.2,97.3,97.3,6505,0.4851478528890019,0.5272563005591766,0.45719003159367955,0.5265399038177798,0.5265399038177798,0.0,-0.022798031535603194,-0.036442859972271806,-0.039818424039078405,-0.04050962448722012,-0.036251980982567454
2021-05-21,97.5,100.5,96.5,98.2,98.2,6505,0.5423856640059649,0.6715818549231937,0.5406927255826769,0.5835550941716602,0.5835550941716602,0.006147540983606645,-0.006977449691576476,-0.02411554259970859,-0.02959632392904792,-0.030372447569019384,-0.02733755942947707
2021-05-24,97.5,98.1,97.1,97.5,97.5,6505,0.5423856640059649,0.5209812764563927,0.5792324305006754,0.5392099461186423,0.5392099461186423,-0.005305039787798368,-0.003984063745019926,-0.028174629543491276,-0.034127495170637547,-0.03557015114346763,-0.03411154773305163
2021-05-25,97.5,100.5,97.3,99.5,99.5,6505,0.5423856640059649,0.6715818549231937,0.5920789988066752,0.6659103691272645,0.6659103691272645,0.014064410925397572,0.02114121510673237,-0.007250232805640617,-0.01284785951684113,-0.014422124489876807,-0.01472141536836544
2021-05-26,100.0,100.5,99.0,100.5,100.5,6505,0.7013795837753052,0.6715818549231937,0.7012748294076723,0.7292605806315756,0.7292605806315756,0.019269776876267807,0.0284486287351617,0.005067004466964404,-0.001688685805105808,-0.0035297850400571977,-0.004983333883370156
2021-05-27,99.1,100.0,96.9,97.2,97.2,6505,0.6441417726583423,0.6402067344092769,0.5663858621946766,0.5202048826673491,0.5202048826673491,-0.013998782714546515,-0.007555646314069931,-0.020556227327690368,-0.0316796174536761,-0.03556120019050632,-0.03701991347709783
2021-05-28,98.1,99.5,97.6,98.8,98.8,6505,0.5805442047506062,0.6088316138953601,0.6113488512656745,0.6215652210742465,0.6215652210742465,0.0010131712259371258,0.006622516556291303,-0.0002698327037237335,-0.013430525737680492,-0.018828950504488767,-0.020294837046340983
2021-05-31,98.1,100.5,98.1,100.0,100.0,6505,0.5805442047506062,0.6715818549231937,0.6434652720306736,0.69758547487942,0.69758547487942,0.008064516129032228,0.01409593347530677,0.017018102922232003,-0.0004497975910840292,-0.0059246888544276476,-0.007739630879142698
2021-06-01,101.5,102.5,101.0,102.0,102.0,6505,0.7967759356369094,0.7970823369788609,0.8297405124676686,0.8242858978880423,0.8242858978880423,0.023069207622868577,0.031240521686381594,0.03876705818453382,0.019031919676307518,0.0141584473433025,0.012440444679724692
2021-06-02,104.0,106.0,104.0,106.0,106.0,6505,0.9557698554062497,1.0167081805762785,1.0224390370576628,1.0776867439052868,1.0776867439052868,0.05158730158730162,0.06318956870611832,0.07345395625168778,0.05793702280552914,0.05267339318344326,0.051100680901698975
2021-06-03,108.5,109.0,105.0,106.0,106.0,6505,1.2419589109910625,1.2049589036597792,1.086671878587661,1.0776867439052868,1.0776867439052868,0.03354134165366627,0.05399224420801424,0.06554081222356248,0.05925851903667425,0.051420409458816034,0.04867431737237833
2021-06-04,104.5,108.0,104.0,106.5,106.5,6505,0.9875686393601179,1.1422086626319456,1.0224390370576628,1.1093618496574424,1.1093618496574424,0.023054755043227723,0.05029585798816562,0.06358189081225027,0.0634579859204153,0.05512403899500666,0.05171335461996772
2021-06-07,108.0,108.5,105.0,106.5,106.5,6505,1.2101601270371942,1.1735837831458624,1.086671878587661,1.1093618496574424,1.1093618496574424,0.010436432637571103,0.04105571847507334,0.055779525477496365,0.06398921025026226,0.05324577712725979,0.05033038561425416
2021-06-08,107.5,109.0,106.5,107.5,107.5,6505,1.1783613430833262,1.2049589036597792,1.1830211408826583,1.1727120611617534,1.1727120611617534,0.009389671361502348,0.042677012609117417,0.05973974763406928,0.07210531564775097,0.0604087752525252,0.05845285372017461
2021-06-09,108.0,110.0,107.5,110.0,110.0,6505,1.2101601270371942,1.2677091446876128,1.2472539824126563,1.3310875899225314,1.3310875899225314,0.025163094128611396,0.0571840461316675,0.07597000326051515,0.09035039896912321,0.08250669185954967,0.08058548086053897
2021-06-10,110.0,110.0,108.5,109.5,109.5,6505,1.3373552628526666,1.2677091446876128,1.3114868239426545,1.2994124841703758,1.2994124841703758,0.013888888888888888,0.040083586626139804,0.06262534773888853,0.07764983761440804,0.07716219406626262,0.07338909946412231
2021-06-11,109.5,109.5,107.5,108.0,108.0,6505,1.3055564788987986,1.236334024173696,1.2472539824126563,1.204387166913909,1.204387166913909,-0.0027700831024930488,0.016949152542372854,0.04146576663452263,0.05701003180817228,0.06115390661845611,0.05713073836014217
2021-06-15,108.5,110.0,108.5,108.5,108.5,6505,1.2419589109910625,1.2677091446876128,1.3114868239426545,1.2360622726660646,1.2360622726660646,-0.0018399264029439082,0.013545072396076626,0.03894031279923393,0.05513955071477197,0.06564783531075663,0.05977730025395575
2021-06-16,110.0,112.0,109.0,111.5,111.5,6505,1.3373552628526666,1.39320962674328,1.3436032447076536,1.426112907178998,1.426112907178998,0.0182648401826484,0.032407407407407406,0.059550205891669296,0.07776327872021653,0.09189549140193506,0.0853694149712839
2021-06-17,109.0,110.0,108.0,108.5,108.5,6505,1.2737576949449305,1.2677091446876128,1.2793704031776554,1.2360622726660646,1.2360622726660646,-0.006410256410256436,0.0023094688221709007,0.025843050740624023,0.043520076941572554,0.05804111245465551,0.054626749611197414
2021-06-18,107.0,107.0,104.0,104.5,104.5,6505,1.1465625591294581,1.079458421604112,1.0224390370576628,0.9826614266488201,0.9826614266488201,-0.034195933456561946,-0.0333024976873265,-0.01650144309198153,0.0015814443858723538,0.015272812062801209,0.01706462496755772
2021-06-21,104.5,105.5,102.0,103.5,103.5,6505,0.9875686393601179,0.9853330600623617,0.8939733539976666,0.919311215144509,0.919311215144509,-0.03541472506989746,-0.03988868274582558,-0.028776978417266154,-0.010516252390057308,0.0029069767441860187,0.007822389561491715
2021-06-22,105.5,107.0,105.5,106.0,106.0,6505,1.051166207267854,1.079458421604112,1.11878829935266,1.0776867439052868,1.0776867439052868,-0.007490636704119823,-0.016241299303944315,-0.009037083203490202,0.009283503927636223,0.022929051185053704,0.032668701695135326
2021-06-23,105.0,111.0,105.0,110.0,110.0,6505,1.019367423313986,1.3304593857154465,1.086671878587661,1.3310875899225314,1.3310875899225314,0.03286384976525822,0.018518518518518517,0.023255813953488372,0.04216011369019425,0.057041820418204256,0.06955338043689638
2021-06-24,110.0,110.0,108.0,109.5,109.5,6505,1.3373552628526666,1.2677091446876128,1.2793704031776554,1.2994124841703758,1.2994124841703758,0.026241799437675697,0.014358499305233878,0.01639851485148514,0.0330188679245283,0.04764638346727903,0.06063541263076332
2021-06-25,108.0,110.5,108.0,109.0,109.0,6505,1.2101601270371942,1.2990842652015295,1.2793704031776554,1.2677373784182202,1.2677373784182202,0.013011152416356931,0.010194624652455924,0.00988264360716488,0.02261000093817428,0.03821389111136511,0.05104139881717668
2021-06-28,110.0,110.5,108.5,108.5,108.5,6505,1.3373552628526666,1.2990842652015295,1.3114868239426545,1.2360622726660646,1.2360622726660646,-0.0009208103130754541,0.005094951366373295,0.004009870450339332,0.013308428671491918,0.029411764705882297,0.04226705091258411
2021-06-29,108.0,108.5,106.0,108.0,108.0,6505,1.2101601270371942,1.1735837831458624,1.1509047201176592,1.204387166913909,1.204387166913909,-0.009174311926605505,0.0009267840593141271,-0.0015408320493066692,0.00488485694347528,0.02060102060102067,0.033295063145809455
2021-06-30,108.0,108.5,106.5,106.5,106.5,6505,1.2101601270371942,1.1735837831458624,1.1830211408826583,1.1093618496574424,1.1093618496574424,-0.016620498614958422,-0.008379888268156476,-0.014801110083256193,-0.011142061281337073,0.0037700282752121178,0.016512360408513928
2021-07-01,106.5,106.5,105.5,106.0,106.0,6505,1.11476377517559,1.0480833010901953,1.11878829935266,1.0776867439052868,1.0776867439052868,-0.014869888475836378,-0.010732617825478354,-0.01700154559505405,-0.01578458681522751,-0.0030097817908201017,0.00920342748333864
2021-07-02,107.5,112.0,107.5,110.0,110.0,6505,1.1783613430833262,1.39320962674328,1.2472539824126563,1.3310875899225314,1.3310875899225314,0.02040816326530615,0.02135561745589598,0.019777503090234922,0.01946246524559772,0.029654036243822,0.04308246673199106
2021-07-05,112.5,117.0,112.5,115.5,115.5,6505,1.496349182622007,1.706960831882448,1.568418190062647,1.6795137531962425,1.6795137531962425,0.05769230769230767,0.06060606060606055,0.06582589972316216,0.0659898477157361,0.07441860465116279,0.08928010059729646
2021-07-06,117.0,117.5,114.0,114.5,114.5,6505,1.7825382382068196,1.7383359523963648,1.6647674523576441,1.6161635416919313,1.6161635416919313,0.03619909502262444,0.04328018223234624,0.0527122280110328,0.052873563218390804,0.05940044411547004,0.0741088180112571
2021-07-07,112.0,112.5,109.0,112.0,112.0,6505,1.464550398668139,1.4245847472571969,1.3436032447076536,1.4577880129311536,1.4577880129311536,0.0035842293906810548,0.018644838562983147,0.02941176470588238,0.027758660243175092,0.03244837758112091,0.04656595545865131
2021-07-08,111.5,111.5,108.5,109.0,109.0,6505,1.432751614714271,1.3618345062293633,1.3114868239426545,1.2677373784182202,1.2677373784182202,-0.02852049910873443,-0.00818926296633308,0.0015313935681470574,0.0006885471654808615,0.0036832412523020784,0.01584342963653311
2021-07-09,108.0,110.0,106.5,110.0,110.0,6505,1.2101601270371942,1.2677091446876128,1.1830211408826583,1.3310875899225314,1.3310875899225314,-0.019607843137254926,0.0,0.0073260073260073,0.009637448370812273,0.011401250459727794,0.021102791014295373
2021-07-12,109.0,110.0,106.5,107.0,107.0,6505,1.2737576949449305,1.2677091446876128,1.1830211408826583,1.1410369554095978,1.1410369554095978,-0.03167420814479638,-0.025944469731451928,-0.02223575997563208,-0.017447199265381134,-0.0163633020775878,-0.009259259259259259
2021-07-13,107.0,107.5,106.0,106.5,106.5,6505,1.1465625591294581,1.1108335421180289,1.1509047201176592,1.1093618496574424,1.1093618496574424,-0.022038567493113,-0.029170464904284436,-0.02710109622411695,-0.021139705882352915,-0.020959735245449543,-0.015863237332511954
2021-07-14,107.5,107.5,105.5,106.0,106.0,6505,1.1783613430833262,1.1108335421180289,1.11878829935266,1.0776867439052868,1.0776867439052868,-0.01578458681522751,-0.03328773369813046,-0.02930402930402933,-0.023266528449666028,-0.025018395879323023,-0.021688970927549556
2021-07-15,105.5,106.0,104.0,105.5,105.5,6505,1.051166207267854,1.0167081805762785,1.0224390370576628,1.0460116381531313,1.0460116381531313,-0.014018691588785047,-0.03740875912408754,-0.03151774785801717,-0.0265282583621684,-0.028008107610097716,-0.02615384615384611
2021-07-16,105.5,105.5,102.0,102.0,102.0,6505,1.051166207267854,0.9853330600623617,0.8939733539976666,0.8242858978880423,0.8242858978880423,-0.03225806451612909,-0.06249999999999997,-0.05961893054701907,-0.057736720554272515,-0.05764966740576492,-0.05730129390018487
2021-07-19,102.0,102.0,100.5,102.0,102.0,6505,0.8285747195907774,0.7657072164649441,0.7976240917026695,0.8242858978880423,0.8242858978880423,-0.02298850574712649,-0.050721265704979084,-0.05584696081456339,-0.0570834296279177,-0.05555555555555555,-0.05599259602036092
2021-07-20,101.0,101.5,100.0,100.0,100.0,6505,0.7649771516830414,0.7343320959510272,0.7655076709376704,0.69758547487942,0.69758547487942,-0.030067895247332634,-0.05660377358490566,-0.06976744186046512,-0.07300115874855156,-0.07114991640349244,-0.07264296754250382
2021-07-21,101.0,101.5,98.6,100.5,100.5,6505,0.7649771516830414,0.7343320959510272,0.6755816927956726,0.7292605806315756,0.7292605806315756,-0.014705882352941176,-0.04148783977110152,-0.061624649859943925,-0.06424581005586597,-0.06267487409065473,-0.06598513011152411
2021-07-22,101.0,101.5,99.1,100.5,100.5,6505,0.7649771516830414,0.7343320959510272,0.7076981135606717,0.7292605806315756,0.7292605806315756,-0.0049504950495049506,-0.03365384615384615,-0.05840099937539039,-0.06030855539971952,-0.059869036482694156,-0.06322821189995338
2021-07-23,101.0,103.5,100.0,100.5,100.5,6505,0.7649771516830414,0.8598325780066944,0.7655076709376704,0.7292605806315756,0.7292605806315756,-0.001986097318768648,-0.024745269286753975,-0.05278039585296885,-0.0565594930767426,-0.058459808881393995,-0.06060133977255025
2021-07-26,100.5,100.5,97.1,97.8,97.8,6505,0.7331783677291732,0.6715818549231937,0.5792324305006754,0.5582150095699354,0.5582150095699354,-0.020628880432605672,-0.042396945070008796,-0.0678612276019825,-0.07727144070195312,-0.08179360072104555,-0.08292438971024925
2021-07-27,98.3,99.7,97.4,98.3,98.3,6505,0.5932637183321535,0.6213816621009269,0.5985022829596757,0.5898901153220909,0.5898901153220909,-0.012258842443730034,-0.02971078866844344,-0.05335130970724184,-0.06829060234112126,-0.07442280893375011,-0.07528769872377784
2021-07-28,98.7,99.8,96.5,98.5,98.5,6505,0.6187027454952484,0.62765668620371,0.5406927255826769,0.6025601576229533,0.6025601576229533,-0.006255044390637656,-0.020485282418456666,-0.04313192150767435,-0.06284191998477703,-0.06850506884551369,-0.06961367715122312
2021-07-29,98.5,99.0,97.4,99.0,99.0,6505,0.605983231913701,0.5774564933814433,0.5985022829596757,0.6342352633751089,0.6342352633751089,0.0018214936247722385,-0.009108197377639841,-0.03200573626230357,-0.05493771180373248,-0.06004329497550414,-0.062085517589843944
2021-07-30,98.7,98.9,97.1,97.3,97.3,6505,0.6187027454952484,0.5711814692786603,0.5792324305006754,0.5265399038177798,0.5265399038177798,-0.008963128946832303,-0.021520514883346747,-0.04068621006967266,-0.06550134460238194,-0.07206073090714896,-0.07609039691080587
2021-08-02,97.8,99.7,97.3,99.7,99.7,6505,0.5614649343782855,0.6213816621009269,0.5920789988066752,0.6785804114281269,0.6785804114281269,0.011566558441558447,0.0049390182441285645,-0.012284525460669654,-0.03513016548920929,-0.04596953226670738,-0.0521612371656737
2021-08-03,98.2,98.7,96.8,97.9,97.9,6505,0.5869039615413804,0.5586314210730934,0.5599625780416762,0.564550030720367,0.564550030720367,-0.005889520714865802,-0.011111111111111054,-0.02457655264031871,-0.04487804878048775,-0.0595581171950047,-0.06687847498014296
2021-08-04,97.9,98.2,97.0,97.5,97.5,6505,0.5678246911690596,0.5272563005591766,0.572809146347676,0.5392099461186423,0.5392099461186423,-0.007936507936507948,-0.012158054711246228,-0.02304609218436871,-0.042004421518054585,-0.06015037593984958,-0.06698564593301436
2021-08-05,97.5,97.9,96.6,97.0,97.0,6505,0.5423856640059649,0.5084312282508267,0.5471160097356764,0.5075348403664867,0.5075348403664867,-0.008990600735594559,-0.01372648703609552,-0.022505878401074916,-0.041265134667655023,-0.061714064615979836,-0.06805444355484383
2021-08-06,97.0,97.0,95.4,96.8,96.8,6505,0.5105868800520967,0.4519560113257761,0.4700365998996794,0.4948647980656243,0.4948647980656243,-0.010022499488648026,-0.012043274137579024,-0.021101597788714416,-0.03695965776252304,-0.05884183098043797,-0.06632800694466784
2021-08-09,95.8,97.2,94.6,96.7,96.7,6505,0.4342697985628132,0.464506059531343,0.41865032667568014,0.4885297769151935,0.4885297769151935,-0.004939287919324859,-0.011954633697762354,-0.01860622462787546,-0.032999999999999974,-0.052889324191968574,-0.06374051960626105
2021-08-10,96.0,96.8,95.7,96.5,96.5,6505,0.4469893121443606,0.4394059631202092,0.48930645235867865,0.4758597346143311,0.4758597346143311,-0.0041279669762642485,-0.012181390111577416,-0.01831129196337739,-0.03015075376884422,-0.04813572696784371,-0.06219630709426633
2021-08-11,96.5,97.4,96.4,97.4,97.4,6505,0.4787880960982287,0.4770561077369099,0.5342694414296775,0.5328749249682114,0.5328749249682114,0.005367464905037118,-0.0018446402951423715,-0.00706809840967766,-0.016856767941859307,-0.03369181316718918,-0.05065141817472944
2021-08-12,97.4,97.9,96.8,96.9,96.9,6505,0.5360259072151916,0.5084312282508267,0.5599625780416762,0.5011998192160559,0.5011998192160559,0.0004129671691101203,-0.004826948752182385,-0.009742471726393096,-0.017639902676398974,-0.03401387670468145,-0.05272419186652761
2021-08-13,96.7,97.0,95.3,96.5,96.5,6505,0.4915076096797761,0.4519560113257761,0.463613315746679,0.4758597346143311,0.4758597346143311,-0.003099173553718979,-0.008120053448453143,-0.011135401011067006,-0.018959995933512885,-0.03279477208034324,-0.052466206264523946
2021-08-16,95.1,96.6,95.1,95.5,95.5,6505,0.38975150102739775,0.4268559149146423,0.4507667474406792,0.41250952311002,0.41250952311002,-0.010977630488815268,-0.014142665427893098,-0.019842627437564184,-0.02590779273765802,-0.03838408248751421,-0.05610648041379774
2021-08-17,95.6,96.2,95.0,95.3,95.3,6505,0.4215502849812658,0.4017558185035094,0.44434346328767976,0.39983948080915754,0.39983948080915754,-0.010589700996677847,-0.013559672911706887,-0.0198834418923552,-0.02561218751597562,-0.036049522576468616,-0.05208713238950961
2021-08-18,95.0,95.0,93.6,94.4,94.4,6505,0.3833917442366245,0.3264555292701089,0.354417485145682,0.3428242904552781,0.3428242904552781,-0.013790221479314597,-0.019730010384215905,-0.026402640264026424,-0.03179487179487173,-0.04065040650406504,-0.05552776388194094
2021-08-19,93.6,94.1,90.6,91.1,91.1,6505,0.29435514916579353,0.2699803123450583,0.16171896055568763,0.13376859249105066,0.13376859249105066,-0.03659052453468706,-0.048166335806081005,-0.0553059108192189,-0.06111511903534996,-0.06873568858357872,-0.08307052271354759
2021-08-20,91.2,92.2,90.3,91.3,91.3,6505,0.1417209861872273,0.150754854392175,0.14244910809668837,0.14643863479191307,0.14643863479191307,-0.023738237810094234,-0.04056326187473728,-0.049288441513363423,-0.05457181319250295,-0.06258983941845665,-0.07525574799959492
2021-08-23,91.9,93.4,91.1,92.8,92.8,6505,0.18623928372264278,0.22605514362557552,0.1938353813206867,0.24146395204837975,0.24146395204837975,-0.00193590019358994,-0.020787168935317218,-0.02901785714285707,-0.03654485049833897,-0.04357505050088629,-0.0555348237608983
2021-08-24,93.9,95.7,93.4,95.0,95.0,6505,0.31343441953811507,0.3703806979895926,0.3415709168396831,0.3808344173578644,0.3808344173578644,0.022384847180370194,0.004016064257028064,-0.003984063745019724,-0.012011855857729719,-0.018878836700127948,-0.029357673183025554
2021-08-25,95.2,95.7,93.7,94.6,94.6,6505,0.39611125781817186,0.3703806979895926,0.36084076929868236,0.3554943327561396,0.3554943327561396,0.01764199655765906,0.002755988976043999,-0.00616332819722657,-0.01417257190496054,-0.020622825906907595,-0.029677242888402743
2021-08-26,94.2,96.1,93.0,95.4,95.4,6505,0.33251368991043573,0.3954807944007255,0.3158777802276835,0.4061745019595892,0.4061745019595892,0.016840758900021298,0.012846374349718739,0.0033655868742114184,-0.0039674253497598184,-0.010250238618915067,-0.01808076302878506
2021-08-27,95.4,96.6,94.8,96.3,96.3,6505,0.4088307713997193,0.4268559149146423,0.4314968949816799,0.4631896923134687,0.4631896923134687,0.01560852140898549,0.022618668365721673,0.013186504874798314,0.0059542463177688024,0.0008314279775514269,-0.0068752148504641255
2021-08-30,96.6,98.5,96.5,98.5,98.5,6505,0.4851478528890019,0.5460813728675264,0.5406927255826769,0.6025601576229533,0.6025601576229533,0.026469362234264344,0.04265904519953426,0.03502626970227666,0.029580850841434077,0.02339788878729958,0.0170366546205473
2021-08-31,98.5,98.5,96.5,97.8,97.8,6505,0.605983231913701,0.5460813728675264,0.5406927255826769,0.5582150095699354,0.5582150095699354,0.013261500207210952,0.03251689189189187,0.026735722284434493,0.022317461976689545,0.016336201521386585,0.010574174215547752
2021-09-01,96.6,97.6,96.6,96.7,96.7,6505,0.4851478528890019,0.4896061559424759,0.5471160097356764,0.4885297769151935,0.4885297769151935,-0.002475758200948988,0.018430753027909426,0.01568517610811559,0.011241830065359507,0.005657473272598661,0.000517330574236908
2021-09-02,96.5,96.7,95.5,96.2,96.2,6505,0.4787880960982287,0.4331309390174262,0.4764598840526788,0.45685467116303796,0.45685467116303796,-0.00926879505664255,0.00775193798449607,0.010928961748633946,0.006434063922163466,0.001624255549539856,-0.003177673390439256
2021-09-03,97.2,97.8,96.6,97.7,97.7,6505,0.5233063936336442,0.5021562041480427,0.5471160097356764,0.5518799884195046,0.5518799884195046,0.0032860957075374116,0.016649323621227976,0.02582948341033188,0.021645927010352325,0.017072662919008958,0.013345318766422296
2021-09-06,97.6,98.0,96.5,96.6,96.6,6505,0.548745420796738,0.5147062523536097,0.5406927255826769,0.48219475576476184,0.48219475576476184,-0.004123711340206244,0.0012437810945274104,0.01349933552493525,0.010196078431372489,0.006921280853902469,0.0023519645821804824
2021-09-07,96.5,97.3,96.1,96.3,96.3,6505,0.4787880960982287,0.470781083634126,0.5149995889706773,0.4631896923134687,0.4631896923134687,-0.004136504653567794,-0.003208777559258753,0.009645628014258622,0.007164147884746141,0.004464285714285537,-6.922331441237866e-05
2021-09-08,96.4,97.4,95.1,95.7,95.7,6505,0.4724283393074554,0.4770561077369099,0.4507667474406792,0.42517956541088237,0.42517956541088237,-0.008290155440414478,-0.010545905707195989,0.0024441340782123005,0.0017795456924526506,-0.001043841336116851,-0.005335365853658558
2021-09-09,95.1,96.8,94.5,96.0,96.0,6505,0.38975150102739775,0.4394059631202092,0.41222704252268066,0.4441846288621755,0.4441846288621755,-0.004768816089570742,-0.008059516429014271,0.0021574222284083456,0.0053935173063832074,0.0025062656641603475,-0.0011791634875493835
2021-09-10,95.4,97.3,95.4,96.6,96.6,6505,0.4088307713997193,0.470781083634126,0.4700365998996794,0.48219475576476184,0.48219475576476184,0.0037406483790523633,-0.0021691973969632057,0.004715018721397714,0.011624253848570526,0.008856211880691777,0.0053075241960662415
2021-09-13,97.2,97.3,96.2,97.3,97.3,6505,0.5233063936336442,0.470781083634126,0.5214228731236776,0.5265399038177798,0.5265399038177798,0.00954554886905999,0.006308822008480706,0.008847722402709524,0.01799539652646981,0.015912128299365044,0.013436100406207603
2021-09-14,97.6,98.3,97.5,98.0,98.0,6505,0.548745420796738,0.5335313246619596,0.6049255671126751,0.5708850518707977,0.5708850518707977,0.013234077750206795,0.013338848102574774,0.014002897151134626,0.02387295617196883,0.02258024124546101,0.020691570615192313
2021-09-15,98.1,98.3,96.8,97.3,97.3,6505,0.5805442047506062,0.5335313246619596,0.5599625780416762,0.5265399038177798,0.5265399038177798,0.0026793075020610587,0.005476903999173162,0.004888460479206934,0.01502190694763194,0.015318473996159985,0.013471286716200298
2021-09-16,98.3,99.4,97.1,97.5,97.5,6505,0.5932637183321535,0.6025565897925771,0.5792324305006754,0.5392099461186423,0.5392099461186423,0.0016437230326689601,0.006191950464396226,0.005500171880371242,0.013724266999376247,0.01715072608913391,0.015378206685875036
2021-09-17,97.6,97.7,95.7,95.7,95.7,6505,0.548745420796738,0.4958811800452598,0.48930645235867865,0.42517956541088237,0.42517956541088237,-0.015026759983532255,-0.010341261633919338,-0.012655615929568672,-0.007261410788381772,-0.0012940390716312743,-0.0029865259063758345
2021-09-22,94.4,94.7,92.5,92.8,92.8,6505,0.34523320349198316,0.307630456961759,0.28376135946268444,0.24146395204837975,0.24146395204837975,-0.035944317473509325,-0.03654485049833897,-0.038806794641623975,-0.03734439834024905,-0.030465125997743148,-0.03188788816635941
2021-09-23,93.9,95.3,93.5,94.5,94.5,6505,0.31343441953811507,0.3452806015784588,0.3479942009926826,0.34915931160570884,0.34915931160570884,-0.011092507325240563,-0.017058456417724303,-0.018963250051906574,-0.019455252918287938,-0.0123740646294051,-0.013466958972752815
2021-09-24,95.1,96.5,93.9,95.0,95.0,6505,0.38975150102739775,0.4205808908118593,0.3736873376046822,0.3808344173578644,0.3808344173578644,-0.0010515247108306449,-0.011137712084938143,-0.012610864745010992,-0.014471704963950517,-0.007397500731391299,-0.0074182426078779
2021-09-27,95.0,97.2,94.2,96.6,96.6,6505,0.3833917442366245,0.464506059531343,0.3929571900636814,0.48219475576476184,0.48219475576476184,0.01769911504424771,0.004889212524706116,0.003740648379052215,0.0015032916904255459,0.007005253940455162,0.009404388714733453
2021-09-28,96.7,99.8,96.5,99.7,99.7,6505,0.4915076096797761,0.62765668620371,0.5406927255826769,0.6785804114281269,0.6785804114281269,0.04157960718763063,0.03380340107839076,0.034518539014942055,0.03182406209573095,0.03569350951549912,0.04063739475332279
2021-09-29,100.0,106.0,100.0,102.0,102.0,6505,0.7013795837753052,1.0167081805762785,0.7655076709376704,0.8242858978880423,0.8242858978880423,0.04551045510455102,0.05252295944690954,0.054445210199862155,0.05371900826446284,0.0555509562049838,0.062241816225223116
2021-09-30,104.0,104.5,99.0,99.2,99.2,6505,0.9557698554062497,0.9225828190345281,0.7012748294076723,0.6469053056759714,0.6469053056759714,0.007106598984771602,0.022364217252396183,0.023454157782516066,0.02405285434086919,0.024793388429752126,0.031685502322679054
2021-10-01,99.0,99.0,95.0,96.8,96.8,6505,0.637782015867569,0.5774564933814433,0.44434346328767976,0.4948647980656243,0.4948647980656243,-0.02083754804774431,-0.00185605279439052,-0.002061855670103122,-0.0007741935483871261,-0.0009082652134422619,0.005888465535157564
2021-10-04,99.0,99.7,96.9,97.4,97.4,6505,0.637782015867569,0.6213816621009269,0.5663858621946766,0.5328749249682114,0.5328749249682114,-0.01636033124621293,0.0044343611426215,0.003158472946992786,0.004797028936916525,0.004455077963864243,0.00991946911830778
2021-10-05,98.5,100.5,98.0,98.9,98.9,6505,0.605983231913701,0.6715818549231937,0.6370419878776741,0.6279002422246782,0.6279002422246782,0.0004046125834514086,0.016548463356973988,0.017001439638033893,0.01964018763853823,0.01883138289104997,0.022786031921127922
2021-10-06,101.5,101.5,98.4,101.5,101.5,6505,0.7967759356369094,0.7343320959510272,0.6627351244896738,0.7926107921358867,0.7926107921358867,0.027744025921425625,0.03402607986960069,0.04074099391619382,0.04380913204442622,0.04432463577249148,0.04653560626890281
2021-10-07,101.0,103.0,100.0,102.0,102.0,6505,0.7649771516830414,0.8284574574927777,0.7655076709376704,0.8242858978880423,0.8242858978880423,0.026983487716471934,0.031240521686381594,0.043015883836662314,0.04588567034093816,0.04765817584223501,0.04916683809915641
2021-10-08,102.5,103.0,99.8,101.5,101.5,6505,0.8603735035446456,0.8284574574927777,0.7526611026316706,0.7926107921358867,0.7926107921358867,0.01236784360662273,0.019485737243873164,0.03493984093535445,0.03767315851352045,0.04047072330654413,0.04155977424320161
2021-10-12,101.0,102.5,100.0,102.0,102.0,6505,0.7649771516830414,0.7970823369788609,0.7655076709376704,0.8242858978880423,0.8242858978880423,0.008104368452263366,0.01898101898101904,0.03686635944700444,0.03959639198899256,0.04311543810848379,0.04433295791952476
2021-10-13,102.5,105.0,102.5,103.0,103.0,6505,0.8603735035446456,0.9539579395484449,0.9260897747626657,0.8876361093923534,0.8876361093923534,0.00980392156862745,0.025589963158418876,0.04187740238721425,0.04637578097221514,0.05106330870647772,0.05216562244619982
2021-10-14,104.0,104.0,100.0,101.0,101.0,6505,0.9557698554062497,0.8912076985206112,0.7655076709376704,0.7609356863837312,0.7609356863837312,-0.008832188420019682,0.0066779627230140704,0.01602843538327395,0.024133035895356012,0.0288065843621398,0.030857687204436355
2021-10-15,101.5,103.5,100.5,103.0,103.0,6505,0.7967759356369094,0.8598325780066944,0.7976240917026695,0.8876361093923534,0.8876361093923534,0.008814887365328166,0.022738556250620656,0.03027473993064807,0.041772023869728024,0.046322633075985394,0.049414161996943394
2021-10-18,104.0,106.0,103.5,105.0,105.0,6505,0.9557698554062497,1.0167081805762785,0.9903226162926638,1.0143365324009757,1.0143365324009757,0.02140077821011676,0.03417709051511867,0.043322734499204936,0.05788121505213848,0.06262397279682617,0.06678406935789748
2021-10-19,106.0,106.0,104.0,104.5,104.5,6505,1.082964991221722,1.0167081805762785,1.0224390370576628,0.9826614266488201,0.9826614266488201,0.011616650532429844,0.022104851330203353,0.03294892915980226,0.049144119271121035,0.05393738905922219,0.05872817534024503
2021-10-20,106.0,106.0,103.0,104.0,104.0,6505,1.082964991221722,1.0167081805762785,0.9582061955276647,0.9509863208966646,0.9509863208966646,0.004830917874396135,0.012165450121654502,0.02510185306873425,0.039792041591681704,0.04577266511141493,0.05142549032823339
2021-10-21,104.5,105.0,103.5,103.5,103.5,6505,0.9875686393601179,0.9539579395484449,0.9903226162926638,0.919311215144509,0.919311215144509,-0.004807692307692308,0.005342399222923721,0.019168909604148805,0.029287454626821217,0.03815599422243623,0.04394311266516479
2021-10-22,102.5,103.0,101.0,101.5,101.5,6505,0.8603735035446456,0.8284574574927777,0.8297405124676686,0.7926107921358867,0.7926107921358867,-0.02121504339440697,-0.013605442176870803,-0.0020319874147877322,0.005896635449184865,0.016667334428462695,0.02198355428763219
2021-10-25,102.5,104.0,102.0,103.5,103.5,6505,0.8603735035446456,0.8912076985206112,0.8939733539976666,0.919311215144509,0.919311215144509,0.0009671179883945291,0.003879728419010725,0.013182797102394925,0.021415178130859584,0.03413132968306604,0.039400127205168535
2021-10-26,104.0,104.0,102.5,103.5,103.5,6505,0.9557698554062497,0.8912076985206112,0.9260897747626657,0.919311215144509,0.919311215144509,0.0029069767441860187,0.002421307506053269,0.009165366614664563,0.01794934841406445,0.031657429927036275,0.036797114999332164
2021-10-27,103.5,104.0,102.5,104.0,104.0,6505,0.9239710714523817,0.8912076985206112,0.9260897747626657,0.9509863208966646,0.9509863208966646,0.007751937984496096,0.006289308176100684,0.010689990281826961,0.02070860732162135,0.03322206326498166,0.03923789221237754
2021-10-28,103.5,104.0,101.5,102.0,102.0,6505,0.9239710714523817,0.8912076985206112,0.8618569332326675,0.8242858978880423,0.8242858978880423,-0.00874635568513125,-0.014016433059449036,-0.009067357512953404,0.0010795956423594016,0.009661070636680242,0.01765938341813824
2021-10-29,102.0,102.0,100.0,100.0,100.0,6505,0.8285747195907774,0.7657072164649441,0.7655076709376704,0.69758547487942,0.69758547487942,-0.025341130604288446,-0.03053805138148333,-0.027237354085603085,-0.018934562935347718,-0.012287147880368356,-0.0029578915882880804
2021-11-01,100.5,102.0,100.5,101.5,101.5,6505,0.7331783677291732,0.7657072164649441,0.7976240917026695,0.7926107921358867,0.7926107921358867,-0.006849315068493178,-0.012645914396887132,-0.012645914396887132,-0.006509078451524417,-3.940731399766609e-05,0.010587102983637964
2021-11-02,102.0,104.0,101.0,102.5,102.5,6505,0.8285747195907774,0.8912076985206112,0.8297405124676686,0.8559610036401979,0.8559610036401979,0.004901960784313725,-0.0009746588693956562,-0.0032414910858994677,0.0007810974419058611,0.0074700216237468565,0.018852920711705985
2021-11-03,102.0,102.5,100.5,102.0,102.0,6505,0.8285747195907774,0.7970823369788609,0.7976240917026695,0.8242858978880423,0.8242858978880423,0.003937007874015804,-0.0039062500000000555,-0.0074602659746999585,-0.005605654399220111,0.0016497761018146766,0.011770929771194294
2021-11-04,101.0,102.0,100.5,101.5,101.5,6505,0.7649771516830414,0.7657072164649441,0.7976240917026695,0.7926107921358867,0.7926107921358867,0.0,-0.006849315068493178,-0.012645914396887132,-0.010480136485498443,-0.0030644717715005284,0.003923378721440056
2021-11-05,100.5,102.5,100.0,102.0,102.0,6505,0.7331783677291732,0.7970823369788609,0.7655076709376704,0.8242858978880423,0.8242858978880423,0.0009813542688910139,-0.0024449877750611247,-0.007138221933809224,-0.005605654399220111,0.0007456536242688589,0.006380319673748548
2021-11-08,102.0,103.0,101.5,102.0,102.0,6505,0.8285747195907774,0.8284574574927777,0.8618569332326675,0.8242858978880423,0.8242858978880423,0.0,-0.0009794319294808454,-0.005201560468140424,-0.005847953216374214,-0.0012924450710845277,0.004068775429846373
2021-11-09,102.0,102.5,100.5,101.5,101.5,6505,0.8285747195907774,0.7970823369788609,0.7976240917026695,0.7926107921358867,0.7926107921358867,-0.0029469548133595007,-0.003925417075564334,-0.008143322475569986,-0.010480136485498443,-0.007781340423868054,-0.002457002457002457
2021-11-10,102.0,103.0,101.5,102.5,102.5,6505,0.8285747195907774,0.8284574574927777,0.8618569332326675,0.8559610036401979,0.8559610036401979,0.005888125613346362,0.007371007371007371,0.0026084121291163912,-0.00048756704046803664,0.0005857087075361409,0.006447811998821716
2021-11-11,102.0,102.5,100.0,102.0,102.0,6505,0.8285747195907774,0.7970823369788609,0.7655076709376704,0.8242858978880423,0.8242858978880423,0.0,0.002457002457002457,-0.0013054830287206915,-0.005847953216374214,-0.004489556900253697,0.0015383104768762442
2021-11-12,101.5,103.0,101.5,102.5,102.5,6505,0.7967759356369094,0.8284574574927777,0.8618569332326675,0.8559610036401979,0.8559610036401979,0.00391772771792366,0.004901960784313725,0.002935420743639894,-0.0007311723129417776,0.00019516003122556615,0.0053619302949060275
2021-11-15,102.5,103.5,101.5,103.0,103.0,6505,0.8603735035446456,0.8598325780066944,0.8618569332326675,0.8876361093923534,0.8876361093923534,0.00684261974584558,0.008321096426823243,0.008156606851549708,0.00512320078067827,0.0044860542227422836,0.008222396241190184
2021-11-16,102.5,103.0,102.0,102.0,102.0,6505,0.8603735035446456,0.8284574574927777,0.8939733539976666,0.8242858978880423,0.8242858978880423,-0.0039062500000000555,-0.0009794319294808454,-0.0006531678641410472,-0.003419638495359007,-0.00526623756582803,-0.0030624877826285193
2021-11-17,101.5,102.0,100.0,101.5,101.5,6505,0.7967759356369094,0.7657072164649441,0.7655076709376704,0.7926107921358867,0.7926107921358867,-0.006849315068493178,-0.005389514943655044,-0.003925417075564334,-0.007092198581560229,-0.009562841530054683,-0.008789062500000056
2021-11-18,100.5,101.0,99.4,100.5,100.5,6505,0.7331783677291732,0.7029569754371104,0.7269679660196718,0.7292605806315756,0.7292605806315756,-0.01373895976447503,-0.01422265816576756,-0.01277013752455793,-0.015429831006612812,-0.01912941635760291,-0.018235102572451905
2021-11-19,100.0,100.5,98.5,98.8,98.8,6505,0.7013795837753052,0.6715818549231937,0.6691584086426732,0.6215652210742465,0.6215652210742465,-0.023329379201265318,-0.027846108432549428,-0.02870625245772711,-0.03080243280360997,-0.034137566965158475,-0.033835321728926206
2021-11-22,98.3,98.3,96.9,97.0,97.0,6505,0.5932637183321535,0.5335313246619596,0.5663858621946766,0.5075348403664867,0.5075348403664867,-0.029611844737895236,-0.04083852467121522,-0.04358114770262277,-0.045416523151109535,-0.048758482720746815,-0.050044070120458195
2021-11-23,96.5,97.0,95.6,96.0,96.0,6505,0.4787880960982287,0.4519560113257761,0.4828831682056783,0.4441846288621755,0.4441846288621755,-0.027946537059538326,-0.04553589182740106,-0.04937945603379982,-0.0517581983405768,-0.05541561712846339,-0.057992346187812745
2021-11-24,97.0,99.0,96.5,98.8,98.8,6505,0.5105868800520967,0.5774564933814433,0.5406927255826769,0.6215652210742465,0.6215652210742465,0.0059051109753614165,-0.01407045205069351,-0.019581899973537934,-0.021588433353139303,-0.02587158857864012,-0.029183452883954002
2021-11-25,99.0,99.0,97.7,98.4,98.4,6505,0.637782015867569,0.5774564933814433,0.6177721354186749,0.5962251364725226,0.5962251364725226,0.006134969325153462,-0.014521782674010903,-0.021544580709313796,-0.023809523809523725,-0.027860106698280904,-0.03228978855925256
2021-11-26,97.3,97.9,96.8,97.0,97.0,6505,0.5296661504244174,0.5084312282508267,0.5599625780416762,0.5075348403664867,0.5075348403664867,-0.004515599343185527,-0.023162134944612257,-0.03225806451612904,-0.03626428216592156,-0.03998416468725263,-0.04417802594843161
2021-11-29,95.9,97.5,95.2,97.2,97.2,6505,0.4406295553535874,0.4833311318396929,0.45719003159367955,0.5202048826673491,0.5202048826673491,-0.0028723840787852582,-0.01539708265802265,-0.0271568692867152,-0.03220988699158659,-0.03559947612811043,-0.0397470938848091
2021-11-30,96.4,97.2,95.4,95.4,95.4,6505,0.4724283393074554,0.464506059531343,0.4700365998996794,0.4061745019595892,0.4061745019595892,-0.02013147082990955,-0.02712624923516211,-0.04127026664880064,-0.04676258992805762,-0.05040611562350686,-0.05469678953626631
2021-12-01,95.2,97.5,95.2,96.8,96.8,6505,0.39611125781817186,0.4833311318396929,0.45719003159367955,0.4948647980656243,0.4948647980656243,-0.001650165016501615,-0.008095091710216275,-0.02347165243123264,-0.0302544580244441,-0.03370068679124731,-0.03853794199443778
2021-12-02,96.0,97.3,95.9,97.0,97.0,6505,0.4469893121443606,0.470781083634126,0.5021530206646785,0.5075348403664867,0.5075348403664867,0.003309888291270246,-0.002468120115179032,-0.018152371954922624,-0.026055524875746763,-0.029767144114587356,-0.03447360562726027
2021-12-03,96.8,97.6,96.3,97.0,97.0,6505,0.49786736647054936,0.4896061559424759,0.5278461572766772,0.5075348403664867,0.5075348403664867,0.003309888291270246,-0.0006181743251597185,-0.014494716878894564,-0.023604610196788958,-0.028601185707418493,-0.03302983983518295
2021-12-06,96.2,97.3,96.1,97.0,97.0,6505,0.45970882572590804,0.470781083634126,0.5149995889706773,0.5075348403664867,0.5075348403664867,0.0037251655629137537,-0.0006181743251597185,-0.01047334058759511,-0.02114132902770068,-0.02684698422890152,-0.030936761130906626
2021-12-07,97.0,97.9,96.4,97.7,97.7,6505,0.5105868800520967,0.5084312282508267,0.5342694414296775,0.5518799884195046,0.5518799884195046,0.0061791967044285126,0.00483389900236566,-0.000409249028033477,-0.012183408321116205,-0.01793253186442033,-0.022054652831070033
2021-12-08,98.1,98.5,97.1,97.7,97.7,6505,0.5805442047506062,0.5460813728675264,0.5792324305006754,0.5518799884195046,0.5518799884195046,0.0043174342105263335,0.00597199341021415,0.0021883334473090845,-0.009780570617746955,-0.016231673916545643,-0.019994650260799704
2021-12-09,97.7,98.2,97.3,97.5,97.5,6505,0.5551051775875122,0.5272563005591766,0.5920789988066752,0.5392099461186423,0.5392099461186423,0.0012322858903266024,0.004843862722869204,0.0021928321798122897,-0.00954896383583921,-0.01666128771986432,-0.0205270736362722
2021-12-10,97.1,97.6,96.1,96.7,96.7,6505,0.51694663684287,0.4896061559424759,0.5149995889706773,0.4885297769151935,0.4885297769151935,-0.006370735717221438,-0.00309278350515461,-0.004597858907493884,-0.01477330616403467,-0.022639983828582927,-0.027489104927924918
2021-12-13,97.1,97.1,95.0,95.7,95.7,6505,0.51694663684287,0.4582310354285591,0.44434346328767976,0.42517956541088237,0.42517956541088237,-0.014011951370286558,-0.01187403200826011,-0.014011951370286414,-0.021322288694584995,-0.030277237354085457,-0.03567110036275688
2021-12-14,95.1,96.5,95.1,95.6,95.6,6505,0.38975150102739775,0.4205808908118593,0.4507667474406792,0.4188445442604507,0.4188445442604507,-0.010761589403973575,-0.013110354082791474,-0.014771556166265928,-0.01913507412917467,-0.028968431316783713,-0.03444096555903441
2021-12-15,95.6,96.0,94.1,94.7,94.7,6505,0.4215502849812658,0.3892057702979425,0.3865339059106811,0.3618293539065713,0.3618293539065713,-0.013952519783423462,-0.020277260500724124,-0.021289789169078154,-0.024967824967824938,-0.03505196657835743,-0.041174485318933474
2021-12-16,95.3,95.8,94.6,95.1,95.1,6505,0.40247101460894513,0.3766557220923756,0.41865032667568014,0.38716943850829516,0.38716943850829516,-0.004813729593972456,-0.01420130610552508,-0.014916096954630182,-0.018119869908626397,-0.028243276383552646,-0.03504024893458703
2021-12-17,95.1,96.0,94.8,95.9,95.9,6505,0.38975150102739775,0.3892057702979425,0.4314968949816799,0.4378496077117448,0.4378496077117448,0.0052410901467505235,-0.004773765047737586,-0.005874222529371073,-0.00837555578533763,-0.01741803278688513,-0.024911032028469636
2021-12-20,95.1,95.5,94.7,95.0,95.0,6505,0.38975150102739775,0.3578306497840257,0.4250736108286805,0.3808344173578644,0.3808344173578644,-0.0027293722443836963,-0.012063227953410947,-0.013704318936877007,-0.016664941517441252,-0.02343750000000001,-0.0317649057244776
2021-12-21,95.2,95.2,94.4,95.0,95.0,6505,0.39611125781817186,0.3390055774756758,0.40580375836968124,0.3808344173578644,0.3808344173578644,-0.0014715156611309708,-0.00928146834915022,-0.013431182497923046,-0.016155758077879064,-0.020618556701030927,-0.029622063329928554
2021-12-22,95.4,95.5,94.8,95.0,95.0,6505,0.4088307713997193,0.3578306497840257,0.4314968949816799,0.3808344173578644,0.3808344173578644,-0.0021008403361344836,-0.006483999163354994,-0.012200194093997082,-0.014216042336826714,-0.0179863551788298,-0.027137736815156226
2021-12-23,95.3,96.2,95.3,96.2,96.2,6505,0.40247101460894513,0.4017558185035094,0.463613315746679,0.45685467116303796,0.45685467116303796,0.008174386920980938,0.007435333542779432,0.0008322929671242621,-0.000623311863702496,-0.0038107861817578805,-0.012894619831035955
2021-12-24,96.8,97.1,96.4,96.8,96.8,6505,0.49786736647054936,0.4582310354285591,0.5342694414296775,0.4948647980656243,0.4948647980656243,0.012552301255230157,0.013612565445026148,0.007214206437291842,0.005714285714285685,0.0032335627228254637,-0.004797806716929423
2021-12-27,97.0,97.5,96.1,97.1,97.1,6505,0.5105868800520967,0.4833311318396929,0.5149995889706773,0.5138698615169174,0.5138698615169174,0.011247656738179379,0.01526557925554155,0.010265658597489053,0.008883578367707307,0.006301040500766798,0.0003090553209024533
2021-12-28,97.4,97.4,96.4,97.0,97.0,6505,0.5360259072151916,0.4770561077369099,0.5342694414296775,0.5075348403664867,0.5075348403664867,0.006015349512549246,0.012737523491334295,0.009715475364330366,0.0070075266026472585,0.0048481332615090255,0.000997557703553342
2021-12-29,97.2,97.2,95.6,96.5,96.5,6505,0.5233063936336442,0.464506059531343,0.4828831682056783,0.4758597346143311,0.4758597346143311,-0.002274607113316779,0.005627344726969636,0.005347964995138236,0.0019727961790052717,0.000622148486105374,-0.0024465042555390708
2021-12-30,96.4,96.7,95.5,95.9,95.9,6505,0.4724283393074554,0.4331309390174262,0.4764598840526788,0.4378496077117448,0.4378496077117448,-0.007862611214566427,-0.0014577259475218717,0.0002085940759282021,-0.0036881200976571584,-0.004567157982146541,-0.007075064710957615
2022-01-03,95.9,96.8,95.8,95.8,95.8,6505,0.4406295553535874,0.4394059631202092,0.49572973651167807,0.43151458656131314,0.43151458656131314,-0.006842214389384312,-0.0023950848693117146,-0.0002087246921310376,-0.004106242528198037,-0.00510945872969707,-0.007082397650716916
2022-01-04,95.4,96.4,95.3,96.1,96.1,6505,0.4088307713997193,0.4143058667090763,0.463613315746679,0.4505196500126063,0.4505196500126063,-0.0016621649698732247,-0.0004160599126274834,0.002643110523753334,-0.0005200208008321515,-0.0015376942897514353,-0.003663256842687367
2022-01-05,95.5,96.6,95.5,96.2,96.2,6505,0.41519052819049257,0.4268559149146423,0.4764598840526788,0.45685467116303796,0.45685467116303796,0.0010405827263268318,-0.0006233118637023486,0.003267746645345191,0.0013010668748373666,-0.0008309098462816608,-0.002695417789757465
2022-01-06,96.9,97.9,96.3,97.3,97.3,6505,0.5042271232613235,0.5084312282508267,0.5278461572766772,0.5265399038177798,0.5265399038177798,0.010804072304176255,0.008394652295574696,0.0129085987924215,0.012961324241319976,0.010384215991692628,0.009231407530339183
2022-01-07,97.8,98.1,97.3,97.3,97.3,6505,0.5614649343782855,0.5209812764563927,0.5920789988066752,0.5265399038177798,0.5265399038177798,0.007872384503832663,0.0072463768115942325,0.011364423809853643,0.013066791608100472,0.010258327103579878,0.009615384615384718
2022-01-10,97.3,97.8,96.5,97.8,97.8,6505,0.5296661504244174,0.5021562041480427,0.5406927255826769,0.5582150095699354,0.5582150095699354,0.008871466886734057,0.011375387797311213,0.015224913494809708,0.01768990634755466,0.015112513493315502,0.014522821576763396
2022-01-11,97.0,98.5,96.8,98.4,98.4,6505,0.5105868800520967,0.5460813728675264,0.5599625780416762,0.5962251364725226,0.5962251364725226,0.01026694045174538,0.016213983269647764,0.01905550952775495,0.022497012521431978,0.02074688796680498,0.020323517212774866
2022-01-12,98.9,99.4,98.3,99.4,99.4,6505,0.6314222590767958,0.6025565897925771,0.6563118403366733,0.6595753479768337,0.6595753479768337,0.01387188902488794,0.024003296590089606,0.026294052863436276,0.03085299455535399,0.030393498362151352,0.02926963965207803
2022-01-13,99.6,100.5,99.5,100.5,100.5,6505,0.6759405566122104,0.6715818549231937,0.7333912501726714,0.7292605806315756,0.7292605806315756,0.018443453587353137,0.031086488150200074,0.033737914009463084,0.039135604611487324,0.040588113481052,0.03933262091075177
2022-01-14,99.3,99.5,98.0,98.5,98.5,6505,0.6568612862398897,0.6088316138953601,0.6370419878776741,0.6025601576229533,0.6025601576229533,-0.0042458552365548085,0.007878849892561244,0.011570587429823493,0.01666924704546637,0.01945766921962322,0.01812293274531419
2022-01-17,97.9,98.1,97.2,97.3,97.3,6505,0.5678246911690596,0.5209812764563927,0.5856557146536758,0.5265399038177798,0.5265399038177798,-0.015381501720299636,-0.005925623212096428,-0.0010950653617138027,0.003558351812696453,0.006787798518273312,0.005615461466910004
2022-01-18,97.3,98.7,97.3,98.0,98.0,6505,0.5296661504244174,0.5586314210730934,0.5920789988066752,0.5708850518707977,0.5708850518707977,-0.007494429815677628,-0.0007137758743753766,0.005471956224350186,0.009216827145872982,0.013066490241481928,0.012501291455728833
2022-01-19,98.0,98.8,97.3,98.2,98.2,6505,0.5741844479598329,0.5649064451758764,0.5920789988066752,0.5835550941716602,0.5835550941716602,-0.0030456852791877886,-0.0007123231912079717,0.006697648988518343,0.00961291317534558,0.014043783560512179,0.014392948144067335
2022-01-20,98.0,98.8,97.8,98.1,98.1,6505,0.5741844479598329,0.5649064451758764,0.6241954195716743,0.5772200730212286,0.5772200730212286,0.0008161599673534389,-0.0025419420437214034,0.004574003276897784,0.006980086224594463,0.011590496617719947,0.013220409006403649
2022-01-21,97.5,98.1,96.2,96.7,96.7,6505,0.5423856640059649,0.5209812764563927,0.5214228731236776,0.4885297769151935,0.4885297769151935,-0.009830022527134894,-0.016176620205514185,-0.010302947598253214,-0.0076453383960183125,-0.003503709810387504,-0.0009642537364832328
2022-01-24,96.7,98.2,96.3,98.0,98.0,6505,0.4915076096797761,0.5272563005591766,0.5278461572766772,0.5708850518707977,0.5708850518707977,0.002044989775051154,-0.0031532906113313813,0.001498841804060588,0.005076662735244247,0.009019397883118537,0.0120133558225191
2022-01-25,96.4,97.8,95.1,95.6,95.6,6505,0.4724283393074554,0.5021562041480427,0.4507667474406792,0.4188445442604507,0.4188445442604507,-0.017673653925195223,-0.024788330103029756,-0.022694745450828183,-0.018782715795956056,-0.015934450529089657,-0.012736660929432025
2022-01-26,95.9,96.7,95.7,96.1,96.1,6505,0.4406295553535874,0.4331309390174262,0.48930645235867865,0.4505196500126063,0.4505196500126063,-0.008255933952528497,-0.01637666325486191,-0.017516357688113465,-0.013195050572470059,-0.011235492633138517,-0.007743933918430563
2022-02-07,95.7,98.5,95.5,97.8,97.8,6505,0.42791004177203995,0.5460813728675264,0.4764598840526788,0.5582150095699354,0.5582150095699354,0.009913258983891038,0.003797598275685154,-0.0004769367036860413,0.003591585428424775,0.005097426621721564,0.008732723647115423
2022-02-08,97.2,98.5,97.2,98.0,98.0,6505,0.5233063936336442,0.5460813728675264,0.5856557146536758,0.5708850518707977,0.5708850518707977,0.009268795056642696,0.006366810433353918,0.0010896213565786141,0.004561529393675292,0.0064081498521195695,0.009788768675940267
2022-02-09,97.5,99.0,96.5,98.9,98.9,6505,0.5423856640059649,0.5774564933814433,0.5406927255826769,0.6279002422246782,0.6279002422246782,0.016652960526315836,0.013942997744515065,0.009527050017012628,0.0121788967352369,0.014775292427662755,0.018013381369016982
2022-02-10,98.0,99.0,98.0,98.5,98.5,6505,0.5741844479598329,0.5774564933814433,0.6370419878776741,0.6025601576229533,0.6025601576229533,0.0065399550378091205,0.009324725894046485,0.005375612411540452,0.006848614944291135,0.010090651790475354,0.012679917751884862
2022-02-11,97.7,99.9,97.7,98.7,98.7,6505,0.5551051775875122,0.6339317103064939,0.6177721354186749,0.6152301999238158,0.6152301999238158,0.003252693636918148,0.01085620647275709,0.007897065831574575,0.007605533152978455,0.011436301032956219,0.013451073005442061
2022-02-14,101.0,102.0,98.6,98.9,98.9,6505,0.7649771516830414,0.7657072164649441,0.6755816927956726,0.6279002422246782,0.6279002422246782,0.0030425963488843522,0.012075317232910426,0.01104068697607864,0.00882337940531452,0.012489762489762477,0.014150943396226514
2022-02-15,99.4,99.5,97.7,97.9,97.9,6505,0.6632210430306639,0.6088316138953601,0.6177721354186749,0.564550030720367,0.564550030720367,-0.00689795090281997,0.0006132461161079545,0.0012272448353446977,-0.0016825574873807377,0.00143207855973814,0.003313633723909449
2022-02-16,97.6,99.5,97.0,98.6,98.6,6505,0.548745420796738,0.6088316138953601,0.572809146347676,0.6088951787733841,0.6088951787733841,0.000812017864392855,0.007150153217568831,0.007493188010899193,0.005045614392742371,0.007438286741866725,0.009866511897852486
2022-02-17,98.8,100.5,98.6,99.5,99.5,6505,0.6250625022860217,0.6715818549231937,0.6755816927956726,0.6659103691272645,0.6659103691272645,0.007901134521880076,0.01231050971614618,0.015651582170806377,0.013651181744091315,0.015223247081870766,0.018250042640286523
2022-02-18,98.8,99.5,98.5,98.5,98.5,6505,0.6250625022860217,0.6088316138953601,0.6691584086426732,0.6025601576229533,0.6025601576229533,-0.0018240778273207014,-0.00030447579417437466,0.005238808001088605,0.003923966773683849,0.004077471967380283,0.007500852369587463
2022-02-21,97.8,98.4,97.4,98.0,98.0,6505,0.5614649343782855,0.5398063487647435,0.5985022829596757,0.5708850518707977,0.5708850518707977,-0.005076142131979695,-0.005580923389142538,0.00020412329046740172,0.00010205122971722527,-0.001304418718408755,0.00187425455784635
2022-02-22,97.6,98.5,95.9,96.1,96.1,6505,0.548745420796738,0.5460813728675264,0.5021530206646785,0.4505196500126063,0.4505196500126063,-0.02078663134297948,-0.02297681984546569,-0.018787012456606262,-0.018085215081230305,-0.020187601957585684,-0.017616792176372333
2022-02-23,96.6,97.3,96.6,97.3,97.3,6505,0.4851478528890019,0.470781083634126,0.5471160097356764,0.5265399038177798,0.5265399038177798,-0.005925623212096428,-0.00916496945010189,-0.006061018795968549,-0.005824052314294403,-0.007750356924332093,-0.005857911586404385
2022-02-24,97.2,97.2,96.0,96.9,96.9,6505,0.5233063936336442,0.464506059531343,0.5085763048176779,0.5011998192160559,0.5011998192160559,-0.0047247329498765365,-0.011627906976744191,-0.011022657685241724,-0.009354393497929684,-0.01122448979591831,-0.010214504596527068
2022-02-25,97.3,97.9,96.1,97.8,97.8,6505,0.5296661504244174,0.5084312282508267,0.5149995889706773,0.5582150095699354,0.5582150095699354,0.005965850648014795,-0.0015313935681470717,-0.0029903493271714343,5.1127358249498074e-05,-0.001388661983336157,-0.0015653712652283671
2022-03-01,99.1,100.5,98.8,100.0,100.0,6505,0.6441417726583423,0.6715818549231937,0.6884282611016724,0.69758547487942,0.69758547487942,0.024380249948781088,0.019783805833163345,0.01791530944625398,0.02155480641536418,0.02128354916459009,0.0199571617992044
2022-03-02,101.5,102.5,100.5,100.5,100.5,6505,0.7967759356369094,0.7970823369788609,0.7976240917026695,0.7292605806315756,0.7292605806315756,0.02030456852791878,0.022172497965825946,0.021272271526319213,0.024673735725938027,0.02555206334952437,0.02394294447274574
2022-03-03,102.0,102.5,100.5,101.5,101.5,6505,0.8285747195907774,0.7970823369788609,0.7976240917026695,0.7926107921358867,0.7926107921358867,0.021743507147171295,0.02930737247743637,0.029620612700344915,0.03302630909368485,0.03398394523450551,0.032833593379011
2022-03-04,100.5,101.0,99.8,100.5,100.5,6505,0.7331783677291732,0.7029569754371104,0.7526611026316706,0.7292605806315756,0.7292605806315756,0.00439736158305029,0.018133927666902968,0.018099547511312167,0.02030456852791878,0.022755027273467437,0.021929973223062057
2022-03-07,102.5,103.5,100.0,100.5,100.5,6505,0.8603735035446456,0.8598325780066944,0.7655076709376704,0.7292605806315756,0.7292605806315756,-0.000994035785288214,0.01607521989687598,0.016863406408094483,0.01803079416531606,0.021798365122615713,0.02154909534458213
2022-03-08,101.5,102.0,98.2,99.2,99.2,6505,0.7967759356369094,0.7657072164649441,0.6498885561836739,0.6469053056759714,0.6469053056759714,-0.012345679012345769,0.0017166515197415096,0.0035068788777988763,0.0041502176333638105,0.00813008130081298,0.00877936341140989
2022-03-09,100.5,101.0,99.1,100.0,100.0,6505,0.7331783677291732,0.7029569754371104,0.7076981135606717,0.69758547487942,0.69758547487942,-0.0033884791708192487,0.005833836250251441,0.010169034951848692,0.011224592982101319,0.01489871310843196,0.016397885892397306
2022-03-10,98.5,99.4,97.7,98.0,98.0,6505,0.605983231913701,0.6025565897925771,0.6177721354186749,0.5708850518707977,0.5708850518707977,-0.016459253311923067,-0.014976379535631811,-0.009634170989692109,-0.008548737923010762,-0.005399261153736678,-0.004166243267960538
2022-03-11,97.6,97.6,95.5,95.7,95.7,6505,0.548745420796738,0.4896061559424759,0.4764598840526788,0.42517956541088237,0.42517956541088237,-0.03019862180786384,-0.036932675857904676,-0.030395136778115502,-0.0304442530773518,-0.02878135909718274,-0.026779661016949077
2022-03-14,95.9,95.9,94.2,95.2,95.2,6505,0.4406295553535874,0.3829307461951595,0.3929571900636814,0.3935044596587268,0.3935044596587268,-0.024790002048760515,-0.039451114922813,-0.03330625507717304,-0.03379681315335429,-0.033502538071065964,-0.030878859857482167
2022-03-15,95.2,95.3,93.5,93.6,93.6,6505,0.39611125781817186,0.3452806015784588,0.3479942009926826,0.2921441212518285,0.2921441212518285,-0.03005181347150265,-0.049456687315933834,-0.04671374253123309,-0.047473668142268416,-0.04812268640930724,-0.04570943075615974
2022-03-16,93.6,94.9,92.5,94.9,94.9,6505,0.29435514916579353,0.3201805051673259,0.28376135946268444,0.37449939620743367,0.37449939620743367,-0.006074570590699457,-0.030742518639566858,-0.03268551236749099,-0.03276767059063347,-0.03368361029651345,-0.03186316183221669
2022-03-17,95.8,96.0,95.0,96.0,96.0,6505,0.4342697985628132,0.3892057702979425,0.44434346328767976,0.4441846288621755,0.4441846288621755,0.009676062263357191,-0.01396877567789646,-0.020608039175678394,-0.02025820278614059,-0.021326917587570698,-0.0199748187974274
2022-03-18,96.0,96.8,95.5,95.7,95.7,6505,0.4469893121443606,0.4394059631202092,0.4764598840526788,0.42517956541088237,0.42517956541088237,0.0065208245687842295,-0.0121800165152767,-0.02287114559934663,-0.021422363106498133,-0.023270055113288435,-0.023070641077991068
2022-03-21,96.0,96.2,95.2,95.6,95.6,6505,0.4469893121443606,0.4017558185035094,0.45719003159367955,0.4188445442604507,0.4188445442604507,0.004623791509037387,-0.008195870940969045,-0.02242825005112818,-0.02099334357398885,-0.0230542838456509,-0.023925399040261523
2022-03-22,96.2,96.5,95.8,96.1,96.1,6505,0.45970882572590804,0.4205808908118593,0.49572973651167807,0.4505196500126063,0.4505196500126063,0.0045996236671544816,0.00020815986677764385,-0.014695830485304208,-0.014914663523140775,-0.016819446717957168,-0.018252400735544603
2022-03-23,96.1,97.0,95.9,96.2,96.2,6505,0.4533490689351339,0.4519560113257761,0.5021530206646785,0.45685467116303796,0.45685467116303796,0.0029190992493744903,0.00522466039707419,-0.010763008157948716,-0.013940139401394007,-0.015111183914165046,-0.0166280496115577
2022-03-24,95.7,96.2,95.2,95.4,95.4,6505,0.42791004177203995,0.4017558185035094,0.45719003159367955,0.4061745019595892,0.4061745019595892,-0.004175365344467552,-0.00041911148365456877,-0.014869888475836262,-0.02118709280254448,-0.022019928650510334,-0.023641387780165675
2022-03-25,94.8,96.2,94.7,96.2,96.2,6505,0.37067223065507704,0.4017558185035094,0.4250736108286805,0.45685467116303796,0.45685467116303796,0.0031282586027111276,0.007435333542779282,-0.0036594628184767448,-0.01262444832187201,-0.01248254906791486,-0.01468077842266989
2022-03-28,94.6,95.2,94.3,95.1,95.1,6505,0.35795271707352966,0.3390055774756758,0.3993804742166809,0.38716943850829516,0.38716943850829516,-0.007306889352818402,-0.003979891076665223,-0.011365999029731795,-0.022560254894907317,-0.022409539473684282,-0.02474875230737685
2022-03-29,95.0,95.3,94.4,94.7,94.7,6505,0.3833917442366245,0.3452806015784588,0.40580375836968124,0.3618293539065713,0.3618293539065713,-0.008584589614740444,-0.009310597342818291,-0.012444382647386076,-0.024013191796351627,-0.025198665952978892,-0.027454470765438704
2022-03-30,94.7,95.7,94.2,95.1,95.1,6505,0.3643124738643038,0.3703806979895926,0.3929571900636814,0.38716943850829516,0.38716943850829516,-0.002098635886673692,-0.005334170065892743,-0.004883153121730052,-0.01715584952459705,-0.020678007991102646,-0.022409539473684136
2022-03-31,95.5,95.7,94.3,94.3,94.3,6505,0.41519052819049257,0.3703806979895926,0.3993804742166809,0.33648926930484646,0.33648926930484646,-0.00820361800588979,-0.011944677284157592,-0.0107007973143098,-0.021784232365145314,-0.02771476883738197,-0.029202841357537555
2022-04-01,94.0,94.8,93.6,94.5,94.5,6505,0.31979417632888835,0.313905481064542,0.354417485145682,0.34915931160570884,0.34915931160570884,-0.002533248891703556,-0.008602601762484192,-0.007769844603108033,-0.01664932362122783,-0.024687280683647873,-0.02547179540063936
2022-04-06,93.4,95.5,93.0,95.5,95.5,6505,0.28163563558424703,0.3578306497840257,0.3158777802276835,0.41250952311002,0.41250952311002,0.007171482809533926,0.001993494911341913,0.002519420533277292,-0.0036515388628064094,-0.013429752066115673,-0.014142665427892954
2022-04-07,94.1,94.5,93.5,93.6,93.6,6505,0.32615393311966157,0.2950804087561921,0.3479942009926826,0.2921441212518285,0.2921441212518285,-0.010570824524312896,-0.015358720807910876,-0.01742599202183509,-0.020613163126504123,-0.03049386808087507,-0.0322914153771927
2022-04-08,94.1,94.5,93.3,94.4,94.4,6505,0.32615393311966157,0.2950804087561921,0.33514763268668274,0.3428242904552781,0.3428242904552781,-0.0006351894982001701,-0.005059021922428223,-0.008681041725007015,-0.00933990974918655,-0.019730010384215905,-0.023448275862068955
2022-04-11,94.3,94.7,92.6,93.3,93.3,6505,0.338873446701209,0.307630456961759,0.29018464361568386,0.2731390578005353,0.2731390578005353,-0.010184595798854317,-0.014471321432343979,-0.01837693764466581,-0.018462995108095268,-0.027841453757346007,-0.03349447513812156
2022-04-12,93.2,93.2,92.5,92.8,92.8,6505,0.2689161220026996,0.21350509542000862,0.28376135946268444,0.24146395204837975,0.24146395204837975,-0.011925042589437867,-0.016219654404749297,-0.021647455721113238,-0.022231587820040033,-0.029938116741930133,-0.0373111103426814
2022-04-13,93.7,94.2,93.0,94.0,94.0,6505,0.3007149059565677,0.2762553364478422,0.3158777802276835,0.3174842058535533,0.3174842058535533,0.004058961760307578,-0.002334960730205889,-0.007880664227413485,-0.008961518186610378,-0.014716364093748652,-0.023579515944738717
2022-04-14,94.0,94.0,92.8,93.4,93.4,6505,0.31979417632888835,0.2637052882422753,0.3030312119216837,0.279474078950967,0.279474078950967,-0.0019234879247701712,-0.007333404187480048,-0.012336975678533563,-0.015183466891606892,-0.01861892153154295,-0.02758979698073911
2022-04-15,93.2,93.6,92.4,92.5,92.5,6505,0.2689161220026996,0.2386051918311415,0.27733807530968496,0.2224588885970866,0.2224588885970866,-0.007510729613733936,-0.01417457103271873,-0.019296013570822806,-0.02343749999999999,-0.02500210810355019,-0.0342787541325909
2022-04-18,91.9,92.6,91.8,91.8,91.8,6505,0.18623928372264278,0.17585495080330793,0.23879837039168555,0.17811374054406864,0.17811374054406864,-0.011840688912809564,-0.019021158367172487,-0.024234693877551033,-0.02867421436884994,-0.029844436929320383,-0.0383406662476431
2022-04-19,92.3,92.8,92.0,92.2,92.2,6505,0.21167831088573671,0.18840499900887483,0.2516449386976854,0.20345382514579344,0.20345382514579344,-0.006251347273119188,-0.012319228709158988,-0.017197271176804963,-0.022632108973339747,-0.024173405020955843,-0.03134302223778673
2022-04-20,92.2,93.4,91.8,92.7,92.7,6505,0.20531855409496347,0.22605514362557552,0.23879837039168555,0.235128930897949,0.235128930897949,0.0019455252918287138,-0.003975502310089229,-0.010179384965831434,-0.01581908907527333,-0.017842007119850796,-0.02342241106858162
2022-04-21,93.4,93.7,92.4,92.4,92.4,6505,0.28163563558424703,0.24488021593392542,0.27733807530968496,0.21612386744665585,0.21612386744665585,0.0008665511265164459,-0.005917159763313579,-0.01176470588235288,-0.017073559917025583,-0.020522388059701416,-0.02425287760920835
2022-04-22,91.7,92.3,91.5,92.0,92.0,6505,0.17351977014109538,0.15702987849495803,0.2195285179326863,0.19078378284493103,0.19078378284493103,-0.0023855996530036745,-0.007658289289181403,-0.013863084178933862,-0.01913748067594223,-0.023561876459350446,-0.025733347453139963
2022-04-25,91.2,91.3,89.2,90.1,90.1,6505,0.1417209861872273,0.09427963746712444,0.0717929824136908,0.07041838098673954,0.07041838098673954,-0.01937309534175012,-0.024786232276220437,-0.03132167431192654,-0.03667272532877159,-0.04132618318011577,-0.04318584070796471
2022-04-26,89.8,90.8,89.5,89.7,89.7,6505,0.052684391116396355,0.06290451695320763,0.09106283487269005,0.04507829638501563,0.04507829638501563,-0.01838476690741964,-0.02584708948740221,-0.03229286536248553,-0.03760527868676583,-0.043138760880696334,-0.04540617240156083
2022-04-27,89.5,90.0,88.6,89.1,89.1,6505,0.03360512074407569,0.012704324130940935,0.033253277495691375,0.007068169482428411,0.007068169482428411,-0.01720714758438123,-0.027186374058303407,-0.03432080924855496,-0.040955815079920424,-0.04689572547173849,-0.04973514877884042
2022-04-28,88.6,89.5,88.6,89.2,89.2,6505,-0.023632690372887198,-0.018670796382975863,0.033253277495691375,0.013403190632860064,0.013403190632860064,-0.009109086869584618,-0.021607985082812316,-0.03015366772977667,-0.037029040267731905,-0.043000600806797656,-0.04717820900836736
2022-04-29,88.3,92.5,88.3,91.6,91.6,6505,-0.04271196074520786,0.1695799267005249,0.01398342503669212,0.16544369824320623,0.16544369824320623,0.018456748943740234,0.005709266578831753,-0.0020337013364323153,-0.009247742144827256,-0.015307877536979925,-0.020390702980179812
2022-05-03,91.6,91.8,89.8,90.2,90.2,6505,0.16716001335032124,0.12565475798104123,0.11033268733168931,0.07675340213717119,0.07675340213717119,0.002667852378834981,-0.007919049714034303,-0.015068792312731989,-0.022222222222222192,-0.028184795724875016,-0.033364292348360323
2022-05-04,90.5,91.1,90.1,90.2,90.2,6505,0.09720268865181184,0.08172958926155753,0.12960253979068856,0.07675340213717119,0.07675340213717119,0.0015545192094161093,-0.005731922398589022,-0.013201079425278938,-0.019938067039713084,-0.025665399239543477,-0.031461398045742286
2022-05-05,91.2,92.2,91.0,91.9,91.9,6505,0.1417209861872273,0.150754854392175,0.18741209716768725,0.18444876169450028,0.18444876169450028,0.014124917236813077,0.013901147396293084,0.006939371804236742,0.0004899025638235906,-0.005927656628591074,-0.011898788617303294
2022-05-06,89.7,91.5,89.6,91.2,91.2,6505,0.0463246343256231,0.10682968567269133,0.0974861190256895,0.14010361364148233,0.14010361364148233,0.001977587343441077,0.0075121520106053085,0.0008779631255488643,-0.005832016133427771,-0.012003293322355635,-0.017700068215273014
2022-05-09,89.2,91.2,89.1,90.4,90.4,6505,0.01452585037175503,0.08800461336434143,0.06536969826069045,0.0894234444380336,0.0894234444380336,-0.004185944040537513,0.000442673749446727,-0.006375027478566544,-0.012399628557382324,-0.01867129830655665,-0.024284943335132217
2022-05-10,90.1,91.3,89.7,90.1,90.1,6505,0.07176366148871702,0.09427963746712444,0.10390940317868987,0.07041838098673954,0.07041838098673954,-0.007271925958572177,-0.0028773793714033324,-0.008437270726338948,-0.013953488372093086,-0.02014094310074841,-0.02566505659289181
2022-05-11,89.5,90.5,89.4,90.2,90.2,6505,0.03360512074407569,0.04407944464485773,0.0846395507196906,0.07675340213717119,0.07675340213717119,-0.006170118995152229,-0.0023227519079747124,-0.005878030859661992,-0.011452682338758307,-0.017215079538025695,-0.02246947474893422
2022-05-12,90.2,90.5,88.6,88.7,88.7,6505,0.07812341827949117,0.04407944464485773,0.033253277495691375,-0.0182719151192955,-0.0182719151192955,-0.015756768752774097,-0.018479583932721054,-0.01952837140751657,-0.025060452846779522,-0.030685841675044727,-0.036497936128611616
2022-05-13,89.9,90.9,89.3,90.5,90.5,6505,0.05904414790717051,0.06917954105599153,0.07821626656669024,0.09575846558846435,0.09575846558846435,0.005779062013780796,0.0,0.0017710870046492232,-0.0036880057246656897,-0.009673465814584614,-0.015448215839860767
2022-05-16,91.7,92.0,90.8,91.3,91.3,6505,0.17351977014109538,0.13820480618660813,0.17456552886168744,0.14643863479191307,0.14643863479191307,0.012644188110026626,0.009174311926605486,0.011148848198464198,0.005783530707793902,0.0004383081306157357,-0.005374391749582461
2022-05-17,91.5,92.8,91.4,92.2,92.2,6505,0.16080025655954797,0.18840499900887483,0.21310523377968685,0.20345382514579344,0.20345382514579344,0.01788474276882303,0.016874379618396395,0.01953556948028012,0.015474420397599,0.01078758112611848,0.005196787440491409
2022-05-18,91.2,94.3,91.2,93.8,93.8,6505,0.1417209861872273,0.2825303605506252,0.20025866547368706,0.30481416355269086,0.30481416355269086,0.02738225629791895,0.03042952872679332,0.03410260179332632,0.03218707015130671,0.02787761900587355,0.022900763358778563
2022-05-19,92.5,93.0,91.6,92.7,92.7,6505,0.22439782446728412,0.2009550472144417,0.22595180208568574,0.235128930897949,0.235128930897949,0.006514657980456119,0.017451432334540704,0.019278698138103043,0.020082530949105944,0.016402789351344343,0.011935084782767063
2022-05-20,93.5,94.4,93.3,94.4,94.4,6505,0.28799539237502025,0.2888053846534091,0.33514763268668274,0.3428242904552781,0.3428242904552781,0.01636520241171415,0.0324838674395714,0.03402950197166645,0.03764770541357529,0.034588575687168534,0.030192797380865756
2022-05-23,95.3,95.6,94.0,94.6,94.6,6505,0.40247101460894513,0.3641056738868087,0.3801106217576816,0.3554943327561396,0.3554943327561396,0.011332050459696258,0.029940119760479045,0.03395511512678522,0.03836232918061583,0.03582690960056068,0.032300305543430746
2022-05-24,94.0,94.6,93.5,93.9,93.9,6505,0.31979417632888835,0.3013554328589751,0.3479942009926826,0.3111491847031225,0.3111491847031225,0.0002130379207500025,0.018106906646427584,0.023544800523217908,0.028533873706117575,0.02721743315976036,0.02443814095570597
2022-05-25,93.9,95.2,93.8,95.0,95.0,6505,0.31343441953811507,0.3390055774756758,0.36726405345168184,0.3808344173578644,0.3808344173578644,0.009349766255843555,0.02470067953834529,0.03193569411253528,0.03757099169943204,0.03797910930466325,0.03561046511627906
2022-05-26,95.1,95.6,93.8,93.9,93.9,6505,0.38975150102739775,0.3641056738868087,0.36726405345168184,0.3111491847031225,0.3111491847031225,-0.004874947011445462,0.007186527941649855,0.018511822980692712,0.022875816993464144,0.025422618267592744,0.02365638286274939
2022-05-27,95.4,95.6,94.6,95.0,95.0,6505,0.4088307713997193,0.3641056738868087,0.41865032667568014,0.3808344173578644,0.3808344173578644,0.005503810330228578,0.014090520922288722,0.027619528376721648,0.03159952220653704,0.03625812644530736,0.03504630470310516
2022-05-30,95.9,96.6,95.2,96.3,96.3,6505,0.4406295553535874,0.4268559149146423,0.45719003159367955,0.4631896923134687,0.4631896923134687,0.015608521408985337,0.0225100870673178,0.03726841878500639,0.043054427294882146,0.04847138750979862,0.04776411707104761
2022-05-31,96.0,97.1,95.6,96.8,96.8,6505,0.4469893121443606,0.4582310354285591,0.4828831682056783,0.4948647980656243,0.4948647980656243,0.014675052410901378,0.02282333051563817,0.037661687986850594,0.04473584803842206,0.050848929610491096,0.05129783151721403
2022-06-01,95.8,97.0,95.8,96.0,96.0,6505,0.4342697985628132,0.4519560113257761,0.49572973651167807,0.4441846288621755,0.4441846288621755,0.004184100418410101,0.01201771030993043,0.024838089815671496,0.03286890096293499,0.0393209769617184,0.04117710856440476
2022-06-02,95.2,95.8,94.2,95.8,95.8,6505,0.39611125781817186,0.3766557220923756,0.3929571900636814,0.43151458656131314,0.43151458656131314,-0.0018753907063970893,0.006619733109173011,0.01756125194731612,0.028559158256388197,0.03415518804784303,0.03784486494294372
2022-06-06,96.1,96.7,95.3,96.7,96.7,6505,0.4533490689351339,0.4331309390174262,0.463613315746679,0.4885297769151935,0.4885297769151935,0.003945182724252592,0.013626834381551331,0.022631133671742815,0.03516565862013591,0.04050098992855294,0.04597079502433748
2022-06-07,96.6,96.6,95.2,95.3,95.3,6505,0.4851478528890019,0.4268559149146423,0.45719003159367955,0.39983948080915754,0.39983948080915754,-0.008531002913025314,-0.0017806640829580152,0.004991563554555787,0.017510143070681192,0.023806454385286342,0.0296024200518582
2022-06-08,96.4,96.4,95.9,96.1,96.1,6505,0.4724283393074554,0.4143058667090763,0.5021530206646785,0.4505196500126063,0.4505196500126063,0.0012502604709314915,0.004284669244435119,0.010656944541821367,0.022775649212430676,0.029789969995713688,0.03600689952565749
2022-06-09,97.5,97.9,96.6,97.0,97.0,6505,0.5423856640059649,0.5084312282508267,0.5471160097356764,0.5075348403664867,0.5075348403664867,0.008525681014764062,0.011575763896130978,0.01783840503672616,0.02863202545068932,0.036413368663988234,0.0429733701301029
2022-06-10,95.7,97.0,95.6,96.0,96.0,6505,0.42791004177203995,0.4519560113257761,0.4828831682056783,0.4441846288621755,0.4441846288621755,-0.002286426938266461,-0.0010405827263266839,0.005025125628140596,0.014102360957059188,0.02393446819403558,0.029674651412227377
2022-06-13,94.4,95.7,93.5,95.3,95.3,6505,0.34523320349198316,0.3703806979895926,0.3479942009926826,0.39983948080915754,0.39983948080915754,-0.006670835939128628,-0.008634141267034354,-0.002929483155471868,0.004162056793635699,0.014693356047700121,0.019942206842424266
2022-06-14,95.8,97.3,94.5,96.9,96.9,6505,0.4342697985628132,0.470781083634126,0.41222704252268066,0.5011998192160559,0.5011998192160559,0.006648659879493046,0.0073812246595281,0.012186629526462446,0.018017544781215564,0.028880866425992767,0.03510895883777265
2022-06-15,96.2,97.5,96.0,96.9,96.9,6505,0.45970882572590804,0.4833311318396929,0.5085763048176779,0.5011998192160559,0.5011998192160559,0.004978220286247708,0.0072765072765073055,0.010076441973592792,0.015510375183399748,0.025917926565874966,0.03264537671841157
2022-06-16,97.8,97.8,95.8,95.8,95.8,6505,0.5614649343782855,0.5021562041480427,0.49572973651167807,0.43151458656131314,0.43151458656131314,-0.003950925348305361,-0.003950925348305214,-0.001944714543686631,0.00293132328308194,0.011872068950948448,0.018896018718757648
2022-06-17,95.5,97.3,95.1,96.0,96.0,6505,0.41519052819049257,0.470781083634126,0.4507667474406792,0.4441846288621755,0.4441846288621755,-0.00187149095446031,-0.0020790020790021086,-0.0013177058048406717,0.003292052045775176,0.010866818296689222,0.01954120645709419
2022-06-20,95.7,95.7,93.4,94.5,94.5,6505,0.42791004177203995,0.3703806979895926,0.3415709168396831,0.34915931160570884,0.34915931160570884,-0.015830035409289837,-0.015419879141487704,-0.016581101706673925,-0.012435991221653233,-0.006601631485997963,0.0024398005728227855
2022-06-21,92.1,93.9,91.4,93.9,93.9,6505,0.1989587973041893,0.2574302641394923,0.21310523377968685,0.3111491847031225,0.3111491847031225,-0.015929574512680737,-0.02024207011686141,-0.02119527449617788,-0.018347185196800956,-0.013986895161290402,-0.0051560954937139285
2022-06-22,93.8,93.8,91.6,92.1,92.1,6505,0.3070746627473409,0.2511552400367084,0.22595180208568574,0.19711880399536177,0.19711880399536177,-0.024984120262545133,-0.03499580888516363,-0.03681238234678934,-0.03625804426306706,-0.032847481833074454,-0.02491530208921519
2022-06-23,93.3,94.5,92.1,93.4,93.4,6505,0.2752758787934729,0.2950804087561921,0.2580682228506848,0.279474078950967,0.279474078950967,-0.006171525856565058,-0.01766933108960882,-0.02144303974296291,-0.021835890453997798,-0.01903121455278744,-0.012267343485617562
2022-06-24,94.0,95.7,93.6,95.0,95.0,6505,0.31979417632888835,0.3703806979895926,0.354417485145682,0.3808344173578644,0.3808344173578644,0.013009170398805702,0.0002105706464518427,-0.0041232790551402445,-0.005652082897215743,-0.003189792663477044,0.0024269283528541704
2022-06-27,96.0,97.4,95.0,95.2,95.2,6505,0.4469893121443606,0.4770561077369099,0.44434346328767976,0.3935044596587268,0.3935044596587268,0.013628620102214663,0.0024218174160261555,-0.000979431929480905,-0.0036630036630036036,-0.0014265335235377579,0.00287941568930395
2022-06-28,96.1,96.7,95.4,96.0,96.0,6505,0.4533490689351339,0.4331309390174262,0.4700365998996794,0.4441846288621755,0.4441846288621755,0.017595929616281498,0.011804384485666152,0.00692259282567649,0.004867326110849462,0.006373700100637264,0.009640666082383923
2022-06-29,94.5,96.2,94.5,95.7,95.7,6505,0.3515929602827564,0.4017558185035094,0.41222704252268066,0.42517956541088237,0.42517956541088237,0.006732589943193778,0.009919797382861943,0.004056795131846029,0.002304147465437925,0.0024721360931868556,0.005252100840336134
2022-06-30,94.8,95.4,93.7,93.8,93.8,6505,0.37067223065507704,0.3515556256812427,0.36084076929868236,0.30481416355269086,0.30481416355269086,-0.014084507042253556,-0.00803722504230109,-0.01366982124079913,-0.016462199853203244,-0.01693636287415108,-0.014705882352941235
2022-07-01,93.2,94.5,92.3,93.0,93.0,6505,0.2689161220026996,0.2950804087561921,0.27091479115668465,0.25413399434924216,0.25413399434924216,-0.018366054464851265,-0.013367281985996085,-0.02002107481559542,-0.02341699044418765,-0.024952820297756296,-0.02321184749501111
2022-07-04,94.3,96.5,94.0,94.9,94.9,6505,0.338873446701209,0.4205808908118593,0.3801106217576816,0.37449939620743367,0.37449939620743367,0.002323616392057595,0.006362672322375488,0.00028107652308360324,-0.0025225982762244574,-0.0049907733601744575,-0.0034304116493979416
2022-07-05,96.1,96.4,92.6,93.3,93.3,6505,0.4533490689351339,0.4143058667090763,0.29018464361568386,0.2731390578005353,0.2731390578005353,-0.008922880815806283,-0.009974533106960927,-0.014089468122578473,-0.018308080808080756,-0.020534139581758516,-0.01978637716687102
2022-07-06,92.6,93.2,90.2,90.3,90.3,6505,0.23075758125805737,0.21350509542000862,0.13602582394368892,0.08308842328760194,0.08308842328760194,-0.029658284977433967,-0.03997448437167756,-0.04133342770188985,-0.046965699208443304,-0.04943366036464705,-0.0501069462463621
2022-07-07,91.0,91.2,89.0,89.5,89.5,6505,0.1290014726056799,0.08800461336434143,0.05894641410769099,0.032408254084153224,0.032408254084153224,-0.0292841648590022,-0.04451798868367661,-0.04557088013649943,-0.051655629139072845,-0.05526938017226824,-0.05670320404721763
2022-07-08,89.5,90.5,88.1,89.4,89.4,6505,0.03360512074407569,0.04407944464485773,0.0011368567306923128,0.02607323293372247,0.02607323293372247,-0.022737210319195282,-0.03984534421651803,-0.04214285714285703,-0.04939124887022166,-0.05376799322607957,-0.05626517470706215
2022-07-11,89.4,89.9,87.5,87.7,87.7,6505,0.02724536395330244,0.006429300028157932,-0.0374028481873062,-0.08162212662360663,-0.08162212662360663,-0.025988449577965384,-0.05045474231268944,-0.05577088716623607,-0.0636844071958576,-0.06821079473013177,-0.07182671276370559
2022-07-12,86.4,86.4,82.0,82.8,82.8,6505,-0.16354733976990599,-0.21319654356925966,-0.3906834766022959,-0.3920381629947315,-0.3920381629947315,-0.05844894246076871,-0.09050966608084368,-0.10136748426307796,-0.10929432013769373,-0.11557359538560144,-0.11949239658289318
2022-07-13,84.8,85.4,83.0,84.2,84.2,6505,-0.26530344842228437,-0.27594678459709326,-0.32645063507229777,-0.3033478668886956,-0.3033478668886956,-0.029059040590405857,-0.06329958838580485,-0.08091980788822581,-0.08800433252098565,-0.09602336167654373,-0.10058750222538712
2022-07-14,83.5,84.8,83.3,84.4,84.4,6505,-0.34798028670234116,-0.31359692921379395,-0.3071807826132985,-0.29067782458783314,-0.29067782458783314,-0.015169194865810936,-0.05115233277121975,-0.0726633460298857,-0.08015911939403836,-0.0889464594127806,-0.09471200257427864
2022-07-15,83.6,83.6,82.1,82.1,82.1,6505,-0.34162052991156794,-0.38889721844719444,-0.38426019244929643,-0.43638331104774947,-0.43638331104774947,-0.025403608736942244,-0.06555884361484185,-0.08932929083783193,-0.09839666154184062,-0.108422744450719,-0.11504742742167288
2022-07-18,82.1,85.4,81.3,84.2,84.2,6505,-0.4370168817731721,-0.27594678459709326,-0.4356464656732948,-0.3033478668886956,-0.3033478668886956,0.007900406990663286,-0.029842147712870026,-0.05837620219190336,-0.0700756529902257,-0.08118725447402879,-0.0883170317970188
2022-07-19,84.2,84.8,83.4,84.7,84.7,6505,-0.3034619891669257,-0.31359692921379395,-0.30075749846029814,-0.27167276113654,-0.27167276113654,0.009294566253574846,-0.014313976492493772,-0.04473684210526318,-0.05977687739357279,-0.07078286817623308,-0.07938118184123757
2022-07-20,84.9,85.1,82.3,82.6,82.6,6505,-0.2589436916315102,-0.29477185690544405,-0.37141362414329665,-0.4047082052955939,-0.4047082052955939,-0.011961722488038277,-0.03006106153123535,-0.05915407396157653,-0.07822787635308565,-0.08809891808346218,-0.09779363576785845
2022-07-21,82.7,83.3,82.4,83.3,83.3,6505,-0.3988583410285299,-0.40772229075554434,-0.3649903399902963,-0.36036305724257595,-0.36036305724257595,-0.0009594627008874826,-0.014667612964277372,-0.04355480710349039,-0.0651478592671568,-0.0752664298401421,-0.08558673936111823
2022-07-22,82.8,83.2,82.1,82.6,82.6,6505,-0.39249858423775663,-0.4139973148583273,-0.38426019244929643,-0.4047082052955939,-0.4047082052955939,-0.010541447053186338,-0.01502504173622694,-0.04398148148148161,-0.06650844775950732,-0.07754846779237026,-0.08880308880308892
2022-07-25,82.7,83.9,82.6,83.9,83.9,6505,-0.3988583410285299,-0.37007214613884365,-0.3521437716842974,-0.32235293033998874,-0.32235293033998874,0.0057540158235437336,0.005031145184475344,-0.020622568093385203,-0.04572338489535937,-0.05857271095152602,-0.07056607953916019
2022-07-26,83.9,84.1,83.1,83.5,83.5,6505,-0.32254125953924634,-0.3575220979332776,-0.3200273509192983,-0.3476930149417135,-0.3476930149417135,0.003847078624669481,-0.0005984440454817135,-0.01780112923462972,-0.0434732802566012,-0.05866702741702735,-0.07039744684009357
2022-07-27,83.7,84.0,83.2,84.0,84.0,6505,-0.3352607731207938,-0.3637971220360606,-0.313604066766298,-0.31601790918955797,-0.31601790918955797,0.006470165348670097,0.005626720938584926,-0.007013949089762625,-0.03125360396724723,-0.049558723693143195,-0.06033261242449114
2022-07-28,84.3,84.4,83.8,84.1,84.1,6505,-0.2971022323761524,-0.3386970256249268,-0.27506436184829947,-0.30968288803912725,-0.30968288803912725,0.005740253527864025,0.007185628742514902,-0.0015829046299961215,-0.024644824586836766,-0.0444050540859922,-0.05509156960413471
2022-07-29,85.0,85.0,83.9,84.5,84.5,6505,-0.25258393484073693,-0.301046881008227,-0.2686410776952991,-0.2843428034374024,-0.2843428034374024,0.005952380952380952,0.00907571053260097,0.007071349118067528,-0.015151515151515119,-0.03525597113759869,-0.046490634168359184
2022-08-01,84.5,84.5,83.5,84.5,84.5,6505,-0.284382718794605,-0.33242200152214385,-0.2943342143072987,-0.2843428034374024,-0.2843428034374024,0.004517356157869656,0.008714336874776222,0.009638362274972013,-0.009146341463414647,-0.03051858650757224,-0.042890583704598605
2022-08-02,83.9,84.5,82.7,83.6,83.6,6505,-0.32254125953924634,-0.33242200152214385,-0.345720487531297,-0.3413579937912828,-0.3413579937912828,-0.00641787497028769,-0.0007171886206072469,-0.0017513134851139395,-0.014092812076183825,-0.03535493399796925,-0.04938786339688436
2022-08-03,83.5,84.5,83.3,83.9,83.9,6505,-0.34798028670234116,-0.33242200152214385,-0.3071807826132985,-0.32235293033998874,-0.32235293033998874,-0.002615311459819292,0.0013128058240841824,0.002070228521379075,-0.006806747558449111,-0.0265917950621866,-0.04300216721797646
2022-08-04,83.7,84.3,81.6,82.5,82.5,6505,-0.3352607731207938,-0.34497204972771073,-0.41637661321429553,-0.41104322644602465,-0.41104322644602465,-0.015513126491646744,-0.014454664914585998,-0.013157894736842039,-0.019316493313521546,-0.037788663400979645,-0.05505497861942568
2022-08-05,83.7,83.8,82.9,83.1,83.1,6505,-0.3352607731207938,-0.3763471702416275,-0.3328739192252972,-0.37303309954343833,-0.37303309954343833,-0.005028735632183929,-0.007879656160458581,-0.006772908366533988,-0.008471542775325235,-0.026293588301462317,-0.043838453572661404
2022-08-08,83.1,83.2,82.2,82.8,82.8,6505,-0.373419313865436,-0.4139973148583273,-0.37783690829629607,-0.3920381629947315,-0.3920381629947315,-0.004568405866794849,-0.010161386730424488,-0.009253350350989068,-0.009154550350026932,-0.02427527692670283,-0.042737677752514615
2022-08-09,82.5,83.1,82.4,82.6,82.6,6505,-0.4115778546100773,-0.4202723389611112,-0.3649903399902963,-0.4047082052955939,-0.4047082052955939,-0.004579416726922096,-0.011488750598372354,-0.009988014382740825,-0.011429597271258434,-0.021697934432442768,-0.04009296920395122
2022-08-10,82.2,82.4,81.7,81.9,81.9,6505,-0.43065712498239794,-0.46419750768059403,-0.40995332906129517,-0.44905335334861096,-0.44905335334861096,-0.00823443933155719,-0.017396520695860694,-0.017828589702590318,-0.01845637583892608,-0.026113013698630113,-0.04311251314405886
2022-08-11,82.5,82.8,82.2,82.7,82.7,6505,-0.4115778546100773,-0.4390974112694611,-0.37783690829629607,-0.39837318414516226,-0.39837318414516226,0.0009682885499880478,-0.0061290710251172345,-0.007758758598624155,-0.007857956931197901,-0.013409047528154172,-0.029570523351325935
2022-08-12,82.9,84.2,82.9,83.6,83.6,6505,-0.38613882744698247,-0.35124707383049375,-0.3328739192252972,-0.3413579937912828,-0.3413579937912828,0.010638297872340371,0.005774783445620666,0.0022378516624041015,0.002037636341843482,9.570293808031604e-05,-0.015389447236180968
2022-08-15,84.0,84.6,83.8,84.6,84.6,6505,-0.3161815027484731,-0.32614697741936083,-0.27506436184829947,-0.27800778228697165,-0.27800778228697165,0.018295618680789553,0.017683146878383068,0.013659237958303214,0.013780707010185637,0.01356208367278484,0.0004336000630690418
2022-08-16,84.7,84.9,84.0,84.4,84.4,6505,-0.2716632052130576,-0.30732190511101004,-0.2622177935422996,-0.29067782458783314,-0.29067782458783314,0.011505273250239789,0.014301165725273375,0.010536398467433067,0.011565889614670142,0.010391227314083509,0.001582278481012737
2022-08-17,84.7,86.0,84.5,85.1,85.1,6505,-0.2716632052130576,-0.23829663998039344,-0.23010137277730058,-0.24633267653481608,-0.24633267653481608,0.012131303520456662,0.021240849633985138,0.018023765850546224,0.018429870751555846,0.018332376029102006,0.011970826066275494
2022-08-18,84.6,85.8,84.3,85.6,85.6,6505,-0.27802296200383175,-0.25084668818596034,-0.2429479410833004,-0.21465757078266054,-0.21465757078266054,0.011103236475312991,0.023433763749402124,0.022781583559025008,0.023005676725425722,0.023727516264829634,0.019492635674302147
2022-08-19,84.8,86.1,84.7,85.7,85.7,6505,-0.26530344842228437,-0.23202161587761044,-0.21725480447130077,-0.20832254963222888,-0.20832254963222888,0.0072872590503056485,0.02145411203814061,0.022998567563266074,0.0223070499821067,0.023161413562559664,0.02218511450381696
2022-08-22,85.1,85.5,84.7,85.5,85.5,6505,-0.2462241780499637,-0.26967176049431024,-0.21725480447130077,-0.2209925919330913,-0.2209925919330913,0.0028149190710766462,0.01580135440180585,0.019799618320610817,0.01894887379335006,0.02014031403617606,0.0206923995224831
2022-08-23,85.0,85.2,84.6,84.6,84.6,6505,-0.25258393484073693,-0.28849683280266014,-0.22367808862430114,-0.27800778228697165,-0.27800778228697165,-0.008206330597889834,0.0027260874718500624,0.008263149531225108,0.007562674924075399,0.009450171821305862,0.009225385716558064
2022-08-24,85.2,85.4,84.1,85.1,85.1,6505,-0.23986442125918955,-0.27594678459709326,-0.2557945093893002,-0.24633267653481608,-0.24633267653481608,-0.002344665885111405,0.004841185500059167,0.013256072392443202,0.012854082361342518,0.014206035181389229,0.014826887148706029
2022-08-25,85.1,86.5,85.0,86.4,86.4,6505,-0.2462241780499637,-0.20692151946647663,-0.1979849520123015,-0.1639774015792109,-0.1639774015792109,0.010999297917154365,0.015753585704208834,0.02555986389174666,0.026921019789623826,0.028179741051028464,0.029511061683282446
2022-08-26,86.6,87.0,85.8,86.4,86.4,6505,-0.1508278261883595,-0.17554639895255986,-0.14659867878830318,-0.1639774015792109,-0.1639774015792109,0.009345794392523497,0.012420904616826836,0.022888713496448346,0.025762792354268267,0.02632329183692873,0.027755749405234054
2022-08-29,84.2,84.9,83.7,83.7,83.7,6505,-0.3034619891669257,-0.30732190511101004,-0.2814876460012989,-0.3350229726408511,-0.3350229726408511,-0.018066635382449462,-0.01818181818181815,-0.009779951100244514,-0.005820168666112304,-0.005654818475574975,-0.004164187983343181
2022-08-30,83.2,84.2,82.4,83.2,83.2,6505,-0.3670595570746618,-0.35124707383049375,-0.3649903399902963,-0.36669807839300667,-0.36669807839300667,-0.020715630885122467,-0.02267120873957468,-0.016160819865983368,-0.011524296067482296,-0.01145382824010264,-0.00952380952380949
2022-08-31,82.8,84.2,82.5,83.8,83.8,6505,-0.39249858423775663,-0.35124707383049375,-0.3585670558372968,-0.32868795149042035,-0.32868795149042035,-0.010625737898465238,-0.014117647058823563,-0.010547858942065629,-0.004336719539000712,-0.004230239079804277,-0.0028557829604951104
2022-09-01,82.2,83.8,81.6,83.3,83.3,6505,-0.43065712498239794,-0.3763471702416275,-0.41637661321429553,-0.36036305724257595,-0.36036305724257595,-0.009276879162702369,-0.017341040462427897,-0.01691581431943356,-0.010747580309957854,-0.009795064428700467,-0.00880533079485953
2022-09-02,82.9,82.9,82.0,82.0,82.0,6505,-0.38613882744698247,-0.4328223871666772,-0.3906834766022959,-0.44271833219818024,-0.44271833219818024,-0.014423076923076957,-0.028436018957346036,-0.031038285804317146,-0.025549613784907967,-0.024088355707892993,-0.02404189478695544
2022-09-05,82.4,82.5,81.6,81.8,81.8,6505,-0.41793761140085056,-0.457922483577811,-0.41637661321429553,-0.4553883744990426,-0.4553883744990426,-0.012315865732914877,-0.02653814114006907,-0.03126480341070583,-0.027348394768133142,-0.025215691882358546,-0.025610482430017935
2022-09-06,82.6,82.7,81.8,82.4,82.4,6505,-0.40521809781930407,-0.44537243537224414,-0.4035300449082957,-0.4173782475964554,-0.4173782475964554,-0.003145414952818666,-0.016823768046772422,-0.022615846908113232,-0.020097514567725027,-0.01750369628463764,-0.018034480019067316
2022-09-07,81.4,82.0,80.6,80.6,80.6,6505,-0.4815351793085867,-0.48929760409172784,-0.4806094547442936,-0.5314086283042162,-0.5314086283042162,-0.01731285052426257,-0.03310940499040297,-0.04055233711610189,-0.04076167807200251,-0.03745103659119148,-0.0381861575178998
2022-09-08,80.9,81.5,80.1,81.4,81.4,6505,-0.5133339632624547,-0.5206727246056446,-0.5127258755092927,-0.48072845910076656,-0.48072845910076656,-0.0029397354238117944,-0.017620082066135575,-0.027788836690819347,-0.03049070986183883,-0.027386130096066545,-0.027595269382391614
2022-09-12,82.9,83.0,81.9,82.5,82.5,6505,-0.38613882744698247,-0.42654736306389424,-0.39710676075529533,-0.41104322644602465,-0.41104322644602465,0.00929777342794232,0.00036376864314297485,-0.012133791011415368,-0.016745128419045362,-0.013959936893435868,-0.013669150759176005
2022-09-13,82.9,82.9,82.3,82.9,82.9,6505,-0.38613882744698247,-0.4328223871666772,-0.37141362414329665,-0.3857031418442998,-0.3857031418442998,0.011469009272815979,0.006190071610632421,-0.0052795776337891,-0.010975900739680286,-0.009226503489817111,-0.008254575906208681
2022-09-14,81.3,82.7,81.2,81.4,81.4,6505,-0.48789493609936085,-0.44537243537224414,-0.4420697498262942,-0.48072845910076656,-0.48072845910076656,-0.004403131115459875,-0.009852815959129086,-0.02077151335311581,-0.027130393211425793,-0.026595235817468546,-0.025344242666134425
2022-09-15,81.4,81.9,80.8,81.8,81.8,6505,-0.4815351793085867,-0.4955726281945108,-0.46776288643829383,-0.4553883744990426,-0.4553883744990426,-0.002439024390243937,-0.002560663333739712,-0.013348343518816369,-0.02041793904556628,-0.021765127959818314,-0.0197331628984582
2022-09-16,81.4,82.6,80.8,82.6,82.6,6505,-0.4815351793085867,-0.45164745947502805,-0.46776288643829383,-0.4047082052955939,-0.4047082052955939,0.004377431906614606,0.008054674151818363,-0.0006452653653817858,-0.00905764501229675,-0.012150784538844304,-0.01018573996405043
2022-09-19,82.0,82.1,80.9,81.3,81.3,6505,-0.4433766385639454,-0.4830225799889448,-0.46133960228529347,-0.48706348025119817,-0.48706348025119817,-0.008536585365853694,-0.006962257237083271,-0.012310682756945033,-0.02207253262765391,-0.026627077247258317,-0.025062957189111612
2022-09-20,81.3,81.4,80.6,80.9,80.9,6505,-0.48789493609936085,-0.5269477487084276,-0.4806094547442936,-0.5124035648529222,-0.5124035648529222,-0.008578431372548882,-0.01076057715822934,-0.014936277295234744,-0.024184307339726138,-0.02969679524083668,-0.029122329786382694
2022-09-21,80.4,80.8,80.2,80.6,80.6,6505,-0.5451327472163229,-0.5645978933251283,-0.5063025913562923,-0.5314086283042162,-0.5314086283042162,-0.010314341846758392,-0.012254901960784315,-0.01651346294639232,-0.025451907381657746,-0.03152936652888585,-0.03194811434061987
2022-09-22,80.1,80.6,78.6,79.3,79.3,6505,-0.5642120175886444,-0.5771479415306953,-0.6090751378042899,-0.6137639032598204,-0.6137639032598204,-0.02026192241166297,-0.026635571375966633,-0.02882103200522541,-0.037796517624219,-0.044486215538847206,-0.046569413273485114
2022-09-23,79.3,80.4,79.1,79.4,79.4,6505,-0.6150900719148331,-0.5896979897362612,-0.5769587170392908,-0.6074288821093888,-0.6074288821093888,-0.011207970112079595,-0.02300972068413917,-0.024490130231796286,-0.03247425820995543,-0.04041380643913751,-0.04410289337453341
2022-09-26,78.8,79.6,78.3,79.6,79.6,6505,-0.6468888558687013,-0.6398981825585288,-0.6283449902632892,-0.5947588398085273,-0.5947588398085273,-0.004502251125562951,-0.017041244751790512,-0.020106688551497824,-0.026001835423676966,-0.03515151515151522,-0.04015434703967216
2022-09-27,79.2,80.1,78.9,79.5,79.5,6505,-0.6214498287056064,-0.608523062044612,-0.5898052853452898,-0.601093860958958,-0.601093860958958,-0.0022590361445782208,-0.014136904761904769,-0.019486926492353212,-0.024719376801815792,-0.033552151714077376,-0.03939101014983073
2022-09-28,79.0,80.2,78.8,80.1,80.1,6505,-0.6341693422871538,-0.6022480379418281,-0.5962285694982901,-0.5630837340563717,-0.5630837340563717,0.006534305101784318,-0.005092535088808977,-0.010215009473597512,-0.015486725663716876,-0.02412280701754391,-0.030461972967520668
2022-09-29,80.6,81.7,80.1,81.7,81.7,6505,-0.5324132336347763,-0.5081226764000777,-0.5127258755092927,-0.4617233956494734,-0.4617233956494734,0.02048463652260805,0.01490683229813686,0.008641975308642011,0.005476586056242608,-0.002977643268573657,-0.009736980324027242
2022-09-30,81.7,82.9,81.2,82.9,82.9,6505,-0.46245590893626604,-0.4328223871666772,-0.4420697498262942,-0.3857031418442998,-0.3857031418442998,0.026498266468548973,0.029430026077238353,0.02219482120838485,0.020496091586139055,0.013397877854383693,0.005905193334411881
2022-10-03,81.5,82.4,80.9,81.4,81.4,6505,-0.4751754225178135,-0.46419750768059403,-0.46133960228529347,-0.48072845910076656,-0.48072845910076656,0.0034516765285996192,0.01067792401291301,0.004607536613460784,0.0024013299673666323,-0.002499877456987323,-0.010574936185729796
2022-10-04,81.1,81.6,80.6,81.1,81.1,6505,-0.5006144496809083,-0.5143977005028616,-0.4806094547442936,-0.4997335225520606,-0.4997335225520606,-0.004174852652259374,0.006703078450843993,0.0023895847066576358,-0.0008623875816187407,-0.004907975460122769,-0.01246093274343493
2022-10-05,80.8,81.4,80.5,80.9,80.9,6505,-0.5196937200532289,-0.5269477487084276,-0.4870327388972931,-0.5124035648529222,-0.5124035648529222,-0.008578431372549053,0.003846631095669466,0.0003297337400051733,-0.002404587212528432,-0.0062401729559747885,-0.013414634146341394
2022-10-06,80.8,81.1,80.3,80.6,80.6,6505,-0.5196937200532289,-0.5457728210167784,-0.4998793072032929,-0.5314086283042162,-0.5314086283042162,-0.00958466453674123,-0.001486620416253773,-0.0023929367109498585,-0.006103952154880135,-0.008366141732283549,-0.015271838729383019
2022-10-07,80.1,80.9,79.6,80.0,80.0,6505,-0.5642120175886444,-0.5583228692223444,-0.5448422962742918,-0.5694187552068025,-0.5694187552068025,-0.009900990099009866,-0.009655855409754903,-0.0076903994046141205,-0.012650416538105592,-0.014146990683689015,-0.02004818096443613
2022-10-11,78.8,79.5,78.1,79.0,79.0,6505,-0.6468888558687013,-0.6461732066613118,-0.641191558569289,-0.6327689667111136,-0.6327689667111136,-0.016434262948207087,-0.021308225966303256,-0.01822700911350458,-0.022881880024737098,-0.025028385249543268,-0.02936478682884893
2022-10-12,78.5,78.9,78.1,78.1,78.1,6505,-0.6659681262410219,-0.6838233512780116,-0.641191558569289,-0.689784157064994,-0.689784157064994,-0.020321123933768247,-0.03077686770910901,-0.027154957648231275,-0.031137575983128708,-0.03437190900098914,-0.03821682196954155
2022-10-13,77.8,78.5,75.2,75.5,75.5,6505,-0.7104864237764373,-0.7089234476891454,-0.827466799006283,-0.8544947069762026,-0.8544947069762026,-0.03992878942014243,-0.057663504742885556,-0.05554165624218161,-0.059951441200273896,-0.06332191950771673,-0.06728710261900847
2022-10-14,75.8,78.8,75.6,77.9,77.9,6505,-0.8376815595919096,-0.6900983753807955,-0.8017736623942843,-0.7024541993658555,-0.7024541993658555,-0.0025608194622277675,-0.02307499372962131,-0.024380061785087982,-0.027708437343983837,-0.032250049691910025,-0.035294117647058754
2022-10-17,77.0,79.0,76.8,79.0,79.0,6505,-0.7613644781026261,-0.6775483271752286,-0.7246942525582863,-0.6327689667111136,-0.6327689667111136,0.014120667522464624,-0.004410838059231183,-0.01027311450764211,-0.011758819114335723,-0.017412935323383155,-0.019932180961045435
2022-10-18,79.0,79.4,78.3,79.4,79.4,6505,-0.6341693422871538,-0.6524482307640949,-0.6283449902632892,-0.6074288821093888,-0.6074288821093888,0.018209797383944622,0.0031585596967782688,-0.005095647815554074,-0.0055732982653891065,-0.010912352384274312,-0.013909587680079364
2022-10-19,78.4,79.6,77.6,77.9,77.9,6505,-0.6723278830317951,-0.6398981825585288,-0.673307979334288,-0.7024541993658555,-0.7024541993658555,-0.0005132152938156536,-0.011797539007991787,-0.022584692597239612,-0.022523370349457325,-0.027174184524701554,-0.030974001741510073
2022-10-20,77.0,78.0,76.1,77.4,77.4,6505,-0.7613644781026261,-0.7402985682030622,-0.7696572416292852,-0.734129305118011,-0.734129305118011,-0.01174668028600615,-0.013761467889908056,-0.02665995975855136,-0.02684352800653789,-0.03148305721007046,-0.03519341837370661
2022-10-21,78.1,79.0,77.6,79.0,79.0,6505,-0.6914071534041167,-0.6775483271752286,-0.673307979334288,-0.6327689667111136,-0.6327689667111136,0.005856888209829306,0.008682328907048096,-0.004285354171918369,-0.006539235412474977,-0.010074682973284572,-0.014593987775976073
2022-10-24,79.7,81.0,79.2,80.6,80.6,6505,-0.5896510447517384,-0.5520478451195614,-0.5705354328862905,-0.5314086283042162,-0.5314086283042162,0.0220644179558711,0.028323551926511852,0.017848122579558767,0.0128172907765768,0.010987908283578226,0.005698124194152104
2022-10-25,81.2,82.0,80.7,81.7,81.7,6505,-0.49425469289013413,-0.48929760409172784,-0.47418617059129325,-0.4617233956494734,-0.4617233956494734,0.03000504286434689,0.038779402415766016,0.03147883174816924,0.025287067829579155,0.024579884625031453,0.01976284584980249
2022-10-26,81.4,82.5,80.8,82.1,82.1,6505,-0.4815351793085867,-0.457922483577811,-0.46776288643829383,-0.43638331104774947,-0.43638331104774947,0.0242015968063872,0.03858317520556606,0.035657219746026425,0.02862870387771718,0.028976788489497137,0.02509676613809453
2022-10-27,82.4,83.8,82.0,82.0,82.0,6505,-0.41793761140085056,-0.3763471702416275,-0.3906834766022959,-0.44271833219818024,-0.44271833219818024,0.011346817957572789,0.02885821831869507,0.03343975802386157,0.026154423726692574,0.027002655177596206,0.02359256022968419
2022-10-28,83.0,83.0,81.8,81.8,81.8,6505,-0.37977907065620925,-0.42654736306389424,-0.4035300449082957,-0.4553883744990426,-0.4553883744990426,0.0019598236158745296,0.02135098014733417,0.029880812489508163,0.023587561784395986,0.023216251375963105,0.021095993009611937
2022-10-31,81.9,83.0,81.2,83.0,83.0,6505,-0.44973639535471865,-0.42654736306389424,-0.4420697498262942,-0.3793681206938691,-0.3793681206938691,0.010716025328787085,0.03118399801217549,0.04236436704621588,0.038538538538538517,0.03636000399560473,0.03590298290136057
2022-11-01,82.5,83.3,81.6,83.2,83.2,6505,-0.4115778546100773,-0.40772229075554434,-0.41637661321429553,-0.36669807839300667,-0.36669807839300667,0.009463722397476528,0.028811673055521184,0.04121475054229939,0.03987001624796897,0.03699272110878457,0.03757898237445962
2022-11-02,82.3,83.2,81.6,81.9,81.9,6505,-0.4242973681916247,-0.4139973148583273,-0.41637661321429553,-0.44905335334861096,-0.44905335334861096,-0.005826656955571617,0.007751937984496067,0.021706586826347237,0.023110555902561006,0.019569763967732332,0.020942408376963255
2022-11-03,81.2,81.8,81.0,81.8,81.8,6505,-0.49425469289013413,-0.5018476522972947,-0.454916318132294,-0.4553883744990426,-0.4553883744990426,-0.00655817342725293,0.001101456370089208,0.015140233308513265,0.021287221424558318,0.017463555400766162,0.01918764016944937
2022-11-04,81.0,82.3,80.8,82.3,82.3,6505,-0.5069742064716816,-0.47047253178337795,-0.46776288643829383,-0.4237132687468871,-0.4237132687468871,-0.0016982047549733209,0.0031691857630423074,0.017640755090264734,0.026440508855075956,0.023377269335986016,0.02414136386261819
2022-11-07,82.3,83.0,82.1,83.0,83.0,6505,-0.4242973681916247,-0.42654736306389424,-0.38426019244929643,-0.3793681206938691,-0.3793681206938691,0.0067928190198932835,0.008750607681088951,0.022923342371210246,0.03323789368853464,0.03203023972943392,0.031312127236580466
2022-11-08,83.4,83.7,82.5,83.3,83.3,6505,-0.35434004349311443,-0.3826221943444105,-0.3585670558372968,-0.36036305724257595,-0.36036305724257595,0.010186757215619563,0.010431829209121779,0.023341523341523236,0.03420448196660247,0.03478260869565214,0.03345601918861924
2022-11-09,83.1,83.5,82.6,83.3,83.3,6505,-0.373419313865436,-0.3951722425499774,-0.3521437716842974,-0.36036305724257595,-0.36036305724257595,0.0067681895093064616,0.008963178294573755,0.018835616438356066,0.0308768021780831,0.03365265300044658,0.031834510095379576
2022-11-10,82.5,83.3,82.4,82.5,82.5,6505,-0.4115778546100773,-0.40772229075554434,-0.3649903399902963,-0.41104322644602465,-0.41104322644602465,-0.004584942084942031,-0.001331557922769462,0.00487210718635817,0.01657322407738277,0.022913256955810136,0.020913253310233852
2022-11-11,83.1,84.0,83.0,83.9,83.9,6505,-0.373419313865436,-0.3637971220360606,-0.32645063507229777,-0.32235293033998874,-0.32235293033998874,0.008413461538461573,0.01304032842308619,0.01787447428016835,0.030016573568227768,0.03857199445434739,0.037296517617968254
2022-11-14,84.0,85.1,83.7,85.1,85.1,6505,-0.3161815027484731,-0.29477185690544405,-0.2814876460012989,-0.24633267653481608,-0.24633267653481608,0.017699115044247666,0.02493074792243759,0.028688854863405437,0.04085127201565544,0.05077295401787913,0.05117964343064188
2022-11-15,84.2,85.9,83.7,85.9,85.9,6505,-0.3034619891669257,-0.24457166408317646,-0.2814876460012989,-0.19565250733136647,-0.19565250733136647,0.020917518421678216,0.031212484993997702,0.03485663802104263,0.04647621368094046,0.05704863162039766,0.05909912871938192
2022-11-16,85.5,85.9,83.2,83.2,83.2,6505,-0.22078515088686887,-0.24457166408317646,-0.313604066766298,-0.36669807839300667,-0.36669807839300667,-0.010936757013789676,-0.002756802109552796,0.0014443909484834442,0.010321797207043213,0.021259881180340737,0.024925060567486643
2022-11-17,83.2,84.2,83.0,83.6,83.6,6505,-0.3670595570746618,-0.35124707383049375,-0.32645063507229777,-0.3413579937912828,-0.3413579937912828,-0.00877400995968709,-0.00011960291831126798,0.004968744991184407,0.0113718848294217,0.022104851330203353,0.02871205906480716
2022-11-18,83.2,83.9,82.2,82.8,82.8,6505,-0.3670595570746618,-0.37007214613884365,-0.37783690829629607,-0.3920381629947315,-0.3920381629947315,-0.01569186875891592,-0.010279703562036809,-0.005445227418321756,-0.0006035003017501166,0.009903888373908173,0.017949348414064523
2022-11-21,82.8,83.5,82.2,82.8,82.8,6505,-0.39249858423775663,-0.3951722425499774,-0.37783690829629607,-0.3920381629947315,-0.3920381629947315,-0.010279703562036809,-0.010043041606886698,-0.0052859202306584805,-0.0019286403085824085,0.008035062089116102,0.01678264428980753
2022-11-22,83.7,83.7,82.7,83.4,83.4,6505,-0.3352607731207938,-0.3826221943444105,-0.345720487531297,-0.3540280360921443,-0.3540280360921443,0.0028860028860029953,-0.0029886431560071725,0.0017616912235747363,0.0042747907760853025,0.013365735115431453,0.022309389556264058
2022-11-23,83.8,83.9,83.1,83.1,83.1,6505,-0.3289010163300205,-0.37007214613884365,-0.3200273509192983,-0.37303309954343833,-0.37303309954343833,-0.0004811161895598539,-0.006337438718163522,-0.0028000000000000117,6.01720921835905e-05,0.007175061812187894,0.01655521122166031
2022-11-24,83.9,85.5,83.8,85.4,85.4,6505,-0.32254125953924634,-0.26967176049431024,-0.27506436184829947,-0.22732761308352203,-0.22732761308352203,0.02275449101796414,0.017635843660629216,0.021857051691129736,0.025641025641025703,0.031052301154199272,0.04049059822117556
2022-11-25,85.1,86.9,85.0,86.9,86.9,6505,-0.2462241780499637,-0.18182142305534285,-0.1979849520123015,-0.13230229582705536,-0.13230229582705536,0.03059772296015178,0.03182142009023993,0.036003814973772,0.04046934865900377,0.04517463677475241,0.054910371059766386
2022-11-28,85.5,85.6,83.6,84.0,84.0,6505,-0.22078515088686887,-0.2633967363915272,-0.28791093015429925,-0.31601790918955797,-0.31601790918955797,-0.006622516556291418,-0.001307811199619539,0.0006353240152477064,0.00514538710063411,0.008645533141210361,0.017647296369583787
2022-11-29,84.8,84.8,83.5,84.5,84.5,6505,-0.26530344842228437,-0.31359692921379395,-0.2943342143072987,-0.2843428034374024,-0.2843428034374024,-0.003302665723047902,0.006311778015958094,0.005633132338939969,0.010342559933042325,0.013286646201074321,0.021600709277020975
2022-11-30,84.4,85.2,83.8,84.6,84.6,6505,-0.2907424755853783,-0.28849683280266014,-0.27506436184829947,-0.27800778228697165,-0.27800778228697165,-0.005641748942172287,0.005825704434668825,0.00578584449552206,0.00990808165214258,0.013270732525271932,0.020055464008681245
2022-12-01,84.8,85.5,83.5,84.3,84.3,6505,-0.26530344842228437,-0.26967176049431024,-0.2943342143072987,-0.2970128457382648,-0.2970128457382648,-0.006599104407258876,0.0014255167498218645,0.0007914523149979764,0.0048274629000536525,0.008566232771822287,0.013627254509017944
2022-12-02,83.9,84.5,83.3,83.5,83.5,6505,-0.32254125953924634,-0.33242200152214385,-0.3071807826132985,-0.3476930149417135,-0.3476930149417135,-0.008077928248990172,-0.008902077151335312,-0.008392051302351487,-0.005419570007742223,-0.0018170515947018722,0.0022004400880176493
2022-12-05,83.5,84.7,83.5,84.2,84.2,6505,-0.34798028670234116,-0.3198719533165769,-0.2943342143072987,-0.3033478668886956,-0.3033478668886956,-0.000237473284255474,-0.0022514515937907065,0.000633813975598261,0.0022019877402845002,0.005973715651135005,0.009148655666972979
2022-12-06,83.9,84.3,83.0,83.3,83.3,6505,-0.32254125953924634,-0.34497204972771073,-0.32645063507229777,-0.36036305724257595,-0.36036305724257595,-0.008097165991902747,-0.012799241526428045,-0.008018418545570175,-0.00851038505028868,-0.0048265315874987625,-0.002275721643310549
2022-12-07,83.2,83.7,82.3,82.4,82.4,6505,-0.3670595570746618,-0.3826221943444105,-0.37141362414329665,-0.4173782475964554,-0.4173782475964554,-0.013646157529327107,-0.022654489384414455,-0.01811248808388937,-0.018697153745385175,-0.01581386460274215,-0.01317365269461071
2022-12-08,81.9,82.2,81.3,81.3,81.3,6505,-0.44973639535471865,-0.4767475558861609,-0.4356464656732948,-0.48706348025119817,-0.48706348025119817,-0.01977333011815771,-0.03098927294398103,-0.02944687624353365,-0.031104755094744363,-0.02872025231769087,-0.026075150740725903
2022-12-09,81.3,82.3,81.1,81.5,81.5,6505,-0.48789493609936085,-0.47047253178337795,-0.4484930339792946,-0.4743934379503358,-0.4743934379503358,-0.012599951538648003,-0.022312859884836847,-0.02605162523900565,-0.02733023033774904,-0.025958504637154402,-0.02356230031948884
2022-12-12,81.6,81.9,80.8,81.1,81.1,6505,-0.4688156657270402,-0.4955726281945108,-0.46776288643829383,-0.4997335225520606,-0.4997335225520606,-0.010009765624999918,-0.02371493920789711,-0.029517351416035127,-0.029788252183275618,-0.029857887937221987,-0.027616801886415677
2022-12-13,81.1,81.9,81.0,81.0,81.0,6505,-0.5006144496809083,-0.4955726281945108,-0.454916318132294,-0.5060685437024913,-0.5060685437024913,-0.0056469432850478,-0.020793036750483544,-0.028854607945008555,-0.02813606095146678,-0.02998658746886366,-0.02796111844473777
2022-12-14,82.3,83.4,82.1,82.8,82.8,6505,-0.4242973681916247,-0.4014472666527604,-0.38426019244929643,-0.3920381629947315,-0.3920381629947315,0.015452538631346643,0.0031499878846620445,-0.007035497281739763,-0.006300630063006369,-0.008193186718413079,-0.006717850287907727
2022-12-15,82.4,82.9,82.1,82.8,82.8,6505,-0.41793761140085056,-0.4328223871666772,-0.38426019244929643,-0.3920381629947315,-0.3920381629947315,0.011730205278592299,0.004976332079135776,-0.004967152699887931,-0.005823377558984205,-0.008335728657660392,-0.00711487728835256
2022-12-16,81.2,81.9,81.0,81.0,81.0,6505,-0.49425469289013413,-0.4955726281945108,-0.454916318132294,-0.5060685437024913,-0.5060685437024913,-0.00905309517983845,-0.013878743608473345,-0.02197536826853409,-0.026383797103191383,-0.028544015351403162,-0.02819436112777438
2022-12-19,80.0,81.0,80.0,80.3,80.3,6505,-0.5705717743794176,-0.5520478451195614,-0.5191491596622921,-0.5504136917555094,-0.5504136917555094,-0.015690120127482242,-0.01773700305810401,-0.02753108348134983,-0.03334537137354051,-0.03471654565562331,-0.035551285130915135
2022-12-20,79.9,80.9,79.6,79.7,79.7,6505,-0.5769315311701909,-0.5583228692223444,-0.5448422962742918,-0.5884238186580957,-0.5884238186580957,-0.019921298573536698,-0.02076422164885118,-0.03104230831577234,-0.038426735838812835,-0.03906438389197004,-0.041375992302141104
2022-12-21,80.1,80.4,79.4,79.6,79.6,6505,-0.5642120175886444,-0.5896979897362612,-0.5576888645802907,-0.5947588398085273,-0.5947588398085273,-0.01338621715418937,-0.018616693379361424,-0.028320312500000257,-0.037601257405392496,-0.038600898594135125,-0.041156394298333725
2022-12-22,80.2,81.0,79.7,81.0,81.0,6505,-0.5578522607978702,-0.5520478451195614,-0.5384190121212914,-0.5060685437024913,-0.5060685437024913,0.008466135458167417,-0.000986679822397611,-0.008567931456548382,-0.018062795490362406,-0.020461471484545145,-0.02370429891522702
2022-12-23,79.8,80.3,79.3,80.1,80.1,6505,-0.5832912879609651,-0.5959730138390451,-0.564112148733291,-0.5630837340563717,-0.5630837340563717,-0.0004991265285750718,-0.0103780578206079,-0.01685623107765324,-0.024954351795496012,-0.030078465562336638,-0.03307580878802505
2022-12-26,80.4,80.7,80.1,80.3,80.3,6505,-0.5451327472163229,-0.5708729174279114,-0.5127258755092927,-0.5504136917555094,-0.5504136917555094,0.00199650611430011,-0.006925550333910316,-0.011246100804465699,-0.020313548465808653,-0.026477862373308736,-0.02878567972907607
2022-12-27,80.4,81.2,80.4,81.0,81.0,6505,-0.5451327472163229,-0.5394977969139945,-0.4934560230502925,-0.5060685437024913,-0.5060685437024913,0.007462686567164108,0.0017313875834777987,-0.0007401924500368625,-0.009658882503973494,-0.01684711365732863,-0.01838012522722681
2022-12-28,80.2,80.9,79.5,80.5,80.5,6505,-0.5578522607978702,-0.5583228692223444,-0.5512655804272912,-0.5377436494546469,-0.5377436494546469,-0.000992802184164784,-0.0016123031129851848,-0.005354200988467921,-0.013299013299013396,-0.02168100724320636,-0.02337431252022011
2022-12-29,79.9,80.5,79.4,79.7,79.7,6505,-0.5769315311701909,-0.5834229656334782,-0.5576888645802907,-0.5884238186580957,-0.5884238186580957,-0.007719123505976151,-0.007719123505976151,-0.01393929396238863,-0.020342941429537055,-0.028712099054304312,-0.03155251326501678
2022-12-30,80.1,80.4,80.0,80.3,80.3,6505,-0.5642120175886444,-0.5896979897362612,-0.5191491596622921,-0.5504136917555094,-0.5504136917555094,-0.0007466401194622707,0.0006230529595015222,-0.005531704095112358,-0.011022846234374164,-0.01824139280125201,-0.023272786247161947
2023-01-03,80.0,80.3,79.1,80.1,80.1,6505,-0.5705717743794176,-0.5959730138390451,-0.5769587170392908,-0.5630837340563717,-0.5630837340563717,-0.0027390438247013576,-0.0016203415181353044,-0.007188894397620208,-0.010989010989010997,-0.018815228575628416,-0.02463773998457596
2023-01-04,80.2,80.2,79.5,79.7,79.7,6505,-0.5578522607978702,-0.6022480379418281,-0.5512655804272912,-0.5884238186580957,-0.5884238186580957,-0.004496627529352978,-0.0066060077277826385,-0.01108445694432935,-0.013735923771810411,-0.02141348656745739,-0.028048780487804844
2023-01-05,79.7,80.2,79.6,79.7,79.7,6505,-0.5896510447517384,-0.6022480379418281,-0.5448422962742918,-0.5884238186580957,-0.5884238186580957,-0.002503128911138959,-0.006729810568295016,-0.008542046773926034,-0.012085528354508763,-0.019052776683733775,-0.026703574045428648
2023-01-06,80.2,81.2,79.9,81.2,81.2,6505,-0.5578522607978702,-0.5394977969139945,-0.5255724438152916,-0.49339850140162894,-0.49339850140162894,0.012468827930174562,0.01171193620732616,0.011459890383657221,0.0065699764472544366,0.0009368374340516693,-0.0066873267003751445
2023-01-09,81.8,82.2,81.6,82.1,82.1,6505,-0.45609615214549276,-0.4767475558861609,-0.41637661321429553,-0.43638331104774947,-0.43638331104774947,0.019116186693147866,0.020382798906288666,0.021737326806604205,0.017348203221809064,0.012730053782010121,0.0062918777578035885
2023-01-10,82.3,82.9,82.1,82.6,82.6,6505,-0.4242973681916247,-0.4328223871666772,-0.38426019244929643,-0.4047082052955939,-0.4047082052955939,0.018998272884283147,0.023670839013508447,0.026001987413050504,0.022593624264933315,0.019702730729346748,0.012999754721608879
2023-01-11,82.7,82.8,81.2,81.2,81.2,6505,-0.3988583410285299,-0.4390974112694611,-0.4420697498262942,-0.49339850140162894,-0.49339850140162894,-0.0019665683382497122,0.00607111882046828,0.007360846910925664,0.005137092281983119,0.0034602076124567614,-0.002824511850669335
2023-01-12,81.3,82.3,81.0,81.7,81.7,6505,-0.48789493609936085,-0.47047253178337795,-0.454916318132294,-0.4617233956494734,-0.4617233956494734,-0.0007338551859100081,0.010763330446616233,0.011806472919418933,0.012015359841446784,0.009988626811056804,0.0045081967213115685
2023-01-13,81.0,82.5,81.0,82.2,82.2,6505,-0.5069742064716816,-0.457922483577811,-0.454916318132294,-0.4300482898973178,-0.4300482898973178,0.0029282576866765386,0.013813517513566903,0.016991092048828968,0.01858736059479554,0.01571767497034408,0.011526313630583708
2023-01-16,82.7,83.9,82.6,83.8,83.8,6505,-0.3988583410285299,-0.37007214613884365,-0.3521437716842974,-0.32868795149042035,-0.32868795149042035,0.01822600243013366,0.029104752548200788,0.033632102623139634,0.03661553686293906,0.03431251542828933,0.03108850791567555
2023-01-17,83.5,84.0,82.9,83.1,83.1,6505,-0.34798028670234116,-0.3637971220360606,-0.3328739192252972,-0.37303309954343833,-0.37303309954343833,0.008495145631067822,0.016762510705983173,0.022643366970218917,0.02617930353173629,0.02466091245376079,0.02293709736982457
2023-01-30,84.5,85.6,84.0,84.6,84.6,6505,-0.284382718794605,-0.2633967363915272,-0.2622177935422996,-0.27800778228697165,-0.27800778228697165,0.018295618680789553,0.02894672828995373,0.03803680981595085,0.04155124653739613,0.04130766579685878,0.0408464566929133
2023-01-31,84.6,85.4,83.8,83.9,83.9,6505,-0.27802296200383175,-0.27594678459709326,-0.27506436184829947,-0.32235293033998874,-0.32235293033998874,0.004549808429118719,0.015246853823814195,0.026592707398645873,0.030206286836935266,0.03213266410786351,0.03159965572359532
2023-02-01,83.7,84.2,82.1,82.7,82.7,6505,-0.3352607731207938,-0.35124707383049375,-0.38426019244929643,-0.39837318414516226,-0.39837318414516226,-0.011002152595072801,-0.0010870878125376158,0.009439335991537061,0.014412756823060376,0.017420402539245254,0.016261827714742022
2023-02-02,82.3,83.0,81.7,82.8,82.8,6505,-0.4242973681916247,-0.42654736306389424,-0.40995332906129517,-0.3920381629947315,-0.3920381629947315,-0.007432270438743761,-0.0007241129616218691,0.008608088354718168,0.01396032329169729,0.017749151875706803,0.01694915254237265
2023-02-03,81.9,82.7,81.9,82.2,82.2,6505,-0.44973639535471865,-0.44537243537224414,-0.39710676075529533,-0.4300482898973178,-0.4300482898973178,-0.012493993272465066,-0.0074861144651051014,-0.0004053506282934508,0.005443092165616873,0.009431181844974957,0.00912550640422318
2023-02-06,81.8,82.2,81.5,81.6,81.6,6505,-0.45609615214549276,-0.4767475558861609,-0.42279989736729495,-0.468058416799905,-0.468058416799905,-0.01258470474346588,-0.015206372194062335,-0.009227780475959266,-0.0022620284893318126,0.0011287235608774446,0.001513725811070673
2023-02-07,81.7,83.3,81.7,82.9,82.9,6505,-0.46245590893626604,-0.40772229075554434,-0.40995332906129517,-0.3857031418442998,-0.3857031418442998,0.005579815623483843,-0.0009640877319834188,0.00395607944453434,0.01214822049935907,0.01543361097501231,0.017427589592538067
2023-02-08,82.3,83.2,82.1,82.3,82.3,6505,-0.4242973681916247,-0.4139973148583273,-0.38426019244929643,-0.4237132687468871,-0.4237132687468871,-0.0007285089849441753,-0.008314254729485453,-0.00419456320077452,0.0032303285183153604,0.007442589237624298,0.010270469331805624
2023-02-09,81.8,83.1,81.8,83.0,83.0,6505,-0.45609615214549276,-0.4202723389611112,-0.4035300449082957,-0.3793681206938691,-0.3793681206938691,0.007281553398058183,0.0010855144132191944,0.003546670965661643,0.010101010101010255,0.014570702131820762,0.018030172942475147
2023-02-10,82.3,83.1,82.0,83.0,83.0,6505,-0.4242973681916247,-0.4202723389611112,-0.3906834766022959,-0.3793681206938691,-0.3793681206938691,0.0053294573643410574,0.0012062726176115116,0.003223207091055589,0.00832169106481203,0.013233068020899498,0.016907620681205354
2023-02-13,82.2,83.2,82.2,82.8,82.8,6505,-0.43065712498239794,-0.4139973148583273,-0.37783690829629607,-0.3920381629947315,-0.3920381629947315,0.0,0.0009671179883945635,-0.00048285852245299674,0.004001455074572551,0.009903888373908348,0.013174531957417319
2023-02-14,83.0,83.6,82.8,83.4,83.4,6505,-0.37977907065620925,-0.38889721844719444,-0.33929720337829755,-0.3540280360921443,-0.3540280360921443,0.006031363088057901,0.008830289101245966,0.005384553564252892,0.009013368822212868,0.01578485822858821,0.01893708002443508
2023-02-15,83.3,83.5,82.1,82.3,82.3,6505,-0.3606998002838886,-0.3951722425499774,-0.38426019244929643,-0.4237132687468871,-0.4237132687468871,-0.007237635705669584,-0.003993706886118823,-0.007955641272902733,-0.004957078950550245,0.0011191124951341052,0.004965809182676474
2023-02-16,82.5,84.9,82.5,84.0,84.0,6505,-0.4115778546100773,-0.30732190511101004,-0.3585670558372968,-0.31601790918955797,-0.31601790918955797,0.010830324909747361,0.015105740181268883,0.012373453318335085,0.014431495682627951,0.019962115692845585,0.024098833665217125
2023-02-17,83.7,84.3,83.5,84.2,84.2,6505,-0.3352607731207938,-0.34497204972771073,-0.2943342143072987,-0.3033478668886956,-0.3033478668886956,0.01031917446604271,0.01506931886678722,0.013887773942361929,0.015865355613198982,0.020358700920988935,0.024912764748843626
2023-02-20,84.0,84.9,83.5,84.6,84.6,6505,-0.3161815027484731,-0.30732190511101004,-0.2943342143072987,-0.27800778228697165,-0.27800778228697165,0.01075268817204291,0.016216216216216148,0.01870434293971254,0.01860213111793392,0.02277673001595805,0.028279718013126995
2023-02-21,84.5,86.1,83.7,85.6,85.6,6505,-0.284382718794605,-0.23202161587761044,-0.2814876460012989,-0.21465757078266054,-0.21465757078266054,0.01735203232707385,0.02490421455938678,0.029341029341029314,0.02822822822822816,0.03192207541710882,0.03828892572676181
2023-02-22,84.8,86.0,83.9,85.1,85.1,6505,-0.26530344842228437,-0.23829663998039344,-0.2686410776952991,-0.24633267653481608,-0.24633267653481608,0.004722550177095531,0.015513126491646744,0.02136341814690352,0.020444870795611227,0.023968811666746765,0.029975390325573625
2023-02-23,85.3,85.9,84.8,85.0,85.0,6505,-0.23350466446841628,-0.24457166408317646,-0.21083152031830132,-0.25266769768524683,-0.25266769768524683,0.001177856301531146,0.011904761904761904,0.018370607028753972,0.018512971062249136,0.02133999807747778,0.026818071998067152
2023-02-24,85.2,85.2,84.3,85.1,85.1,6505,-0.23986442125918955,-0.28849683280266014,-0.2429479410833004,-0.24633267653481608,-0.24633267653481608,0.0002350728725904563,0.010568816055100181,0.017212526894573074,0.018490814433606628,0.02131438721136763,0.025960456518244513
2023-03-01,83.5,84.1,83.1,83.6,83.6,6505,-0.34798028670234116,-0.3575220979332776,-0.3200273509192983,-0.3413579937912828,-0.3413579937912828,-0.01508011310084827,-0.008186024439435257,-0.0023072639032539746,0.0011376564277588033,0.0021577559338287295,0.0062994021586485534
2023-03-02,83.2,83.9,82.6,83.5,83.5,6505,-0.3670595570746618,-0.37007214613884365,-0.3521437716842974,-0.3476930149417135,-0.3476930149417135,-0.01136632725550549,-0.009489916963226538,-0.003976143141153026,0.00017967299514883595,9.581756335948089e-05,0.00356556227715236
2023-03-03,83.5,84.2,83.2,83.9,83.9,6505,-0.34798028670234116,-0.35124707383049375,-0.313604066766298,-0.32235293033998874,-0.32235293033998874,-0.003799572548088259,-0.006630357565711606,-0.0004765308553727906,0.00424920701418402,0.004068932503590275,0.007283496078117526
2023-03-06,84.5,85.2,83.7,84.1,84.1,6505,-0.284382718794605,-0.28849683280266014,-0.2814876460012989,-0.30968288803912725,-0.30968288803912725,0.0007139457401236085,-0.004380253344382675,0.0010315822885257077,0.005860542997249071,0.006317905518594815,0.008877159309021053
2023-03-07,84.1,84.9,84.1,84.7,84.7,6505,-0.30982174595769985,-0.30732190511101004,-0.2557945093893002,-0.27167276113654,-0.27167276113654,0.008813720819437766,0.0021296734500710697,0.006815120057057041,0.011524452140681953,0.012721794442584446,0.015222342083183632
2023-03-08,84.6,86.0,84.1,85.7,85.7,6505,-0.27802296200383175,-0.23829663998039344,-0.2557945093893002,-0.20832254963222888,-0.20832254963222888,0.015643517421189773,0.012643270707786924,0.016366223908918523,0.020967357636406846,0.02413957934990435,0.025364919837281702
2023-03-09,85.5,85.5,84.5,84.5,84.5,6505,-0.22078515088686887,-0.26967176049431024,-0.23010137277730058,-0.2843428034374024,-0.2843428034374024,-0.0009458500827618621,-0.00023663038334134203,0.0012639229007029176,0.005712925493929894,0.009509700850616537,0.009879690861285798
2023-03-10,83.5,84.2,82.8,83.3,83.3,6505,-0.34798028670234116,-0.35124707383049375,-0.33929720337829755,-0.36036305724257595,-0.36036305724257595,-0.013734312100402685,-0.01233104102442502,-0.013734312100402518,-0.009159034138218272,-0.005111790559908242,-0.004897861665272926
2023-03-13,84.0,84.1,83.0,83.1,83.1,6505,-0.3161815027484731,-0.3575220979332776,-0.32645063507229777,-0.37303309954343833,-0.37303309954343833,-0.013766911939235826,-0.012477718360071435,-0.015402843601895868,-0.011596788581623652,-0.007642703606400771,-0.007010276427945756
2023-03-14,82.0,82.7,82.0,82.2,82.2,6505,-0.4433766385639454,-0.44537243537224414,-0.3906834766022959,-0.4300482898973178,-0.4300482898973178,-0.018624641833810747,-0.019794896255664163,-0.024525316455696156,-0.021836139703694815,-0.018390255552901746,-0.01741243973383269
2023-03-15,82.3,83.2,82.0,82.2,82.2,6505,-0.4242973681916247,-0.4139973148583273,-0.3906834766022959,-0.4300482898973178,-0.4300482898973178,-0.01035396099205393,-0.018155757286192023,-0.022669625871908516,-0.021486816260936927,-0.01867150565875547,-0.01647190204602542
2023-03-16,82.2,82.4,81.6,81.6,81.6,6505,-0.43065712498239794,-0.46419750768059403,-0.41637661321429553,-0.468058416799905,-0.468058416799905,-0.010669253152279286,-0.023105471088231855,-0.026717557251908504,-0.027587439671095726,-0.025229357798165243,-0.02275449101796414
2023-03-17,82.0,82.5,81.7,81.7,81.7,6505,-0.4433766385639454,-0.457922483577811,-0.40995332906129517,-0.4617233956494734,-0.4617233956494734,-0.005598831548198561,-0.019325411115112223,-0.02288311274118936,-0.026047565118912822,-0.023754899149220743,-0.0211661341853035
2023-03-20,82.5,82.5,81.5,81.5,81.5,6505,-0.4115778546100773,-0.457922483577811,-0.42279989736729495,-0.4743934379503358,-0.4743934379503358,-0.004154447702834841,-0.018663455749548433,-0.0225473734708561,-0.026981852913085063,-0.025446022863155716,-0.023055100491469197
2023-03-21,81.5,82.2,81.5,81.7,81.7,6505,-0.4751754225178135,-0.4767475558861609,-0.42279989736729495,-0.4617233956494734,-0.4617233956494734,-0.0004893564962073898,-0.012688821752265827,-0.01747775194419947,-0.023136246786632418,-0.02244663539772189,-0.020461993445767684
2023-03-22,82.3,82.9,82.2,82.7,82.7,6505,-0.4242973681916247,-0.4328223871666772,-0.37783690829629607,-0.39837318414516226,-0.39837318414516226,0.010508308895405662,0.0030321406913280777,-0.004733632862644386,-0.010055063442662238,-0.01043411668980041,-0.008908241121719403
2023-03-23,83.0,84.2,82.5,84.0,84.0,6505,-0.37977907065620925,-0.35124707383049375,-0.3585670558372968,-0.31601790918955797,-0.31601790918955797,0.02040816326530603,0.01941747572815527,0.010506055016440618,0.006470165348670097,0.004832767118043882,0.006229036895064638
2023-03-24,84.2,84.2,83.1,83.2,83.2,6505,-0.3034619891669257,-0.35124707383049375,-0.3200273509192983,-0.36669807839300667,-0.36669807839300667,0.007020091987412401,0.009831290205121834,0.0014443909484834442,-0.0019792478858032996,-0.005165486894968458,-0.003712130283798205
2023-03-27,83.3,84.2,83.2,84.0,84.0,6505,-0.3606998002838886,-0.35124707383049375,-0.313604066766298,-0.31601790918955797,-0.31601790918955797,0.010587102983638057,0.01842870999030063,0.011154802985314127,0.008221808797935574,0.004400229577195272,0.005466225112716088
2023-03-28,84.2,84.6,83.5,84.3,84.3,6505,-0.3034619891669257,-0.32614697741936083,-0.2943342143072987,-0.2970128457382648,-0.2970128457382648,0.007890961262553762,0.01947031079937114,0.01509191619169941,0.012308616031221752,0.007939164952890947,0.008534056468336318
2023-03-29,84.2,84.8,84.2,84.7,84.7,6505,-0.3034619891669257,-0.31359692921379395,-0.24937122523629984,-0.27167276113654,-0.27167276113654,0.007853403141361386,0.021220159151193522,0.02072788623764761,0.016440657626305106,0.012673362027737951,0.01255230125523009
2023-03-30,84.8,84.8,84.0,84.7,84.7,6505,-0.26530344842228437,-0.31359692921379395,-0.2622177935422996,-0.27167276113654,-0.27167276113654,0.006177239249227967,0.017417417417417452,0.02056390071491682,0.015709317663988514,0.013109420601885122,0.012028038872072572
2023-03-31,84.9,85.5,84.4,85.0,85.0,6505,-0.2589436916315102,-0.26967176049431024,-0.23652465693030003,-0.25266769768524683,-0.25266769768524683,0.005441211260941492,0.016989710457047162,0.022781966950104253,0.018635029061058093,0.01674641148325366,0.014521583449373406
2023-04-06,86.5,87.5,85.8,86.0,86.0,6505,-0.15718758297913274,-0.14417127843864305,-0.14659867878830318,-0.18931748618093572,-0.18931748618093572,0.012479397221568024,0.023444008092347958,0.03241296518607446,0.029446971510653678,0.028216164514586316,0.02564102564102571
2023-04-07,86.4,86.8,86.0,86.8,86.8,6505,-0.16354733976990599,-0.18809644715812673,-0.1337521104823034,-0.138637316977487,-0.138637316977487,0.015917602996254675,0.026732907499408456,0.03819472131408972,0.03771893119732203,0.03693792707984881,0.03411302172272741
2023-04-10,87.0,87.5,86.8,87.5,87.5,6505,-0.12538879902526467,-0.14417127843864305,-0.08236583725830507,-0.09429216892446902,-0.09429216892446902,0.01744186046511628,0.029169607151258405,0.0421629347308241,0.04496327700483687,0.043355909567871914,0.04125347084490284
2023-04-11,87.2,87.6,86.6,87.6,87.6,6505,-0.11266928544371725,-0.13789625433586006,-0.09521240556430488,-0.08795714777403828,-0.08795714777403828,0.011781011781011735,0.02600140548137736,0.0384068278805122,0.0442245798068899,0.04250963964392825,0.041617122473246136
2023-04-12,87.6,87.7,87.0,87.6,87.6,6505,-0.08723025828062334,-0.13162123023307615,-0.06951926895230526,-0.08795714777403828,-0.08795714777403828,0.0057405281285878304,0.02074108599394082,0.033587666168488746,0.0415551988585697,0.04067667743774939,0.04058602256978805
2023-04-13,87.8,88.4,87.2,88.4,88.4,6505,-0.07451074469907593,-0.08769606151359247,-0.05667270064630545,-0.037276978570588655,-0.037276978570588655,0.009362868234756714,0.024808717829817008,0.03739633860115788,0.04776579352850541,0.04803907620809037,0.04867729052157088
2023-04-14,88.4,88.7,87.8,88.2,88.2,6505,-0.036352203954433705,-0.06887098920524257,-0.01813299572830694,-0.049947020871451066,-0.049947020871451066,0.003869792852265006,0.017888055395268287,0.029812407565968636,0.04169127199716548,0.04393523340592751,0.04502369668246442
2023-04-17,87.3,88.3,87.3,87.7,87.7,6505,-0.106309528652944,-0.09397108561637635,-0.050249416493306005,-0.08162212662360663,-0.08162212662360663,-0.0022753128555176656,0.008625646923519264,0.020004652244708057,0.032432750603331686,0.03703528521426533,0.03741966010804
2023-04-18,87.5,87.5,85.7,86.5,86.5,6505,-0.0935900150713966,-0.14417127843864305,-0.15302196294130263,-0.15764238042878015,-0.15764238042878015,-0.01345802919708021,-0.007230575002869386,0.0041015322705462536,0.015377391712642356,0.02187883942916536,0.022015674845417624
2023-04-19,86.5,87.3,85.1,85.6,85.6,6505,-0.15718758297913274,-0.15672132664420996,-0.19156166785930206,-0.21465757078266054,-0.21465757078266054,-0.019248395967002827,-0.018236036242688422,-0.008187857253205586,0.0025180066756454785,0.010148690110927536,0.010705289672544077
2023-04-20,85.4,85.5,84.9,85.2,85.2,6505,-0.22714490767764214,-0.26967176049431024,-0.20440823616530096,-0.23999765538438445,-0.23999765538438445,-0.016620498614958422,-0.02192630008035813,-0.013736687760456869,-0.004323945307935077,0.004432707724229048,0.005547031747905096
2023-04-21,85.5,85.5,84.3,85.4,85.4,6505,-0.22078515088686887,-0.26967176049431024,-0.2429479410833004,-0.22732761308352203,-0.22732761308352203,-0.007899628252788019,-0.018052201908704074,-0.012260004626416866,-0.004139700309019763,0.005273566249175926,0.007629985054668384
2023-04-24,85.0,85.9,85.0,85.9,85.9,6505,-0.25258393484073693,-0.24457166408317646,-0.1979849520123015,-0.19565250733136647,-0.19565250733136647,0.002099860009332791,-0.010482663287639471,-0.007395424081349508,-0.00017459116568702284,0.009400705052879101,0.01344974044360565
2023-04-25,86.0,86.2,85.1,85.2,85.2,6505,-0.1889863669330008,-0.22574659177482653,-0.19156166785930206,-0.23999765538438445,-0.23999765538438445,-0.0030423589983618665,-0.015825343652535573,-0.01586323733251179,-0.009014248328002392,-0.0005161653606118546,0.004914487910359797
2023-04-26,85.4,87.3,85.4,86.9,86.9,6505,-0.22714490767764214,-0.15672132664420996,-0.1722918154003019,-0.13230229582705536,-0.13230229582705536,0.013765748950070076,0.004624277456647464,0.0023068050749711975,0.008588672237697412,0.016945185601273147,0.023516940834674593
2023-04-27,86.5,86.8,86.0,86.5,86.5,6505,-0.15718758297913274,-0.18809644715812673,-0.1337521104823034,-0.15764238042878015,-0.15764238042878015,0.006047918120493091,0.002201367164870788,-0.002690238278247513,0.002491742481311971,0.009900527716807534,0.01744755930209764
2023-04-28,87.7,87.7,86.1,86.8,86.8,6505,-0.08087050148984919,-0.13162123023307615,-0.12732882632930395,-0.138637316977487,-0.138637316977487,0.006260143751449181,0.007311129163281832,0.0007686395080706711,0.004513366508505967,0.010995154677599565,0.01913819419983557
2023-05-02,86.8,86.8,85.6,86.0,86.0,6505,-0.13810831260681208,-0.18809644715812673,-0.159445247094303,-0.18931748618093572,-0.18931748618093572,-0.003245248029670852,0.0,-0.007310504040015466,-0.005492917028042722,0.0001395543564216663,0.008245730587361754
2023-05-03,85.6,85.6,85.1,85.2,85.2,6505,-0.21442539409609562,-0.2633967363915272,-0.19156166785930206,-0.23999765538438445,-0.23999765538438445,-0.012517385257301788,-0.007802492139280162,-0.01472515611749295,-0.015028901734104013,-0.009716862708633579,-0.0025365853658536807
2023-05-04,84.5,85.3,84.2,85.3,85.3,6505,-0.284382718794605,-0.2822218086998771,-0.24937122523629984,-0.2336626342339537,-0.2336626342339537,-0.007677989762680277,-0.006290773532152915,-0.011816496756255747,-0.014043807432237224,-0.009521597770552802,-0.0027668446280347367
2023-05-05,85.2,85.2,84.7,85.1,85.1,6505,-0.23986442125918955,-0.28849683280266014,-0.21725480447130077,-0.24633267653481608,-0.24633267653481608,-0.00676937441643322,-0.00850518466736577,-0.011614401858304297,-0.015843645194865325,-0.012348544635810862,-0.006498813091022361
2023-05-08,85.1,85.6,84.8,84.8,84.8,6505,-0.2462241780499637,-0.2633967363915272,-0.21083152031830132,-0.26533773998610927,-0.26533773998610927,-0.005628517823639822,-0.01130931561151933,-0.012499029578448765,-0.018177607965728926,-0.016058665181472205,-0.01119402985074636
2023-05-09,85.5,86.5,85.1,86.1,86.1,6505,-0.22078515088686887,-0.20692151946647663,-0.19156166785930206,-0.18298246503050497,-0.18298246503050497,0.009378663540445621,0.0036134747639585303,0.0038865137971239245,-0.002317497103128654,-0.00162337662337663,0.002639546619051398
2023-05-10,86.1,86.1,84.9,85.2,85.2,6505,-0.18262661014222756,-0.23202161587761044,-0.20440823616530096,-0.23999765538438445,-0.23999765538438445,-0.0011723329425556192,-0.006877258421727349,-0.0056022408963585894,-0.011371547922951843,-0.012288430326918644,-0.00830294094824247
2023-05-11,85.2,85.7,85.0,85.7,85.7,6505,-0.23986442125918955,-0.25712171228874336,-0.1979849520123015,-0.20832254963222888,-0.20832254963222888,0.0037479503396579193,0.00035018092681219954,0.00015560569516846748,-0.0044723238659465075,-0.006814389022807272,-0.0034497461141904744
2023-05-12,85.0,85.2,84.4,84.5,84.5,6505,-0.25258393484073693,-0.28849683280266014,-0.23652465693030003,-0.2843428034374024,-0.2843428034374024,-0.008913910391742963,-0.011349011349011336,-0.013311536665109768,-0.016183490511118878,-0.02003989423389148,-0.017594171446287422
2023-05-15,84.0,85.5,84.0,85.3,85.3,6505,-0.3161815027484731,-0.26967176049431024,-0.2622177935422996,-0.2336626342339537,-0.2336626342339537,-0.0007029053420804601,-0.0002344116268166435,-0.003892565200467218,-0.005189806985829998,-0.010073345093306043,-0.00867746184241113
2023-05-16,85.9,88.3,85.5,88.2,88.2,6505,-0.19534612372377405,-0.09397108561637635,-0.16586853124730244,-0.049947020871451066,-0.049947020871451066,0.028211704359990694,0.031096563011456756,0.028131799813490923,0.02833158447009435,0.02324933871641398,0.02363727803783506
2023-05-17,87.9,89.8,87.6,89.6,89.6,6505,-0.06815098790830178,0.00015427592537403757,-0.03097956403430675,0.03874327523458397,0.03874327523458397,0.033925686591276226,0.04210281460804827,0.04089219330855014,0.042769857433808525,0.03852751634289934,0.0379179859448607
2023-05-18,87.7,90.0,87.5,89.8,89.8,6505,-0.08087050148984919,0.012704324130940935,-0.0374028481873062,0.05141331753544638,0.05141331753544638,0.026520347508001918,0.03899109105634623,0.0408778301522294,0.04254948627155055,0.03978509564170265,0.03831033685346488
2023-05-19,90.0,90.0,89.0,89.8,89.8,6505,0.06540390469794376,0.012704324130940935,0.05894641410769099,0.05141331753544638,0.05141331753544638,0.014230856110232722,0.0333716915995396,0.038230306767380984,0.03977305621490173,0.03911131682480902,0.03679187192118245
2023-05-22,89.8,89.8,88.3,88.6,88.6,6505,0.052684391116396355,0.00015427592537403757,0.01398342503669212,-0.024606936269727153,-0.024606936269727153,-0.006726457399103076,0.015123739688359224,0.022937192118226576,0.02398150823461414,0.02503586468601031,0.02222905930313031
2023-05-23,88.8,89.7,88.1,88.2,88.2,6505,-0.010913176791339789,-0.006120748177408965,0.0011368567306923128,-0.049947020871451066,-0.049947020871451066,-0.011210762331838564,0.008115213167219202,0.016597510373444122,0.018005540166205012,0.02017211066901099,0.01734015148602403
2023-05-24,88.2,89.9,87.8,89.5,89.5,6505,-0.049071717535981114,0.006429300028157932,-0.01813299572830694,0.032408254084153224,0.032408254084153224,0.003588248486207753,0.01797088262056413,0.028184115799954213,0.030453053940475625,0.03377379412308286,0.031581373905025294
2023-05-25,88.2,88.6,87.3,87.6,87.6,6505,-0.049071717535981114,-0.07514601330802645,-0.050249416493306005,-0.08795714777403828,-0.08795714777403828,-0.012846517917511839,-0.0057882192713652365,0.0045871559633026545,0.008171251007020298,0.010893648449039747,0.009681881051175697
2023-05-26,86.5,87.3,85.8,86.6,86.6,6505,-0.15718758297913274,-0.15672132664420996,-0.14659867878830318,-0.1513073592783494,-0.1513073592783494,-0.0170261066969353,-0.01947463768115941,-0.008018327605956504,-0.0033949018930895434,-0.0012916320693791975,-0.0011534025374856807
2023-05-29,86.9,87.1,86.2,86.3,86.3,6505,-0.13174855581603792,-0.16927137484977683,-0.12090554217630357,-0.17031242272964256,-0.17031242272964256,-0.015289821999087214,-0.023976475910427557,-0.012585812356979502,-0.006561528721077557,-0.005164384193295446,-0.0038859605247971193
2023-05-30,86.3,87.2,86.1,86.4,86.4,6505,-0.16990709656068015,-0.16299635074699295,-0.12732882632930395,-0.1639774015792109,-0.1639774015792109,-0.010082493125572817,-0.02085222121486842,-0.011667810569663647,-0.005639314075267521,-0.004241194910565887,-0.0022326584032642395
2023-05-31,86.4,86.9,85.8,86.2,86.2,6505,-0.16354733976990599,-0.18182142305534285,-0.14659867878830318,-0.1766474438800733,-0.1766474438800733,-0.004848764719464183,-0.01934015927189992,-0.014707002971881374,-0.008511617207269322,-0.007003962768408489,-0.004427333974975851
2023-06-01,87.1,87.3,85.4,85.5,85.5,6505,-0.11902904223449141,-0.15672132664420996,-0.1722918154003019,-0.2209925919330913,-0.2209925919330913,-0.00812064965197219,-0.022522007545444138,-0.02255925615425665,-0.016676250718803944,-0.014431943932128474,-0.012474012474012454
2023-06-02,86.3,87.4,85.8,87.1,87.1,6505,-0.16990709656068015,-0.15044630254142605,-0.14659867878830318,-0.11963225352619385,-0.11963225352619385,0.009269988412514451,-0.0011467889908257857,-0.006237164372100263,0.0005743825387707887,0.0037337512676314166,0.005270649790328128
2023-06-05,87.4,88.2,86.9,87.6,87.6,6505,-0.09994977186216984,-0.10024610971915936,-0.0759425531053047,-0.08795714777403828,-0.08795714777403828,0.012014787430683826,0.0057405281285878304,-0.0022779043280182557,0.004702374125473066,0.009123583079900488,0.010186430905246886
2023-06-06,88.4,88.6,87.7,88.6,88.6,6505,-0.036352203954433705,-0.07514601330802645,-0.02455627988130639,-0.024606936269727153,-0.024606936269727153,0.018390804597701083,0.016754647693366924,0.008805222407772807,0.014716829868865564,0.019421944035346125,0.020658935565624634
2023-06-07,89.0,89.3,88.2,88.9,88.9,6505,0.00180633679020762,-0.03122084458854276,0.007560140883692673,-0.005601872818433095,-0.005601872818433095,0.015535755083390607,0.020900321543408446,0.012759170653907711,0.016000000000000066,0.021134849529060456,0.022661911883124504
2023-06-08,88.5,88.5,87.5,87.8,87.8,6505,-0.02999244716366045,-0.08142103741080946,-0.0374028481873062,-0.07528710547317587,-0.07528710547317587,-0.002272727272727305,0.008036739380022995,0.001749448543393798,0.0022259003481537288,0.0073428178063331875,0.009659613615455422
2023-06-09,87.4,88.9,87.4,88.9,88.9,6505,-0.09994977186216984,-0.05632094099967566,-0.04382613234030565,-0.005601872818433095,-0.005601872818433095,0.006111362607514945,0.017977785411656854,0.014994671943979451,0.012240250498149762,0.01818764889133249,0.021369485294117807
2023-06-12,88.5,88.6,88.0,88.2,88.2,6505,-0.02999244716366045,-0.07514601330802645,-0.005286427422307134,-0.049947020871451066,-0.049947020871451066,-0.003164556962025169,0.007769652650822747,0.007309273640932102,0.002614527679890917,0.008599396212606294,0.012784199647860492
2023-06-13,86.9,87.4,86.2,86.8,86.8,6505,-0.13174855581603792,-0.15044630254142605,-0.12090554217630357,-0.138637316977487,-0.138637316977487,-0.014979573309123846,-0.008679762448606729,-0.007621951219512249,-0.01251422070534708,-0.007727833920160819,-0.0035968470192086852
2023-06-14,86.7,87.8,86.6,87.8,87.8,6505,-0.14446806939758533,-0.12534620613029315,-0.09521240556430488,-0.07528710547317587,-0.07528710547317587,-0.0011376564277589137,0.0009119927040583481,0.005113332824543902,-0.0001138822457579446,0.002511989038593273,0.006880733944954063
2023-06-15,87.8,87.8,86.8,87.0,87.0,6505,-0.07451074469907593,-0.12534620613029315,-0.08236583725830507,-0.12596727467662458,-0.12596727467662458,-0.008434009573740539,-0.009900990099009951,-0.0035886080781856733,-0.007642294969773032,-0.007211977359868598,-0.002941513542422668
2023-06-16,87.0,87.6,86.4,86.4,86.4,6505,-0.12538879902526467,-0.13789625433586006,-0.10805897387030378,-0.1639774015792109,-0.1639774015792109,-0.009628610729023422,-0.015945330296127467,-0.010309278350515367,-0.012571428571428506,-0.0149131208099604,-0.010309278350515367
2023-06-19,86.0,87.1,85.6,87.1,87.1,6505,-0.1889863669330008,-0.16927137484977683,-0.159445247094303,-0.11963225352619385,-0.11963225352619385,0.0009193288899103459,-0.007407407407407472,-0.002900099213920604,-0.0037174721189591406,-0.0077466393255867716,-0.00316636783275495
2023-06-20,87.4,87.4,86.3,87.0,87.0,6505,-0.09994977186216984,-0.15044630254142605,-0.11448225802330413,-0.12596727467662458,-0.12596727467662458,-0.0006891798759476485,-0.006735928758990791,-0.004500724692959169,-0.00417787443484227,-0.008343591847900577,-0.0046525818015406865
2023-06-21,86.6,87.8,86.2,87.5,87.5,6505,-0.1508278261883595,-0.12534620613029315,-0.12090554217630357,-0.09429216892446902,-0.09429216892446902,0.005747126436781609,0.0005717552887363883,0.00022862368541392585,0.0026929467713287048,-0.0016885724717049578,0.00019051247856733533
2023-06-26,87.0,87.0,86.4,86.8,86.8,6505,-0.12538879902526467,-0.17554639895255986,-0.10805897387030378,-0.138637316977487,-0.138637316977487,-0.0018399264029440063,-0.006296508299942727,-0.008755234107346773,-0.004872456291200885,-0.008317338451695556,-0.00822669104204752
2023-06-27,86.2,86.8,86.0,86.4,86.4,6505,-0.1762668533514534,-0.18809644715812673,-0.1337521104823034,-0.1639774015792109,-0.1639774015792109,-0.006439742410303451,-0.008036739380022832,-0.01279707495429605,-0.00934472281144296,-0.011351153423654227,-0.01351094196003794
2023-06-28,85.8,86.0,84.0,85.3,85.3,6505,-0.2017058805145482,-0.23829663998039344,-0.2622177935422996,-0.2336626342339537,-0.2336626342339537,-0.015011547344110823,-0.017394309411358198,-0.023655093475772566,-0.02139620260425624,-0.022461608984643684,-0.026070409134157924
2023-06-29,86.1,86.2,84.9,85.3,85.3,6505,-0.18262661014222756,-0.22574659177482653,-0.20440823616530096,-0.2336626342339537,-0.2336626342339537,-0.011129144447020727,-0.015693514885760436,-0.02119033047735631,-0.02077832625416143,-0.021160378224548127,-0.02499428484340472
2023-06-30,84.8,85.5,84.3,84.3,84.3,6505,-0.26530344842228437,-0.26967176049431024,-0.2429479410833004,-0.2970128457382648,-0.2970128457382648,-0.015416958654520058,-0.023288147375738675,-0.029249193919852673,-0.031201516979831104,-0.030321155792767205,-0.034474859695338506
2023-07-03,84.6,84.9,84.3,84.3,84.3,6505,-0.27802296200383175,-0.30732190511101004,-0.2429479410833004,-0.2970128457382648,-0.2970128457382648,-0.009633458646616463,-0.020223152022315144,-0.026633823416211126,-0.030533034328100915,-0.02884659693101706,-0.03244318616573557
2023-07-04,84.0,84.1,83.1,83.5,83.5,6505,-0.3161815027484731,-0.3575220979332776,-0.3200273509192983,-0.3476930149417135,-0.3476930149417135,-0.01230186893778084,-0.026239067055393587,-0.03184664141609341,-0.03774128493229623,-0.03668666359021697,-0.03930968360498567
2023-07-05,83.0,83.9,83.0,83.3,83.3,6505,-0.37977907065620925,-0.37007214613884365,-0.32645063507229777,-0.36036305724257595,-0.36036305724257595,-0.009983361064891887,-0.024247393698020467,-0.03049348230912482,-0.03766173752310542,-0.03766173752310542,-0.03965875028821764
2023-07-06,82.7,82.9,81.0,81.0,81.0,6505,-0.3988583410285299,-0.4328223871666772,-0.454916318132294,-0.5060685437024913,-0.5060685437024913,-0.027377521613832865,-0.04447328064173658,-0.05300077942322679,-0.06010675330703187,-0.06189196701565823,-0.06358381502890173
2023-07-07,80.4,80.4,79.5,79.9,79.9,6505,-0.5451327472163229,-0.5896979897362612,-0.5512655804272912,-0.5757537763572332,-0.5757537763572332,-0.030339805825242715,-0.04892274729198904,-0.06007371970825804,-0.06800419923014096,-0.07192305905310575,-0.0728707356695289
2023-07-10,79.8,80.5,79.1,79.2,79.2,6505,-0.5832912879609651,-0.5834229656334782,-0.5769587170392908,-0.6200989244102512,-0.6200989244102512,-0.02678790857704604,-0.04864864864864862,-0.06257397616980978,-0.07151230949589676,-0.07735321528424977,-0.07799767171129222
2023-07-11,79.8,80.4,79.6,80.1,80.1,6505,-0.5832912879609651,-0.5896979897362612,-0.5448422962742918,-0.5630837340563717,-0.5630837340563717,-0.007434944237918321,-0.03050108932461869,-0.04718477398889773,-0.056092387461701684,-0.0638148667601684,-0.06516241976269219
2023-07-12,79.3,79.8,79.3,79.5,79.5,6505,-0.6150900719148331,-0.6273481343529619,-0.564112148733291,-0.601093860958958,-0.601093860958958,-0.005504128096072026,-0.030960507069721994,-0.048587841072283415,-0.058335801006810746,-0.0672955089398846,-0.06970394351913246
2023-07-13,80.0,80.9,79.9,80.8,80.8,6505,-0.5705717743794176,-0.5583228692223444,-0.5255724438152916,-0.5187385860033538,-0.5187385860033538,0.011264080100125048,-0.009682559137149237,-0.028223220012828874,-0.039524517087667195,-0.04856106636522062,-0.05242171924475195
2023-07-14,81.0,82.2,80.8,81.6,81.6,6505,-0.5069742064716816,-0.4767475558861609,-0.46776288643829383,-0.468058416799905,-0.468058416799905,0.016949152542372694,0.00344318740777178,-0.01393700153065338,-0.026427250492155385,-0.03582569240949062,-0.04131584100254552
2023-07-17,81.8,81.8,80.5,80.8,80.8,6505,-0.45609615214549276,-0.5018476522972947,-0.4870327388972931,-0.5187385860033538,-0.5187385860033538,0.002979145978153043,-0.002099543040632354,-0.018861814943738293,-0.03239326986407998,-0.04210925644916548,-0.048964218455744
2023-07-18,80.1,80.3,79.6,79.8,79.8,6505,-0.5642120175886444,-0.5959730138390451,-0.5448422962742918,-0.5820887975076648,-0.5820887975076648,-0.008695652173913078,-0.009925558312655052,-0.02579962562057472,-0.04057709648331831,-0.049864266323760564,-0.058036592563446836
2023-07-19,80.0,80.3,79.2,79.3,79.3,6505,-0.5705717743794176,-0.5959730138390451,-0.5705354328862905,-0.6137639032598204,-0.6137639032598204,-0.014417101665423947,-0.011221945137157179,-0.027153022000490776,-0.04209699824847496,-0.05179835469676672,-0.06087162482235908
2023-07-20,79.3,79.6,78.9,79.1,79.1,6505,-0.6150900719148331,-0.6398981825585288,-0.5898052853452898,-0.6264339455606829,-0.6264339455606829,-0.012730903644533153,-0.011373578302712295,-0.02466091245376079,-0.03993203058623627,-0.05069367769190154,-0.0597139121131671
2023-07-21,79.7,79.7,78.6,78.6,78.6,6505,-0.5896510447517384,-0.6336231584557449,-0.6090751378042899,-0.6581090513128384,-0.6581090513128384,-0.011569416498994163,-0.016024036054081137,-0.026263627353815718,-0.040820062236866184,-0.05250976421235364,-0.06182859871090961
2023-07-24,78.7,78.7,78.1,78.4,78.4,6505,-0.6532486126594744,-0.6963733994835785,-0.641191558569289,-0.6707790936136999,-0.6707790936136999,-0.008097165991902662,-0.017543859649122702,-0.023985392978670375,-0.03833180006133088,-0.05098532900789235,-0.06070287539936098
2023-07-25,79.0,79.4,78.5,79.0,79.0,6505,-0.6341693422871538,-0.6524482307640949,-0.6154984219572893,-0.6327689667111136,-0.6327689667111136,0.0015212981744422483,-0.008658551888568174,-0.012829056981006382,-0.02655412482286983,-0.04028378444044903,-0.049757427528968404
2023-07-26,79.1,80.2,79.1,80.1,80.1,6505,-0.6278095854963806,-0.6022480379418281,-0.5769587170392908,-0.5630837340563717,-0.5630837340563717,0.013410931174089098,0.004388714733542249,0.0035917139993317123,-0.009827554236973877,-0.023599395387390986,-0.03338696701528559
2023-07-27,80.2,80.8,80.0,80.8,80.8,6505,-0.5578522607978702,-0.5645978933251283,-0.5191491596622921,-0.5187385860033538,-0.5187385860033538,0.017888636936256006,0.013166144200626924,0.012531328320802006,0.0016115036568736265,-0.012080011737663222,-0.02258064516129041
2023-07-28,80.2,80.7,80.0,80.1,80.1,6505,-0.5578522607978702,-0.5708729174279114,-0.5191491596622921,-0.5630837340563717,-0.5630837340563717,0.00527108433734942,0.00628140703517588,0.003591713999331891,-0.004474272930648939,-0.017081431306140604,-0.02803057881325085
2023-07-31,80.8,81.0,80.2,80.2,80.2,6505,-0.5196937200532289,-0.5520478451195614,-0.5063025913562923,-0.5567487129059401,-0.5567487129059401,0.00199900049975026,0.008297711843097948,0.0040060090135205515,-0.0006853155566630443,-0.012655734475796593,-0.024133035895355922
2023-08-01,80.6,81.2,80.3,81.0,81.0,6505,-0.5324132336347763,-0.5394977969139945,-0.4998793072032929,-0.5060685437024913,-0.5060685437024913,0.006961710591745429,0.01682149133818734,0.013259944958719069,0.010857356795207844,-0.00014812620352540925,-0.012235274988821557
2023-08-02,80.6,80.7,79.6,79.6,79.6,6505,-0.5324132336347763,-0.5708729174279114,-0.5448422962742918,-0.5947588398085273,-0.5947588398085273,-0.009210853871048159,-0.0011293763332915474,-0.004336224149433099,-0.004315466883482381,-0.014656367597544039,-0.02633939492783189
2023-08-04,80.1,81.2,79.9,80.6,80.6,6505,-0.5642120175886444,-0.5394977969139945,-0.5255724438152916,-0.5314086283042162,-0.5314086283042162,0.003735990037360043,0.009519038076152191,0.00834028356964125,0.008445417578980258,4.9630254603090446e-05,-0.011528084375766641
2023-08-07,80.4,81.2,80.4,81.1,81.1,6505,-0.5451327472163229,-0.5394977969139945,-0.4934560230502925,-0.4997335225520606,-0.4997335225520606,0.007453416149068253,0.01261081283555988,0.01501877346683358,0.013940113771332061,0.007854053785355555,-0.0027871136978439973
2023-08-08,80.7,81.1,79.8,79.8,79.8,6505,-0.5260534768440022,-0.5457728210167784,-0.531995727968292,-0.5820887975076648,-0.5820887975076648,-0.007709524993782697,-0.0053595911753707174,-0.00041753653444674037,-0.0026869961882147525,-0.006078118772419285,-0.01594870108516939
2023-08-09,80.5,81.0,80.3,81.0,81.0,6505,-0.5387729904255496,-0.5520478451195614,-0.4998793072032929,-0.5060685437024913,-0.5060685437024913,0.0072121362845063205,0.00708690787019778,0.013598064569950682,0.011741194104421834,0.010126203421958547,0.0010711048858860373
2023-08-10,81.1,81.5,80.7,81.4,81.4,6505,-0.5006144496809083,-0.5206727246056446,-0.47418617059129325,-0.48072845910076656,-0.48072845910076656,0.007675167120574456,0.010427010923535474,0.016822118587608407,0.01553240596344588,0.0160774915118835,0.007633587786259636
2023-08-11,81.5,82.1,81.3,81.9,81.9,6505,-0.4751754225178135,-0.4830225799889448,-0.4356464656732948,-0.44905335334861096,-0.44905335334861096,0.010612043435340566,0.01524730383042028,0.02068793619142586,0.02106969205834699,0.021859559814343586,0.01524730383042028
2023-08-14,81.9,81.9,80.8,81.0,81.0,6505,-0.44973639535471865,-0.4955726281945108,-0.46776288643829383,-0.5060685437024913,-0.5060685437024913,-0.0002468526289806249,0.0029717682020801743,0.007462686567164108,0.010226989274133293,0.01007581803671198,0.005461767626613853
2023-08-15,81.1,81.6,80.7,81.0,81.0,6505,-0.5006144496809083,-0.5143977005028616,-0.47418617059129325,-0.5060685437024913,-0.5060685437024913,-0.0031996062023137983,0.0019792182088074787,0.005295383087870386,0.01010101010101013,0.009169739858467111,0.006836544437538808
2023-08-16,80.9,80.9,79.3,79.5,79.5,6505,-0.5133339632624547,-0.5583228692223444,-0.564112148733291,-0.601093860958958,-0.601093860958958,-0.01803359683794476,-0.014747800223075942,-0.013729220081051879,-0.008419083255378823,-0.009222333000996947,-0.010168084664868184
2023-08-17,79.0,79.2,78.3,78.8,78.8,6505,-0.6341693422871538,-0.6649982789696617,-0.6283449902632892,-0.645439009011976,-0.645439009011976,-0.02038786673296868,-0.022453789852375665,-0.021361152508693478,-0.016843418590143586,-0.017603351119533314,-0.017047817047817142
2023-08-18,79.0,79.5,78.4,79.0,79.0,6505,-0.6341693422871538,-0.6461732066613118,-0.6219217061102887,-0.6327689667111136,-0.6327689667111136,-0.010768845479589098,-0.018023617153511532,-0.017412935323383155,-0.014286605527481566,-0.014225106064387328,-0.013732833957552988
2023-08-21,79.4,79.5,79.0,79.4,79.4,6505,-0.608730315124059,-0.6461732066613118,-0.5833820011922902,-0.6074288821093888,-0.6074288821093888,-0.0017601206939902737,-0.010961634280019873,-0.011864266157803033,-0.009789860946561035,-0.008144705941138097,-0.008532778355879162
2023-08-22,79.5,79.9,79.3,79.9,79.9,6505,-0.6023705583332858,-0.621073110250178,-0.564112148733291,-0.5757537763572332,-0.5757537763572332,0.007312153303076125,-0.004857391954166154,-0.005394190871369165,-0.004485422377273853,-0.001449710057988398,-0.002579893475365961
2023-08-23,80.3,81.3,80.3,81.2,81.2,6505,-0.551492504007097,-0.5332227728112116,-0.4998793072032929,-0.49339850140162894,-0.49339850140162894,0.019332161687170373,0.011082057029012583,0.010620643876535083,0.0103272365310439,0.014087321410730344,0.013184710726614701
2023-08-24,81.8,81.8,80.2,80.4,80.4,6505,-0.45609615214549276,-0.5018476522972947,-0.5063025913562923,-0.5440786706050776,-0.5440786706050776,0.0052513128282070725,0.0023687819473880776,0.0,0.00018660197798097365,0.0035448599530681266,0.0028272077166139127
2023-08-25,80.4,80.7,79.5,79.6,79.6,6505,-0.5451327472163229,-0.5708729174279114,-0.5512655804272912,-0.5947588398085273,-0.5947588398085273,-0.006242197253433209,-0.004751187796949181,-0.009128630705394204,-0.009025832555244426,-0.006688629330138958,-0.006655574043261384
2023-08-28,79.8,80.5,79.3,80.0,80.0,6505,-0.5832912879609651,-0.5834229656334782,-0.564112148733291,-0.5694187552068025,-0.5694187552068025,-0.0027424582398404246,0.0015022533800701622,-0.0032394717169200735,-0.003984063745020012,-0.0023942537909019262,-0.0009990009990009777
2023-08-29,80.3,80.3,79.6,80.1,80.1,6505,-0.551492504007097,-0.5959730138390451,-0.5448422962742918,-0.5630837340563717,-0.5630837340563717,-0.0019935210565662945,0.0038851986464469523,-0.0022421524663676215,-0.002676959472078733,-0.0019935210565662945,0.0005412832576925081
2023-08-30,80.4,80.8,79.7,80.5,80.5,6505,-0.5451327472163229,-0.5645978933251283,-0.5384190121212914,-0.5377436494546469,-0.5377436494546469,0.004742885671492704,0.007635498810864932,0.0031569327905625723,0.002615518744551102,0.0022410358565737904,0.005244755244755266
2023-08-31,80.5,80.5,79.3,79.3,79.3,6505,-0.5387729904255496,-0.5834229656334782,-0.564112148733291,-0.6137639032598204,-0.6137639032598204,-0.007509386733416877,-0.00800600450337754,-0.010069906790945472,-0.012145748987854357,-0.01230569948186528,-0.009740259740259754
2023-09-01,79.3,79.9,78.8,79.9,79.9,6505,-0.6150900719148331,-0.621073110250178,-0.5962285694982901,-0.5757537763572332,-0.5757537763572332,-0.0007503751875936477,-0.001624390853429907,-0.0009169723241079129,-0.004237288135593086,-0.004386183521905868,-0.002579893475365961
2023-09-04,79.9,81.3,79.4,81.3,81.3,6505,-0.5769315311701909,-0.5332227728112116,-0.5576888645802907,-0.48706348025119817,-0.48706348025119817,0.013462976813762134,0.013462976813762134,0.01633469455787971,0.013084112149532675,0.012453300124533002,0.013757845296978152
2023-09-05,80.8,81.1,80.5,80.8,80.8,6505,-0.5196937200532289,-0.5457728210167784,-0.4870327388972931,-0.5187385860033538,-0.5187385860033538,0.005475360876057712,0.006101357240692431,0.01025256314078511,0.006226650062266501,0.005925999701210088,0.006519121371922015
2023-09-06,80.6,81.1,79.8,79.9,79.9,6505,-0.5324132336347763,-0.5457728210167784,-0.531995727968292,-0.5757537763572332,-0.5757537763572332,-0.004237288135593086,-0.003492142678972326,-0.0013332222314805632,-0.004299333291793867,-0.004733432984554004,-0.005063921633737159
2023-09-07,79.3,80.0,79.3,79.6,79.6,6505,-0.6150900719148331,-0.6147980861473951,-0.564112148733291,-0.5947588398085273,-0.5947588398085273,-0.008717310087173136,-0.006242197253433209,-0.005745690731951136,-0.006924084586114488,-0.008470353761833667,-0.00859384730352487
2023-09-08,79.7,80.6,79.5,80.6,80.6,6505,-0.5896510447517384,-0.5771479415306953,-0.5512655804272912,-0.5314086283042162,-0.5314086283042162,0.001989060169070072,0.004987531172069719,0.005405405405405275,0.006367836184292557,0.003986048829098071,0.0039443637118538035
2023-09-11,80.6,81.5,80.6,81.4,81.4,6505,-0.5324132336347763,-0.5206727246056446,-0.4806094547442936,-0.48072845910076656,-0.48072845910076656,0.011682823763360647,0.013193925815285066,0.013698630136986408,0.01610285856946706,0.013799631345588653,0.013362104738982541
2023-09-12,81.5,81.8,81.1,81.5,81.5,6505,-0.4751754225178135,-0.5018476522972947,-0.4484930339792946,-0.4743934379503358,-0.4743934379503358,0.011166253101737043,0.012673956262425576,0.013597545808805065,0.01703375553753035,0.01418616226978597,0.01405997262660173
2023-09-13,82.0,82.8,81.9,82.6,82.6,6505,-0.4433766385639454,-0.4390974112694611,-0.39710676075529533,-0.4047082052955939,-0.4047082052955939,0.017993591323638078,0.023670839013508447,0.02608695652173906,0.028770706190060877,0.027056600019894406,0.02706511377295123
2023-09-14,82.7,83.0,82.4,83.0,83.0,6505,-0.3988583410285299,-0.42654736306389424,-0.3649903399902963,-0.3793681206938691,-0.3793681206938691,0.014421901735517073,0.023932889217863282,0.028840591686637485,0.031055900621118012,0.031209621310008952,0.030586482347585014
2023-09-15,83.2,83.5,81.8,81.8,81.8,6505,-0.3670595570746618,-0.3951722425499774,-0.4035300449082957,-0.4553883744990426,-0.4553883744990426,-0.0031684133560809786,0.006769230769230734,0.01212571145756006,0.014384920634920592,0.016351075990258788,0.015182228105737933
2023-09-18,81.8,82.4,81.2,82.0,82.0,6505,-0.45609615214549276,-0.46419750768059403,-0.4420697498262942,-0.44271833219818024,-0.44271833219818024,-0.0021903139449986936,0.00836202656173134,0.012929259655768757,0.015228426395938958,0.018329938900203655,0.017285584318915043
2023-09-19,81.9,81.9,80.9,81.2,81.2,6505,-0.44973639535471865,-0.4955726281945108,-0.46133960228529347,-0.49339850140162894,-0.49339850140162894,-0.011203117389186406,-0.0019665683382497122,0.00213921342767829,0.004515370817096491,0.008294839318531665,0.0067779798313770895
2023-09-20,81.7,81.7,80.9,81.5,81.5,6505,-0.46245590893626604,-0.5081226764000777,-0.46133960228529347,-0.4743934379503358,-0.4743934379503358,-0.004884004884004953,-0.0002453385672227186,0.005014797763893452,0.008039579468150967,0.011015729668039384,0.010288831040039647
2023-09-21,81.5,81.5,80.0,80.0,80.0,6505,-0.4751754225178135,-0.5206727246056446,-0.5191491596622921,-0.5694187552068025,-0.5694187552068025,-0.015990159901598983,-0.019127023050514984,-0.014049790485580485,-0.010268464678955987,-0.00818249442102649,-0.007731425972630119
2023-09-22,80.0,80.6,79.8,80.3,80.3,6505,-0.5705717743794176,-0.5771479415306953,-0.531995727968292,-0.5504136917555094,-0.5504136917555094,-0.008641975308642011,-0.015086471237581308,-0.010677618069815287,-0.006986953564582919,-0.005104569332936938,-0.00335112324686603
2023-09-25,79.8,80.7,79.8,80.5,80.5,6505,-0.5832912879609651,-0.5708729174279114,-0.531995727968292,-0.5377436494546469,-0.5377436494546469,-0.0024783147459727737,-0.011542239685658299,-0.007561436672967646,-0.004821362343923854,-0.003170043092773295,-0.0006620872299924786
2023-09-26,79.9,80.1,79.3,79.4,79.4,6505,-0.5769315311701909,-0.608523062044612,-0.564112148733291,-0.6074288821093888,-0.6074288821093888,-0.011700273836196137,-0.022528622430136626,-0.01999506294742027,-0.017995176550615104,-0.0165477606024572,-0.013664596273291855
2023-09-27,79.2,79.7,79.0,79.5,79.5,6505,-0.6214498287056064,-0.6336231584557449,-0.5833820011922902,-0.601093860958958,-0.601093860958958,-0.005504128096072203,-0.017548195748887812,-0.0184377315005351,-0.01614999071839605,-0.014479099519016119,-0.012422360248447204
2023-09-28,79.8,80.6,79.7,80.6,80.6,6505,-0.5832912879609651,-0.5771479415306953,-0.5384190121212914,-0.5314086283042162,-0.5314086283042162,0.006744941294029378,-0.0009915716410510448,-0.005674808783616998,-0.003338691727463957,-0.000942039763994343,0.0004965243296922326
2023-10-02,80.8,80.9,80.2,80.3,80.3,6505,-0.5196937200532289,-0.5583228692223444,-0.5063025913562923,-0.5504136917555094,-0.5504136917555094,0.0029977516862352595,-0.002856078480069589,-0.009131293188548802,-0.007293855853628427,-0.005005947660586791,-0.0037632852239360757
2023-10-03,80.0,80.1,79.1,79.1,79.1,6505,-0.5705717743794176,-0.608523062044612,-0.5769587170392908,-0.6264339455606829,-0.6264339455606829,-0.00852343945851099,-0.014207377866400805,-0.022088518915354932,-0.020797227036395232,-0.019437695244706673,-0.018529241459177666
2023-10-04,78.7,78.7,78.0,78.1,78.1,6505,-0.6532486126594744,-0.6963733994835785,-0.6476148427222884,-0.689784157064994,-0.689784157064994,-0.017857142857143054,-0.022895033154009738,-0.03173816017852718,-0.031558063116126425,-0.030873082841117953,-0.030215231788079517
2023-10-05,78.3,78.5,78.1,78.2,78.2,6505,-0.6786876398225693,-0.7089234476891454,-0.641191558569289,-0.6834491359145624,-0.6834491359145624,-0.013373706787787059,-0.017587939698492358,-0.026959767731231737,-0.02929493545183696,-0.028523156430133253,-0.027766266058847917
2023-10-06,78.8,78.8,78.1,78.4,78.4,6505,-0.6468888558687013,-0.6900983753807955,-0.641191558569289,-0.6707790936136999,-0.6707790936136999,-0.005328596802841939,-0.013091641490432931,-0.02073444916312761,-0.02608695652173906,-0.025602783992045592,-0.0244711737868103
2023-10-11,80.2,81.5,79.5,81.4,81.4,6505,-0.5578522607978702,-0.5206727246056446,-0.5512655804272912,-0.48072845910076656,-0.48072845910076656,0.029858299595141875,0.02325581395348848,0.017076218242399094,0.01067792401291301,0.010928961748634,0.012102122015915245
2023-10-12,81.6,81.7,80.6,81.4,81.4,6505,-0.4688156657270402,-0.5081226764000777,-0.4806094547442936,-0.48072845910076656,-0.48072845910076656,0.02389937106918246,0.02209944751381222,0.017584798733227762,0.01067792401291301,0.010878744225324186,0.011515201723138222
2023-10-13,80.2,80.6,80.0,80.1,80.1,6505,-0.5578522607978702,-0.5771479415306953,-0.5191491596622921,-0.5630837340563717,-0.5630837340563717,0.002503128911138781,0.004892736168611223,0.00225225225225216,-0.004597986827389146,-0.004919499105545803,-0.00463921796040098
2023-10-16,80.9,81.8,80.8,81.4,81.4,6505,-0.5133339632624547,-0.5018476522972947,-0.46776288643829383,-0.48072845910076656,-0.48072845910076656,0.01067792401291283,0.018773466833541926,0.018603487111036928,0.012311901504788076,0.010477183574159695,0.011138255144714613
2023-10-17,81.5,81.9,81.1,81.8,81.8,6505,-0.4751754225178135,-0.4955726281945108,-0.4484930339792946,-0.4553883744990426,-0.4553883744990426,0.0071410982516621315,0.022244438890277263,0.022074135776759672,0.018046048537647828,0.01433460641833232,0.015056254136333616
2023-10-18,81.8,82.5,81.3,82.1,82.1,6505,-0.45609615214549276,-0.457922483577811,-0.4356464656732948,-0.43638331104774947,-0.43638331104774947,0.00909537856440505,0.023690773067331562,0.024286783664642663,0.021589000186648413,0.017297779540047593,0.017852715100421315
2023-10-19,81.6,82.1,81.0,81.5,81.5,6505,-0.4688156657270402,-0.4830225799889448,-0.454916318132294,-0.4743934379503358,-0.4743934379503358,0.0014745637748833198,0.013177523620089537,0.015956120668162568,0.014438635797859057,0.009813153590722129,0.010330578512396636
2023-10-20,80.4,81.6,80.3,80.7,80.7,6505,-0.5451327472163229,-0.5143977005028616,-0.4998793072032929,-0.5250736071537845,-0.5250736071537845,-0.009815950920245365,0.0,0.004897891416237902,0.00479362510116423,0.00029748624126135293,0.00045456423819177595
2023-10-23,80.7,80.7,80.0,80.0,80.0,6505,-0.5260534768440022,-0.5708729174279114,-0.5191491596622921,-0.5694187552068025,-0.5694187552068025,-0.015020930805220375,-0.010880316518298658,-0.004232013940751671,-0.0029910269192422096,-0.007099240430918963,-0.008264462809917413
2023-10-24,80.0,80.4,79.5,80.1,80.1,6505,-0.5705717743794176,-0.5896979897362612,-0.5512655804272912,-0.5630837340563717,-0.5630837340563717,-0.009643916913946601,-0.011721159777914903,-0.002573468371243703,-0.0018069661661162196,-0.00442477876106188,-0.0072299111753771055
2023-10-25,80.0,80.4,79.6,79.9,79.9,6505,-0.5705717743794176,-0.5896979897362612,-0.5448422962742918,-0.5757537763572332,-0.5757537763572332,-0.006713078070611537,-0.012360939431396786,-0.004733432984554004,-0.004051106263633389,-0.005971634735008582,-0.009422266303000136
2023-10-26,79.3,79.7,78.8,78.9,78.9,6505,-0.6150900719148331,-0.6336231584557449,-0.5962285694982901,-0.6391039878615443,-0.6391039878615443,-0.012762762762762713,-0.02169869807811531,-0.017026578073089618,-0.015534344001497166,-0.016895933014354,-0.02080833988334069
2023-10-27,79.0,79.4,79.0,79.3,79.3,6505,-0.6341693422871538,-0.6524482307640949,-0.5833820011922902,-0.6137639032598204,-0.6137639032598204,-0.004269211451531936,-0.015762690827851682,-0.013026883504812481,-0.010481657100075087,-0.010975305562484529,-0.014947621216512772
2023-10-30,79.4,79.5,78.8,79.0,79.0,6505,-0.608730315124059,-0.6461732066613118,-0.5962285694982901,-0.6327689667111136,-0.6327689667111136,-0.005538771399798562,-0.016556703597659633,-0.017412935323383155,-0.013917493602945877,-0.013486513486513465,-0.017209205888451252
2023-10-31,78.7,79.6,78.7,79.1,79.1,6505,-0.6532486126594744,-0.6398981825585288,-0.6026518536512895,-0.6264339455606829,-0.6264339455606829,-0.001766784452297006,-0.011991006744941394,-0.016739869064390456,-0.011744127936031957,-0.011793513567537887,-0.014371157999667752
2023-11-01,79.1,79.2,78.9,79.0,79.0,6505,-0.6278095854963806,-0.6649982789696617,-0.5898052853452898,-0.6327689667111136,-0.6327689667111136,-0.0007589172780167249,-0.009404388714733543,-0.016025907165988482,-0.012191309784307526,-0.012401240124012456,-0.01447105788423167
2023-11-02,79.7,80.3,79.3,79.5,79.5,6505,-0.5896510447517384,-0.5959730138390451,-0.564112148733291,-0.601093860958958,-0.601093860958958,0.00404142460217236,-0.0006285355122564068,-0.008233532934131694,-0.006187886742921489,-0.00565339203522111,-0.007201431961037356
2023-11-03,80.0,80.9,79.5,80.9,80.9,6505,-0.5705717743794176,-0.5583228692223444,-0.5512655804272912,-0.5124035648529222,-0.5124035648529222,0.017610062893081833,0.016714842277240325,0.008560505319148945,0.009546390466088482,0.011098335249712609,0.010407993338884381
2023-11-06,81.2,81.7,80.6,81.5,81.5,6505,-0.49425469289013413,-0.5081226764000777,-0.4806094547442936,-0.4743934379503358,-0.4743934379503358,0.01875,0.02232814851981938,0.015956120668162568,0.014943960149439637,0.01757978324926318,0.017901748542880982
2023-11-07,81.5,81.6,80.9,81.5,81.5,6505,-0.4751754225178135,-0.5143977005028616,-0.46133960228529347,-0.4743934379503358,-0.4743934379503358,0.012673956262425576,0.0205359378913098,0.016209476309226898,0.012988627182897115,0.017122603833865813,0.017266486374037944
2023-11-08,80.7,81.1,80.4,81.1,81.1,6505,-0.5260534768440022,-0.5457728210167784,-0.4934560230502925,-0.4997335225520606,-0.4997335225520606,0.0024721878862792165,0.014003500875218683,0.012063227953410827,0.00820487319741418,0.011726546906187596,0.011936946304537484
2023-11-09,81.0,81.0,80.4,80.6,80.6,6505,-0.5069742064716816,-0.5520478451195614,-0.4934560230502925,-0.5314086283042162,-0.5314086283042162,-0.006410256410256362,0.005614472863381018,0.00657730413787349,0.002487562189054585,0.004736973323360701,0.005656296789219584
2023-11-10,80.1,80.5,80.0,80.3,80.3,6505,-0.5642120175886444,-0.5834229656334782,-0.5191491596622921,-0.5504136917555094,-0.5504136917555094,-0.008641975308642011,0.0006230529595015222,0.0031648205213625005,-0.0013679890560875443,-9.961647656516869e-05,0.001538269654512792
2023-11-13,80.5,80.8,80.0,80.7,80.7,6505,-0.5387729904255496,-0.5645978933251283,-0.5191491596622921,-0.5250736071537845,-0.5250736071537845,-0.0017318159327065878,0.0034817209649341103,0.007574496420842381,0.004043545878693659,0.0036314794547806385,0.006025348015790579
2023-11-14,80.8,81.7,80.7,81.2,81.2,6505,-0.5196937200532289,-0.5081226764000777,-0.47418617059129325,-0.49339850140162894,-0.49339850140162894,0.005199306759098808,0.007069329033858458,0.012889812889812866,0.010641608065218794,0.00844510680576263,0.012006148477420845
2023-11-15,82.0,83.7,81.5,83.0,83.0,6505,-0.4433766385639454,-0.3826221943444105,-0.42279989736729495,-0.3793681206938691,-0.3793681206938691,0.022671266633809802,0.024311983216092792,0.03268082282680802,0.0324667247170046,0.029981137694827718,0.03328077018839736
2023-11-16,83.4,84.2,83.1,84.0,84.0,6505,-0.35434004349311443,-0.35124707383049375,-0.3200273509192983,-0.31601790918955797,-0.31601790918955797,0.0263929618768328,0.03092783505154652,0.04072024448666055,0.04328386015028255,0.041046995835811985,0.04360790160268344
2023-11-17,83.9,84.4,82.8,83.7,83.7,6505,-0.32254125953924634,-0.3386970256249268,-0.33929720337829755,-0.3350229726408511,-0.3350229726408511,0.014299563742123031,0.02372798434442267,0.03324829232161973,0.03762474431289917,0.035480997624703206,0.037474693219848684
2023-11-20,84.0,84.0,82.8,83.8,83.8,6505,-0.3161815027484731,-0.3637971220360606,-0.33929720337829755,-0.32868795149042035,-0.32868795149042035,0.007938417127736136,0.02207586291011102,0.030412328879416292,0.03642322676396027,0.03548833531039937,0.036316418648748926
2023-11-21,84.0,85.4,83.6,85.3,85.3,6505,-0.3161815027484731,-0.27594678459709326,-0.28791093015429925,-0.2336626342339537,-0.2336626342339537,0.01595998094330638,0.03557120310792755,0.043552728162466206,0.051593416753991275,0.05220308876498741,0.051874383426504585
2023-11-22,84.9,84.9,83.8,84.0,84.0,6505,-0.2589436916315102,-0.30732190511101004,-0.27506436184829947,-0.31601790918955797,-0.31601790918955797,-0.001901140684410606,0.01621098475683527,0.023474941109576746,0.032956222331529846,0.03519668737060053,0.03473762010347368
2023-11-23,83.6,84.3,83.4,84.0,84.0,6505,-0.34162052991156794,-0.34497204972771073,-0.30075749846029814,-0.31601790918955797,-0.31601790918955797,-0.001901140684410606,0.012048192771084338,0.019747491097442345,0.029727244866687062,0.03392250504652652,0.0336341263330599
2023-11-24,84.0,84.6,83.9,84.6,84.6,6505,-0.3161815027484731,-0.32614697741936083,-0.2686410776952991,-0.27800778228697165,-0.27800778228697165,0.003082760256106129,0.014023732470334433,0.023965141612200487,0.033724340175952966,0.03931203931203917,0.03909928352098247
2023-11-27,84.6,84.6,82.8,82.9,82.9,6505,-0.27802296200383175,-0.32614697741936083,-0.33929720337829755,-0.3857031418442998,-0.3857031418442998,-0.014971482889733732,-0.008965929468021518,0.002256790521479819,0.010544279880538906,0.01697826193630716,0.01759410801963998
2023-11-28,83.1,84.9,83.0,84.7,84.7,6505,-0.373419313865436,-0.30732190511101004,-0.32645063507229777,-0.27167276113654,-0.27167276113654,0.007853403141361215,0.008333333333333368,0.02138435565559924,0.02897406305047689,0.03671970624235006,0.03845682291879526
2023-11-29,84.7,84.7,84.0,84.5,84.5,6505,-0.2716632052130576,-0.3198719533165769,-0.2622177935422996,-0.2843428034374024,-0.2843428034374024,0.004278583313524901,0.004159239453357033,0.01619498115930389,0.02312628647536017,0.03194763323726246,0.03498958886212372
2023-11-30,85.3,85.4,84.1,85.0,85.0,6505,-0.23350466446841628,-0.27594678459709326,-0.2557945093893002,-0.25266769768524683,-0.25266769768524683,0.007825468342423482,0.008902077151335312,0.01861468402971951,0.025764798165691247,0.034969803233976055,0.03962818003913888
2023-12-01,84.3,84.6,83.3,83.5,83.5,6505,-0.2971022323761524,-0.32614697741936083,-0.3071807826132985,-0.3476930149417135,-0.3476930149417135,-0.00737042320494537,-0.008666745815030154,-0.001912502988286048,0.0060847038978252875,0.014630115679984367,0.020117282945104998
2023-12-04,83.0,83.9,82.9,83.0,83.0,6505,-0.37977907065620925,-0.37007214613884365,-0.3328739192252972,-0.3793681206938691,-0.3793681206938691,-0.01354884715949625,-0.013666072489601968,-0.009704104358892768,-0.0008426628144937183,0.00659745803822641,0.012771495973317976
2023-12-05,82.2,82.9,82.0,82.8,82.8,6505,-0.43065712498239794,-0.4328223871666772,-0.3906834766022959,-0.3920381629947315,-0.3920381629947315,-0.011461318051575858,-0.013110846245530494,-0.013346043851286994,-0.0040295904252119295,0.0023727664519877724,0.009222768455694245
2023-12-06,83.2,83.6,83.0,83.1,83.1,6505,-0.3670595570746618,-0.38889721844719444,-0.32645063507229777,-0.37303309954343833,-0.37303309954343833,-0.004551988500239524,-0.008471542775325067,-0.009849868933195663,-0.0016219138583529178,0.004011212062632997,0.01156421180766876
2023-12-07,82.4,83.0,82.0,82.3,82.3,6505,-0.41793761140085056,-0.42654736306389424,-0.3906834766022959,-0.4237132687468871,-0.4237132687468871,-0.007716421509524795,-0.016021042563366852,-0.01805599745466101,-0.012241958713394265,-0.006998069498069478,0.00044572308440368416
2023-12-08,82.2,82.5,81.6,82.2,82.2,6505,-0.43065712498239794,-0.457922483577811,-0.41637661321429553,-0.4300482898973178,-0.4300482898973178,-0.0058055152394773804,-0.014388489208633127,-0.01807756629768259,-0.014565725588922728,-0.008826508464766136,-0.0019426906265175134
2023-12-11,82.2,82.2,81.7,81.8,81.8,6505,-0.43065712498239794,-0.4767475558861609,-0.40995332906129517,-0.4553883744990426,-0.4553883744990426,-0.0077632217370206995,-0.01788930243726732,-0.021296960995453307,-0.020007188211333436,-0.013792438271605003,-0.00792367399741271
2023-12-12,82.5,82.8,81.5,82.5,82.5,6505,-0.4115778546100773,-0.4390974112694611,-0.42279989736729495,-0.41104322644602465,-0.41104322644602465,0.0014566642388929906,-0.006861682918021034,-0.010712287153249631,-0.012390016160890605,-0.005832449628844051,-0.0008074283407347139
2023-12-13,82.5,82.5,81.2,81.6,81.6,6505,-0.4115778546100773,-0.457922483577811,-0.4420697498262942,-0.468058416799905,-0.468058416799905,-0.005847953216374317,-0.014254650881855603,-0.01962354825790957,-0.022344695381297658,-0.01691484747722997,-0.012743990966284984
2023-12-14,81.7,83.7,81.6,83.3,83.3,6505,-0.46245590893626604,-0.3826221943444105,-0.41637661321429553,-0.36036305724257595,-0.36036305724257595,0.012396694214875985,0.008352499697373172,0.0013623978201634445,-0.0015581924967037692,0.0022620078929635693,0.0062817105581057745
2023-12-15,83.5,84.3,82.8,83.8,83.8,6505,-0.34798028670234116,-0.34497204972771073,-0.33929720337829755,-0.32868795149042035,-0.32868795149042035,0.014527845036319648,0.01403678606001932,0.008019246190857945,0.004374662911248215,0.006582424446259572,0.011141052970277275
2023-12-18,83.7,83.7,83.0,83.2,83.2,6505,-0.3352607731207938,-0.3826221943444105,-0.32645063507229777,-0.36669807839300667,-0.36669807839300667,0.0038610038610037783,0.006532784902008302,0.0005612122183917284,-0.0024578862178526264,-0.00182359151550054,0.0032154340836012744
2023-12-19,83.1,83.1,82.1,82.5,82.5,6505,-0.373419313865436,-0.4202723389611112,-0.38426019244929643,-0.41104322644602465,-0.41104322644602465,-0.004584942084942031,-0.0015732784702891863,-0.006103927395389856,-0.009187533777697718,-0.010838808690230642,-0.005624748895138632
2023-12-20,82.5,83.0,82.0,82.9,82.9,6505,-0.4115778546100773,-0.42654736306389424,-0.3906834766022959,-0.3857031418442998,-0.3857031418442998,-0.0028866971373586107,0.003510470887301855,0.0,-0.0037255137603653676,-0.005995203836930456,-0.0015256142604785428
2023-12-21,82.1,82.8,81.8,81.9,81.9,6505,-0.4370168817731721,-0.4390974112694611,-0.4035300449082957,-0.44905335334861096,-0.44905335334861096,-0.011585807385952133,-0.008114327237495307,-0.009593679458239145,-0.014499729258167357,-0.016995535071294792,-0.014084507042253372
2023-12-22,81.5,81.5,80.0,80.2,80.2,6505,-0.4751754225178135,-0.5206727246056446,-0.5191491596622921,-0.5567487129059401,-0.5567487129059401,-0.023618212807401968,-0.026344542916110252,-0.027564465281707137,-0.03239428123303358,-0.035779551793786654,-0.034510433386837805
2023-12-25,80.2,81.1,80.2,80.7,80.7,6505,-0.5578522607978702,-0.5457728210167784,-0.5063025913562923,-0.5250736071537845,-0.5250736071537845,-0.011513963743263078,-0.018964259664478508,-0.019679300291545073,-0.02506795530051347,-0.02831960699320912,-0.028491171749598636
2023-12-26,81.0,81.9,80.7,81.8,81.8,6505,-0.5069742064716816,-0.4955726281945108,-0.47418617059129325,-0.4553883744990426,-0.4553883744990426,0.00368098159509199,-0.004745102810560902,-0.00551142810828335,-0.010044777925692827,-0.013411810111926005,-0.01548583808071887
2023-12-27,81.8,82.0,80.9,81.6,81.6,6505,-0.45609615214549276,-0.48929760409172784,-0.46133960228529347,-0.468058416799905,-0.468058416799905,0.004431314623338074,-0.007178488867258833,-0.006735372879980626,-0.010729223495181003,-0.014683153013910454,-0.01734104046242772
2023-12-28,81.6,81.9,81.2,81.8,81.8,6505,-0.4688156657270402,-0.4955726281945108,-0.4420697498262942,-0.4553883744990426,-0.4553883744990426,0.0071410982516621315,-0.002925402242808324,-0.003896736483195586,-0.006377163680534536,-0.011217483802340337,-0.014061872237846582
2023-12-29,81.3,81.5,80.6,80.7,80.7,6505,-0.48789493609936085,-0.5206727246056446,-0.4806094547442936,-0.5250736071537845,-0.5250736071537845,-0.007624200688637537,-0.012602471552673451,-0.016093635698610012,-0.01806899069173206,-0.022671123383229012,-0.026146419951729574
2024-01-02,80.4,81.0,80.2,80.9,80.9,6505,-0.5451327472163229,-0.5520478451195614,-0.5063025913562923,-0.5124035648529222,-0.5124035648529222,-0.005653883972467967,-0.00736196319018398,-0.012933138116154248,-0.014376218323586655,-0.01929884109974299,-0.022592726833393625
2024-01-03,80.2,80.6,79.6,79.7,79.7,6505,-0.5578522607978702,-0.5771479415306953,-0.5448422962742918,-0.5884238186580957,-0.5884238186580957,-0.015319990116135346,-0.018714602314700762,-0.02535463883906739,-0.027158986878242225,-0.03149759393379671,-0.03491422805247216
2024-01-04,79.9,80.1,79.7,79.7,79.7,6505,-0.5769315311701909,-0.608523062044612,-0.5384190121212914,-0.5884238186580957,-0.5884238186580957,-0.010675273088381497,-0.014833127317676177,-0.02384257369151636,-0.02513607730414033,-0.029232643118148497,-0.03323629306162068
2024-01-05,80.0,80.0,79.6,79.6,79.6,6505,-0.5705717743794176,-0.6147980861473951,-0.5448422962742918,-0.5947588398085273,-0.5947588398085273,-0.006490264603095484,-0.013263914714268096,-0.02211302211302225,-0.02474883606959091,-0.02789311709247235,-0.032728451069345535
2024-01-08,80.1,81.1,79.9,80.0,80.0,6505,-0.5642120175886444,-0.5457728210167784,-0.5255724438152916,-0.5694187552068025,-0.5694187552068025,0.0002500625156290352,-0.008059516429014328,-0.014130791981597213,-0.01852533431480789,-0.021334899197494615,-0.026053080107134335
2024-01-09,80.1,80.1,79.3,79.3,79.3,6505,-0.5642120175886444,-0.608523062044612,-0.564112148733291,-0.6137639032598204,-0.6137639032598204,-0.004519206628169715,-0.015029188920630902,-0.019615923514382343,-0.02561897155495494,-0.02813863424677688,-0.033162643257742
2024-01-10,79.3,79.3,79.0,79.1,79.1,6505,-0.6150900719148331,-0.6587232548668787,-0.5833820011922902,-0.6264339455606829,-0.6264339455606829,-0.005531807895398514,-0.014207377866400805,-0.019340441358790185,-0.02604198731761385,-0.028828209409684866,-0.0334012219959267
2024-01-11,79.0,79.1,78.6,78.7,78.7,6505,-0.6341693422871538,-0.6712733030724456,-0.6090751378042899,-0.6517740301624068,-0.6517740301624068,-0.008066549029493327,-0.015634771732332707,-0.020900721572530215,-0.029233995312692787,-0.03164681563145965,-0.03601175894169522
2024-01-12,78.5,79.4,78.5,79.0,79.0,6505,-0.6659681262410219,-0.6524482307640949,-0.6154984219572893,-0.6327689667111136,-0.6327689667111136,-0.002777076495834371,-0.008409689971130936,-0.014798802793481884,-0.022942304124667662,-0.02637416810451073,-0.02996070726915518
2024-01-15,78.6,79.1,78.2,78.2,78.2,6505,-0.6596083694502486,-0.6712733030724456,-0.6347682744162886,-0.6834491359145624,-0.6834491359145624,-0.008369261983261433,-0.01536136993200686,-0.023151232511658786,-0.029475643810114797,-0.0343294640652013,-0.037696378030271774
2024-01-16,77.1,77.1,74.6,74.8,74.8,6505,-0.7550047213118528,-0.7967737851281128,-0.8660065039242824,-0.8988398550292205,-0.8988398550292205,-0.04053360697793736,-0.050881867783276295,-0.06100928948029123,-0.06680805938494172,-0.07311028500619586,-0.07642918878873933
2024-01-17,73.4,74.1,73.0,73.0,73.0,6505,-0.9903157225704758,-0.9850245082116136,-0.9687790503722791,-1.0128702357369803,-1.0128702357369803,-0.04873599166015127,-0.06577937036089071,-0.07680634010623039,-0.08383534136546193,-0.0911354581673306,-0.0950039257820572
2024-01-18,73.2,73.3,72.2,72.3,72.3,6505,-1.0030352361520232,-1.0352247010338802,-1.0201653235962773,-1.0572153837899982,-1.0572153837899982,-0.04187649085608265,-0.06589147286821716,-0.07843303874915043,-0.08654453569172467,-0.09566218041727134,-0.09966377485367993
2024-01-19,71.3,73.0,71.2,72.2,72.2,6505,-1.1238706151767224,-1.0540497733422303,-1.0843981651262755,-1.0635504049404292,-1.0635504049404292,-0.02564102564102553,-0.05817897208452901,-0.07213845099383118,-0.0821839445750968,-0.09186959146709602,-0.09712380158399332
2024-01-22,72.3,72.7,71.6,72.4,72.4,6505,-1.060273047268986,-1.0728748456505801,-1.0587050285142767,-1.0508803626395666,-1.0508803626395666,-0.0074033452152452986,-0.0461133069828722,-0.06290447838467511,-0.07505589268604279,-0.08410079951421899,-0.09090909090909101
2024-01-23,72.4,72.8,72.2,72.4,72.4,6505,-1.053913290478212,-1.066599821547797,-1.0201653235962773,-1.0508803626395666,-1.0508803626395666,-0.0008280430582388638,-0.037362052918494905,-0.05598052851182201,-0.07012586694066265,-0.07906787422407645,-0.08731826203882674
2024-01-24,72.5,73.1,72.5,73.0,73.0,6505,-1.0475535336874386,-1.0477747492394471,-1.0008954711372782,-1.0128702357369803,-1.0128702357369803,0.0074523875241513425,-0.02144772117962459,-0.042581096441374526,-0.057091190906742466,-0.06692571194846367,-0.07606632071889641
2024-01-25,73.0,73.4,72.8,73.2,73.2,6505,-1.0157547497335706,-1.0289496769310964,-0.9816256186782788,-1.000200193436118,-1.000200193436118,0.00770925110132142,-0.011478730587440842,-0.03447062961660195,-0.04935064935064931,-0.059706093926626194,-0.07024006096786486
2024-01-26,73.4,74.0,73.0,74.0,74.0,6505,-0.9903157225704758,-0.9912995323143966,-0.9687790503722791,-0.9495200242326692,-0.9495200242326692,0.0136986301369863,0.00611828687967373,-0.019088016967126163,-0.03406865944393682,-0.04555538358355255,-0.056363172660035724
2024-01-29,73.9,75.4,73.9,75.1,75.1,6505,-0.9585169386166078,-0.9034491948754292,-0.9109694929952804,-0.8798347915779273,-0.8798347915779273,0.021212945335871668,0.025395958492626776,-0.0001775095411378639,-0.016114240796541387,-0.028812331884957517,-0.03878151798284929
2024-01-30,75.1,75.1,73.7,73.7,73.7,6505,-0.8821998571273251,-0.92227426718378,-0.9238160613012801,-0.9685250876839624,-0.9685250876839624,-0.0013550135501354244,0.007794338848625837,-0.013914905004013997,-0.029880215874687324,-0.04345343162703768,-0.05286154900616856
2024-01-31,73.7,74.6,73.7,74.6,74.6,6505,-0.9712364521981551,-0.9536493876976968,-0.9238160613012801,-0.9115098973300829,-0.9115098973300829,0.006475984889368646,0.017874198389957734,0.0021493820526598145,-0.01472627616720609,-0.028139656070870385,-0.03803997421018701
2024-02-01,75.1,76.4,75.1,76.2,76.2,6505,-0.8821998571273251,-0.8406989538475956,-0.8338900831592834,-0.8101495589231845,-0.8101495589231845,0.019807280513918682,0.03420195439739408,0.025940220806031714,0.008737092930897682,-0.004494147157190559,-0.01457022157082487
2024-02-02,75.4,76.0,74.9,76.0,76.0,6505,-0.8631205867550036,-0.8657990502587294,-0.8467366514652822,-0.822819601224047,-0.822819601224047,0.011714589989350504,0.02619497704563864,0.026010260102600966,0.00849256900212334,-0.004088478876192442,-0.014650589913133795
2024-02-05,74.7,75.0,74.1,74.3,74.3,6505,-0.9076388842904191,-0.9285492912865629,-0.8981229246892815,-0.9305149607813761,-0.9305149607813761,-0.008804695837780293,0.0006734006734006352,0.006593208092485521,-0.010323010323010398,-0.023088250762595984,-0.03422876949740043
2024-02-15,72.9,73.7,72.6,73.4,73.4,6505,-1.022114506524344,-1.0101246046227466,-0.9944721869842786,-0.9875301511352556,-0.9875301511352556,-0.02002670226969292,-0.012777404169468577,-0.004340748779164506,-0.018454132120887878,-0.031099846876814965,-0.04289998696049036
2024-02-16,74.0,74.3,73.1,73.8,73.8,6505,-0.9521571818258345,-0.9724744600060466,-0.9623557662192795,-0.9621900665335317,-0.9621900665335317,-0.012576933369012548,-0.008464328899637372,0.0003614675582865076,-0.00959538347983632,-0.022775423728813544,-0.03432634012299911
2024-02-19,74.1,75.0,73.8,74.1,74.1,6505,-0.9457974250350613,-0.9285492912865629,-0.9173927771482807,-0.9431850030822385,-0.9431850030822385,-0.0029601722282025437,-0.005636070853462181,0.0027968242511728185,-0.0024904085616208153,-0.015883977900552647,-0.027218624190442908
2024-02-20,73.9,74.2,73.1,73.4,73.4,6505,-0.9585169386166078,-0.9787494841088297,-0.9623557662192795,-0.9875301511352556,-0.9875301511352556,-0.00542005420054189,-0.014235831318828931,-0.007750540735400202,-0.008175123302479425,-0.02195927939452079,-0.03285312719606454
2024-02-21,73.6,73.8,73.0,73.2,73.2,6505,-0.9775962089889293,-1.0038495805199634,-0.9687790503722791,-1.000200193436118,-1.000200193436118,-0.005164446860559873,-0.014406893765988868,-0.011167146974063418,-0.0075249135651819215,-0.021076281159730308,-0.032300709469880694
2024-02-22,73.5,73.5,72.5,72.7,72.7,6505,-0.9839559657797026,-1.0226746528283133,-1.0008954711372782,-1.0318752991882736,-1.0318752991882736,-0.010076252723311668,-0.01981933396251852,-0.018186729089762987,-0.01289884589273595,-0.02431823062057115,-0.03542523550484261
2024-02-23,72.5,72.9,72.4,72.6,72.6,6505,-1.0475535336874386,-1.0603247974450132,-1.0073187552902776,-1.0382103203387052,-1.0382103203387052,-0.008196721311475526,-0.018521022035960587,-0.019184004323155927,-0.013988863235094406,-0.022248558961374794,-0.03371783496007114
2024-02-26,72.3,72.7,71.8,72.3,72.3,6505,-1.060273047268986,-1.0728748456505801,-1.045858460208277,-1.0572153837899982,-1.0572153837899982,-0.007413509060955605,-0.017396031530307166,-0.02244456462952962,-0.018063289420073316,-0.022920157846370234,-0.034541084305172345
2024-02-27,72.0,72.3,71.6,71.7,71.7,6505,-1.079352317641307,-1.097974942061714,-1.0587050285142767,-1.0952255106925846,-1.0952255106925846,-0.01103448275862065,-0.019822282980177755,-0.02854304037575651,-0.025881393927042827,-0.027189840442852366,-0.039174520927323694
2024-02-29,71.7,74.3,71.3,74.3,74.3,6505,-1.0984315880136275,-0.9724744600060466,-1.077974880973276,-0.9305149607813761,-0.9305149607813761,0.021727172717271703,0.01572112098427876,0.007412094368616111,0.008141112618724482,0.010224615217273206,-0.0017913121361398114
2024-03-01,73.0,73.4,71.8,72.3,72.3,6505,-1.0157547497335706,-1.0289496769310964,-1.045858460208277,-1.0572153837899982,-1.0572153837899982,-0.0046806167400881525,-0.010131434830229942,-0.018463209340211777,-0.018929371056381167,-0.015630105652979117,-0.025606469002695493
2024-03-04,71.8,72.7,71.6,72.1,72.1,6505,-1.0920718312228541,-1.0728748456505801,-1.0587050285142767,-1.0698854260908608,-1.0698854260908608,-0.006065618968844745,-0.01056676272814596,-0.01895863570391888,-0.021045485403937695,-0.017871737590584615,-0.025236593059937012
2024-03-05,71.8,72.5,71.6,71.6,71.6,6505,-1.0920718312228541,-1.085424893856147,-1.0587050285142767,-1.1015605318430164,-1.1015605318430164,-0.011049723756906233,-0.01404571743321413,-0.02167972308252878,-0.026777218975125718,-0.024310476398125013,-0.028889190288892034
2024-03-06,71.7,72.2,71.1,71.3,71.3,6505,-1.0984315880136275,-1.1042499661644969,-1.0908214492792758,-1.1205655952943094,-1.1205655952943094,-0.014103982300885096,-0.015329374395801678,-0.021589973469947725,-0.02907333015592027,-0.027921688389594832,-0.029579892931675875
2024-03-07,71.0,71.3,70.5,71.2,71.2,6505,-1.142949885549043,-1.1607251830895475,-1.1293611541972743,-1.1269006164447402,-1.1269006164447402,-0.00697350069735007,-0.013986982412408323,-0.020183486238532135,-0.02785363189513916,-0.028649386084583825,-0.027853631895139352
2024-03-08,70.7,71.1,69.9,70.7,70.7,6505,-1.1620291559213636,-1.1732752312951145,-1.1679008591152729,-1.1585757221968958,-1.1585757221968958,-0.009526478005043327,-0.01819191778919578,-0.024648211165271706,-0.03269941168422493,-0.03457504915883762,-0.032875837855090816
2024-03-11,70.8,72.0,70.8,71.1,71.1,6505,-1.1556693991305904,-1.1168000143700638,-1.1100913017382752,-1.1332356375951718,-1.1332356375951718,-0.001123911211014306,-0.010576120233787796,-0.016688179974183988,-0.024891997531372115,-0.028104325004100983,-0.026560788608981353
2024-03-12,71.2,71.4,70.7,71.1,71.1,6505,-1.1302303719674955,-1.1544501589867635,-1.1165145858912746,-1.1332356375951718,-1.1332356375951718,0.0002813731007315141,-0.008921103986618353,-0.013960798816567966,-0.02146985962014867,-0.026987081234946468,-0.02602739726027405
2024-03-13,71.0,71.3,70.5,70.7,70.7,6505,-1.142949885549043,-1.1607251830895475,-1.1293611541972743,-1.1585757221968958,-1.1585757221968958,-0.0036640360766629805,-0.013121161362367361,-0.01705440726666039,-0.023413219144968675,-0.03071017274472162,-0.03084304318026045
2024-03-14,70.9,71.6,70.7,71.2,71.2,6505,-1.1493096423398161,-1.1419001107811975,-1.1165145858912746,-1.1269006164447402,-1.1269006164447402,0.0033821871476889674,-0.001822515070797637,-0.00826446280991736,-0.014396456256921264,-0.021763024840624354,-0.023453572898093456
2024-03-15,71.2,71.6,70.6,71.2,71.2,6505,-1.1302303719674955,-1.1419001107811975,-1.122937870044275,-1.1269006164447402,-1.1269006164447402,0.001970166056853371,-0.0002808199943835442,-0.006881160498419079,-0.012893386940246675,-0.02041714820318082,-0.02291752435844638
2024-03-18,71.2,71.4,70.2,70.6,70.6,6505,-1.1302303719674955,-1.1544501589867635,-1.1486310066562737,-1.1649107433473274,-1.1649107433473274,-0.00507328072153345,-0.006613198255241494,-0.013415315818893152,-0.01903570932332923,-0.026529148971375083,-0.03008655035032282
2024-03-19,70.1,70.6,69.6,69.7,69.7,6505,-1.2001876966660059,-1.2046503518090312,-1.1871707115742731,-1.221925933701207,-1.221925933701207,-0.013865308432371107,-0.01664785553047394,-0.023627194620844238,-0.028571428571428532,-0.03548101405955949,-0.040913677644252765
2024-03-20,69.6,69.8,68.6,69.4,69.4,6505,-1.231986480619874,-1.2548505446312979,-1.251403553104271,-1.2409309971525,-1.2409309971525,-0.014484521442771884,-0.018248691469797795,-0.0257370145063172,-0.030048916841369552,-0.03611111111111103,-0.04302261445118575
2024-03-21,69.6,69.7,68.4,69.0,69.0,6505,-1.231986480619874,-1.2611255687340808,-1.2642501214102702,-1.2662710817542249,-1.2662710817542249,-0.014004001143183623,-0.02085994040017027,-0.02652370203160284,-0.0328006728343146,-0.03883657435783135,-0.045863102097257386
2024-03-22,69.0,69.2,68.0,68.1,68.1,6505,-1.2701450213645151,-1.2925006892479975,-1.2899432580222696,-1.3232862721081051,-1.3232862721081051,-0.018166089965397796,-0.03005269904571998,-0.03541076487252125,-0.042328786387287376,-0.0485637643902986,-0.05587134340773586
2024-03-25,67.9,68.8,67.6,68.6,68.6,6505,-1.3401023460630246,-1.3176007856591314,-1.3156363946342693,-1.2916111663559497,-1.2916111663559497,-0.00522041763341087,-0.0194396798170385,-0.02510658455708194,-0.032576505429417604,-0.038784889586369255,-0.046295009036563306
2024-03-26,68.6,70.4,68.5,70.2,70.2,6505,-1.29558404852761,-1.217200400014597,-1.2578268372572705,-1.1902508279490513,-1.1902508279490513,0.016507384882710693,0.004723057106054075,-0.0010435442557630702,-0.008544594308311615,-0.01421108801887323,-0.021329987452948573
2024-03-27,70.0,70.2,69.2,69.4,69.4,6505,-1.206547453456779,-1.229750448220164,-1.2128638481862717,-1.2409309971525,-1.2409309971525,0.004923255140457623,-0.0048752509320331115,-0.010644364189317662,-0.018248691469797598,-0.02325057704216612,-0.029506362746469016
2024-03-28,69.3,69.8,68.4,68.6,68.6,6505,-1.2510657509921945,-1.2548505446312979,-1.2642501214102702,-1.2916111663559497,-1.2916111663559497,-0.005508843142939917,-0.01266551525618897,-0.019626524390243927,-0.025637383708543522,-0.03200316080600554,-0.038137969713965214
2024-03-29,69.0,69.8,68.9,69.5,69.5,6505,-1.2701450213645151,-1.2548505446312979,-1.232133700645271,-1.2345959760020693,-1.2345959760020693,0.0034652035807104984,0.0027413071706824084,-0.005627623044639415,-0.010887355013164457,-0.017528979361040357,-0.02373928922601486
2024-04-01,70.0,71.8,70.0,71.8,71.8,6505,-1.206547453456779,-1.1293500625756308,-1.1614775749622734,-1.0888904895421538,-1.0888904895421538,0.02718168812589401,0.03413510010082104,0.026594223620245917,0.02206405693950174,0.015443797024381948,0.009513989783006186
2024-04-02,71.7,72.3,71.2,72.2,72.2,6505,-1.0984315880136275,-1.097974942061714,-1.0843981651262755,-1.0635504049404292,-1.0635504049404292,0.02702702702702711,0.03616532721010327,0.031232146257855656,0.027319294251565193,0.021158633174926382,0.01604278074866311
2024-04-03,72.5,73.1,72.0,72.3,72.3,6505,-1.0475535336874386,-1.0477747492394471,-1.0330118919022773,-1.0572153837899982,-1.0572153837899982,0.02003386004514675,0.03329998570816062,0.031089560752994967,0.028010806199345924,0.02222599253478097,0.017975313277326762
2024-04-08,72.1,72.7,71.8,72.7,72.7,6505,-1.0729925608505335,-1.0728748456505801,-1.045858460208277,-1.0318752991882736,-1.0318752991882736,0.01394700139470014,0.033551322149559276,0.03531757334092857,0.03259711668205385,0.028812408015396827,0.02384752605389178
2024-04-09,72.8,73.4,72.7,73.3,73.3,6505,-1.028474263315118,-1.0289496769310964,-0.9880489028312783,-0.9938651722856872,-0.9938651722856872,0.011592602815346248,0.03443409539937903,0.04178510517339394,0.039200396966045235,0.03671645168590184,0.03200675802515477
2024-04-10,73.7,74.2,73.3,74.0,74.0,6505,-0.9712364521981551,-0.9787494841088297,-0.9495091979132798,-0.9495200242326692,-0.9495200242326692,0.015089163237311307,0.03641456582633045,0.048356630147336724,0.04697226938313537,0.045493077140435136,0.04117812587937356
2024-04-11,73.2,73.6,72.3,73.3,73.3,6505,-1.0030352361520232,-1.0163996287255304,-1.013742039443278,-0.9938651722856872,-0.9938651722856872,0.0024617067833697017,0.022172639799191235,0.0349209337349397,0.03545698544992238,0.03460930442637757,0.03084567785486606
2024-04-12,72.4,72.7,71.9,72.5,72.5,6505,-1.053913290478212,-1.0728748456505801,-1.0394351760552767,-1.044545341489136,-1.044545341489136,-0.009021323127391971,0.006664815329075312,0.02064758329422809,0.022855530474040698,0.02262468968630105,0.019212746016869633
2024-04-15,73.0,74.0,72.7,73.6,73.6,6505,-1.0157547497335706,-0.9912995323143966,-0.9880489028312783,-0.974860108834394,-0.974860108834394,0.0035451322607034483,0.014892443463872012,0.031679282310064553,0.03661971830985907,0.0367365336939372,0.03501617212768963
2024-04-16,72.8,73.5,70.7,71.1,71.1,6505,-1.028474263315118,-1.0226746528283133,-1.1165145858912746,-1.1332356375951718,-1.1332356375951718,-0.024691358024691513,-0.021739130434782587,-0.006150405367626471,0.0014789773927739948,0.0012956286615592434,0.0004221190375686104
2024-04-17,70.9,71.2,70.2,70.3,70.3,6505,-1.1493096423398161,-1.1670002071923304,-1.1486310066562737,-1.1839158067986206,-1.1839158067986206,-0.025776053215077598,-0.030745898249000467,-0.01888723483438787,-0.00958016342631717,-0.009524346257890018,-0.00999859174764109
2024-04-18,70.0,70.3,69.3,70.3,70.3,6505,-1.206547453456779,-1.223475424117381,-1.2064405640332723,-1.1839158067986206,-1.1839158067986206,-0.01760760201229725,-0.028200165883328812,-0.01897850962880267,-0.00999859174764109,-0.00907758231844843,-0.009394081728511104
2024-04-19,70.3,70.8,69.0,69.3,69.3,6505,-1.1874681830844585,-1.1921003036034643,-1.2257104164922716,-1.2472660183029316,-1.2472660183029316,-0.022842639593908497,-0.038034425319267005,-0.03284331968738378,-0.024012393493415933,-0.022401534815483497,-0.02256699576868841
2024-04-22,70.4,72.8,70.1,72.7,72.7,6505,-1.1811084262936842,-1.066599821547797,-1.155054290809274,-1.0318752991882736,-1.0318752991882736,0.0277070964093866,0.009161576901721417,0.010751691537677365,0.02121084421969385,0.02469414218864534,0.02466525722339676
2024-04-23,73.0,73.1,71.7,72.9,72.9,6505,-1.0157547497335706,-1.0477747492394471,-1.0522817443612764,-1.019205256887411,-1.019205256887411,0.025316455696202694,0.012500000000000079,0.0103483322553821,0.02057958840823202,0.026529232848935453,0.02642324118834204
2024-04-24,72.9,73.1,72.3,72.9,72.9,6505,-1.022114506524344,-1.0477747492394471,-1.013742039443278,-1.019205256887411,-1.019205256887411,0.017872102764590912,0.014049241897343235,0.009322503230570408,0.017516923721124924,0.025201102548236508,0.0255568581477141
2024-04-25,72.4,72.4,71.5,72.0,72.0,6505,-1.053913290478212,-1.09169991795893,-1.0651283126672761,-1.0762204472412915,-1.0762204472412915,0.0005558643690938305,0.003344481605351099,-0.002954209748892239,0.003694152087544442,0.011235955056179735,0.012468360363738887
2024-04-26,71.4,72.2,71.2,71.2,71.2,6505,-1.117510858385948,-1.1042499661644969,-1.0843981651262755,-1.1269006164447402,-1.1269006164447402,-0.015758916228919,-0.0060030713388246094,-0.013030219018574962,-0.00870170553428472,-0.0010102143899425936,0.0009841135948262783
2024-04-29,71.7,72.6,71.4,72.6,72.6,6505,-1.0984315880136275,-1.079149869753364,-1.0715515968202756,-1.0382103203387052,-1.0382103203387052,0.003871681415929022,0.01495875856284067,0.006469500924214246,0.007983339118361521,0.016578917889548527,0.019997190090385204
2024-04-30,71.8,72.3,71.7,72.2,72.2,6505,-1.0920718312228541,-1.097974942061714,-1.0522817443612764,-1.0635504049404292,-1.0635504049404292,0.0002770850651151321,0.007816862088218903,0.0019428254232584036,0.000554323725055519,0.008661637328862874,0.013902541777840319
2024-05-02,72.0,72.1,71.3,71.6,71.6,6505,-1.079352317641307,-1.1105249902672807,-1.077974880973276,-1.1015605318430164,-1.1015605318430164,-0.004449388209121348,-0.0023686777204962504,-0.004172461752434094,-0.00762300762300778,-0.0013947001394701327,0.00500631638048008
2024-05-03,71.6,72.2,71.5,71.7,71.7,6505,-1.1047913448044016,-1.1042499661644969,-1.0651283126672761,-1.0952255106925846,-1.0952255106925846,-0.0022265516281658308,-0.002920317062995324,-0.001300027857739814,-0.005892547660311919,-0.0008361204013378243,0.005469078670593193
2024-05-06,72.0,72.5,71.5,71.5,71.5,6505,-1.079352317641307,-1.085424893856147,-1.0651283126672761,-1.107895552993447,-1.107895552993447,-0.005839822024471659,-0.008734229862747755,-0.0031601449948880983,-0.00811541929666377,-0.004788152107343804,0.0016811431773604696
2024-05-07,71.6,71.9,71.0,71.5,71.5,6505,-1.1047913448044016,-1.1230750384728467,-1.0972447334322752,-1.107895552993447,-1.107895552993447,-0.0027894002789400673,-0.007082349673656311,-0.001210653753026526,-0.00728913571676509,-0.006392440244580236,0.00051308363263205
2024-05-08,71.5,71.5,70.7,71.0,71.0,6505,-1.111151101595175,-1.1481751348839806,-1.1165145858912746,-1.1395706587456027,-1.1395706587456027,-0.006437167646235767,-0.01141743247006415,-0.008102822017323251,-0.012654707272980067,-0.014162732574284867,-0.007825600894354419
2024-05-09,70.8,71.1,69.7,69.8,69.8,6505,-1.1556693991305904,-1.1732752312951145,-1.1807474274212726,-1.2155909125507762,-1.2155909125507762,-0.01828410689170179,-0.023912739476996334,-0.024412970555348534,-0.026499302649930345,-0.029747011398387552,-0.025139664804469043
2024-05-10,70.2,70.6,69.8,70.3,70.3,6505,-1.1938279398752316,-1.2046503518090312,-1.1743241432682732,-1.1839158067986206,-1.1839158067986206,-0.007342558599265888,-0.014578076815250997,-0.017424524785687706,-0.017470300489168415,-0.02176333073583426,-0.018202132116754262
2024-05-13,70.2,70.7,69.8,69.9,69.9,6505,-1.1938279398752316,-1.1983753277062472,-1.1743241432682732,-1.2092558914003444,-1.2092558914003444,-0.008510638297872259,-0.018396292655525743,-0.023561184578133547,-0.02128255390646872,-0.026028313454464314,-0.024015638089918807
2024-05-14,69.9,70.3,69.7,69.7,69.7,6505,-1.2129072102475524,-1.223475424117381,-1.1807474274212726,-1.221925933701207,-1.221925933701207,-0.006273167949814624,-0.01720248166948673,-0.023627194620844238,-0.021411021411021292,-0.027188476998660022,-0.027306135739870636
2024-05-15,69.7,70.7,69.7,70.2,70.2,6505,-1.2256267238290997,-1.1983753277062472,-1.1807474274212726,-1.1902508279490513,-1.1902508279490513,0.003143755358674094,-0.007352941176470532,-0.014137253066192219,-0.013767912334925398,-0.018511268944689865,-0.020647321428571484
2024-05-16,71.0,71.2,70.1,70.4,70.4,6505,-1.142949885549043,-1.1670002071923304,-1.155054290809274,-1.177580785648189,-1.177580785648189,0.004279600570613572,-0.002832861189801539,-0.009009009009008818,-0.011027604130083538,-0.0137293359484448,-0.01721731037691951
2024-05-17,70.2,70.7,69.9,69.9,69.9,6505,-1.1938279398752316,-1.1983753277062472,-1.1679008591152729,-1.2092558914003444,-1.2092558914003444,-0.0017137960582691307,-0.0073842658335697515,-0.014104372355430182,-0.01777559193423734,-0.018864746504968756,-0.023151814412819476
2024-05-20,70.6,70.6,69.8,70.2,70.2,6505,-1.1683889127121379,-1.2046503518090312,-1.1743241432682732,-1.1902508279490513,-1.1902508279490513,0.0017123287671231494,-0.0012804097311140048,-0.00894117647058813,-0.014183401207695422,-0.013379806611198536,-0.017998694395225147
2024-05-21,70.4,70.4,69.5,69.5,69.5,6505,-1.1811084262936842,-1.217200400014597,-1.1935939957272725,-1.2345959760020693,-1.2345959760020693,-0.007709880068532356,-0.008417748608931422,-0.01595242590145383,-0.021815622800844436,-0.020961289231982864,-0.026337909778649613
2024-05-22,69.5,70.0,68.9,69.9,69.9,6505,-1.238346237410647,-1.242300496425731,-1.232133700645271,-1.2092558914003444,-1.2092558914003444,-0.0011431837667902844,-0.001143183766790487,-0.00813546495128187,-0.014104372355430182,-0.014660276289822274,-0.01917680074836306
2024-05-23,69.0,69.1,68.6,68.6,68.6,6505,-1.2701450213645151,-1.2987757133507816,-1.251403553104271,-1.2916111663559497,-1.2916111663559497,-0.014650962367136026,-0.01803607214428865,-0.023811782563324148,-0.029497064440828946,-0.03205779433344629,-0.034980774641282915
2024-05-24,68.5,68.6,67.8,68.3,68.3,6505,-1.3019438053183834,-1.3301508338646983,-1.3027898263282696,-1.3106162298072428,-1.3106162298072428,-0.01443001443001443,-0.019523399368360603,-0.02493575711430479,-0.03120567375886529,-0.03520171770821568,-0.0369430344049634
2024-05-27,68.1,68.1,67.5,67.8,67.8,6505,-1.327382832481478,-1.3615259543786151,-1.3220596787872687,-1.3422913355593984,-1.3422913355593984,-0.014821272885788958,-0.023758099352052118,-0.02865329512893983,-0.03597326887530236,-0.041452242266583755,-0.04187667812897458
2024-05-28,67.9,69.2,67.8,69.2,69.2,6505,-1.3401023460630246,-1.2925006892479975,-1.3027898263282696,-1.2536010394533625,-1.2536010394533625,0.006399069226294532,-0.002881844380403499,-0.006413324399349179,-0.013683010262257609,-0.01971894832275626,-0.020061364172763614
2024-05-29,69.3,69.4,68.1,68.2,68.2,6505,-1.2510657509921945,-1.2799506410424308,-1.2835199738692702,-1.3169512509576735,-1.3169512509576735,-0.0032154340836012697,-0.014450867052023121,-0.018139936654189334,-0.02515723270440239,-0.03130503948639273,-0.03289846851956882
2024-05-30,67.6,68.4,67.6,67.7,67.7,6505,-1.3591816164353463,-1.3427008820702644,-1.3156363946342693,-1.348626356709829,-1.348626356709829,-0.007913247362250762,-0.01784418975772508,-0.02336987882285041,-0.029599369311259196,-0.03555758162858276,-0.03880738286796026
2024-05-31,68.2,68.3,67.4,67.4,67.4,6505,-1.321023075690704,-1.3489759061730482,-1.3284829629402681,-1.3676314201611224,-1.3676314201611224,-0.009697325888921282,-0.018637157833430416,-0.0249783007040217,-0.030913012221423314,-0.0373078900759869,-0.04175157575470338
2024-06-03,67.6,67.6,66.7,67.2,67.2,6505,-1.3591816164353463,-1.392901074892532,-1.373445952011267,-1.3803014624619847,-1.3803014624619847,-0.010891963497203547,-0.01725650775080422,-0.025333591181589676,-0.030792529025744645,-0.03796598522590621,-0.0436432637571157
2024-06-04,66.7,66.9,66.4,66.5,66.5,6505,-1.416419427552308,-1.4368262436120147,-1.3927158044702663,-1.4246466105150026,-1.4246466105150026,-0.01335311572700305,-0.023207990599294924,-0.032492725509214365,-0.037417673880003006,-0.04465004022526152,-0.05081358835284045
2024-06-05,66.4,66.5,65.4,66.5,66.5,6505,-1.435498697924629,-1.4619263400231486,-1.4569486460002645,-1.4246466105150026,-1.4246466105150026,-0.008350730688935316,-0.0183052849129022,-0.029008079431519486,-0.034272436828347366,-0.04151052176419711,-0.04791447933568766
2024-06-06,65.7,66.5,65.7,65.8,65.8,6505,-1.4800169954600444,-1.4619263400231486,-1.4376787935412652,-1.4689917585680206,-1.4689917585680206,-0.013197360527894355,-0.02460717462199838,-0.03490759753593443,-0.041654529565977275,-0.04841788627292184,-0.05473351529952577
2024-06-07,65.7,66.3,65.0,65.8,65.8,6505,-1.4800169954600444,-1.4744763882287155,-1.482641782612264,-1.4689917585680206,-1.4689917585680206,-0.008438818565400878,-0.020979020979021136,-0.031022972707637972,-0.03850368963249806,-0.04515904341769206,-0.05191873589164793
2024-06-11,65.8,66.6,65.3,66.1,66.1,6505,-1.473657238669271,-1.4556513159203655,-1.4633719301532648,-1.4499866951167275,-1.4499866951167275,-0.0006047777441791088,-0.014021479713603787,-0.022671266633809938,-0.0314308740567074,-0.03778968207755915,-0.045257583052479636
2024-06-12,66.2,66.6,65.7,66.1,66.1,6505,-1.4482182115061764,-1.4556513159203655,-1.4376787935412652,-1.4499866951167275,-1.4499866951167275,0.0006055101422949782,-0.00944103102053064,-0.019384828404707823,-0.028869463013296164,-0.0347546728971964,-0.042260323593335015
2024-06-13,66.5,66.5,65.6,65.9,65.9,6505,-1.4291389411338555,-1.4619263400231486,-1.4441020776942655,-1.462656737417589,-1.462656737417589,-0.0006066120715801038,-0.009022556390977357,-0.01846887101578783,-0.028739867354458198,-0.034799929697111584,-0.04224396860769285
2024-06-14,65.9,66.1,65.3,65.9,65.9,6505,-1.467297481878497,-1.4870264364342822,-1.4633719301532648,-1.462656737417589,-1.462656737417589,-0.0009096422073982424,-0.006332931242460608,-0.01583034647550759,-0.02550831792975962,-0.03258954785672341,-0.039591935875637425
2024-06-17,65.6,66.1,65.3,65.3,65.3,6505,-1.4863767522508184,-1.4870264364342822,-1.4633719301532648,-1.5006668643201762,-1.5006668643201762,-0.008502884907379323,-0.012252306761457998,-0.02186938286399053,-0.031085392091401425,-0.0385747938751473,-0.045368159446420815
2024-06-18,65.5,65.8,65.1,65.2,65.2,6505,-1.4927365090415918,-1.5058515087426323,-1.4762184984592646,-1.5070018854706069,-1.5070018854706069,-0.007308160779536995,-0.010772265210134939,-0.020824989987985425,-0.02896716062253343,-0.037382625642237,-0.043894808876722924
2024-06-19,65.4,65.6,64.7,65.5,65.5,6505,-1.499096265832365,-1.5184015569481992,-1.5019116350712634,-1.4879968220193138,-1.4879968220193138,-0.0009151921903600102,-0.004710530314541897,-0.012662044015676867,-0.02158488311300332,-0.0305488129773251,-0.03667026179037149
2024-06-20,65.7,66.7,65.5,66.6,66.6,6505,-1.4800169954600444,-1.4493762918175817,-1.4505253618472649,-1.418311589364572,-1.418311589364572,0.01369863013698617,0.011850501367365342,0.005535983895319477,-0.0026954177897575145,-0.01216256303767439,-0.018374766630637758
2024-06-21,66.7,67.3,66.2,66.2,66.2,6505,-1.416419427552308,-1.4117261472008817,-1.405562372776266,-1.443651673966296,-1.443651673966296,0.006690997566909941,0.005162465836623408,0.0010080645161289748,-0.006900690069006807,-0.015642657467435803,-0.022541588739048973
2024-06-24,66.2,66.4,65.3,65.8,65.8,6505,-1.4482182115061764,-1.4682013641259315,-1.4633719301532648,-1.4689917585680206,-1.4689917585680206,-0.0009110233829335298,-0.0009110233829335298,-0.0034329563812602027,-0.011046817464492365,-0.01919866444073451,-0.02629112612834811
2024-06-25,66.5,66.5,65.2,65.5,65.5,6505,-1.4291389411338555,-1.4619263400231486,-1.4697952143062643,-1.4879968220193138,-1.4879968220193138,-0.006371359223300997,-0.0045592705167172825,-0.006270860726206247,-0.013851249623607162,-0.020926756352765405,-0.028622274951801762
2024-06-26,65.3,65.3,64.5,64.6,64.6,6505,-1.505456022623139,-1.537226629256549,-1.514758203377263,-1.545012012373194,-1.545012012373194,-0.017341040462427754,-0.015993907083016165,-0.01803810295905981,-0.02402175555219827,-0.03154233629167686,-0.03954802259887021
2024-06-27,64.0,64.5,63.5,64.5,64.5,6505,-1.588132860903196,-1.5874268220788157,-1.5789910449072613,-1.551347033523625,-1.551347033523625,-0.0125535823637476,-0.015417493512440926,-0.01756701868399679,-0.022801302931596233,-0.029900132354710618,-0.038318175041002045
2024-06-28,64.8,65.7,64.5,64.8,64.8,6505,-1.5372548065770073,-1.5121265328454152,-1.514758203377263,-1.5323419700723317,-1.5323419700723317,-0.0036900369003689255,-0.009174311926605633,-0.01199430778613532,-0.016094746431825117,-0.02315484804630972,-0.03114876650884639
2024-07-01,65.2,65.2,64.6,65.0,65.0,6505,-1.5118157794139124,-1.543501653359332,-1.5083349192242637,-1.5196719277714694,-1.5196719277714694,0.0018495684340321295,-0.005660088725715229,-0.008138351983723268,-0.011256464861575829,-0.018186212313455283,-0.02577937649880094
2024-07-02,64.7,64.8,63.8,63.8,63.8,6505,-1.5436145633677805,-1.5686017497704658,-1.559721192448262,-1.595692181576643,-1.595692181576643,-0.011465757669662147,-0.021922428330522655,-0.024166411746711507,-0.026994052157999028,-0.03397734843437708,-0.040697674418604814
2024-07-03,63.9,65.1,63.6,65.0,65.0,6505,-1.5944926176939695,-1.549776677462116,-1.5725677607542614,-1.5196719277714694,-1.5196719277714694,0.005880532342927815,-0.0027615833077630045,-0.00469579420171485,-0.007557828841896181,-0.013297710850689032,-0.02044506957351689
2024-07-04,65.0,66.2,65.0,66.0,66.0,6505,-1.5245352929954599,-1.4807514123314984,-1.482641782612264,-1.4563217162671582,-1.4563217162671582,0.016635859519408477,0.013513513513513663,0.010513422476268257,0.008095310829387524,0.003222472183376958,-0.003422589087980564
2024-07-05,66.1,66.1,65.2,65.4,65.4,6505,-1.4545779682969504,-1.4870264364342822,-1.4697952143062643,-1.4943318431697445,-1.4943318431697445,0.005535055350553716,0.0055350553505534965,0.0018382352941177166,-0.0007639419404124852,-0.004505601558694476,-0.010889292196007242
2024-07-08,65.5,66.0,65.1,65.7,65.7,6505,-1.4927365090415918,-1.4933014605370654,-1.4762184984592646,-1.4753267797184515,-1.4753267797184515,0.007977907333538052,0.010302937105951126,0.0060228664761126606,0.0038964015585605536,0.0010970927043335577,-0.0050479555779908425
2024-07-09,64.4,64.4,63.7,63.8,63.8,6505,-1.562693833740101,-1.5937018461815988,-1.5661444766012613,-1.595692181576643,-1.595692181576643,-0.0211721386928505,-0.016342892383595473,-0.02167245961970979,-0.023419562222562605,-0.02583521651499431,-0.03186646433990908
2024-07-10,63.6,64.0,63.6,63.7,63.7,6505,-1.6135718880662904,-1.6188019425927325,-1.5725677607542614,-1.6020272027270737,-1.6020272027270737,-0.018792359827479958,-0.01651999382430127,-0.02140516181892663,-0.023155957675203266,-0.02569593147751595,-0.030687293938625397
2024-07-11,63.8,64.0,63.5,63.7,63.7,6505,-1.6008523744847434,-1.6188019425927325,-1.5789910449072613,-1.6020272027270737,-1.6020272027270737,-0.011790257524045998,-0.015303756376565078,-0.01848998459167955,-0.02150537634408589,-0.024024024024023777,-0.028469750889679617
2024-07-12,63.7,65.0,63.5,64.0,64.0,6505,-1.6072121312755165,-1.556051701564899,-1.5789910449072613,-1.5830221392757804,-1.5830221392757804,-0.002804612028669473,-0.009441262962389714,-0.011633892721095393,-0.015460349203907323,-0.018344683722927756,-0.02205470381500527
2024-07-15,64.8,64.8,63.6,64.0,64.0,6505,-1.5372548065770073,-1.5686017497704658,-1.5725677607542614,-1.5830221392757804,-1.5830221392757804,0.002506265664160459,-0.007905751046349482,-0.009798865394533366,-0.014474899907606987,-0.017259382101836425,-0.020358181539874457
2024-07-16,64.0,64.0,63.7,64.0,64.0,6505,-1.588132860903196,-1.6188019425927325,-1.5661444766012613,-1.5830221392757804,-1.5830221392757804,0.0018785222291797833,-0.008213234154656766,-0.008264462809917326,-0.013563501849568366,-0.01599015990159911,-0.018756068891500933
2024-07-17,64.0,65.3,63.9,64.9,64.9,6505,-1.588132860903196,-1.537226629256549,-1.553297908295262,-1.5260069489219001,-1.5260069489219001,0.012164691203992531,0.005889646621202656,0.005370236496953603,0.0007710100231304761,-0.0014155588380108128,-0.004143010587693663
2024-07-18,65.4,66.4,65.3,66.3,66.3,6505,-1.499096265832365,-1.4682013641259315,-1.4633719301532648,-1.4373166528158652,-1.4373166528158652,0.02568069306930665,0.027110766847405113,0.02515204618080608,0.022595820158864643,0.019874476987447726,0.017443347485804957
2024-07-19,65.6,66.0,64.3,65.1,65.1,6505,-1.4863767522508184,-1.4933014605370654,-1.5276047716832628,-1.5133369066210387,-1.5133369066210387,0.0037002775208139823,0.008989460632362032,0.006286067600989278,0.004939796233405266,0.0019083969465648121,-0.0006140620202641426
2024-07-22,65.1,65.9,64.2,65.9,65.9,6505,-1.5181755362046865,-1.4995764846398483,-1.5340280558362624,-1.462656737417589,-1.462656737417589,0.010116492949110921,0.021072203284784617,0.017708226088747177,0.017210774098942797,0.013846153846153933,0.011615412168039832
2024-07-23,65.9,66.2,65.1,65.1,65.1,6505,-1.467297481878497,-1.4807514123314984,-1.4762184984592646,-1.5133369066210387,-1.5133369066210387,-0.005499541704858136,0.0066491417968147035,0.004009870450339156,0.005172546900331652,0.0016000984675977748,-0.00015358623867309349
2024-07-26,65.2,65.3,64.2,64.9,64.9,6505,-1.5118157794139124,-1.537226629256549,-1.5340280558362624,-1.5260069489219001,-1.5260069489219001,-0.00855484265200104,0.0016977928692699402,0.0010282776349616004,0.0018524235875270847,-0.00110816967308977,-0.002612571077301176
2024-07-29,65.2,65.3,64.7,64.9,64.9,6505,-1.5118157794139124,-1.537226629256549,-1.5019116350712634,-1.5260069489219001,-1.5260069489219001,-0.004295796256520422,-0.00015405946695410422,0.002161828289067334,0.0015432098765433416,-6.162948354500321e-05,-0.0021013787094460086
2024-07-30,65.2,65.2,63.5,64.0,64.0,6505,-1.5118157794139124,-1.543501653359332,-1.5789910449072613,-1.5830221392757804,-1.5830221392757804,-0.01477832512315283,-0.014019411492836182,-0.010309278350515537,-0.011735639283508417,-0.012589484078005468,-0.014980504822491214
2024-07-31,63.9,64.6,63.8,64.4,64.4,6505,-1.5944926176939695,-1.5811517979760328,-1.559721192448262,-1.5576820546740557,-1.5576820546740557,-0.004021033096195344,-0.008468052347959925,-0.0027872406317744286,-0.00509809979916552,-0.005558987029030256,-0.008366268028537748
2024-08-01,64.7,65.5,64.4,65.5,65.5,6505,-1.5436145633677805,-1.5246765810509821,-1.5211814875302625,-1.4879968220193138,-1.4879968220193138,0.011739264751312801,0.006144393241167522,0.012469084913437841,0.010568541232739148,0.011426806670784355,0.008416298881248079
2024-08-02,65.3,65.3,64.1,65.2,65.2,6505,-1.505456022623139,-1.537226629256549,-1.5404513399892628,-1.5070018854706069,-1.5070018854706069,0.0061728395061727065,0.0010747735298632453,0.006276365881263499,0.005784805244890089,0.006421338602124152,0.003952163424524069
2024-08-05,63.5,63.7,61.1,62.2,62.2,6505,-1.619931644857064,-1.6376270149010825,-1.7331498645792567,-1.6970525199835402,-1.6970525199835402,-0.03205726735138503,-0.038936959208899814,-0.03854080791426204,-0.03767308733658238,-0.03852099177641734,-0.040074077884664806
2024-08-06,64.7,65.0,62.5,65.0,65.0,6505,-1.5436145633677805,-1.556051701564899,-1.6432238864372593,-1.5196719277714694,-1.5196719277714694,0.008377288240769346,0.0044815329933548444,0.0037059913526867644,0.005958368799814364,0.004636785162287436,0.0037576568693054794
2024-08-07,63.5,64.8,63.5,64.0,64.0,6505,-1.619931644857064,-1.5686017497704658,-1.5789910449072613,-1.5830221392757804,-1.5830221392757804,-0.0059024541783161775,-0.008059516429014417,-0.011735639283508417,-0.008213234154656766,-0.0102072378595731,-0.010768200319439526
2024-08-08,63.0,63.6,62.6,62.6,62.6,6505,-1.651730428810932,-1.643902039003866,-1.6368006022842594,-1.671712435381816,-1.671712435381816,-0.01880877742946702,-0.025984129453866633,-0.031958762886597984,-0.029005739103458935,-0.031139726366619318,-0.03095975232198153
2024-08-09,62.6,64.6,62.6,63.6,63.6,6505,-1.6771694559740264,-1.5811517979760328,-1.6368006022842594,-1.6083622238775048,-1.6083622238775048,0.0018903591682420378,-0.008419083255378846,-0.015174976772994687,-0.013418133871092872,-0.014808848131854452,-0.014971605575632341
2024-08-12,63.8,64.1,63.0,63.1,63.1,6505,-1.6008523744847434,-1.6125269184899496,-1.6111074656722604,-1.6400373296296604,-1.6400373296296604,-0.008796732642161518,-0.01344590368980612,-0.019678922837907915,-0.02071855358112828,-0.020794537554314034,-0.022008679479231165
2024-08-13,63.0,63.0,61.0,61.2,61.2,6505,-1.651730428810932,-1.681552183620566,-1.7395731487322565,-1.7604027314878514,-1.7604027314878514,-0.02702702702702696,-0.038944723618090295,-0.04534109816971713,-0.04813749125126369,-0.04779686333084374,-0.04968944099378886
2024-08-14,61.2,62.2,61.1,61.9,61.9,6505,-1.766206051044857,-1.7317523764428329,-1.7331498645792567,-1.716057583434834,-1.716057583434834,-0.009282970550576157,-0.02412107835409103,-0.030388471177945044,-0.03567533883782541,-0.03462258265751725,-0.03727513090362385
2024-08-15,62.1,62.1,60.9,61.2,61.2,6505,-1.7089682399278945,-1.7380274005456162,-1.7459964328852564,-1.7604027314878514,-1.7604027314878514,-0.01607717041800643,-0.028571428571428525,-0.03743315508021394,-0.044496487119438065,-0.04398900274931271,-0.0468774334215855
2024-08-16,61.0,61.1,60.5,60.6,60.6,6505,-1.7789255646264044,-1.8007776415734498,-1.7716895694972556,-1.7984128583904382,-1.7984128583904382,-0.016233766233766232,-0.031020147105852217,-0.04255319148936162,-0.050677528001879836,-0.05152444750516488,-0.05406108538425513
2024-08-19,60.5,60.6,60.0,60.0,60.0,6505,-1.8107243485802724,-1.8321527620873665,-1.8038059902622547,-1.836422985293025,-1.836422985293025,-0.0160708428993112,-0.037227214377407045,-0.04711487559555323,-0.055415617128463525,-0.058734939759036243,-0.060493762722480346
2024-08-20,60.3,60.5,58.4,58.7,58.7,6505,-1.8234438621618199,-1.8384277861901501,-1.9065785367102517,-1.9187782602486292,-1.9187782602486292,-0.029431216931216947,-0.0484681471875508,-0.06250000000000001,-0.07120253164556961,-0.07605616067493558,-0.07762413576367061
2024-08-21,58.7,59.0,58.2,58.7,58.7,6505,-1.9251999708141974,-1.9325531477319005,-1.9194251050162512,-1.9187782602486292,-1.9187782602486292,-0.019050802139037325,-0.04022236756049707,-0.05677557579003746,-0.06588160407383843,-0.07296272899557808,-0.07422983913363469
2024-08-22,58.8,58.9,57.6,57.8,57.8,6505,-1.918840214023424,-1.938828171834684,-1.9579648099342501,-1.9757934506025097,-1.9757934506025097,-0.022988505747126547,-0.0474620962425842,-0.06351263771872988,-0.07482993197278918,-0.08358701166920364,-0.08553950005273715
2024-08-23,57.8,58.0,56.5,57.0,57.0,6505,-1.9824377819311603,-1.995303388759734,-2.028620935617248,-2.0264736198059583,-2.0264736198059583,-0.024640657084188874,-0.05031656114628462,-0.0682214472537053,-0.08182989690721658,-0.09172031359551279,-0.09499867689865045
2024-08-26,57.3,59.0,57.2,57.9,57.9,6505,-2.014236565885028,-1.9325531477319005,-1.9836579465462492,-1.9694584294520785,-1.9694584294520785,-0.002068252326783946,-0.02689075630252103,-0.049052885141793574,-0.06204438684594198,-0.07241268824094846,-0.07787864309603441
2024-08-27,58.4,58.6,57.2,58.4,58.4,6505,-1.9442792411865184,-1.9576532441430339,-1.9836579465462492,-1.937783323699923,-1.937783323699923,0.00759144237405103,-0.013846673421141629,-0.03385904929965822,-0.04963384865744514,-0.06036812974642815,-0.06714232468984623
2024-08-28,57.8,58.1,56.7,57.0,57.0,6505,-1.9824377819311603,-1.9890283646569507,-2.0157743673112485,-2.0264736198059583,-2.0264736198059583,-0.010760152724748185,-0.029456836369827974,-0.049683227742580924,-0.06679764243614929,-0.07761020130752809,-0.08609908609908616
2024-08-29,56.7,56.7,56.0,56.1,56.1,6505,-2.0523951066296697,-2.0768787020959176,-2.0607373563822473,-2.0834888101598383,-2.0834888101598383,-0.02060055865921775,-0.036413603572655516,-0.057881773399014756,-0.0744101633393828,-0.08685461293052921,-0.09671532846715329
2024-08-30,56.4,57.4,56.1,56.1,56.1,6505,-2.0714743770019908,-2.032953533376434,-2.0543140722292472,-2.0834888101598383,-2.0834888101598383,-0.017513134851138354,-0.028907737580058882,-0.04990403071017272,-0.06740919291829452,-0.08159256106345363,-0.09242881794650568
2024-09-02,56.4,56.6,55.1,55.1,55.1,6505,-2.0714743770019908,-2.083153726198701,-2.1185469137592454,-2.1468390216641495,-2.1468390216641495,-0.02546869472939508,-0.03805865921787697,-0.058334282784550426,-0.07859531772575244,-0.09213734923877939,-0.10319010416666671
2024-09-03,55.2,55.4,54.4,54.8,54.8,6505,-2.1477914584912736,-2.1584540154321017,-2.1635099028302442,-2.165844085115443,-2.165844085115443,-0.018273020422787712,-0.03673756371945867,-0.05658211867324703,-0.07572946533985499,-0.09157217691134542,-0.10306072344372307
2024-09-04,52.7,53.6,51.5,51.6,51.6,6505,-2.306785378260614,-2.2714044492822016,-2.3497851432672388,-2.3685647619292385,-2.3685647619292385,-0.05736207526488845,-0.08152367390530446,-0.10104529616724744,-0.12050451678881882,-0.13729686350565098,-0.14879577697129664
2024-09-05,51.7,52.4,50.1,50.3,50.3,6505,-2.37038294616835,-2.3467047385156024,-2.439711121409236,-2.450920036884843,-2.450920036884843,-0.06121687196715195,-0.09254916110409518,-0.11245735795788733,-0.13358022564809227,-0.15039524356462416,-0.1634327530768378
2024-09-06,50.0,51.4,49.5,50.9,50.9,6505,-2.478498811611502,-2.409454979543436,-2.478250826327235,-2.412909909982256,-2.412909909982256,-0.03121431290445376,-0.07150674936154704,-0.09150404569252735,-0.11354928596307912,-0.13187337972438268,-0.1468320482735502
2024-09-09,49.5,49.7,48.35,48.5,48.5,6505,-2.51029759556537,-2.516130389290753,-2.552118594086733,-2.564950417592603,-2.564950417592603,-0.05310425614994128,-0.09985152190051984,-0.1223307998552298,-0.14446992414888005,-0.16500241030232082,-0.17954212247659868
2024-09-10,48.5,48.75,47.4,47.4,47.4,6505,-2.573895163473106,-2.575743118267195,-2.613139793540231,-2.634635650247345,-2.634635650247345,-0.04704463208685156,-0.1019325502084122,-0.13038160469667312,-0.1535714285714286,-0.17392819797838974,-0.19057377049180324
2024-09-11,47.5,48.7,47.25,47.45,47.45,6505,-2.6374927313808425,-2.5788806303185865,-2.6227747197697306,-2.6314681396721293,-2.6314681396721293,-0.029850746268656733,-0.0844187168355041,-0.11731878216655295,-0.1416037266518926,-0.16340491554709263,-0.18182601948443833
2024-09-12,48.4,49.15,47.75,48.7,48.7,6505,-2.58025492026388,-2.5506430218560614,-2.5906582990047315,-2.5522803752917405,-2.5522803752917405,0.00226384029635741,-0.046686894391699936,-0.08372530573847593,-0.10891542015461313,-0.13286563868808085,-0.15208496561330187
2024-09-13,49.1,51.5,48.85,50.7,50.7,6505,-2.5357366227284643,-2.4031799554406525,-2.5200021733217337,-2.425579952283118,-2.425579952283118,0.04428424304840368,0.003066574339697322,-0.0384980087236866,-0.06384157318930901,-0.08888329799087083,-0.10977144362178463
2024-09-16,50.7,52.0,50.3,51.2,51.2,6505,-2.4339805140760866,-2.3718048349267358,-2.4268645531032367,-2.3939048465309627,-2.3939048465309627,0.04298227744958254,0.020835410228292328,-0.020720433535224646,-0.04686554660957772,-0.07195939822367227,-0.09516656357691965
2024-09-18,51.8,52.3,51.2,51.5,51.5,6505,-2.364023189377577,-2.3529797626183857,-2.369054995726238,-2.3748997830796696,-2.3748997830796696,0.03185734321779195,0.03361766181635719,-0.0062391458159131215,-0.034812350653609984,-0.05991018947829573,-0.0825688073394495
2024-09-19,51.2,51.9,50.8,51.4,51.4,6505,-2.4021817301222184,-2.378079859029519,-2.3947481323382376,-2.381234804230101,-2.381234804230101,0.013806706114398336,0.03202489709868485,-0.0009718172983479934,-0.03005142237109014,-0.054486589897354706,-0.07744772502916637
2024-09-20,51.6,52.3,51.0,51.5,51.5,6505,-2.376742702959124,-2.3529797626183857,-2.381901564032238,-2.3748997830796696,-2.3748997830796696,0.004682013265704153,0.03154732098147227,0.0069738643029395,-0.022352997010108584,-0.045836884425834605,-0.06947330382148341
2024-09-23,52.1,52.1,51.3,51.5,51.5,6505,-2.344943919005256,-2.3655298108239524,-2.3626317115732385,-2.3748997830796696,-2.3748997830796696,0.001555814858031861,0.030309092727818357,0.013048324700019685,-0.017222460760459832,-0.03935832867002424,-0.06264219626876996
2024-09-24,51.2,51.2,50.3,50.7,50.7,6505,-2.4021817301222184,-2.422005027749002,-2.4268645531032367,-2.425579952283118,-2.425579952283118,-0.01208106001558855,0.009859575739468272,0.003099650464947562,-0.02579622423980389,-0.047672714978023153,-0.07020814866888772
2024-09-25,51.1,51.7,50.8,51.2,51.2,6505,-2.408541486912992,-2.3906299072350854,-2.3947481323382376,-2.3939048465309627,-2.3939048465309627,-0.0011705033164261074,0.012157754274982741,0.017825193824133764,-0.009335848691530048,-0.032830858740413305,-0.055263400682719885
2024-09-26,51.8,51.8,50.6,50.7,50.7,6505,-2.364023189377577,-2.3843548831323025,-2.407594700644237,-2.425579952283118,-2.425579952283118,-0.008215962441314586,-0.004124926340601077,0.009089099714721766,-0.012994597751496372,-0.03645140446235114,-0.058000185798779844
2024-09-27,51.5,53.2,51.0,53.0,53.0,6505,-2.3831024597498978,-2.296504545693335,-2.381901564032238,-2.279874465823203,-2.279874465823203,0.030727343446129877,0.032333463186599215,0.051100680901698975,0.03490358799121311,0.010948765879525526,-0.010239970120451773
2024-09-30,52.7,53.2,52.1,52.7,52.7,6505,-2.306785378260614,-2.296504545693335,-2.3112454383492396,-2.298879529274496,-2.298879529274496,0.02013162988772743,0.022506790842064348,0.04266965640044845,0.03247293921731902,0.0085352317525932,-0.010978699446373159
2024-10-01,52.7,52.7,51.7,52.3,52.3,6505,-2.306785378260614,-2.327879666207252,-2.336938574961239,-2.324219613876221,-2.324219613876221,0.006156213928433882,0.012584704743465607,0.029595117789881165,0.027454447227542728,0.005189313857389891,-0.013734795863846343
2024-10-04,52.9,55.6,52.9,54.5,54.5,6505,-2.2940658646790673,-2.1459039672265345,-2.2598591651252415,-2.184849148566736,-2.184849148566736,0.03533434650455926,0.04908565928777665,0.06299980495416416,0.07098992876443129,0.0506226626055443,0.030473009170264492
2024-10-07,55.8,55.8,54.2,55.0,55.0,6505,-2.1096329177466324,-2.1333539190209683,-2.1763564711362435,-2.1531740428145807,-2.1531740428145807,0.028037383177570093,0.051424201873446714,0.06232294617563739,0.07721686334035162,0.06189906166737466,0.04235762342461872
2024-10-08,54.6,55.5,53.8,54.2,54.2,6505,-2.1859499992359157,-2.152178991329318,-2.2020496077482434,-2.2038542120180296,-2.2038542120180296,0.008559732043170705,0.030810193990110396,0.03950901419255868,0.05750938978586421,0.04799102826868787,0.029537467945673985
2024-10-09,54.0,54.0,52.1,52.3,52.3,6505,-2.2241085399805574,-2.2463043528710687,-2.3112454383492396,-2.324219613876221,-2.324219613876221,-0.02534476332463672,-0.006836308393467651,0.0010207987750413575,0.019046227288226254,0.014234185315905866,-0.0035880989426221557
2024-10-11,53.1,53.5,51.8,52.0,52.0,6505,-2.2813463510975196,-2.2776794733849854,-2.3305152908082394,-2.343224677327514,-2.343224677327514,-0.029850746268656744,-0.014964955483993165,-0.005736137667303961,0.009757755230836404,0.01084716768399362,-0.005577689243027844
2024-10-14,51.5,51.5,50.3,51.0,51.0,6505,-2.3831024597498978,-2.4031799554406525,-2.4268645531032367,-2.406574888831825,-2.406574888831825,-0.03591682419659733,-0.03354178510517332,-0.024234693877551002,-0.013110154322480673,-0.005654123610840303,-0.020078777980593616
2024-10-15,51.0,51.0,49.45,49.5,49.5,6505,-2.4149012437037656,-2.4345550759545693,-2.4814624684037345,-2.501600206088292,-2.501600206088292,-0.04440154440154435,-0.059829059829059804,-0.050632911392405076,-0.04403244495944369,-0.03331640823341007,-0.04430929626411806
2024-10-16,48.85,49.2,48.6,48.75,48.75,6505,-2.5516360147053985,-2.5475055098046697,-2.5360603837042333,-2.549112864716525,-2.549112864716525,-0.03865115361861567,-0.06653901388224033,-0.061718098415346194,-0.058562255588277747,-0.046809009854528356,-0.054316197866149316
2024-10-17,49.0,50.1,48.85,49.65,49.65,6505,-2.542096379519238,-2.4910302928796195,-2.5200021733217337,-2.492097674362645,-2.492097674362645,-0.01056197688322029,-0.04372110939907556,-0.04212218649517692,-0.040208776338681716,-0.028261635417074327,-0.03282360962306423
2024-10-18,49.65,50.8,49.6,50.4,50.4,6505,-2.5007579603792096,-2.447105124160136,-2.471827542174235,-2.444585015734412,-2.444585015734412,0.010830324909747275,-0.02571041948579158,-0.027277406073082742,-0.02495647127103887,-0.015047879616963125,-0.01520825870322733
2024-10-21,51.0,51.0,49.3,49.3,49.3,6505,-2.4149012437037656,-2.4345550759545693,-2.491097394633235,-2.5142702483891544,-2.5142702483891544,-0.00444264943457201,-0.03729740285100573,-0.04617567393267143,-0.04420317952694845,-0.03797369550794218,-0.03323855279929419
2024-10-22,49.35,49.4,48.7,48.95,48.95,6505,-2.51983723075153,-2.534955461599103,-2.529637099551233,-2.5364428224156628,-2.5364428224156628,-0.00930985630439184,-0.03270427823337603,-0.05080473143300363,-0.04872953408152359,-0.04592055510076797,-0.038436354112100515
2024-10-23,49.0,49.25,48.6,48.6,48.6,6505,-2.542096379519238,-2.544367997753278,-2.5360603837042333,-2.5586153964421716,-2.5586153964421716,-0.015795868772782527,-0.02887401338795085,-0.05220048105051022,-0.052862362971985356,-0.05266851194885186,-0.04424778761061947
2024-10-24,48.6,49.5,48.25,49.0,49.0,6505,-2.5675354066823326,-2.5286804374963197,-2.5585418782397324,-2.5332753118404474,-2.5332753118404474,-0.005076142131979695,-0.014381977270441444,-0.039780521262002766,-0.042735042735042736,-0.04360385681383446,-0.03517983722761871
2024-10-25,49.4,49.4,48.3,48.65,48.65,6505,-2.5166573523561437,-2.534955461599103,-2.555330236163233,-2.5554478858669563,-2.5554478858669563,-0.005112474437627812,-0.01478331308221946,-0.04207140981885003,-0.04766565528041491,-0.04854103105687253,-0.042165709598031155
2024-10-28,48.65,49.35,48.3,49.15,49.15,6505,-2.5643555282869457,-2.5380929736504947,-2.555330236163233,-2.523772780114801,-2.523772780114801,0.005729486392469841,-0.0009147271064132881,-0.02538171723180635,-0.03594370617368711,-0.03699204514283485,-0.033431661750245874
2024-10-29,48.95,49.0,47.65,47.75,47.75,6505,-2.5452762579146246,-2.5600555580102364,-2.5970815831577316,-2.6124630762208363,-2.6124630762208363,-0.018095825622044058,-0.02590779273765802,-0.04398024559530163,-0.06068653486770914,-0.06173858366737397,-0.06114825009830907
2024-10-30,48.2,48.6,47.85,48.1,48.1,6505,-2.592974433845427,-2.58515565442137,-2.584235014851732,-2.5902905021943274,-2.5902905021943274,-0.00886049866062229,-0.01746501889490342,-0.029067420266451306,-0.049219213283257464,-0.0523287887146347,-0.05389457120377659
2024-11-01,48.5,48.5,47.3,48.15,48.15,6505,-2.573895163473106,-2.591430678524153,-2.6195630776932313,-2.587122991619112,-2.587122991619112,-0.004342431761786618,-0.013420756070074811,-0.02259963461668577,-0.0439314966492926,-0.04883252340879462,-0.051324992611565305
2024-11-04,48.2,48.6,47.95,48.5,48.5,6505,-2.592974433845427,-2.58515565442137,-2.577811730698732,-2.564950417592603,-2.564950417592603,0.003517483964411374,-0.0023655250437106838,-0.010809708341831412,-0.03333499426976928,-0.0402501286262714,-0.04273166880489488
2024-11-05,48.55,48.7,48.1,48.3,48.3,6505,-2.5707152850777195,-2.5788806303185865,-2.5681768044692324,-2.5776204598934656,-2.5776204598934656,0.0029069767441860586,-0.004431619086880416,-0.01125895598771759,-0.031336174479819505,-0.04200880637867419,-0.044667875391462004
2024-11-06,48.0,48.15,47.45,47.55,47.55,6505,-2.6056939474269742,-2.613393262883895,-2.609928151463731,-2.6251331185216986,-2.6251331185216986,-0.011845386533665842,-0.01705426356589153,-0.02401477832512319,-0.039199838351182015,-0.054521593891672854,-0.05710886377156459
2024-11-07,47.3,48.85,47.25,48.4,48.4,6505,-2.6502122449623897,-2.5694680941644115,-2.6227747197697306,-2.571285438743034,-2.571285438743034,0.004566210045662225,0.0009306173094818446,-0.006092134985283049,-0.01626016260162596,-0.034086373433384,-0.038283216320042446
2024-11-08,48.35,48.4,46.0,46.05,46.05,6505,-2.5834347986592663,-2.5977057026269366,-2.7030657716822284,-2.720158435778165,-2.720158435778165,-0.03580402010050253,-0.0418227215980026,-0.04966636857673536,-0.058041421631296455,-0.07608041410858316,-0.08166317678731677
2024-11-11,46.1,46.15,45.3,45.6,45.6,6505,-2.726529326451673,-2.738893744939562,-2.748028760753227,-2.748666030955105,-2.748666030955105,-0.033488766426451703,-0.04512616479949746,-0.05269718163562084,-0.061100530189941854,-0.08016298866341234,-0.08754377188594296
2024-11-12,45.1,45.3,44.7,44.8,44.8,6505,-2.790126894359409,-2.792231449813221,-2.786568465671226,-2.799346200158554,-2.799346200158554,-0.036144578313253156,-0.05325443786982255,-0.06347989687129821,-0.0716468942651402,-0.0891717155288092,-0.09970861104598586
2024-11-13,44.45,44.7,43.9,44.1,44.1,6505,-2.831465313499437,-2.8298815944299207,-2.8379547388952244,-2.8436913482115718,-2.8436913482115718,-0.03690762175147407,-0.060802896390160725,-0.07183948365371125,-0.08101067986454798,-0.09538461538461536,-0.10984020185029429
2024-11-14,44.1,44.45,43.2,43.45,43.45,6505,-2.853724462267145,-2.845569154686879,-2.882917727966223,-2.884868985689374,-2.884868985689374,-0.030133928571428447,-0.06539040653904049,-0.07886368454526166,-0.0895280004190894,-0.10078642384105956,-0.11728854879122368
2024-11-15,43.3,44.65,43.05,43.3,43.3,6505,-2.9046025165933345,-2.833019106481313,-2.892552654195723,-2.894371517415021,-2.894371517415021,-0.02146892655367238,-0.05879795674383216,-0.07458858730497973,-0.08659424111380665,-0.09716430358632201,-0.1147004702514823
2024-11-18,43.8,44.9,43.55,44.55,44.55,6505,-2.872803732639466,-2.8173315462243544,-2.860436233430724,-2.815183753034632,-2.815183753034632,0.011580381471389602,-0.023240517430388123,-0.04227875313507708,-0.05439108516847971,-0.06529310561873208,-0.0843068068925355
2024-11-19,45.0,45.0,43.7,44.5,44.5,6505,-2.7964866511501825,-2.8110565221215706,-2.850801307201224,-2.8183512636098476,-2.8183512636098476,0.011823556161891841,-0.01613973026752149,-0.036935507141826654,-0.05061603285508551,-0.06122104552550541,-0.07902452485254062
2024-11-20,44.45,44.45,43.7,44.1,44.1,6505,-2.831465313499437,-2.845569154686879,-2.850801307201224,-2.8436913482115718,-2.8436913482115718,0.0027285129604365035,-0.017489138910549262,-0.04053956051925455,-0.054256916148402334,-0.06540075446106908,-0.08038786362214584
2024-11-21,43.95,43.95,43.4,43.4,43.4,6505,-2.8632640974533055,-2.876944275200796,-2.8700711596602235,-2.88803649626459,-2.88803649626459,-0.012963384125539988,-0.022192182043483145,-0.04928806133625411,-0.06405003234850117,-0.07604530358511473,-0.08813951045277879
2024-11-22,43.75,44.2,43.25,43.55,43.55,6505,-2.8759836110348527,-2.8612567149438375,-2.8797060858897234,-2.8785339645389434,-2.8785339645389434,-0.010676965015901837,-0.01325478645066276,-0.03955009924281431,-0.055263300612831634,-0.0680106146207842,-0.07934606440701862
2024-11-25,44.15,44.4,43.8,43.95,43.95,6505,-2.8505445838717582,-2.848706666738271,-2.8443780230482245,-2.8531938799372183,-2.8531938799372183,0.0011389521640092087,-0.00045485558335219516,-0.02420071047957363,-0.04170073589533921,-0.054228534538411796,-0.06558945466142235
2024-11-26,44.0,45.05,43.3,43.6,43.6,6505,-2.860084219057919,-2.8079190100701794,-2.8764944438132236,-2.8753664539637276,-2.8753664539637276,-0.0027447392497713754,-0.005701254275940707,-0.025190043225517926,-0.0435450257760228,-0.05713420699796713,-0.06814376803334163
2024-11-27,43.45,43.5,42.2,42.3,42.3,6505,-2.8950628814071733,-2.9051818836633214,-2.947150569496221,-2.9577217289193323,-2.9577217289193323,-0.024446494464944703,-0.03137165101900628,-0.04679636445579512,-0.06648275862068972,-0.079954759004698,-0.09126714168069036
2024-11-28,42.5,42.6,41.5,41.95,41.95,6505,-2.955480570919523,-2.961657100588371,-2.99211355856722,-2.9798943029458407,-2.9798943029458407,-0.02600417924309258,-0.03607536764705867,-0.04543385922330103,-0.06788134651705365,-0.08225771166046812,-0.09437628179757498
2024-11-29,41.45,41.75,40.75,40.9,40.9,6505,-3.022258017222646,-3.01499480546203,-3.0402881897147185,-3.0464120250253677,-3.0464120250253677,-0.03855195110484252,-0.054990757855822456,-0.061998318171393625,-0.0838326706613653,-0.09884105230687885,-0.11144905496415386
2024-12-02,41.15,41.7,40.35,40.4,40.4,6505,-3.041337287594967,-3.0181323175134214,-3.065981326326718,-3.078087130777523,-3.078087130777523,-0.0341859909156108,-0.05750612387728924,-0.06603991677583407,-0.08674766883300365,-0.10333806818181816,-0.11590925669268365
2024-12-03,40.7,41.05,40.35,40.95,40.95,6505,-3.069956193153448,-3.0589199741815136,-3.065981326326718,-3.043244514450152,-3.043244514450152,-0.008474576271186304,-0.03669724770642207,-0.047674418604651096,-0.0665602917711419,-0.08446610624217489,-0.09838171076290764
2024-12-04,41.15,41.2,40.15,40.25,40.25,6505,-3.041337287594967,-3.049507438027338,-3.0788278946327177,-3.0875896625031696,-3.0875896625031696,-0.015651748593788227,-0.04451038575667656,-0.058332683459408854,-0.07481898632341116,-0.09403979472404798,-0.10809912471839563
2024-12-05,40.3,40.35,39.6,39.7,39.7,6505,-3.0953952203165427,-3.102845142900997,-3.1141559574742166,-3.1224322788305408,-3.1224322788305408,-0.018298714144411348,-0.049215662794874854,-0.0657358016943835,-0.07824471790109135,-0.09960990655901289,-0.1144652217554556
2024-12-06,39.7,40.15,39.4,39.7,39.7,6505,-3.133553761061184,-3.115395191106564,-3.1270025257802163,-3.1224322788305408,-3.1224322788305408,-0.01243781094527363,-0.04036741600193364,-0.06042915746292192,-0.0713993333723173,-0.09265438588471915,-0.10829932991427392
2024-12-09,40.15,40.2,39.05,39.1,39.1,6505,-3.104934855502703,-3.1122576790551717,-3.1494840203157155,-3.1604424057331273,-3.1604424057331273,-0.021031547320981555,-0.043659043659043745,-0.06660300787777511,-0.07842790642861337,-0.09862142099681863,-0.11545132342960557
2024-12-10,39.25,40.65,39.2,39.5,39.5,6505,-3.1621726666196657,-3.084020070592647,-3.1398490940862156,-3.135102321131403,-3.135102321131403,-0.003783102143757846,-0.02408894379246452,-0.04949065533007135,-0.06314853246368221,-0.08195044856598344,-0.09985187435907177
2024-12-11,40.15,40.15,39.05,39.1,39.1,6505,-3.104934855502703,-3.115395191106564,-3.1494840203157155,-3.1604424057331273,-3.1604424057331273,-0.00811770674784374,-0.02627319138338936,-0.051508045605239784,-0.06710408589322994,-0.0840517241379309,-0.10307386450527602
2024-12-12,39.25,39.35,37.95,38.0,38.0,6505,-3.1621726666196657,-3.1655953839288307,-3.2201401459987133,-3.2301276383878696,-3.2301276383878696,-0.027635619242579283,-0.04426559356136833,-0.07007096826821119,-0.08741594620557158,-0.1010598031794095,-0.12152269399707162
2024-12-13,37.75,37.75,37.2,37.3,37.3,6505,-3.2575690184812696,-3.2659957695733643,-3.268314777146212,-3.274472786440888,-3.274472786440888,-0.033678756476684044,-0.05329949238578684,-0.07779792319103367,-0.0977261731978713,-0.11025237345546492,-0.1304347826086958
2024-12-16,37.05,37.8,36.65,36.85,36.85,6505,-3.302087316016685,-3.2628582575219727,-3.303642839987711,-3.3029803816178274,-3.3029803816178274,-0.0340760157273918,-0.05621718529901396,-0.07813542361574387,-0.10023196190941269,-0.11358606754546316,-0.1330771643663739
2024-12-17,36.9,37.4,36.2,36.2,36.2,6505,-3.3116269512028453,-3.287958353933106,-3.3325476186762097,-3.3441580190956297,-3.3441580190956297,-0.03440917578020785,-0.06144672024889804,-0.08308004052684906,-0.10705476073014314,-0.12195595226545063,-0.1402105929855119
2024-12-18,36.15,37.05,35.9,36.5,36.5,6505,-3.3593251271336477,-3.3099209382928483,-3.3518174711352096,-3.3251529556443367,-3.3251529556443367,-0.012713010549094019,-0.04437753632674434,-0.06633697135061409,-0.09113545816733076,-0.10810282474831394,-0.12543428776806037
2024-12-19,35.9,36.85,35.9,36.7,36.7,6505,-3.375224519110582,-3.3224709864984145,-3.3518174711352096,-3.312482913343474,-3.312482913343474,-0.00027240533914459303,-0.031534503232616445,-0.05274025638819572,-0.07846829880728186,-0.09725980223348257,-0.11234732132059505
2024-12-20,36.2,36.45,34.7,34.7,34.7,6505,-3.3561452487382604,-3.347571082909548,-3.428896880971207,-3.4391833363520963,-3.4391833363520963,-0.04117159436308358,-0.0720684583500468,-0.0947038872945474,-0.1188979876848855,-0.13917142148350284,-0.15296989422294546
2024-12-23,34.65,35.8,34.65,35.25,35.25,6505,-3.4547214789952516,-3.38835873957764,-3.4321085230477073,-3.4043407200247255,-3.4043407200247255,-0.017284638974073167,-0.04755471494190772,-0.07204282204282217,-0.0949354900828039,-0.11738194201011573,-0.1322364911992778
2024-12-24,35.5,36.1,35.25,35.35,35.35,6505,-3.400663546273676,-3.3695336672692897,-3.393568818129708,-3.398005698874294,-3.398005698874294,-0.00980392156862749,-0.034021041125836794,-0.06017369727047151,-0.08265213442325164,-0.10669160012129791,-0.12297386701951696
2024-12-25,35.65,35.8,35.1,35.3,35.3,6505,-3.3911239110875155,-3.38835873957764,-3.403203744359208,-3.40117320944951,-3.40117320944951,-0.004512126339537412,-0.025265773850614365,-0.05319624497094325,-0.07555322770721501,-0.09994900560938301,-0.11779406864378553
2024-12-26,35.4,35.7,35.0,35.05,35.05,6505,-3.4070233030644497,-3.394633763680423,-3.4096270285122077,-3.417010762325588,-3.417010762325588,-0.0022772559066326615,-0.02422048997772841,-0.052019473494410357,-0.07373150105708244,-0.09864732808722931,-0.11786912751677861
2024-12-27,34.7,35.15,34.55,35.0,35.0,6505,-3.4515416005998647,-3.429146396245732,-3.4385318072007074,-3.4201782729008032,-3.4201782729008032,-0.005399261153736793,-0.019333146539647093,-0.045280960174577105,-0.06778532427753367,-0.09194686591946859,-0.11295091661738625
2024-12-30,35.3,35.3,34.55,34.6,34.6,6505,-3.4133830598552235,-3.419733860091557,-3.4385318072007074,-3.4455183575025274,-3.4455183575025274,-0.013120365088419675,-0.024390243902438883,-0.04840484048404835,-0.07126560193262652,-0.09352894943673042,-0.11565495207667728
2024-12-31,34.5,34.65,34.1,34.55,34.55,6505,-3.4642611141814124,-3.460521516759649,-3.4674365858892062,-3.4486858680777432,-3.4486858680777432,-0.01002865329512898,-0.021246458923512748,-0.041076880377463335,-0.06457289833491282,-0.08617223867964459,-0.1093830555078192
